model,stem,cls,conf,rel_area,best_iou,kind
YOLO11n,China_Drone__China_Drone_000008,D10,0.6482,0.172487,0.6701,TP
YOLO11n,China_Drone__China_Drone_000008,D10,0.3098,0.244461,0.4728,FP_localization
YOLO11n,China_Drone__China_Drone_000017,D10,0.538,0.014362,0.7774,TP
YOLO11n,China_Drone__China_Drone_000032,D10,0.4776,0.012615,0.8279,TP
YOLO11n,China_Drone__China_Drone_000038,D00,0.352,0.102117,0.3322,FP_localization
YOLO11n,China_Drone__China_Drone_000046,D00,0.2547,0.025022,0.8365,TP
YOLO11n,China_Drone__China_Drone_000051,D00,0.41,0.015003,0.0,FP_background
YOLO11n,China_Drone__China_Drone_000051,D10,0.395,0.086258,0.8815,TP
YOLO11n,China_Drone__China_Drone_000054,D10,0.5694,0.050625,0.8621,TP
YOLO11n,China_Drone__China_Drone_000069,D10,0.259,0.024225,0.7857,TP
YOLO11n,China_Drone__China_Drone_000075,D10,0.2452,0.004901,0.6926,TP
YOLO11n,China_Drone__China_Drone_000079,D10,0.3545,0.013802,0.8223,TP
YOLO11n,China_Drone__China_Drone_000079,D00,0.3458,0.187857,0.613,TP
YOLO11n,China_Drone__China_Drone_000082,D10,0.3146,0.008804,0.4013,FP_localization
YOLO11n,China_Drone__China_Drone_000082,D10,0.276,0.010167,0.6919,TP
YOLO11n,China_Drone__China_Drone_000082,D10,0.2649,0.003629,0.0,FP_background
YOLO11n,China_Drone__China_Drone_000082,D00,0.2375,0.01898,0.0,FP_background
YOLO11n,China_Drone__China_Drone_000092,D00,0.3792,0.024248,0.6578,TP
YOLO11n,China_Drone__China_Drone_000092,D00,0.3312,0.063068,0.2746,FP_localization
YOLO11n,China_Drone__China_Drone_000092,D00,0.3127,0.028707,0.605,TP
YOLO11n,China_Drone__China_Drone_000092,D00,0.2545,0.017504,0.4079,FP_localization
YOLO11n,China_Drone__China_Drone_000093,D00,0.3321,0.022685,0.8553,TP
YOLO11n,China_Drone__China_Drone_000093,D00,0.2482,0.01057,0.3713,FP_localization
YOLO11n,China_Drone__China_Drone_000093,D00,0.246,0.013791,0.5331,FP_duplicate
YOLO11n,China_Drone__China_Drone_000095,D00,0.4071,0.00803,0.0,FP_background
YOLO11n,China_Drone__China_Drone_000095,D10,0.2934,0.013039,0.4476,FP_localization
YOLO11n,China_Drone__China_Drone_000102,D10,0.6449,0.012302,0.8846,TP
YOLO11n,China_Drone__China_Drone_000113,D00,0.5026,0.0264,0.7473,TP
YOLO11n,China_Drone__China_Drone_000113,D10,0.4965,0.017983,0.8136,TP
YOLO11n,China_Drone__China_Drone_000113,D00,0.3813,0.05625,0.7726,TP
YOLO11n,China_Drone__China_Drone_000135,D10,0.7455,0.131801,0.835,TP
YOLO11n,China_Drone__China_Drone_000135,D10,0.2322,0.1821,0.6097,FP_duplicate
YOLO11n,China_Drone__China_Drone_000140,D10,0.513,0.012536,0.7314,TP
YOLO11n,China_Drone__China_Drone_000179,D10,0.6516,0.013695,0.7667,TP
YOLO11n,China_Drone__China_Drone_000180,D00,0.236,0.100604,0.8436,TP
YOLO11n,China_Drone__China_Drone_000184,D10,0.4673,0.023851,0.7179,TP
YOLO11n,China_Drone__China_Drone_000184,D00,0.4077,0.016453,0.4412,FP_localization
YOLO11n,China_Drone__China_Drone_000184,D10,0.3887,0.004629,0.5686,TP
YOLO11n,China_Drone__China_Drone_000184,D00,0.2751,0.038145,0.7415,TP
YOLO11n,China_Drone__China_Drone_000194,D20,0.2751,0.515577,0.7858,TP
YOLO11n,China_Drone__China_Drone_000207,D20,0.3574,0.532771,0.5138,TP
YOLO11n,China_Drone__China_Drone_000247,D00,0.5069,0.416386,0.6644,TP
YOLO11n,China_Drone__China_Drone_000247,D00,0.4851,0.356241,0.5225,FP_duplicate
YOLO11n,China_Drone__China_Drone_000247,D00,0.3369,0.066651,0.1075,FP_localization
YOLO11n,China_Drone__China_Drone_000247,D00,0.2623,0.463641,0.7902,FP_duplicate
YOLO11n,China_Drone__China_Drone_000250,D00,0.3652,0.037909,0.0,FP_background
YOLO11n,China_Drone__China_Drone_000254,D00,0.5063,0.066345,0.722,TP
YOLO11n,China_Drone__China_Drone_000254,D00,0.2784,0.170764,0.2359,FP_localization
YOLO11n,China_Drone__China_Drone_000264,D00,0.547,0.009932,0.8773,TP
YOLO11n,China_Drone__China_Drone_000287,D00,0.3534,0.071345,0.8438,TP
YOLO11n,China_Drone__China_Drone_000299,D10,0.481,0.037016,0.9079,TP
YOLO11n,China_Drone__China_Drone_000300,D00,0.6331,0.076187,0.9259,TP
YOLO11n,China_Drone__China_Drone_000317,D10,0.4351,0.022111,0.4139,FP_localization
YOLO11n,China_Drone__China_Drone_000317,D10,0.4256,0.003757,0.5813,TP
YOLO11n,China_Drone__China_Drone_000317,D10,0.4238,0.010203,0.7436,TP
YOLO11n,China_Drone__China_Drone_000317,D10,0.2498,0.006053,0.6233,FP_duplicate
YOLO11n,China_Drone__China_Drone_000318,D00,0.595,0.02908,0.8003,TP
YOLO11n,China_Drone__China_Drone_000360,D00,0.4766,0.027568,0.5181,TP
YOLO11n,China_Drone__China_Drone_000363,D00,0.2551,0.396203,0.9097,FP_classification
YOLO11n,China_Drone__China_Drone_000392,D10,0.4434,0.087688,0.5607,TP
YOLO11n,China_Drone__China_Drone_000392,D00,0.4427,0.073179,0.4945,FP_localization
YOLO11n,China_Drone__China_Drone_000392,D10,0.3084,0.055342,0.7159,FP_duplicate
YOLO11n,China_Drone__China_Drone_000392,D10,0.3049,0.015326,0.7239,TP
YOLO11n,China_Drone__China_Drone_000392,D10,0.2724,0.060365,0.6445,FP_duplicate
YOLO11n,China_Drone__China_Drone_000396,D00,0.2361,0.014254,0.0,FP_background
YOLO11n,China_Drone__China_Drone_000404,D40,0.4217,0.021739,0.6854,TP
YOLO11n,China_Drone__China_Drone_000404,D40,0.2397,0.013734,0.8469,FP_duplicate
YOLO11n,China_Drone__China_Drone_000405,D00,0.8188,0.150134,0.7766,TP
YOLO11n,China_Drone__China_Drone_000406,D00,0.3331,0.036452,0.7039,TP
YOLO11n,China_Drone__China_Drone_000410,D00,0.3979,0.007959,0.0,FP_background
YOLO11n,China_Drone__China_Drone_000410,D00,0.2537,0.024589,0.6907,TP
YOLO11n,China_Drone__China_Drone_000411,D10,0.4901,0.021014,0.4669,FP_localization
YOLO11n,China_Drone__China_Drone_000411,D00,0.3971,0.012343,0.7923,TP
YOLO11n,China_Drone__China_Drone_000416,D10,0.4549,0.00217,0.7647,TP
YOLO11n,China_Drone__China_Drone_000416,D10,0.4269,0.03694,0.8458,TP
YOLO11n,China_Drone__China_Drone_000416,D10,0.2845,0.016316,0.5063,FP_duplicate
YOLO11n,China_Drone__China_Drone_000429,D10,0.5751,0.0164,0.8875,TP
YOLO11n,China_Drone__China_Drone_000429,D00,0.3468,0.009874,0.8831,TP
YOLO11n,China_Drone__China_Drone_000430,D10,0.284,0.011484,0.6129,TP
YOLO11n,China_Drone__China_Drone_000431,D10,0.5849,0.058042,0.8959,TP
YOLO11n,China_Drone__China_Drone_000440,D00,0.4837,0.05075,0.8555,TP
YOLO11n,China_Drone__China_Drone_000442,D10,0.3512,0.011292,0.8169,TP
YOLO11n,China_Drone__China_Drone_000454,D10,0.4131,0.043057,0.7947,TP
YOLO11n,China_Drone__China_Drone_000454,D10,0.2999,0.014151,0.3717,FP_localization
YOLO11n,China_Drone__China_Drone_000471,D00,0.2777,0.016881,0.7499,TP
YOLO11n,China_Drone__China_Drone_000481,D00,0.3381,0.01797,0.9582,TP
YOLO11n,China_Drone__China_Drone_000488,D10,0.2542,0.145876,0.0,FP_background
YOLO11n,China_Drone__China_Drone_000503,D40,0.3326,0.005268,0.8212,TP
YOLO11n,China_Drone__China_Drone_000515,D00,0.492,0.192223,0.421,FP_background
YOLO11n,China_Drone__China_Drone_000563,D10,0.4089,0.019908,0.7174,TP
YOLO11n,China_Drone__China_Drone_000589,D00,0.319,0.118811,0.5103,TP
YOLO11n,China_Drone__China_Drone_000595,D10,0.4141,0.123875,0.6407,TP
YOLO11n,China_Drone__China_Drone_000595,D10,0.3401,0.082211,0.5707,FP_duplicate
YOLO11n,China_Drone__China_Drone_000595,D10,0.3138,0.109864,0.8625,FP_duplicate
YOLO11n,China_Drone__China_Drone_000598,D10,0.4725,0.01935,0.0,FP_background
YOLO11n,China_Drone__China_Drone_000598,D10,0.2749,0.023473,0.0,FP_background
YOLO11n,China_Drone__China_Drone_000605,D10,0.6614,0.25089,0.825,TP
YOLO11n,China_Drone__China_Drone_000615,D00,0.4495,0.069472,0.3108,FP_localization
YOLO11n,China_Drone__China_Drone_000615,D00,0.2997,0.01704,0.8159,TP
YOLO11n,China_Drone__China_Drone_000615,D00,0.2907,0.007845,0.5891,TP
YOLO11n,China_Drone__China_Drone_000615,D00,0.2588,0.025884,0.8348,TP
YOLO11n,China_Drone__China_Drone_000615,D00,0.2288,0.043582,0.4835,FP_localization
YOLO11n,China_Drone__China_Drone_000620,D10,0.4554,0.064277,0.4987,FP_localization
YOLO11n,China_Drone__China_Drone_000620,D10,0.3981,0.037138,0.3425,FP_localization
YOLO11n,China_Drone__China_Drone_000622,D10,0.551,0.04914,0.7029,TP
YOLO11n,China_Drone__China_Drone_000634,D00,0.6028,0.032137,0.7318,TP
YOLO11n,China_Drone__China_Drone_000640,D20,0.2794,0.270095,0.3318,FP_localization
YOLO11n,China_Drone__China_Drone_000648,D00,0.2388,0.017422,0.7909,TP
YOLO11n,China_Drone__China_Drone_000650,D10,0.6297,0.094845,0.8773,TP
YOLO11n,China_Drone__China_Drone_000656,D00,0.5645,0.0429,0.5809,TP
YOLO11n,China_Drone__China_Drone_000656,D00,0.4986,0.073256,0.9765,FP_duplicate
YOLO11n,China_Drone__China_Drone_000662,D10,0.4903,0.044807,0.7795,TP
YOLO11n,China_Drone__China_Drone_000695,D40,0.7304,0.0114,0.7697,TP
YOLO11n,China_Drone__China_Drone_000695,D20,0.2655,0.028857,0.7284,TP
YOLO11n,China_Drone__China_Drone_000708,D00,0.6309,0.072489,0.7743,TP
YOLO11n,China_Drone__China_Drone_000708,D00,0.4207,0.044815,0.5266,FP_duplicate
YOLO11n,China_Drone__China_Drone_000708,D00,0.2935,0.046186,0.6806,FP_classification
YOLO11n,China_Drone__China_Drone_000711,D00,0.5071,0.01277,0.9171,TP
YOLO11n,China_Drone__China_Drone_000711,D10,0.2779,0.014615,0.7169,TP
YOLO11n,China_Drone__China_Drone_000715,D10,0.5369,0.047355,0.3846,FP_localization
YOLO11n,China_Drone__China_Drone_000715,D10,0.2405,0.02239,0.8134,TP
YOLO11n,China_Drone__China_Drone_000733,D00,0.482,0.096683,0.664,TP
YOLO11n,China_Drone__China_Drone_000733,D00,0.3183,0.021077,0.2974,FP_localization
YOLO11n,China_Drone__China_Drone_000733,D00,0.3003,0.068429,0.6705,FP_duplicate
YOLO11n,China_Drone__China_Drone_000733,D00,0.2595,0.030992,0.3685,FP_localization
YOLO11n,China_Drone__China_Drone_000733,D00,0.2331,0.066303,0.6944,FP_duplicate
YOLO11n,China_Drone__China_Drone_000738,D10,0.7773,0.00279,0.8457,TP
YOLO11n,China_Drone__China_Drone_000738,D10,0.5232,0.010112,0.3482,FP_localization
YOLO11n,China_Drone__China_Drone_000745,D10,0.4233,0.048302,0.7043,TP
YOLO11n,China_Drone__China_Drone_000745,D10,0.4097,0.030377,0.8117,FP_duplicate
YOLO11n,China_Drone__China_Drone_000745,D10,0.4068,0.019182,0.0,FP_background
YOLO11n,China_Drone__China_Drone_000759,D00,0.5539,0.023752,0.1981,FP_localization
YOLO11n,China_Drone__China_Drone_000759,D00,0.2858,0.01636,0.1442,FP_localization
YOLO11n,China_Drone__China_Drone_000759,D00,0.2792,0.115614,0.7853,TP
YOLO11n,China_Drone__China_Drone_000762,D40,0.2343,0.034755,0.0,FP_background
YOLO11n,China_Drone__China_Drone_000763,D00,0.5078,0.046483,0.6206,TP
YOLO11n,China_Drone__China_Drone_000763,D00,0.4798,0.026696,0.3765,FP_localization
YOLO11n,China_Drone__China_Drone_000767,D10,0.6612,0.106734,0.8837,TP
YOLO11n,China_Drone__China_Drone_000768,D00,0.5289,0.092152,0.8632,TP
YOLO11n,China_Drone__China_Drone_000802,D10,0.3718,0.0273,0.8779,TP
YOLO11n,China_Drone__China_Drone_000808,D10,0.6245,0.10635,0.8082,TP
YOLO11n,China_Drone__China_Drone_000826,D00,0.4003,0.036044,0.778,TP
YOLO11n,China_Drone__China_Drone_000831,D10,0.2599,0.104205,0.4293,FP_localization
YOLO11n,China_Drone__China_Drone_000831,D00,0.2351,0.086155,0.5192,FP_classification
YOLO11n,China_Drone__China_Drone_000853,D10,0.4125,0.008418,0.3898,FP_localization
YOLO11n,China_Drone__China_Drone_000853,D10,0.394,0.021179,0.7616,TP
YOLO11n,China_Drone__China_Drone_000853,D10,0.2516,0.013614,0.656,FP_duplicate
YOLO11n,China_Drone__China_Drone_000865,D00,0.4829,0.021797,0.7722,TP
YOLO11n,China_Drone__China_Drone_000865,D00,0.3351,0.007609,0.7495,TP
YOLO11n,China_Drone__China_Drone_000866,D10,0.4709,0.005034,0.0,FP_background
YOLO11n,China_Drone__China_Drone_000866,D10,0.4289,0.003953,0.8339,TP
YOLO11n,China_Drone__China_Drone_000866,D10,0.2673,0.004363,0.0,FP_background
YOLO11n,China_Drone__China_Drone_000866,D10,0.2663,0.004666,0.0,FP_background
YOLO11n,China_Drone__China_Drone_000867,D00,0.5473,0.019587,0.9289,TP
YOLO11n,China_Drone__China_Drone_000867,D00,0.5121,0.006224,0.0343,FP_background
YOLO11n,China_Drone__China_Drone_000867,D00,0.3751,0.021514,0.6748,TP
YOLO11n,China_Drone__China_Drone_000867,D10,0.2766,0.01583,0.8688,TP
YOLO11n,China_Drone__China_Drone_000867,D00,0.2615,0.044522,0.0,FP_background
YOLO11n,China_Drone__China_Drone_000871,D20,0.2909,0.134626,0.5489,TP
YOLO11n,China_Drone__China_Drone_000881,D00,0.3835,0.041699,0.691,TP
YOLO11n,China_Drone__China_Drone_000881,D00,0.327,0.026368,0.8436,FP_duplicate
YOLO11n,China_Drone__China_Drone_000889,D00,0.3972,0.064942,0.8704,TP
YOLO11n,China_Drone__China_Drone_000906,D10,0.7488,0.053951,0.9042,TP
YOLO11n,China_Drone__China_Drone_000919,D00,0.3851,0.007704,0.7622,TP
YOLO11n,China_Drone__China_Drone_000932,D00,0.5102,0.030332,0.7824,TP
YOLO11n,China_Drone__China_Drone_000932,D00,0.4925,0.018719,0.6833,FP_duplicate
YOLO11n,China_Drone__China_Drone_000932,D00,0.4149,0.016728,0.0858,FP_background
YOLO11n,China_Drone__China_Drone_000932,D10,0.4065,0.010744,0.0,FP_background
YOLO11n,China_Drone__China_Drone_000932,D00,0.3895,0.030939,0.2943,FP_background
YOLO11n,China_Drone__China_Drone_000932,D10,0.2318,0.004025,0.0105,FP_background
YOLO11n,China_Drone__China_Drone_000945,D10,0.2996,0.008401,0.3773,FP_localization
YOLO11n,China_Drone__China_Drone_000945,D10,0.2726,0.003576,0.9115,TP
YOLO11n,China_Drone__China_Drone_000947,D20,0.6751,0.266601,0.8008,TP
YOLO11n,China_Drone__China_Drone_000976,D00,0.5725,0.01171,0.0,FP_background
YOLO11n,China_Drone__China_Drone_000976,D00,0.3454,0.030364,0.0,FP_background
YOLO11n,China_Drone__China_Drone_000976,D00,0.2495,0.028276,0.0,FP_background
YOLO11n,China_Drone__China_Drone_000976,D00,0.238,0.018259,0.0,FP_background
YOLO11n,China_Drone__China_Drone_000980,D00,0.5475,0.092387,0.8315,TP
YOLO11n,China_Drone__China_Drone_000980,D00,0.5203,0.090734,0.8153,FP_duplicate
YOLO11n,China_Drone__China_Drone_000980,D00,0.3249,0.057387,0.5165,FP_duplicate
YOLO11n,China_Drone__China_Drone_000980,D00,0.2727,0.026932,0.2409,FP_localization
YOLO11n,China_Drone__China_Drone_000993,D00,0.3427,0.123241,0.6269,TP
YOLO11n,China_Drone__China_Drone_000994,D00,0.306,0.018683,0.0,FP_background
YOLO11n,China_Drone__China_Drone_000995,D00,0.4375,0.029437,0.7714,TP
YOLO11n,China_Drone__China_Drone_000996,D10,0.3505,0.058204,0.0,FP_background
YOLO11n,China_Drone__China_Drone_001018,D20,0.4277,0.13255,0.6652,TP
YOLO11n,China_Drone__China_Drone_001018,D20,0.2669,0.091834,0.6164,FP_duplicate
YOLO11n,China_Drone__China_Drone_001024,D00,0.6093,0.314062,0.8652,TP
YOLO11n,China_Drone__China_Drone_001024,D00,0.3868,0.02813,0.8443,TP
YOLO11n,China_Drone__China_Drone_001024,D00,0.3856,0.028436,0.081,FP_background
YOLO11n,China_Drone__China_Drone_001024,D00,0.3533,0.078047,0.2022,FP_localization
YOLO11n,China_Drone__China_Drone_001024,D00,0.3409,0.218224,0.1691,FP_localization
YOLO11n,China_Drone__China_Drone_001040,D10,0.6226,0.017759,0.7194,TP
YOLO11n,China_Drone__China_Drone_001040,D10,0.4716,0.029762,0.749,TP
YOLO11n,China_Drone__China_Drone_001040,D00,0.3191,0.013911,0.8388,TP
YOLO11n,China_Drone__China_Drone_001040,D10,0.2664,0.006809,0.7164,TP
YOLO11n,China_Drone__China_Drone_001040,D10,0.2462,0.004334,0.0103,FP_background
YOLO11n,China_Drone__China_Drone_001043,D10,0.5006,0.007029,0.8642,TP
YOLO11n,China_Drone__China_Drone_001043,D10,0.242,0.010249,0.6417,FP_duplicate
YOLO11n,China_Drone__China_Drone_001048,D00,0.5212,0.077686,0.8226,TP
YOLO11n,China_Drone__China_Drone_001048,D00,0.3776,0.028853,0.4204,FP_localization
YOLO11n,China_Drone__China_Drone_001067,D10,0.486,0.039234,0.9136,TP
YOLO11n,China_Drone__China_Drone_001067,D10,0.3264,0.02495,0.5884,FP_duplicate
YOLO11n,China_Drone__China_Drone_001067,D40,0.3257,0.013112,0.824,TP
YOLO11n,China_Drone__China_Drone_001069,D10,0.3817,0.006734,0.8453,TP
YOLO11n,China_Drone__China_Drone_001081,D00,0.56,0.075782,0.5798,TP
YOLO11n,China_Drone__China_Drone_001081,D00,0.3791,0.077956,0.8593,FP_duplicate
YOLO11n,China_Drone__China_Drone_001081,D00,0.2401,0.064579,0.7084,FP_duplicate
YOLO11n,China_Drone__China_Drone_001104,D00,0.4279,0.020476,0.7708,TP
YOLO11n,China_Drone__China_Drone_001104,D00,0.3239,0.03368,0.355,FP_localization
YOLO11n,China_Drone__China_Drone_001108,D00,0.351,0.047166,0.0,FP_background
YOLO11n,China_Drone__China_Drone_001129,D10,0.3698,0.030164,0.7507,TP
YOLO11n,China_Drone__China_Drone_001129,D10,0.3094,0.008125,0.5444,TP
YOLO11n,China_Drone__China_Drone_001136,D10,0.7296,0.122488,0.8106,TP
YOLO11n,China_Drone__China_Drone_001141,D20,0.3991,0.496002,0.8035,TP
YOLO11n,China_Drone__China_Drone_001152,D00,0.6677,0.033109,0.8182,TP
YOLO11n,China_Drone__China_Drone_001152,D00,0.4848,0.04381,0.7163,TP
YOLO11n,China_Drone__China_Drone_001157,D10,0.6777,0.231156,0.7755,TP
YOLO11n,China_Drone__China_Drone_001157,D10,0.3323,0.155562,0.6434,FP_duplicate
YOLO11n,China_Drone__China_Drone_001159,D10,0.4832,0.012717,0.7483,TP
YOLO11n,China_Drone__China_Drone_001159,D10,0.2342,0.024151,0.4774,FP_localization
YOLO11n,China_Drone__China_Drone_001166,D10,0.3831,0.012704,0.5766,TP
YOLO11n,China_Drone__China_Drone_001190,D00,0.5245,0.024392,0.8797,TP
YOLO11n,China_Drone__China_Drone_001200,D10,0.5284,0.11571,0.8309,TP
YOLO11n,China_Drone__China_Drone_001200,D10,0.2381,0.093801,0.5553,FP_duplicate
YOLO11n,China_Drone__China_Drone_001217,D10,0.7086,0.044263,0.9209,TP
YOLO11n,China_Drone__China_Drone_001229,D00,0.705,0.154039,0.6942,TP
YOLO11n,China_Drone__China_Drone_001246,D10,0.3934,0.008757,0.3962,FP_localization
YOLO11n,China_Drone__China_Drone_001246,D10,0.3845,0.024132,0.6776,TP
YOLO11n,China_Drone__China_Drone_001246,D10,0.3356,0.003784,0.872,TP
YOLO11n,China_Drone__China_Drone_001246,D10,0.2859,0.008571,0.4295,FP_localization
YOLO11n,China_Drone__China_Drone_001246,D00,0.2582,0.018878,0.0,FP_background
YOLO11n,China_Drone__China_Drone_001246,D10,0.2496,0.003414,0.0,FP_background
YOLO11n,China_Drone__China_Drone_001247,D10,0.5287,0.134836,0.7066,TP
YOLO11n,China_Drone__China_Drone_001250,D10,0.4639,0.013913,0.8093,TP
YOLO11n,China_Drone__China_Drone_001263,D10,0.5835,0.18415,0.7172,FP_classification
YOLO11n,China_Drone__China_Drone_001263,D00,0.5037,0.024482,0.401,FP_localization
YOLO11n,China_Drone__China_Drone_001263,D00,0.4675,0.083722,0.6059,TP
YOLO11n,China_Drone__China_Drone_001263,D00,0.4478,0.011888,0.7926,TP
YOLO11n,China_Drone__China_Drone_001263,D00,0.2772,0.138597,0.3759,FP_localization
YOLO11n,China_Drone__China_Drone_001263,D00,0.2381,0.108366,0.4918,FP_localization
YOLO11n,China_Drone__China_Drone_001271,D10,0.3132,0.015603,0.8094,TP
YOLO11n,China_Drone__China_Drone_001272,D10,0.615,0.22061,0.8216,TP
YOLO11n,China_Drone__China_Drone_001272,D10,0.433,0.132915,0.5406,FP_duplicate
YOLO11n,China_Drone__China_Drone_001305,D00,0.3592,0.042818,0.0,FP_background
YOLO11n,China_Drone__China_Drone_001317,D10,0.574,0.124858,0.7536,TP
YOLO11n,China_Drone__China_Drone_001317,D10,0.5029,0.032026,0.233,FP_localization
YOLO11n,China_Drone__China_Drone_001317,D20,0.2754,0.012316,0.4637,FP_background
YOLO11n,China_Drone__China_Drone_001356,D10,0.3887,0.025989,0.3591,FP_localization
YOLO11n,China_Drone__China_Drone_001367,D00,0.2955,0.129426,0.6412,TP
YOLO11n,China_Drone__China_Drone_001367,D10,0.2357,0.025173,0.1586,FP_background
YOLO11n,China_Drone__China_Drone_001374,D10,0.54,0.047707,0.8055,TP
YOLO11n,China_Drone__China_Drone_001374,D00,0.3328,0.108036,0.011,FP_background
YOLO11n,China_Drone__China_Drone_001380,D00,0.4917,0.301286,0.4034,FP_localization
YOLO11n,China_Drone__China_Drone_001382,D00,0.3851,0.106539,0.7308,TP
YOLO11n,China_Drone__China_Drone_001382,D00,0.377,0.162996,0.4973,FP_localization
YOLO11n,China_Drone__China_Drone_001382,D00,0.2504,0.022828,0.6445,TP
YOLO11n,China_Drone__China_Drone_001382,D20,0.2288,0.207078,0.3171,FP_background
YOLO11n,China_Drone__China_Drone_001424,D10,0.5647,0.03032,0.6939,TP
YOLO11n,China_Drone__China_Drone_001433,D10,0.5489,0.013326,0.7622,TP
YOLO11n,China_Drone__China_Drone_001433,D00,0.2746,0.011882,0.28,FP_localization
YOLO11n,China_Drone__China_Drone_001452,D10,0.773,0.072912,0.5671,TP
YOLO11n,China_Drone__China_Drone_001477,D00,0.3732,0.017751,0.8273,TP
YOLO11n,China_Drone__China_Drone_001478,D00,0.4138,0.017864,0.7365,TP
YOLO11n,China_Drone__China_Drone_001478,D00,0.354,0.009181,0.0,FP_background
YOLO11n,China_Drone__China_Drone_001479,D10,0.5301,0.022388,0.7881,TP
YOLO11n,China_Drone__China_Drone_001479,D00,0.4811,0.023214,0.5909,TP
YOLO11n,China_Drone__China_Drone_001479,D00,0.4732,0.041899,0.8013,FP_duplicate
YOLO11n,China_Drone__China_Drone_001479,D10,0.3359,0.033871,0.7125,TP
YOLO11n,China_Drone__China_Drone_001479,D10,0.2847,0.09231,0.2658,FP_localization
YOLO11n,China_Drone__China_Drone_001489,D00,0.3062,0.017445,0.6482,TP
YOLO11n,China_Drone__China_Drone_001493,D10,0.5393,0.038034,0.7975,TP
YOLO11n,China_Drone__China_Drone_001502,D00,0.2388,0.01869,0.9428,TP
YOLO11n,China_Drone__China_Drone_001503,D00,0.2841,0.289771,0.2197,FP_localization
YOLO11n,China_Drone__China_Drone_001511,D20,0.4954,0.028601,0.5751,FP_classification
YOLO11n,China_Drone__China_Drone_001511,D10,0.388,0.005245,0.0,FP_background
YOLO11n,China_Drone__China_Drone_001521,D00,0.5793,0.033601,0.1413,FP_localization
YOLO11n,China_Drone__China_Drone_001521,D00,0.4595,0.073207,0.2931,FP_localization
YOLO11n,China_Drone__China_Drone_001521,D00,0.305,0.053974,0.2267,FP_localization
YOLO11n,China_Drone__China_Drone_001521,D00,0.2443,0.205046,0.859,TP
YOLO11n,China_Drone__China_Drone_001526,D20,0.3646,0.03913,0.6507,TP
YOLO11n,China_Drone__China_Drone_001530,D00,0.2814,0.13004,0.0,FP_background
YOLO11n,China_Drone__China_Drone_001540,D00,0.2346,0.042368,0.4795,FP_localization
YOLO11n,China_Drone__China_Drone_001546,D00,0.4468,0.026504,0.8427,TP
YOLO11n,China_Drone__China_Drone_001566,D00,0.3386,0.082206,0.5509,TP
YOLO11n,China_Drone__China_Drone_001566,D00,0.3018,0.052314,0.8657,FP_duplicate
YOLO11n,China_Drone__China_Drone_001591,D10,0.3386,0.028752,0.7481,TP
YOLO11n,China_Drone__China_Drone_001591,D10,0.3286,0.009494,0.6611,TP
YOLO11n,China_Drone__China_Drone_001592,D10,0.2339,0.079654,0.3291,FP_background
YOLO11n,China_Drone__China_Drone_001608,D00,0.554,0.013612,0.7387,TP
YOLO11n,China_Drone__China_Drone_001608,D00,0.388,0.061999,0.6906,TP
YOLO11n,China_Drone__China_Drone_001608,D10,0.371,0.015988,0.7663,TP
YOLO11n,China_Drone__China_Drone_001608,D00,0.2793,0.026725,0.3949,FP_localization
YOLO11n,China_Drone__China_Drone_001632,D10,0.3184,0.095523,0.3168,FP_localization
YOLO11n,China_Drone__China_Drone_001632,D00,0.269,0.024389,0.8481,TP
YOLO11n,China_Drone__China_Drone_001653,D00,0.5793,0.077446,0.5994,TP
YOLO11n,China_Drone__China_Drone_001653,D00,0.5493,0.097977,0.0,FP_background
YOLO11n,China_Drone__China_Drone_001653,D00,0.5312,0.043042,0.8508,FP_duplicate
YOLO11n,China_Drone__China_Drone_001653,D00,0.4975,0.086845,0.6146,TP
YOLO11n,China_Drone__China_Drone_001653,D00,0.3457,0.079592,0.0,FP_background
YOLO11n,China_Drone__China_Drone_001653,D00,0.3268,0.018856,0.0,FP_background
YOLO11n,China_Drone__China_Drone_001653,D00,0.322,0.081681,0.4937,FP_localization
YOLO11n,China_Drone__China_Drone_001653,D00,0.2651,0.025042,0.0,FP_background
YOLO11n,China_Drone__China_Drone_001672,D00,0.56,0.044619,0.7373,TP
YOLO11n,China_Drone__China_Drone_001672,D00,0.3039,0.06591,0.4933,FP_localization
YOLO11n,China_Drone__China_Drone_001686,D10,0.4565,0.008596,0.4682,FP_localization
YOLO11n,China_Drone__China_Drone_001686,D10,0.4358,0.016518,0.6965,TP
YOLO11n,China_Drone__China_Drone_001692,D00,0.5323,0.087665,0.8572,TP
YOLO11n,China_Drone__China_Drone_001693,D10,0.4709,0.014181,0.7234,TP
YOLO11n,China_Drone__China_Drone_001713,D10,0.368,0.00552,0.8755,TP
YOLO11n,China_Drone__China_Drone_001727,D10,0.5289,0.004054,0.8601,TP
YOLO11n,China_Drone__China_Drone_001727,D10,0.3872,0.011161,0.5324,TP
YOLO11n,China_Drone__China_Drone_001731,D00,0.2813,0.073189,0.6028,TP
YOLO11n,China_Drone__China_Drone_001749,D10,0.4635,0.025434,0.0,FP_background
YOLO11n,China_Drone__China_Drone_001757,D00,0.467,0.248987,0.3039,FP_localization
YOLO11n,China_Drone__China_Drone_001760,D10,0.4522,0.106565,0.7805,TP
YOLO11n,China_Drone__China_Drone_001760,D00,0.2514,0.015381,0.0,FP_background
YOLO11n,China_Drone__China_Drone_001765,D10,0.5471,0.01513,0.6228,TP
YOLO11n,China_Drone__China_Drone_001765,D00,0.4801,0.006327,0.7723,TP
YOLO11n,China_Drone__China_Drone_001777,D10,0.4521,0.064676,0.8405,TP
YOLO11n,China_Drone__China_Drone_001777,D10,0.2842,0.067403,0.4873,FP_localization
YOLO11n,China_Drone__China_Drone_001795,D10,0.5205,0.023437,0.6895,TP
YOLO11n,China_Drone__China_Drone_001809,D10,0.4092,0.012899,0.7681,TP
YOLO11n,China_Drone__China_Drone_001827,D00,0.5012,0.117892,0.5074,TP
YOLO11n,China_Drone__China_Drone_001827,D10,0.2435,0.02294,0.5196,TP
YOLO11n,China_Drone__China_Drone_001831,D20,0.5217,0.081967,0.6059,TP
YOLO11n,China_Drone__China_Drone_001832,D10,0.4118,0.022737,0.4452,FP_localization
YOLO11n,China_Drone__China_Drone_001832,D10,0.2516,0.003178,0.7001,TP
YOLO11n,China_Drone__China_Drone_001836,D10,0.3916,0.191146,0.2545,FP_localization
YOLO11n,China_Drone__China_Drone_001836,D10,0.3832,0.042556,0.7922,TP
YOLO11n,China_Drone__China_Drone_001837,D00,0.3947,0.023824,0.7442,TP
YOLO11n,China_Drone__China_Drone_001837,D00,0.3803,0.055754,0.2792,FP_localization
YOLO11n,China_Drone__China_Drone_001837,D10,0.3493,0.014529,0.3079,FP_localization
YOLO11n,China_Drone__China_Drone_001837,D00,0.3162,0.034069,0.4568,FP_localization
YOLO11n,China_Drone__China_Drone_001838,D10,0.513,0.169608,0.8991,TP
YOLO11n,China_Drone__China_Drone_001838,D10,0.3404,0.116436,0.7561,FP_duplicate
YOLO11n,China_Drone__China_Drone_001851,D20,0.2737,0.081481,0.0,FP_background
YOLO11n,China_Drone__China_Drone_001851,D40,0.24,0.063113,0.0,FP_background
YOLO11n,China_Drone__China_Drone_001852,D00,0.3093,0.009815,0.3075,FP_background
YOLO11n,China_Drone__China_Drone_001892,D10,0.4502,0.011635,0.6866,TP
YOLO11n,China_Drone__China_Drone_001892,D10,0.3347,0.007927,0.4556,FP_localization
YOLO11n,China_Drone__China_Drone_001892,D00,0.2992,0.012651,0.0168,FP_background
YOLO11n,China_Drone__China_Drone_001905,D00,0.5879,0.030681,0.6689,TP
YOLO11n,China_Drone__China_Drone_001905,D00,0.2635,0.024705,0.5534,TP
YOLO11n,China_Drone__China_Drone_001905,D10,0.2519,0.018418,0.4466,FP_localization
YOLO11n,China_Drone__China_Drone_001913,D00,0.2703,0.131253,0.0,FP_background
YOLO11n,China_Drone__China_Drone_001923,D00,0.521,0.238942,0.5979,FP_classification
YOLO11n,China_Drone__China_Drone_001923,D00,0.3745,0.019149,0.0479,FP_background
YOLO11n,China_Drone__China_Drone_001939,D10,0.5939,0.105633,0.8489,TP
YOLO11n,China_Drone__China_Drone_001939,D10,0.3471,0.154701,0.6354,FP_duplicate
YOLO11n,China_Drone__China_Drone_001949,D00,0.2312,0.032583,0.0,FP_background
YOLO11n,China_Drone__China_Drone_001953,D00,0.2637,0.053101,0.8497,TP
YOLO11n,China_Drone__China_Drone_001975,D10,0.5868,0.195499,0.7609,TP
YOLO11n,China_Drone__China_Drone_001975,D10,0.2308,0.033959,0.1805,FP_localization
YOLO11n,China_Drone__China_Drone_001995,D00,0.5677,0.024194,0.8127,TP
YOLO11n,China_Drone__China_Drone_002006,D00,0.5918,0.01931,0.5004,TP
YOLO11n,China_Drone__China_Drone_002016,D00,0.4335,0.224027,0.8585,TP
YOLO11n,China_Drone__China_Drone_002020,D00,0.5463,0.011159,0.0,FP_background
YOLO11n,China_Drone__China_Drone_002020,D10,0.3872,0.016658,0.0,FP_background
YOLO11n,China_Drone__China_Drone_002020,D00,0.2436,0.023291,0.0,FP_background
YOLO11n,China_Drone__China_Drone_002034,D00,0.4503,0.037096,0.3542,FP_localization
YOLO11n,China_Drone__China_Drone_002034,D00,0.3234,0.013053,0.7569,TP
YOLO11n,China_Drone__China_Drone_002034,D00,0.3082,0.021145,0.6626,FP_duplicate
YOLO11n,China_Drone__China_Drone_002034,D00,0.2903,0.01439,0.9254,TP
YOLO11n,China_Drone__China_Drone_002039,D00,0.5572,0.028114,0.8903,TP
YOLO11n,China_Drone__China_Drone_002039,D00,0.5467,0.027768,0.7801,TP
YOLO11n,China_Drone__China_Drone_002039,D10,0.5461,0.012108,0.7064,TP
YOLO11n,China_Drone__China_Drone_002039,D00,0.367,0.025211,0.76,TP
YOLO11n,China_Drone__China_Drone_002039,D00,0.2397,0.005795,0.6504,TP
YOLO11n,China_Drone__China_Drone_002044,D00,0.5611,0.045043,0.5899,TP
YOLO11n,China_Drone__China_Drone_002044,D00,0.3234,0.026551,0.5887,FP_duplicate
YOLO11n,China_Drone__China_Drone_002065,D00,0.3587,0.158547,0.3879,FP_localization
YOLO11n,China_Drone__China_Drone_002065,D00,0.2453,0.169875,0.362,FP_localization
YOLO11n,China_Drone__China_Drone_002069,D20,0.2753,0.483576,0.7242,TP
YOLO11n,China_Drone__China_Drone_002070,D00,0.449,0.022014,0.4055,FP_localization
YOLO11n,China_Drone__China_Drone_002070,D20,0.3102,0.351908,0.3238,FP_background
YOLO11n,China_Drone__China_Drone_002070,D00,0.2807,0.060376,0.1478,FP_localization
YOLO11n,China_Drone__China_Drone_002070,D10,0.277,0.021503,0.5829,TP
YOLO11n,China_Drone__China_Drone_002072,D00,0.2526,0.02634,0.1001,FP_localization
YOLO11n,China_Drone__China_Drone_002072,D10,0.2509,0.08534,0.5588,TP
YOLO11n,China_Drone__China_Drone_002072,D10,0.2355,0.008894,0.7823,TP
YOLO11n,China_Drone__China_Drone_002100,D10,0.3698,0.00253,0.8767,TP
YOLO11n,China_Drone__China_Drone_002105,D20,0.4759,0.06999,0.871,TP
YOLO11n,China_Drone__China_Drone_002105,D40,0.3846,0.0626,0.8329,FP_classification
YOLO11n,China_Drone__China_Drone_002115,D10,0.6029,0.101207,0.7573,TP
YOLO11n,China_Drone__China_Drone_002115,D10,0.5008,0.072629,0.6474,FP_duplicate
YOLO11n,China_Drone__China_Drone_002115,D10,0.4293,0.021324,0.8133,TP
YOLO11n,China_Drone__China_Drone_002115,D00,0.3903,0.013186,0.0,FP_background
YOLO11n,China_Drone__China_Drone_002115,D10,0.3031,0.008762,0.1069,FP_localization
YOLO11n,China_Drone__China_Drone_002117,D10,0.4171,0.024306,0.2746,FP_localization
YOLO11n,China_Drone__China_Drone_002117,D10,0.4018,0.038144,0.3919,FP_localization
YOLO11n,China_Drone__China_Drone_002117,D10,0.3794,0.076392,0.6492,TP
YOLO11n,China_Drone__China_Drone_002117,D10,0.3303,0.020925,0.2786,FP_localization
YOLO11n,China_Drone__China_Drone_002127,D10,0.7225,0.130146,0.7575,TP
YOLO11n,China_Drone__China_Drone_002129,D00,0.5811,0.111623,0.0,FP_background
YOLO11n,China_Drone__China_Drone_002129,D00,0.3281,0.165069,0.0,FP_background
YOLO11n,China_Drone__China_Drone_002137,D20,0.4979,0.021028,0.5878,FP_classification
YOLO11n,China_Drone__China_Drone_002137,D00,0.2876,0.073675,0.0,FP_background
YOLO11n,China_Drone__China_Drone_002140,D00,0.5553,0.019711,0.8903,TP
YOLO11n,China_Drone__China_Drone_002140,D00,0.4452,0.013081,0.7144,TP
YOLO11n,China_Drone__China_Drone_002140,D00,0.4371,0.011533,0.0,FP_background
YOLO11n,China_Drone__China_Drone_002142,D10,0.7438,0.132857,0.8739,TP
YOLO11n,China_Drone__China_Drone_002145,D40,0.5587,0.006726,0.7657,TP
YOLO11n,China_Drone__China_Drone_002149,D10,0.6817,0.062658,0.8789,TP
YOLO11n,China_Drone__China_Drone_002149,D10,0.541,0.019211,0.8463,TP
YOLO11n,China_Drone__China_Drone_002149,D10,0.3624,0.025313,0.4453,FP_localization
YOLO11n,China_Drone__China_Drone_002150,D00,0.6121,0.042239,0.8359,TP
YOLO11n,China_Drone__China_Drone_002153,D10,0.4897,0.03652,0.7405,TP
YOLO11n,China_Drone__China_Drone_002159,D00,0.6811,0.026006,0.7196,TP
YOLO11n,China_Drone__China_Drone_002159,D10,0.5988,0.014134,0.8366,TP
YOLO11n,China_Drone__China_Drone_002159,D00,0.522,0.02664,0.6915,TP
YOLO11n,China_Drone__China_Drone_002159,D00,0.4576,0.006891,0.0716,FP_background
YOLO11n,China_Drone__China_Drone_002159,D00,0.3868,0.025968,0.0,FP_background
YOLO11n,China_Drone__China_Drone_002173,D00,0.6008,0.027514,0.9381,TP
YOLO11n,China_Drone__China_Drone_002173,D10,0.2523,0.01041,0.5685,TP
YOLO11n,China_Drone__China_Drone_002182,D10,0.5331,0.01224,0.6199,TP
YOLO11n,China_Drone__China_Drone_002183,D00,0.6812,0.061344,0.9237,TP
YOLO11n,China_Drone__China_Drone_002183,D10,0.6186,0.12215,0.8498,TP
YOLO11n,China_Drone__China_Drone_002183,D10,0.4323,0.155127,0.6726,FP_duplicate
YOLO11n,China_Drone__China_Drone_002209,D20,0.4182,0.428744,0.8905,TP
YOLO11n,China_Drone__China_Drone_002209,D20,0.3145,0.272804,0.5666,FP_duplicate
YOLO11n,China_Drone__China_Drone_002213,D10,0.4329,0.068685,0.9143,TP
YOLO11n,China_Drone__China_Drone_002213,D10,0.2969,0.034347,0.8723,TP
YOLO11n,China_Drone__China_Drone_002242,D10,0.2515,0.006008,0.0,FP_background
YOLO11n,China_Drone__China_Drone_002245,D20,0.6297,0.161245,0.0921,FP_background
YOLO11n,China_Drone__China_Drone_002245,D10,0.4337,0.019523,0.82,TP
YOLO11n,China_Drone__China_Drone_002245,D10,0.2456,0.021798,0.6691,TP
YOLO11n,China_Drone__China_Drone_002249,D00,0.3561,0.02422,0.0,FP_background
YOLO11n,China_Drone__China_Drone_002249,D10,0.3474,0.024718,0.6557,TP
YOLO11n,China_Drone__China_Drone_002275,D00,0.5667,0.091963,0.7242,TP
YOLO11n,China_Drone__China_Drone_002275,D00,0.3713,0.062043,0.7008,FP_duplicate
YOLO11n,China_Drone__China_Drone_002275,D10,0.2925,0.032167,0.816,TP
YOLO11n,China_Drone__China_Drone_002276,D10,0.6201,0.213144,0.8235,TP
YOLO11n,China_Drone__China_Drone_002276,D10,0.3452,0.129196,0.7199,FP_duplicate
YOLO11n,China_Drone__China_Drone_002279,D10,0.262,0.059162,0.8686,TP
YOLO11n,China_Drone__China_Drone_002284,D00,0.384,0.081709,0.8876,TP
YOLO11n,China_Drone__China_Drone_002284,D00,0.3009,0.036158,0.3439,FP_localization
YOLO11n,China_Drone__China_Drone_002289,D10,0.2714,0.031508,0.8111,TP
YOLO11n,China_Drone__China_Drone_002289,D10,0.2422,0.039517,0.6548,FP_duplicate
YOLO11n,China_Drone__China_Drone_002294,D00,0.2346,0.021084,0.7256,TP
YOLO11n,China_Drone__China_Drone_002297,D10,0.5503,0.013764,0.8661,TP
YOLO11n,China_Drone__China_Drone_002305,D10,0.5286,0.034595,0.7734,TP
YOLO11n,China_Drone__China_Drone_002305,D10,0.2627,0.023946,0.5705,FP_duplicate
YOLO11n,China_Drone__China_Drone_002315,D00,0.5796,0.04608,0.3175,FP_localization
YOLO11n,China_Drone__China_Drone_002315,D00,0.4342,0.125404,0.8958,TP
YOLO11n,China_Drone__China_Drone_002315,D00,0.343,0.028174,0.2073,FP_localization
YOLO11n,China_Drone__China_Drone_002332,D00,0.2742,0.015621,0.0,FP_background
YOLO11n,China_Drone__China_Drone_002336,D00,0.2499,0.016734,0.533,TP
YOLO11n,China_Drone__China_Drone_002358,D00,0.3528,0.011667,0.0,FP_background
YOLO11n,China_Drone__China_Drone_002358,D00,0.2932,0.003287,0.0,FP_background
YOLO11n,China_Drone__China_Drone_002360,D00,0.3151,0.055886,0.7559,TP
YOLO11n,China_Drone__China_Drone_002360,D00,0.2662,0.035577,0.4872,FP_localization
YOLO11n,China_Drone__China_Drone_002360,D10,0.2292,0.007325,0.8171,TP
YOLO11n,China_Drone__China_Drone_002365,D10,0.509,0.024535,0.7787,TP
YOLO11n,China_MotorBike__China_MotorBike_000002,D00,0.5356,0.045355,0.871,TP
YOLO11n,China_MotorBike__China_MotorBike_000002,D00,0.3486,0.036376,0.7961,TP
YOLO11n,China_MotorBike__China_MotorBike_000003,D00,0.7144,0.119794,0.6374,TP
YOLO11n,China_MotorBike__China_MotorBike_000003,D00,0.2372,0.017591,0.5149,TP
YOLO11n,China_MotorBike__China_MotorBike_000003,D00,0.2372,0.018696,0.79,TP
YOLO11n,China_MotorBike__China_MotorBike_000005,D10,0.374,0.045626,0.5556,TP
YOLO11n,China_MotorBike__China_MotorBike_000005,D10,0.3169,0.04289,0.3444,FP_localization
YOLO11n,China_MotorBike__China_MotorBike_000005,D10,0.265,0.019639,0.5976,TP
YOLO11n,China_MotorBike__China_MotorBike_000005,D10,0.2629,0.009241,0.2412,FP_localization
YOLO11n,China_MotorBike__China_MotorBike_000012,D00,0.7739,0.171932,0.9217,TP
YOLO11n,China_MotorBike__China_MotorBike_000012,D00,0.7248,0.314773,0.8487,TP
YOLO11n,China_MotorBike__China_MotorBike_000012,D00,0.4292,0.211812,0.7123,FP_duplicate
YOLO11n,China_MotorBike__China_MotorBike_000019,D00,0.79,0.196069,0.8027,TP
YOLO11n,China_MotorBike__China_MotorBike_000019,D10,0.4957,0.023153,0.2383,FP_localization
YOLO11n,China_MotorBike__China_MotorBike_000033,D00,0.3594,0.330262,0.1817,FP_localization
YOLO11n,China_MotorBike__China_MotorBike_000033,D00,0.313,0.47155,0.8262,TP
YOLO11n,China_MotorBike__China_MotorBike_000033,D00,0.2629,0.248857,0.1495,FP_localization
YOLO11n,China_MotorBike__China_MotorBike_000034,D10,0.5482,0.128643,0.6732,TP
YOLO11n,China_MotorBike__China_MotorBike_000042,D10,0.7061,0.089072,0.9477,TP
YOLO11n,China_MotorBike__China_MotorBike_000042,D00,0.4667,0.05603,0.5369,TP
YOLO11n,China_MotorBike__China_MotorBike_000042,D00,0.4653,0.1073,0.6267,TP
YOLO11n,China_MotorBike__China_MotorBike_000042,D00,0.2308,0.01911,0.5058,TP
YOLO11n,China_MotorBike__China_MotorBike_000050,D40,0.3526,0.005946,0.705,TP
YOLO11n,China_MotorBike__China_MotorBike_000053,D00,0.4817,0.061704,0.438,FP_localization
YOLO11n,China_MotorBike__China_MotorBike_000053,D00,0.2897,0.042363,0.6379,TP
YOLO11n,China_MotorBike__China_MotorBike_000056,D10,0.4869,0.029113,0.8805,TP
YOLO11n,China_MotorBike__China_MotorBike_000056,D00,0.3589,0.016675,0.0111,FP_background
YOLO11n,China_MotorBike__China_MotorBike_000057,D00,0.5852,0.060922,0.5234,TP
YOLO11n,China_MotorBike__China_MotorBike_000057,D00,0.341,0.086412,0.7664,FP_duplicate
YOLO11n,China_MotorBike__China_MotorBike_000057,D00,0.2469,0.042631,0.4092,FP_localization
YOLO11n,China_MotorBike__China_MotorBike_000058,D00,0.5414,0.034627,0.776,TP
YOLO11n,China_MotorBike__China_MotorBike_000058,D10,0.4392,0.011517,0.689,TP
YOLO11n,China_MotorBike__China_MotorBike_000058,D10,0.4038,0.010122,0.3782,FP_localization
YOLO11n,China_MotorBike__China_MotorBike_000058,D10,0.2449,0.003316,0.0,FP_background
YOLO11n,China_MotorBike__China_MotorBike_000059,D00,0.6456,0.041818,0.8289,TP
YOLO11n,China_MotorBike__China_MotorBike_000059,D00,0.2609,0.023134,0.3583,FP_localization
YOLO11n,China_MotorBike__China_MotorBike_000061,D00,0.5551,0.03675,0.627,TP
YOLO11n,China_MotorBike__China_MotorBike_000072,D00,0.7348,0.207015,0.8833,TP
YOLO11n,China_MotorBike__China_MotorBike_000072,D00,0.6682,0.141754,0.3699,FP_localization
YOLO11n,China_MotorBike__China_MotorBike_000072,D00,0.6104,0.022523,0.0585,FP_background
YOLO11n,China_MotorBike__China_MotorBike_000072,D00,0.5698,0.265887,0.6935,TP
YOLO11n,China_MotorBike__China_MotorBike_000079,D00,0.409,0.023439,0.1531,FP_localization
YOLO11n,China_MotorBike__China_MotorBike_000079,D20,0.3813,0.456773,0.8827,TP
YOLO11n,China_MotorBike__China_MotorBike_000086,D00,0.6868,0.117718,0.8132,TP
YOLO11n,China_MotorBike__China_MotorBike_000086,D10,0.541,0.044146,0.8115,TP
YOLO11n,China_MotorBike__China_MotorBike_000086,D10,0.4688,0.033062,0.7065,TP
YOLO11n,China_MotorBike__China_MotorBike_000086,D00,0.2721,0.023053,0.4935,FP_localization
YOLO11n,China_MotorBike__China_MotorBike_000089,D00,0.5624,0.081034,0.8558,TP
YOLO11n,China_MotorBike__China_MotorBike_000089,D10,0.5185,0.017418,0.8975,TP
YOLO11n,China_MotorBike__China_MotorBike_000089,D00,0.2355,0.052388,0.5924,FP_duplicate
YOLO11n,China_MotorBike__China_MotorBike_000108,D20,0.5337,0.171405,0.3912,FP_localization
YOLO11n,China_MotorBike__China_MotorBike_000108,D20,0.3185,0.061343,0.6194,TP
YOLO11n,China_MotorBike__China_MotorBike_000108,D20,0.2772,0.086256,0.8538,TP
YOLO11n,China_MotorBike__China_MotorBike_000112,D10,0.4819,0.0289,0.6177,TP
YOLO11n,China_MotorBike__China_MotorBike_000112,D00,0.4694,0.008654,0.5953,TP
YOLO11n,China_MotorBike__China_MotorBike_000112,D00,0.4499,0.097937,0.5202,TP
YOLO11n,China_MotorBike__China_MotorBike_000112,D00,0.3536,0.143401,0.7617,FP_duplicate
YOLO11n,China_MotorBike__China_MotorBike_000112,D00,0.2556,0.011567,0.0614,FP_background
YOLO11n,China_MotorBike__China_MotorBike_000112,D10,0.2495,0.003972,0.4542,FP_background
YOLO11n,China_MotorBike__China_MotorBike_000112,D00,0.2287,0.026186,0.8062,TP
YOLO11n,China_MotorBike__China_MotorBike_000113,D40,0.6746,0.008064,0.1504,FP_localization
YOLO11n,China_MotorBike__China_MotorBike_000113,D40,0.5462,0.024813,0.5024,TP
YOLO11n,China_MotorBike__China_MotorBike_000113,D00,0.3629,0.047522,0.8331,FP_classification
YOLO11n,China_MotorBike__China_MotorBike_000115,D10,0.3979,0.067517,0.6713,TP
YOLO11n,China_MotorBike__China_MotorBike_000115,D00,0.2877,0.009778,0.0,FP_background
YOLO11n,China_MotorBike__China_MotorBike_000125,D20,0.7474,0.482643,0.9096,TP
YOLO11n,China_MotorBike__China_MotorBike_000143,D00,0.3887,0.013564,0.6851,TP
YOLO11n,China_MotorBike__China_MotorBike_000143,D00,0.3726,0.373517,0.1412,FP_localization
YOLO11n,China_MotorBike__China_MotorBike_000146,D00,0.4513,0.045919,0.6405,TP
YOLO11n,China_MotorBike__China_MotorBike_000146,D00,0.372,0.013969,0.0461,FP_background
YOLO11n,China_MotorBike__China_MotorBike_000148,D10,0.4684,0.017255,0.1411,FP_localization
YOLO11n,China_MotorBike__China_MotorBike_000148,D20,0.4194,0.121899,0.9237,TP
YOLO11n,China_MotorBike__China_MotorBike_000148,D10,0.3912,0.038903,0.4374,FP_localization
YOLO11n,China_MotorBike__China_MotorBike_000148,D10,0.3639,0.010505,0.1703,FP_localization
YOLO11n,China_MotorBike__China_MotorBike_000148,D10,0.2605,0.024813,0.1958,FP_background
YOLO11n,China_MotorBike__China_MotorBike_000148,D10,0.2542,0.004557,0.0799,FP_background
YOLO11n,China_MotorBike__China_MotorBike_000164,D00,0.7904,0.127942,0.7721,TP
YOLO11n,China_MotorBike__China_MotorBike_000164,D00,0.7829,0.414938,0.7715,TP
YOLO11n,China_MotorBike__China_MotorBike_000164,D00,0.6193,0.100901,0.6987,TP
YOLO11n,China_MotorBike__China_MotorBike_000164,D00,0.296,0.177807,0.4297,FP_localization
YOLO11n,China_MotorBike__China_MotorBike_000164,D00,0.282,0.274577,0.7797,FP_duplicate
YOLO11n,China_MotorBike__China_MotorBike_000181,D00,0.8037,0.283933,0.9085,TP
YOLO11n,China_MotorBike__China_MotorBike_000181,D00,0.7226,0.175113,0.4477,FP_localization
YOLO11n,China_MotorBike__China_MotorBike_000181,D00,0.481,0.381633,0.9519,TP
YOLO11n,China_MotorBike__China_MotorBike_000181,D00,0.3821,0.034224,0.0874,FP_background
YOLO11n,China_MotorBike__China_MotorBike_000181,D00,0.2558,0.186422,0.7226,FP_duplicate
YOLO11n,China_MotorBike__China_MotorBike_000201,D00,0.8065,0.194302,0.8435,TP
YOLO11n,China_MotorBike__China_MotorBike_000201,D00,0.7747,0.323286,0.8395,TP
YOLO11n,China_MotorBike__China_MotorBike_000215,D20,0.7652,0.671682,0.8036,TP
YOLO11n,China_MotorBike__China_MotorBike_000218,D00,0.7241,0.27827,0.7453,TP
YOLO11n,China_MotorBike__China_MotorBike_000218,D10,0.4982,0.045341,0.7324,TP
YOLO11n,China_MotorBike__China_MotorBike_000218,D00,0.4594,0.199793,0.5845,FP_duplicate
YOLO11n,China_MotorBike__China_MotorBike_000221,D00,0.6885,0.346329,0.8215,TP
YOLO11n,China_MotorBike__China_MotorBike_000226,D00,0.5596,0.012934,0.7283,TP
YOLO11n,China_MotorBike__China_MotorBike_000226,D00,0.4529,0.063913,0.6493,TP
YOLO11n,China_MotorBike__China_MotorBike_000232,D00,0.5703,0.007517,0.5115,TP
YOLO11n,China_MotorBike__China_MotorBike_000232,D00,0.3884,0.044764,0.8518,TP
YOLO11n,China_MotorBike__China_MotorBike_000232,D00,0.3613,0.012619,0.3168,FP_localization
YOLO11n,China_MotorBike__China_MotorBike_000232,D00,0.2688,0.011668,0.5836,TP
YOLO11n,China_MotorBike__China_MotorBike_000232,D00,0.2383,0.03086,0.2206,FP_localization
YOLO11n,China_MotorBike__China_MotorBike_000247,D00,0.7941,0.277373,0.6923,TP
YOLO11n,China_MotorBike__China_MotorBike_000259,D00,0.6997,0.06947,0.794,TP
YOLO11n,China_MotorBike__China_MotorBike_000262,D00,0.4889,0.062312,0.427,FP_localization
YOLO11n,China_MotorBike__China_MotorBike_000269,D20,0.7342,0.412717,0.8074,TP
YOLO11n,China_MotorBike__China_MotorBike_000269,D00,0.2361,0.007217,0.1626,FP_localization
YOLO11n,China_MotorBike__China_MotorBike_000290,D00,0.452,0.080662,0.6436,TP
YOLO11n,China_MotorBike__China_MotorBike_000290,D00,0.4378,0.111489,0.9224,FP_duplicate
YOLO11n,China_MotorBike__China_MotorBike_000301,D00,0.7478,0.225507,0.8398,TP
YOLO11n,China_MotorBike__China_MotorBike_000301,D00,0.5047,0.087082,0.6796,TP
YOLO11n,China_MotorBike__China_MotorBike_000301,D00,0.2513,0.107929,0.51,FP_duplicate
YOLO11n,China_MotorBike__China_MotorBike_000304,D40,0.8185,0.009077,0.7963,TP
YOLO11n,China_MotorBike__China_MotorBike_000304,D40,0.2939,0.014214,0.5392,FP_duplicate
YOLO11n,China_MotorBike__China_MotorBike_000307,D20,0.3263,0.277028,0.5918,TP
YOLO11n,China_MotorBike__China_MotorBike_000307,D10,0.2955,0.020944,0.0089,FP_background
YOLO11n,China_MotorBike__China_MotorBike_000307,D20,0.2862,0.155208,0.5217,FP_duplicate
YOLO11n,China_MotorBike__China_MotorBike_000307,D20,0.2461,0.178434,0.4712,FP_localization
YOLO11n,China_MotorBike__China_MotorBike_000307,D00,0.2343,0.007734,0.7152,TP
YOLO11n,China_MotorBike__China_MotorBike_000318,D00,0.7256,0.25302,0.8704,TP
YOLO11n,China_MotorBike__China_MotorBike_000318,D20,0.5735,0.418563,0.4439,FP_localization
YOLO11n,China_MotorBike__China_MotorBike_000318,D20,0.4791,0.159268,0.9313,TP
YOLO11n,China_MotorBike__China_MotorBike_000318,D10,0.2425,0.023632,0.0663,FP_background
YOLO11n,China_MotorBike__China_MotorBike_000327,D00,0.6412,0.152016,0.7478,TP
YOLO11n,China_MotorBike__China_MotorBike_000327,D00,0.5554,0.297999,0.4296,FP_localization
YOLO11n,China_MotorBike__China_MotorBike_000327,D00,0.337,0.191947,0.6669,TP
YOLO11n,China_MotorBike__China_MotorBike_000327,D00,0.2814,0.058591,0.3483,FP_localization
YOLO11n,China_MotorBike__China_MotorBike_000328,D40,0.6118,0.002457,0.8516,TP
YOLO11n,China_MotorBike__China_MotorBike_000333,D00,0.5105,0.062225,0.5265,TP
YOLO11n,China_MotorBike__China_MotorBike_000333,D00,0.2302,0.044416,0.5946,FP_duplicate
YOLO11n,China_MotorBike__China_MotorBike_000346,D00,0.7446,0.266275,0.8595,TP
YOLO11n,China_MotorBike__China_MotorBike_000346,D00,0.2815,0.05831,0.0,FP_background
YOLO11n,China_MotorBike__China_MotorBike_000351,D10,0.4962,0.084224,0.7414,TP
YOLO11n,China_MotorBike__China_MotorBike_000351,D10,0.3673,0.067617,0.5292,FP_duplicate
YOLO11n,China_MotorBike__China_MotorBike_000361,D00,0.7418,0.051324,0.8474,TP
YOLO11n,China_MotorBike__China_MotorBike_000361,D00,0.3594,0.019037,0.2134,FP_localization
YOLO11n,China_MotorBike__China_MotorBike_000361,D10,0.2581,0.013225,0.5913,TP
YOLO11n,China_MotorBike__China_MotorBike_000376,D00,0.6596,0.153068,0.8166,TP
YOLO11n,China_MotorBike__China_MotorBike_000376,D00,0.6211,0.141028,0.6712,TP
YOLO11n,China_MotorBike__China_MotorBike_000376,D00,0.2317,0.234175,0.4563,FP_localization
YOLO11n,China_MotorBike__China_MotorBike_000394,D40,0.2594,0.001789,0.7439,TP
YOLO11n,China_MotorBike__China_MotorBike_000420,D00,0.6693,0.233996,0.8243,TP
YOLO11n,China_MotorBike__China_MotorBike_000420,D10,0.5985,0.015328,0.6487,TP
YOLO11n,China_MotorBike__China_MotorBike_000420,D00,0.468,0.270213,0.2585,FP_localization
YOLO11n,China_MotorBike__China_MotorBike_000420,D00,0.261,0.202547,0.7341,FP_duplicate
YOLO11n,China_MotorBike__China_MotorBike_000431,D00,0.5625,0.007304,0.8388,TP
YOLO11n,China_MotorBike__China_MotorBike_000431,D00,0.3604,0.019251,0.5457,TP
YOLO11n,China_MotorBike__China_MotorBike_000432,D10,0.6032,0.065352,0.8106,TP
YOLO11n,China_MotorBike__China_MotorBike_000432,D10,0.4689,0.056366,0.7648,TP
YOLO11n,China_MotorBike__China_MotorBike_000440,D10,0.3517,0.011567,0.7419,TP
YOLO11n,China_MotorBike__China_MotorBike_000440,D10,0.235,0.013418,0.6573,TP
YOLO11n,China_MotorBike__China_MotorBike_000445,D20,0.8021,0.364176,0.8031,TP
YOLO11n,China_MotorBike__China_MotorBike_000448,D20,0.621,0.130513,0.6895,TP
YOLO11n,China_MotorBike__China_MotorBike_000448,D20,0.3045,0.042224,0.6765,TP
YOLO11n,China_MotorBike__China_MotorBike_000448,D20,0.2678,0.095014,0.6747,FP_duplicate
YOLO11n,China_MotorBike__China_MotorBike_000452,D10,0.3825,0.069735,0.7644,TP
YOLO11n,China_MotorBike__China_MotorBike_000452,D10,0.2695,0.047667,0.5504,FP_duplicate
YOLO11n,China_MotorBike__China_MotorBike_000458,D10,0.6013,0.202336,0.8685,TP
YOLO11n,China_MotorBike__China_MotorBike_000459,D20,0.3922,0.065098,0.6584,TP
YOLO11n,China_MotorBike__China_MotorBike_000459,D10,0.3208,0.019183,0.4701,FP_localization
YOLO11n,China_MotorBike__China_MotorBike_000459,D10,0.2595,0.050742,0.8006,TP
YOLO11n,China_MotorBike__China_MotorBike_000459,D10,0.2297,0.081455,0.4988,FP_localization
YOLO11n,China_MotorBike__China_MotorBike_000463,D10,0.6343,0.123553,0.7313,TP
YOLO11n,China_MotorBike__China_MotorBike_000466,D10,0.3865,0.019315,0.6719,TP
YOLO11n,China_MotorBike__China_MotorBike_000466,D10,0.2464,0.009128,0.1864,FP_localization
YOLO11n,China_MotorBike__China_MotorBike_000477,D00,0.4819,0.090569,0.7463,TP
YOLO11n,China_MotorBike__China_MotorBike_000477,D00,0.462,0.077224,0.7227,FP_duplicate
YOLO11n,China_MotorBike__China_MotorBike_000477,D00,0.3299,0.026774,0.3296,FP_localization
YOLO11n,China_MotorBike__China_MotorBike_000477,D00,0.2584,0.047367,0.4645,FP_localization
YOLO11n,China_MotorBike__China_MotorBike_000483,D00,0.5841,0.068022,0.7378,TP
YOLO11n,China_MotorBike__China_MotorBike_000484,D20,0.8248,0.3359,0.9604,TP
YOLO11n,China_MotorBike__China_MotorBike_000490,D10,0.2569,0.079511,0.7114,TP
YOLO11n,China_MotorBike__China_MotorBike_000492,D20,0.3796,0.072181,0.7595,TP
YOLO11n,China_MotorBike__China_MotorBike_000492,D20,0.2732,0.104972,0.5256,FP_duplicate
YOLO11n,China_MotorBike__China_MotorBike_000492,D20,0.2382,0.200898,0.2936,FP_localization
YOLO11n,China_MotorBike__China_MotorBike_000513,D20,0.8386,0.505577,0.9084,TP
YOLO11n,China_MotorBike__China_MotorBike_000513,D10,0.6592,0.02178,0.7058,TP
YOLO11n,China_MotorBike__China_MotorBike_000513,D20,0.246,0.737552,0.6163,FP_duplicate
YOLO11n,China_MotorBike__China_MotorBike_000523,D00,0.6531,0.081563,0.5492,TP
YOLO11n,China_MotorBike__China_MotorBike_000523,D00,0.4924,0.008744,0.659,TP
YOLO11n,China_MotorBike__China_MotorBike_000523,D00,0.3234,0.104696,0.8846,FP_duplicate
YOLO11n,China_MotorBike__China_MotorBike_000523,D00,0.3086,0.006161,0.4819,FP_localization
YOLO11n,China_MotorBike__China_MotorBike_000530,D10,0.3089,0.086935,0.8598,TP
YOLO11n,China_MotorBike__China_MotorBike_000544,D20,0.7695,0.287698,0.873,TP
YOLO11n,China_MotorBike__China_MotorBike_000544,D10,0.3553,0.06303,0.7929,FP_classification
YOLO11n,China_MotorBike__China_MotorBike_000546,D00,0.79,0.159629,0.8578,TP
YOLO11n,China_MotorBike__China_MotorBike_000546,D00,0.5782,0.142813,0.653,TP
YOLO11n,China_MotorBike__China_MotorBike_000546,D00,0.5255,0.064212,0.7829,TP
YOLO11n,China_MotorBike__China_MotorBike_000546,D00,0.282,0.095375,0.5325,FP_duplicate
YOLO11n,China_MotorBike__China_MotorBike_000546,D00,0.2369,0.097691,0.5564,FP_duplicate
YOLO11n,China_MotorBike__China_MotorBike_000550,D20,0.638,0.66734,0.6857,TP
YOLO11n,China_MotorBike__China_MotorBike_000550,D20,0.2952,0.307073,0.7961,TP
YOLO11n,China_MotorBike__China_MotorBike_000550,D20,0.2391,0.405914,0.8363,FP_duplicate
YOLO11n,China_MotorBike__China_MotorBike_000552,D00,0.5949,0.090741,0.8635,TP
YOLO11n,China_MotorBike__China_MotorBike_000552,D00,0.3237,0.133292,0.6245,FP_duplicate
YOLO11n,China_MotorBike__China_MotorBike_000552,D40,0.2312,0.001463,0.022,FP_background
YOLO11n,China_MotorBike__China_MotorBike_000553,D20,0.6373,0.020496,0.6646,TP
YOLO11n,China_MotorBike__China_MotorBike_000553,D20,0.5554,0.093883,0.6923,TP
YOLO11n,China_MotorBike__China_MotorBike_000553,D00,0.4951,0.055849,0.6969,TP
YOLO11n,China_MotorBike__China_MotorBike_000553,D00,0.4077,0.036702,0.752,FP_duplicate
YOLO11n,China_MotorBike__China_MotorBike_000553,D00,0.3908,0.018358,0.0,FP_background
YOLO11n,China_MotorBike__China_MotorBike_000553,D20,0.3552,0.026486,0.1484,FP_localization
YOLO11n,China_MotorBike__China_MotorBike_000553,D10,0.3476,0.006264,0.0469,FP_background
YOLO11n,China_MotorBike__China_MotorBike_000553,D20,0.3271,0.136923,0.8398,FP_duplicate
YOLO11n,China_MotorBike__China_MotorBike_000553,D20,0.2636,0.029467,0.6078,FP_duplicate
YOLO11n,China_MotorBike__China_MotorBike_000556,D10,0.2322,0.152079,0.3582,FP_background
YOLO11n,China_MotorBike__China_MotorBike_000557,D10,0.5788,0.020324,0.8341,TP
YOLO11n,China_MotorBike__China_MotorBike_000557,D00,0.3952,0.06187,0.9329,TP
YOLO11n,China_MotorBike__China_MotorBike_000557,D10,0.3628,0.13123,0.66,FP_classification
YOLO11n,China_MotorBike__China_MotorBike_000557,D10,0.349,0.182985,0.9203,FP_classification
YOLO11n,China_MotorBike__China_MotorBike_000557,D10,0.3462,0.092211,0.4638,FP_background
YOLO11n,China_MotorBike__China_MotorBike_000564,D00,0.6935,0.020511,0.75,TP
YOLO11n,China_MotorBike__China_MotorBike_000564,D00,0.6746,0.183345,0.8765,TP
YOLO11n,China_MotorBike__China_MotorBike_000564,D00,0.6146,0.039067,0.768,TP
YOLO11n,China_MotorBike__China_MotorBike_000572,D00,0.5421,0.083527,0.85,TP
YOLO11n,China_MotorBike__China_MotorBike_000574,D00,0.7233,0.244574,0.8329,TP
YOLO11n,China_MotorBike__China_MotorBike_000585,D10,0.4752,0.016957,0.2294,FP_localization
YOLO11n,China_MotorBike__China_MotorBike_000585,D00,0.4591,0.057365,0.4496,FP_localization
YOLO11n,China_MotorBike__China_MotorBike_000603,D00,0.7856,0.224619,0.824,TP
YOLO11n,China_MotorBike__China_MotorBike_000606,D10,0.5337,0.028701,0.2605,FP_localization
YOLO11n,China_MotorBike__China_MotorBike_000606,D10,0.3107,0.026079,0.3238,FP_localization
YOLO11n,China_MotorBike__China_MotorBike_000606,D00,0.267,0.019463,0.8333,TP
YOLO11n,China_MotorBike__China_MotorBike_000621,D10,0.6609,0.108628,0.6998,TP
YOLO11n,China_MotorBike__China_MotorBike_000624,D00,0.5513,0.069774,0.8874,TP
YOLO11n,China_MotorBike__China_MotorBike_000624,D10,0.4255,0.049964,0.6181,TP
YOLO11n,China_MotorBike__China_MotorBike_000624,D10,0.3659,0.032863,0.8075,FP_duplicate
YOLO11n,China_MotorBike__China_MotorBike_000624,D00,0.2605,0.051118,0.5862,FP_duplicate
YOLO11n,China_MotorBike__China_MotorBike_000632,D10,0.6071,0.11365,0.6819,TP
YOLO11n,China_MotorBike__China_MotorBike_000637,D00,0.5733,0.088683,0.8552,TP
YOLO11n,China_MotorBike__China_MotorBike_000655,D00,0.8125,0.134738,0.8268,TP
YOLO11n,China_MotorBike__China_MotorBike_000661,D00,0.8525,0.244643,0.841,TP
YOLO11n,China_MotorBike__China_MotorBike_000661,D00,0.2844,0.006187,0.0,FP_background
YOLO11n,China_MotorBike__China_MotorBike_000661,D00,0.2665,0.011311,0.4604,FP_localization
YOLO11n,China_MotorBike__China_MotorBike_000667,D00,0.5123,0.064867,0.7074,TP
YOLO11n,China_MotorBike__China_MotorBike_000669,D00,0.551,0.071406,0.4877,FP_localization
YOLO11n,China_MotorBike__China_MotorBike_000669,D00,0.4367,0.096119,0.6558,TP
YOLO11n,China_MotorBike__China_MotorBike_000669,D00,0.3813,0.139949,0.947,FP_duplicate
YOLO11n,China_MotorBike__China_MotorBike_000669,D00,0.2332,0.052066,0.3423,FP_localization
YOLO11n,China_MotorBike__China_MotorBike_000672,D00,0.43,0.063344,0.5406,TP
YOLO11n,China_MotorBike__China_MotorBike_000681,D00,0.7934,0.147517,0.9086,TP
YOLO11n,China_MotorBike__China_MotorBike_000681,D00,0.5549,0.139468,0.6696,TP
YOLO11n,China_MotorBike__China_MotorBike_000681,D00,0.5234,0.113928,0.8374,TP
YOLO11n,China_MotorBike__China_MotorBike_000681,D00,0.392,0.163642,0.8015,FP_duplicate
YOLO11n,China_MotorBike__China_MotorBike_000681,D00,0.3789,0.20996,0.7366,FP_duplicate
YOLO11n,China_MotorBike__China_MotorBike_000681,D00,0.2922,0.214275,0.4887,FP_localization
YOLO11n,China_MotorBike__China_MotorBike_000682,D00,0.7808,0.246476,0.8444,TP
YOLO11n,China_MotorBike__China_MotorBike_000684,D00,0.4716,0.065304,0.8635,TP
YOLO11n,China_MotorBike__China_MotorBike_000684,D10,0.4711,0.045864,0.7148,TP
YOLO11n,China_MotorBike__China_MotorBike_000686,D00,0.8021,0.28271,0.6988,TP
YOLO11n,China_MotorBike__China_MotorBike_000686,D00,0.332,0.026324,0.2767,FP_localization
YOLO11n,China_MotorBike__China_MotorBike_000697,D00,0.8836,0.227229,0.8593,TP
YOLO11n,China_MotorBike__China_MotorBike_000697,D00,0.7094,0.252602,0.6671,TP
YOLO11n,China_MotorBike__China_MotorBike_000697,D00,0.2867,0.211326,0.5466,FP_duplicate
YOLO11n,China_MotorBike__China_MotorBike_000699,D10,0.4638,0.060111,0.7767,TP
YOLO11n,China_MotorBike__China_MotorBike_000699,D00,0.2814,0.025903,0.557,TP
YOLO11n,China_MotorBike__China_MotorBike_000713,D00,0.7667,0.2013,0.8025,TP
YOLO11n,China_MotorBike__China_MotorBike_000721,D00,0.3823,0.286572,0.6697,TP
YOLO11n,China_MotorBike__China_MotorBike_000721,D10,0.2923,0.206638,0.6029,FP_classification
YOLO11n,China_MotorBike__China_MotorBike_000725,D00,0.7415,0.06577,0.242,FP_localization
YOLO11n,China_MotorBike__China_MotorBike_000725,D10,0.6048,0.08574,0.8372,FP_classification
YOLO11n,China_MotorBike__China_MotorBike_000725,D10,0.577,0.073925,0.8037,FP_classification
YOLO11n,China_MotorBike__China_MotorBike_000725,D10,0.2884,0.038641,0.3782,FP_background
YOLO11n,China_MotorBike__China_MotorBike_000738,D20,0.7014,0.225945,0.7557,TP
YOLO11n,China_MotorBike__China_MotorBike_000738,D00,0.2595,0.019395,0.7263,TP
YOLO11n,China_MotorBike__China_MotorBike_000750,D20,0.7482,0.367241,0.9316,TP
YOLO11n,China_MotorBike__China_MotorBike_000750,D20,0.4463,0.545584,0.5866,FP_duplicate
YOLO11n,China_MotorBike__China_MotorBike_000757,D00,0.6799,0.128571,0.6503,TP
YOLO11n,China_MotorBike__China_MotorBike_000757,D00,0.3988,0.097645,0.5634,FP_duplicate
YOLO11n,China_MotorBike__China_MotorBike_000765,D00,0.4623,0.207575,0.7287,TP
YOLO11n,China_MotorBike__China_MotorBike_000765,D10,0.3951,0.034619,0.5904,TP
YOLO11n,China_MotorBike__China_MotorBike_000765,D00,0.3641,0.142464,0.5167,FP_duplicate
YOLO11n,China_MotorBike__China_MotorBike_000765,D00,0.2913,0.096231,0.3673,FP_localization
YOLO11n,China_MotorBike__China_MotorBike_000765,D10,0.2361,0.022974,0.5928,FP_duplicate
YOLO11n,China_MotorBike__China_MotorBike_000769,D00,0.5787,0.216934,0.8645,TP
YOLO11n,China_MotorBike__China_MotorBike_000769,D00,0.4561,0.019314,0.9133,TP
YOLO11n,China_MotorBike__China_MotorBike_000769,D00,0.3973,0.011749,0.4468,FP_localization
YOLO11n,China_MotorBike__China_MotorBike_000769,D00,0.2789,0.268563,0.7144,FP_duplicate
YOLO11n,China_MotorBike__China_MotorBike_000779,D00,0.657,0.068228,0.6721,TP
YOLO11n,China_MotorBike__China_MotorBike_000779,D00,0.2581,0.01469,0.1936,FP_localization
YOLO11n,China_MotorBike__China_MotorBike_000786,D40,0.4228,0.012101,0.6967,TP
YOLO11n,China_MotorBike__China_MotorBike_000786,D40,0.2755,0.007189,0.5958,FP_duplicate
YOLO11n,China_MotorBike__China_MotorBike_000790,D00,0.7397,0.045845,0.9057,TP
YOLO11n,China_MotorBike__China_MotorBike_000790,D20,0.5598,0.03002,0.7653,TP
YOLO11n,China_MotorBike__China_MotorBike_000790,D20,0.5093,0.277261,0.3762,FP_localization
YOLO11n,China_MotorBike__China_MotorBike_000790,D20,0.4038,0.336489,0.6669,TP
YOLO11n,China_MotorBike__China_MotorBike_000796,D00,0.5122,0.073694,0.9085,TP
YOLO11n,China_MotorBike__China_MotorBike_000800,D10,0.4807,0.066364,0.4944,FP_localization
YOLO11n,China_MotorBike__China_MotorBike_000800,D10,0.389,0.122099,0.9061,TP
YOLO11n,China_MotorBike__China_MotorBike_000800,D10,0.2401,0.025212,0.1651,FP_localization
YOLO11n,China_MotorBike__China_MotorBike_000809,D00,0.5764,0.070704,0.6809,TP
YOLO11n,China_MotorBike__China_MotorBike_000814,D00,0.6846,0.200454,0.6688,TP
YOLO11n,China_MotorBike__China_MotorBike_000814,D00,0.6157,0.016168,0.9059,TP
YOLO11n,China_MotorBike__China_MotorBike_000814,D00,0.5291,0.071445,0.6122,TP
YOLO11n,China_MotorBike__China_MotorBike_000814,D00,0.4287,0.023805,0.4486,FP_localization
YOLO11n,China_MotorBike__China_MotorBike_000814,D00,0.4016,0.007037,0.0298,FP_background
YOLO11n,China_MotorBike__China_MotorBike_000814,D00,0.2473,0.031624,0.4772,FP_localization
YOLO11n,China_MotorBike__China_MotorBike_000814,D00,0.2398,0.036792,0.268,FP_localization
YOLO11n,China_MotorBike__China_MotorBike_000828,D00,0.336,0.121437,0.2142,FP_localization
YOLO11n,China_MotorBike__China_MotorBike_000828,D00,0.2967,0.030581,0.8452,TP
YOLO11n,China_MotorBike__China_MotorBike_000838,D00,0.5349,0.104344,0.8716,TP
YOLO11n,China_MotorBike__China_MotorBike_000838,D00,0.3054,0.061965,0.5632,FP_duplicate
YOLO11n,China_MotorBike__China_MotorBike_000841,D40,0.6489,0.003093,0.9708,TP
YOLO11n,China_MotorBike__China_MotorBike_000844,D20,0.8136,0.444235,0.7919,TP
YOLO11n,China_MotorBike__China_MotorBike_000851,D10,0.3661,0.088931,0.5861,TP
YOLO11n,China_MotorBike__China_MotorBike_000851,D10,0.3529,0.078088,0.5888,FP_duplicate
YOLO11n,China_MotorBike__China_MotorBike_000855,D10,0.4654,0.016478,0.2777,FP_localization
YOLO11n,China_MotorBike__China_MotorBike_000855,D10,0.4595,0.040099,0.6272,TP
YOLO11n,China_MotorBike__China_MotorBike_000855,D00,0.4317,0.033991,0.5674,TP
YOLO11n,China_MotorBike__China_MotorBike_000855,D10,0.2895,0.013091,0.573,TP
YOLO11n,China_MotorBike__China_MotorBike_000855,D00,0.2561,0.009047,0.1599,FP_localization
YOLO11n,China_MotorBike__China_MotorBike_000856,D10,0.538,0.029589,0.5662,TP
YOLO11n,China_MotorBike__China_MotorBike_000856,D10,0.5242,0.029638,0.7814,TP
YOLO11n,China_MotorBike__China_MotorBike_000856,D10,0.3621,0.012854,0.7005,TP
YOLO11n,China_MotorBike__China_MotorBike_000856,D10,0.2926,0.003202,0.0,FP_background
YOLO11n,China_MotorBike__China_MotorBike_000860,D10,0.6554,0.157273,0.8581,TP
YOLO11n,China_MotorBike__China_MotorBike_000872,D00,0.7445,0.105669,0.8335,TP
YOLO11n,China_MotorBike__China_MotorBike_000872,D10,0.6219,0.097738,0.5687,TP
YOLO11n,China_MotorBike__China_MotorBike_000872,D10,0.5149,0.07063,0.7474,FP_classification
YOLO11n,China_MotorBike__China_MotorBike_000882,D00,0.4291,0.021394,0.7847,TP
YOLO11n,China_MotorBike__China_MotorBike_000882,D20,0.2543,0.019057,0.4216,FP_localization
YOLO11n,China_MotorBike__China_MotorBike_000882,D20,0.2288,0.012439,0.4897,FP_localization
YOLO11n,China_MotorBike__China_MotorBike_000883,D00,0.6211,0.047069,0.897,TP
YOLO11n,China_MotorBike__China_MotorBike_000883,D00,0.3393,0.044134,0.1959,FP_localization
YOLO11n,China_MotorBike__China_MotorBike_000883,D10,0.2344,0.005534,0.0246,FP_background
YOLO11n,China_MotorBike__China_MotorBike_000887,D00,0.5273,0.062141,0.5142,TP
YOLO11n,China_MotorBike__China_MotorBike_000895,D00,0.6314,0.122749,0.7425,TP
YOLO11n,China_MotorBike__China_MotorBike_000895,D10,0.6219,0.040041,0.7918,TP
YOLO11n,China_MotorBike__China_MotorBike_000895,D10,0.4858,0.034005,0.8483,TP
YOLO11n,China_MotorBike__China_MotorBike_000895,D10,0.3593,0.01756,0.8922,TP
YOLO11n,China_MotorBike__China_MotorBike_000895,D00,0.3438,0.075234,0.3443,FP_localization
YOLO11n,China_MotorBike__China_MotorBike_000895,D00,0.3138,0.01685,0.6976,TP
YOLO11n,China_MotorBike__China_MotorBike_000896,D10,0.6832,0.12744,0.9164,TP
YOLO11n,China_MotorBike__China_MotorBike_000896,D00,0.4172,0.049402,0.7318,TP
YOLO11n,China_MotorBike__China_MotorBike_000896,D00,0.2642,0.082272,0.7922,TP
YOLO11n,China_MotorBike__China_MotorBike_000904,D10,0.5647,0.064299,0.8137,TP
YOLO11n,China_MotorBike__China_MotorBike_000904,D00,0.4767,0.077842,0.7415,TP
YOLO11n,China_MotorBike__China_MotorBike_000904,D10,0.3094,0.073614,0.6918,FP_classification
YOLO11n,China_MotorBike__China_MotorBike_000904,D10,0.2466,0.043874,0.5722,FP_duplicate
YOLO11n,China_MotorBike__China_MotorBike_000911,D00,0.5491,0.01458,0.244,FP_localization
YOLO11n,China_MotorBike__China_MotorBike_000911,D00,0.5299,0.038766,0.5427,TP
YOLO11n,China_MotorBike__China_MotorBike_000911,D10,0.3298,0.101881,0.8081,TP
YOLO11n,China_MotorBike__China_MotorBike_000911,D10,0.2925,0.015366,0.5929,TP
YOLO11n,China_MotorBike__China_MotorBike_000921,D10,0.4941,0.162155,0.786,TP
YOLO11n,China_MotorBike__China_MotorBike_000921,D10,0.336,0.005691,0.0,FP_background
YOLO11n,China_MotorBike__China_MotorBike_000926,D20,0.4541,0.201989,0.6671,TP
YOLO11n,China_MotorBike__China_MotorBike_000926,D10,0.3538,0.01784,0.0044,FP_background
YOLO11n,China_MotorBike__China_MotorBike_000926,D20,0.2573,0.031255,0.0,FP_background
YOLO11n,China_MotorBike__China_MotorBike_000928,D10,0.6972,0.210175,0.8507,TP
YOLO11n,China_MotorBike__China_MotorBike_000930,D20,0.8124,0.418931,0.8747,TP
YOLO11n,China_MotorBike__China_MotorBike_000942,D00,0.3171,0.487038,0.7696,TP
YOLO11n,China_MotorBike__China_MotorBike_000942,D00,0.2999,0.030524,0.7636,TP
YOLO11n,China_MotorBike__China_MotorBike_000942,D00,0.2476,0.335002,0.1756,FP_localization
YOLO11n,China_MotorBike__China_MotorBike_000969,D10,0.7896,0.01112,0.5664,TP
YOLO11n,China_MotorBike__China_MotorBike_000969,D00,0.3356,0.14744,0.7475,TP
YOLO11n,China_MotorBike__China_MotorBike_000971,D40,0.7512,0.002654,0.6508,TP
YOLO11n,China_MotorBike__China_MotorBike_000971,D10,0.4793,0.065171,0.8688,TP
YOLO11n,China_MotorBike__China_MotorBike_000971,D10,0.4386,0.001623,0.0,FP_background
YOLO11n,China_MotorBike__China_MotorBike_000971,D20,0.3366,0.011641,0.5303,TP
YOLO11n,China_MotorBike__China_MotorBike_000971,D10,0.2827,0.032479,0.5162,FP_duplicate
YOLO11n,China_MotorBike__China_MotorBike_000971,D10,0.2296,0.04419,0.6678,FP_duplicate
YOLO11n,China_MotorBike__China_MotorBike_000973,D10,0.51,0.065146,0.8168,TP
YOLO11n,China_MotorBike__China_MotorBike_000973,D00,0.5057,0.069576,0.7029,TP
YOLO11n,China_MotorBike__China_MotorBike_000973,D10,0.2644,0.069035,0.6814,FP_classification
YOLO11n,China_MotorBike__China_MotorBike_000979,D00,0.4928,0.122003,0.6848,TP
YOLO11n,China_MotorBike__China_MotorBike_000979,D10,0.4424,0.035185,0.7795,TP
YOLO11n,China_MotorBike__China_MotorBike_000979,D00,0.3304,0.001301,0.7909,TP
YOLO11n,China_MotorBike__China_MotorBike_000981,D00,0.6336,0.304856,0.4787,FP_localization
YOLO11n,China_MotorBike__China_MotorBike_000981,D00,0.5648,0.124396,0.7666,TP
YOLO11n,China_MotorBike__China_MotorBike_000981,D00,0.3953,0.213436,0.4468,FP_localization
YOLO11n,China_MotorBike__China_MotorBike_000989,D10,0.464,0.024865,0.328,FP_localization
YOLO11n,China_MotorBike__China_MotorBike_000989,D00,0.4388,0.070077,0.5754,TP
YOLO11n,China_MotorBike__China_MotorBike_000989,D10,0.3251,0.078743,0.7925,TP
YOLO11n,China_MotorBike__China_MotorBike_000991,D00,0.6207,0.256563,0.3125,FP_localization
YOLO11n,China_MotorBike__China_MotorBike_000991,D00,0.2589,0.166021,0.1898,FP_localization
YOLO11n,China_MotorBike__China_MotorBike_000996,D00,0.823,0.213864,0.6112,TP
YOLO11n,China_MotorBike__China_MotorBike_000996,D00,0.7579,0.158356,0.5348,TP
YOLO11n,China_MotorBike__China_MotorBike_001014,D00,0.5798,0.063542,0.6498,TP
YOLO11n,China_MotorBike__China_MotorBike_001014,D00,0.4837,0.066653,0.6839,FP_duplicate
YOLO11n,China_MotorBike__China_MotorBike_001014,D10,0.4626,0.01789,0.0,FP_background
YOLO11n,China_MotorBike__China_MotorBike_001021,D20,0.3034,0.014781,0.9001,FP_classification
YOLO11n,China_MotorBike__China_MotorBike_001026,D00,0.565,0.093745,0.8038,TP
YOLO11n,China_MotorBike__China_MotorBike_001026,D00,0.2504,0.135962,0.6284,FP_duplicate
YOLO11n,China_MotorBike__China_MotorBike_001026,D00,0.2323,0.067433,0.5207,FP_duplicate
YOLO11n,China_MotorBike__China_MotorBike_001027,D10,0.5178,0.079402,0.3699,FP_localization
YOLO11n,China_MotorBike__China_MotorBike_001027,D10,0.4219,0.03669,0.8006,TP
YOLO11n,China_MotorBike__China_MotorBike_001027,D10,0.3316,0.019455,0.6741,TP
YOLO11n,China_MotorBike__China_MotorBike_001030,D10,0.4856,0.117747,0.7335,TP
YOLO11n,China_MotorBike__China_MotorBike_001033,D10,0.5392,0.034712,0.6249,TP
YOLO11n,China_MotorBike__China_MotorBike_001033,D40,0.4993,0.000685,0.6619,TP
YOLO11n,China_MotorBike__China_MotorBike_001033,D40,0.4466,0.004145,0.1546,FP_localization
YOLO11n,China_MotorBike__China_MotorBike_001033,D40,0.264,0.002319,0.275,FP_localization
YOLO11n,China_MotorBike__China_MotorBike_001033,D40,0.2507,0.001091,0.5876,TP
YOLO11n,China_MotorBike__China_MotorBike_001043,D00,0.4517,0.013727,0.4476,FP_localization
YOLO11n,China_MotorBike__China_MotorBike_001043,D00,0.229,0.002519,0.329,FP_localization
YOLO11n,China_MotorBike__China_MotorBike_001066,D00,0.7078,0.029708,0.842,TP
YOLO11n,China_MotorBike__China_MotorBike_001066,D00,0.6169,0.016641,0.7275,TP
YOLO11n,China_MotorBike__China_MotorBike_001066,D00,0.5535,0.092364,0.9027,TP
YOLO11n,China_MotorBike__China_MotorBike_001066,D00,0.3886,0.052325,0.4806,FP_localization
YOLO11n,China_MotorBike__China_MotorBike_001087,D00,0.8251,0.115136,0.9259,TP
YOLO11n,China_MotorBike__China_MotorBike_001087,D00,0.527,0.306867,0.5164,TP
YOLO11n,China_MotorBike__China_MotorBike_001094,D10,0.2782,0.107745,0.5435,TP
YOLO11n,China_MotorBike__China_MotorBike_001102,D00,0.6697,0.091886,0.4577,FP_localization
YOLO11n,China_MotorBike__China_MotorBike_001114,D10,0.5988,0.032362,0.797,TP
YOLO11n,China_MotorBike__China_MotorBike_001114,D00,0.3463,0.098717,0.744,TP
YOLO11n,China_MotorBike__China_MotorBike_001117,D00,0.3078,0.048685,0.3716,FP_localization
YOLO11n,China_MotorBike__China_MotorBike_001122,D00,0.597,0.113834,0.3062,FP_localization
YOLO11n,China_MotorBike__China_MotorBike_001122,D10,0.3776,0.015355,0.2611,FP_localization
YOLO11n,China_MotorBike__China_MotorBike_001122,D10,0.3725,0.05294,0.7699,TP
YOLO11n,China_MotorBike__China_MotorBike_001122,D10,0.2727,0.046177,0.5399,FP_duplicate
YOLO11n,China_MotorBike__China_MotorBike_001126,D20,0.6365,0.182189,0.9557,TP
YOLO11n,China_MotorBike__China_MotorBike_001126,D00,0.3221,0.006136,0.917,TP
YOLO11n,China_MotorBike__China_MotorBike_001126,D20,0.3097,0.123234,0.6505,FP_duplicate
YOLO11n,China_MotorBike__China_MotorBike_001129,D00,0.4956,0.066726,0.4098,FP_localization
YOLO11n,China_MotorBike__China_MotorBike_001131,D00,0.7494,0.238559,0.9126,TP
YOLO11n,China_MotorBike__China_MotorBike_001131,D00,0.4139,0.026736,0.7859,TP
YOLO11n,China_MotorBike__China_MotorBike_001131,D00,0.2612,0.18781,0.7375,FP_duplicate
YOLO11n,China_MotorBike__China_MotorBike_001139,D10,0.5676,0.014704,0.6488,TP
YOLO11n,China_MotorBike__China_MotorBike_001139,D10,0.5634,0.028161,0.6616,TP
YOLO11n,China_MotorBike__China_MotorBike_001139,D00,0.3207,0.00751,0.3993,FP_localization
YOLO11n,China_MotorBike__China_MotorBike_001139,D10,0.3033,0.004714,0.0,FP_background
YOLO11n,China_MotorBike__China_MotorBike_001139,D00,0.2732,0.003979,0.3451,FP_localization
YOLO11n,China_MotorBike__China_MotorBike_001151,D20,0.2665,0.279373,0.8125,TP
YOLO11n,China_MotorBike__China_MotorBike_001151,D20,0.2565,0.66541,0.3411,FP_localization
YOLO11n,China_MotorBike__China_MotorBike_001151,D20,0.2454,0.130266,0.4838,FP_localization
YOLO11n,China_MotorBike__China_MotorBike_001151,D20,0.2305,0.189467,0.6288,FP_duplicate
YOLO11n,China_MotorBike__China_MotorBike_001153,D20,0.773,0.633171,0.9359,TP
YOLO11n,China_MotorBike__China_MotorBike_001161,D10,0.4538,0.132086,0.7767,TP
YOLO11n,China_MotorBike__China_MotorBike_001161,D10,0.3958,0.083448,0.4123,FP_localization
YOLO11n,China_MotorBike__China_MotorBike_001161,D10,0.2956,0.049946,0.3075,FP_localization
YOLO11n,China_MotorBike__China_MotorBike_001165,D00,0.6883,0.002945,0.3497,FP_localization
YOLO11n,China_MotorBike__China_MotorBike_001165,D10,0.5448,0.13879,0.7982,TP
YOLO11n,China_MotorBike__China_MotorBike_001165,D10,0.313,0.07823,0.5023,FP_duplicate
YOLO11n,China_MotorBike__China_MotorBike_001165,D10,0.2308,0.100995,0.6577,FP_duplicate
YOLO11n,China_MotorBike__China_MotorBike_001178,D00,0.4457,0.057621,0.2876,FP_localization
YOLO11n,China_MotorBike__China_MotorBike_001187,D00,0.4626,0.062353,0.9515,TP
YOLO11n,China_MotorBike__China_MotorBike_001194,D00,0.3644,0.012323,0.0,FP_background
YOLO11n,China_MotorBike__China_MotorBike_001194,D10,0.355,0.068313,0.6666,TP
YOLO11n,China_MotorBike__China_MotorBike_001194,D00,0.2553,0.012085,0.4527,FP_localization
YOLO11n,China_MotorBike__China_MotorBike_001219,D00,0.8033,0.369401,0.8574,TP
YOLO11n,China_MotorBike__China_MotorBike_001219,D00,0.6294,0.074457,0.6802,TP
YOLO11n,China_MotorBike__China_MotorBike_001219,D00,0.6082,0.27944,0.603,TP
YOLO11n,China_MotorBike__China_MotorBike_001219,D00,0.5894,0.220951,0.5513,FP_duplicate
YOLO11n,China_MotorBike__China_MotorBike_001219,D00,0.5474,0.188238,0.9281,FP_duplicate
YOLO11n,China_MotorBike__China_MotorBike_001219,D00,0.2361,0.059113,0.8131,TP
YOLO11n,China_MotorBike__China_MotorBike_001224,D20,0.8036,0.169498,0.7496,TP
YOLO11n,China_MotorBike__China_MotorBike_001224,D20,0.2289,0.087195,0.0,FP_background
YOLO11n,China_MotorBike__China_MotorBike_001225,D00,0.4893,0.066104,0.5154,TP
YOLO11n,China_MotorBike__China_MotorBike_001232,D10,0.5208,0.143468,0.7996,TP
YOLO11n,China_MotorBike__China_MotorBike_001248,D10,0.6596,0.246962,0.8151,TP
YOLO11n,China_MotorBike__China_MotorBike_001273,D10,0.5894,0.22433,0.8485,TP
YOLO11n,China_MotorBike__China_MotorBike_001277,D10,0.5955,0.050881,0.7449,TP
YOLO11n,China_MotorBike__China_MotorBike_001277,D00,0.4981,0.003163,0.697,TP
YOLO11n,China_MotorBike__China_MotorBike_001277,D10,0.3039,0.011753,0.6427,TP
YOLO11n,China_MotorBike__China_MotorBike_001277,D10,0.23,0.152781,0.2772,FP_localization
YOLO11n,China_MotorBike__China_MotorBike_001285,D20,0.6652,0.872953,0.9811,TP
YOLO11n,China_MotorBike__China_MotorBike_001287,D00,0.5551,0.206936,0.5889,TP
YOLO11n,China_MotorBike__China_MotorBike_001287,D10,0.4975,0.067667,0.8184,TP
YOLO11n,China_MotorBike__China_MotorBike_001287,D00,0.4368,0.042203,0.3658,FP_localization
YOLO11n,China_MotorBike__China_MotorBike_001287,D00,0.395,0.408332,0.3023,FP_localization
YOLO11n,China_MotorBike__China_MotorBike_001287,D00,0.3048,0.024357,0.5401,TP
YOLO11n,China_MotorBike__China_MotorBike_001287,D10,0.2913,0.009835,0.4872,FP_localization
YOLO11n,China_MotorBike__China_MotorBike_001289,D10,0.6061,0.130512,0.6904,TP
YOLO11n,China_MotorBike__China_MotorBike_001289,D10,0.2366,0.091333,0.7392,FP_duplicate
YOLO11n,China_MotorBike__China_MotorBike_001300,D40,0.2615,0.006165,0.6451,TP
YOLO11n,China_MotorBike__China_MotorBike_001304,D00,0.6532,0.164908,0.8462,TP
YOLO11n,China_MotorBike__China_MotorBike_001313,D00,0.6922,0.09654,0.762,TP
YOLO11n,China_MotorBike__China_MotorBike_001326,D20,0.5688,0.364478,0.6897,TP
YOLO11n,China_MotorBike__China_MotorBike_001326,D20,0.4907,0.553215,0.8908,FP_duplicate
YOLO11n,China_MotorBike__China_MotorBike_001326,D10,0.4492,0.014191,0.8129,TP
YOLO11n,China_MotorBike__China_MotorBike_001331,D00,0.6455,0.015033,0.7004,TP
YOLO11n,China_MotorBike__China_MotorBike_001331,D00,0.545,0.080751,0.8817,TP
YOLO11n,China_MotorBike__China_MotorBike_001331,D00,0.3861,0.455044,0.1718,FP_localization
YOLO11n,China_MotorBike__China_MotorBike_001337,D10,0.5764,0.153818,0.9195,TP
YOLO11n,China_MotorBike__China_MotorBike_001337,D10,0.402,0.122327,0.7291,FP_duplicate
YOLO11n,China_MotorBike__China_MotorBike_001339,D00,0.5726,0.186426,0.7182,TP
YOLO11n,China_MotorBike__China_MotorBike_001339,D10,0.5538,0.163127,0.7966,TP
YOLO11n,China_MotorBike__China_MotorBike_001349,D00,0.6111,0.005017,0.7528,TP
YOLO11n,China_MotorBike__China_MotorBike_001349,D10,0.5347,0.051955,0.897,TP
YOLO11n,China_MotorBike__China_MotorBike_001349,D10,0.3254,0.017996,0.555,TP
YOLO11n,China_MotorBike__China_MotorBike_001350,D40,0.7661,0.004476,0.7872,TP
YOLO11n,China_MotorBike__China_MotorBike_001350,D40,0.3868,0.007749,0.5079,FP_duplicate
YOLO11n,China_MotorBike__China_MotorBike_001354,D00,0.5678,0.103902,0.7233,TP
YOLO11n,China_MotorBike__China_MotorBike_001354,D00,0.3646,0.072819,0.8159,FP_duplicate
YOLO11n,China_MotorBike__China_MotorBike_001356,D20,0.6709,0.448003,0.8772,TP
YOLO11n,China_MotorBike__China_MotorBike_001365,D00,0.7148,0.228312,0.6606,TP
YOLO11n,China_MotorBike__China_MotorBike_001365,D10,0.6602,0.234133,0.6874,FP_classification
YOLO11n,China_MotorBike__China_MotorBike_001365,D00,0.2525,0.022771,0.0626,FP_background
YOLO11n,China_MotorBike__China_MotorBike_001367,D00,0.7923,0.095941,0.6646,TP
YOLO11n,China_MotorBike__China_MotorBike_001367,D20,0.5605,0.084113,0.6316,TP
YOLO11n,China_MotorBike__China_MotorBike_001367,D20,0.3211,0.053408,0.6431,FP_duplicate
YOLO11n,China_MotorBike__China_MotorBike_001368,D00,0.6514,0.183041,0.9404,TP
YOLO11n,China_MotorBike__China_MotorBike_001377,D20,0.5431,0.250401,0.6243,TP
YOLO11n,China_MotorBike__China_MotorBike_001383,D20,0.6986,0.716629,0.8649,TP
YOLO11n,China_MotorBike__China_MotorBike_001384,D00,0.7705,0.133534,0.8021,TP
YOLO11n,China_MotorBike__China_MotorBike_001385,D00,0.6135,0.021836,0.0,FP_background
YOLO11n,China_MotorBike__China_MotorBike_001385,D00,0.4106,0.080886,0.0,FP_background
YOLO11n,China_MotorBike__China_MotorBike_001385,D00,0.3386,0.008195,0.5144,TP
YOLO11n,China_MotorBike__China_MotorBike_001385,D10,0.3316,0.007488,0.0,FP_background
YOLO11n,China_MotorBike__China_MotorBike_001390,D00,0.6077,0.222915,0.7115,TP
YOLO11n,China_MotorBike__China_MotorBike_001390,D10,0.4154,0.042187,0.8036,TP
YOLO11n,China_MotorBike__China_MotorBike_001390,D00,0.3754,0.166682,0.5467,FP_duplicate
YOLO11n,China_MotorBike__China_MotorBike_001409,D00,0.6519,0.148127,0.6416,TP
YOLO11n,China_MotorBike__China_MotorBike_001409,D20,0.6019,0.436024,0.5104,TP
YOLO11n,China_MotorBike__China_MotorBike_001409,D00,0.3558,0.233398,0.8243,FP_duplicate
YOLO11n,China_MotorBike__China_MotorBike_001409,D10,0.3505,0.027184,0.0789,FP_background
YOLO11n,China_MotorBike__China_MotorBike_001409,D20,0.3473,0.19385,0.8358,TP
YOLO11n,China_MotorBike__China_MotorBike_001412,D00,0.6083,0.103273,0.8888,TP
YOLO11n,China_MotorBike__China_MotorBike_001412,D00,0.3393,0.062769,0.5519,FP_duplicate
YOLO11n,China_MotorBike__China_MotorBike_001413,D00,0.6617,0.055045,0.7511,TP
YOLO11n,China_MotorBike__China_MotorBike_001413,D10,0.5676,0.068676,0.768,TP
YOLO11n,China_MotorBike__China_MotorBike_001413,D00,0.4345,0.016899,0.8533,TP
YOLO11n,China_MotorBike__China_MotorBike_001420,D10,0.5751,0.034628,0.694,TP
YOLO11n,China_MotorBike__China_MotorBike_001420,D10,0.3924,0.083578,0.2875,FP_localization
YOLO11n,China_MotorBike__China_MotorBike_001429,D00,0.5058,0.089027,0.7846,TP
YOLO11n,China_MotorBike__China_MotorBike_001429,D00,0.371,0.095792,0.6914,FP_duplicate
YOLO11n,China_MotorBike__China_MotorBike_001429,D10,0.2963,0.019461,0.9295,TP
YOLO11n,China_MotorBike__China_MotorBike_001430,D20,0.6487,0.23484,0.9164,TP
YOLO11n,China_MotorBike__China_MotorBike_001434,D00,0.5395,0.107157,0.884,TP
YOLO11n,China_MotorBike__China_MotorBike_001434,D00,0.3487,0.068661,0.596,FP_duplicate
YOLO11n,China_MotorBike__China_MotorBike_001436,D20,0.6008,0.199908,0.7332,TP
YOLO11n,China_MotorBike__China_MotorBike_001437,D40,0.5465,0.00392,0.846,TP
YOLO11n,China_MotorBike__China_MotorBike_001446,D10,0.5344,0.148658,0.9186,TP
YOLO11n,China_MotorBike__China_MotorBike_001446,D10,0.4928,0.02202,0.1356,FP_localization
YOLO11n,China_MotorBike__China_MotorBike_001446,D10,0.3384,0.102374,0.6306,FP_duplicate
YOLO11n,China_MotorBike__China_MotorBike_001458,D10,0.5421,0.016,0.6998,TP
YOLO11n,China_MotorBike__China_MotorBike_001458,D00,0.3909,0.074111,0.8274,TP
YOLO11n,China_MotorBike__China_MotorBike_001458,D00,0.3216,0.053588,0.8056,FP_duplicate
YOLO11n,China_MotorBike__China_MotorBike_001461,D10,0.4916,0.274182,0.6233,TP
YOLO11n,China_MotorBike__China_MotorBike_001461,D10,0.4493,0.109996,0.8817,TP
YOLO11n,China_MotorBike__China_MotorBike_001461,D10,0.3397,0.090179,0.6673,FP_duplicate
YOLO11n,China_MotorBike__China_MotorBike_001461,D20,0.3009,0.257794,0.6392,FP_classification
YOLO11n,China_MotorBike__China_MotorBike_001472,D10,0.6837,0.22754,0.6772,TP
YOLO11n,China_MotorBike__China_MotorBike_001500,D10,0.5192,0.288045,0.8306,FP_classification
YOLO11n,China_MotorBike__China_MotorBike_001500,D00,0.4179,0.290913,0.7314,TP
YOLO11n,China_MotorBike__China_MotorBike_001500,D00,0.2693,0.27876,0.8169,FP_duplicate
YOLO11n,China_MotorBike__China_MotorBike_001505,D10,0.6826,0.116663,0.7543,TP
YOLO11n,China_MotorBike__China_MotorBike_001508,D40,0.5623,0.002824,0.1413,FP_localization
YOLO11n,China_MotorBike__China_MotorBike_001508,D40,0.511,0.019433,0.8344,TP
YOLO11n,China_MotorBike__China_MotorBike_001519,D10,0.5239,0.04239,0.873,TP
YOLO11n,China_MotorBike__China_MotorBike_001519,D00,0.4886,0.084952,0.6196,TP
YOLO11n,China_MotorBike__China_MotorBike_001519,D00,0.3807,0.009094,0.6454,TP
YOLO11n,China_MotorBike__China_MotorBike_001519,D00,0.3486,0.124696,0.8884,FP_duplicate
YOLO11n,China_MotorBike__China_MotorBike_001519,D00,0.3348,0.009288,0.0774,FP_background
YOLO11n,China_MotorBike__China_MotorBike_001519,D00,0.2982,0.006415,0.4279,FP_localization
YOLO11n,China_MotorBike__China_MotorBike_001519,D00,0.2837,0.014323,0.8614,FP_duplicate
YOLO11n,China_MotorBike__China_MotorBike_001519,D10,0.2791,0.027202,0.7077,FP_duplicate
YOLO11n,China_MotorBike__China_MotorBike_001520,D00,0.6787,0.284853,0.3272,FP_localization
YOLO11n,China_MotorBike__China_MotorBike_001520,D00,0.5646,0.043225,0.8546,TP
YOLO11n,China_MotorBike__China_MotorBike_001520,D00,0.5492,0.067056,0.6976,FP_duplicate
YOLO11n,China_MotorBike__China_MotorBike_001520,D00,0.2533,0.019293,0.3852,FP_localization
YOLO11n,China_MotorBike__China_MotorBike_001540,D00,0.8101,0.113003,0.8949,TP
YOLO11n,China_MotorBike__China_MotorBike_001540,D10,0.6644,0.126983,0.9339,TP
YOLO11n,China_MotorBike__China_MotorBike_001540,D10,0.3508,0.081785,0.5731,FP_duplicate
YOLO11n,China_MotorBike__China_MotorBike_001540,D00,0.2897,0.00344,0.0,FP_background
YOLO11n,China_MotorBike__China_MotorBike_001553,D00,0.8665,0.11374,0.5551,TP
YOLO11n,China_MotorBike__China_MotorBike_001553,D00,0.7765,0.242229,0.6782,TP
YOLO11n,China_MotorBike__China_MotorBike_001554,D10,0.4398,0.227155,0.61,TP
YOLO11n,China_MotorBike__China_MotorBike_001568,D20,0.5721,0.871747,0.8886,TP
YOLO11n,China_MotorBike__China_MotorBike_001568,D20,0.3206,0.576318,0.6214,FP_duplicate
YOLO11n,China_MotorBike__China_MotorBike_001568,D20,0.2672,0.36993,0.3515,FP_localization
YOLO11n,China_MotorBike__China_MotorBike_001573,D10,0.6189,0.034531,0.7165,TP
YOLO11n,China_MotorBike__China_MotorBike_001573,D10,0.3034,0.022783,0.487,FP_localization
YOLO11n,China_MotorBike__China_MotorBike_001574,D00,0.2733,0.09283,0.8108,TP
YOLO11n,China_MotorBike__China_MotorBike_001574,D00,0.2461,0.012175,0.1325,FP_localization
YOLO11n,China_MotorBike__China_MotorBike_001574,D00,0.2442,0.034269,0.9207,TP
YOLO11n,China_MotorBike__China_MotorBike_001574,D00,0.2285,0.009781,0.1064,FP_localization
YOLO11n,China_MotorBike__China_MotorBike_001575,D00,0.8713,0.17777,0.7879,TP
YOLO11n,China_MotorBike__China_MotorBike_001575,D10,0.5291,0.008949,0.7379,TP
YOLO11n,China_MotorBike__China_MotorBike_001575,D10,0.386,0.00782,0.6732,TP
YOLO11n,China_MotorBike__China_MotorBike_001575,D10,0.338,0.030136,0.2484,FP_localization
YOLO11n,China_MotorBike__China_MotorBike_001582,D10,0.4312,0.097917,0.7494,TP
YOLO11n,China_MotorBike__China_MotorBike_001582,D20,0.3892,0.082473,0.0153,FP_background
YOLO11n,China_MotorBike__China_MotorBike_001582,D10,0.2385,0.024424,0.2198,FP_localization
YOLO11n,China_MotorBike__China_MotorBike_001600,D20,0.6122,0.166085,0.7224,TP
YOLO11n,China_MotorBike__China_MotorBike_001600,D00,0.3357,0.037576,0.6262,TP
YOLO11n,China_MotorBike__China_MotorBike_001605,D20,0.5937,0.323771,0.9691,TP
YOLO11n,China_MotorBike__China_MotorBike_001613,D00,0.7867,0.263957,0.6948,TP
YOLO11n,China_MotorBike__China_MotorBike_001613,D00,0.2384,0.376545,0.487,FP_localization
YOLO11n,China_MotorBike__China_MotorBike_001614,D00,0.718,0.029081,0.7327,TP
YOLO11n,China_MotorBike__China_MotorBike_001614,D00,0.6737,0.171917,0.823,TP
YOLO11n,China_MotorBike__China_MotorBike_001614,D00,0.5677,0.044749,0.6395,TP
YOLO11n,China_MotorBike__China_MotorBike_001614,D00,0.3258,0.207995,0.1376,FP_localization
YOLO11n,China_MotorBike__China_MotorBike_001614,D00,0.296,0.022335,0.6349,TP
YOLO11n,China_MotorBike__China_MotorBike_001614,D00,0.2612,0.073892,0.1833,FP_localization
YOLO11n,China_MotorBike__China_MotorBike_001616,D00,0.7369,0.246716,0.7555,TP
YOLO11n,China_MotorBike__China_MotorBike_001616,D00,0.6897,0.014178,0.8708,TP
YOLO11n,China_MotorBike__China_MotorBike_001616,D00,0.4969,0.089966,0.3777,FP_localization
YOLO11n,China_MotorBike__China_MotorBike_001616,D00,0.3277,0.016079,0.4266,FP_localization
YOLO11n,China_MotorBike__China_MotorBike_001616,D00,0.3068,0.050964,0.6668,TP
YOLO11n,China_MotorBike__China_MotorBike_001616,D00,0.2704,0.041194,0.4339,FP_localization
YOLO11n,China_MotorBike__China_MotorBike_001616,D00,0.2384,0.088097,0.2029,FP_localization
YOLO11n,China_MotorBike__China_MotorBike_001618,D00,0.7317,0.143019,0.7426,TP
YOLO11n,China_MotorBike__China_MotorBike_001618,D00,0.5257,0.013687,0.9249,TP
YOLO11n,China_MotorBike__China_MotorBike_001622,D10,0.4343,0.099046,0.6984,TP
YOLO11n,China_MotorBike__China_MotorBike_001662,D10,0.6284,0.017515,0.7576,TP
YOLO11n,China_MotorBike__China_MotorBike_001662,D10,0.2746,0.012237,0.86,TP
YOLO11n,China_MotorBike__China_MotorBike_001662,D10,0.269,0.037589,0.8316,TP
YOLO11n,China_MotorBike__China_MotorBike_001662,D40,0.2664,0.002437,0.7876,TP
YOLO11n,China_MotorBike__China_MotorBike_001662,D00,0.2347,0.003392,0.7034,TP
YOLO11n,China_MotorBike__China_MotorBike_001679,D00,0.694,0.215264,0.828,TP
YOLO11n,China_MotorBike__China_MotorBike_001686,D00,0.4204,0.164197,0.4987,FP_localization
YOLO11n,China_MotorBike__China_MotorBike_001686,D10,0.4202,0.173446,0.6962,FP_classification
YOLO11n,China_MotorBike__China_MotorBike_001686,D10,0.3554,0.1161,0.4802,FP_background
YOLO11n,China_MotorBike__China_MotorBike_001700,D10,0.532,0.093767,0.8243,TP
YOLO11n,China_MotorBike__China_MotorBike_001707,D00,0.5367,0.064792,0.8061,TP
YOLO11n,China_MotorBike__China_MotorBike_001708,D00,0.6153,0.203142,0.8354,TP
YOLO11n,China_MotorBike__China_MotorBike_001708,D00,0.2666,0.141956,0.6515,FP_duplicate
YOLO11n,China_MotorBike__China_MotorBike_001712,D00,0.5548,0.083671,0.8456,TP
YOLO11n,China_MotorBike__China_MotorBike_001724,D00,0.6928,0.228595,0.8747,TP
YOLO11n,China_MotorBike__China_MotorBike_001724,D00,0.5984,0.343387,0.6433,FP_duplicate
YOLO11n,China_MotorBike__China_MotorBike_001727,D20,0.7014,0.253146,0.9118,TP
YOLO11n,China_MotorBike__China_MotorBike_001733,D20,0.7056,0.794982,0.8885,TP
YOLO11n,China_MotorBike__China_MotorBike_001733,D20,0.2858,0.545044,0.6195,FP_duplicate
YOLO11n,China_MotorBike__China_MotorBike_001741,D00,0.7936,0.276288,0.8744,TP
YOLO11n,China_MotorBike__China_MotorBike_001741,D00,0.7805,0.229512,0.5423,TP
YOLO11n,China_MotorBike__China_MotorBike_001741,D00,0.5159,0.021542,0.0558,FP_background
YOLO11n,China_MotorBike__China_MotorBike_001741,D00,0.4411,0.383207,0.9559,FP_duplicate
YOLO11n,China_MotorBike__China_MotorBike_001741,D00,0.229,0.182204,0.7515,FP_duplicate
YOLO11n,China_MotorBike__China_MotorBike_001749,D10,0.7195,0.068802,0.9272,TP
YOLO11n,China_MotorBike__China_MotorBike_001749,D00,0.6721,0.055014,0.9632,TP
YOLO11n,China_MotorBike__China_MotorBike_001749,D10,0.5158,0.093415,0.4565,FP_localization
YOLO11n,China_MotorBike__China_MotorBike_001749,D10,0.3445,0.040417,0.1833,FP_localization
YOLO11n,China_MotorBike__China_MotorBike_001749,D10,0.2822,0.13131,0.6597,TP
YOLO11n,China_MotorBike__China_MotorBike_001751,D00,0.5196,0.099725,0.9304,TP
YOLO11n,China_MotorBike__China_MotorBike_001751,D00,0.5133,0.266405,0.3444,FP_localization
YOLO11n,China_MotorBike__China_MotorBike_001751,D00,0.2517,0.1284,0.4915,FP_localization
YOLO11n,China_MotorBike__China_MotorBike_001753,D00,0.4385,0.093468,0.9205,TP
YOLO11n,China_MotorBike__China_MotorBike_001753,D00,0.43,0.332135,0.7693,TP
YOLO11n,China_MotorBike__China_MotorBike_001758,D00,0.5053,0.064546,0.5138,TP
YOLO11n,China_MotorBike__China_MotorBike_001760,D00,0.6344,0.180115,0.5865,TP
YOLO11n,China_MotorBike__China_MotorBike_001760,D10,0.5733,0.019541,0.2159,FP_localization
YOLO11n,China_MotorBike__China_MotorBike_001765,D20,0.5832,0.292271,0.8579,TP
YOLO11n,China_MotorBike__China_MotorBike_001765,D20,0.4261,0.211654,0.3838,FP_localization
YOLO11n,China_MotorBike__China_MotorBike_001773,D10,0.4245,0.099324,0.6152,FP_classification
YOLO11n,China_MotorBike__China_MotorBike_001773,D10,0.371,0.086352,0.7693,TP
YOLO11n,China_MotorBike__China_MotorBike_001773,D10,0.284,0.021822,0.2695,FP_localization
YOLO11n,China_MotorBike__China_MotorBike_001773,D10,0.2595,0.00778,0.0845,FP_background
YOLO11n,China_MotorBike__China_MotorBike_001782,D00,0.5415,0.065275,0.9011,TP
YOLO11n,China_MotorBike__China_MotorBike_001786,D00,0.5692,0.101909,0.817,TP
YOLO11n,China_MotorBike__China_MotorBike_001786,D00,0.2692,0.07857,0.8092,FP_duplicate
YOLO11n,China_MotorBike__China_MotorBike_001810,D10,0.3812,0.256605,0.6554,FP_classification
YOLO11n,China_MotorBike__China_MotorBike_001810,D00,0.2599,0.243326,0.4142,FP_localization
YOLO11n,China_MotorBike__China_MotorBike_001810,D00,0.2388,0.313534,0.7745,TP
YOLO11n,China_MotorBike__China_MotorBike_001810,D10,0.2322,0.342463,0.8224,FP_classification
YOLO11n,China_MotorBike__China_MotorBike_001811,D40,0.6969,0.004334,0.8636,TP
YOLO11n,China_MotorBike__China_MotorBike_001829,D00,0.5606,0.110227,0.7522,TP
YOLO11n,China_MotorBike__China_MotorBike_001829,D00,0.3497,0.078395,0.8468,FP_duplicate
YOLO11n,China_MotorBike__China_MotorBike_001838,D00,0.5302,0.044709,0.2258,FP_localization
YOLO11n,China_MotorBike__China_MotorBike_001840,D00,0.2793,0.060411,0.2998,FP_localization
YOLO11n,China_MotorBike__China_MotorBike_001840,D00,0.2683,0.086583,0.3994,FP_localization
YOLO11n,China_MotorBike__China_MotorBike_001842,D40,0.6301,0.002778,0.6263,TP
YOLO11n,China_MotorBike__China_MotorBike_001842,D10,0.6062,0.093786,0.4859,FP_localization
YOLO11n,China_MotorBike__China_MotorBike_001842,D10,0.3448,0.06867,0.6759,TP
YOLO11n,China_MotorBike__China_MotorBike_001842,D10,0.2965,0.001694,0.0,FP_background
YOLO11n,China_MotorBike__China_MotorBike_001846,D00,0.5751,0.090853,0.8475,TP
YOLO11n,China_MotorBike__China_MotorBike_001846,D00,0.3222,0.063867,0.5999,FP_duplicate
YOLO11n,China_MotorBike__China_MotorBike_001846,D10,0.2881,0.015033,0.7075,TP
YOLO11n,China_MotorBike__China_MotorBike_001859,D10,0.6663,0.106645,0.8544,TP
YOLO11n,China_MotorBike__China_MotorBike_001859,D10,0.263,0.062836,0.6154,FP_duplicate
YOLO11n,China_MotorBike__China_MotorBike_001879,D00,0.4426,0.057285,0.8224,TP
YOLO11n,China_MotorBike__China_MotorBike_001879,D20,0.3274,0.076699,0.532,TP
YOLO11n,China_MotorBike__China_MotorBike_001879,D20,0.2731,0.096707,0.706,FP_duplicate
YOLO11n,China_MotorBike__China_MotorBike_001881,D00,0.5439,0.001654,0.7149,TP
YOLO11n,China_MotorBike__China_MotorBike_001881,D10,0.4847,0.086154,0.8137,TP
YOLO11n,China_MotorBike__China_MotorBike_001881,D10,0.4238,0.057592,0.5595,FP_duplicate
YOLO11n,China_MotorBike__China_MotorBike_001881,D10,0.384,0.124199,0.6605,FP_duplicate
YOLO11n,China_MotorBike__China_MotorBike_001881,D00,0.3383,0.300621,0.785,TP
YOLO11n,China_MotorBike__China_MotorBike_001881,D00,0.3374,0.284235,0.7069,FP_duplicate
YOLO11n,China_MotorBike__China_MotorBike_001918,D20,0.6321,0.243061,0.8754,TP
YOLO11n,China_MotorBike__China_MotorBike_001921,D00,0.5657,0.002177,0.6057,TP
YOLO11n,China_MotorBike__China_MotorBike_001921,D10,0.4757,0.11784,0.7203,TP
YOLO11n,China_MotorBike__China_MotorBike_001921,D10,0.2501,0.077136,0.5241,FP_duplicate
YOLO11n,China_MotorBike__China_MotorBike_001921,D10,0.2403,0.070299,0.4847,FP_localization
YOLO11n,China_MotorBike__China_MotorBike_001929,D00,0.5585,0.085535,0.2662,FP_localization
YOLO11n,China_MotorBike__China_MotorBike_001929,D00,0.4065,0.193492,0.1756,FP_localization
YOLO11n,China_MotorBike__China_MotorBike_001929,D00,0.2606,0.066539,0.927,TP
YOLO11n,China_MotorBike__China_MotorBike_001929,D00,0.2419,0.062067,0.4056,FP_localization
YOLO11n,China_MotorBike__China_MotorBike_001961,D10,0.5498,0.167177,0.8327,TP
YOLO11n,China_MotorBike__China_MotorBike_001961,D10,0.3861,0.014829,0.0,FP_background
YOLO11n,China_MotorBike__China_MotorBike_001966,D00,0.6831,0.054719,0.8712,TP
YOLO11n,China_MotorBike__China_MotorBike_001966,D00,0.6468,0.233434,0.6564,TP
YOLO11n,China_MotorBike__China_MotorBike_001966,D00,0.6361,0.172569,0.4872,FP_localization
YOLO11n,China_MotorBike__China_MotorBike_001967,D00,0.2497,0.041096,0.515,TP
YOLO11n,China_MotorBike__China_MotorBike_001973,D00,0.7578,0.055117,0.9091,TP
YOLO11n,China_MotorBike__China_MotorBike_001973,D10,0.717,0.075974,0.424,FP_localization
YOLO11n,China_MotorBike__China_MotorBike_001973,D00,0.7106,0.116838,0.5119,TP
YOLO11n,China_MotorBike__China_MotorBike_001973,D00,0.2547,0.015993,0.021,FP_background
YOLO11n,Czech__Czech_000133,D40,0.3073,0.002061,0.0,FP_background
YOLO11n,Czech__Czech_000204,D00,0.5254,0.031055,0.7455,TP
YOLO11n,Czech__Czech_000248,D20,0.229,0.083321,0.4033,FP_localization
YOLO11n,Czech__Czech_000296,D00,0.2404,0.022625,0.3785,FP_localization
YOLO11n,Czech__Czech_000309,D00,0.2436,0.039212,0.0,FP_background
YOLO11n,Czech__Czech_000402,D20,0.3942,0.019358,0.5342,TP
YOLO11n,Czech__Czech_000402,D20,0.3082,0.033104,0.7724,FP_duplicate
YOLO11n,Czech__Czech_000426,D00,0.284,0.008503,0.4567,FP_localization
YOLO11n,Czech__Czech_000459,D00,0.2532,0.002825,0.7553,TP
YOLO11n,Czech__Czech_000472,D10,0.2883,0.012823,0.8111,TP
YOLO11n,Czech__Czech_000594,D20,0.2633,0.040881,0.5932,TP
YOLO11n,Czech__Czech_000599,D40,0.3487,0.006121,0.075,FP_background
YOLO11n,Czech__Czech_000677,D00,0.4953,0.004248,0.4502,FP_localization
YOLO11n,Czech__Czech_000737,D00,0.3312,0.004907,0.682,TP
YOLO11n,Czech__Czech_000737,D40,0.2421,0.005148,0.0,FP_background
YOLO11n,Czech__Czech_000737,D00,0.2313,0.003812,0.4197,FP_localization
YOLO11n,Czech__Czech_000774,D00,0.395,0.06652,0.0,FP_background
YOLO11n,Czech__Czech_000814,D00,0.5755,0.008703,0.7966,TP
YOLO11n,Czech__Czech_000900,D00,0.6417,0.00612,0.6325,TP
YOLO11n,Czech__Czech_000900,D00,0.2761,0.009015,0.8359,FP_duplicate
YOLO11n,Czech__Czech_000928,D00,0.312,0.01565,0.5026,TP
YOLO11n,Czech__Czech_000937,D40,0.5542,0.006268,0.3977,FP_localization
YOLO11n,Czech__Czech_000973,D20,0.2662,0.015596,0.6477,TP
YOLO11n,Czech__Czech_000996,D00,0.394,0.009769,0.0,FP_background
YOLO11n,Czech__Czech_001003,D00,0.4944,0.015432,0.6566,TP
YOLO11n,Czech__Czech_001017,D00,0.3756,0.028979,0.694,TP
YOLO11n,Czech__Czech_001019,D00,0.3069,0.037212,0.0,FP_background
YOLO11n,Czech__Czech_001028,D00,0.6314,0.008624,0.8934,TP
YOLO11n,Czech__Czech_001028,D10,0.3185,0.009397,0.3022,FP_localization
YOLO11n,Czech__Czech_001058,D00,0.2864,0.007806,0.5928,TP
YOLO11n,Czech__Czech_001090,D10,0.2652,0.016358,0.7064,TP
YOLO11n,Czech__Czech_001108,D00,0.3326,0.019298,0.7549,TP
YOLO11n,Czech__Czech_001120,D00,0.6358,0.026995,0.0832,FP_background
YOLO11n,Czech__Czech_001120,D20,0.2298,0.027879,0.3862,FP_background
YOLO11n,Czech__Czech_001256,D00,0.4877,0.01427,0.8343,TP
YOLO11n,Czech__Czech_001296,D00,0.4684,0.013672,0.3803,FP_localization
YOLO11n,Czech__Czech_001296,D10,0.3862,0.009871,0.6469,TP
YOLO11n,Czech__Czech_001302,D20,0.2521,0.060199,0.7006,TP
YOLO11n,Czech__Czech_001383,D00,0.4089,0.018748,0.5884,TP
YOLO11n,Czech__Czech_001391,D00,0.3092,0.015396,0.7005,TP
YOLO11n,Czech__Czech_001404,D00,0.2351,0.068043,0.0,FP_background
YOLO11n,Czech__Czech_001424,D00,0.4655,0.02929,0.7989,TP
YOLO11n,Czech__Czech_001424,D10,0.292,0.005695,0.0,FP_background
YOLO11n,Czech__Czech_001546,D20,0.2477,0.012893,0.492,FP_background
YOLO11n,Czech__Czech_001596,D00,0.3028,0.006938,0.2028,FP_localization
YOLO11n,Czech__Czech_001596,D00,0.2419,0.006894,0.2507,FP_localization
YOLO11n,Czech__Czech_001603,D20,0.2488,0.01066,0.0,FP_background
YOLO11n,Czech__Czech_001648,D10,0.2639,0.023756,0.9803,TP
YOLO11n,Czech__Czech_001648,D10,0.2338,0.043659,0.5334,FP_duplicate
YOLO11n,Czech__Czech_001662,D00,0.4627,0.015693,0.6234,TP
YOLO11n,Czech__Czech_001825,D00,0.3372,0.010969,0.4969,FP_localization
YOLO11n,Czech__Czech_001860,D00,0.2728,0.017755,0.5411,TP
YOLO11n,Czech__Czech_001860,D00,0.2565,0.03118,0.8039,FP_duplicate
YOLO11n,Czech__Czech_002003,D10,0.3155,0.009353,0.0479,FP_background
YOLO11n,Czech__Czech_002014,D00,0.2601,0.019099,0.6255,TP
YOLO11n,Czech__Czech_002021,D00,0.3482,0.005196,0.5319,TP
YOLO11n,Czech__Czech_002041,D00,0.4757,0.036115,0.8029,TP
YOLO11n,Czech__Czech_002041,D10,0.2556,0.012432,0.8446,TP
YOLO11n,Czech__Czech_002145,D00,0.3588,0.021391,0.6263,FP_classification
YOLO11n,Czech__Czech_002176,D00,0.4375,0.014356,0.1233,FP_localization
YOLO11n,Czech__Czech_002255,D00,0.448,0.034275,0.8549,TP
YOLO11n,Czech__Czech_002285,D20,0.2394,0.029379,0.7164,FP_classification
YOLO11n,Czech__Czech_002294,D00,0.3977,0.006225,0.6438,TP
YOLO11n,Czech__Czech_002294,D00,0.2995,0.009132,0.5658,FP_duplicate
YOLO11n,Czech__Czech_002328,D00,0.3746,0.014758,0.7726,TP
YOLO11n,Czech__Czech_002382,D00,0.3958,0.013549,0.0,FP_background
YOLO11n,Czech__Czech_002424,D00,0.2536,0.00963,0.5724,TP
YOLO11n,Czech__Czech_002442,D00,0.2402,0.007781,0.5265,TP
YOLO11n,Czech__Czech_002463,D00,0.5971,0.011275,0.7157,TP
YOLO11n,Czech__Czech_002640,D00,0.7329,0.015551,0.8008,TP
YOLO11n,Czech__Czech_002647,D00,0.3624,0.002969,0.0,FP_background
YOLO11n,Czech__Czech_002662,D00,0.4081,0.018836,0.4069,FP_localization
YOLO11n,Czech__Czech_002665,D00,0.2302,0.006103,0.0,FP_background
YOLO11n,Czech__Czech_002677,D10,0.2599,0.021867,0.8552,TP
YOLO11n,Czech__Czech_002694,D00,0.4368,0.014065,0.7562,TP
YOLO11n,Czech__Czech_002694,D00,0.2334,0.008865,0.4494,FP_localization
YOLO11n,Czech__Czech_002715,D00,0.3078,0.020669,0.7011,TP
YOLO11n,Czech__Czech_002746,D10,0.355,0.012564,0.3126,FP_localization
YOLO11n,Czech__Czech_002747,D00,0.43,0.016622,0.7687,TP
YOLO11n,Czech__Czech_002747,D00,0.2364,0.024808,0.5151,FP_duplicate
YOLO11n,Czech__Czech_002794,D10,0.2494,0.016427,0.6385,TP
YOLO11n,Czech__Czech_002845,D00,0.378,0.022356,0.0,FP_background
YOLO11n,Czech__Czech_002958,D00,0.3127,0.020981,0.7271,TP
YOLO11n,Czech__Czech_002998,D10,0.4238,0.010103,0.6198,TP
YOLO11n,Czech__Czech_002998,D00,0.3707,0.003981,0.5715,TP
YOLO11n,Czech__Czech_003043,D00,0.3116,0.010833,0.0,FP_background
YOLO11n,Czech__Czech_003121,D00,0.4726,0.026048,0.6942,TP
YOLO11n,Czech__Czech_003151,D00,0.6075,0.013849,0.8551,TP
YOLO11n,Czech__Czech_003345,D00,0.2901,0.015596,0.2954,FP_background
YOLO11n,Czech__Czech_003345,D00,0.266,0.007793,0.1821,FP_background
YOLO11n,Czech__Czech_003444,D00,0.5442,0.018869,0.71,TP
YOLO11n,Czech__Czech_003444,D00,0.4388,0.018722,0.8875,TP
YOLO11n,Czech__Czech_003448,D00,0.4261,0.014924,0.8001,TP
YOLO11n,Czech__Czech_003481,D00,0.2929,0.003228,0.4382,FP_background
YOLO11n,Czech__Czech_003512,D00,0.4605,0.0125,0.0981,FP_background
YOLO11n,Czech__Czech_003512,D10,0.438,0.006867,0.8024,TP
YOLO11n,India__India_000002,D40,0.2454,0.028514,0.0,FP_background
YOLO11n,India__India_000005,D40,0.3201,0.079734,0.8043,TP
YOLO11n,India__India_000005,D40,0.2675,0.054437,0.6531,FP_duplicate
YOLO11n,India__India_000026,D20,0.2835,0.267171,0.0,FP_background
YOLO11n,India__India_000052,D20,0.2705,0.143352,0.4316,FP_localization
YOLO11n,India__India_000089,D20,0.2332,0.158634,0.0,FP_background
YOLO11n,India__India_000099,D20,0.4649,0.179577,0.7614,TP
YOLO11n,India__India_000193,D20,0.3415,0.16329,0.3213,FP_background
YOLO11n,India__India_000272,D20,0.305,0.094713,0.49,FP_localization
YOLO11n,India__India_000272,D20,0.2507,0.193122,0.7784,TP
YOLO11n,India__India_000279,D40,0.2939,0.16209,0.0,FP_background
YOLO11n,India__India_000283,D20,0.6312,0.272186,0.6131,TP
YOLO11n,India__India_000285,D20,0.2594,0.014145,0.0976,FP_background
YOLO11n,India__India_000297,D40,0.3195,0.005995,0.0,FP_background
YOLO11n,India__India_000368,D40,0.6618,0.002545,0.6333,TP
YOLO11n,India__India_000368,D40,0.2405,0.001156,0.5157,TP
YOLO11n,India__India_000455,D20,0.5961,0.204247,0.6196,TP
YOLO11n,India__India_000483,D20,0.4185,0.24879,0.8239,TP
YOLO11n,India__India_000483,D20,0.4103,0.189277,0.6654,FP_duplicate
YOLO11n,India__India_000494,D20,0.2375,0.179479,0.0696,FP_background
YOLO11n,India__India_000543,D00,0.482,0.028907,0.0,FP_background
YOLO11n,India__India_000563,D20,0.4476,0.02847,0.1464,FP_localization
YOLO11n,India__India_000575,D40,0.2488,0.010942,0.7888,TP
YOLO11n,India__India_000576,D20,0.2318,0.145726,0.773,TP
YOLO11n,India__India_000580,D20,0.5463,0.229424,0.4888,FP_localization
YOLO11n,India__India_000595,D40,0.2826,0.003037,0.2231,FP_localization
YOLO11n,India__India_000609,D20,0.6207,0.203176,0.8007,TP
YOLO11n,India__India_000646,D20,0.4384,0.149321,0.7112,TP
YOLO11n,India__India_000684,D40,0.2743,0.14848,0.4646,FP_localization
YOLO11n,India__India_000684,D40,0.2586,0.211615,0.3693,FP_localization
YOLO11n,India__India_000684,D40,0.2449,0.113512,0.6412,TP
YOLO11n,India__India_000775,D20,0.4571,0.257179,0.5445,TP
YOLO11n,India__India_000808,D40,0.2604,0.01487,0.9164,TP
YOLO11n,India__India_000808,D40,0.2586,0.042475,0.6313,TP
YOLO11n,India__India_000808,D40,0.2402,0.00955,0.6876,FP_duplicate
YOLO11n,India__India_000808,D20,0.2375,0.160174,0.2447,FP_localization
YOLO11n,India__India_000839,D20,0.3049,0.042791,0.2769,FP_localization
YOLO11n,India__India_000839,D40,0.286,0.139254,0.0851,FP_background
YOLO11n,India__India_000891,D20,0.3538,0.196243,0.7112,TP
YOLO11n,India__India_000917,D20,0.5728,0.275936,0.4361,FP_localization
YOLO11n,India__India_000919,D20,0.3015,0.1878,0.2406,FP_localization
YOLO11n,India__India_000922,D20,0.4431,0.204717,0.7479,TP
YOLO11n,India__India_000936,D00,0.3295,0.028772,0.3201,FP_background
YOLO11n,India__India_000936,D20,0.2638,0.118003,0.5611,TP
YOLO11n,India__India_000964,D00,0.7189,0.134507,0.7306,TP
YOLO11n,India__India_000964,D00,0.4791,0.006223,0.5946,TP
YOLO11n,India__India_000964,D00,0.3398,0.016086,0.2529,FP_localization
YOLO11n,India__India_000971,D20,0.4078,0.172739,0.3777,FP_localization
YOLO11n,India__India_000971,D20,0.3531,0.162799,0.4105,FP_localization
YOLO11n,India__India_000991,D20,0.2952,0.132517,0.5231,TP
YOLO11n,India__India_000994,D20,0.4728,0.022661,0.7715,TP
YOLO11n,India__India_000994,D40,0.2972,0.012101,0.4367,FP_localization
YOLO11n,India__India_000994,D40,0.2305,0.002487,0.6751,TP
YOLO11n,India__India_001023,D20,0.2658,0.20267,0.4329,FP_localization
YOLO11n,India__India_001042,D20,0.591,0.042959,0.918,TP
YOLO11n,India__India_001052,D40,0.3593,0.100741,0.0,FP_background
YOLO11n,India__India_001056,D40,0.4476,0.14432,0.8006,TP
YOLO11n,India__India_001056,D40,0.3172,0.149856,0.7536,FP_duplicate
YOLO11n,India__India_001069,D40,0.3762,0.180688,0.8262,TP
YOLO11n,India__India_001069,D40,0.3734,0.132207,0.5832,FP_duplicate
YOLO11n,India__India_001069,D40,0.3395,0.101731,0.6677,FP_duplicate
YOLO11n,India__India_001069,D40,0.3031,0.098391,0.2899,FP_localization
YOLO11n,India__India_001077,D40,0.2856,0.007746,0.9215,FP_classification
YOLO11n,India__India_001103,D00,0.4303,0.008353,0.8779,TP
YOLO11n,India__India_001138,D20,0.2657,0.037051,0.7288,TP
YOLO11n,India__India_001141,D20,0.5978,0.21321,0.7997,TP
YOLO11n,India__India_001141,D40,0.5072,0.004815,0.7654,TP
YOLO11n,India__India_001143,D20,0.5048,0.162441,0.544,TP
YOLO11n,India__India_001176,D40,0.4016,0.181807,0.3233,FP_localization
YOLO11n,India__India_001176,D40,0.3657,0.224478,0.2471,FP_localization
YOLO11n,India__India_001176,D40,0.344,0.056107,0.5558,TP
YOLO11n,India__India_001176,D40,0.3301,0.086278,0.77,FP_duplicate
YOLO11n,India__India_001176,D40,0.2883,0.119435,0.546,FP_duplicate
YOLO11n,India__India_001176,D40,0.2663,0.143515,0.1665,FP_localization
YOLO11n,India__India_001176,D40,0.2514,0.117483,0.502,FP_duplicate
YOLO11n,India__India_001187,D20,0.5317,0.242079,0.7985,TP
YOLO11n,India__India_001232,D20,0.528,0.195447,0.608,TP
YOLO11n,India__India_001232,D20,0.3812,0.174712,0.4792,FP_localization
YOLO11n,India__India_001253,D20,0.8503,0.243754,0.7255,TP
YOLO11n,India__India_001266,D40,0.2658,0.048086,0.0,FP_background
YOLO11n,India__India_001266,D40,0.2444,0.00553,0.7654,TP
YOLO11n,India__India_001306,D20,0.3048,0.144925,0.0,FP_background
YOLO11n,India__India_001306,D20,0.2761,0.208886,0.0,FP_background
YOLO11n,India__India_001316,D20,0.2593,0.112376,0.0,FP_background
YOLO11n,India__India_001368,D20,0.4768,0.19817,0.8659,TP
YOLO11n,India__India_001431,D20,0.3219,0.204344,0.0,FP_background
YOLO11n,India__India_001432,D20,0.5305,0.208587,0.8091,TP
YOLO11n,India__India_001432,D20,0.2748,0.171302,0.496,FP_localization
YOLO11n,India__India_001450,D20,0.6615,0.076794,0.7178,TP
YOLO11n,India__India_001450,D00,0.3769,0.010253,0.7743,TP
YOLO11n,India__India_001450,D20,0.2401,0.050197,0.7486,FP_duplicate
YOLO11n,India__India_001451,D40,0.3156,0.005726,0.0,FP_background
YOLO11n,India__India_001477,D00,0.2392,0.135267,0.0,FP_background
YOLO11n,India__India_001486,D40,0.2357,0.180619,0.0,FP_background
YOLO11n,India__India_001493,D40,0.3847,0.008841,0.6384,TP
YOLO11n,India__India_001541,D00,0.3932,0.023099,0.8254,TP
YOLO11n,India__India_001544,D00,0.3378,0.016214,0.0,FP_background
YOLO11n,India__India_001574,D20,0.2747,0.176759,0.7301,TP
YOLO11n,India__India_001585,D40,0.3399,0.020356,0.5802,TP
YOLO11n,India__India_001599,D20,0.5525,0.263795,0.7364,TP
YOLO11n,India__India_001623,D20,0.3599,0.022804,0.6756,TP
YOLO11n,India__India_001623,D20,0.3472,0.034332,0.7248,FP_duplicate
YOLO11n,India__India_001625,D40,0.2378,0.002633,0.5642,TP
YOLO11n,India__India_001630,D20,0.6783,0.225368,0.8507,TP
YOLO11n,India__India_001687,D40,0.5402,0.003084,0.8195,TP
YOLO11n,India__India_001687,D40,0.3116,0.002302,0.6369,TP
YOLO11n,India__India_001687,D20,0.2675,0.146392,0.4147,FP_localization
YOLO11n,India__India_001687,D40,0.2539,0.005699,0.6924,TP
YOLO11n,India__India_001744,D40,0.3486,0.003225,0.4307,FP_localization
YOLO11n,India__India_001744,D40,0.2871,0.005794,0.5393,TP
YOLO11n,India__India_001786,D40,0.3572,0.002397,0.0333,FP_background
YOLO11n,India__India_001787,D20,0.2538,0.026526,0.7218,TP
YOLO11n,India__India_001821,D40,0.3412,0.217894,0.6089,TP
YOLO11n,India__India_001821,D40,0.2684,0.135599,0.8402,FP_duplicate
YOLO11n,India__India_001832,D20,0.5173,0.095673,0.6843,TP
YOLO11n,India__India_001844,D20,0.2733,0.209527,0.7403,TP
YOLO11n,India__India_001853,D00,0.2542,0.006347,0.8336,TP
YOLO11n,India__India_001865,D20,0.4449,0.029205,0.6591,TP
YOLO11n,India__India_001881,D20,0.5701,0.206777,0.8326,TP
YOLO11n,India__India_001887,D20,0.6523,0.24735,0.8233,TP
YOLO11n,India__India_001907,D20,0.334,0.111117,0.7669,TP
YOLO11n,India__India_001958,D40,0.3201,0.090022,0.0,FP_background
YOLO11n,India__India_001958,D20,0.2767,0.037653,0.721,TP
YOLO11n,India__India_001970,D00,0.3114,0.009035,0.87,TP
YOLO11n,India__India_001970,D20,0.2591,0.170893,0.0056,FP_background
YOLO11n,India__India_001982,D20,0.4898,0.217187,0.636,TP
YOLO11n,India__India_001982,D20,0.4641,0.147231,0.6408,FP_duplicate
YOLO11n,India__India_002007,D00,0.3073,0.012317,0.5056,TP
YOLO11n,India__India_002007,D00,0.2449,0.120692,0.1162,FP_background
YOLO11n,India__India_002020,D40,0.3087,0.13018,0.3433,FP_localization
YOLO11n,India__India_002020,D40,0.307,0.217964,0.1994,FP_localization
YOLO11n,India__India_002020,D40,0.299,0.024172,0.4556,FP_localization
YOLO11n,India__India_002020,D40,0.2742,0.140856,0.1625,FP_localization
YOLO11n,India__India_002020,D40,0.2587,0.034812,0.3488,FP_localization
YOLO11n,India__India_002020,D40,0.2358,0.003009,0.0056,FP_background
YOLO11n,India__India_002067,D20,0.4345,0.207615,0.7953,TP
YOLO11n,India__India_002105,D20,0.4119,0.148533,0.409,FP_localization
YOLO11n,India__India_002105,D20,0.3752,0.059735,0.763,TP
YOLO11n,India__India_002105,D20,0.2667,0.077168,0.7571,TP
YOLO11n,India__India_002184,D00,0.2407,0.019017,0.6527,TP
YOLO11n,India__India_002201,D20,0.3482,0.156015,0.4019,FP_localization
YOLO11n,India__India_002201,D40,0.2465,0.002151,0.0129,FP_background
YOLO11n,India__India_002201,D40,0.2432,0.00138,0.6375,TP
YOLO11n,India__India_002201,D20,0.2344,0.144719,0.4925,FP_localization
YOLO11n,India__India_002227,D40,0.3993,0.007834,0.6259,TP
YOLO11n,India__India_002227,D40,0.321,0.104358,0.6824,TP
YOLO11n,India__India_002227,D40,0.2538,0.065933,0.9008,FP_duplicate
YOLO11n,India__India_002278,D40,0.306,0.004877,0.0,FP_background
YOLO11n,India__India_002344,D20,0.3736,0.168565,0.3449,FP_localization
YOLO11n,India__India_002376,D40,0.702,0.038519,0.8726,TP
YOLO11n,India__India_002376,D40,0.3782,0.008539,0.7486,TP
YOLO11n,India__India_002437,D20,0.299,0.05981,0.6556,TP
YOLO11n,India__India_002437,D00,0.2325,0.036067,0.7562,TP
YOLO11n,India__India_002447,D40,0.2546,0.001738,0.0,FP_background
YOLO11n,India__India_002582,D20,0.4733,0.065209,0.6496,TP
YOLO11n,India__India_002582,D20,0.238,0.129804,0.0,FP_background
YOLO11n,India__India_002594,D20,0.3428,0.055294,0.5806,TP
YOLO11n,India__India_002594,D20,0.3203,0.037171,0.7986,FP_classification
YOLO11n,India__India_002594,D20,0.3197,0.082932,0.3306,FP_localization
YOLO11n,India__India_002594,D20,0.2602,0.125662,0.2766,FP_localization
YOLO11n,India__India_002594,D20,0.2358,0.117764,0.2726,FP_localization
YOLO11n,India__India_002616,D20,0.4861,0.216274,0.6211,TP
YOLO11n,India__India_002652,D20,0.7011,0.133799,0.4399,FP_localization
YOLO11n,India__India_002664,D40,0.2364,0.150721,0.623,TP
YOLO11n,India__India_002664,D40,0.2347,0.127498,0.5357,FP_duplicate
YOLO11n,India__India_002664,D40,0.2293,0.147056,0.6184,FP_duplicate
YOLO11n,India__India_002666,D20,0.3203,0.243067,0.6409,TP
YOLO11n,India__India_002668,D20,0.5359,0.186586,0.7655,TP
YOLO11n,India__India_002713,D20,0.2881,0.04605,0.4807,FP_localization
YOLO11n,India__India_002713,D40,0.2806,0.110533,0.6871,TP
YOLO11n,India__India_002713,D40,0.2482,0.069784,0.4142,FP_localization
YOLO11n,India__India_002759,D40,0.4327,0.00317,0.7324,TP
YOLO11n,India__India_002771,D40,0.3356,0.008147,0.3883,FP_localization
YOLO11n,India__India_002771,D40,0.3117,0.004617,0.6739,TP
YOLO11n,India__India_002787,D20,0.3365,0.243525,0.7226,TP
YOLO11n,India__India_002795,D40,0.5917,0.001541,0.5403,TP
YOLO11n,India__India_002795,D40,0.2521,0.002588,0.8525,TP
YOLO11n,India__India_002921,D40,0.5861,0.008329,0.843,TP
YOLO11n,India__India_002925,D00,0.3784,0.144536,0.673,TP
YOLO11n,India__India_002954,D40,0.4164,0.007887,0.4388,FP_localization
YOLO11n,India__India_002954,D20,0.3783,0.118025,0.6617,TP
YOLO11n,India__India_002954,D40,0.2786,0.0017,0.7154,TP
YOLO11n,India__India_002976,D40,0.5484,0.006767,0.9026,TP
YOLO11n,India__India_002995,D20,0.3672,0.196349,0.7396,TP
YOLO11n,India__India_002995,D40,0.241,0.004664,0.0033,FP_background
YOLO11n,India__India_003013,D40,0.5444,0.002754,0.3971,FP_localization
YOLO11n,India__India_003013,D40,0.3556,0.011247,0.2423,FP_localization
YOLO11n,India__India_003013,D40,0.3531,0.012071,0.1419,FP_localization
YOLO11n,India__India_003013,D40,0.2892,0.008234,0.1106,FP_localization
YOLO11n,India__India_003013,D40,0.2817,0.004065,0.4419,FP_localization
YOLO11n,India__India_003013,D40,0.2611,0.005566,0.4782,FP_localization
YOLO11n,India__India_003013,D40,0.261,0.007135,0.2568,FP_localization
YOLO11n,India__India_003034,D20,0.5473,0.221615,0.8788,TP
YOLO11n,India__India_003034,D20,0.2695,0.133132,0.3402,FP_localization
YOLO11n,India__India_003056,D40,0.3091,0.205022,0.0964,FP_background
YOLO11n,India__India_003056,D40,0.2936,0.167303,0.1204,FP_localization
YOLO11n,India__India_003056,D40,0.2911,0.007767,0.5908,TP
YOLO11n,India__India_003056,D40,0.2725,0.009638,0.415,FP_localization
YOLO11n,India__India_003056,D40,0.2643,0.003524,0.1518,FP_localization
YOLO11n,India__India_003100,D40,0.2463,0.012066,0.8108,TP
YOLO11n,India__India_003120,D40,0.4767,0.005837,0.5949,TP
YOLO11n,India__India_003153,D20,0.2679,0.202857,0.6909,TP
YOLO11n,India__India_003186,D40,0.4619,0.139903,0.8382,TP
YOLO11n,India__India_003186,D40,0.2555,0.133022,0.7543,FP_duplicate
YOLO11n,India__India_003214,D20,0.2732,0.221296,0.0993,FP_background
YOLO11n,India__India_003236,D20,0.5239,0.226716,0.4815,FP_localization
YOLO11n,India__India_003310,D20,0.2814,0.109481,0.4091,FP_localization
YOLO11n,India__India_003312,D20,0.5383,0.125544,0.6376,TP
YOLO11n,India__India_003320,D20,0.2833,0.159999,0.6983,TP
YOLO11n,India__India_003368,D40,0.4759,0.112425,0.6656,TP
YOLO11n,India__India_003368,D40,0.4343,0.04007,0.4575,FP_localization
YOLO11n,India__India_003368,D40,0.337,0.162134,0.4634,FP_localization
YOLO11n,India__India_003376,D40,0.2609,0.002033,0.5834,TP
YOLO11n,India__India_003412,D40,0.3726,0.021605,0.6268,TP
YOLO11n,India__India_003414,D00,0.2836,0.086224,0.8505,TP
YOLO11n,India__India_003414,D20,0.2713,0.074809,0.7643,FP_classification
YOLO11n,India__India_003437,D20,0.3635,0.251141,0.0,FP_background
YOLO11n,India__India_003443,D20,0.5081,0.238283,0.6871,TP
YOLO11n,India__India_003443,D20,0.3328,0.120711,0.5349,FP_duplicate
YOLO11n,India__India_003465,D00,0.4797,0.013969,0.0,FP_background
YOLO11n,India__India_003482,D20,0.654,0.236736,0.9071,TP
YOLO11n,India__India_003491,D00,0.4332,0.034558,0.5631,TP
YOLO11n,India__India_003494,D20,0.3519,0.086089,0.5058,TP
YOLO11n,India__India_003517,D00,0.4178,0.017065,0.0,FP_background
YOLO11n,India__India_003517,D10,0.2299,0.00986,0.0,FP_background
YOLO11n,India__India_003535,D40,0.5133,0.00965,0.7724,TP
YOLO11n,India__India_003535,D40,0.2679,0.012728,0.3381,FP_localization
YOLO11n,India__India_003535,D40,0.2489,0.020478,0.2699,FP_localization
YOLO11n,India__India_003556,D40,0.6537,0.002389,0.8871,TP
YOLO11n,India__India_003556,D20,0.3914,0.156329,0.3712,FP_localization
YOLO11n,India__India_003556,D20,0.3652,0.055964,0.7669,TP
YOLO11n,India__India_003561,D40,0.4982,0.136573,0.8509,TP
YOLO11n,India__India_003561,D40,0.4799,0.01167,0.2559,FP_localization
YOLO11n,India__India_003561,D40,0.383,0.029148,0.6553,TP
YOLO11n,India__India_003561,D40,0.2519,0.138476,0.7208,FP_duplicate
YOLO11n,India__India_003561,D40,0.2428,0.096924,0.5783,FP_duplicate
YOLO11n,India__India_003568,D20,0.5673,0.120815,0.8265,TP
YOLO11n,India__India_003568,D20,0.3711,0.05169,0.4339,FP_localization
YOLO11n,India__India_003568,D20,0.2876,0.211647,0.5104,FP_duplicate
YOLO11n,India__India_003601,D00,0.5032,0.04082,0.7911,TP
YOLO11n,India__India_003601,D20,0.434,0.196984,0.3115,FP_localization
YOLO11n,India__India_003605,D20,0.6415,0.073236,0.7908,TP
YOLO11n,India__India_003652,D20,0.614,0.202498,0.7827,TP
YOLO11n,India__India_003674,D00,0.6483,0.059698,0.8432,TP
YOLO11n,India__India_003678,D00,0.4907,0.021241,0.0,FP_background
YOLO11n,India__India_003760,D20,0.3407,0.176003,0.695,TP
YOLO11n,India__India_003761,D40,0.3157,0.14411,0.1343,FP_localization
YOLO11n,India__India_003766,D20,0.2774,0.084626,0.422,FP_localization
YOLO11n,India__India_003766,D20,0.25,0.050932,0.7012,TP
YOLO11n,India__India_003784,D00,0.2976,0.005183,0.5589,TP
YOLO11n,India__India_003842,D40,0.2569,0.004705,0.0,FP_background
YOLO11n,India__India_003843,D20,0.3626,0.17597,0.0,FP_background
YOLO11n,India__India_003857,D40,0.7761,0.001985,0.7359,TP
YOLO11n,India__India_003857,D40,0.6402,0.001952,0.7097,TP
YOLO11n,India__India_003857,D40,0.4601,0.0112,0.7657,TP
YOLO11n,India__India_003857,D20,0.3744,0.105663,0.4179,FP_localization
YOLO11n,India__India_003857,D40,0.3614,0.002582,0.5344,TP
YOLO11n,India__India_003857,D20,0.3117,0.042725,0.7415,TP
YOLO11n,India__India_003857,D40,0.2957,0.002853,0.0,FP_background
YOLO11n,India__India_003857,D40,0.2333,0.05344,0.6443,FP_classification
YOLO11n,India__India_003925,D40,0.4103,0.118955,0.173,FP_localization
YOLO11n,India__India_003925,D40,0.3309,0.0265,0.6658,TP
YOLO11n,India__India_003929,D00,0.464,0.037441,0.8329,TP
YOLO11n,India__India_003929,D20,0.3798,0.063432,0.463,FP_background
YOLO11n,India__India_004081,D00,0.3068,0.012414,0.2441,FP_localization
YOLO11n,India__India_004081,D00,0.2642,0.008456,0.228,FP_localization
YOLO11n,India__India_004092,D20,0.4518,0.210407,0.5118,TP
YOLO11n,India__India_004100,D40,0.3594,0.001541,0.6024,TP
YOLO11n,India__India_004138,D20,0.4278,0.078232,0.824,TP
YOLO11n,India__India_004139,D40,0.3078,0.004848,0.0,FP_background
YOLO11n,India__India_004199,D20,0.4678,0.210861,0.7222,TP
YOLO11n,India__India_004199,D00,0.2753,0.030361,0.7811,TP
YOLO11n,India__India_004226,D40,0.2402,0.004096,0.1141,FP_localization
YOLO11n,India__India_004230,D00,0.3486,0.186092,0.0,FP_background
YOLO11n,India__India_004256,D40,0.8128,0.003718,0.7371,TP
YOLO11n,India__India_004290,D40,0.2378,0.133363,0.0906,FP_background
YOLO11n,India__India_004298,D40,0.4426,0.001987,0.6477,TP
YOLO11n,India__India_004315,D20,0.5178,0.112193,0.9008,TP
YOLO11n,India__India_004374,D00,0.3121,0.018432,0.6473,TP
YOLO11n,India__India_004465,D20,0.5555,0.112831,0.7325,TP
YOLO11n,India__India_004472,D40,0.3458,0.005904,0.5402,TP
YOLO11n,India__India_004472,D40,0.2401,0.048188,0.0,FP_background
YOLO11n,India__India_004489,D20,0.3805,0.207698,0.2467,FP_localization
YOLO11n,India__India_004562,D20,0.4938,0.221947,0.7268,TP
YOLO11n,India__India_004587,D40,0.241,0.003488,0.0,FP_background
YOLO11n,India__India_004599,D20,0.497,0.115238,0.6909,TP
YOLO11n,India__India_004671,D20,0.5676,0.212883,0.9325,TP
YOLO11n,India__India_004690,D20,0.4116,0.186407,0.6703,TP
YOLO11n,India__India_004700,D20,0.2889,0.145632,0.5657,TP
YOLO11n,India__India_004700,D20,0.2506,0.216199,0.6962,FP_duplicate
YOLO11n,India__India_004721,D20,0.478,0.245362,0.5106,TP
YOLO11n,India__India_004721,D20,0.3002,0.186699,0.5896,FP_duplicate
YOLO11n,India__India_004727,D20,0.3865,0.219131,0.4828,FP_localization
YOLO11n,India__India_004727,D20,0.382,0.170048,0.6459,TP
YOLO11n,India__India_004743,D20,0.7163,0.243607,0.3083,FP_localization
YOLO11n,India__India_004755,D20,0.3921,0.113446,0.8512,TP
YOLO11n,India__India_004755,D40,0.2437,0.009962,0.7085,TP
YOLO11n,India__India_004755,D00,0.231,0.17943,0.2831,FP_localization
YOLO11n,India__India_004759,D40,0.5293,0.01064,0.4889,FP_localization
YOLO11n,India__India_004759,D20,0.4642,0.165944,0.5817,TP
YOLO11n,India__India_004759,D40,0.2681,0.005279,0.6631,TP
YOLO11n,India__India_004798,D20,0.3913,0.111127,0.8207,TP
YOLO11n,India__India_004819,D20,0.7484,0.145989,0.725,TP
YOLO11n,India__India_004828,D40,0.7443,0.005647,0.7887,TP
YOLO11n,India__India_004828,D20,0.2843,0.158751,0.7751,TP
YOLO11n,India__India_004887,D40,0.5859,0.007719,0.8224,TP
YOLO11n,India__India_004887,D20,0.2529,0.224415,0.9211,TP
YOLO11n,India__India_004887,D40,0.2297,0.007896,0.7329,TP
YOLO11n,India__India_004911,D20,0.5092,0.245509,0.7048,TP
YOLO11n,India__India_004944,D40,0.4201,0.027871,0.5195,TP
YOLO11n,India__India_004982,D20,0.2491,0.117444,0.2909,FP_localization
YOLO11n,India__India_005036,D20,0.4497,0.073509,0.4705,FP_localization
YOLO11n,India__India_005038,D20,0.5377,0.016493,0.0,FP_background
YOLO11n,India__India_005090,D20,0.5184,0.147568,0.5875,TP
YOLO11n,India__India_005090,D20,0.2503,0.198002,0.8706,FP_duplicate
YOLO11n,India__India_005129,D20,0.6208,0.208624,0.7564,TP
YOLO11n,India__India_005129,D40,0.2356,0.002496,0.7706,TP
YOLO11n,India__India_005138,D20,0.8837,0.263225,0.673,TP
YOLO11n,India__India_005214,D20,0.33,0.126809,0.7538,TP
YOLO11n,India__India_005219,D40,0.4697,0.022387,0.7705,TP
YOLO11n,India__India_005219,D40,0.3758,0.139654,0.772,FP_classification
YOLO11n,India__India_005219,D40,0.3154,0.036742,0.4644,FP_localization
YOLO11n,India__India_005219,D40,0.308,0.006069,0.3049,FP_localization
YOLO11n,India__India_005219,D40,0.2549,0.062334,0.2917,FP_localization
YOLO11n,India__India_005219,D40,0.2401,0.200249,0.639,FP_classification
YOLO11n,India__India_005219,D40,0.2339,0.040537,0.4639,FP_localization
YOLO11n,India__India_005254,D20,0.6773,0.239841,0.7745,TP
YOLO11n,India__India_005254,D20,0.2691,0.215542,0.8056,FP_duplicate
YOLO11n,India__India_005260,D40,0.5002,0.032632,0.5047,TP
YOLO11n,India__India_005260,D40,0.2651,0.010052,0.8831,TP
YOLO11n,India__India_005278,D20,0.3894,0.188531,0.7049,TP
YOLO11n,India__India_005284,D40,0.5429,0.009123,0.7579,TP
YOLO11n,India__India_005284,D40,0.2481,0.006128,0.5641,FP_duplicate
YOLO11n,India__India_005309,D40,0.2652,0.148907,0.0,FP_background
YOLO11n,India__India_005315,D20,0.275,0.209473,0.0,FP_background
YOLO11n,India__India_005316,D20,0.8888,0.244874,0.8843,TP
YOLO11n,India__India_005371,D20,0.2924,0.135382,0.0,FP_background
YOLO11n,India__India_005394,D20,0.3717,0.169022,0.6351,TP
YOLO11n,India__India_005409,D00,0.3507,0.014643,0.0,FP_background
YOLO11n,India__India_005411,D40,0.2988,0.008019,0.1889,FP_localization
YOLO11n,India__India_005439,D40,0.3885,0.119939,0.2486,FP_localization
YOLO11n,India__India_005458,D00,0.3232,0.016753,0.2497,FP_background
YOLO11n,India__India_005543,D20,0.6446,0.141072,0.6669,TP
YOLO11n,India__India_005569,D20,0.5969,0.123675,0.6695,TP
YOLO11n,India__India_005569,D40,0.4503,0.006027,0.4244,FP_localization
YOLO11n,India__India_005569,D20,0.2719,0.059335,0.3648,FP_localization
YOLO11n,India__India_005593,D20,0.5753,0.170975,0.6049,TP
YOLO11n,India__India_005651,D40,0.283,0.127638,0.0,FP_background
YOLO11n,India__India_005656,D40,0.3972,0.19037,0.304,FP_localization
YOLO11n,India__India_005656,D40,0.3324,0.135299,0.4277,FP_localization
YOLO11n,India__India_005656,D40,0.3027,0.088095,0.6569,TP
YOLO11n,India__India_005656,D40,0.2678,0.142377,0.4065,FP_localization
YOLO11n,India__India_005656,D40,0.2668,0.060083,0.7473,FP_duplicate
YOLO11n,India__India_005672,D20,0.3192,0.124729,0.4807,FP_localization
YOLO11n,India__India_005681,D00,0.4061,0.013485,0.0918,FP_background
YOLO11n,India__India_005699,D20,0.5428,0.21574,0.4125,FP_localization
YOLO11n,India__India_005699,D20,0.4606,0.306872,0.2922,FP_localization
YOLO11n,India__India_005715,D20,0.2556,0.112804,0.2527,FP_localization
YOLO11n,India__India_005771,D00,0.3105,0.015384,0.0,FP_background
YOLO11n,India__India_005788,D00,0.2748,0.02618,0.0,FP_background
YOLO11n,India__India_005847,D00,0.3342,0.096649,0.7698,TP
YOLO11n,India__India_005853,D00,0.4075,0.079596,0.3849,FP_localization
YOLO11n,India__India_005853,D00,0.2712,0.023309,0.6548,TP
YOLO11n,India__India_005878,D40,0.3153,0.002741,0.3817,FP_localization
YOLO11n,India__India_005881,D20,0.6732,0.060936,0.7702,TP
YOLO11n,India__India_005905,D20,0.3554,0.220092,0.8537,TP
YOLO11n,India__India_005921,D20,0.5416,0.194652,0.4023,FP_localization
YOLO11n,India__India_005949,D20,0.3267,0.215806,0.8634,TP
YOLO11n,India__India_005949,D20,0.2291,0.15138,0.6076,FP_duplicate
YOLO11n,India__India_005974,D20,0.566,0.257022,0.8915,TP
YOLO11n,India__India_005994,D20,0.6547,0.198762,0.8226,TP
YOLO11n,India__India_006014,D20,0.4108,0.146341,0.3109,FP_localization
YOLO11n,India__India_006014,D20,0.2884,0.134315,0.3421,FP_localization
YOLO11n,India__India_006026,D20,0.6451,0.252187,0.6891,TP
YOLO11n,India__India_006063,D20,0.425,0.167648,0.6727,TP
YOLO11n,India__India_006076,D20,0.3558,0.092328,0.3185,FP_background
YOLO11n,India__India_006076,D40,0.2897,0.06171,0.3499,FP_localization
YOLO11n,India__India_006093,D00,0.2404,0.024112,0.0,FP_background
YOLO11n,India__India_006100,D40,0.3768,0.00867,0.452,FP_localization
YOLO11n,India__India_006100,D40,0.2416,0.113997,0.4276,FP_localization
YOLO11n,India__India_006128,D20,0.7901,0.190458,0.7476,TP
YOLO11n,India__India_006201,D40,0.3619,0.002343,0.6172,TP
YOLO11n,India__India_006201,D40,0.3193,0.001638,0.4316,FP_localization
YOLO11n,India__India_006215,D00,0.6013,0.141714,0.8685,TP
YOLO11n,India__India_006219,D20,0.2298,0.13356,0.7632,TP
YOLO11n,India__India_006248,D40,0.2452,0.00954,0.7486,TP
YOLO11n,India__India_006248,D40,0.2323,0.122899,0.2868,FP_localization
YOLO11n,India__India_006260,D20,0.3197,0.198919,0.552,TP
YOLO11n,India__India_006260,D20,0.2626,0.127741,0.7485,FP_duplicate
YOLO11n,India__India_006275,D40,0.2737,0.002092,0.8528,TP
YOLO11n,India__India_006286,D20,0.3424,0.065837,0.6871,TP
YOLO11n,India__India_006297,D40,0.3383,0.229963,0.5263,TP
YOLO11n,India__India_006297,D40,0.2955,0.198789,0.7892,FP_duplicate
YOLO11n,India__India_006310,D20,0.4648,0.179828,0.5838,TP
YOLO11n,India__India_006310,D20,0.2429,0.133616,0.7958,FP_duplicate
YOLO11n,India__India_006336,D40,0.2343,0.002819,0.0,FP_background
YOLO11n,India__India_006376,D40,0.5003,0.032599,0.0,FP_background
YOLO11n,India__India_006381,D20,0.5224,0.221794,0.7577,TP
YOLO11n,India__India_006381,D20,0.252,0.274189,0.7895,FP_duplicate
YOLO11n,India__India_006395,D20,0.3773,0.164002,0.5937,TP
YOLO11n,India__India_006462,D40,0.6149,0.002587,0.6039,TP
YOLO11n,India__India_006473,D40,0.2566,0.010516,0.4711,FP_localization
YOLO11n,India__India_006493,D20,0.4373,0.055678,0.3676,FP_localization
YOLO11n,India__India_006493,D00,0.2407,0.02704,0.2245,FP_localization
YOLO11n,India__India_006545,D20,0.4344,0.20161,0.8704,TP
YOLO11n,India__India_006633,D20,0.6312,0.279375,0.7102,TP
YOLO11n,India__India_006640,D40,0.2516,0.003462,0.4389,FP_localization
YOLO11n,India__India_006643,D20,0.3813,0.194633,0.4601,FP_localization
YOLO11n,India__India_006645,D20,0.2474,0.214589,0.7474,TP
YOLO11n,India__India_006652,D20,0.5452,0.072098,0.0,FP_background
YOLO11n,India__India_006665,D40,0.3651,0.154757,0.5353,TP
YOLO11n,India__India_006665,D40,0.3355,0.242948,0.8435,FP_duplicate
YOLO11n,India__India_006665,D40,0.2584,0.16892,0.4834,FP_localization
YOLO11n,India__India_006692,D20,0.658,0.221703,0.7046,TP
YOLO11n,India__India_006692,D20,0.2891,0.275191,0.8609,FP_duplicate
YOLO11n,India__India_006715,D20,0.5806,0.21574,0.7525,TP
YOLO11n,India__India_006715,D20,0.3248,0.333884,0.5057,FP_duplicate
YOLO11n,India__India_006730,D20,0.5283,0.200934,0.7854,TP
YOLO11n,India__India_006820,D20,0.59,0.228988,0.8597,TP
YOLO11n,India__India_006851,D40,0.3788,0.128938,0.208,FP_localization
YOLO11n,India__India_006851,D40,0.3618,0.169812,0.4102,FP_localization
YOLO11n,India__India_006851,D40,0.2565,0.120368,0.6692,TP
YOLO11n,India__India_006942,D20,0.3775,0.162569,0.0,FP_background
YOLO11n,India__India_006999,D40,0.3177,0.017551,0.6363,TP
YOLO11n,India__India_007024,D20,0.5317,0.180583,0.6596,TP
YOLO11n,India__India_007037,D20,0.3338,0.207773,0.828,TP
YOLO11n,India__India_007071,D40,0.4278,0.003881,0.7066,TP
YOLO11n,India__India_007071,D40,0.415,0.008216,0.7764,TP
YOLO11n,India__India_007071,D40,0.3854,0.131637,0.126,FP_localization
YOLO11n,India__India_007071,D40,0.2314,0.196581,0.1521,FP_localization
YOLO11n,India__India_007072,D00,0.3216,0.016505,0.6861,TP
YOLO11n,India__India_007138,D20,0.3615,0.168743,0.6229,TP
YOLO11n,India__India_007138,D20,0.3553,0.204007,0.2106,FP_localization
YOLO11n,India__India_007138,D20,0.291,0.029235,0.2347,FP_localization
YOLO11n,India__India_007148,D20,0.5908,0.104631,0.6304,TP
YOLO11n,India__India_007159,D20,0.6786,0.029513,0.7167,TP
YOLO11n,India__India_007178,D20,0.4984,0.290209,0.5878,TP
YOLO11n,India__India_007178,D20,0.4289,0.205584,0.9066,FP_duplicate
YOLO11n,India__India_007194,D20,0.2924,0.066451,0.694,TP
YOLO11n,India__India_007194,D20,0.2472,0.102013,0.5976,FP_duplicate
YOLO11n,India__India_007199,D20,0.4358,0.231651,0.0,FP_background
YOLO11n,India__India_007199,D20,0.3071,0.16823,0.0,FP_background
YOLO11n,India__India_007224,D20,0.5314,0.231892,0.8354,TP
YOLO11n,India__India_007254,D40,0.3512,0.346856,0.0,FP_background
YOLO11n,India__India_007254,D40,0.2487,0.248449,0.0,FP_background
YOLO11n,India__India_007353,D40,0.3412,0.004199,0.0,FP_background
YOLO11n,India__India_007377,D20,0.3477,0.031734,0.2308,FP_localization
YOLO11n,India__India_007377,D20,0.3452,0.133477,0.7512,TP
YOLO11n,India__India_007454,D40,0.3271,0.128748,0.0,FP_background
YOLO11n,India__India_007454,D40,0.2588,0.148994,0.0,FP_background
YOLO11n,India__India_007457,D00,0.5806,0.021826,0.8352,TP
YOLO11n,India__India_007463,D20,0.3854,0.191237,0.6601,TP
YOLO11n,India__India_007470,D20,0.3645,0.134861,0.4735,FP_localization
YOLO11n,India__India_007478,D20,0.2973,0.217324,0.4401,FP_localization
YOLO11n,India__India_007492,D20,0.3056,0.07188,0.3584,FP_localization
YOLO11n,India__India_007529,D00,0.3064,0.018222,0.6753,TP
YOLO11n,India__India_007533,D40,0.3038,0.004921,0.7811,FP_classification
YOLO11n,India__India_007539,D20,0.3587,0.102095,0.4655,FP_localization
YOLO11n,India__India_007539,D20,0.3444,0.05939,0.6724,TP
YOLO11n,India__India_007565,D00,0.4465,0.251956,0.605,TP
YOLO11n,India__India_007565,D20,0.2581,0.222566,0.4505,FP_localization
YOLO11n,India__India_007627,D20,0.38,0.093038,0.3372,FP_localization
YOLO11n,India__India_007627,D20,0.312,0.063338,0.4848,FP_localization
YOLO11n,India__India_007627,D20,0.2415,0.048274,0.6764,TP
YOLO11n,India__India_007647,D20,0.3318,0.122303,0.3234,FP_background
YOLO11n,India__India_007706,D20,0.3123,0.158335,0.6283,TP
YOLO11n,India__India_007720,D20,0.489,0.099434,0.7403,TP
YOLO11n,India__India_007735,D20,0.4203,0.177766,0.5016,TP
YOLO11n,India__India_007740,D20,0.6604,0.213804,0.8614,TP
YOLO11n,India__India_007742,D00,0.243,0.024733,0.0,FP_background
YOLO11n,India__India_007769,D20,0.546,0.186214,0.835,TP
YOLO11n,India__India_007781,D40,0.5535,0.002232,0.2927,FP_localization
YOLO11n,India__India_007781,D40,0.3623,0.003494,0.7013,TP
YOLO11n,India__India_007781,D40,0.2659,0.174895,0.2029,FP_localization
YOLO11n,India__India_007791,D40,0.2373,0.2036,0.0828,FP_background
YOLO11n,India__India_007791,D40,0.2281,0.057818,0.3034,FP_localization
YOLO11n,India__India_007844,D20,0.58,0.206303,0.7324,TP
YOLO11n,India__India_007849,D00,0.4606,0.028147,0.3202,FP_background
YOLO11n,India__India_007906,D20,0.4714,0.199826,0.8584,TP
YOLO11n,India__India_007911,D40,0.3146,0.006953,0.576,FP_classification
YOLO11n,India__India_007911,D20,0.2611,0.14164,0.4286,FP_localization
YOLO11n,India__India_007964,D20,0.5469,0.177724,0.9256,TP
YOLO11n,India__India_007998,D20,0.294,0.16892,0.5052,TP
YOLO11n,India__India_007998,D40,0.2684,0.001568,0.6431,TP
YOLO11n,India__India_007998,D20,0.2541,0.108241,0.6447,FP_duplicate
YOLO11n,India__India_008007,D20,0.2413,0.213879,0.0773,FP_background
YOLO11n,India__India_008012,D40,0.3589,0.005529,0.7975,TP
YOLO11n,India__India_008017,D00,0.3248,0.086578,0.7481,TP
YOLO11n,India__India_008017,D00,0.2756,0.017242,0.5143,TP
YOLO11n,India__India_008022,D40,0.5146,0.010682,0.3754,FP_localization
YOLO11n,India__India_008022,D40,0.4978,0.006407,0.6259,TP
YOLO11n,India__India_008022,D40,0.3079,0.025328,0.2467,FP_localization
YOLO11n,India__India_008037,D40,0.3341,0.003334,0.6459,TP
YOLO11n,India__India_008068,D20,0.8118,0.163195,0.8288,TP
YOLO11n,India__India_008079,D20,0.7109,0.178518,0.8646,TP
YOLO11n,India__India_008079,D20,0.3365,0.125659,0.5812,FP_duplicate
YOLO11n,India__India_008084,D20,0.315,0.0971,0.853,TP
YOLO11n,India__India_008103,D20,0.335,0.240387,0.8338,TP
YOLO11n,India__India_008159,D20,0.5283,0.161578,0.8073,TP
YOLO11n,India__India_008159,D20,0.3634,0.134839,0.581,FP_duplicate
YOLO11n,India__India_008190,D20,0.8654,0.210978,0.819,TP
YOLO11n,India__India_008250,D20,0.2488,0.244654,0.7912,TP
YOLO11n,India__India_008257,D20,0.3916,0.211079,0.2159,FP_localization
YOLO11n,India__India_008257,D20,0.3681,0.226161,0.2015,FP_localization
YOLO11n,India__India_008266,D20,0.2745,0.20604,0.7713,TP
YOLO11n,India__India_008284,D20,0.5139,0.058479,0.7418,TP
YOLO11n,India__India_008313,D20,0.3753,0.209874,0.3089,FP_localization
YOLO11n,India__India_008329,D20,0.5243,0.204565,0.8559,TP
YOLO11n,India__India_008337,D40,0.3232,0.266539,0.0,FP_background
YOLO11n,India__India_008337,D40,0.2623,0.330215,0.0,FP_background
YOLO11n,India__India_008340,D20,0.4759,0.147853,0.7848,TP
YOLO11n,India__India_008374,D20,0.2349,0.083349,0.382,FP_localization
YOLO11n,India__India_008400,D40,0.3546,0.001317,0.2842,FP_localization
YOLO11n,India__India_008407,D20,0.5937,0.113341,0.8149,TP
YOLO11n,India__India_008407,D20,0.3471,0.179732,0.5136,FP_duplicate
YOLO11n,India__India_008407,D00,0.2674,0.006771,0.2007,FP_localization
YOLO11n,India__India_008407,D20,0.2653,0.036982,0.8735,FP_classification
YOLO11n,India__India_008430,D20,0.4028,0.159646,0.7016,TP
YOLO11n,India__India_008430,D20,0.2804,0.125999,0.4815,FP_localization
YOLO11n,India__India_008430,D20,0.2369,0.229924,0.6732,FP_duplicate
YOLO11n,India__India_008440,D20,0.5619,0.268501,0.6321,TP
YOLO11n,India__India_008440,D40,0.3282,0.008888,0.7339,TP
YOLO11n,India__India_008471,D20,0.7969,0.219628,0.5899,TP
YOLO11n,India__India_008496,D20,0.5811,0.223587,0.8796,TP
YOLO11n,India__India_008557,D40,0.345,0.004129,0.7788,TP
YOLO11n,India__India_008565,D20,0.4619,0.22413,0.869,TP
YOLO11n,India__India_008574,D20,0.512,0.212902,0.346,FP_localization
YOLO11n,India__India_008584,D20,0.7608,0.119945,0.8214,TP
YOLO11n,India__India_008588,D20,0.3602,0.057798,0.6002,TP
YOLO11n,India__India_008588,D20,0.3592,0.110996,0.6353,FP_duplicate
YOLO11n,India__India_008595,D00,0.3276,0.022219,0.0,FP_background
YOLO11n,India__India_008623,D20,0.427,0.200407,0.3824,FP_localization
YOLO11n,India__India_008673,D40,0.4108,0.003684,0.0,FP_background
YOLO11n,India__India_008673,D40,0.2869,0.002603,0.7337,TP
YOLO11n,India__India_008677,D40,0.4822,0.009198,0.7256,TP
YOLO11n,India__India_008682,D40,0.3957,0.189064,0.5183,TP
YOLO11n,India__India_008682,D40,0.2447,0.185716,0.5079,FP_duplicate
YOLO11n,India__India_008726,D40,0.2453,0.007485,0.6784,TP
YOLO11n,India__India_008745,D20,0.2516,0.147627,0.6364,TP
YOLO11n,India__India_008792,D20,0.2923,0.126725,0.7471,TP
YOLO11n,India__India_008839,D00,0.6253,0.140333,0.3154,FP_localization
YOLO11n,India__India_008839,D00,0.2305,0.009443,0.0,FP_background
YOLO11n,India__India_008848,D40,0.3096,0.006721,0.0,FP_background
YOLO11n,India__India_008853,D20,0.5344,0.195492,0.8027,TP
YOLO11n,India__India_008867,D40,0.2942,0.012294,0.7469,TP
YOLO11n,India__India_008867,D40,0.2539,0.00476,0.6768,TP
YOLO11n,India__India_008906,D40,0.6689,0.003197,0.7373,TP
YOLO11n,India__India_008906,D20,0.4193,0.194527,0.547,FP_classification
YOLO11n,India__India_008906,D00,0.4048,0.199488,0.5334,TP
YOLO11n,India__India_008906,D20,0.2386,0.129855,0.4668,FP_localization
YOLO11n,India__India_008909,D20,0.5192,0.0956,0.7017,TP
YOLO11n,India__India_008918,D20,0.4397,0.209115,0.776,TP
YOLO11n,India__India_008918,D20,0.2825,0.121662,0.5431,FP_duplicate
YOLO11n,India__India_008928,D20,0.3317,0.097499,0.4603,FP_localization
YOLO11n,India__India_008960,D20,0.2798,0.067675,0.8555,TP
YOLO11n,India__India_008969,D40,0.6463,0.035073,0.6971,TP
YOLO11n,India__India_009039,D20,0.7145,0.225619,0.939,TP
YOLO11n,India__India_009041,D40,0.6407,0.004348,0.5609,TP
YOLO11n,India__India_009041,D20,0.306,0.173683,0.5113,TP
YOLO11n,India__India_009041,D20,0.2292,0.168964,0.6294,FP_duplicate
YOLO11n,India__India_009063,D20,0.5416,0.167516,0.6928,TP
YOLO11n,India__India_009122,D40,0.5608,0.00201,0.8011,TP
YOLO11n,India__India_009122,D20,0.3342,0.151232,0.0876,FP_background
YOLO11n,India__India_009133,D20,0.2926,0.042086,0.5885,TP
YOLO11n,India__India_009133,D00,0.2356,0.00249,0.0361,FP_background
YOLO11n,India__India_009167,D00,0.2552,0.029006,0.5309,TP
YOLO11n,India__India_009167,D00,0.2461,0.020337,0.7137,TP
YOLO11n,India__India_009167,D20,0.242,0.051164,0.3458,FP_localization
YOLO11n,India__India_009212,D20,0.3253,0.131171,0.65,TP
YOLO11n,India__India_009212,D20,0.2313,0.155186,0.5244,FP_duplicate
YOLO11n,India__India_009214,D20,0.379,0.140903,0.4631,FP_localization
YOLO11n,India__India_009214,D20,0.3346,0.215263,0.3031,FP_localization
YOLO11n,India__India_009221,D20,0.6662,0.158478,0.9109,TP
YOLO11n,India__India_009226,D40,0.4807,0.004268,0.5971,TP
YOLO11n,India__India_009226,D40,0.4644,0.008979,0.9179,TP
YOLO11n,India__India_009226,D40,0.3873,0.02066,0.8673,TP
YOLO11n,India__India_009226,D40,0.331,0.166595,0.261,FP_localization
YOLO11n,India__India_009245,D40,0.4089,0.043971,0.8483,TP
YOLO11n,India__India_009245,D40,0.4016,0.004431,0.0859,FP_background
YOLO11n,India__India_009245,D40,0.2606,0.002704,0.0524,FP_background
YOLO11n,India__India_009284,D20,0.2915,0.217618,0.487,FP_localization
YOLO11n,India__India_009284,D20,0.2734,0.147472,0.5437,TP
YOLO11n,India__India_009297,D20,0.2788,0.127026,0.3657,FP_localization
YOLO11n,India__India_009320,D20,0.2491,0.233599,0.0702,FP_background
YOLO11n,India__India_009359,D40,0.2632,0.006498,0.5226,TP
YOLO11n,India__India_009359,D40,0.2364,0.011178,0.6181,FP_duplicate
YOLO11n,India__India_009379,D20,0.2531,0.315874,0.0,FP_background
YOLO11n,India__India_009391,D20,0.3001,0.04282,0.7194,FP_classification
YOLO11n,India__India_009394,D20,0.4535,0.19751,0.8493,TP
YOLO11n,India__India_009406,D20,0.2431,0.443157,0.1809,FP_background
YOLO11n,India__India_009428,D20,0.4213,0.16639,0.3257,FP_localization
YOLO11n,India__India_009428,D20,0.2913,0.101089,0.5231,TP
YOLO11n,India__India_009505,D00,0.6615,0.015575,0.7171,TP
YOLO11n,India__India_009505,D20,0.4674,0.061572,0.4373,FP_background
YOLO11n,India__India_009541,D20,0.8332,0.235908,0.8147,TP
YOLO11n,India__India_009564,D40,0.2704,0.183265,0.8149,TP
YOLO11n,India__India_009579,D40,0.2327,0.012069,0.6385,TP
YOLO11n,India__India_009595,D20,0.5544,0.105283,0.7006,TP
YOLO11n,India__India_009595,D20,0.4677,0.045839,0.7575,TP
YOLO11n,India__India_009595,D20,0.3128,0.159347,0.448,FP_localization
YOLO11n,India__India_009600,D20,0.2717,0.120318,0.6405,TP
YOLO11n,India__India_009606,D20,0.3261,0.225508,0.0,FP_background
YOLO11n,India__India_009606,D20,0.3212,0.137608,0.0,FP_background
YOLO11n,India__India_009625,D00,0.3315,0.005733,0.0,FP_background
YOLO11n,India__India_009640,D20,0.5994,0.222655,0.5495,TP
YOLO11n,India__India_009640,D20,0.2837,0.192691,0.7678,FP_duplicate
YOLO11n,India__India_009656,D40,0.4681,0.159296,0.9402,TP
YOLO11n,India__India_009656,D40,0.3088,0.171497,0.6886,FP_duplicate
YOLO11n,India__India_009656,D40,0.2716,0.012169,0.0656,FP_background
YOLO11n,India__India_009656,D40,0.2334,0.115721,0.6623,FP_duplicate
YOLO11n,India__India_009666,D20,0.4597,0.210247,0.8238,TP
YOLO11n,India__India_009719,D20,0.3008,0.031517,0.2406,FP_localization
YOLO11n,India__India_009719,D20,0.2456,0.129809,0.738,TP
YOLO11n,India__India_009751,D20,0.3414,0.208507,0.8529,TP
YOLO11n,India__India_009842,D00,0.3373,0.041974,0.0,FP_background
YOLO11n,India__India_009842,D40,0.3082,0.112055,0.2294,FP_background
YOLO11n,India__India_009856,D40,0.2781,0.005341,0.5303,TP
YOLO11n,India__India_009856,D20,0.2554,0.180835,0.0945,FP_background
YOLO11n,India__India_009880,D20,0.6061,0.273048,0.6527,TP
YOLO11n,Japan__Japan_000001,D10,0.252,0.017815,0.2979,FP_localization
YOLO11n,Japan__Japan_000004,D00,0.436,0.038352,0.1,FP_background
YOLO11n,Japan__Japan_000020,D10,0.4813,0.004881,0.5587,TP
YOLO11n,Japan__Japan_000020,D10,0.3607,0.005913,0.9445,TP
YOLO11n,Japan__Japan_000020,D20,0.2788,0.100317,0.4018,FP_localization
YOLO11n,Japan__Japan_000028,D00,0.2799,0.020493,0.546,TP
YOLO11n,Japan__Japan_000042,D20,0.8485,0.157018,0.8014,TP
YOLO11n,Japan__Japan_000051,D10,0.5968,0.005693,0.6019,TP
YOLO11n,Japan__Japan_000058,D10,0.5118,0.005677,0.0206,FP_background
YOLO11n,Japan__Japan_000058,D20,0.3289,0.041565,0.1497,FP_localization
YOLO11n,Japan__Japan_000058,D20,0.2467,0.119846,0.4316,FP_localization
YOLO11n,Japan__Japan_000063,D00,0.5416,0.068174,0.5659,TP
YOLO11n,Japan__Japan_000063,D00,0.3646,0.100412,0.4,FP_localization
YOLO11n,Japan__Japan_000063,D00,0.3271,0.004252,0.0,FP_background
YOLO11n,Japan__Japan_000063,D00,0.2877,0.050876,0.7419,FP_duplicate
YOLO11n,Japan__Japan_000063,D00,0.2608,0.005496,0.0,FP_background
YOLO11n,Japan__Japan_000070,D10,0.3165,0.006168,0.8195,TP
YOLO11n,Japan__Japan_000073,D00,0.3077,0.047805,0.0,FP_background
YOLO11n,Japan__Japan_000080,D20,0.7605,0.348703,0.7784,TP
YOLO11n,Japan__Japan_000080,D20,0.4597,0.13809,0.3215,FP_localization
YOLO11n,Japan__Japan_000089,D20,0.5104,0.014177,0.386,FP_localization
YOLO11n,Japan__Japan_000090,D40,0.5151,0.005534,0.6472,TP
YOLO11n,Japan__Japan_000090,D00,0.4598,0.012548,0.0,FP_background
YOLO11n,Japan__Japan_000091,D00,0.317,0.003212,0.8202,TP
YOLO11n,Japan__Japan_000097,D20,0.7228,0.020981,0.602,TP
YOLO11n,Japan__Japan_000097,D20,0.2854,0.030098,0.6957,FP_duplicate
YOLO11n,Japan__Japan_000113,D00,0.7255,0.024252,0.7713,TP
YOLO11n,Japan__Japan_000113,D00,0.2649,0.006241,0.4946,FP_localization
YOLO11n,Japan__Japan_000113,D00,0.2436,0.00401,0.6818,TP
YOLO11n,Japan__Japan_000113,D00,0.2374,0.001967,0.5124,FP_duplicate
YOLO11n,Japan__Japan_000117,D20,0.6475,0.159088,0.9636,TP
YOLO11n,Japan__Japan_000117,D40,0.4671,0.008173,0.7915,TP
YOLO11n,Japan__Japan_000117,D40,0.4528,0.002929,0.0191,FP_background
YOLO11n,Japan__Japan_000117,D00,0.2992,0.002911,0.0,FP_background
YOLO11n,Japan__Japan_000117,D40,0.2662,0.005939,0.6383,FP_duplicate
YOLO11n,Japan__Japan_000117,D00,0.2402,0.004319,0.0,FP_background
YOLO11n,Japan__Japan_000124,D10,0.2316,0.00795,0.0,FP_background
YOLO11n,Japan__Japan_000127,D10,0.4428,0.017231,0.6455,TP
YOLO11n,Japan__Japan_000127,D10,0.3183,0.007773,0.0,FP_background
YOLO11n,Japan__Japan_000129,D20,0.3116,0.166872,0.2082,FP_background
YOLO11n,Japan__Japan_000129,D20,0.2971,0.099978,0.3475,FP_background
YOLO11n,Japan__Japan_000144,D20,0.8164,0.074855,0.6713,TP
YOLO11n,Japan__Japan_000144,D10,0.3696,0.009894,0.5101,TP
YOLO11n,Japan__Japan_000146,D10,0.36,0.063442,0.9343,TP
YOLO11n,Japan__Japan_000151,D20,0.7798,0.162546,0.8197,TP
YOLO11n,Japan__Japan_000151,D20,0.3872,0.040909,0.0,FP_background
YOLO11n,Japan__Japan_000152,D00,0.7273,0.055842,0.692,TP
YOLO11n,Japan__Japan_000152,D00,0.262,0.043079,0.7527,FP_duplicate
YOLO11n,Japan__Japan_000171,D10,0.2499,0.00533,0.1209,FP_localization
YOLO11n,Japan__Japan_000188,D20,0.8433,0.271474,0.85,TP
YOLO11n,Japan__Japan_000234,D00,0.3341,0.003374,0.354,FP_localization
YOLO11n,Japan__Japan_000244,D00,0.2375,0.005587,0.0,FP_background
YOLO11n,Japan__Japan_000246,D00,0.4557,0.022122,0.7991,TP
YOLO11n,Japan__Japan_000258,D00,0.5785,0.010925,0.8001,TP
YOLO11n,Japan__Japan_000260,D00,0.3863,0.061236,0.3351,FP_background
YOLO11n,Japan__Japan_000260,D00,0.2551,0.103743,0.5677,FP_classification
YOLO11n,Japan__Japan_000270,D40,0.4912,0.004986,0.7254,TP
YOLO11n,Japan__Japan_000270,D20,0.3707,0.291452,0.7227,TP
YOLO11n,Japan__Japan_000270,D20,0.2391,0.133002,0.4561,FP_localization
YOLO11n,Japan__Japan_000281,D20,0.8502,0.32396,0.889,TP
YOLO11n,Japan__Japan_000281,D40,0.3854,0.003069,0.4906,FP_localization
YOLO11n,Japan__Japan_000312,D10,0.4195,0.023387,0.0,FP_background
YOLO11n,Japan__Japan_000315,D20,0.5752,0.210583,0.9017,TP
YOLO11n,Japan__Japan_000332,D40,0.5241,0.021347,0.0238,FP_background
YOLO11n,Japan__Japan_000332,D40,0.4002,0.002171,0.7724,TP
YOLO11n,Japan__Japan_000332,D40,0.3812,0.008797,0.5597,TP
YOLO11n,Japan__Japan_000332,D40,0.3539,0.000916,0.8505,TP
YOLO11n,Japan__Japan_000338,D20,0.5678,0.303652,0.4555,FP_localization
YOLO11n,Japan__Japan_000338,D20,0.4131,0.197804,0.6961,TP
YOLO11n,Japan__Japan_000364,D20,0.3258,0.087408,0.5043,TP
YOLO11n,Japan__Japan_000365,D20,0.2314,0.039118,0.0,FP_background
YOLO11n,Japan__Japan_000366,D20,0.5167,0.106107,0.6918,TP
YOLO11n,Japan__Japan_000385,D20,0.7614,0.202337,0.7469,TP
YOLO11n,Japan__Japan_000385,D20,0.4314,0.019326,0.7668,TP
YOLO11n,Japan__Japan_000393,D10,0.3839,0.076673,0.5797,TP
YOLO11n,Japan__Japan_000393,D10,0.3014,0.069687,0.4621,FP_localization
YOLO11n,Japan__Japan_000398,D20,0.2544,0.043025,0.0,FP_background
YOLO11n,Japan__Japan_000399,D00,0.3857,0.119502,0.1063,FP_localization
YOLO11n,Japan__Japan_000407,D20,0.7757,0.217968,0.8455,TP
YOLO11n,Japan__Japan_000409,D00,0.7608,0.095479,0.5565,TP
YOLO11n,Japan__Japan_000409,D20,0.4568,0.173917,0.6159,TP
YOLO11n,Japan__Japan_000409,D10,0.3425,0.005388,0.0211,FP_background
YOLO11n,Japan__Japan_000410,D20,0.3434,0.090409,0.7054,TP
YOLO11n,Japan__Japan_000415,D20,0.7849,0.193252,0.9014,TP
YOLO11n,Japan__Japan_000418,D20,0.4787,0.018859,0.3878,FP_localization
YOLO11n,Japan__Japan_000422,D10,0.3303,0.013697,0.0,FP_background
YOLO11n,Japan__Japan_000428,D20,0.6046,0.015382,0.8918,TP
YOLO11n,Japan__Japan_000428,D20,0.5765,0.06045,0.7189,TP
YOLO11n,Japan__Japan_000435,D00,0.3164,0.040112,0.8069,FP_classification
YOLO11n,Japan__Japan_000435,D20,0.2547,0.054617,0.6997,TP
YOLO11n,Japan__Japan_000436,D10,0.3594,0.006455,0.0,FP_background
YOLO11n,Japan__Japan_000438,D20,0.4298,0.224084,0.7819,TP
YOLO11n,Japan__Japan_000438,D10,0.4153,0.007483,0.033,FP_background
YOLO11n,Japan__Japan_000449,D20,0.6719,0.196719,0.8536,TP
YOLO11n,Japan__Japan_000449,D40,0.6032,0.001942,0.3186,FP_localization
YOLO11n,Japan__Japan_000449,D40,0.2586,0.002151,0.8801,TP
YOLO11n,Japan__Japan_000453,D00,0.5811,0.020959,0.8989,TP
YOLO11n,Japan__Japan_000453,D20,0.4963,0.172617,0.4984,FP_localization
YOLO11n,Japan__Japan_000453,D20,0.2955,0.048537,0.5279,TP
YOLO11n,Japan__Japan_000474,D20,0.313,0.228969,0.0,FP_background
YOLO11n,Japan__Japan_000478,D10,0.2679,0.014114,0.3694,FP_localization
YOLO11n,Japan__Japan_000488,D20,0.5736,0.070245,0.2307,FP_localization
YOLO11n,Japan__Japan_000488,D20,0.3055,0.169503,0.5637,TP
YOLO11n,Japan__Japan_000511,D20,0.3969,0.156249,0.4941,FP_localization
YOLO11n,Japan__Japan_000528,D00,0.5912,0.028089,0.8619,TP
YOLO11n,Japan__Japan_000528,D00,0.4891,0.050595,0.4861,FP_localization
YOLO11n,Japan__Japan_000545,D20,0.4624,0.027456,0.5211,TP
YOLO11n,Japan__Japan_000545,D20,0.3171,0.056104,0.6019,TP
YOLO11n,Japan__Japan_000545,D20,0.2977,0.11364,0.4121,FP_localization
YOLO11n,Japan__Japan_000552,D20,0.568,0.124882,0.7942,TP
YOLO11n,Japan__Japan_000552,D40,0.4013,0.002503,0.8342,TP
YOLO11n,Japan__Japan_000567,D00,0.4774,0.009054,0.7236,TP
YOLO11n,Japan__Japan_000567,D40,0.3296,0.002089,0.0,FP_background
YOLO11n,Japan__Japan_000567,D10,0.2914,0.005574,0.5732,TP
YOLO11n,Japan__Japan_000587,D00,0.2389,0.009217,0.7887,TP
YOLO11n,Japan__Japan_000608,D20,0.3129,0.079215,0.6532,TP
YOLO11n,Japan__Japan_000608,D20,0.283,0.053558,0.4789,FP_localization
YOLO11n,Japan__Japan_000608,D10,0.2413,0.006364,0.0541,FP_background
YOLO11n,Japan__Japan_000633,D10,0.3236,0.011561,0.0,FP_background
YOLO11n,Japan__Japan_000633,D20,0.3174,0.025151,0.8877,TP
YOLO11n,Japan__Japan_000639,D40,0.686,0.005319,0.5768,TP
YOLO11n,Japan__Japan_000639,D20,0.5734,0.140674,0.3553,FP_localization
YOLO11n,Japan__Japan_000639,D20,0.3743,0.366954,0.9589,TP
YOLO11n,Japan__Japan_000639,D40,0.3743,0.004176,0.7108,TP
YOLO11n,Japan__Japan_000639,D40,0.2529,0.003671,0.4242,FP_localization
YOLO11n,Japan__Japan_000658,D10,0.5135,0.004156,0.6611,TP
YOLO11n,Japan__Japan_000658,D10,0.3326,0.010762,0.6505,TP
YOLO11n,Japan__Japan_000658,D10,0.2516,0.003606,0.4895,FP_localization
YOLO11n,Japan__Japan_000664,D20,0.2719,0.02175,0.0972,FP_background
YOLO11n,Japan__Japan_000664,D40,0.2415,0.007575,0.0324,FP_background
YOLO11n,Japan__Japan_000684,D10,0.3808,0.014888,0.692,TP
YOLO11n,Japan__Japan_000728,D20,0.7878,0.166839,0.8495,TP
YOLO11n,Japan__Japan_000781,D10,0.358,0.005979,0.0095,FP_background
YOLO11n,Japan__Japan_000785,D10,0.2409,0.009156,0.0,FP_background
YOLO11n,Japan__Japan_000790,D20,0.2382,0.294095,0.6588,TP
YOLO11n,Japan__Japan_000808,D20,0.415,0.215205,0.6537,TP
YOLO11n,Japan__Japan_000808,D20,0.3172,0.007487,0.0344,FP_background
YOLO11n,Japan__Japan_000810,D20,0.2435,0.14729,0.3001,FP_localization
YOLO11n,Japan__Japan_000825,D20,0.6478,0.19548,0.442,FP_localization
YOLO11n,Japan__Japan_000825,D40,0.5004,0.002531,0.741,TP
YOLO11n,Japan__Japan_000825,D10,0.285,0.011448,0.0,FP_background
YOLO11n,Japan__Japan_000825,D10,0.2739,0.154999,0.2274,FP_background
YOLO11n,Japan__Japan_000829,D20,0.793,0.33968,0.9488,TP
YOLO11n,Japan__Japan_000852,D10,0.4749,0.016707,0.6306,TP
YOLO11n,Japan__Japan_000852,D00,0.2325,0.021024,0.7232,TP
YOLO11n,Japan__Japan_000859,D20,0.7312,0.300763,0.9099,TP
YOLO11n,Japan__Japan_000867,D20,0.722,0.236452,0.595,TP
YOLO11n,Japan__Japan_000867,D00,0.5935,0.01008,0.0261,FP_background
YOLO11n,Japan__Japan_000867,D10,0.3717,0.005204,0.014,FP_background
YOLO11n,Japan__Japan_000867,D10,0.3046,0.007334,0.0083,FP_background
YOLO11n,Japan__Japan_000867,D10,0.2312,0.002691,0.0072,FP_background
YOLO11n,Japan__Japan_000889,D20,0.5545,0.205825,0.5626,TP
YOLO11n,Japan__Japan_000889,D20,0.359,0.384282,0.8728,FP_duplicate
YOLO11n,Japan__Japan_000889,D10,0.2756,0.017545,0.046,FP_background
YOLO11n,Japan__Japan_000895,D00,0.3988,0.024027,0.0,FP_background
YOLO11n,Japan__Japan_000910,D20,0.3933,0.078617,0.7617,TP
YOLO11n,Japan__Japan_000910,D20,0.3177,0.141072,0.4337,FP_localization
YOLO11n,Japan__Japan_000918,D00,0.344,0.012467,0.0,FP_background
YOLO11n,Japan__Japan_000929,D20,0.7483,0.236227,0.4968,FP_localization
YOLO11n,Japan__Japan_000929,D20,0.314,0.161133,0.7283,TP
YOLO11n,Japan__Japan_000945,D20,0.7927,0.309695,0.7986,TP
YOLO11n,Japan__Japan_001000,D20,0.4995,0.145722,0.3145,FP_localization
YOLO11n,Japan__Japan_001000,D20,0.4712,0.289489,0.7414,TP
YOLO11n,Japan__Japan_001000,D20,0.4243,0.139548,0.3936,FP_localization
YOLO11n,Japan__Japan_001000,D20,0.3517,0.180378,0.537,FP_duplicate
YOLO11n,Japan__Japan_001000,D20,0.2715,0.067086,0.226,FP_localization
YOLO11n,Japan__Japan_001024,D00,0.3684,0.009462,0.3094,FP_localization
YOLO11n,Japan__Japan_001038,D20,0.6034,0.018992,0.7411,TP
YOLO11n,Japan__Japan_001038,D20,0.2773,0.027861,0.5812,FP_duplicate
YOLO11n,Japan__Japan_001038,D20,0.2587,0.014924,0.6753,FP_duplicate
YOLO11n,Japan__Japan_001043,D00,0.5371,0.002764,0.7492,TP
YOLO11n,Japan__Japan_001058,D20,0.4523,0.07658,0.6206,TP
YOLO11n,Japan__Japan_001058,D10,0.3126,0.004995,0.5919,TP
YOLO11n,Japan__Japan_001071,D20,0.5448,0.141014,0.7249,TP
YOLO11n,Japan__Japan_001071,D20,0.5352,0.265483,0.6168,FP_duplicate
YOLO11n,Japan__Japan_001071,D10,0.4369,0.014462,0.4979,FP_localization
YOLO11n,Japan__Japan_001071,D10,0.4151,0.010055,0.6989,TP
YOLO11n,Japan__Japan_001071,D10,0.3494,0.024885,0.6306,TP
YOLO11n,Japan__Japan_001079,D20,0.6178,0.231451,0.8046,TP
YOLO11n,Japan__Japan_001087,D00,0.34,0.050847,0.5721,TP
YOLO11n,Japan__Japan_001099,D20,0.4677,0.16385,0.4914,FP_localization
YOLO11n,Japan__Japan_001099,D20,0.257,0.237912,0.652,TP
YOLO11n,Japan__Japan_001099,D20,0.255,0.109124,0.3319,FP_localization
YOLO11n,Japan__Japan_001099,D20,0.2507,0.030052,0.087,FP_background
YOLO11n,Japan__Japan_001112,D20,0.4597,0.096132,0.6975,TP
YOLO11n,Japan__Japan_001129,D00,0.645,0.121257,0.3937,FP_localization
YOLO11n,Japan__Japan_001130,D20,0.3876,0.35242,0.7387,TP
YOLO11n,Japan__Japan_001130,D20,0.3687,0.247218,0.7063,FP_duplicate
YOLO11n,Japan__Japan_001130,D20,0.3126,0.141049,0.4027,FP_localization
YOLO11n,Japan__Japan_001145,D00,0.436,0.011704,0.6779,TP
YOLO11n,Japan__Japan_001145,D00,0.2706,0.005898,0.4431,FP_background
YOLO11n,Japan__Japan_001159,D20,0.4384,0.127139,0.5534,TP
YOLO11n,Japan__Japan_001159,D20,0.4228,0.18942,0.376,FP_localization
YOLO11n,Japan__Japan_001185,D10,0.4873,0.062354,0.6198,TP
YOLO11n,Japan__Japan_001185,D10,0.4706,0.029463,0.6131,FP_duplicate
YOLO11n,Japan__Japan_001185,D10,0.3914,0.097868,0.491,FP_localization
YOLO11n,Japan__Japan_001185,D20,0.2886,0.076188,0.7489,TP
YOLO11n,Japan__Japan_001217,D20,0.3711,0.050916,0.0,FP_background
YOLO11n,Japan__Japan_001219,D00,0.5095,0.020559,0.5687,TP
YOLO11n,Japan__Japan_001219,D10,0.3131,0.017953,0.2797,FP_localization
YOLO11n,Japan__Japan_001228,D40,0.5627,0.00476,0.7453,TP
YOLO11n,Japan__Japan_001228,D40,0.3691,0.007061,0.1396,FP_localization
YOLO11n,Japan__Japan_001228,D40,0.2984,0.003112,0.0615,FP_background
YOLO11n,Japan__Japan_001228,D20,0.2754,0.053063,0.9295,FP_classification
YOLO11n,Japan__Japan_001238,D10,0.4006,0.0123,0.184,FP_localization
YOLO11n,Japan__Japan_001239,D00,0.4509,0.006217,0.7018,TP
YOLO11n,Japan__Japan_001239,D10,0.4011,0.009187,0.7633,TP
YOLO11n,Japan__Japan_001239,D20,0.3149,0.049601,0.0411,FP_background
YOLO11n,Japan__Japan_001241,D40,0.5397,0.007579,0.8478,TP
YOLO11n,Japan__Japan_001241,D00,0.3057,0.041646,0.0,FP_background
YOLO11n,Japan__Japan_001241,D40,0.2815,0.004974,0.5989,FP_duplicate
YOLO11n,Japan__Japan_001242,D20,0.2704,0.25524,0.5497,TP
YOLO11n,Japan__Japan_001245,D00,0.301,0.008618,0.4782,FP_localization
YOLO11n,Japan__Japan_001245,D00,0.2389,0.013304,0.7097,TP
YOLO11n,Japan__Japan_001252,D20,0.6915,0.383791,0.4921,FP_localization
YOLO11n,Japan__Japan_001252,D40,0.398,0.002276,0.6184,TP
YOLO11n,Japan__Japan_001252,D40,0.2458,0.007447,0.6533,TP
YOLO11n,Japan__Japan_001257,D20,0.8386,0.414627,0.837,TP
YOLO11n,Japan__Japan_001257,D40,0.4735,0.006417,0.8004,TP
YOLO11n,Japan__Japan_001257,D40,0.2521,0.004246,0.5865,FP_duplicate
YOLO11n,Japan__Japan_001264,D20,0.7753,0.126478,0.808,TP
YOLO11n,Japan__Japan_001266,D10,0.4833,0.040346,0.6426,TP
YOLO11n,Japan__Japan_001266,D00,0.3171,0.008804,0.0,FP_background
YOLO11n,Japan__Japan_001266,D10,0.2868,0.058124,0.5425,FP_duplicate
YOLO11n,Japan__Japan_001278,D00,0.2819,0.053756,0.6785,TP
YOLO11n,Japan__Japan_001287,D20,0.3471,0.033389,0.728,TP
YOLO11n,Japan__Japan_001304,D20,0.6325,0.150298,0.4903,FP_localization
YOLO11n,Japan__Japan_001304,D20,0.2912,0.093685,0.7768,TP
YOLO11n,Japan__Japan_001304,D20,0.2453,0.023087,0.7979,TP
YOLO11n,Japan__Japan_001319,D40,0.4094,0.003902,0.4356,FP_localization
YOLO11n,Japan__Japan_001319,D40,0.2381,0.002741,0.2965,FP_localization
YOLO11n,Japan__Japan_001325,D20,0.7932,0.21699,0.8662,TP
YOLO11n,Japan__Japan_001325,D20,0.7012,0.029586,0.7436,TP
YOLO11n,Japan__Japan_001325,D10,0.4481,0.054423,0.7694,TP
YOLO11n,Japan__Japan_001325,D10,0.3206,0.028168,0.6272,FP_duplicate
YOLO11n,Japan__Japan_001327,D20,0.7404,0.189345,0.9863,TP
YOLO11n,Japan__Japan_001362,D40,0.6762,0.002381,0.8549,TP
YOLO11n,Japan__Japan_001362,D40,0.5798,0.001063,0.8512,TP
YOLO11n,Japan__Japan_001362,D20,0.3214,0.308649,0.6668,TP
YOLO11n,Japan__Japan_001386,D00,0.335,0.009461,0.0,FP_background
YOLO11n,Japan__Japan_001386,D10,0.2797,0.003205,0.6873,TP
YOLO11n,Japan__Japan_001396,D10,0.5472,0.012808,0.7997,TP
YOLO11n,Japan__Japan_001396,D20,0.2745,0.054974,0.3375,FP_background
YOLO11n,Japan__Japan_001423,D10,0.5258,0.010222,0.9582,TP
YOLO11n,Japan__Japan_001423,D10,0.458,0.006847,0.6198,TP
YOLO11n,Japan__Japan_001423,D10,0.2647,0.011181,0.0,FP_background
YOLO11n,Japan__Japan_001439,D20,0.5745,0.40971,0.8429,TP
YOLO11n,Japan__Japan_001441,D10,0.2823,0.059374,0.5588,TP
YOLO11n,Japan__Japan_001457,D00,0.3996,0.005638,0.6008,TP
YOLO11n,Japan__Japan_001457,D10,0.3873,0.016101,0.7613,TP
YOLO11n,Japan__Japan_001457,D00,0.3035,0.008102,0.8116,FP_duplicate
YOLO11n,Japan__Japan_001485,D00,0.4478,0.00435,0.3414,FP_localization
YOLO11n,Japan__Japan_001486,D00,0.6022,0.046598,0.8571,TP
YOLO11n,Japan__Japan_001507,D20,0.6973,0.34571,0.9275,TP
YOLO11n,Japan__Japan_001507,D20,0.4014,0.207302,0.6002,FP_duplicate
YOLO11n,Japan__Japan_001533,D10,0.3941,0.023814,0.6232,TP
YOLO11n,Japan__Japan_001533,D20,0.2327,0.057533,0.8455,TP
YOLO11n,Japan__Japan_001534,D20,0.3856,0.093628,0.1381,FP_localization
YOLO11n,Japan__Japan_001534,D10,0.3644,0.005838,0.7693,TP
YOLO11n,Japan__Japan_001534,D10,0.3108,0.019993,0.6594,TP
YOLO11n,Japan__Japan_001534,D20,0.2688,0.032783,0.5128,TP
YOLO11n,Japan__Japan_001537,D20,0.5507,0.144039,0.7115,TP
YOLO11n,Japan__Japan_001537,D40,0.4631,0.003138,0.8334,TP
YOLO11n,Japan__Japan_001557,D00,0.5692,0.01651,0.7976,TP
YOLO11n,Japan__Japan_001559,D20,0.6912,0.377092,0.9811,TP
YOLO11n,Japan__Japan_001559,D20,0.3736,0.219599,0.5519,FP_duplicate
YOLO11n,Japan__Japan_001559,D20,0.2666,0.146918,0.366,FP_localization
YOLO11n,Japan__Japan_001560,D20,0.7798,0.315949,0.6172,TP
YOLO11n,Japan__Japan_001570,D20,0.7402,0.619772,0.7939,TP
YOLO11n,Japan__Japan_001570,D20,0.4871,0.106638,0.5008,TP
YOLO11n,Japan__Japan_001570,D20,0.2347,0.273277,0.7099,TP
YOLO11n,Japan__Japan_001576,D20,0.3416,0.046829,0.7902,TP
YOLO11n,Japan__Japan_001576,D20,0.2416,0.037147,0.5842,FP_duplicate
YOLO11n,Japan__Japan_001616,D20,0.6342,0.217083,0.6494,TP
YOLO11n,Japan__Japan_001616,D10,0.518,0.014573,0.6704,TP
YOLO11n,Japan__Japan_001616,D20,0.2303,0.228374,0.6854,FP_duplicate
YOLO11n,Japan__Japan_001627,D20,0.6504,0.166208,0.6924,TP
YOLO11n,Japan__Japan_001627,D20,0.3232,0.239074,0.9723,FP_duplicate
YOLO11n,Japan__Japan_001640,D20,0.362,0.195286,0.6196,TP
YOLO11n,Japan__Japan_001640,D10,0.2666,0.031621,0.1003,FP_background
YOLO11n,Japan__Japan_001652,D10,0.5578,0.018696,0.8136,TP
YOLO11n,Japan__Japan_001656,D40,0.4705,0.006666,0.4989,FP_localization
YOLO11n,Japan__Japan_001656,D20,0.4454,0.167613,0.5102,TP
YOLO11n,Japan__Japan_001656,D20,0.3034,0.262955,0.6433,FP_duplicate
YOLO11n,Japan__Japan_001656,D20,0.2753,0.239408,0.7321,FP_duplicate
YOLO11n,Japan__Japan_001664,D10,0.2761,0.015929,0.6402,TP
YOLO11n,Japan__Japan_001666,D20,0.4629,0.287484,0.7654,TP
YOLO11n,Japan__Japan_001669,D20,0.4876,0.024546,0.8101,TP
YOLO11n,Japan__Japan_001669,D20,0.3627,0.037819,0.7675,TP
YOLO11n,Japan__Japan_001677,D20,0.5258,0.153133,0.5575,TP
YOLO11n,Japan__Japan_001677,D20,0.2679,0.104015,0.8208,FP_duplicate
YOLO11n,Japan__Japan_001677,D20,0.2313,0.019864,0.7754,TP
YOLO11n,Japan__Japan_001683,D20,0.7569,0.119798,0.8458,TP
YOLO11n,Japan__Japan_001690,D10,0.4199,0.005241,0.5621,TP
YOLO11n,Japan__Japan_001690,D10,0.3277,0.027549,0.3164,FP_localization
YOLO11n,Japan__Japan_001690,D20,0.3182,0.017372,0.1301,FP_localization
YOLO11n,Japan__Japan_001690,D10,0.3084,0.071336,0.681,TP
YOLO11n,Japan__Japan_001690,D10,0.2484,0.007027,0.6258,TP
YOLO11n,Japan__Japan_001694,D10,0.3351,0.007969,0.0,FP_background
YOLO11n,Japan__Japan_001696,D10,0.4422,0.005556,0.5243,TP
YOLO11n,Japan__Japan_001696,D10,0.4048,0.019377,0.5949,TP
YOLO11n,Japan__Japan_001696,D20,0.3934,0.093436,0.6742,TP
YOLO11n,Japan__Japan_001703,D00,0.4732,0.0538,0.0,FP_background
YOLO11n,Japan__Japan_001708,D20,0.6116,0.077295,0.6633,TP
YOLO11n,Japan__Japan_001708,D20,0.5227,0.199296,0.5056,TP
YOLO11n,Japan__Japan_001708,D20,0.4105,0.079854,0.6532,FP_duplicate
YOLO11n,Japan__Japan_001708,D20,0.2925,0.050406,0.4592,FP_localization
YOLO11n,Japan__Japan_001708,D20,0.2286,0.035824,0.272,FP_localization
YOLO11n,Japan__Japan_001713,D20,0.4462,0.026698,0.7769,TP
YOLO11n,Japan__Japan_001724,D40,0.7111,0.002354,0.8779,TP
YOLO11n,Japan__Japan_001724,D40,0.4814,0.005902,0.8572,TP
YOLO11n,Japan__Japan_001724,D40,0.4218,0.004428,0.6451,FP_duplicate
YOLO11n,Japan__Japan_001724,D40,0.3806,0.003202,0.8672,TP
YOLO11n,Japan__Japan_001733,D00,0.3595,0.022591,0.8641,TP
YOLO11n,Japan__Japan_001733,D00,0.273,0.038328,0.5296,FP_duplicate
YOLO11n,Japan__Japan_001736,D20,0.3401,0.445792,0.7469,TP
YOLO11n,Japan__Japan_001736,D10,0.2495,0.009601,0.0239,FP_background
YOLO11n,Japan__Japan_001742,D20,0.3437,0.021208,0.4631,FP_background
YOLO11n,Japan__Japan_001791,D40,0.4236,0.003265,0.3024,FP_localization
YOLO11n,Japan__Japan_001802,D20,0.7791,0.207627,0.7931,TP
YOLO11n,Japan__Japan_001804,D10,0.4082,0.014477,0.8784,TP
YOLO11n,Japan__Japan_001804,D20,0.256,0.00943,0.0,FP_background
YOLO11n,Japan__Japan_001809,D20,0.5721,0.087238,0.751,TP
YOLO11n,Japan__Japan_001809,D20,0.3399,0.057737,0.497,FP_localization
YOLO11n,Japan__Japan_001817,D10,0.2904,0.088119,0.1267,FP_localization
YOLO11n,Japan__Japan_001857,D00,0.5167,0.051426,0.9511,TP
YOLO11n,Japan__Japan_001857,D10,0.4273,0.00978,0.7776,TP
YOLO11n,Japan__Japan_001868,D20,0.5122,0.211714,0.9235,TP
YOLO11n,Japan__Japan_001868,D20,0.4404,0.176709,0.7242,TP
YOLO11n,Japan__Japan_001868,D20,0.354,0.470354,0.4222,FP_localization
YOLO11n,Japan__Japan_001879,D00,0.6231,0.02907,0.7366,TP
YOLO11n,Japan__Japan_001881,D10,0.2419,0.027533,0.8195,TP
YOLO11n,Japan__Japan_001889,D00,0.3634,0.005089,0.183,FP_localization
YOLO11n,Japan__Japan_001889,D20,0.3034,0.176316,0.1577,FP_background
YOLO11n,Japan__Japan_001896,D20,0.5602,0.071805,0.6607,TP
YOLO11n,Japan__Japan_001897,D10,0.2964,0.007464,0.7462,TP
YOLO11n,Japan__Japan_001898,D20,0.4756,0.146159,0.5263,TP
YOLO11n,Japan__Japan_001898,D10,0.4008,0.008441,0.7993,TP
YOLO11n,Japan__Japan_001916,D20,0.9042,0.372481,0.8618,TP
YOLO11n,Japan__Japan_001916,D40,0.6788,0.010037,0.6896,TP
YOLO11n,Japan__Japan_001916,D40,0.3259,0.006063,0.4323,FP_localization
YOLO11n,Japan__Japan_001916,D40,0.307,0.010569,0.7536,FP_duplicate
YOLO11n,Japan__Japan_001926,D10,0.4004,0.022507,0.5434,TP
YOLO11n,Japan__Japan_001926,D10,0.3286,0.00636,0.0,FP_background
YOLO11n,Japan__Japan_001926,D00,0.2566,0.01532,0.0302,FP_background
YOLO11n,Japan__Japan_001926,D10,0.2448,0.037899,0.3918,FP_localization
YOLO11n,Japan__Japan_001926,D10,0.2388,0.014251,0.5634,FP_duplicate
YOLO11n,Japan__Japan_001926,D10,0.235,0.016735,0.7823,TP
YOLO11n,Japan__Japan_001938,D20,0.6256,0.25487,0.6194,TP
YOLO11n,Japan__Japan_001938,D20,0.5209,0.641033,0.4605,FP_localization
YOLO11n,Japan__Japan_001938,D20,0.4002,0.172276,0.7376,TP
YOLO11n,Japan__Japan_001944,D00,0.2483,0.005265,0.7144,TP
YOLO11n,Japan__Japan_001957,D00,0.5731,0.011302,0.7862,TP
YOLO11n,Japan__Japan_001969,D20,0.2853,0.12695,0.7602,TP
YOLO11n,Japan__Japan_001975,D00,0.2297,0.008602,0.0,FP_background
YOLO11n,Japan__Japan_001977,D20,0.6905,0.332005,0.4709,FP_localization
YOLO11n,Japan__Japan_001977,D20,0.5417,0.182556,0.8738,TP
YOLO11n,Japan__Japan_001977,D20,0.2759,0.137603,0.4773,FP_localization
YOLO11n,Japan__Japan_001984,D40,0.4097,0.016776,0.7319,TP
YOLO11n,Japan__Japan_001989,D20,0.4923,0.282654,0.359,FP_background
YOLO11n,Japan__Japan_001999,D00,0.244,0.021883,0.7837,TP
YOLO11n,Japan__Japan_002009,D20,0.5003,0.227957,0.5791,TP
YOLO11n,Japan__Japan_002009,D20,0.4328,0.138579,0.717,FP_duplicate
YOLO11n,Japan__Japan_002009,D20,0.4019,0.083218,0.8752,TP
YOLO11n,Japan__Japan_002042,D20,0.4545,0.093365,0.7995,TP
YOLO11n,Japan__Japan_002047,D20,0.7919,0.331283,0.6267,TP
YOLO11n,Japan__Japan_002047,D20,0.2394,0.11824,0.2525,FP_localization
YOLO11n,Japan__Japan_002055,D10,0.4977,0.01945,0.7464,TP
YOLO11n,Japan__Japan_002055,D10,0.3894,0.007365,0.1417,FP_localization
YOLO11n,Japan__Japan_002078,D00,0.4199,0.008045,0.0,FP_background
YOLO11n,Japan__Japan_002086,D00,0.7938,0.154438,0.7267,TP
YOLO11n,Japan__Japan_002086,D00,0.4253,0.006118,0.0001,FP_background
YOLO11n,Japan__Japan_002102,D20,0.644,0.111056,0.8228,FP_classification
YOLO11n,Japan__Japan_002102,D00,0.2758,0.055189,0.2394,FP_localization
YOLO11n,Japan__Japan_002103,D00,0.3942,0.003344,0.6657,TP
YOLO11n,Japan__Japan_002115,D20,0.6241,0.19021,0.4847,FP_localization
YOLO11n,Japan__Japan_002115,D20,0.3085,0.13146,0.7082,TP
YOLO11n,Japan__Japan_002121,D40,0.8083,0.03172,0.6695,TP
YOLO11n,Japan__Japan_002121,D40,0.5704,0.011253,0.62,TP
YOLO11n,Japan__Japan_002121,D40,0.3904,0.028037,0.6474,FP_duplicate
YOLO11n,Japan__Japan_002121,D20,0.3899,0.226462,0.8257,TP
YOLO11n,Japan__Japan_002121,D40,0.2742,0.017112,0.8487,FP_duplicate
YOLO11n,Japan__Japan_002146,D20,0.5856,0.483889,0.4049,FP_localization
YOLO11n,Japan__Japan_002146,D20,0.5088,0.18566,0.8253,TP
YOLO11n,Japan__Japan_002168,D20,0.7364,0.072872,0.8637,TP
YOLO11n,Japan__Japan_002168,D20,0.5262,0.146031,0.6913,TP
YOLO11n,Japan__Japan_002182,D40,0.2608,0.006574,0.105,FP_background
YOLO11n,Japan__Japan_002213,D20,0.3878,0.036819,0.7916,TP
YOLO11n,Japan__Japan_002213,D20,0.3235,0.129582,0.6979,TP
YOLO11n,Japan__Japan_002213,D10,0.273,0.008932,0.0928,FP_background
YOLO11n,Japan__Japan_002237,D20,0.6032,0.132995,0.7686,TP
YOLO11n,Japan__Japan_002237,D20,0.2494,0.020129,0.5463,TP
YOLO11n,Japan__Japan_002237,D10,0.2423,0.00504,0.021,FP_background
YOLO11n,Japan__Japan_002239,D40,0.5252,0.005444,0.649,TP
YOLO11n,Japan__Japan_002239,D20,0.5147,0.322764,0.7226,TP
YOLO11n,Japan__Japan_002239,D40,0.5028,0.011413,0.662,TP
YOLO11n,Japan__Japan_002239,D20,0.4478,0.125094,0.4081,FP_localization
YOLO11n,Japan__Japan_002239,D40,0.2771,0.003757,0.7415,FP_duplicate
YOLO11n,Japan__Japan_002250,D20,0.6119,0.133717,0.6764,TP
YOLO11n,Japan__Japan_002257,D00,0.314,0.009683,0.7521,TP
YOLO11n,Japan__Japan_002257,D00,0.24,0.030617,0.0,FP_background
YOLO11n,Japan__Japan_002273,D00,0.3574,0.03557,0.0,FP_background
YOLO11n,Japan__Japan_002276,D40,0.3311,0.002043,0.8254,TP
YOLO11n,Japan__Japan_002276,D00,0.316,0.001997,0.1628,FP_localization
YOLO11n,Japan__Japan_002276,D20,0.2564,0.125062,0.2939,FP_localization
YOLO11n,Japan__Japan_002295,D20,0.6695,0.151004,0.87,TP
YOLO11n,Japan__Japan_002295,D40,0.3756,0.002419,0.5778,TP
YOLO11n,Japan__Japan_002295,D40,0.374,0.002031,0.2778,FP_localization
YOLO11n,Japan__Japan_002295,D40,0.2887,0.003006,0.4111,FP_localization
YOLO11n,Japan__Japan_002295,D40,0.2671,0.004948,0.6768,TP
YOLO11n,Japan__Japan_002299,D20,0.2303,0.029423,0.3082,FP_background
YOLO11n,Japan__Japan_002317,D00,0.3484,0.007036,0.6272,TP
YOLO11n,Japan__Japan_002339,D40,0.8813,0.005878,0.8022,TP
YOLO11n,Japan__Japan_002344,D10,0.2483,0.062177,0.0479,FP_background
YOLO11n,Japan__Japan_002358,D20,0.816,0.183984,0.867,TP
YOLO11n,Japan__Japan_002365,D20,0.8123,0.37816,0.7655,TP
YOLO11n,Japan__Japan_002380,D20,0.6956,0.13675,0.5972,TP
YOLO11n,Japan__Japan_002392,D20,0.3633,0.036144,0.254,FP_localization
YOLO11n,Japan__Japan_002392,D00,0.2969,0.028836,0.2267,FP_background
YOLO11n,Japan__Japan_002394,D20,0.6934,0.27588,0.6123,TP
YOLO11n,Japan__Japan_002394,D20,0.4699,0.206751,0.2991,FP_background
YOLO11n,Japan__Japan_002394,D20,0.2989,0.628903,0.2802,FP_localization
YOLO11n,Japan__Japan_002395,D00,0.3302,0.004777,0.0,FP_background
YOLO11n,Japan__Japan_002408,D20,0.6676,0.102501,0.7232,TP
YOLO11n,Japan__Japan_002420,D40,0.4376,0.00724,0.0,FP_background
YOLO11n,Japan__Japan_002420,D40,0.2686,0.003699,0.6301,TP
YOLO11n,Japan__Japan_002428,D10,0.4811,0.008584,0.7677,TP
YOLO11n,Japan__Japan_002428,D00,0.4374,0.015742,0.5502,TP
YOLO11n,Japan__Japan_002428,D10,0.2382,0.020333,0.0,FP_background
YOLO11n,Japan__Japan_002446,D40,0.3952,0.003681,0.0,FP_background
YOLO11n,Japan__Japan_002506,D00,0.5364,0.02473,0.6123,FP_classification
YOLO11n,Japan__Japan_002511,D20,0.614,0.198817,0.7317,TP
YOLO11n,Japan__Japan_002511,D20,0.6,0.128116,0.6261,FP_duplicate
YOLO11n,Japan__Japan_002547,D20,0.7819,0.178652,0.7949,TP
YOLO11n,Japan__Japan_002547,D20,0.5661,0.114378,0.7822,TP
YOLO11n,Japan__Japan_002553,D20,0.6649,0.021025,0.5134,TP
YOLO11n,Japan__Japan_002558,D00,0.4378,0.034304,0.4834,FP_localization
YOLO11n,Japan__Japan_002558,D00,0.2801,0.021715,0.076,FP_background
YOLO11n,Japan__Japan_002560,D00,0.3759,0.003626,0.6434,TP
YOLO11n,Japan__Japan_002569,D10,0.3632,0.037191,0.0,FP_background
YOLO11n,Japan__Japan_002574,D10,0.2477,0.010297,0.0559,FP_background
YOLO11n,Japan__Japan_002614,D40,0.3662,0.002006,0.0,FP_background
YOLO11n,Japan__Japan_002634,D20,0.7647,0.333289,0.7528,TP
YOLO11n,Japan__Japan_002634,D40,0.6013,0.003626,0.8577,TP
YOLO11n,Japan__Japan_002638,D20,0.373,0.167,0.3786,FP_localization
YOLO11n,Japan__Japan_002642,D20,0.4191,0.2407,0.8054,TP
YOLO11n,Japan__Japan_002642,D20,0.2461,0.149659,0.7698,FP_duplicate
YOLO11n,Japan__Japan_002661,D10,0.3585,0.091536,0.523,TP
YOLO11n,Japan__Japan_002666,D20,0.8109,0.152929,0.3956,FP_localization
YOLO11n,Japan__Japan_002666,D20,0.7222,0.366703,0.8546,TP
YOLO11n,Japan__Japan_002675,D20,0.5629,0.13621,0.4728,FP_localization
YOLO11n,Japan__Japan_002689,D40,0.3672,0.011553,0.6294,TP
YOLO11n,Japan__Japan_002689,D40,0.3639,0.004295,0.544,TP
YOLO11n,Japan__Japan_002689,D40,0.2631,0.001768,0.8063,TP
YOLO11n,Japan__Japan_002694,D00,0.4068,0.055476,0.644,TP
YOLO11n,Japan__Japan_002720,D20,0.3229,0.413239,0.2569,FP_localization
YOLO11n,Japan__Japan_002720,D20,0.2971,0.054272,0.0,FP_background
YOLO11n,Japan__Japan_002720,D20,0.287,0.192952,0.2911,FP_localization
YOLO11n,Japan__Japan_002720,D20,0.2835,0.079838,0.0,FP_background
YOLO11n,Japan__Japan_002723,D00,0.353,0.142118,0.563,TP
YOLO11n,Japan__Japan_002724,D00,0.2961,0.036032,0.6355,TP
YOLO11n,Japan__Japan_002724,D10,0.2375,0.019915,0.5865,TP
YOLO11n,Japan__Japan_002726,D20,0.4651,0.045422,0.6673,TP
YOLO11n,Japan__Japan_002726,D20,0.3637,0.067814,0.6831,FP_duplicate
YOLO11n,Japan__Japan_002729,D20,0.6694,0.190667,0.765,TP
YOLO11n,Japan__Japan_002729,D20,0.4285,0.168522,0.7346,TP
YOLO11n,Japan__Japan_002732,D20,0.354,0.124473,0.476,FP_background
YOLO11n,Japan__Japan_002732,D00,0.3275,0.032927,0.7937,TP
YOLO11n,Japan__Japan_002732,D00,0.3086,0.05951,0.8929,TP
YOLO11n,Japan__Japan_002743,D00,0.3524,0.03584,0.8469,TP
YOLO11n,Japan__Japan_002771,D20,0.5771,0.229855,0.6332,TP
YOLO11n,Japan__Japan_002771,D20,0.3797,0.1497,0.382,FP_localization
YOLO11n,Japan__Japan_002794,D20,0.8473,0.339147,0.8234,TP
YOLO11n,Japan__Japan_002806,D20,0.6287,0.012777,0.669,TP
YOLO11n,Japan__Japan_002806,D20,0.5947,0.057814,0.899,TP
YOLO11n,Japan__Japan_002806,D20,0.349,0.031764,0.4565,FP_localization
YOLO11n,Japan__Japan_002807,D00,0.324,0.003737,0.7469,TP
YOLO11n,Japan__Japan_002838,D20,0.6697,0.293326,0.8256,TP
YOLO11n,Japan__Japan_002838,D20,0.4256,0.200027,0.655,FP_duplicate
YOLO11n,Japan__Japan_002865,D20,0.7583,0.107032,0.6234,TP
YOLO11n,Japan__Japan_002874,D40,0.2573,0.005576,0.892,TP
YOLO11n,Japan__Japan_002875,D20,0.3311,0.054063,0.6819,FP_classification
YOLO11n,Japan__Japan_002875,D00,0.2675,0.035515,0.8041,TP
YOLO11n,Japan__Japan_002911,D10,0.2524,0.002114,0.6061,FP_classification
YOLO11n,Japan__Japan_002911,D10,0.2333,0.015497,0.0,FP_background
YOLO11n,Japan__Japan_002914,D20,0.8119,0.370673,0.8555,TP
YOLO11n,Japan__Japan_002914,D40,0.427,0.003943,0.0114,FP_background
YOLO11n,Japan__Japan_002914,D40,0.2873,0.002613,0.0076,FP_background
YOLO11n,Japan__Japan_002943,D20,0.4682,0.308846,0.774,TP
YOLO11n,Japan__Japan_002943,D20,0.4307,0.109545,0.3254,FP_localization
YOLO11n,Japan__Japan_002943,D40,0.4236,0.002539,0.7921,TP
YOLO11n,Japan__Japan_002943,D40,0.2386,0.002519,0.6956,TP
YOLO11n,Japan__Japan_002997,D00,0.3162,0.014679,0.5004,TP
YOLO11n,Japan__Japan_002997,D00,0.3036,0.027217,0.8943,FP_duplicate
YOLO11n,Japan__Japan_003000,D10,0.7021,0.013766,0.9295,TP
YOLO11n,Japan__Japan_003009,D00,0.431,0.024598,0.9229,TP
YOLO11n,Japan__Japan_003009,D00,0.3155,0.030547,0.6745,FP_duplicate
YOLO11n,Japan__Japan_003009,D00,0.2484,0.043876,0.5378,FP_duplicate
YOLO11n,Japan__Japan_003016,D20,0.6934,0.177634,0.709,TP
YOLO11n,Japan__Japan_003016,D10,0.3086,0.00392,0.0107,FP_background
YOLO11n,Japan__Japan_003026,D00,0.6069,0.012016,0.6371,TP
YOLO11n,Japan__Japan_003030,D00,0.4376,0.036136,0.7391,TP
YOLO11n,Japan__Japan_003038,D20,0.7492,0.33551,0.8763,TP
YOLO11n,Japan__Japan_003038,D40,0.4882,0.002223,0.4677,FP_localization
YOLO11n,Japan__Japan_003057,D10,0.3637,0.030029,0.371,FP_localization
YOLO11n,Japan__Japan_003057,D10,0.3417,0.065532,0.6694,TP
YOLO11n,Japan__Japan_003058,D00,0.4751,0.033821,0.7445,TP
YOLO11n,Japan__Japan_003064,D20,0.4422,0.021761,0.469,FP_localization
YOLO11n,Japan__Japan_003064,D10,0.3441,0.010617,0.7012,TP
YOLO11n,Japan__Japan_003064,D10,0.2649,0.016342,0.7201,FP_duplicate
YOLO11n,Japan__Japan_003064,D20,0.2464,0.01333,0.2873,FP_localization
YOLO11n,Japan__Japan_003076,D20,0.8352,0.669249,0.8682,TP
YOLO11n,Japan__Japan_003088,D20,0.2521,0.09132,0.1224,FP_background
YOLO11n,Japan__Japan_003095,D20,0.3801,0.161724,0.882,TP
YOLO11n,Japan__Japan_003095,D20,0.3145,0.106274,0.6299,FP_duplicate
YOLO11n,Japan__Japan_003104,D00,0.8411,0.083738,0.832,TP
YOLO11n,Japan__Japan_003104,D10,0.243,0.005175,0.0,FP_background
YOLO11n,Japan__Japan_003111,D20,0.6169,0.366063,0.8757,TP
YOLO11n,Japan__Japan_003111,D20,0.2344,0.146985,0.3464,FP_localization
YOLO11n,Japan__Japan_003115,D40,0.2966,0.00504,0.7749,TP
YOLO11n,Japan__Japan_003115,D40,0.2396,0.001415,0.3288,FP_localization
YOLO11n,Japan__Japan_003124,D10,0.3249,0.03189,0.5693,TP
YOLO11n,Japan__Japan_003125,D10,0.3778,0.00793,0.7387,TP
YOLO11n,Japan__Japan_003125,D10,0.3111,0.020332,0.5601,TP
YOLO11n,Japan__Japan_003125,D10,0.2799,0.009599,0.6402,FP_duplicate
YOLO11n,Japan__Japan_003156,D00,0.2351,0.055183,0.4659,FP_localization
YOLO11n,Japan__Japan_003157,D20,0.6043,0.14132,0.8071,TP
YOLO11n,Japan__Japan_003157,D20,0.514,0.26909,0.36,FP_localization
YOLO11n,Japan__Japan_003157,D20,0.2626,0.084314,0.4664,FP_localization
YOLO11n,Japan__Japan_003163,D20,0.6532,0.275745,0.8876,TP
YOLO11n,Japan__Japan_003163,D40,0.2361,0.002542,0.0099,FP_background
YOLO11n,Japan__Japan_003163,D20,0.2329,0.112385,0.3854,FP_localization
YOLO11n,Japan__Japan_003181,D20,0.309,0.102225,0.4286,FP_localization
YOLO11n,Japan__Japan_003181,D20,0.2567,0.171644,0.6967,TP
YOLO11n,Japan__Japan_003241,D20,0.6165,0.130901,0.4111,FP_localization
YOLO11n,Japan__Japan_003241,D40,0.3521,0.007371,0.0248,FP_background
YOLO11n,Japan__Japan_003272,D20,0.4769,0.249516,0.6679,TP
YOLO11n,Japan__Japan_003282,D20,0.7018,0.198037,0.8365,TP
YOLO11n,Japan__Japan_003285,D00,0.2523,0.012684,0.0,FP_background
YOLO11n,Japan__Japan_003304,D00,0.3717,0.013718,0.6674,TP
YOLO11n,Japan__Japan_003342,D10,0.422,0.012253,0.8069,TP
YOLO11n,Japan__Japan_003357,D10,0.3657,0.01615,0.6881,TP
YOLO11n,Japan__Japan_003357,D00,0.2301,0.014701,0.2849,FP_localization
YOLO11n,Japan__Japan_003381,D00,0.4216,0.03299,0.2642,FP_background
YOLO11n,Japan__Japan_003381,D10,0.4089,0.017034,0.8157,TP
YOLO11n,Japan__Japan_003381,D20,0.3882,0.485499,0.761,TP
YOLO11n,Japan__Japan_003381,D10,0.3733,0.019296,0.0517,FP_background
YOLO11n,Japan__Japan_003381,D20,0.298,0.324952,0.7515,FP_duplicate
YOLO11n,Japan__Japan_003381,D00,0.2902,0.027893,0.5319,TP
YOLO11n,Japan__Japan_003381,D10,0.2293,0.012068,0.0324,FP_background
YOLO11n,Japan__Japan_003390,D20,0.5255,0.105123,0.6092,TP
YOLO11n,Japan__Japan_003390,D20,0.4046,0.261933,0.6441,FP_duplicate
YOLO11n,Japan__Japan_003421,D20,0.4548,0.16145,0.2733,FP_localization
YOLO11n,Japan__Japan_003421,D20,0.4273,0.511308,0.7745,TP
YOLO11n,Japan__Japan_003421,D20,0.4096,0.39167,0.5412,FP_duplicate
YOLO11n,Japan__Japan_003457,D00,0.5096,0.042267,0.0,FP_background
YOLO11n,Japan__Japan_003470,D20,0.5769,0.179272,0.9169,TP
YOLO11n,Japan__Japan_003486,D40,0.2413,0.00805,0.4023,FP_localization
YOLO11n,Japan__Japan_003496,D00,0.3497,0.044546,0.6844,TP
YOLO11n,Japan__Japan_003496,D00,0.3168,0.016792,0.4799,FP_localization
YOLO11n,Japan__Japan_003496,D00,0.2836,0.006947,0.2007,FP_localization
YOLO11n,Japan__Japan_003520,D20,0.4048,0.096309,0.6936,TP
YOLO11n,Japan__Japan_003529,D20,0.7777,0.075823,0.9134,TP
YOLO11n,Japan__Japan_003529,D20,0.6267,0.052062,0.8534,TP
YOLO11n,Japan__Japan_003589,D00,0.2355,0.005074,0.5983,TP
YOLO11n,Japan__Japan_003604,D20,0.7143,0.178435,0.8682,TP
YOLO11n,Japan__Japan_003604,D20,0.6948,0.281069,0.8365,TP
YOLO11n,Japan__Japan_003604,D20,0.279,0.183417,0.6351,FP_duplicate
YOLO11n,Japan__Japan_003613,D20,0.7583,0.330318,0.9044,TP
YOLO11n,Japan__Japan_003613,D40,0.4568,0.002598,0.0087,FP_background
YOLO11n,Japan__Japan_003624,D20,0.5878,0.619123,0.7728,TP
YOLO11n,Japan__Japan_003638,D00,0.2445,0.014868,0.9075,TP
YOLO11n,Japan__Japan_003643,D20,0.7694,0.101882,0.6973,TP
YOLO11n,Japan__Japan_003670,D00,0.335,0.031667,0.8608,TP
YOLO11n,Japan__Japan_003682,D40,0.6337,0.004546,0.7511,TP
YOLO11n,Japan__Japan_003689,D40,0.3319,0.007827,0.8667,TP
YOLO11n,Japan__Japan_003690,D20,0.5157,0.282347,0.5772,TP
YOLO11n,Japan__Japan_003690,D40,0.2966,0.004916,0.8304,TP
YOLO11n,Japan__Japan_003697,D20,0.5845,0.151761,0.4504,FP_localization
YOLO11n,Japan__Japan_003697,D00,0.4308,0.100475,0.5945,TP
YOLO11n,Japan__Japan_003701,D20,0.6644,0.022759,0.7216,TP
YOLO11n,Japan__Japan_003713,D20,0.2323,0.026507,0.7906,TP
YOLO11n,Japan__Japan_003741,D10,0.5562,0.009349,0.5971,TP
YOLO11n,Japan__Japan_003741,D10,0.3159,0.007149,0.0,FP_background
YOLO11n,Japan__Japan_003741,D10,0.2729,0.004168,0.7594,TP
YOLO11n,Japan__Japan_003741,D00,0.2701,0.11115,0.5106,FP_classification
YOLO11n,Japan__Japan_003741,D10,0.2369,0.021011,0.4046,FP_localization
YOLO11n,Japan__Japan_003759,D20,0.3466,0.171713,0.847,TP
YOLO11n,Japan__Japan_003793,D20,0.7693,0.186683,0.7612,TP
YOLO11n,Japan__Japan_003798,D20,0.4116,0.175195,0.6956,TP
YOLO11n,Japan__Japan_003801,D20,0.6372,0.088626,0.7609,TP
YOLO11n,Japan__Japan_003806,D20,0.7278,0.035775,0.8702,TP
YOLO11n,Japan__Japan_003806,D10,0.3221,0.004984,0.0,FP_background
YOLO11n,Japan__Japan_003806,D20,0.2808,0.05213,0.649,FP_duplicate
YOLO11n,Japan__Japan_003806,D20,0.2524,0.021683,0.5687,FP_duplicate
YOLO11n,Japan__Japan_003813,D20,0.8808,0.513432,0.7969,TP
YOLO11n,Japan__Japan_003822,D00,0.5886,0.033035,0.3476,FP_localization
YOLO11n,Japan__Japan_003822,D00,0.4008,0.104868,0.8211,TP
YOLO11n,Japan__Japan_003834,D10,0.4746,0.038267,0.7444,TP
YOLO11n,Japan__Japan_003850,D40,0.4076,0.026694,0.7825,TP
YOLO11n,Japan__Japan_003861,D20,0.6382,0.119647,0.3625,FP_localization
YOLO11n,Japan__Japan_003861,D20,0.5909,0.132569,0.342,FP_localization
YOLO11n,Japan__Japan_003861,D10,0.4116,0.004198,0.7865,TP
YOLO11n,Japan__Japan_003861,D20,0.3584,0.324237,0.8633,TP
YOLO11n,Japan__Japan_003867,D00,0.5644,0.121089,0.7154,TP
YOLO11n,Japan__Japan_003872,D10,0.4321,0.021301,0.8652,TP
YOLO11n,Japan__Japan_003878,D40,0.2347,0.000825,0.0,FP_background
YOLO11n,Japan__Japan_003880,D20,0.7846,0.17707,0.9066,TP
YOLO11n,Japan__Japan_003888,D10,0.6064,0.028088,0.2627,FP_localization
YOLO11n,Japan__Japan_003888,D10,0.4872,0.052042,0.4227,FP_localization
YOLO11n,Japan__Japan_003888,D10,0.3688,0.006249,0.7788,TP
YOLO11n,Japan__Japan_003888,D20,0.3379,0.052261,0.6653,FP_classification
YOLO11n,Japan__Japan_003888,D10,0.3089,0.009805,0.8011,TP
YOLO11n,Japan__Japan_003908,D20,0.7883,0.200523,0.7488,TP
YOLO11n,Japan__Japan_003908,D20,0.3673,0.118731,0.4776,FP_localization
YOLO11n,Japan__Japan_003908,D10,0.238,0.008006,0.0,FP_background
YOLO11n,Japan__Japan_003927,D20,0.4903,0.10921,0.5129,TP
YOLO11n,Japan__Japan_003927,D00,0.2948,0.009364,0.0597,FP_background
YOLO11n,Japan__Japan_003952,D00,0.2764,0.002455,0.0,FP_background
YOLO11n,Japan__Japan_003952,D10,0.2413,0.007628,0.5521,TP
YOLO11n,Japan__Japan_003962,D00,0.2595,0.028665,0.6633,FP_classification
YOLO11n,Japan__Japan_003973,D20,0.3581,0.034191,0.5121,TP
YOLO11n,Japan__Japan_003978,D20,0.5994,0.186743,0.9223,TP
YOLO11n,Japan__Japan_003978,D40,0.4017,0.00275,0.4849,FP_localization
YOLO11n,Japan__Japan_003978,D20,0.3287,0.086539,0.4292,FP_localization
YOLO11n,Japan__Japan_003978,D20,0.2505,0.020195,0.0,FP_background
YOLO11n,Japan__Japan_003998,D20,0.7279,0.103194,0.8781,TP
YOLO11n,Japan__Japan_004009,D00,0.5492,0.186343,0.9407,TP
YOLO11n,Japan__Japan_004026,D40,0.4143,0.005617,0.7507,TP
YOLO11n,Japan__Japan_004055,D00,0.2548,0.005189,0.5592,TP
YOLO11n,Japan__Japan_004059,D10,0.3277,0.00865,0.2844,FP_background
YOLO11n,Japan__Japan_004067,D00,0.5132,0.041432,0.7888,TP
YOLO11n,Japan__Japan_004079,D20,0.507,0.219836,0.8525,TP
YOLO11n,Japan__Japan_004079,D20,0.4908,0.107593,0.4072,FP_localization
YOLO11n,Japan__Japan_004079,D20,0.4792,0.08197,0.3338,FP_localization
YOLO11n,Japan__Japan_004080,D20,0.5315,0.324625,0.7322,TP
YOLO11n,Japan__Japan_004136,D40,0.7447,0.003796,0.8621,TP
YOLO11n,Japan__Japan_004136,D40,0.3359,0.00301,0.847,TP
YOLO11n,Japan__Japan_004182,D20,0.3415,0.077201,0.6942,TP
YOLO11n,Japan__Japan_004182,D20,0.2283,0.054897,0.6324,TP
YOLO11n,Japan__Japan_004189,D00,0.2405,0.01659,0.0,FP_background
YOLO11n,Japan__Japan_004190,D40,0.295,0.002281,0.0,FP_background
YOLO11n,Japan__Japan_004197,D40,0.4588,0.013685,0.7336,TP
YOLO11n,Japan__Japan_004197,D40,0.4268,0.036284,0.4458,FP_localization
YOLO11n,Japan__Japan_004197,D40,0.3807,0.023746,0.6729,FP_duplicate
YOLO11n,Japan__Japan_004218,D40,0.3885,0.00264,0.6951,TP
YOLO11n,Japan__Japan_004218,D20,0.2819,0.207258,0.5204,TP
YOLO11n,Japan__Japan_004230,D20,0.7145,0.190151,0.7357,TP
YOLO11n,Japan__Japan_004246,D00,0.5729,0.042427,0.9235,TP
YOLO11n,Japan__Japan_004246,D00,0.5074,0.058539,0.7239,FP_duplicate
YOLO11n,Japan__Japan_004250,D00,0.4957,0.055114,0.0,FP_background
YOLO11n,Japan__Japan_004250,D00,0.2896,0.005344,0.0,FP_background
YOLO11n,Japan__Japan_004250,D40,0.2554,0.018622,0.0,FP_background
YOLO11n,Japan__Japan_004266,D20,0.7963,0.163978,0.9009,TP
YOLO11n,Japan__Japan_004266,D40,0.3866,0.003723,0.0235,FP_background
YOLO11n,Japan__Japan_004290,D10,0.2929,0.005013,0.4654,FP_localization
YOLO11n,Japan__Japan_004304,D20,0.6216,0.2041,0.8795,TP
YOLO11n,Japan__Japan_004304,D20,0.356,0.334489,0.4513,FP_localization
YOLO11n,Japan__Japan_004316,D10,0.2741,0.008806,0.0,FP_background
YOLO11n,Japan__Japan_004327,D20,0.5559,0.019148,0.3746,FP_localization
YOLO11n,Japan__Japan_004327,D20,0.2417,0.030875,0.1728,FP_background
YOLO11n,Japan__Japan_004346,D00,0.3602,0.005622,0.6456,TP
YOLO11n,Japan__Japan_004346,D00,0.2913,0.0086,0.729,TP
YOLO11n,Japan__Japan_004346,D00,0.2346,0.012203,0.5137,FP_duplicate
YOLO11n,Japan__Japan_004347,D20,0.6553,0.212788,0.592,TP
YOLO11n,Japan__Japan_004347,D10,0.2727,0.014215,0.0371,FP_background
YOLO11n,Japan__Japan_004347,D20,0.2391,0.007759,0.0198,FP_background
YOLO11n,Japan__Japan_004380,D10,0.5656,0.030226,0.7521,TP
YOLO11n,Japan__Japan_004381,D20,0.3977,0.378076,0.8449,TP
YOLO11n,Japan__Japan_004381,D20,0.2792,0.501926,0.31,FP_localization
YOLO11n,Japan__Japan_004381,D20,0.2283,0.697345,0.3891,FP_localization
YOLO11n,Japan__Japan_004392,D20,0.2554,0.158503,0.3272,FP_localization
YOLO11n,Japan__Japan_004392,D20,0.2402,0.026329,0.6966,TP
YOLO11n,Japan__Japan_004394,D20,0.3345,0.154994,0.4451,FP_background
YOLO11n,Japan__Japan_004394,D20,0.3029,0.087746,0.7883,FP_classification
YOLO11n,Japan__Japan_004405,D20,0.6991,0.063089,0.6686,TP
YOLO11n,Japan__Japan_004457,D00,0.2551,0.013725,0.0,FP_background
YOLO11n,Japan__Japan_004507,D00,0.2427,0.007807,0.7718,TP
YOLO11n,Japan__Japan_004531,D20,0.5909,0.101825,0.7798,TP
YOLO11n,Japan__Japan_004537,D20,0.584,0.164143,0.702,TP
YOLO11n,Japan__Japan_004544,D40,0.2388,0.001353,0.0048,FP_background
YOLO11n,Japan__Japan_004547,D00,0.4292,0.013068,0.6514,TP
YOLO11n,Japan__Japan_004547,D00,0.3089,0.023128,0.313,FP_localization
YOLO11n,Japan__Japan_004567,D40,0.4185,0.009048,0.6838,TP
YOLO11n,Japan__Japan_004569,D20,0.5951,0.800581,0.8285,TP
YOLO11n,Japan__Japan_004573,D40,0.8383,0.002818,0.6479,TP
YOLO11n,Japan__Japan_004573,D20,0.6308,0.177621,0.7506,TP
YOLO11n,Japan__Japan_004573,D20,0.2549,0.120198,0.4785,FP_localization
YOLO11n,Japan__Japan_004578,D20,0.471,0.132526,0.8327,FP_classification
YOLO11n,Japan__Japan_004578,D20,0.3558,0.144306,0.0995,FP_background
YOLO11n,Japan__Japan_004578,D10,0.3036,0.036926,0.319,FP_localization
YOLO11n,Japan__Japan_004578,D10,0.29,0.024148,0.4877,FP_localization
YOLO11n,Japan__Japan_004578,D20,0.2292,0.431809,0.3254,FP_background
YOLO11n,Japan__Japan_004607,D10,0.2426,0.012451,0.6913,TP
YOLO11n,Japan__Japan_004613,D00,0.4691,0.11054,0.3068,FP_localization
YOLO11n,Japan__Japan_004617,D10,0.428,0.075687,0.2808,FP_localization
YOLO11n,Japan__Japan_004617,D10,0.2989,0.016471,0.4705,FP_localization
YOLO11n,Japan__Japan_004617,D20,0.2489,0.284371,0.0773,FP_background
YOLO11n,Japan__Japan_004618,D00,0.5709,0.020827,0.7486,TP
YOLO11n,Japan__Japan_004638,D10,0.5633,0.057578,0.0,FP_background
YOLO11n,Japan__Japan_004643,D10,0.2867,0.005739,0.5009,TP
YOLO11n,Japan__Japan_004652,D00,0.2528,0.017827,0.6108,TP
YOLO11n,Japan__Japan_004658,D20,0.4378,0.234179,0.7227,TP
YOLO11n,Japan__Japan_004665,D00,0.5123,0.002845,0.8815,TP
YOLO11n,Japan__Japan_004665,D00,0.3374,0.03669,0.6614,TP
YOLO11n,Japan__Japan_004667,D20,0.7204,0.11882,0.8934,TP
YOLO11n,Japan__Japan_004687,D20,0.5101,0.164258,0.885,TP
YOLO11n,Japan__Japan_004687,D20,0.3313,0.0992,0.544,FP_duplicate
YOLO11n,Japan__Japan_004691,D00,0.6915,0.025534,0.7766,TP
YOLO11n,Japan__Japan_004691,D20,0.5551,0.173495,0.8672,TP
YOLO11n,Japan__Japan_004694,D00,0.3555,0.017742,0.7927,TP
YOLO11n,Japan__Japan_004694,D00,0.2979,0.025443,0.8498,FP_duplicate
YOLO11n,Japan__Japan_004700,D20,0.6066,0.079623,0.6796,TP
YOLO11n,Japan__Japan_004720,D20,0.5038,0.06488,0.8175,TP
YOLO11n,Japan__Japan_004720,D40,0.4947,0.001262,0.5933,TP
YOLO11n,Japan__Japan_004720,D20,0.4161,0.267616,0.1619,FP_localization
YOLO11n,Japan__Japan_004720,D10,0.3904,0.003464,0.8425,TP
YOLO11n,Japan__Japan_004720,D20,0.3698,0.10412,0.4134,FP_localization
YOLO11n,Japan__Japan_004720,D20,0.2963,0.016587,0.7792,TP
YOLO11n,Japan__Japan_004720,D20,0.2898,0.04312,0.6862,TP
YOLO11n,Japan__Japan_004720,D20,0.251,0.105139,0.3229,FP_localization
YOLO11n,Japan__Japan_004726,D20,0.5824,0.380204,0.9466,TP
YOLO11n,Japan__Japan_004751,D20,0.3352,0.015464,0.4464,FP_localization
YOLO11n,Japan__Japan_004751,D10,0.2714,0.007252,0.0,FP_background
YOLO11n,Japan__Japan_004774,D20,0.4555,0.043871,0.7521,TP
YOLO11n,Japan__Japan_004800,D20,0.7148,0.654876,0.623,TP
YOLO11n,Japan__Japan_004800,D20,0.2911,0.697125,0.8727,FP_duplicate
YOLO11n,Japan__Japan_004800,D20,0.2631,0.429082,0.4151,FP_localization
YOLO11n,Japan__Japan_004830,D00,0.3253,0.0345,0.4025,FP_background
YOLO11n,Japan__Japan_004835,D20,0.6054,0.041035,0.813,TP
YOLO11n,Japan__Japan_004835,D40,0.4533,0.00203,0.6806,TP
YOLO11n,Japan__Japan_004835,D10,0.24,0.018011,0.0535,FP_background
YOLO11n,Japan__Japan_004840,D20,0.7663,0.068084,0.8569,TP
YOLO11n,Japan__Japan_004845,D10,0.3124,0.019222,0.0,FP_background
YOLO11n,Japan__Japan_004868,D20,0.8037,0.021309,0.5972,TP
YOLO11n,Japan__Japan_004868,D00,0.5614,0.013376,0.7134,TP
YOLO11n,Japan__Japan_004868,D20,0.2562,0.038566,0.5732,TP
YOLO11n,Japan__Japan_004872,D20,0.2952,0.026703,0.1906,FP_localization
YOLO11n,Japan__Japan_004872,D20,0.2584,0.05632,0.333,FP_localization
YOLO11n,Japan__Japan_004885,D20,0.53,0.155731,0.5193,TP
YOLO11n,Japan__Japan_004885,D20,0.2444,0.215306,0.4014,FP_localization
YOLO11n,Japan__Japan_004885,D20,0.2371,0.226434,0.6739,FP_duplicate
YOLO11n,Japan__Japan_004900,D20,0.3976,0.106978,0.5687,TP
YOLO11n,Japan__Japan_004900,D10,0.3149,0.01307,0.4393,FP_localization
YOLO11n,Japan__Japan_004900,D20,0.2701,0.035631,0.3227,FP_localization
YOLO11n,Japan__Japan_004909,D10,0.2292,0.003797,0.0,FP_background
YOLO11n,Japan__Japan_004920,D20,0.6707,0.731139,0.6623,TP
YOLO11n,Japan__Japan_004923,D10,0.4302,0.010013,0.7145,TP
YOLO11n,Japan__Japan_004924,D20,0.7771,0.404401,0.8855,TP
YOLO11n,Japan__Japan_004924,D20,0.2579,0.169554,0.4708,FP_localization
YOLO11n,Japan__Japan_004933,D10,0.4053,0.018162,0.8854,TP
YOLO11n,Japan__Japan_004933,D00,0.3286,0.024499,0.8718,TP
YOLO11n,Japan__Japan_004933,D10,0.2594,0.010905,0.8135,TP
YOLO11n,Japan__Japan_004941,D20,0.7829,0.270367,0.7772,TP
YOLO11n,Japan__Japan_004988,D20,0.6005,0.052119,0.6591,FP_classification
YOLO11n,Japan__Japan_004988,D20,0.3172,0.040266,0.6495,FP_classification
YOLO11n,Japan__Japan_004988,D20,0.2597,0.059255,0.4418,FP_background
YOLO11n,Japan__Japan_005007,D00,0.4189,0.051145,0.6309,FP_classification
YOLO11n,Japan__Japan_005008,D20,0.2735,0.03994,0.4547,FP_localization
YOLO11n,Japan__Japan_005026,D20,0.7155,0.176166,0.5031,TP
YOLO11n,Japan__Japan_005026,D20,0.5419,0.120615,0.3452,FP_localization
YOLO11n,Japan__Japan_005026,D20,0.3183,0.079409,0.2305,FP_localization
YOLO11n,Japan__Japan_005041,D00,0.4505,0.004809,0.8742,TP
YOLO11n,Japan__Japan_005049,D20,0.6022,0.097355,0.783,TP
YOLO11n,Japan__Japan_005049,D20,0.5564,0.226392,0.3881,FP_localization
YOLO11n,Japan__Japan_005049,D20,0.3705,0.083083,0.4243,FP_localization
YOLO11n,Japan__Japan_005068,D10,0.2396,0.016514,0.594,TP
YOLO11n,Japan__Japan_005077,D20,0.6614,0.018785,0.6158,TP
YOLO11n,Japan__Japan_005084,D00,0.4438,0.007579,0.5676,TP
YOLO11n,Japan__Japan_005085,D20,0.3187,0.02816,0.6652,FP_classification
YOLO11n,Japan__Japan_005085,D20,0.2772,0.03175,0.6883,FP_classification
YOLO11n,Japan__Japan_005085,D00,0.2708,0.020244,0.4798,FP_localization
YOLO11n,Japan__Japan_005089,D00,0.2327,0.012375,0.0259,FP_background
YOLO11n,Japan__Japan_005104,D10,0.3153,0.01086,0.0,FP_background
YOLO11n,Japan__Japan_005106,D20,0.3357,0.087792,0.4724,FP_localization
YOLO11n,Japan__Japan_005106,D20,0.3083,0.038802,0.6822,TP
YOLO11n,Japan__Japan_005106,D10,0.2506,0.011571,0.6347,TP
YOLO11n,Japan__Japan_005106,D20,0.235,0.114212,0.3632,FP_localization
YOLO11n,Japan__Japan_005114,D00,0.276,0.018366,0.5094,TP
YOLO11n,Japan__Japan_005119,D20,0.7597,0.151602,0.9222,TP
YOLO11n,Japan__Japan_005119,D10,0.2356,0.001874,0.7192,TP
YOLO11n,Japan__Japan_005144,D00,0.8518,0.062034,0.8538,TP
YOLO11n,Japan__Japan_005152,D20,0.283,0.016827,0.6109,TP
YOLO11n,Japan__Japan_005154,D10,0.2442,0.018808,0.1684,FP_background
YOLO11n,Japan__Japan_005180,D10,0.3456,0.010592,0.9303,TP
YOLO11n,Japan__Japan_005190,D00,0.6215,0.005585,0.8664,TP
YOLO11n,Japan__Japan_005190,D00,0.2343,0.008948,0.6913,FP_duplicate
YOLO11n,Japan__Japan_005193,D20,0.5965,0.08039,0.4298,FP_localization
YOLO11n,Japan__Japan_005216,D00,0.533,0.009546,0.9165,TP
YOLO11n,Japan__Japan_005216,D10,0.4577,0.023729,0.4413,FP_localization
YOLO11n,Japan__Japan_005216,D10,0.2579,0.063616,0.634,TP
YOLO11n,Japan__Japan_005222,D20,0.3167,0.019766,0.6282,TP
YOLO11n,Japan__Japan_005238,D00,0.7118,0.070026,0.6065,TP
YOLO11n,Japan__Japan_005262,D00,0.7333,0.062776,0.8564,TP
YOLO11n,Japan__Japan_005262,D00,0.3552,0.005943,0.7821,TP
YOLO11n,Japan__Japan_005290,D10,0.5388,0.032089,0.7795,TP
YOLO11n,Japan__Japan_005290,D00,0.3592,0.025684,0.585,TP
YOLO11n,Japan__Japan_005290,D00,0.334,0.139432,0.0223,FP_background
YOLO11n,Japan__Japan_005290,D10,0.3029,0.021773,0.5646,TP
YOLO11n,Japan__Japan_005290,D10,0.2949,0.011535,0.6829,TP
YOLO11n,Japan__Japan_005293,D20,0.7428,0.293537,0.9185,TP
YOLO11n,Japan__Japan_005293,D20,0.3057,0.435458,0.6191,FP_duplicate
YOLO11n,Japan__Japan_005317,D20,0.4343,0.221256,0.7293,TP
YOLO11n,Japan__Japan_005317,D10,0.3391,0.004567,0.0,FP_background
YOLO11n,Japan__Japan_005318,D00,0.6498,0.163201,0.8885,TP
YOLO11n,Japan__Japan_005318,D00,0.4883,0.047123,0.2613,FP_localization
YOLO11n,Japan__Japan_005318,D20,0.38,0.04018,0.648,TP
YOLO11n,Japan__Japan_005318,D00,0.2922,0.024371,0.7744,TP
YOLO11n,Japan__Japan_005318,D00,0.262,0.008133,0.3801,FP_localization
YOLO11n,Japan__Japan_005318,D00,0.2429,0.037988,0.5977,FP_classification
YOLO11n,Japan__Japan_005326,D10,0.5535,0.020631,0.7716,TP
YOLO11n,Japan__Japan_005326,D20,0.4318,0.124961,0.8369,TP
YOLO11n,Japan__Japan_005326,D00,0.3623,0.126382,0.8057,FP_classification
YOLO11n,Japan__Japan_005326,D00,0.3062,0.046151,0.632,TP
YOLO11n,Japan__Japan_005326,D00,0.2823,0.116027,0.2514,FP_localization
YOLO11n,Japan__Japan_005326,D10,0.2542,0.013439,0.877,TP
YOLO11n,Japan__Japan_005328,D10,0.4988,0.026094,0.5075,TP
YOLO11n,Japan__Japan_005338,D20,0.5205,0.065089,0.5081,TP
YOLO11n,Japan__Japan_005338,D40,0.481,0.00106,0.7706,TP
YOLO11n,Japan__Japan_005338,D40,0.4408,0.005847,0.7778,TP
YOLO11n,Japan__Japan_005338,D20,0.3957,0.043703,0.7568,FP_duplicate
YOLO11n,Japan__Japan_005338,D20,0.365,0.080354,0.4904,FP_localization
YOLO11n,Japan__Japan_005338,D40,0.3109,0.001925,0.4242,FP_localization
YOLO11n,Japan__Japan_005338,D40,0.2627,0.003653,0.5514,FP_duplicate
YOLO11n,Japan__Japan_005338,D20,0.2287,0.047018,0.5507,TP
YOLO11n,Japan__Japan_005354,D00,0.3057,0.027562,0.5363,TP
YOLO11n,Japan__Japan_005354,D00,0.2907,0.013067,0.8041,FP_duplicate
YOLO11n,Japan__Japan_005354,D00,0.2543,0.039485,0.3922,FP_localization
YOLO11n,Japan__Japan_005355,D20,0.5446,0.026082,0.5443,TP
YOLO11n,Japan__Japan_005355,D20,0.2353,0.00864,0.1749,FP_localization
YOLO11n,Japan__Japan_005355,D00,0.2336,0.049813,0.542,FP_classification
YOLO11n,Japan__Japan_005421,D40,0.2626,0.002615,0.6376,FP_classification
YOLO11n,Japan__Japan_005422,D20,0.7126,0.212006,0.9194,TP
YOLO11n,Japan__Japan_005422,D20,0.4762,0.180566,0.87,TP
YOLO11n,Japan__Japan_005422,D00,0.345,0.009588,0.0,FP_background
YOLO11n,Japan__Japan_005422,D10,0.2986,0.00903,0.503,TP
YOLO11n,Japan__Japan_005422,D20,0.2859,0.242778,0.6714,FP_duplicate
YOLO11n,Japan__Japan_005422,D20,0.2697,0.147649,0.7121,FP_duplicate
YOLO11n,Japan__Japan_005425,D00,0.6737,0.112804,0.6599,TP
YOLO11n,Japan__Japan_005425,D10,0.2604,0.07124,0.5409,TP
YOLO11n,Japan__Japan_005472,D10,0.3979,0.009795,0.6467,TP
YOLO11n,Japan__Japan_005472,D20,0.2621,0.105153,0.5866,TP
YOLO11n,Japan__Japan_005472,D10,0.2339,0.006198,0.4964,FP_localization
YOLO11n,Japan__Japan_005478,D00,0.3368,0.031041,0.0,FP_background
YOLO11n,Japan__Japan_005513,D20,0.864,0.261397,0.9419,TP
YOLO11n,Japan__Japan_005513,D40,0.4231,0.00477,0.7913,TP
YOLO11n,Japan__Japan_005533,D10,0.5556,0.013899,0.8617,TP
YOLO11n,Japan__Japan_005537,D10,0.6096,0.021859,0.5172,TP
YOLO11n,Japan__Japan_005537,D20,0.2967,0.086169,0.7211,TP
YOLO11n,Japan__Japan_005559,D40,0.6588,0.003528,0.557,TP
YOLO11n,Japan__Japan_005559,D10,0.2532,0.008351,0.0,FP_background
YOLO11n,Japan__Japan_005567,D00,0.4181,0.007321,0.0,FP_background
YOLO11n,Japan__Japan_005570,D10,0.6175,0.016845,0.9007,TP
YOLO11n,Japan__Japan_005570,D10,0.2631,0.004265,0.9092,TP
YOLO11n,Japan__Japan_005582,D20,0.658,0.082905,0.9055,TP
YOLO11n,Japan__Japan_005582,D10,0.5938,0.008178,0.4789,FP_localization
YOLO11n,Japan__Japan_005599,D40,0.7783,0.004199,0.8482,TP
YOLO11n,Japan__Japan_005599,D40,0.2397,0.002985,0.603,FP_duplicate
YOLO11n,Japan__Japan_005635,D20,0.805,0.366071,0.9064,TP
YOLO11n,Japan__Japan_005635,D20,0.2568,0.267898,0.661,FP_duplicate
YOLO11n,Japan__Japan_005647,D20,0.6971,0.189969,0.3679,FP_localization
YOLO11n,Japan__Japan_005647,D20,0.3917,0.130766,0.5344,TP
YOLO11n,Japan__Japan_005661,D10,0.3177,0.018767,0.0,FP_background
YOLO11n,Japan__Japan_005678,D20,0.3494,0.336509,0.7563,TP
YOLO11n,Japan__Japan_005683,D40,0.4216,0.008041,0.5158,TP
YOLO11n,Japan__Japan_005693,D40,0.3604,0.035104,0.2611,FP_localization
YOLO11n,Japan__Japan_005705,D20,0.5422,0.271944,0.749,TP
YOLO11n,Japan__Japan_005713,D20,0.7244,0.441829,0.8301,TP
YOLO11n,Japan__Japan_005733,D20,0.8134,0.345534,0.9045,TP
YOLO11n,Japan__Japan_005733,D20,0.5409,0.152883,0.9288,TP
YOLO11n,Japan__Japan_005741,D20,0.3346,0.018825,0.185,FP_localization
YOLO11n,Japan__Japan_005741,D40,0.3052,0.003882,0.0382,FP_background
YOLO11n,Japan__Japan_005741,D20,0.2407,0.126517,0.7122,TP
YOLO11n,Japan__Japan_005741,D20,0.2305,0.043933,0.4488,FP_localization
YOLO11n,Japan__Japan_005743,D00,0.5915,0.04917,0.7184,TP
YOLO11n,Japan__Japan_005743,D00,0.4356,0.037303,0.545,FP_duplicate
YOLO11n,Japan__Japan_005760,D10,0.271,0.010015,0.3632,FP_localization
YOLO11n,Japan__Japan_005780,D20,0.2766,0.37216,0.7073,TP
YOLO11n,Japan__Japan_005783,D20,0.7855,0.228433,0.8989,TP
YOLO11n,Japan__Japan_005789,D00,0.3684,0.00616,0.506,TP
YOLO11n,Japan__Japan_005789,D10,0.2737,0.024514,0.6151,TP
YOLO11n,Japan__Japan_005789,D10,0.2587,0.041958,0.3594,FP_localization
YOLO11n,Japan__Japan_005799,D20,0.2308,0.124327,0.0,FP_background
YOLO11n,Japan__Japan_005800,D00,0.3537,0.067206,0.2687,FP_localization
YOLO11n,Japan__Japan_005803,D20,0.7003,0.323103,0.6431,TP
YOLO11n,Japan__Japan_005827,D20,0.7917,0.482885,0.9029,TP
YOLO11n,Japan__Japan_005836,D20,0.4344,0.019372,0.7005,TP
YOLO11n,Japan__Japan_005842,D20,0.4791,0.279322,0.9144,TP
YOLO11n,Japan__Japan_005842,D20,0.333,0.141317,0.6684,FP_classification
YOLO11n,Japan__Japan_005842,D20,0.2753,0.185205,0.6727,FP_duplicate
YOLO11n,Japan__Japan_005842,D20,0.271,0.114596,0.4483,FP_localization
YOLO11n,Japan__Japan_005844,D20,0.6002,0.022287,0.8377,TP
YOLO11n,Japan__Japan_005844,D20,0.2394,0.04434,0.4711,FP_localization
YOLO11n,Japan__Japan_005854,D10,0.2533,0.041186,0.5224,TP
YOLO11n,Japan__Japan_005855,D20,0.4008,0.120864,0.8743,TP
YOLO11n,Japan__Japan_005855,D10,0.2456,0.001997,0.0014,FP_background
YOLO11n,Japan__Japan_005875,D20,0.7985,0.30718,0.8165,TP
YOLO11n,Japan__Japan_005904,D20,0.4164,0.035194,0.8419,TP
YOLO11n,Japan__Japan_005917,D20,0.4705,0.122755,0.5371,TP
YOLO11n,Japan__Japan_005923,D10,0.3878,0.008705,0.0,FP_background
YOLO11n,Japan__Japan_005944,D40,0.3196,0.002607,0.4547,FP_localization
YOLO11n,Japan__Japan_005944,D20,0.3174,0.03748,0.1805,FP_background
YOLO11n,Japan__Japan_005944,D40,0.3058,0.004248,0.7098,TP
YOLO11n,Japan__Japan_005956,D10,0.2851,0.009746,0.6505,TP
YOLO11n,Japan__Japan_005965,D20,0.5156,0.398007,0.6478,TP
YOLO11n,Japan__Japan_005965,D20,0.3759,0.151795,0.2694,FP_localization
YOLO11n,Japan__Japan_005966,D20,0.6082,0.203216,0.9344,TP
YOLO11n,Japan__Japan_005966,D20,0.4581,0.355374,0.5451,FP_duplicate
YOLO11n,Japan__Japan_005966,D40,0.3634,0.002387,0.6139,TP
YOLO11n,Japan__Japan_005983,D20,0.7468,0.129626,0.9407,TP
YOLO11n,Japan__Japan_005986,D20,0.6786,0.13066,0.9778,TP
YOLO11n,Japan__Japan_005994,D20,0.7578,0.096034,0.4378,FP_localization
YOLO11n,Japan__Japan_005994,D20,0.7029,0.022636,0.1988,FP_localization
YOLO11n,Japan__Japan_005994,D20,0.4933,0.031894,0.1466,FP_localization
YOLO11n,Japan__Japan_005994,D20,0.477,0.074986,0.4241,FP_localization
YOLO11n,Japan__Japan_005995,D10,0.4922,0.011172,0.6167,TP
YOLO11n,Japan__Japan_005995,D20,0.2416,0.061643,0.4239,FP_localization
YOLO11n,Japan__Japan_006013,D20,0.9016,0.295927,0.6947,TP
YOLO11n,Japan__Japan_006027,D20,0.7974,0.226955,0.6227,TP
YOLO11n,Japan__Japan_006027,D10,0.5882,0.021738,0.5444,TP
YOLO11n,Japan__Japan_006027,D10,0.3508,0.018242,0.8454,TP
YOLO11n,Japan__Japan_006027,D10,0.3467,0.011218,0.8186,FP_duplicate
YOLO11n,Japan__Japan_006035,D40,0.2291,0.001162,0.6534,TP
YOLO11n,Japan__Japan_006038,D00,0.4808,0.003919,0.5813,TP
YOLO11n,Japan__Japan_006042,D00,0.572,0.003145,0.5606,TP
YOLO11n,Japan__Japan_006057,D00,0.2325,0.024133,0.4917,FP_localization
YOLO11n,Japan__Japan_006062,D20,0.4432,0.084906,0.7063,TP
YOLO11n,Japan__Japan_006071,D20,0.3486,0.075424,0.5938,TP
YOLO11n,Japan__Japan_006071,D00,0.2654,0.030284,0.5653,TP
YOLO11n,Japan__Japan_006079,D10,0.2511,0.048316,0.844,TP
YOLO11n,Japan__Japan_006081,D00,0.4172,0.011416,0.6439,TP
YOLO11n,Japan__Japan_006101,D00,0.2329,0.009761,0.0,FP_background
YOLO11n,Japan__Japan_006105,D20,0.7728,0.031789,0.786,TP
YOLO11n,Japan__Japan_006105,D20,0.3603,0.08104,0.8162,TP
YOLO11n,Japan__Japan_006105,D10,0.3598,0.012686,0.6547,TP
YOLO11n,Japan__Japan_006105,D20,0.3217,0.112581,0.7795,FP_duplicate
YOLO11n,Japan__Japan_006105,D20,0.2302,0.027784,0.2846,FP_localization
YOLO11n,Japan__Japan_006115,D10,0.5536,0.01914,0.2784,FP_localization
YOLO11n,Japan__Japan_006115,D10,0.5348,0.021254,0.1951,FP_localization
YOLO11n,Japan__Japan_006115,D00,0.4279,0.025806,0.8645,TP
YOLO11n,Japan__Japan_006115,D00,0.3753,0.039994,0.5861,FP_duplicate
YOLO11n,Japan__Japan_006130,D20,0.4741,0.137566,0.7984,TP
YOLO11n,Japan__Japan_006131,D00,0.3982,0.013355,0.5667,TP
YOLO11n,Japan__Japan_006134,D20,0.6125,0.098453,0.7119,TP
YOLO11n,Japan__Japan_006134,D20,0.3034,0.051071,0.3726,FP_localization
YOLO11n,Japan__Japan_006134,D10,0.2397,0.004019,0.0,FP_background
YOLO11n,Japan__Japan_006136,D20,0.3176,0.046975,0.173,FP_localization
YOLO11n,Japan__Japan_006136,D20,0.2695,0.273434,0.3951,FP_localization
YOLO11n,Japan__Japan_006145,D00,0.3268,0.029851,0.4116,FP_localization
YOLO11n,Japan__Japan_006145,D20,0.2396,0.185703,0.3377,FP_localization
YOLO11n,Japan__Japan_006154,D20,0.4612,0.115568,0.8609,TP
YOLO11n,Japan__Japan_006164,D20,0.4294,0.094426,0.6582,TP
YOLO11n,Japan__Japan_006168,D00,0.2783,0.008685,0.0,FP_background
YOLO11n,Japan__Japan_006168,D10,0.2511,0.01738,0.6165,TP
YOLO11n,Japan__Japan_006170,D20,0.5312,0.320781,0.6961,TP
YOLO11n,Japan__Japan_006170,D00,0.2431,0.004293,0.0161,FP_background
YOLO11n,Japan__Japan_006216,D20,0.8301,0.350993,0.9397,TP
YOLO11n,Japan__Japan_006216,D40,0.482,0.003989,0.7115,TP
YOLO11n,Japan__Japan_006218,D10,0.2797,0.014926,0.6488,TP
YOLO11n,Japan__Japan_006227,D20,0.8144,0.386905,0.9605,TP
YOLO11n,Japan__Japan_006227,D40,0.2565,0.001903,0.7805,TP
YOLO11n,Japan__Japan_006248,D10,0.3696,0.042842,0.6623,TP
YOLO11n,Japan__Japan_006269,D20,0.6019,0.09687,0.7661,TP
YOLO11n,Japan__Japan_006269,D20,0.3864,0.086075,0.7751,TP
YOLO11n,Japan__Japan_006304,D20,0.3094,0.071445,0.0,FP_background
YOLO11n,Japan__Japan_006307,D20,0.3772,0.091217,0.4016,FP_localization
YOLO11n,Japan__Japan_006344,D10,0.4139,0.014578,0.7713,TP
YOLO11n,Japan__Japan_006354,D40,0.5282,0.007897,0.6468,TP
YOLO11n,Japan__Japan_006354,D40,0.4676,0.01016,0.0,FP_background
YOLO11n,Japan__Japan_006387,D20,0.3219,0.059917,0.6049,TP
YOLO11n,Japan__Japan_006424,D20,0.4072,0.132296,0.1069,FP_background
YOLO11n,Japan__Japan_006424,D20,0.3549,0.0779,0.3246,FP_background
YOLO11n,Japan__Japan_006424,D20,0.3028,0.023687,0.5794,FP_classification
YOLO11n,Japan__Japan_006428,D20,0.4881,0.21949,0.6851,TP
YOLO11n,Japan__Japan_006448,D20,0.2326,0.013488,0.0,FP_background
YOLO11n,Japan__Japan_006452,D20,0.6411,0.071575,0.6811,TP
YOLO11n,Japan__Japan_006454,D20,0.3077,0.031844,0.3076,FP_background
YOLO11n,Japan__Japan_006454,D10,0.2498,0.00831,0.5418,TP
YOLO11n,Japan__Japan_006466,D20,0.6258,0.074916,0.7313,TP
YOLO11n,Japan__Japan_006466,D10,0.4423,0.003609,0.0,FP_background
YOLO11n,Japan__Japan_006466,D20,0.2693,0.039696,0.3008,FP_localization
YOLO11n,Japan__Japan_006471,D20,0.5968,0.291705,0.7854,TP
YOLO11n,Japan__Japan_006471,D20,0.5875,0.106832,0.3617,FP_localization
YOLO11n,Japan__Japan_006471,D20,0.263,0.1297,0.3833,FP_localization
YOLO11n,Japan__Japan_006484,D20,0.7669,0.124762,0.8087,TP
YOLO11n,Japan__Japan_006484,D00,0.2933,0.002786,0.4257,FP_localization
YOLO11n,Japan__Japan_006517,D20,0.2402,0.047955,0.4344,FP_localization
YOLO11n,Japan__Japan_006528,D20,0.439,0.129305,0.5832,TP
YOLO11n,Japan__Japan_006528,D10,0.2476,0.004791,0.5482,TP
YOLO11n,Japan__Japan_006529,D20,0.3486,0.04543,0.7968,TP
YOLO11n,Japan__Japan_006547,D00,0.2777,0.053343,0.0,FP_background
YOLO11n,Japan__Japan_006566,D00,0.5966,0.015753,0.628,TP
YOLO11n,Japan__Japan_006587,D20,0.489,0.114112,0.6689,TP
YOLO11n,Japan__Japan_006587,D20,0.345,0.34762,0.4063,FP_localization
YOLO11n,Japan__Japan_006587,D20,0.3085,0.083815,0.5869,TP
YOLO11n,Japan__Japan_006587,D20,0.2302,0.127924,0.8357,FP_duplicate
YOLO11n,Japan__Japan_006632,D20,0.8366,0.323105,0.7001,TP
YOLO11n,Japan__Japan_006632,D40,0.3811,0.003494,0.4462,FP_localization
YOLO11n,Japan__Japan_006632,D40,0.3371,0.000929,0.5805,TP
YOLO11n,Japan__Japan_006632,D40,0.2387,0.005609,0.4398,FP_localization
YOLO11n,Japan__Japan_006650,D00,0.5502,0.0143,0.8392,TP
YOLO11n,Japan__Japan_006654,D00,0.4875,0.06127,0.4976,FP_localization
YOLO11n,Japan__Japan_006674,D20,0.5376,0.069344,0.6772,TP
YOLO11n,Japan__Japan_006676,D20,0.7169,0.300601,0.728,TP
YOLO11n,Japan__Japan_006676,D20,0.2283,0.210823,0.579,FP_duplicate
YOLO11n,Japan__Japan_006679,D00,0.3338,0.011857,0.069,FP_background
YOLO11n,Japan__Japan_006685,D00,0.373,0.009998,0.8203,TP
YOLO11n,Japan__Japan_006685,D10,0.3233,0.023186,0.509,TP
YOLO11n,Japan__Japan_006724,D00,0.2588,0.007446,0.5238,TP
YOLO11n,Japan__Japan_006732,D10,0.7196,0.012255,0.7933,TP
YOLO11n,Japan__Japan_006732,D20,0.6392,0.037873,0.7444,TP
YOLO11n,Japan__Japan_006732,D10,0.4877,0.007224,0.5066,TP
YOLO11n,Japan__Japan_006732,D10,0.4068,0.003433,0.7926,TP
YOLO11n,Japan__Japan_006732,D10,0.3692,0.004732,0.5342,TP
YOLO11n,Japan__Japan_006732,D20,0.3274,0.013897,0.3788,FP_localization
YOLO11n,Japan__Japan_006732,D10,0.2884,0.003961,0.6639,TP
YOLO11n,Japan__Japan_006732,D10,0.2882,0.003883,0.0197,FP_background
YOLO11n,Japan__Japan_006737,D40,0.2567,0.034441,0.7122,TP
YOLO11n,Japan__Japan_006737,D40,0.2469,0.051042,0.4789,FP_localization
YOLO11n,Japan__Japan_006740,D10,0.4133,0.005073,0.5224,TP
YOLO11n,Japan__Japan_006740,D10,0.2792,0.003961,0.784,TP
YOLO11n,Japan__Japan_006744,D00,0.6688,0.00557,0.8687,TP
YOLO11n,Japan__Japan_006760,D10,0.6232,0.095785,0.8404,TP
YOLO11n,Japan__Japan_006760,D00,0.48,0.01119,0.8932,TP
YOLO11n,Japan__Japan_006760,D10,0.2566,0.063039,0.5757,FP_duplicate
YOLO11n,Japan__Japan_006808,D00,0.2683,0.006315,0.0,FP_background
YOLO11n,Japan__Japan_006808,D00,0.2316,0.014561,0.8171,TP
YOLO11n,Japan__Japan_006825,D40,0.2309,0.003525,0.6506,TP
YOLO11n,Japan__Japan_006847,D00,0.6096,0.050901,0.7139,TP
YOLO11n,Japan__Japan_006865,D10,0.3395,0.007746,0.7884,TP
YOLO11n,Japan__Japan_006956,D10,0.3824,0.02212,0.823,TP
YOLO11n,Japan__Japan_006961,D20,0.7617,0.344138,0.7882,TP
YOLO11n,Japan__Japan_006961,D20,0.6999,0.211869,0.7082,TP
YOLO11n,Japan__Japan_006961,D20,0.3713,0.14028,0.4548,FP_localization
YOLO11n,Japan__Japan_006965,D00,0.658,0.036442,0.8747,TP
YOLO11n,Japan__Japan_006965,D10,0.3885,0.006752,0.0,FP_background
YOLO11n,Japan__Japan_006965,D00,0.3155,0.056536,0.5677,FP_duplicate
YOLO11n,Japan__Japan_007003,D40,0.719,0.002531,0.664,TP
YOLO11n,Japan__Japan_007003,D20,0.7157,0.134071,0.5415,TP
YOLO11n,Japan__Japan_007003,D20,0.6573,0.091901,0.6958,TP
YOLO11n,Japan__Japan_007017,D10,0.3373,0.071551,0.3357,FP_localization
YOLO11n,Japan__Japan_007017,D10,0.2891,0.004232,0.0,FP_background
YOLO11n,Japan__Japan_007017,D10,0.2291,0.0225,0.8668,TP
YOLO11n,Japan__Japan_007018,D20,0.6381,0.527997,0.8619,TP
YOLO11n,Japan__Japan_007029,D00,0.2711,0.016862,0.7485,TP
YOLO11n,Japan__Japan_007053,D20,0.4185,0.128342,0.8495,TP
YOLO11n,Japan__Japan_007053,D10,0.4013,0.00383,0.0,FP_background
YOLO11n,Japan__Japan_007053,D10,0.2497,0.001471,0.0,FP_background
YOLO11n,Japan__Japan_007062,D40,0.528,0.002985,0.814,TP
YOLO11n,Japan__Japan_007062,D40,0.2461,0.012354,0.0,FP_background
YOLO11n,Japan__Japan_007062,D40,0.2445,0.023224,0.0,FP_background
YOLO11n,Japan__Japan_007082,D00,0.2676,0.026866,0.0,FP_background
YOLO11n,Japan__Japan_007082,D00,0.2309,0.003481,0.0,FP_background
YOLO11n,Japan__Japan_007092,D00,0.2761,0.035121,0.0,FP_background
YOLO11n,Japan__Japan_007092,D10,0.2595,0.106113,0.0949,FP_background
YOLO11n,Japan__Japan_007093,D20,0.3274,0.236186,0.8839,TP
YOLO11n,Japan__Japan_007106,D00,0.3983,0.125887,0.7161,TP
YOLO11n,Japan__Japan_007106,D00,0.3929,0.034188,0.7919,TP
YOLO11n,Japan__Japan_007106,D20,0.3069,0.169974,0.2594,FP_background
YOLO11n,Japan__Japan_007118,D00,0.5105,0.001852,0.8037,TP
YOLO11n,Japan__Japan_007128,D20,0.5171,0.196017,0.8342,TP
YOLO11n,Japan__Japan_007149,D20,0.3099,0.08308,0.4905,FP_localization
YOLO11n,Japan__Japan_007149,D20,0.2801,0.125683,0.7424,TP
YOLO11n,Japan__Japan_007154,D00,0.3917,0.007948,0.7393,TP
YOLO11n,Japan__Japan_007228,D20,0.6444,0.206691,0.6303,TP
YOLO11n,Japan__Japan_007228,D10,0.2634,0.003782,0.0016,FP_background
YOLO11n,Japan__Japan_007259,D20,0.6705,0.184188,0.8273,TP
YOLO11n,Japan__Japan_007259,D20,0.5236,0.044362,0.6211,TP
YOLO11n,Japan__Japan_007259,D20,0.2458,0.030149,0.7596,FP_duplicate
YOLO11n,Japan__Japan_007266,D00,0.416,0.014639,0.1884,FP_background
YOLO11n,Japan__Japan_007280,D10,0.6099,0.014334,0.9454,TP
YOLO11n,Japan__Japan_007280,D10,0.4606,0.015998,0.6461,TP
YOLO11n,Japan__Japan_007287,D20,0.5429,0.129779,0.9151,TP
YOLO11n,Japan__Japan_007293,D20,0.6111,0.27597,0.7435,TP
YOLO11n,Japan__Japan_007311,D20,0.3364,0.092197,0.8624,TP
YOLO11n,Japan__Japan_007311,D20,0.2992,0.064176,0.4127,FP_localization
YOLO11n,Japan__Japan_007334,D00,0.3298,0.069209,0.8229,TP
YOLO11n,Japan__Japan_007343,D20,0.5055,0.114276,0.7054,TP
YOLO11n,Japan__Japan_007343,D20,0.3575,0.077341,0.4774,FP_localization
YOLO11n,Japan__Japan_007343,D20,0.2444,0.044282,0.2733,FP_localization
YOLO11n,Japan__Japan_007344,D20,0.3403,0.042556,0.2995,FP_localization
YOLO11n,Japan__Japan_007347,D20,0.4313,0.024383,0.9031,TP
YOLO11n,Japan__Japan_007359,D20,0.5255,0.104678,0.2689,FP_localization
YOLO11n,Japan__Japan_007360,D20,0.3958,0.205688,0.5995,TP
YOLO11n,Japan__Japan_007360,D10,0.3599,0.007039,0.6642,TP
YOLO11n,Japan__Japan_007360,D10,0.2484,0.005423,0.6961,TP
YOLO11n,Japan__Japan_007362,D20,0.7813,0.375828,0.9652,TP
YOLO11n,Japan__Japan_007393,D20,0.6121,0.290108,0.8612,TP
YOLO11n,Japan__Japan_007409,D40,0.4057,0.003194,0.4462,FP_localization
YOLO11n,Japan__Japan_007410,D20,0.7393,0.535219,0.8034,TP
YOLO11n,Japan__Japan_007415,D20,0.5985,0.307567,0.9699,TP
YOLO11n,Japan__Japan_007415,D40,0.2584,0.005683,0.0182,FP_background
YOLO11n,Japan__Japan_007433,D20,0.4245,0.117786,0.8914,TP
YOLO11n,Japan__Japan_007433,D20,0.3165,0.272264,0.3994,FP_localization
YOLO11n,Japan__Japan_007434,D20,0.323,0.075561,0.8934,TP
YOLO11n,Japan__Japan_007437,D20,0.2639,0.058416,0.6149,FP_classification
YOLO11n,Japan__Japan_007450,D20,0.711,0.256241,0.7059,TP
YOLO11n,Japan__Japan_007450,D20,0.2675,0.038053,0.0728,FP_background
YOLO11n,Japan__Japan_007454,D20,0.6158,0.293186,0.6218,TP
YOLO11n,Japan__Japan_007454,D20,0.2703,0.204154,0.8917,FP_duplicate
YOLO11n,Japan__Japan_007464,D00,0.3012,0.008688,0.7438,TP
YOLO11n,Japan__Japan_007477,D10,0.3979,0.005687,0.8742,TP
YOLO11n,Japan__Japan_007477,D00,0.3324,0.016098,0.6681,TP
YOLO11n,Japan__Japan_007477,D20,0.3123,0.02097,0.4012,FP_background
YOLO11n,Japan__Japan_007485,D10,0.2694,0.002052,0.0,FP_background
YOLO11n,Japan__Japan_007485,D40,0.264,0.002501,0.0,FP_background
YOLO11n,Japan__Japan_007495,D10,0.3347,0.021137,0.6486,TP
YOLO11n,Japan__Japan_007495,D10,0.3069,0.00281,0.6853,TP
YOLO11n,Japan__Japan_007495,D10,0.2431,0.018101,0.6059,TP
YOLO11n,Japan__Japan_007500,D20,0.5686,0.77849,0.6411,TP
YOLO11n,Japan__Japan_007502,D10,0.5194,0.012779,0.9336,TP
YOLO11n,Japan__Japan_007503,D20,0.4375,0.103242,0.7649,TP
YOLO11n,Japan__Japan_007503,D40,0.2605,0.003388,0.8079,TP
YOLO11n,Japan__Japan_007527,D10,0.3505,0.006452,0.6258,FP_classification
YOLO11n,Japan__Japan_007527,D10,0.2687,0.00589,0.7052,TP
YOLO11n,Japan__Japan_007537,D20,0.5104,0.151884,0.8577,TP
YOLO11n,Japan__Japan_007537,D20,0.2537,0.364767,0.4034,FP_localization
YOLO11n,Japan__Japan_007539,D20,0.5308,0.265921,0.8913,TP
YOLO11n,Japan__Japan_007539,D20,0.4613,0.145198,0.5441,FP_duplicate
YOLO11n,Japan__Japan_007550,D40,0.3643,0.001405,0.7502,TP
YOLO11n,Japan__Japan_007552,D10,0.2596,0.010771,0.0,FP_background
YOLO11n,Japan__Japan_007558,D10,0.3338,0.107024,0.4689,FP_background
YOLO11n,Japan__Japan_007558,D10,0.294,0.015505,0.0145,FP_background
YOLO11n,Japan__Japan_007562,D20,0.2336,0.094358,0.3924,FP_background
YOLO11n,Japan__Japan_007567,D20,0.8073,0.345607,0.7418,TP
YOLO11n,Japan__Japan_007567,D20,0.7437,0.506566,0.915,FP_duplicate
YOLO11n,Japan__Japan_007575,D10,0.3852,0.019552,0.6856,TP
YOLO11n,Japan__Japan_007579,D40,0.3832,0.005568,0.8011,TP
YOLO11n,Japan__Japan_007579,D20,0.3246,0.222759,0.1164,FP_localization
YOLO11n,Japan__Japan_007579,D20,0.2464,0.154621,0.1029,FP_localization
YOLO11n,Japan__Japan_007595,D20,0.4248,0.20078,0.3095,FP_localization
YOLO11n,Japan__Japan_007615,D00,0.3207,0.003088,0.0,FP_background
YOLO11n,Japan__Japan_007615,D00,0.2357,0.025959,0.0,FP_background
YOLO11n,Japan__Japan_007618,D00,0.7641,0.092737,0.7664,TP
YOLO11n,Japan__Japan_007618,D10,0.5788,0.005532,0.6819,TP
YOLO11n,Japan__Japan_007618,D10,0.3523,0.016839,0.5912,TP
YOLO11n,Japan__Japan_007625,D20,0.7242,0.031248,0.8677,TP
YOLO11n,Japan__Japan_007625,D20,0.3044,0.045288,0.6569,FP_duplicate
YOLO11n,Japan__Japan_007633,D40,0.5995,0.003103,0.6777,TP
YOLO11n,Japan__Japan_007649,D10,0.3284,0.00532,0.7173,TP
YOLO11n,Japan__Japan_007649,D20,0.2358,0.040151,0.7428,TP
YOLO11n,Japan__Japan_007655,D20,0.3011,0.23798,0.8151,TP
YOLO11n,Japan__Japan_007672,D20,0.2629,0.023562,0.1821,FP_localization
YOLO11n,Japan__Japan_007673,D00,0.3741,0.004384,0.7087,TP
YOLO11n,Japan__Japan_007690,D40,0.2439,0.009167,0.0,FP_background
YOLO11n,Japan__Japan_007698,D00,0.393,0.025894,0.6308,TP
YOLO11n,Japan__Japan_007698,D20,0.3059,0.254426,0.1228,FP_localization
YOLO11n,Japan__Japan_007722,D00,0.5739,0.007545,0.6677,TP
YOLO11n,Japan__Japan_007722,D00,0.3917,0.008325,0.5864,TP
YOLO11n,Japan__Japan_007728,D20,0.7577,0.102379,0.8102,TP
YOLO11n,Japan__Japan_007728,D20,0.7044,0.232884,0.7917,TP
YOLO11n,Japan__Japan_007733,D00,0.2302,0.04874,0.6876,TP
YOLO11n,Japan__Japan_007746,D10,0.3333,0.003997,0.0,FP_background
YOLO11n,Japan__Japan_007756,D20,0.6072,0.096008,0.8329,TP
YOLO11n,Japan__Japan_007756,D10,0.3543,0.00531,0.6112,TP
YOLO11n,Japan__Japan_007756,D10,0.2774,0.005169,0.7029,TP
YOLO11n,Japan__Japan_007756,D10,0.2662,0.017623,0.1529,FP_background
YOLO11n,Japan__Japan_007768,D10,0.363,0.186911,0.285,FP_localization
YOLO11n,Japan__Japan_007768,D10,0.2607,0.154202,0.3455,FP_localization
YOLO11n,Japan__Japan_007775,D00,0.5463,0.0288,0.6858,TP
YOLO11n,Japan__Japan_007775,D20,0.5065,0.019053,0.6986,TP
YOLO11n,Japan__Japan_007775,D20,0.2863,0.031775,0.7797,FP_duplicate
YOLO11n,Japan__Japan_007775,D00,0.2671,0.031319,0.7969,FP_classification
YOLO11n,Japan__Japan_007780,D20,0.5919,0.224259,0.7287,TP
YOLO11n,Japan__Japan_007780,D20,0.5843,0.105751,0.3169,FP_localization
YOLO11n,Japan__Japan_007781,D40,0.3172,0.009986,0.1001,FP_localization
YOLO11n,Japan__Japan_007781,D40,0.2978,0.015324,0.684,TP
YOLO11n,Japan__Japan_007781,D40,0.2957,0.00771,0.0,FP_background
YOLO11n,Japan__Japan_007784,D00,0.3717,0.025912,0.8126,TP
YOLO11n,Japan__Japan_007784,D20,0.3646,0.02615,0.8133,FP_classification
YOLO11n,Japan__Japan_007823,D00,0.6025,0.055571,0.8981,TP
YOLO11n,Japan__Japan_007823,D00,0.4486,0.034758,0.6077,FP_duplicate
YOLO11n,Japan__Japan_007823,D10,0.2606,0.006942,0.7019,TP
YOLO11n,Japan__Japan_007834,D20,0.8212,0.486167,0.6478,TP
YOLO11n,Japan__Japan_007841,D40,0.2384,0.004073,0.7831,TP
YOLO11n,Japan__Japan_007852,D40,0.3947,0.005591,0.4242,FP_localization
YOLO11n,Japan__Japan_007858,D10,0.2991,0.009536,0.1975,FP_background
YOLO11n,Japan__Japan_007860,D20,0.3543,0.028618,0.6342,TP
YOLO11n,Japan__Japan_007867,D00,0.2302,0.002778,0.0,FP_background
YOLO11n,Japan__Japan_007900,D20,0.457,0.090946,0.7638,TP
YOLO11n,Japan__Japan_007900,D20,0.3903,0.028655,0.2189,FP_localization
YOLO11n,Japan__Japan_007900,D20,0.3434,0.04383,0.4882,FP_localization
YOLO11n,Japan__Japan_007900,D20,0.2788,0.046659,0.7652,TP
YOLO11n,Japan__Japan_007900,D40,0.2462,0.003598,0.891,TP
YOLO11n,Japan__Japan_007903,D20,0.247,0.066886,0.4285,FP_background
YOLO11n,Japan__Japan_007916,D20,0.5698,0.111623,0.6367,TP
YOLO11n,Japan__Japan_007916,D20,0.5502,0.017469,0.8268,TP
YOLO11n,Japan__Japan_007916,D10,0.3005,0.026401,0.5499,TP
YOLO11n,Japan__Japan_007933,D10,0.3595,0.014386,0.782,TP
YOLO11n,Japan__Japan_007954,D20,0.3037,0.262738,0.5068,TP
YOLO11n,Japan__Japan_007964,D10,0.369,0.008714,0.7832,TP
YOLO11n,Japan__Japan_007964,D10,0.2847,0.008357,0.5729,TP
YOLO11n,Japan__Japan_007965,D20,0.2781,0.182139,0.7455,TP
YOLO11n,Japan__Japan_007995,D10,0.2939,0.020214,0.2434,FP_localization
YOLO11n,Japan__Japan_008008,D20,0.4218,0.097537,0.5684,TP
YOLO11n,Japan__Japan_008008,D20,0.2679,0.115774,0.4422,FP_localization
YOLO11n,Japan__Japan_008008,D00,0.2322,0.039863,0.6466,FP_classification
YOLO11n,Japan__Japan_008012,D20,0.4443,0.094073,0.7847,FP_classification
YOLO11n,Japan__Japan_008022,D10,0.3649,0.016377,0.8913,TP
YOLO11n,Japan__Japan_008023,D00,0.45,0.02983,0.862,TP
YOLO11n,Japan__Japan_008023,D10,0.2755,0.01604,0.0719,FP_background
YOLO11n,Japan__Japan_008045,D10,0.2526,0.016308,0.0,FP_background
YOLO11n,Japan__Japan_008047,D20,0.252,0.066376,0.7371,FP_classification
YOLO11n,Japan__Japan_008060,D00,0.2521,0.003607,0.912,TP
YOLO11n,Japan__Japan_008076,D00,0.3635,0.004848,0.0,FP_background
YOLO11n,Japan__Japan_008076,D10,0.3158,0.009619,0.0,FP_background
YOLO11n,Japan__Japan_008097,D20,0.5412,0.096515,0.4179,FP_localization
YOLO11n,Japan__Japan_008130,D20,0.3879,0.035771,0.0829,FP_background
YOLO11n,Japan__Japan_008130,D20,0.3289,0.31553,0.8814,TP
YOLO11n,Japan__Japan_008130,D20,0.3134,0.197133,0.622,FP_duplicate
YOLO11n,Japan__Japan_008130,D10,0.2689,0.025614,0.0312,FP_background
YOLO11n,Japan__Japan_008156,D40,0.7224,0.004605,0.8028,TP
YOLO11n,Japan__Japan_008156,D20,0.2875,0.069268,0.7764,TP
YOLO11n,Japan__Japan_008156,D40,0.2737,0.002972,0.5182,FP_duplicate
YOLO11n,Japan__Japan_008168,D40,0.2424,0.00136,0.5717,TP
YOLO11n,Japan__Japan_008179,D20,0.5412,0.189403,0.7673,TP
YOLO11n,Japan__Japan_008184,D20,0.8147,0.183986,0.5148,TP
YOLO11n,Japan__Japan_008184,D20,0.4724,0.085898,0.2662,FP_localization
YOLO11n,Japan__Japan_008184,D20,0.2473,0.335966,0.9555,FP_duplicate
YOLO11n,Japan__Japan_008195,D10,0.4576,0.021406,0.0,FP_background
YOLO11n,Japan__Japan_008195,D10,0.2769,0.006853,0.0,FP_background
YOLO11n,Japan__Japan_008211,D10,0.377,0.005235,0.0,FP_background
YOLO11n,Japan__Japan_008211,D20,0.3479,0.050328,0.7626,TP
YOLO11n,Japan__Japan_008211,D20,0.2447,0.033545,0.5161,FP_duplicate
YOLO11n,Japan__Japan_008218,D20,0.7535,0.459641,0.7992,TP
YOLO11n,Japan__Japan_008218,D20,0.4153,0.124014,0.2292,FP_localization
YOLO11n,Japan__Japan_008230,D10,0.315,0.017279,0.4938,FP_localization
YOLO11n,Japan__Japan_008230,D10,0.312,0.012042,0.7086,TP
YOLO11n,Japan__Japan_008247,D20,0.5222,0.288839,0.8718,TP
YOLO11n,Japan__Japan_008247,D20,0.3384,0.080714,0.288,FP_localization
YOLO11n,Japan__Japan_008248,D10,0.4886,0.043673,0.0,FP_background
YOLO11n,Japan__Japan_008256,D00,0.4429,0.006304,0.0,FP_background
YOLO11n,Japan__Japan_008272,D20,0.7368,0.405465,0.8106,TP
YOLO11n,Japan__Japan_008272,D20,0.3611,0.226613,0.5374,FP_duplicate
YOLO11n,Japan__Japan_008277,D10,0.2359,0.002731,0.0,FP_background
YOLO11n,Japan__Japan_008279,D20,0.5213,0.588369,0.8355,TP
YOLO11n,Japan__Japan_008279,D20,0.4798,0.317747,0.4529,FP_localization
YOLO11n,Japan__Japan_008279,D10,0.3247,0.021759,0.0318,FP_background
YOLO11n,Japan__Japan_008279,D20,0.3149,0.040187,0.0507,FP_background
YOLO11n,Japan__Japan_008300,D10,0.2912,0.010249,0.7424,FP_classification
YOLO11n,Japan__Japan_008307,D20,0.6755,0.120658,0.6407,TP
YOLO11n,Japan__Japan_008307,D10,0.2548,0.0049,0.0,FP_background
YOLO11n,Japan__Japan_008324,D20,0.6652,0.249308,0.7107,TP
YOLO11n,Japan__Japan_008356,D20,0.308,0.005175,0.632,TP
YOLO11n,Japan__Japan_008359,D00,0.5281,0.129763,0.4842,FP_localization
YOLO11n,Japan__Japan_008359,D10,0.2805,0.016766,0.0154,FP_background
YOLO11n,Japan__Japan_008375,D20,0.4923,0.146262,0.3731,FP_localization
YOLO11n,Japan__Japan_008375,D20,0.4639,0.118176,0.3095,FP_localization
YOLO11n,Japan__Japan_008375,D10,0.2481,0.004132,0.7058,TP
YOLO11n,Japan__Japan_008375,D20,0.2415,0.29482,0.678,TP
YOLO11n,Japan__Japan_008388,D00,0.6418,0.038492,0.8443,TP
YOLO11n,Japan__Japan_008388,D20,0.3752,0.057753,0.6373,FP_classification
YOLO11n,Japan__Japan_008388,D00,0.2418,0.010367,0.508,TP
YOLO11n,Japan__Japan_008394,D20,0.7147,0.229429,0.849,TP
YOLO11n,Japan__Japan_008394,D20,0.609,0.076149,0.7445,TP
YOLO11n,Japan__Japan_008394,D20,0.3356,0.392259,0.604,FP_duplicate
YOLO11n,Japan__Japan_008402,D10,0.3684,0.012439,0.3556,FP_localization
YOLO11n,Japan__Japan_008402,D10,0.2778,0.005311,0.0,FP_background
YOLO11n,Japan__Japan_008511,D10,0.2502,0.011375,0.0,FP_background
YOLO11n,Japan__Japan_008516,D20,0.4861,0.076199,0.5135,TP
YOLO11n,Japan__Japan_008523,D00,0.4172,0.018479,0.5482,TP
YOLO11n,Japan__Japan_008523,D00,0.4123,0.006827,0.7632,TP
YOLO11n,Japan__Japan_008523,D10,0.2792,0.005969,0.0,FP_background
YOLO11n,Japan__Japan_008523,D10,0.2334,0.010948,0.0219,FP_background
YOLO11n,Japan__Japan_008529,D20,0.7082,0.163594,0.7683,TP
YOLO11n,Japan__Japan_008539,D20,0.8348,0.38944,0.9116,TP
YOLO11n,Japan__Japan_008539,D10,0.3461,0.016774,0.0414,FP_background
YOLO11n,Japan__Japan_008547,D20,0.7243,0.373752,0.7733,TP
YOLO11n,Japan__Japan_008547,D20,0.673,0.152957,0.7133,TP
YOLO11n,Japan__Japan_008547,D20,0.2315,0.560522,0.518,FP_duplicate
YOLO11n,Japan__Japan_008584,D00,0.4813,0.027777,0.8023,TP
YOLO11n,Japan__Japan_008584,D20,0.2835,0.340035,0.5499,TP
YOLO11n,Japan__Japan_008606,D00,0.2664,0.013148,0.6272,TP
YOLO11n,Japan__Japan_008606,D00,0.262,0.008624,0.8906,FP_duplicate
YOLO11n,Japan__Japan_008615,D00,0.296,0.020777,0.0,FP_background
YOLO11n,Japan__Japan_008615,D20,0.2914,0.0957,0.706,TP
YOLO11n,Japan__Japan_008629,D00,0.4064,0.01516,0.6895,TP
YOLO11n,Japan__Japan_008634,D20,0.7266,0.132702,0.8027,TP
YOLO11n,Japan__Japan_008688,D20,0.3677,0.173513,0.7012,TP
YOLO11n,Japan__Japan_008708,D20,0.7444,0.243387,0.9275,TP
YOLO11n,Japan__Japan_008708,D20,0.4191,0.072859,0.2941,FP_localization
YOLO11n,Japan__Japan_008726,D10,0.4694,0.02667,0.3672,FP_localization
YOLO11n,Japan__Japan_008735,D20,0.4586,0.12268,0.6709,TP
YOLO11n,Japan__Japan_008735,D10,0.3997,0.006919,0.8013,TP
YOLO11n,Japan__Japan_008735,D20,0.2806,0.137553,0.4696,FP_localization
YOLO11n,Japan__Japan_008739,D20,0.4605,0.33707,0.6895,TP
YOLO11n,Japan__Japan_008739,D20,0.4188,0.253133,0.9056,FP_duplicate
YOLO11n,Japan__Japan_008756,D20,0.6493,0.135141,0.7317,TP
YOLO11n,Japan__Japan_008759,D20,0.3219,0.048872,0.8504,TP
YOLO11n,Japan__Japan_008759,D20,0.2616,0.034706,0.6181,FP_duplicate
YOLO11n,Japan__Japan_008770,D10,0.3036,0.004604,0.0,FP_background
YOLO11n,Japan__Japan_008770,D00,0.2719,0.046165,0.8525,TP
YOLO11n,Japan__Japan_008780,D20,0.7048,0.321039,0.7573,TP
YOLO11n,Japan__Japan_008794,D20,0.8581,0.358951,0.906,TP
YOLO11n,Japan__Japan_008807,D10,0.2584,0.004999,0.7496,TP
YOLO11n,Japan__Japan_008815,D10,0.4197,0.021453,0.4906,FP_localization
YOLO11n,Japan__Japan_008815,D00,0.3879,0.009823,0.7742,TP
YOLO11n,Japan__Japan_008815,D10,0.373,0.010546,0.0052,FP_background
YOLO11n,Japan__Japan_008815,D10,0.3089,0.006482,0.0023,FP_background
YOLO11n,Japan__Japan_008815,D00,0.2677,0.006065,0.6808,TP
YOLO11n,Japan__Japan_008837,D00,0.4233,0.005878,0.8123,TP
YOLO11n,Japan__Japan_008846,D00,0.5248,0.024574,0.2287,FP_localization
YOLO11n,Japan__Japan_008846,D00,0.4864,0.062662,0.6436,TP
YOLO11n,Japan__Japan_008846,D00,0.3451,0.008021,0.7825,TP
YOLO11n,Japan__Japan_008846,D00,0.3037,0.036409,0.3389,FP_localization
YOLO11n,Japan__Japan_008848,D20,0.4117,0.236997,0.3522,FP_localization
YOLO11n,Japan__Japan_008848,D20,0.3178,0.28191,0.3849,FP_localization
YOLO11n,Japan__Japan_008848,D20,0.2837,0.467887,0.6174,TP
YOLO11n,Japan__Japan_008854,D10,0.3497,0.005228,0.7544,TP
YOLO11n,Japan__Japan_008854,D00,0.2838,0.037602,0.6583,TP
YOLO11n,Japan__Japan_008855,D20,0.8923,0.390748,0.866,TP
YOLO11n,Japan__Japan_008872,D20,0.3868,0.165244,0.7032,TP
YOLO11n,Japan__Japan_008872,D20,0.3549,0.04933,0.2997,FP_localization
YOLO11n,Japan__Japan_008872,D20,0.2662,0.074622,0.3411,FP_localization
YOLO11n,Japan__Japan_008878,D20,0.4776,0.313094,0.7383,TP
YOLO11n,Japan__Japan_008878,D20,0.3217,0.018294,0.0468,FP_background
YOLO11n,Japan__Japan_008878,D20,0.282,0.094172,0.243,FP_localization
YOLO11n,Japan__Japan_008878,D20,0.2814,0.187633,0.4604,FP_localization
YOLO11n,Japan__Japan_008880,D00,0.5714,0.032278,0.8174,TP
YOLO11n,Japan__Japan_008898,D20,0.7435,0.234198,0.758,TP
YOLO11n,Japan__Japan_008898,D20,0.728,0.309791,0.7104,TP
YOLO11n,Japan__Japan_008900,D20,0.8171,0.334353,0.7959,TP
YOLO11n,Japan__Japan_008927,D00,0.8352,0.068581,0.7449,TP
YOLO11n,Japan__Japan_008933,D10,0.3141,0.022353,0.0,FP_background
YOLO11n,Japan__Japan_008933,D20,0.248,0.050617,0.799,TP
YOLO11n,Japan__Japan_008947,D10,0.3502,0.01944,0.0,FP_background
YOLO11n,Japan__Japan_008947,D10,0.3095,0.029233,0.0,FP_background
YOLO11n,Japan__Japan_008947,D00,0.3076,0.001751,0.0998,FP_background
YOLO11n,Japan__Japan_008949,D00,0.4746,0.019159,0.0,FP_background
YOLO11n,Japan__Japan_008963,D20,0.7657,0.391809,0.8198,TP
YOLO11n,Japan__Japan_008968,D00,0.673,0.010681,0.8167,TP
YOLO11n,Japan__Japan_008968,D20,0.5396,0.042947,0.8344,TP
YOLO11n,Japan__Japan_008968,D20,0.483,0.07483,0.4778,FP_localization
YOLO11n,Japan__Japan_008968,D20,0.2554,0.073901,0.4849,FP_localization
YOLO11n,Japan__Japan_008968,D00,0.2333,0.043149,0.8172,TP
YOLO11n,Japan__Japan_008970,D20,0.5179,0.202112,0.6681,TP
YOLO11n,Japan__Japan_008970,D20,0.4782,0.110341,0.4707,FP_localization
YOLO11n,Japan__Japan_008976,D00,0.2376,0.02145,0.4589,FP_localization
YOLO11n,Japan__Japan_008991,D00,0.3355,0.002345,0.5153,TP
YOLO11n,Japan__Japan_009001,D20,0.3494,0.216434,0.3989,FP_localization
YOLO11n,Japan__Japan_009001,D20,0.25,0.414024,0.2114,FP_localization
YOLO11n,Japan__Japan_009021,D20,0.8534,0.207136,0.8019,TP
YOLO11n,Japan__Japan_009021,D10,0.2703,0.015872,0.0058,FP_background
YOLO11n,Japan__Japan_009026,D20,0.5024,0.134045,0.4948,FP_localization
YOLO11n,Japan__Japan_009026,D10,0.3276,0.029194,0.5347,TP
YOLO11n,Japan__Japan_009041,D20,0.6778,0.173607,0.9215,TP
YOLO11n,Japan__Japan_009044,D20,0.4106,0.055645,0.0,FP_background
YOLO11n,Japan__Japan_009044,D10,0.2848,0.004962,0.7252,TP
YOLO11n,Japan__Japan_009044,D20,0.2289,0.012263,0.4981,FP_localization
YOLO11n,Japan__Japan_009049,D40,0.4445,0.005854,0.3788,FP_localization
YOLO11n,Japan__Japan_009049,D40,0.4004,0.008576,0.2672,FP_localization
YOLO11n,Japan__Japan_009049,D40,0.2415,0.003732,0.495,FP_localization
YOLO11n,Japan__Japan_009053,D20,0.6228,0.173607,0.5104,TP
YOLO11n,Japan__Japan_009053,D10,0.5331,0.006852,0.6107,TP
YOLO11n,Japan__Japan_009053,D20,0.398,0.119429,0.7168,FP_duplicate
YOLO11n,Japan__Japan_009067,D00,0.2833,0.007938,0.716,TP
YOLO11n,Japan__Japan_009085,D40,0.6699,0.004723,0.7981,TP
YOLO11n,Japan__Japan_009085,D20,0.502,0.035892,0.4558,FP_localization
YOLO11n,Japan__Japan_009085,D40,0.3013,0.003045,0.7307,FP_duplicate
YOLO11n,Japan__Japan_009088,D20,0.8091,0.18771,0.6458,TP
YOLO11n,Japan__Japan_009097,D00,0.3428,0.044539,0.4163,FP_background
YOLO11n,Japan__Japan_009122,D20,0.4751,0.083542,0.6303,TP
YOLO11n,Japan__Japan_009144,D00,0.5611,0.004773,0.8128,TP
YOLO11n,Japan__Japan_009147,D40,0.3,0.002306,0.6951,TP
YOLO11n,Japan__Japan_009153,D20,0.4702,0.076513,0.8478,TP
YOLO11n,Japan__Japan_009174,D40,0.2911,0.001728,0.7027,TP
YOLO11n,Japan__Japan_009184,D20,0.4586,0.275347,0.9138,TP
YOLO11n,Japan__Japan_009220,D20,0.6973,0.079717,0.5697,TP
YOLO11n,Japan__Japan_009220,D20,0.3597,0.030475,0.7725,TP
YOLO11n,Japan__Japan_009223,D20,0.4065,0.114863,0.4365,FP_localization
YOLO11n,Japan__Japan_009241,D00,0.2693,0.003606,0.0,FP_background
YOLO11n,Japan__Japan_009294,D10,0.3099,0.008852,0.2702,FP_localization
YOLO11n,Japan__Japan_009299,D20,0.3782,0.12772,0.3171,FP_localization
YOLO11n,Japan__Japan_009299,D20,0.37,0.091105,0.4749,FP_localization
YOLO11n,Japan__Japan_009299,D20,0.2706,0.019567,0.2968,FP_localization
YOLO11n,Japan__Japan_009324,D10,0.2468,0.015468,0.0,FP_background
YOLO11n,Japan__Japan_009340,D10,0.4742,0.004699,0.8432,TP
YOLO11n,Japan__Japan_009340,D20,0.3697,0.081078,0.7387,TP
YOLO11n,Japan__Japan_009343,D20,0.7506,0.243623,0.6032,TP
YOLO11n,Japan__Japan_009350,D20,0.7529,0.238059,0.961,TP
YOLO11n,Japan__Japan_009350,D20,0.6067,0.135232,0.858,TP
YOLO11n,Japan__Japan_009353,D20,0.3431,0.027459,0.2522,FP_localization
YOLO11n,Japan__Japan_009353,D10,0.2721,0.012616,0.0048,FP_background
YOLO11n,Japan__Japan_009355,D20,0.4761,0.113676,0.5891,TP
YOLO11n,Japan__Japan_009378,D10,0.3304,0.005413,0.8335,TP
YOLO11n,Japan__Japan_009378,D10,0.2644,0.013812,0.8067,TP
YOLO11n,Japan__Japan_009378,D10,0.2285,0.01971,0.2659,FP_localization
YOLO11n,Japan__Japan_009379,D20,0.2564,0.078153,0.3738,FP_localization
YOLO11n,Japan__Japan_009383,D00,0.6731,0.012331,0.5002,TP
YOLO11n,Japan__Japan_009383,D00,0.6357,0.090092,0.6662,TP
YOLO11n,Japan__Japan_009383,D00,0.4467,0.013656,0.6529,TP
YOLO11n,Japan__Japan_009383,D00,0.3377,0.024262,0.4978,FP_localization
YOLO11n,Japan__Japan_009404,D00,0.2551,0.022275,0.8288,TP
YOLO11n,Japan__Japan_009415,D20,0.4204,0.136926,0.5483,TP
YOLO11n,Japan__Japan_009415,D20,0.3598,0.367917,0.2294,FP_localization
YOLO11n,Japan__Japan_009415,D40,0.2545,0.00227,0.4591,FP_background
YOLO11n,Japan__Japan_009450,D00,0.3317,0.106723,0.8397,TP
YOLO11n,Japan__Japan_009459,D10,0.3928,0.017197,0.0,FP_background
YOLO11n,Japan__Japan_009463,D20,0.2325,0.204628,0.7751,TP
YOLO11n,Japan__Japan_009464,D20,0.8268,0.33597,0.9125,TP
YOLO11n,Japan__Japan_009492,D40,0.3034,0.005457,0.0182,FP_background
YOLO11n,Japan__Japan_009523,D20,0.6781,0.066181,0.856,TP
YOLO11n,Japan__Japan_009523,D20,0.366,0.043797,0.5636,FP_duplicate
YOLO11n,Japan__Japan_009524,D00,0.2972,0.009426,0.7321,TP
YOLO11n,Japan__Japan_009540,D00,0.2958,0.017456,0.0,FP_background
YOLO11n,Japan__Japan_009547,D20,0.6635,0.35828,0.8782,TP
YOLO11n,Japan__Japan_009547,D20,0.4344,0.017182,0.7465,TP
YOLO11n,Japan__Japan_009586,D20,0.6074,0.301976,0.9257,TP
YOLO11n,Japan__Japan_009586,D20,0.2751,0.106828,0.3097,FP_localization
YOLO11n,Japan__Japan_009614,D20,0.2993,0.247812,0.7546,TP
YOLO11n,Japan__Japan_009614,D20,0.2907,0.205777,0.7237,FP_duplicate
YOLO11n,Japan__Japan_009614,D10,0.2597,0.009084,0.0337,FP_background
YOLO11n,Japan__Japan_009630,D20,0.6744,0.442882,0.9737,TP
YOLO11n,Japan__Japan_009630,D40,0.5685,0.002918,0.7466,TP
YOLO11n,Japan__Japan_009630,D20,0.5468,0.174301,0.3826,FP_localization
YOLO11n,Japan__Japan_009641,D20,0.4714,0.159452,0.4382,FP_localization
YOLO11n,Japan__Japan_009641,D20,0.3529,0.108099,0.6464,TP
YOLO11n,Japan__Japan_009651,D00,0.3474,0.026578,0.625,FP_classification
YOLO11n,Japan__Japan_009651,D00,0.2786,0.016028,0.8066,FP_classification
YOLO11n,Japan__Japan_009652,D00,0.5016,0.0285,0.5862,TP
YOLO11n,Japan__Japan_009652,D00,0.369,0.04406,0.8212,FP_duplicate
YOLO11n,Japan__Japan_009656,D20,0.7603,0.461214,0.3598,FP_localization
YOLO11n,Japan__Japan_009656,D20,0.4742,0.185253,0.8606,TP
YOLO11n,Japan__Japan_009656,D20,0.299,0.18874,0.78,TP
YOLO11n,Japan__Japan_009672,D40,0.3352,0.024817,0.8461,TP
YOLO11n,Japan__Japan_009672,D10,0.3318,0.01789,0.9807,TP
YOLO11n,Japan__Japan_009677,D20,0.2973,0.03343,0.5731,TP
YOLO11n,Japan__Japan_009677,D20,0.2818,0.013649,0.234,FP_localization
YOLO11n,Japan__Japan_009677,D10,0.2623,0.005867,0.0199,FP_background
YOLO11n,Japan__Japan_009677,D20,0.2308,0.057527,0.6361,FP_duplicate
YOLO11n,Japan__Japan_009677,D20,0.2296,0.020323,0.3484,FP_localization
YOLO11n,Japan__Japan_009678,D20,0.3688,0.056467,0.7012,TP
YOLO11n,Japan__Japan_009681,D40,0.3734,0.005821,0.6509,TP
YOLO11n,Japan__Japan_009684,D40,0.3774,0.001995,0.6513,TP
YOLO11n,Japan__Japan_009684,D20,0.3376,0.09906,0.5969,TP
YOLO11n,Japan__Japan_009698,D20,0.4968,0.064781,0.8491,TP
YOLO11n,Japan__Japan_009698,D20,0.3759,0.091428,0.8167,FP_duplicate
YOLO11n,Japan__Japan_009698,D40,0.2316,0.001224,0.7251,TP
YOLO11n,Japan__Japan_009707,D20,0.4814,0.110635,0.5079,FP_classification
YOLO11n,Japan__Japan_009707,D20,0.3434,0.042322,0.6865,FP_classification
YOLO11n,Japan__Japan_009717,D20,0.7895,0.360552,0.887,TP
YOLO11n,Japan__Japan_009743,D20,0.333,0.083253,0.5976,TP
YOLO11n,Japan__Japan_009746,D20,0.5219,0.378661,0.7335,TP
YOLO11n,Japan__Japan_009746,D20,0.2901,0.160055,0.3287,FP_localization
YOLO11n,Japan__Japan_009785,D10,0.5019,0.020943,0.6843,TP
YOLO11n,Japan__Japan_009785,D00,0.4237,0.016008,0.9069,TP
YOLO11n,Japan__Japan_009785,D10,0.4015,0.08969,0.2759,FP_localization
YOLO11n,Japan__Japan_009785,D00,0.3943,0.036552,0.413,FP_localization
YOLO11n,Japan__Japan_009785,D10,0.3102,0.027428,0.7295,TP
YOLO11n,Japan__Japan_009785,D10,0.2802,0.056246,0.4859,FP_localization
YOLO11n,Japan__Japan_009785,D00,0.2781,0.005638,0.781,TP
YOLO11n,Japan__Japan_009822,D00,0.3834,0.032887,0.8277,TP
YOLO11n,Japan__Japan_009822,D00,0.3764,0.007887,0.772,TP
YOLO11n,Japan__Japan_009831,D20,0.5269,0.075807,0.56,TP
YOLO11n,Japan__Japan_009831,D20,0.4632,0.132486,0.7187,TP
YOLO11n,Japan__Japan_009831,D20,0.3973,0.189054,0.6906,FP_duplicate
YOLO11n,Japan__Japan_009831,D20,0.3246,0.278985,0.4278,FP_localization
YOLO11n,Japan__Japan_009850,D20,0.3757,0.109473,0.7232,TP
YOLO11n,Japan__Japan_009863,D00,0.2505,0.011145,0.595,TP
YOLO11n,Japan__Japan_009863,D00,0.2411,0.004578,0.4051,FP_localization
YOLO11n,Japan__Japan_009874,D20,0.619,0.13306,0.8046,TP
YOLO11n,Japan__Japan_009882,D20,0.6898,0.088746,0.8334,TP
YOLO11n,Japan__Japan_009882,D40,0.6155,0.002928,0.8729,TP
YOLO11n,Japan__Japan_009920,D40,0.3882,0.04234,0.0,FP_background
YOLO11n,Japan__Japan_009922,D20,0.4846,0.011764,0.862,TP
YOLO11n,Japan__Japan_009922,D20,0.4089,0.25615,0.2809,FP_localization
YOLO11n,Japan__Japan_009922,D20,0.3929,0.130623,0.5508,TP
YOLO11n,Japan__Japan_009922,D20,0.2606,0.106542,0.6723,FP_duplicate
YOLO11n,Japan__Japan_009922,D20,0.2513,0.035024,0.4203,FP_localization
YOLO11n,Japan__Japan_009935,D40,0.6206,0.002321,0.7626,TP
YOLO11n,Japan__Japan_009935,D40,0.581,0.009432,0.6379,TP
YOLO11n,Japan__Japan_009960,D40,0.2298,0.009544,0.7951,TP
YOLO11n,Japan__Japan_009968,D20,0.4279,0.09748,0.6843,TP
YOLO11n,Japan__Japan_009981,D20,0.6634,0.188164,0.8842,TP
YOLO11n,Japan__Japan_009981,D10,0.469,0.004401,0.0173,FP_background
YOLO11n,Japan__Japan_010018,D00,0.267,0.018949,0.5239,FP_classification
YOLO11n,Japan__Japan_010028,D00,0.5095,0.002899,0.6325,TP
YOLO11n,Japan__Japan_010033,D00,0.3266,0.010474,0.0,FP_background
YOLO11n,Japan__Japan_010037,D00,0.4784,0.013864,0.7039,TP
YOLO11n,Japan__Japan_010045,D20,0.4418,0.104707,0.493,FP_localization
YOLO11n,Japan__Japan_010045,D20,0.2732,0.067794,0.7053,TP
YOLO11n,Japan__Japan_010048,D20,0.539,0.23126,0.9075,TP
YOLO11n,Japan__Japan_010048,D20,0.2864,0.119971,0.4721,FP_localization
YOLO11n,Japan__Japan_010069,D20,0.8231,0.358501,0.947,TP
YOLO11n,Japan__Japan_010069,D40,0.3923,0.003299,0.6071,TP
YOLO11n,Japan__Japan_010075,D20,0.4126,0.104401,0.4341,FP_localization
YOLO11n,Japan__Japan_010105,D10,0.3586,0.009514,0.789,TP
YOLO11n,Japan__Japan_010108,D20,0.564,0.25996,0.4753,FP_localization
YOLO11n,Japan__Japan_010108,D20,0.3587,0.486258,0.7755,TP
YOLO11n,Japan__Japan_010121,D00,0.6367,0.1317,0.7661,TP
YOLO11n,Japan__Japan_010158,D20,0.4235,0.080583,0.6225,TP
YOLO11n,Japan__Japan_010158,D20,0.2326,0.071858,0.9222,FP_duplicate
YOLO11n,Japan__Japan_010172,D00,0.5142,0.013955,0.7947,TP
YOLO11n,Japan__Japan_010172,D00,0.3105,0.008614,0.5474,FP_duplicate
YOLO11n,Japan__Japan_010174,D20,0.7189,0.165664,0.8947,TP
YOLO11n,Japan__Japan_010188,D10,0.3098,0.005428,0.0379,FP_background
YOLO11n,Japan__Japan_010188,D20,0.2588,0.171592,0.6848,TP
YOLO11n,Japan__Japan_010231,D20,0.8863,0.330809,0.9083,TP
YOLO11n,Japan__Japan_010231,D40,0.6723,0.00371,0.6641,TP
YOLO11n,Japan__Japan_010245,D20,0.774,0.220352,0.8166,TP
YOLO11n,Japan__Japan_010267,D00,0.2496,0.033251,0.2409,FP_localization
YOLO11n,Japan__Japan_010279,D20,0.5267,0.070209,0.7122,TP
YOLO11n,Japan__Japan_010279,D00,0.4083,0.003586,0.7061,TP
YOLO11n,Japan__Japan_010286,D20,0.6207,0.175309,0.7198,TP
YOLO11n,Japan__Japan_010286,D20,0.3922,0.071935,0.5435,TP
YOLO11n,Japan__Japan_010286,D20,0.2822,0.294419,0.8259,FP_duplicate
YOLO11n,Japan__Japan_010309,D20,0.7035,0.11473,0.8792,TP
YOLO11n,Japan__Japan_010309,D20,0.4917,0.053054,0.6884,TP
YOLO11n,Japan__Japan_010309,D20,0.3789,0.068157,0.6832,FP_duplicate
YOLO11n,Japan__Japan_010309,D10,0.2366,0.007379,0.0376,FP_background
YOLO11n,Japan__Japan_010319,D20,0.7756,0.262045,0.6252,TP
YOLO11n,Japan__Japan_010341,D10,0.2413,0.084319,0.1849,FP_background
YOLO11n,Japan__Japan_010341,D00,0.2305,0.004747,0.8053,TP
YOLO11n,Japan__Japan_010349,D20,0.7785,0.250491,0.7965,TP
YOLO11n,Japan__Japan_010349,D20,0.3524,0.109173,0.3696,FP_localization
YOLO11n,Japan__Japan_010353,D00,0.3939,0.005446,0.6755,TP
YOLO11n,Japan__Japan_010357,D00,0.5752,0.005771,0.2963,FP_localization
YOLO11n,Japan__Japan_010357,D00,0.3437,0.036493,0.0,FP_background
YOLO11n,Japan__Japan_010373,D20,0.7795,0.31395,0.8306,TP
YOLO11n,Japan__Japan_010392,D00,0.2834,0.017548,0.4813,FP_localization
YOLO11n,Japan__Japan_010396,D20,0.4047,0.161738,0.3541,FP_background
YOLO11n,Japan__Japan_010396,D00,0.3956,0.019639,0.8729,TP
YOLO11n,Japan__Japan_010396,D00,0.2481,0.020904,0.4096,FP_localization
YOLO11n,Japan__Japan_010407,D10,0.2691,0.008653,0.0,FP_background
YOLO11n,Japan__Japan_010417,D20,0.6178,0.067079,0.7247,TP
YOLO11n,Japan__Japan_010421,D10,0.461,0.006973,0.7027,FP_classification
YOLO11n,Japan__Japan_010442,D00,0.3469,0.008905,0.5738,TP
YOLO11n,Japan__Japan_010442,D00,0.2967,0.005832,0.2432,FP_background
YOLO11n,Japan__Japan_010449,D00,0.7027,0.045276,0.6512,TP
YOLO11n,Japan__Japan_010449,D00,0.4078,0.071692,0.4113,FP_localization
YOLO11n,Japan__Japan_010449,D10,0.2445,0.00713,0.0,FP_background
YOLO11n,Japan__Japan_010451,D20,0.275,0.01451,0.2688,FP_background
YOLO11n,Japan__Japan_010455,D20,0.6129,0.234888,0.8729,TP
YOLO11n,Japan__Japan_010455,D20,0.331,0.096136,0.4235,FP_localization
YOLO11n,Japan__Japan_010463,D10,0.3229,0.00709,0.1515,FP_localization
YOLO11n,Japan__Japan_010463,D20,0.3005,0.200334,0.1245,FP_background
YOLO11n,Japan__Japan_010463,D00,0.28,0.019926,0.7792,TP
YOLO11n,Japan__Japan_010467,D20,0.6721,0.185978,0.3802,FP_localization
YOLO11n,Japan__Japan_010467,D20,0.5222,0.267707,0.5454,TP
YOLO11n,Japan__Japan_010468,D00,0.4222,0.00386,0.5884,TP
YOLO11n,Japan__Japan_010470,D00,0.5769,0.033611,0.7691,TP
YOLO11n,Japan__Japan_010501,D20,0.6735,0.091404,0.9239,TP
YOLO11n,Japan__Japan_010502,D00,0.7221,0.016431,0.4511,FP_localization
YOLO11n,Japan__Japan_010502,D00,0.4849,0.066561,0.2582,FP_localization
YOLO11n,Japan__Japan_010502,D00,0.417,0.013789,0.4846,FP_localization
YOLO11n,Japan__Japan_010514,D20,0.4271,0.037672,0.8837,TP
YOLO11n,Japan__Japan_010514,D10,0.4016,0.009431,0.6932,TP
YOLO11n,Japan__Japan_010525,D00,0.3871,0.023536,0.6861,TP
YOLO11n,Japan__Japan_010528,D20,0.702,0.187709,0.8079,TP
YOLO11n,Japan__Japan_010528,D20,0.4376,0.134671,0.713,FP_duplicate
YOLO11n,Japan__Japan_010535,D20,0.4469,0.176145,0.0,FP_background
YOLO11n,Japan__Japan_010553,D40,0.2431,0.001572,0.7632,TP
YOLO11n,Japan__Japan_010555,D20,0.5216,0.336504,0.6137,TP
YOLO11n,Japan__Japan_010555,D20,0.5189,0.509184,0.8414,FP_duplicate
YOLO11n,Japan__Japan_010555,D20,0.3761,0.133573,0.1988,FP_localization
YOLO11n,Japan__Japan_010556,D20,0.7246,0.159089,0.3625,FP_localization
YOLO11n,Japan__Japan_010575,D00,0.3718,0.168594,0.0745,FP_background
YOLO11n,Japan__Japan_010575,D20,0.2685,0.079559,0.371,FP_background
YOLO11n,Japan__Japan_010575,D10,0.2562,0.169549,0.0709,FP_background
YOLO11n,Japan__Japan_010585,D20,0.7389,0.385129,0.5359,TP
YOLO11n,Japan__Japan_010585,D20,0.3944,0.243168,0.7313,FP_duplicate
YOLO11n,Japan__Japan_010585,D20,0.3638,0.258734,0.7814,FP_duplicate
YOLO11n,Japan__Japan_010622,D20,0.477,0.095257,0.6479,TP
YOLO11n,Japan__Japan_010622,D20,0.3523,0.030968,0.2885,FP_localization
YOLO11n,Japan__Japan_010622,D20,0.3344,0.109944,0.4775,FP_localization
YOLO11n,Japan__Japan_010622,D20,0.2999,0.298695,0.302,FP_localization
YOLO11n,Japan__Japan_010643,D00,0.3951,0.002237,0.7067,TP
YOLO11n,Japan__Japan_010645,D20,0.3902,0.081618,0.9359,FP_classification
YOLO11n,Japan__Japan_010650,D20,0.5367,0.021227,0.6595,TP
YOLO11n,Japan__Japan_010650,D00,0.3461,0.027889,0.5726,TP
YOLO11n,Japan__Japan_010653,D20,0.6001,0.224976,0.5284,TP
YOLO11n,Japan__Japan_010657,D20,0.5928,0.17976,0.637,TP
YOLO11n,Japan__Japan_010658,D20,0.6144,0.504566,0.6125,TP
YOLO11n,Japan__Japan_010658,D20,0.5312,0.241198,0.2489,FP_localization
YOLO11n,Japan__Japan_010658,D40,0.4361,0.001551,0.0016,FP_background
YOLO11n,Japan__Japan_010658,D20,0.401,0.269846,0.4757,FP_localization
YOLO11n,Japan__Japan_010668,D20,0.767,0.28773,0.8703,TP
YOLO11n,Japan__Japan_010668,D20,0.3898,0.200546,0.6131,FP_duplicate
YOLO11n,Japan__Japan_010675,D20,0.4431,0.026203,0.7188,TP
YOLO11n,Japan__Japan_010695,D20,0.3169,0.030572,0.5178,TP
YOLO11n,Japan__Japan_010706,D20,0.7733,0.203929,0.6003,TP
YOLO11n,Japan__Japan_010710,D00,0.588,0.068002,0.8353,TP
YOLO11n,Japan__Japan_010714,D40,0.5775,0.003271,0.6496,TP
YOLO11n,Japan__Japan_010747,D10,0.2786,0.00522,0.5919,TP
YOLO11n,Japan__Japan_010756,D20,0.651,0.036309,0.6826,TP
YOLO11n,Japan__Japan_010756,D20,0.3558,0.048575,0.7667,TP
YOLO11n,Japan__Japan_010756,D20,0.3244,0.025086,0.7477,FP_duplicate
YOLO11n,Japan__Japan_010761,D00,0.4986,0.048634,0.3569,FP_localization
YOLO11n,Japan__Japan_010766,D40,0.4143,0.00708,0.6729,TP
YOLO11n,Japan__Japan_010766,D10,0.3184,0.003389,0.6764,TP
YOLO11n,Japan__Japan_010769,D20,0.2449,0.096259,0.5323,TP
YOLO11n,Japan__Japan_010772,D20,0.7872,0.291386,0.6838,TP
YOLO11n,Japan__Japan_010772,D20,0.3747,0.039179,0.172,FP_localization
YOLO11n,Japan__Japan_010772,D20,0.2518,0.588402,0.5309,FP_duplicate
YOLO11n,Japan__Japan_010833,D10,0.3437,0.008426,0.0076,FP_background
YOLO11n,Japan__Japan_010837,D00,0.577,0.002887,0.7315,TP
YOLO11n,Japan__Japan_010837,D10,0.5212,0.009762,0.8717,TP
YOLO11n,Japan__Japan_010837,D00,0.3807,0.061466,0.4078,FP_localization
YOLO11n,Japan__Japan_010837,D20,0.347,0.075997,0.5982,TP
YOLO11n,Japan__Japan_010837,D10,0.3176,0.033556,0.3017,FP_localization
YOLO11n,Japan__Japan_010839,D20,0.8698,0.368105,0.9711,TP
YOLO11n,Japan__Japan_010839,D40,0.262,0.010417,0.0286,FP_background
YOLO11n,Japan__Japan_010851,D40,0.4138,0.003927,0.2042,FP_localization
YOLO11n,Japan__Japan_010866,D00,0.4126,0.016848,0.7124,TP
YOLO11n,Japan__Japan_010866,D00,0.2355,0.012683,0.6625,TP
YOLO11n,Japan__Japan_010879,D10,0.3743,0.005054,0.0,FP_background
YOLO11n,Japan__Japan_010890,D20,0.3011,0.272839,0.305,FP_localization
YOLO11n,Japan__Japan_010890,D20,0.2908,0.235815,0.7786,TP
YOLO11n,Japan__Japan_010890,D20,0.2832,0.337427,0.8336,FP_duplicate
YOLO11n,Japan__Japan_010890,D20,0.2344,0.085576,0.2965,FP_localization
YOLO11n,Japan__Japan_010900,D20,0.7185,0.098828,0.6051,TP
YOLO11n,Japan__Japan_010903,D20,0.4884,0.032266,0.186,FP_localization
YOLO11n,Japan__Japan_010903,D20,0.2335,0.028846,0.2211,FP_localization
YOLO11n,Japan__Japan_010920,D20,0.7616,0.211948,0.9031,TP
YOLO11n,Japan__Japan_010921,D20,0.4024,0.035288,0.2846,FP_localization
YOLO11n,Japan__Japan_010921,D00,0.2932,0.150043,0.7933,FP_classification
YOLO11n,Japan__Japan_010921,D00,0.2314,0.023593,0.626,FP_classification
YOLO11n,Japan__Japan_010936,D20,0.3644,0.102824,0.531,TP
YOLO11n,Japan__Japan_010937,D20,0.715,0.303534,0.8928,TP
YOLO11n,Japan__Japan_010942,D00,0.459,0.116336,0.0,FP_background
YOLO11n,Japan__Japan_010942,D00,0.3016,0.086091,0.0,FP_background
YOLO11n,Japan__Japan_010942,D10,0.2839,0.013061,0.6533,TP
YOLO11n,Japan__Japan_010954,D10,0.3636,0.008399,0.1094,FP_background
YOLO11n,Japan__Japan_010954,D00,0.3497,0.002197,0.0,FP_background
YOLO11n,Japan__Japan_010963,D20,0.5059,0.282003,0.7945,TP
YOLO11n,Japan__Japan_010982,D00,0.7152,0.203207,0.9225,TP
YOLO11n,Japan__Japan_010982,D10,0.5189,0.009126,0.6469,TP
YOLO11n,Japan__Japan_010982,D00,0.427,0.011342,0.8054,TP
YOLO11n,Japan__Japan_010982,D10,0.411,0.026075,0.443,FP_localization
YOLO11n,Japan__Japan_010982,D00,0.3893,0.297211,0.6671,FP_duplicate
YOLO11n,Japan__Japan_010982,D10,0.3164,0.017683,0.6499,TP
YOLO11n,Japan__Japan_010982,D10,0.2954,0.012204,0.9167,FP_duplicate
YOLO11n,Japan__Japan_010999,D40,0.2316,0.001561,0.0,FP_background
YOLO11n,Japan__Japan_011022,D10,0.3496,0.020942,0.0946,FP_background
YOLO11n,Japan__Japan_011022,D00,0.2415,0.036664,0.6857,TP
YOLO11n,Japan__Japan_011033,D10,0.2501,0.019106,0.848,TP
YOLO11n,Japan__Japan_011051,D20,0.7931,0.269504,0.7799,TP
YOLO11n,Japan__Japan_011056,D20,0.7181,0.212364,0.8015,TP
YOLO11n,Japan__Japan_011067,D40,0.2624,0.016246,0.0723,FP_background
YOLO11n,Japan__Japan_011075,D00,0.2319,0.059704,0.7934,TP
YOLO11n,Japan__Japan_011077,D40,0.4236,0.00315,0.4171,FP_localization
YOLO11n,Japan__Japan_011078,D10,0.2802,0.006835,0.5507,TP
YOLO11n,Japan__Japan_011082,D20,0.6653,0.239632,0.8685,TP
YOLO11n,Japan__Japan_011082,D10,0.2616,0.009947,0.016,FP_background
YOLO11n,Japan__Japan_011089,D20,0.3017,0.085145,0.6842,TP
YOLO11n,Japan__Japan_011089,D20,0.2679,0.053737,0.7709,FP_duplicate
YOLO11n,Japan__Japan_011090,D20,0.6149,0.273973,0.7129,TP
YOLO11n,Japan__Japan_011105,D10,0.304,0.012125,0.0,FP_background
YOLO11n,Japan__Japan_011110,D20,0.5525,0.811169,0.6363,TP
YOLO11n,Japan__Japan_011110,D20,0.3131,0.443165,0.6058,FP_duplicate
YOLO11n,Japan__Japan_011118,D00,0.4939,0.015918,0.0,FP_background
YOLO11n,Japan__Japan_011118,D00,0.4052,0.005004,0.0,FP_background
YOLO11n,Japan__Japan_011122,D20,0.521,0.178938,0.8206,TP
YOLO11n,Japan__Japan_011122,D20,0.3771,0.404543,0.3862,FP_localization
YOLO11n,Japan__Japan_011122,D20,0.2433,0.269067,0.3679,FP_localization
YOLO11n,Japan__Japan_011145,D10,0.4679,0.017334,0.6492,TP
YOLO11n,Japan__Japan_011162,D20,0.3576,0.076154,0.794,TP
YOLO11n,Japan__Japan_011162,D20,0.2362,0.156534,0.4281,FP_localization
YOLO11n,Japan__Japan_011162,D20,0.2309,0.068097,0.6504,FP_classification
YOLO11n,Japan__Japan_011172,D00,0.4736,0.027236,0.5325,TP
YOLO11n,Japan__Japan_011172,D20,0.3273,0.01445,0.8099,TP
YOLO11n,Japan__Japan_011174,D20,0.6528,0.605539,0.9424,TP
YOLO11n,Japan__Japan_011174,D20,0.3266,0.231186,0.3764,FP_localization
YOLO11n,Japan__Japan_011216,D10,0.2404,0.058468,0.4875,FP_localization
YOLO11n,Japan__Japan_011246,D40,0.4846,0.005162,0.7818,TP
YOLO11n,Japan__Japan_011254,D20,0.6356,0.083295,0.5983,TP
YOLO11n,Japan__Japan_011254,D20,0.2616,0.051174,0.9184,FP_duplicate
YOLO11n,Japan__Japan_011258,D00,0.4568,0.03092,0.4757,FP_localization
YOLO11n,Japan__Japan_011263,D20,0.569,0.313228,0.3826,FP_localization
YOLO11n,Japan__Japan_011263,D20,0.3376,0.123813,0.8836,TP
YOLO11n,Japan__Japan_011284,D00,0.5256,0.016843,0.5482,TP
YOLO11n,Japan__Japan_011299,D10,0.2643,0.027873,0.8059,TP
YOLO11n,Japan__Japan_011355,D20,0.608,0.250617,0.7566,TP
YOLO11n,Japan__Japan_011359,D20,0.449,0.123923,0.6876,TP
YOLO11n,Japan__Japan_011359,D20,0.3315,0.050965,0.4637,FP_localization
YOLO11n,Japan__Japan_011390,D20,0.237,0.01402,0.7406,FP_classification
YOLO11n,Japan__Japan_011410,D00,0.2455,0.010612,0.6897,FP_classification
YOLO11n,Japan__Japan_011439,D20,0.5961,0.230765,0.6899,TP
YOLO11n,Japan__Japan_011449,D20,0.5347,0.123682,0.4998,FP_localization
YOLO11n,Japan__Japan_011449,D20,0.4851,0.178168,0.3506,FP_localization
YOLO11n,Japan__Japan_011449,D40,0.2603,0.002275,0.8183,TP
YOLO11n,Japan__Japan_011479,D40,0.4724,0.002297,0.7243,TP
YOLO11n,Japan__Japan_011479,D20,0.2888,0.098806,0.4401,FP_localization
YOLO11n,Japan__Japan_011486,D20,0.741,0.552734,0.8186,TP
YOLO11n,Japan__Japan_011486,D20,0.4203,0.384016,0.5908,FP_duplicate
YOLO11n,Japan__Japan_011486,D10,0.2417,0.049867,0.0834,FP_background
YOLO11n,Japan__Japan_011486,D20,0.2387,0.166657,0.2609,FP_localization
YOLO11n,Japan__Japan_011489,D10,0.5692,0.066657,0.8307,TP
YOLO11n,Japan__Japan_011489,D00,0.3877,0.037428,0.8868,TP
YOLO11n,Japan__Japan_011495,D20,0.8017,0.355456,0.8926,TP
YOLO11n,Japan__Japan_011499,D00,0.4697,0.005289,0.7515,TP
YOLO11n,Japan__Japan_011499,D10,0.2339,0.005277,0.4581,FP_localization
YOLO11n,Japan__Japan_011521,D10,0.2774,0.006921,0.0397,FP_background
YOLO11n,Japan__Japan_011539,D20,0.2411,0.039225,0.4413,FP_localization
YOLO11n,Japan__Japan_011552,D00,0.2984,0.006585,0.6793,TP
YOLO11n,Japan__Japan_011564,D20,0.5856,0.16372,0.6854,TP
YOLO11n,Japan__Japan_011579,D20,0.2864,0.139299,0.672,TP
YOLO11n,Japan__Japan_011590,D20,0.7414,0.28438,0.8511,TP
YOLO11n,Japan__Japan_011590,D40,0.4012,0.003199,0.7651,TP
YOLO11n,Japan__Japan_011628,D40,0.4268,0.001446,0.5148,TP
YOLO11n,Japan__Japan_011628,D00,0.4221,0.016644,0.5761,TP
YOLO11n,Japan__Japan_011642,D20,0.6486,0.369655,0.6005,TP
YOLO11n,Japan__Japan_011642,D20,0.4522,0.150854,0.3329,FP_localization
YOLO11n,Japan__Japan_011642,D10,0.3218,0.003991,0.6796,TP
YOLO11n,Japan__Japan_011642,D00,0.3201,0.004395,0.7281,TP
YOLO11n,Japan__Japan_011643,D20,0.8286,0.189175,0.8086,TP
YOLO11n,Japan__Japan_011670,D00,0.3445,0.003697,0.5287,TP
YOLO11n,Japan__Japan_011724,D00,0.417,0.011309,0.0,FP_background
YOLO11n,Japan__Japan_011728,D20,0.637,0.186965,0.8542,TP
YOLO11n,Japan__Japan_011728,D20,0.3147,0.098471,0.4499,FP_localization
YOLO11n,Japan__Japan_011783,D20,0.3189,0.041136,0.3237,FP_localization
YOLO11n,Japan__Japan_011783,D10,0.316,0.002984,0.0029,FP_background
YOLO11n,Japan__Japan_011783,D20,0.2643,0.10241,0.5612,TP
YOLO11n,Japan__Japan_011809,D20,0.475,0.103748,0.814,TP
YOLO11n,Japan__Japan_011809,D10,0.2305,0.005924,0.0547,FP_background
YOLO11n,Japan__Japan_011854,D20,0.7514,0.260253,0.838,TP
YOLO11n,Japan__Japan_011885,D10,0.5066,0.081615,0.509,TP
YOLO11n,Japan__Japan_011885,D00,0.3603,0.019654,0.6176,TP
YOLO11n,Japan__Japan_011885,D00,0.2364,0.018806,0.7019,TP
YOLO11n,Japan__Japan_011901,D00,0.5722,0.104887,0.0,FP_background
YOLO11n,Japan__Japan_011915,D20,0.7983,0.331285,0.8488,TP
YOLO11n,Japan__Japan_011917,D00,0.3954,0.002052,0.0,FP_background
YOLO11n,Japan__Japan_011976,D00,0.6813,0.143454,0.7242,TP
YOLO11n,Japan__Japan_011976,D10,0.2854,0.020718,0.0601,FP_background
YOLO11n,Japan__Japan_012006,D20,0.6332,0.089042,0.8191,TP
YOLO11n,Japan__Japan_012006,D10,0.2899,0.003499,0.0,FP_background
YOLO11n,Japan__Japan_012009,D20,0.7017,0.224548,0.9422,TP
YOLO11n,Japan__Japan_012010,D20,0.5382,0.113462,0.7388,TP
YOLO11n,Japan__Japan_012011,D00,0.2964,0.015903,0.7847,TP
YOLO11n,Japan__Japan_012047,D20,0.8632,0.325925,0.7315,TP
YOLO11n,Japan__Japan_012066,D20,0.8192,0.468849,0.8374,TP
YOLO11n,Japan__Japan_012084,D20,0.6157,0.178427,0.7734,TP
YOLO11n,Japan__Japan_012101,D10,0.5365,0.009166,0.8346,TP
YOLO11n,Japan__Japan_012101,D20,0.4722,0.169021,0.707,TP
YOLO11n,Japan__Japan_012122,D10,0.459,0.027869,0.857,TP
YOLO11n,Japan__Japan_012122,D10,0.3762,0.043636,0.5581,FP_duplicate
YOLO11n,Japan__Japan_012160,D20,0.5654,0.201075,0.9359,TP
YOLO11n,Japan__Japan_012160,D20,0.307,0.127531,0.577,FP_duplicate
YOLO11n,Japan__Japan_012172,D20,0.7157,0.297681,0.9359,TP
YOLO11n,Japan__Japan_012178,D20,0.4775,0.274277,0.734,TP
YOLO11n,Japan__Japan_012178,D20,0.4658,0.640479,0.6163,TP
YOLO11n,Japan__Japan_012178,D20,0.4361,0.434728,0.8691,FP_duplicate
YOLO11n,Japan__Japan_012184,D20,0.8024,0.192633,0.8909,TP
YOLO11n,Japan__Japan_012184,D10,0.5113,0.017149,0.5462,TP
YOLO11n,Japan__Japan_012188,D20,0.2582,0.037627,0.5918,FP_classification
YOLO11n,Japan__Japan_012200,D00,0.411,0.107077,0.4846,FP_localization
YOLO11n,Japan__Japan_012216,D20,0.7082,0.230034,0.96,TP
YOLO11n,Japan__Japan_012244,D10,0.3688,0.017183,0.7951,TP
YOLO11n,Japan__Japan_012244,D10,0.3348,0.007313,0.0595,FP_background
YOLO11n,Japan__Japan_012244,D10,0.3158,0.018831,0.0094,FP_background
YOLO11n,Japan__Japan_012244,D20,0.2763,0.133574,0.7647,TP
YOLO11n,Japan__Japan_012263,D20,0.2527,0.037464,0.0,FP_background
YOLO11n,Japan__Japan_012271,D00,0.505,0.003998,0.4003,FP_localization
YOLO11n,Japan__Japan_012328,D10,0.4457,0.007366,0.8455,TP
YOLO11n,Japan__Japan_012328,D10,0.3952,0.018123,0.6791,TP
YOLO11n,Japan__Japan_012328,D20,0.3514,0.017746,0.3475,FP_background
YOLO11n,Japan__Japan_012329,D10,0.5081,0.060388,0.6461,TP
YOLO11n,Japan__Japan_012329,D00,0.3474,0.049865,0.6725,TP
YOLO11n,Japan__Japan_012329,D10,0.2671,0.00682,0.3707,FP_localization
YOLO11n,Japan__Japan_012330,D00,0.7976,0.143165,0.8635,TP
YOLO11n,Japan__Japan_012330,D10,0.412,0.021933,0.0398,FP_background
YOLO11n,Japan__Japan_012352,D00,0.7107,0.028752,0.8347,TP
YOLO11n,Japan__Japan_012354,D20,0.3354,0.085063,0.5603,TP
YOLO11n,Japan__Japan_012354,D10,0.254,0.008685,0.5943,TP
YOLO11n,Japan__Japan_012355,D00,0.7907,0.01129,0.8951,TP
YOLO11n,Japan__Japan_012358,D20,0.3807,0.349315,0.6747,TP
YOLO11n,Japan__Japan_012358,D00,0.2796,0.016909,0.0522,FP_background
YOLO11n,Japan__Japan_012381,D00,0.2901,0.00685,0.7893,TP
YOLO11n,Japan__Japan_012381,D10,0.2836,0.018421,0.776,TP
YOLO11n,Japan__Japan_012390,D40,0.3946,0.002612,0.77,TP
YOLO11n,Japan__Japan_012403,D20,0.8004,0.301467,0.8279,TP
YOLO11n,Japan__Japan_012403,D10,0.2859,0.016487,0.2377,FP_background
YOLO11n,Japan__Japan_012403,D10,0.2386,0.00627,0.6743,TP
YOLO11n,Japan__Japan_012406,D20,0.3607,0.059768,0.6366,TP
YOLO11n,Japan__Japan_012410,D00,0.2933,0.007177,0.0,FP_background
YOLO11n,Japan__Japan_012411,D20,0.6055,0.156527,0.6439,TP
YOLO11n,Japan__Japan_012411,D20,0.5834,0.228717,0.8983,FP_duplicate
YOLO11n,Japan__Japan_012422,D20,0.534,0.145908,0.6889,TP
YOLO11n,Japan__Japan_012438,D20,0.5519,0.367044,0.5048,TP
YOLO11n,Japan__Japan_012438,D20,0.5418,0.089811,0.8444,TP
YOLO11n,Japan__Japan_012438,D20,0.3071,0.220989,0.8418,FP_duplicate
YOLO11n,Japan__Japan_012444,D40,0.6014,0.001944,0.0,FP_background
YOLO11n,Japan__Japan_012453,D00,0.4008,0.028934,0.164,FP_localization
YOLO11n,Japan__Japan_012453,D00,0.3286,0.164952,0.7402,TP
YOLO11n,Japan__Japan_012495,D40,0.4392,0.008931,0.4311,FP_localization
YOLO11n,Japan__Japan_012495,D20,0.3379,0.042798,0.0,FP_background
YOLO11n,Japan__Japan_012495,D20,0.3042,0.369948,0.4774,FP_localization
YOLO11n,Japan__Japan_012495,D20,0.3007,0.199492,0.8885,TP
YOLO11n,Japan__Japan_012495,D40,0.2669,0.001407,0.0,FP_background
YOLO11n,Japan__Japan_012505,D20,0.2718,0.61544,0.4695,FP_localization
YOLO11n,Japan__Japan_012509,D20,0.723,0.334889,0.8806,TP
YOLO11n,Japan__Japan_012536,D20,0.8019,0.200286,0.6581,TP
YOLO11n,Japan__Japan_012536,D10,0.4391,0.038824,0.4767,FP_localization
YOLO11n,Japan__Japan_012536,D10,0.3561,0.005321,0.0,FP_background
YOLO11n,Japan__Japan_012536,D10,0.2521,0.025541,0.3136,FP_localization
YOLO11n,Japan__Japan_012549,D20,0.6358,0.212587,0.5462,TP
YOLO11n,Japan__Japan_012549,D40,0.3857,0.002028,0.7921,TP
YOLO11n,Japan__Japan_012553,D20,0.7242,0.144897,0.4904,FP_localization
YOLO11n,Japan__Japan_012553,D20,0.7054,0.288019,0.94,TP
YOLO11n,Japan__Japan_012553,D20,0.2916,0.115955,0.3899,FP_localization
YOLO11n,Japan__Japan_012568,D20,0.2837,0.053884,0.56,TP
YOLO11n,Japan__Japan_012580,D20,0.3525,0.035935,0.8838,TP
YOLO11n,Japan__Japan_012580,D20,0.2317,0.020898,0.5976,FP_duplicate
YOLO11n,Japan__Japan_012600,D00,0.2472,0.022907,0.0,FP_background
YOLO11n,Japan__Japan_012607,D40,0.3304,0.001741,0.6877,TP
YOLO11n,Japan__Japan_012612,D20,0.6215,0.158172,0.584,TP
YOLO11n,Japan__Japan_012612,D20,0.4201,0.059145,0.2847,FP_localization
YOLO11n,Japan__Japan_012612,D20,0.3853,0.187804,0.8358,FP_duplicate
YOLO11n,Japan__Japan_012618,D20,0.5627,0.227195,0.8648,TP
YOLO11n,Japan__Japan_012622,D20,0.4935,0.035101,0.7237,TP
YOLO11n,Japan__Japan_012626,D20,0.5662,0.128125,0.8669,TP
YOLO11n,Japan__Japan_012628,D10,0.4989,0.02024,0.8516,TP
YOLO11n,Japan__Japan_012634,D10,0.2694,0.00494,0.3982,FP_localization
YOLO11n,Japan__Japan_012652,D10,0.2313,0.003217,0.0068,FP_background
YOLO11n,Japan__Japan_012661,D00,0.2984,0.021147,0.8559,FP_classification
YOLO11n,Japan__Japan_012661,D20,0.2674,0.130647,0.1553,FP_localization
YOLO11n,Japan__Japan_012661,D00,0.2529,0.003894,0.434,FP_localization
YOLO11n,Japan__Japan_012666,D00,0.4282,0.024394,0.4864,FP_localization
YOLO11n,Japan__Japan_012666,D00,0.2468,0.032038,0.1849,FP_background
YOLO11n,Japan__Japan_012666,D10,0.2404,0.008054,0.5402,TP
YOLO11n,Japan__Japan_012706,D20,0.7104,0.343845,0.9417,TP
YOLO11n,Japan__Japan_012727,D00,0.4967,0.028499,0.8305,TP
YOLO11n,Japan__Japan_012734,D40,0.6518,0.006434,0.771,TP
YOLO11n,Japan__Japan_012734,D20,0.574,0.301708,0.7443,TP
YOLO11n,Japan__Japan_012734,D40,0.3911,0.002587,0.774,TP
YOLO11n,Japan__Japan_012735,D20,0.722,0.151233,0.9499,TP
YOLO11n,Japan__Japan_012743,D00,0.4721,0.012291,0.6999,TP
YOLO11n,Japan__Japan_012743,D00,0.4017,0.002748,0.0,FP_background
YOLO11n,Japan__Japan_012743,D00,0.2738,0.005353,0.0752,FP_background
YOLO11n,Japan__Japan_012743,D00,0.2515,0.002465,0.3854,FP_localization
YOLO11n,Japan__Japan_012772,D00,0.3925,0.225949,0.0,FP_background
YOLO11n,Japan__Japan_012784,D00,0.4239,0.003609,0.6134,TP
YOLO11n,Japan__Japan_012784,D00,0.3425,0.003379,0.6857,TP
YOLO11n,Japan__Japan_012790,D10,0.2285,0.033335,0.0,FP_background
YOLO11n,Japan__Japan_012802,D10,0.2498,0.048334,0.0,FP_background
YOLO11n,Japan__Japan_012807,D20,0.4001,0.072152,0.3785,FP_localization
YOLO11n,Japan__Japan_012807,D40,0.3196,0.006836,0.046,FP_background
YOLO11n,Japan__Japan_012807,D20,0.2627,0.082167,0.6076,TP
YOLO11n,Japan__Japan_012807,D10,0.2506,0.00566,0.5846,TP
YOLO11n,Japan__Japan_012813,D20,0.338,0.031205,0.3095,FP_localization
YOLO11n,Japan__Japan_012813,D10,0.269,0.014577,0.735,TP
YOLO11n,Japan__Japan_012813,D20,0.2655,0.104255,0.8188,TP
YOLO11n,Japan__Japan_012829,D20,0.5905,0.086842,0.7434,TP
YOLO11n,Japan__Japan_012829,D20,0.4703,0.126386,0.5298,FP_duplicate
YOLO11n,Japan__Japan_012879,D20,0.5841,0.482735,0.0,FP_background
YOLO11n,Japan__Japan_012879,D20,0.2722,0.422565,0.0,FP_background
YOLO11n,Japan__Japan_012879,D10,0.2703,0.002345,0.0,FP_background
YOLO11n,Japan__Japan_012889,D10,0.3255,0.015008,0.639,TP
YOLO11n,Japan__Japan_012923,D20,0.4431,0.044193,0.5397,TP
YOLO11n,Japan__Japan_012923,D20,0.4186,0.068988,0.8431,FP_duplicate
YOLO11n,Japan__Japan_012929,D10,0.247,0.007184,0.0,FP_background
YOLO11n,Japan__Japan_012933,D20,0.7301,0.367468,0.8847,TP
YOLO11n,Japan__Japan_012940,D10,0.2648,0.018407,0.83,TP
YOLO11n,Japan__Japan_012947,D10,0.2892,0.005993,0.6784,TP
YOLO11n,Japan__Japan_012954,D10,0.3322,0.016664,0.5905,TP
YOLO11n,Japan__Japan_012954,D10,0.2906,0.023264,0.4622,FP_localization
YOLO11n,Japan__Japan_012957,D20,0.2793,0.112642,0.7196,TP
YOLO11n,Japan__Japan_012970,D00,0.6323,0.033964,0.782,TP
YOLO11n,Japan__Japan_012970,D00,0.5786,0.018214,0.131,FP_background
YOLO11n,Japan__Japan_012970,D20,0.5785,0.123377,0.5578,TP
YOLO11n,Japan__Japan_012970,D10,0.3188,0.014751,0.6398,TP
YOLO11n,Japan__Japan_012970,D10,0.3033,0.005208,0.7247,TP
YOLO11n,Japan__Japan_012970,D10,0.243,0.004193,0.0149,FP_background
YOLO11n,Japan__Japan_012975,D20,0.6257,0.213482,0.7687,TP
YOLO11n,Japan__Japan_012978,D00,0.5331,0.006662,0.6555,TP
YOLO11n,Japan__Japan_013005,D20,0.6126,0.243307,0.7931,TP
YOLO11n,Japan__Japan_013005,D00,0.4893,0.043619,0.3293,FP_localization
YOLO11n,Japan__Japan_013005,D00,0.4668,0.197883,0.6824,TP
YOLO11n,Japan__Japan_013005,D10,0.3908,0.021853,0.3013,FP_localization
YOLO11n,Japan__Japan_013005,D00,0.3556,0.048005,0.1627,FP_localization
YOLO11n,Japan__Japan_013005,D00,0.2583,0.10984,0.8324,TP
YOLO11n,Japan__Japan_013047,D00,0.4341,0.013532,0.8164,TP
YOLO11n,Japan__Japan_013047,D00,0.4338,0.019134,0.6256,FP_duplicate
YOLO11n,Japan__Japan_013058,D20,0.7363,0.261126,0.8441,TP
YOLO11n,Japan__Japan_013058,D20,0.3956,0.507456,0.4007,FP_localization
YOLO11n,Japan__Japan_013058,D20,0.2647,0.181543,0.7457,TP
YOLO11n,Japan__Japan_013092,D00,0.4895,0.039436,0.8316,TP
YOLO11n,Japan__Japan_013110,D20,0.5277,0.237083,0.9107,TP
YOLO11n,Japan__Japan_013132,D00,0.3099,0.055629,0.7489,FP_classification
YOLO11n,Norway__Norway_000044,D00,0.6293,0.080899,0.8238,FP_classification
YOLO11n,Norway__Norway_000044,D10,0.2435,0.077743,0.8548,TP
YOLO11n,Norway__Norway_000066,D00,0.7702,0.0848,0.8833,TP
YOLO11n,Norway__Norway_000088,D10,0.2422,0.005872,0.6472,TP
YOLO11n,Norway__Norway_000090,D00,0.516,0.002778,0.6949,TP
YOLO11n,Norway__Norway_000099,D00,0.4771,0.01261,0.9308,TP
YOLO11n,Norway__Norway_000099,D00,0.4644,0.001669,0.8203,TP
YOLO11n,Norway__Norway_000099,D00,0.4355,0.008328,0.6334,FP_duplicate
YOLO11n,Norway__Norway_000099,D00,0.2974,0.005911,0.7312,TP
YOLO11n,Norway__Norway_000099,D00,0.2846,0.001841,0.1396,FP_localization
YOLO11n,Norway__Norway_000099,D00,0.2346,0.004421,0.3363,FP_localization
YOLO11n,Norway__Norway_000103,D00,0.2323,0.001499,0.1999,FP_localization
YOLO11n,Norway__Norway_000149,D00,0.5314,0.006211,0.8468,TP
YOLO11n,Norway__Norway_000149,D00,0.4275,0.00696,0.3977,FP_localization
YOLO11n,Norway__Norway_000149,D00,0.4043,0.022272,0.768,TP
YOLO11n,Norway__Norway_000149,D00,0.2577,0.00427,0.5505,FP_duplicate
YOLO11n,Norway__Norway_000149,D00,0.2335,0.004247,0.5846,FP_duplicate
YOLO11n,Norway__Norway_000149,D00,0.2293,0.002442,0.1348,FP_localization
YOLO11n,Norway__Norway_000176,D00,0.7961,0.011386,0.8075,TP
YOLO11n,Norway__Norway_000176,D00,0.7855,0.021823,0.8881,TP
YOLO11n,Norway__Norway_000176,D00,0.512,0.033388,0.4805,FP_localization
YOLO11n,Norway__Norway_000176,D00,0.4764,0.002468,0.4653,FP_localization
YOLO11n,Norway__Norway_000176,D00,0.3227,0.05155,0.7335,TP
YOLO11n,Norway__Norway_000205,D00,0.365,0.001253,0.8387,TP
YOLO11n,Norway__Norway_000224,D00,0.2681,0.016485,0.0,FP_background
YOLO11n,Norway__Norway_000281,D10,0.5318,0.016289,0.7993,TP
YOLO11n,Norway__Norway_000285,D00,0.331,0.038598,0.0,FP_background
YOLO11n,Norway__Norway_000288,D00,0.6822,0.019206,0.8672,TP
YOLO11n,Norway__Norway_000351,D00,0.6494,0.026663,0.8516,TP
YOLO11n,Norway__Norway_000351,D00,0.306,0.00365,0.0,FP_background
YOLO11n,Norway__Norway_000351,D00,0.2797,0.021158,0.3101,FP_localization
YOLO11n,Norway__Norway_000416,D00,0.4062,0.001514,0.8151,TP
YOLO11n,Norway__Norway_000416,D00,0.4012,0.008692,0.1977,FP_localization
YOLO11n,Norway__Norway_000416,D00,0.335,0.00291,0.684,TP
YOLO11n,Norway__Norway_000416,D00,0.2661,0.00301,0.5707,FP_duplicate
YOLO11n,Norway__Norway_000416,D00,0.2514,0.004305,0.4978,FP_localization
YOLO11n,Norway__Norway_000498,D00,0.2836,0.052999,0.0,FP_background
YOLO11n,Norway__Norway_000509,D00,0.6692,0.010511,0.8056,TP
YOLO11n,Norway__Norway_000512,D00,0.5177,0.051451,0.1794,FP_localization
YOLO11n,Norway__Norway_000512,D00,0.2919,0.002775,0.5501,TP
YOLO11n,Norway__Norway_000512,D00,0.2778,0.001295,0.2113,FP_localization
YOLO11n,Norway__Norway_000597,D00,0.4962,0.006328,0.6466,TP
YOLO11n,Norway__Norway_000632,D00,0.2402,0.000943,0.8945,TP
YOLO11n,Norway__Norway_000678,D00,0.4064,0.000605,0.5272,TP
YOLO11n,Norway__Norway_000678,D20,0.384,0.025024,0.4828,FP_background
YOLO11n,Norway__Norway_000678,D00,0.2725,0.003354,0.7206,TP
YOLO11n,Norway__Norway_000678,D20,0.2558,0.0794,0.3791,FP_localization
YOLO11n,Norway__Norway_000702,D00,0.6671,0.002366,0.8418,TP
YOLO11n,Norway__Norway_000702,D00,0.443,0.005916,0.7424,TP
YOLO11n,Norway__Norway_000702,D00,0.3244,0.000754,0.2631,FP_localization
YOLO11n,Norway__Norway_000702,D00,0.2823,0.030992,0.7889,TP
YOLO11n,Norway__Norway_000702,D00,0.2674,0.003927,0.55,FP_duplicate
YOLO11n,Norway__Norway_000702,D00,0.2599,0.001244,0.3954,FP_localization
YOLO11n,Norway__Norway_000702,D00,0.2564,0.001474,0.2497,FP_localization
YOLO11n,Norway__Norway_000702,D00,0.2292,0.004264,0.6756,FP_duplicate
YOLO11n,Norway__Norway_000711,D00,0.2498,0.030636,0.0,FP_background
YOLO11n,Norway__Norway_000736,D00,0.4883,0.002435,0.6994,TP
YOLO11n,Norway__Norway_000746,D00,0.3666,0.000675,0.0,FP_background
YOLO11n,Norway__Norway_000759,D00,0.7079,0.050346,0.9073,TP
YOLO11n,Norway__Norway_000759,D00,0.7044,0.11985,0.8867,TP
YOLO11n,Norway__Norway_000759,D00,0.2488,0.042425,0.2967,FP_localization
YOLO11n,Norway__Norway_000787,D00,0.3077,0.052342,0.0,FP_background
YOLO11n,Norway__Norway_000831,D20,0.2816,0.023879,0.734,TP
YOLO11n,Norway__Norway_000853,D00,0.7681,0.008043,0.6727,TP
YOLO11n,Norway__Norway_000853,D00,0.6803,0.088183,0.7069,TP
YOLO11n,Norway__Norway_000853,D00,0.2806,0.063807,0.6046,FP_duplicate
YOLO11n,Norway__Norway_000853,D00,0.273,0.001355,0.0,FP_background
YOLO11n,Norway__Norway_000868,D00,0.2395,0.005778,0.3121,FP_localization
YOLO11n,Norway__Norway_000922,D10,0.452,0.052596,0.446,FP_localization
YOLO11n,Norway__Norway_000922,D00,0.4198,0.004165,0.3566,FP_localization
YOLO11n,Norway__Norway_000922,D00,0.3834,0.005536,0.0408,FP_background
YOLO11n,Norway__Norway_000922,D10,0.3367,0.027816,0.6187,TP
YOLO11n,Norway__Norway_000922,D10,0.3132,0.010064,0.7986,TP
YOLO11n,Norway__Norway_000922,D10,0.3127,0.046492,0.3228,FP_localization
YOLO11n,Norway__Norway_000922,D00,0.2844,0.000942,0.629,FP_classification
YOLO11n,Norway__Norway_000922,D00,0.2704,0.000481,0.4787,FP_localization
YOLO11n,Norway__Norway_000922,D10,0.2645,0.034912,0.7286,TP
YOLO11n,Norway__Norway_000922,D00,0.2622,0.002578,0.4955,FP_localization
YOLO11n,Norway__Norway_000922,D00,0.2353,0.002985,0.7109,TP
YOLO11n,Norway__Norway_000922,D00,0.2338,0.002835,0.1282,FP_background
YOLO11n,Norway__Norway_000943,D00,0.5504,0.002571,0.8095,TP
YOLO11n,Norway__Norway_000943,D00,0.342,0.011501,0.4021,FP_localization
YOLO11n,Norway__Norway_000943,D00,0.2478,0.034749,0.8231,TP
YOLO11n,Norway__Norway_000943,D00,0.244,0.020428,0.5631,FP_duplicate
YOLO11n,Norway__Norway_000947,D00,0.5033,0.016195,0.866,TP
YOLO11n,Norway__Norway_000963,D00,0.3547,0.017972,0.5889,TP
YOLO11n,Norway__Norway_000963,D00,0.2704,0.030039,0.1137,FP_localization
YOLO11n,Norway__Norway_000986,D00,0.4543,0.065214,0.9058,TP
YOLO11n,Norway__Norway_000989,D10,0.4329,0.027721,0.6499,TP
YOLO11n,Norway__Norway_001019,D00,0.7505,0.006638,0.8267,TP
YOLO11n,Norway__Norway_001019,D00,0.6139,0.003095,0.681,TP
YOLO11n,Norway__Norway_001019,D00,0.5406,0.008838,0.8974,TP
YOLO11n,Norway__Norway_001019,D00,0.5311,0.007543,0.4257,FP_localization
YOLO11n,Norway__Norway_001019,D00,0.5122,0.001751,0.7207,TP
YOLO11n,Norway__Norway_001019,D00,0.5036,0.010774,0.7627,TP
YOLO11n,Norway__Norway_001019,D20,0.4966,0.04437,0.8618,TP
YOLO11n,Norway__Norway_001019,D00,0.4697,0.006884,0.464,FP_localization
YOLO11n,Norway__Norway_001019,D00,0.3885,0.007023,0.4573,FP_localization
YOLO11n,Norway__Norway_001019,D00,0.3769,0.008576,0.6116,TP
YOLO11n,Norway__Norway_001019,D00,0.3682,0.001093,0.2971,FP_localization
YOLO11n,Norway__Norway_001019,D00,0.3476,0.011415,0.779,FP_duplicate
YOLO11n,Norway__Norway_001019,D00,0.318,0.002922,0.7846,FP_duplicate
YOLO11n,Norway__Norway_001019,D00,0.2969,0.003264,0.224,FP_localization
YOLO11n,Norway__Norway_001019,D00,0.2944,0.006263,0.4323,FP_localization
YOLO11n,Norway__Norway_001019,D00,0.2854,0.00126,0.0758,FP_background
YOLO11n,Norway__Norway_001019,D00,0.283,0.009949,0.3931,FP_localization
YOLO11n,Norway__Norway_001019,D00,0.2709,0.000611,0.4675,FP_localization
YOLO11n,Norway__Norway_001019,D00,0.27,0.002928,0.444,FP_localization
YOLO11n,Norway__Norway_001019,D00,0.2626,0.001123,0.1339,FP_localization
YOLO11n,Norway__Norway_001019,D00,0.261,0.000651,0.6643,TP
YOLO11n,Norway__Norway_001019,D00,0.2563,0.006599,0.0,FP_background
YOLO11n,Norway__Norway_001019,D00,0.2502,0.004743,0.3792,FP_localization
YOLO11n,Norway__Norway_001019,D00,0.2499,0.004794,0.4738,FP_localization
YOLO11n,Norway__Norway_001019,D00,0.2445,0.001877,0.432,FP_localization
YOLO11n,Norway__Norway_001053,D00,0.4581,0.000653,0.622,TP
YOLO11n,Norway__Norway_001053,D00,0.3068,0.000927,0.4427,FP_localization
YOLO11n,Norway__Norway_001058,D00,0.537,0.073828,0.2706,FP_localization
YOLO11n,Norway__Norway_001058,D00,0.3808,0.002026,0.7426,TP
YOLO11n,Norway__Norway_001058,D00,0.2803,0.047527,0.2576,FP_localization
YOLO11n,Norway__Norway_001058,D00,0.2402,0.022713,0.8745,TP
YOLO11n,Norway__Norway_001080,D00,0.6478,0.014303,0.7046,TP
YOLO11n,Norway__Norway_001080,D00,0.6057,0.014228,0.8161,TP
YOLO11n,Norway__Norway_001080,D00,0.5052,0.0176,0.3641,FP_localization
YOLO11n,Norway__Norway_001080,D00,0.4868,0.000741,0.0,FP_background
YOLO11n,Norway__Norway_001080,D00,0.4402,0.008248,0.7432,TP
YOLO11n,Norway__Norway_001080,D00,0.3371,0.016465,0.2505,FP_localization
YOLO11n,Norway__Norway_001080,D00,0.3233,0.008406,0.5457,TP
YOLO11n,Norway__Norway_001080,D00,0.323,0.020604,0.4879,FP_localization
YOLO11n,Norway__Norway_001080,D00,0.3191,0.007967,0.8043,TP
YOLO11n,Norway__Norway_001080,D00,0.2437,0.008783,0.4697,FP_localization
YOLO11n,Norway__Norway_001080,D00,0.2311,0.022575,0.297,FP_localization
YOLO11n,Norway__Norway_001083,D00,0.4395,0.002044,0.4932,FP_localization
YOLO11n,Norway__Norway_001083,D00,0.4286,0.003093,0.6535,TP
YOLO11n,Norway__Norway_001106,D00,0.2561,0.000584,0.0,FP_background
YOLO11n,Norway__Norway_001142,D00,0.429,0.062633,0.5569,TP
YOLO11n,Norway__Norway_001142,D00,0.3662,0.002929,0.6869,TP
YOLO11n,Norway__Norway_001188,D00,0.7459,0.018484,0.7864,TP
YOLO11n,Norway__Norway_001197,D00,0.444,0.00594,0.5383,TP
YOLO11n,Norway__Norway_001197,D10,0.3018,0.026633,0.402,FP_localization
YOLO11n,Norway__Norway_001197,D10,0.3006,0.006878,0.1038,FP_localization
YOLO11n,Norway__Norway_001232,D10,0.2986,0.029726,0.2221,FP_localization
YOLO11n,Norway__Norway_001279,D00,0.5006,0.003318,0.7748,FP_classification
YOLO11n,Norway__Norway_001279,D00,0.4258,0.008825,0.1139,FP_background
YOLO11n,Norway__Norway_001279,D00,0.2691,0.000718,0.0,FP_background
YOLO11n,Norway__Norway_001332,D00,0.3653,0.000953,0.8607,TP
YOLO11n,Norway__Norway_001332,D00,0.3215,0.000854,0.7245,TP
YOLO11n,Norway__Norway_001340,D00,0.4729,0.002897,0.7263,TP
YOLO11n,Norway__Norway_001343,D00,0.5257,0.008902,0.8758,TP
YOLO11n,Norway__Norway_001343,D00,0.3094,0.001543,0.8111,TP
YOLO11n,Norway__Norway_001348,D00,0.6511,0.02741,0.867,TP
YOLO11n,Norway__Norway_001348,D00,0.6397,0.020989,0.5334,TP
YOLO11n,Norway__Norway_001348,D00,0.5281,0.005952,0.5763,TP
YOLO11n,Norway__Norway_001348,D00,0.4598,0.007126,0.8114,FP_duplicate
YOLO11n,Norway__Norway_001348,D00,0.258,0.007615,0.7511,TP
YOLO11n,Norway__Norway_001348,D00,0.2527,0.008789,0.3303,FP_localization
YOLO11n,Norway__Norway_001348,D00,0.2507,0.004501,0.1788,FP_localization
YOLO11n,Norway__Norway_001348,D20,0.241,0.017365,0.2407,FP_background
YOLO11n,Norway__Norway_001348,D00,0.2286,0.005401,0.7217,FP_duplicate
YOLO11n,Norway__Norway_001425,D00,0.3877,0.025503,0.168,FP_localization
YOLO11n,Norway__Norway_001440,D10,0.3117,0.009159,0.7403,TP
YOLO11n,Norway__Norway_001440,D10,0.2475,0.012026,0.5169,FP_duplicate
YOLO11n,Norway__Norway_001468,D00,0.7465,0.073524,0.7391,TP
YOLO11n,Norway__Norway_001468,D00,0.2352,0.000556,0.0043,FP_background
YOLO11n,Norway__Norway_001494,D00,0.769,0.013779,0.8186,TP
YOLO11n,Norway__Norway_001494,D00,0.3531,0.001199,0.5235,TP
YOLO11n,Norway__Norway_001494,D00,0.3015,0.002668,0.6518,TP
YOLO11n,Norway__Norway_001494,D00,0.2872,0.006174,0.7303,TP
YOLO11n,Norway__Norway_001525,D00,0.7081,0.035677,0.8951,TP
YOLO11n,Norway__Norway_001525,D00,0.3688,0.002859,0.5828,TP
YOLO11n,Norway__Norway_001530,D00,0.3772,0.002096,0.6265,TP
YOLO11n,Norway__Norway_001530,D00,0.3197,0.02226,0.0897,FP_background
YOLO11n,Norway__Norway_001530,D00,0.2983,0.039948,0.0,FP_background
YOLO11n,Norway__Norway_001530,D10,0.294,0.002899,0.3865,FP_localization
YOLO11n,Norway__Norway_001530,D00,0.2485,0.002265,0.5606,FP_duplicate
YOLO11n,Norway__Norway_001530,D00,0.2344,0.010103,0.0,FP_background
YOLO11n,Norway__Norway_001530,D00,0.2317,0.027603,0.0,FP_background
YOLO11n,Norway__Norway_001643,D00,0.2765,0.001062,0.5738,TP
YOLO11n,Norway__Norway_001675,D00,0.5979,0.00625,0.733,TP
YOLO11n,Norway__Norway_001675,D00,0.3273,0.0025,0.8179,TP
YOLO11n,Norway__Norway_001675,D00,0.272,0.001752,0.7785,FP_duplicate
YOLO11n,Norway__Norway_001675,D00,0.2463,0.001212,0.5093,FP_duplicate
YOLO11n,Norway__Norway_001680,D00,0.2855,0.004554,0.0996,FP_background
YOLO11n,Norway__Norway_001680,D00,0.2623,0.005162,0.6172,TP
YOLO11n,Norway__Norway_001688,D00,0.4351,0.002012,0.7026,TP
YOLO11n,Norway__Norway_001694,D00,0.6173,0.004938,0.7701,TP
YOLO11n,Norway__Norway_001705,D00,0.6281,0.014698,0.781,TP
YOLO11n,Norway__Norway_001726,D00,0.4605,0.009696,0.5442,TP
YOLO11n,Norway__Norway_001726,D00,0.3271,0.001801,0.6823,TP
YOLO11n,Norway__Norway_001726,D00,0.2793,0.063179,0.5885,TP
YOLO11n,Norway__Norway_001726,D00,0.2747,0.006405,0.8238,FP_duplicate
YOLO11n,Norway__Norway_001740,D00,0.2427,0.043373,0.6018,TP
YOLO11n,Norway__Norway_001751,D00,0.3027,0.062875,0.0,FP_background
YOLO11n,Norway__Norway_001770,D40,0.2936,0.001941,0.7585,TP
YOLO11n,Norway__Norway_001770,D40,0.2596,0.002931,0.6705,FP_duplicate
YOLO11n,Norway__Norway_001847,D00,0.4432,0.001818,0.7519,TP
YOLO11n,Norway__Norway_001872,D00,0.2616,0.074455,0.0,FP_background
YOLO11n,Norway__Norway_001935,D00,0.8016,0.052632,0.9173,TP
YOLO11n,Norway__Norway_001935,D00,0.5993,0.006784,0.8464,TP
YOLO11n,Norway__Norway_001935,D00,0.4944,0.033549,0.5571,TP
YOLO11n,Norway__Norway_001935,D00,0.376,0.008035,0.5524,TP
YOLO11n,Norway__Norway_001936,D00,0.7538,0.003279,0.78,TP
YOLO11n,Norway__Norway_001941,D00,0.4111,0.007416,0.3233,FP_localization
YOLO11n,Norway__Norway_001979,D00,0.637,0.004581,0.8531,TP
YOLO11n,Norway__Norway_001979,D00,0.5159,0.014831,0.9085,TP
YOLO11n,Norway__Norway_001979,D10,0.4244,0.008739,0.4331,FP_localization
YOLO11n,Norway__Norway_001979,D00,0.4232,0.003932,0.3892,FP_localization
YOLO11n,Norway__Norway_001979,D00,0.3784,0.013476,0.8063,TP
YOLO11n,Norway__Norway_001979,D00,0.2921,0.002472,0.4753,FP_localization
YOLO11n,Norway__Norway_001979,D10,0.2909,0.013267,0.5691,TP
YOLO11n,Norway__Norway_001979,D10,0.278,0.013564,0.6148,TP
YOLO11n,Norway__Norway_001979,D00,0.2722,0.003645,0.5814,TP
YOLO11n,Norway__Norway_001979,D00,0.2712,0.022182,0.3939,FP_localization
YOLO11n,Norway__Norway_001979,D00,0.2651,0.015798,0.553,TP
YOLO11n,Norway__Norway_001979,D00,0.2578,0.027333,0.6105,TP
YOLO11n,Norway__Norway_001979,D00,0.2499,0.010433,0.814,FP_duplicate
YOLO11n,Norway__Norway_001979,D00,0.2301,0.034397,0.3842,FP_localization
YOLO11n,Norway__Norway_001979,D00,0.2284,0.010429,0.3842,FP_localization
YOLO11n,Norway__Norway_001996,D00,0.5466,0.063473,0.2514,FP_localization
YOLO11n,Norway__Norway_002025,D00,0.5365,0.003012,0.5745,TP
YOLO11n,Norway__Norway_002039,D00,0.6751,0.008375,0.8297,TP
YOLO11n,Norway__Norway_002039,D00,0.6207,0.010948,0.1542,FP_background
YOLO11n,Norway__Norway_002039,D00,0.5588,0.006291,0.1012,FP_background
YOLO11n,Norway__Norway_002039,D00,0.4438,0.003838,0.0607,FP_background
YOLO11n,Norway__Norway_002039,D00,0.3557,0.018441,0.3073,FP_background
YOLO11n,Norway__Norway_002039,D00,0.3441,0.001829,0.7786,TP
YOLO11n,Norway__Norway_002039,D00,0.3294,0.005555,0.089,FP_background
YOLO11n,Norway__Norway_002039,D00,0.3144,0.010546,0.1705,FP_background
YOLO11n,Norway__Norway_002039,D00,0.3134,0.002691,0.0422,FP_background
YOLO11n,Norway__Norway_002039,D00,0.2972,0.001275,0.0212,FP_background
YOLO11n,Norway__Norway_002039,D00,0.2748,0.002651,0.0442,FP_background
YOLO11n,Norway__Norway_002039,D00,0.269,0.004138,0.0654,FP_background
YOLO11n,Norway__Norway_002039,D00,0.2354,0.00781,0.1284,FP_background
YOLO11n,Norway__Norway_002054,D10,0.5278,0.024074,0.6262,TP
YOLO11n,Norway__Norway_002160,D00,0.2958,0.00581,0.0,FP_background
YOLO11n,Norway__Norway_002160,D00,0.2512,0.008544,0.0,FP_background
YOLO11n,Norway__Norway_002169,D00,0.6344,0.038546,0.6813,TP
YOLO11n,Norway__Norway_002198,D00,0.7874,0.022828,0.8461,TP
YOLO11n,Norway__Norway_002198,D00,0.4382,0.001586,0.7285,TP
YOLO11n,Norway__Norway_002198,D00,0.3158,0.030939,0.2118,FP_localization
YOLO11n,Norway__Norway_002226,D00,0.5594,0.029295,0.87,TP
YOLO11n,Norway__Norway_002240,D00,0.3758,0.066793,0.1471,FP_localization
YOLO11n,Norway__Norway_002240,D10,0.2792,0.006106,0.6282,TP
YOLO11n,Norway__Norway_002281,D00,0.608,0.007272,0.8683,TP
YOLO11n,Norway__Norway_002281,D00,0.2475,0.00122,0.286,FP_localization
YOLO11n,Norway__Norway_002407,D00,0.6551,0.013693,0.6093,TP
YOLO11n,Norway__Norway_002417,D00,0.6454,0.006443,0.6842,TP
YOLO11n,Norway__Norway_002463,D00,0.3003,0.00893,0.6271,TP
YOLO11n,Norway__Norway_002485,D00,0.4835,0.023696,0.8558,TP
YOLO11n,Norway__Norway_002493,D00,0.4101,0.002567,0.0,FP_background
YOLO11n,Norway__Norway_002515,D00,0.5593,0.054872,0.4059,FP_localization
YOLO11n,Norway__Norway_002515,D00,0.4623,0.06487,0.923,TP
YOLO11n,Norway__Norway_002542,D00,0.4909,0.02827,0.5624,TP
YOLO11n,Norway__Norway_002624,D00,0.6759,0.015174,0.8735,TP
YOLO11n,Norway__Norway_002636,D20,0.4191,0.035037,0.0,FP_background
YOLO11n,Norway__Norway_002641,D00,0.4576,0.003348,0.6512,TP
YOLO11n,Norway__Norway_002641,D00,0.4414,0.005177,0.6929,FP_duplicate
YOLO11n,Norway__Norway_002641,D00,0.3292,0.027704,0.0,FP_background
YOLO11n,Norway__Norway_002641,D00,0.2342,0.009756,0.0,FP_background
YOLO11n,Norway__Norway_002681,D00,0.3043,0.006815,0.6015,TP
YOLO11n,Norway__Norway_002681,D20,0.3,0.051136,0.7702,TP
YOLO11n,Norway__Norway_002681,D00,0.2933,0.006671,0.0975,FP_background
YOLO11n,Norway__Norway_002681,D00,0.2735,0.003597,0.3256,FP_localization
YOLO11n,Norway__Norway_002681,D00,0.2407,0.04421,0.7259,FP_classification
YOLO11n,Norway__Norway_002681,D00,0.2347,0.0287,0.4633,FP_background
YOLO11n,Norway__Norway_002681,D00,0.2337,0.000924,0.0152,FP_background
YOLO11n,Norway__Norway_002683,D10,0.2549,0.013203,0.6798,TP
YOLO11n,Norway__Norway_002724,D00,0.3652,0.045825,0.0989,FP_background
YOLO11n,Norway__Norway_002755,D20,0.7291,0.02818,0.7289,TP
YOLO11n,Norway__Norway_002755,D00,0.4083,0.04046,0.8946,TP
YOLO11n,Norway__Norway_002755,D00,0.3185,0.036284,0.2696,FP_localization
YOLO11n,Norway__Norway_002755,D00,0.264,0.009353,0.334,FP_localization
YOLO11n,Norway__Norway_002755,D00,0.2493,0.013716,0.2814,FP_localization
YOLO11n,Norway__Norway_002755,D00,0.2463,0.009027,0.1865,FP_localization
YOLO11n,Norway__Norway_002768,D10,0.2899,0.013815,0.6021,TP
YOLO11n,Norway__Norway_002853,D00,0.7876,0.017977,0.9372,TP
YOLO11n,Norway__Norway_002853,D00,0.3866,0.00722,0.3202,FP_localization
YOLO11n,Norway__Norway_002853,D00,0.2722,0.010131,0.2304,FP_localization
YOLO11n,Norway__Norway_002947,D00,0.6471,0.012761,0.7516,TP
YOLO11n,Norway__Norway_002947,D00,0.3999,0.002692,0.1646,FP_localization
YOLO11n,Norway__Norway_002947,D00,0.3165,0.003346,0.1818,FP_localization
YOLO11n,Norway__Norway_002947,D00,0.3011,0.000683,0.0314,FP_background
YOLO11n,Norway__Norway_002947,D00,0.299,0.001341,0.0688,FP_background
YOLO11n,Norway__Norway_002992,D00,0.6358,0.019613,0.7319,TP
YOLO11n,Norway__Norway_002992,D00,0.5632,0.104848,0.7256,TP
YOLO11n,Norway__Norway_002992,D00,0.3649,0.025314,0.7086,TP
YOLO11n,Norway__Norway_003004,D00,0.7637,0.012666,0.8877,TP
YOLO11n,Norway__Norway_003004,D00,0.6424,0.016027,0.6741,TP
YOLO11n,Norway__Norway_003004,D00,0.4249,0.007045,0.6549,TP
YOLO11n,Norway__Norway_003036,D00,0.3084,0.009621,0.0,FP_background
YOLO11n,Norway__Norway_003101,D00,0.4532,0.002474,0.4401,FP_localization
YOLO11n,Norway__Norway_003101,D00,0.4306,0.00861,0.7185,TP
YOLO11n,Norway__Norway_003101,D10,0.4203,0.015819,0.8237,TP
YOLO11n,Norway__Norway_003101,D00,0.4037,0.016851,0.7801,TP
YOLO11n,Norway__Norway_003101,D00,0.2605,0.038669,0.281,FP_localization
YOLO11n,Norway__Norway_003101,D00,0.2549,0.026677,0.4073,FP_localization
YOLO11n,Norway__Norway_003101,D00,0.2436,0.003723,0.644,TP
YOLO11n,Norway__Norway_003101,D10,0.2303,0.011808,0.6372,FP_duplicate
YOLO11n,Norway__Norway_003122,D00,0.6494,0.006179,0.8479,TP
YOLO11n,Norway__Norway_003122,D00,0.5684,0.002949,0.2338,FP_localization
YOLO11n,Norway__Norway_003122,D00,0.3403,0.002432,0.7489,TP
YOLO11n,Norway__Norway_003122,D00,0.3265,0.002602,0.1623,FP_localization
YOLO11n,Norway__Norway_003122,D00,0.2652,0.002819,0.2083,FP_localization
YOLO11n,Norway__Norway_003122,D00,0.265,0.000562,0.5731,TP
YOLO11n,Norway__Norway_003122,D00,0.2473,0.000573,0.5118,FP_duplicate
YOLO11n,Norway__Norway_003138,D00,0.4649,0.031527,0.7676,TP
YOLO11n,Norway__Norway_003138,D10,0.2489,0.028096,0.6012,FP_classification
YOLO11n,Norway__Norway_003138,D10,0.2439,0.010814,0.4142,FP_background
YOLO11n,Norway__Norway_003192,D00,0.3772,0.028256,0.7985,TP
YOLO11n,Norway__Norway_003195,D10,0.2657,0.032656,0.6653,TP
YOLO11n,Norway__Norway_003295,D00,0.3005,0.002092,0.6388,TP
YOLO11n,Norway__Norway_003348,D00,0.5744,0.070601,0.7792,TP
YOLO11n,Norway__Norway_003348,D00,0.3363,0.007101,0.0944,FP_background
YOLO11n,Norway__Norway_003359,D00,0.3624,0.001711,0.6461,TP
YOLO11n,Norway__Norway_003359,D00,0.2931,0.002484,0.8614,FP_duplicate
YOLO11n,Norway__Norway_003446,D00,0.6143,0.019303,0.8448,TP
YOLO11n,Norway__Norway_003446,D00,0.5872,0.01722,0.922,TP
YOLO11n,Norway__Norway_003446,D00,0.3133,0.014207,0.5876,FP_duplicate
YOLO11n,Norway__Norway_003448,D00,0.2313,0.001696,0.4959,FP_localization
YOLO11n,Norway__Norway_003480,D10,0.5376,0.006409,0.0,FP_background
YOLO11n,Norway__Norway_003503,D00,0.5667,0.004884,0.7155,TP
YOLO11n,Norway__Norway_003542,D00,0.4022,0.004439,0.5444,TP
YOLO11n,Norway__Norway_003542,D10,0.2982,0.005336,0.4381,FP_localization
YOLO11n,Norway__Norway_003558,D00,0.5368,0.011593,0.8394,TP
YOLO11n,Norway__Norway_003558,D00,0.274,0.004123,0.7337,TP
YOLO11n,Norway__Norway_003609,D00,0.3504,0.042772,0.0,FP_background
YOLO11n,Norway__Norway_003617,D00,0.2643,0.002539,0.0,FP_background
YOLO11n,Norway__Norway_003641,D20,0.4072,0.023428,0.7702,FP_classification
YOLO11n,Norway__Norway_003728,D00,0.3045,0.023985,0.0,FP_background
YOLO11n,Norway__Norway_003730,D00,0.7466,0.026576,0.8771,TP
YOLO11n,Norway__Norway_003730,D00,0.7185,0.00715,0.7044,TP
YOLO11n,Norway__Norway_003730,D00,0.6502,0.002645,0.5842,TP
YOLO11n,Norway__Norway_003730,D00,0.5136,0.006145,0.7688,TP
YOLO11n,Norway__Norway_003730,D00,0.3998,0.039562,0.6981,TP
YOLO11n,Norway__Norway_003730,D00,0.3712,0.001168,0.3403,FP_localization
YOLO11n,Norway__Norway_003730,D00,0.3676,0.011398,0.6228,FP_duplicate
YOLO11n,Norway__Norway_003730,D00,0.2943,0.00478,0.1963,FP_localization
YOLO11n,Norway__Norway_003730,D00,0.2859,0.004812,0.4672,FP_localization
YOLO11n,Norway__Norway_003730,D00,0.2294,0.043877,0.5806,FP_duplicate
YOLO11n,Norway__Norway_003776,D10,0.2308,0.006455,0.2074,FP_localization
YOLO11n,Norway__Norway_003836,D00,0.3772,0.034805,0.6546,TP
YOLO11n,Norway__Norway_003836,D00,0.3048,0.053365,0.8571,FP_duplicate
YOLO11n,Norway__Norway_003856,D10,0.4777,0.037357,0.6391,TP
YOLO11n,Norway__Norway_003856,D00,0.2859,0.051102,0.1204,FP_background
YOLO11n,Norway__Norway_003856,D10,0.2302,0.047757,0.9201,FP_duplicate
YOLO11n,Norway__Norway_003922,D00,0.7094,0.015755,0.7825,TP
YOLO11n,Norway__Norway_004008,D00,0.4651,0.051009,0.0,FP_background
YOLO11n,Norway__Norway_004008,D10,0.2423,0.006981,0.0,FP_background
YOLO11n,Norway__Norway_004032,D00,0.2394,0.006145,0.8041,TP
YOLO11n,Norway__Norway_004046,D00,0.6618,0.075359,0.8416,TP
YOLO11n,Norway__Norway_004046,D00,0.6581,0.011362,0.9081,TP
YOLO11n,Norway__Norway_004046,D00,0.2724,0.000885,0.4345,FP_localization
YOLO11n,Norway__Norway_004046,D00,0.2675,0.001385,0.4601,FP_localization
YOLO11n,Norway__Norway_004046,D00,0.2479,0.00185,0.3239,FP_localization
YOLO11n,Norway__Norway_004095,D00,0.7499,0.035433,0.9435,TP
YOLO11n,Norway__Norway_004118,D10,0.5199,0.010207,0.673,TP
YOLO11n,Norway__Norway_004118,D00,0.4073,0.015495,0.8291,TP
YOLO11n,Norway__Norway_004118,D00,0.3146,0.013899,0.4739,FP_localization
YOLO11n,Norway__Norway_004118,D00,0.2403,0.001341,0.1268,FP_background
YOLO11n,Norway__Norway_004118,D00,0.2285,0.009355,0.599,TP
YOLO11n,Norway__Norway_004196,D00,0.5662,0.005308,0.6564,TP
YOLO11n,Norway__Norway_004196,D00,0.3692,0.009484,0.5886,FP_duplicate
YOLO11n,Norway__Norway_004196,D00,0.355,0.020932,0.3933,FP_localization
YOLO11n,Norway__Norway_004196,D00,0.2868,0.000703,0.0758,FP_background
YOLO11n,Norway__Norway_004196,D00,0.2525,0.00334,0.4359,FP_localization
YOLO11n,Norway__Norway_004242,D00,0.5793,0.001835,0.677,TP
YOLO11n,Norway__Norway_004242,D00,0.4889,0.004899,0.5874,TP
YOLO11n,Norway__Norway_004242,D00,0.3235,0.009488,0.606,TP
YOLO11n,Norway__Norway_004294,D00,0.4543,0.031942,0.3713,FP_localization
YOLO11n,Norway__Norway_004302,D00,0.5095,0.016786,0.7159,TP
YOLO11n,Norway__Norway_004302,D00,0.408,0.000766,0.7123,TP
YOLO11n,Norway__Norway_004302,D00,0.3331,0.021166,0.7715,FP_duplicate
YOLO11n,Norway__Norway_004302,D00,0.255,0.011744,0.5307,FP_duplicate
YOLO11n,Norway__Norway_004376,D00,0.5862,0.007903,0.8726,TP
YOLO11n,Norway__Norway_004394,D00,0.2951,0.006212,0.7268,TP
YOLO11n,Norway__Norway_004394,D00,0.2306,0.004398,0.86,FP_duplicate
YOLO11n,Norway__Norway_004453,D00,0.4885,0.006326,0.5439,TP
YOLO11n,Norway__Norway_004469,D00,0.4289,0.034647,0.0,FP_background
YOLO11n,Norway__Norway_004502,D00,0.4318,0.057503,0.6024,TP
YOLO11n,Norway__Norway_004502,D00,0.4011,0.076803,0.8046,FP_duplicate
YOLO11n,Norway__Norway_004531,D00,0.3098,0.019636,0.0,FP_background
YOLO11n,Norway__Norway_004552,D40,0.3095,0.000723,0.7547,TP
YOLO11n,Norway__Norway_004559,D10,0.3561,0.009512,0.0,FP_background
YOLO11n,Norway__Norway_004561,D00,0.3631,0.002225,0.6814,TP
YOLO11n,Norway__Norway_004619,D10,0.2364,0.004596,0.0663,FP_background
YOLO11n,Norway__Norway_004638,D00,0.4686,0.042126,0.6722,TP
YOLO11n,Norway__Norway_004638,D10,0.3003,0.014889,0.0425,FP_background
YOLO11n,Norway__Norway_004638,D00,0.2956,0.02823,0.9598,FP_duplicate
YOLO11n,Norway__Norway_004640,D10,0.4708,0.026842,0.4981,FP_localization
YOLO11n,Norway__Norway_004640,D10,0.2359,0.039787,0.4263,FP_localization
YOLO11n,Norway__Norway_004657,D00,0.6798,0.031896,0.7694,TP
YOLO11n,Norway__Norway_004674,D00,0.8335,0.023676,0.9366,TP
YOLO11n,Norway__Norway_004674,D20,0.4961,0.006968,0.6111,TP
YOLO11n,Norway__Norway_004674,D20,0.2855,0.012015,0.6802,FP_duplicate
YOLO11n,Norway__Norway_004674,D00,0.2591,0.012171,0.0,FP_background
YOLO11n,Norway__Norway_004674,D00,0.2363,0.04745,0.1277,FP_localization
YOLO11n,Norway__Norway_004679,D00,0.3786,0.013059,0.7615,TP
YOLO11n,Norway__Norway_004679,D00,0.2946,0.002011,0.4966,FP_localization
YOLO11n,Norway__Norway_004679,D00,0.2753,0.001229,0.5114,TP
YOLO11n,Norway__Norway_004679,D00,0.2344,0.000568,0.288,FP_localization
YOLO11n,Norway__Norway_004679,D00,0.2299,0.002816,0.2746,FP_localization
YOLO11n,Norway__Norway_004693,D10,0.2434,0.029612,0.88,TP
YOLO11n,Norway__Norway_004743,D20,0.7939,0.033205,0.0,FP_background
YOLO11n,Norway__Norway_004755,D10,0.3967,0.097217,0.5895,FP_classification
YOLO11n,Norway__Norway_004755,D00,0.3245,0.003027,0.5579,TP
YOLO11n,Norway__Norway_004755,D00,0.2649,0.101096,0.5739,TP
YOLO11n,Norway__Norway_004771,D00,0.3047,0.007231,0.5721,TP
YOLO11n,Norway__Norway_004771,D00,0.2606,0.015925,0.7558,FP_duplicate
YOLO11n,Norway__Norway_004854,D00,0.7605,0.024463,0.5216,TP
YOLO11n,Norway__Norway_004854,D00,0.4911,0.034578,0.7412,FP_duplicate
YOLO11n,Norway__Norway_004854,D00,0.2581,0.000746,0.3545,FP_localization
YOLO11n,Norway__Norway_004854,D00,0.2452,0.00106,0.5233,TP
YOLO11n,Norway__Norway_004878,D00,0.2895,0.011901,0.897,TP
YOLO11n,Norway__Norway_004881,D00,0.3557,0.011725,0.3381,FP_background
YOLO11n,Norway__Norway_004892,D10,0.4089,0.011072,0.3894,FP_localization
YOLO11n,Norway__Norway_004928,D00,0.2339,0.000693,0.5454,TP
YOLO11n,Norway__Norway_004931,D00,0.6678,0.027923,0.7967,TP
YOLO11n,Norway__Norway_004931,D00,0.565,0.004878,0.8406,TP
YOLO11n,Norway__Norway_004931,D00,0.5648,0.006122,0.669,TP
YOLO11n,Norway__Norway_004931,D00,0.4048,0.000899,0.3682,FP_localization
YOLO11n,Norway__Norway_004931,D00,0.2936,0.002605,0.3966,FP_localization
YOLO11n,Norway__Norway_004931,D10,0.2636,0.003793,0.0888,FP_background
YOLO11n,Norway__Norway_004931,D00,0.2516,0.003083,0.6297,FP_duplicate
YOLO11n,Norway__Norway_004931,D00,0.2513,0.000827,0.5007,TP
YOLO11n,Norway__Norway_004931,D00,0.2308,0.00859,0.3336,FP_localization
YOLO11n,Norway__Norway_004940,D00,0.489,0.021442,0.2605,FP_localization
YOLO11n,Norway__Norway_004940,D00,0.3129,0.001601,0.5961,TP
YOLO11n,Norway__Norway_004940,D00,0.284,0.006199,0.8184,TP
YOLO11n,Norway__Norway_004954,D00,0.5208,0.009484,0.762,TP
YOLO11n,Norway__Norway_004954,D00,0.4357,0.019684,0.845,TP
YOLO11n,Norway__Norway_004954,D00,0.2349,0.032665,0.7692,TP
YOLO11n,Norway__Norway_004969,D00,0.8059,0.035138,0.8717,TP
YOLO11n,Norway__Norway_004969,D00,0.2512,0.000542,0.8015,TP
YOLO11n,Norway__Norway_005032,D00,0.5568,0.000947,0.6833,TP
YOLO11n,Norway__Norway_005044,D00,0.545,0.00173,0.6009,TP
YOLO11n,Norway__Norway_005075,D00,0.2602,0.070338,0.268,FP_localization
YOLO11n,Norway__Norway_005108,D20,0.5512,0.057386,0.2878,FP_background
YOLO11n,Norway__Norway_005168,D00,0.243,0.003555,0.4612,FP_localization
YOLO11n,Norway__Norway_005197,D00,0.6347,0.029525,0.7886,TP
YOLO11n,Norway__Norway_005197,D00,0.3626,0.026929,0.0,FP_background
YOLO11n,Norway__Norway_005238,D00,0.4836,0.003969,0.8683,TP
YOLO11n,Norway__Norway_005238,D00,0.4363,0.00632,0.8074,TP
YOLO11n,Norway__Norway_005238,D00,0.424,0.0047,0.313,FP_localization
YOLO11n,Norway__Norway_005238,D10,0.4091,0.006909,0.4419,FP_localization
YOLO11n,Norway__Norway_005238,D00,0.4012,0.009404,0.7315,FP_duplicate
YOLO11n,Norway__Norway_005238,D00,0.3299,0.002603,0.5653,TP
YOLO11n,Norway__Norway_005238,D00,0.3174,0.005754,0.5903,TP
YOLO11n,Norway__Norway_005238,D00,0.2612,0.006335,0.6511,FP_duplicate
YOLO11n,Norway__Norway_005242,D20,0.5839,0.125621,0.5566,TP
YOLO11n,Norway__Norway_005242,D00,0.2334,0.005733,0.6871,TP
YOLO11n,Norway__Norway_005254,D00,0.3326,0.00731,0.0,FP_background
YOLO11n,Norway__Norway_005262,D00,0.271,0.021489,0.0,FP_background
YOLO11n,Norway__Norway_005274,D00,0.5451,0.016137,0.3052,FP_localization
YOLO11n,Norway__Norway_005274,D00,0.4362,0.001425,0.688,TP
YOLO11n,Norway__Norway_005274,D00,0.2957,0.011963,0.4513,FP_localization
YOLO11n,Norway__Norway_005363,D10,0.2504,0.020456,0.5998,TP
YOLO11n,Norway__Norway_005443,D00,0.2445,0.006686,0.6218,TP
YOLO11n,Norway__Norway_005445,D10,0.2439,0.03008,0.6013,TP
YOLO11n,Norway__Norway_005473,D00,0.2314,0.040525,0.4872,FP_localization
YOLO11n,Norway__Norway_005525,D00,0.26,0.002815,0.747,TP
YOLO11n,Norway__Norway_005553,D00,0.3896,0.001636,0.7056,TP
YOLO11n,Norway__Norway_005553,D00,0.2537,0.025676,0.061,FP_background
YOLO11n,Norway__Norway_005559,D00,0.4095,0.020868,0.7674,TP
YOLO11n,Norway__Norway_005559,D00,0.2597,0.025745,0.622,FP_duplicate
YOLO11n,Norway__Norway_005559,D00,0.2394,0.000992,0.5307,TP
YOLO11n,Norway__Norway_005596,D00,0.3131,0.00075,0.0,FP_background
YOLO11n,Norway__Norway_005619,D10,0.2851,0.008701,0.6913,TP
YOLO11n,Norway__Norway_005661,D00,0.4654,0.006749,0.9233,TP
YOLO11n,Norway__Norway_005686,D00,0.2602,0.002991,0.0,FP_background
YOLO11n,Norway__Norway_005711,D00,0.4879,0.007324,0.0,FP_background
YOLO11n,Norway__Norway_005727,D00,0.5862,0.015243,0.2012,FP_localization
YOLO11n,Norway__Norway_005727,D00,0.4582,0.016922,0.8541,TP
YOLO11n,Norway__Norway_005727,D10,0.2673,0.004924,0.619,TP
YOLO11n,Norway__Norway_005727,D00,0.2434,0.011832,0.2855,FP_localization
YOLO11n,Norway__Norway_005727,D00,0.2306,0.009331,0.2838,FP_localization
YOLO11n,Norway__Norway_005760,D00,0.4803,0.068714,0.5547,TP
YOLO11n,Norway__Norway_005760,D00,0.2393,0.006685,0.0,FP_background
YOLO11n,Norway__Norway_005810,D00,0.7079,0.013408,0.875,TP
YOLO11n,Norway__Norway_005820,D00,0.3566,0.014171,0.1072,FP_localization
YOLO11n,Norway__Norway_005826,D00,0.7596,0.024356,0.8582,TP
YOLO11n,Norway__Norway_005829,D00,0.3395,0.003041,0.2455,FP_localization
YOLO11n,Norway__Norway_005829,D00,0.3369,0.007401,0.4655,FP_localization
YOLO11n,Norway__Norway_005829,D00,0.2427,0.000855,0.0,FP_background
YOLO11n,Norway__Norway_005835,D10,0.3994,0.046014,0.674,TP
YOLO11n,Norway__Norway_005835,D10,0.2775,0.068934,0.4485,FP_localization
YOLO11n,Norway__Norway_005898,D00,0.5659,0.064585,0.9427,TP
YOLO11n,Norway__Norway_005930,D00,0.811,0.077879,0.8982,TP
YOLO11n,Norway__Norway_005930,D00,0.4896,0.02728,0.63,TP
YOLO11n,Norway__Norway_005930,D00,0.4887,0.008421,0.816,TP
YOLO11n,Norway__Norway_005930,D00,0.2386,0.004288,0.0598,FP_background
YOLO11n,Norway__Norway_005964,D00,0.5407,0.003181,0.6519,TP
YOLO11n,Norway__Norway_005983,D00,0.3882,0.037391,0.6377,TP
YOLO11n,Norway__Norway_005996,D00,0.8058,0.05608,0.9527,TP
YOLO11n,Norway__Norway_006023,D00,0.2531,0.04552,0.3618,FP_localization
YOLO11n,Norway__Norway_006052,D00,0.2919,0.007556,0.8713,TP
YOLO11n,Norway__Norway_006137,D00,0.3074,0.007281,0.3988,FP_background
YOLO11n,Norway__Norway_006166,D00,0.2686,0.004463,0.504,TP
YOLO11n,Norway__Norway_006168,D00,0.6634,0.040515,0.6342,TP
YOLO11n,Norway__Norway_006168,D00,0.4448,0.002697,0.4524,FP_background
YOLO11n,Norway__Norway_006168,D00,0.3761,0.004211,0.6905,FP_classification
YOLO11n,Norway__Norway_006168,D10,0.2516,0.004742,0.7565,TP
YOLO11n,Norway__Norway_006222,D00,0.4672,0.00408,0.5097,TP
YOLO11n,Norway__Norway_006235,D00,0.4665,0.031191,0.399,FP_localization
YOLO11n,Norway__Norway_006235,D00,0.4526,0.016999,0.7321,TP
YOLO11n,Norway__Norway_006235,D10,0.423,0.007845,0.5428,TP
YOLO11n,Norway__Norway_006235,D00,0.3919,0.037,0.2441,FP_localization
YOLO11n,Norway__Norway_006235,D00,0.3787,0.01742,0.8298,TP
YOLO11n,Norway__Norway_006235,D00,0.2482,0.002054,0.2066,FP_localization
YOLO11n,Norway__Norway_006235,D00,0.2434,0.008213,0.6108,TP
YOLO11n,Norway__Norway_006236,D00,0.4137,0.017787,0.5433,TP
YOLO11n,Norway__Norway_006261,D00,0.7429,0.012451,0.8178,TP
YOLO11n,Norway__Norway_006271,D00,0.7303,0.004058,0.8606,TP
YOLO11n,Norway__Norway_006319,D00,0.6145,0.010377,0.8485,TP
YOLO11n,Norway__Norway_006319,D00,0.5364,0.008432,0.8034,TP
YOLO11n,Norway__Norway_006319,D00,0.4507,0.015696,0.4316,FP_localization
YOLO11n,Norway__Norway_006323,D00,0.6477,0.012755,0.7195,TP
YOLO11n,Norway__Norway_006323,D00,0.3941,0.050065,0.3417,FP_localization
YOLO11n,Norway__Norway_006323,D00,0.2331,0.034867,0.2989,FP_localization
YOLO11n,Norway__Norway_006331,D20,0.6538,0.032356,0.5581,TP
YOLO11n,Norway__Norway_006331,D00,0.6279,0.006849,0.3282,FP_localization
YOLO11n,Norway__Norway_006331,D20,0.4663,0.033858,0.4213,FP_localization
YOLO11n,Norway__Norway_006331,D00,0.3668,0.002891,0.0483,FP_background
YOLO11n,Norway__Norway_006331,D00,0.3421,0.004329,0.2006,FP_localization
YOLO11n,Norway__Norway_006331,D10,0.2894,0.003177,0.0449,FP_background
YOLO11n,Norway__Norway_006331,D00,0.2791,0.002419,0.1036,FP_localization
YOLO11n,Norway__Norway_006360,D00,0.6038,0.002138,0.6134,TP
YOLO11n,Norway__Norway_006360,D00,0.5296,0.011569,0.3674,FP_localization
YOLO11n,Norway__Norway_006360,D00,0.37,0.004629,0.7569,TP
YOLO11n,Norway__Norway_006369,D00,0.3961,0.066136,0.2502,FP_localization
YOLO11n,Norway__Norway_006379,D20,0.2412,0.033508,0.4115,FP_localization
YOLO11n,Norway__Norway_006404,D00,0.5306,0.00736,0.5806,TP
YOLO11n,Norway__Norway_006404,D10,0.4109,0.018863,0.5484,TP
YOLO11n,Norway__Norway_006404,D10,0.295,0.02732,0.6067,FP_duplicate
YOLO11n,Norway__Norway_006404,D10,0.277,0.015043,0.4692,FP_localization
YOLO11n,Norway__Norway_006417,D00,0.3109,0.000476,0.4911,FP_localization
YOLO11n,Norway__Norway_006480,D00,0.6605,0.00655,0.8376,TP
YOLO11n,Norway__Norway_006480,D00,0.3133,0.003077,0.6939,TP
YOLO11n,Norway__Norway_006528,D00,0.6061,0.001406,0.6912,TP
YOLO11n,Norway__Norway_006528,D00,0.2486,0.043536,0.2173,FP_localization
YOLO11n,Norway__Norway_006550,D00,0.5897,0.047752,0.8529,TP
YOLO11n,Norway__Norway_006556,D00,0.6393,0.005721,0.9414,TP
YOLO11n,Norway__Norway_006556,D00,0.4323,0.017108,0.5331,TP
YOLO11n,Norway__Norway_006556,D00,0.4007,0.029249,0.8337,TP
YOLO11n,Norway__Norway_006556,D00,0.3162,0.001038,0.2203,FP_localization
YOLO11n,Norway__Norway_006556,D00,0.3155,0.002581,0.7136,TP
YOLO11n,Norway__Norway_006556,D00,0.3111,0.003746,0.5205,FP_duplicate
YOLO11n,Norway__Norway_006556,D00,0.3033,0.006775,0.5512,FP_duplicate
YOLO11n,Norway__Norway_006556,D00,0.3024,0.002972,0.119,FP_localization
YOLO11n,Norway__Norway_006556,D00,0.2694,0.002058,0.3639,FP_localization
YOLO11n,Norway__Norway_006556,D00,0.2504,0.026917,0.4241,FP_localization
YOLO11n,Norway__Norway_006556,D00,0.2436,0.002753,0.1044,FP_localization
YOLO11n,Norway__Norway_006559,D00,0.3264,0.001924,0.0957,FP_background
YOLO11n,Norway__Norway_006559,D00,0.2999,0.001388,0.1502,FP_localization
YOLO11n,Norway__Norway_006559,D00,0.2933,0.014871,0.1288,FP_localization
YOLO11n,Norway__Norway_006559,D00,0.2281,0.001862,0.8749,TP
YOLO11n,Norway__Norway_006565,D00,0.356,0.01497,0.7821,TP
YOLO11n,Norway__Norway_006565,D10,0.3457,0.019295,0.5512,TP
YOLO11n,Norway__Norway_006565,D00,0.3251,0.010273,0.8448,FP_duplicate
YOLO11n,Norway__Norway_006565,D00,0.2731,0.007171,0.5766,FP_duplicate
YOLO11n,Norway__Norway_006605,D20,0.7568,0.090447,0.8404,TP
YOLO11n,Norway__Norway_006627,D00,0.5859,0.003377,0.6169,TP
YOLO11n,Norway__Norway_006627,D10,0.3035,0.033709,0.6493,TP
YOLO11n,Norway__Norway_006647,D10,0.4487,0.032475,0.7428,TP
YOLO11n,Norway__Norway_006647,D10,0.345,0.050596,0.6108,FP_duplicate
YOLO11n,Norway__Norway_006711,D00,0.5906,0.003832,0.8638,TP
YOLO11n,Norway__Norway_006711,D00,0.314,0.008483,0.0,FP_background
YOLO11n,Norway__Norway_006711,D00,0.2941,0.053275,0.0751,FP_background
YOLO11n,Norway__Norway_006711,D00,0.2588,0.003927,0.1873,FP_localization
YOLO11n,Norway__Norway_006711,D00,0.2547,0.002273,0.1084,FP_localization
YOLO11n,Norway__Norway_006739,D00,0.8729,0.026213,0.8815,TP
YOLO11n,Norway__Norway_006739,D00,0.4977,0.014526,0.62,TP
YOLO11n,Norway__Norway_006739,D00,0.4283,0.059712,0.3698,FP_localization
YOLO11n,Norway__Norway_006739,D00,0.4053,0.007053,0.5452,FP_duplicate
YOLO11n,Norway__Norway_006814,D00,0.3114,0.100709,0.0,FP_background
YOLO11n,Norway__Norway_006823,D00,0.3338,0.022897,0.0,FP_background
YOLO11n,Norway__Norway_006823,D10,0.3255,0.006514,0.5232,TP
YOLO11n,Norway__Norway_006825,D00,0.8409,0.019376,0.8799,TP
YOLO11n,Norway__Norway_006825,D00,0.5064,0.006901,0.7775,TP
YOLO11n,Norway__Norway_006825,D00,0.4295,0.005094,0.667,TP
YOLO11n,Norway__Norway_006825,D00,0.4284,0.004575,0.7478,TP
YOLO11n,Norway__Norway_006825,D00,0.2714,0.023974,0.2724,FP_localization
YOLO11n,Norway__Norway_006825,D10,0.2476,0.007396,0.553,TP
YOLO11n,Norway__Norway_006935,D10,0.3539,0.03345,0.6137,TP
YOLO11n,Norway__Norway_006935,D10,0.264,0.046902,0.5661,FP_duplicate
YOLO11n,Norway__Norway_006937,D00,0.4864,0.008974,0.8447,TP
YOLO11n,Norway__Norway_006937,D00,0.4449,0.005933,0.5826,FP_duplicate
YOLO11n,Norway__Norway_006942,D00,0.4672,0.007433,0.8614,TP
YOLO11n,Norway__Norway_006942,D00,0.3603,0.049022,0.9196,TP
YOLO11n,Norway__Norway_006942,D00,0.3399,0.015242,0.9212,TP
YOLO11n,Norway__Norway_006973,D00,0.5479,0.026168,0.8117,TP
YOLO11n,Norway__Norway_006973,D00,0.2829,0.016498,0.2976,FP_localization
YOLO11n,Norway__Norway_006973,D00,0.2467,0.058549,0.8112,TP
YOLO11n,Norway__Norway_006973,D00,0.2302,0.001141,0.0,FP_background
YOLO11n,Norway__Norway_007047,D00,0.6401,0.023968,0.7987,TP
YOLO11n,Norway__Norway_007053,D00,0.3447,0.062517,0.6658,TP
YOLO11n,Norway__Norway_007124,D00,0.6955,0.012538,0.0,FP_background
YOLO11n,Norway__Norway_007124,D00,0.3777,0.075867,0.0,FP_background
YOLO11n,Norway__Norway_007124,D00,0.2666,0.00156,0.0,FP_background
YOLO11n,Norway__Norway_007138,D00,0.5054,0.002639,0.0,FP_background
YOLO11n,Norway__Norway_007138,D00,0.3429,0.040649,0.7236,TP
YOLO11n,Norway__Norway_007138,D00,0.2664,0.030185,0.482,FP_localization
YOLO11n,Norway__Norway_007142,D00,0.4901,0.019321,0.816,TP
YOLO11n,Norway__Norway_007142,D00,0.3315,0.013997,0.7837,TP
YOLO11n,Norway__Norway_007142,D00,0.2729,0.001231,0.5407,TP
YOLO11n,Norway__Norway_007148,D00,0.2762,0.001137,0.7071,TP
YOLO11n,Norway__Norway_007148,D00,0.2354,0.001018,0.2494,FP_localization
YOLO11n,Norway__Norway_007264,D00,0.5408,0.015237,0.3477,FP_localization
YOLO11n,Norway__Norway_007264,D00,0.4582,0.022699,0.7568,TP
YOLO11n,Norway__Norway_007264,D00,0.2679,0.001764,0.6716,TP
YOLO11n,Norway__Norway_007264,D00,0.2548,0.010246,0.369,FP_localization
YOLO11n,Norway__Norway_007264,D00,0.2506,0.00579,0.7307,FP_classification
YOLO11n,Norway__Norway_007264,D00,0.2388,0.004337,0.7163,FP_classification
YOLO11n,Norway__Norway_007267,D00,0.2446,0.001793,0.58,TP
YOLO11n,Norway__Norway_007267,D00,0.2318,0.006786,0.4108,FP_localization
YOLO11n,Norway__Norway_007292,D00,0.7247,0.002035,0.7631,TP
YOLO11n,Norway__Norway_007292,D10,0.5175,0.003678,0.7451,TP
YOLO11n,Norway__Norway_007292,D00,0.4044,0.003633,0.5372,TP
YOLO11n,Norway__Norway_007292,D00,0.3857,0.003925,0.7957,TP
YOLO11n,Norway__Norway_007292,D00,0.3243,0.009679,0.4784,FP_localization
YOLO11n,Norway__Norway_007292,D00,0.323,0.001373,0.7401,TP
YOLO11n,Norway__Norway_007292,D00,0.2954,0.0029,0.592,TP
YOLO11n,Norway__Norway_007292,D00,0.2831,0.002192,0.5641,TP
YOLO11n,Norway__Norway_007292,D00,0.2573,0.004362,0.491,FP_localization
YOLO11n,Norway__Norway_007292,D00,0.2486,0.001061,0.2154,FP_localization
YOLO11n,Norway__Norway_007292,D00,0.2408,0.002761,0.3721,FP_localization
YOLO11n,Norway__Norway_007329,D00,0.3851,0.003363,0.2886,FP_localization
YOLO11n,Norway__Norway_007329,D00,0.381,0.001581,0.1324,FP_localization
YOLO11n,Norway__Norway_007355,D00,0.4263,0.005499,0.6294,TP
YOLO11n,Norway__Norway_007356,D00,0.3221,0.000972,0.1573,FP_localization
YOLO11n,Norway__Norway_007372,D00,0.7386,0.00707,0.9417,TP
YOLO11n,Norway__Norway_007372,D00,0.4737,0.006108,0.658,TP
YOLO11n,Norway__Norway_007372,D00,0.4683,0.004323,0.8551,TP
YOLO11n,Norway__Norway_007372,D00,0.355,0.004236,0.8136,TP
YOLO11n,Norway__Norway_007372,D00,0.3052,0.00239,0.5769,FP_duplicate
YOLO11n,Norway__Norway_007372,D00,0.2673,0.006443,0.6344,FP_duplicate
YOLO11n,Norway__Norway_007372,D00,0.2403,0.001346,0.2654,FP_localization
YOLO11n,Norway__Norway_007373,D00,0.2873,0.001375,0.0,FP_background
YOLO11n,Norway__Norway_007398,D00,0.6161,0.001953,0.6604,TP
YOLO11n,Norway__Norway_007417,D00,0.7876,0.009225,0.8455,TP
YOLO11n,Norway__Norway_007428,D00,0.5931,0.001975,0.7068,TP
YOLO11n,Norway__Norway_007428,D10,0.2789,0.003075,0.3127,FP_localization
YOLO11n,Norway__Norway_007498,D20,0.8182,0.130979,0.8443,TP
YOLO11n,Norway__Norway_007535,D20,0.2617,0.003711,0.4208,FP_localization
YOLO11n,Norway__Norway_007586,D00,0.2691,0.05372,0.8199,TP
YOLO11n,Norway__Norway_007589,D00,0.6513,0.044189,0.7762,TP
YOLO11n,Norway__Norway_007659,D10,0.2568,0.025741,0.4593,FP_localization
YOLO11n,Norway__Norway_007659,D10,0.2509,0.034165,0.5829,TP
YOLO11n,Norway__Norway_007704,D00,0.7348,0.006759,0.8531,TP
YOLO11n,Norway__Norway_007704,D00,0.4398,0.040875,0.772,TP
YOLO11n,Norway__Norway_007704,D00,0.2599,0.002238,0.0414,FP_background
YOLO11n,Norway__Norway_007707,D00,0.2887,0.015104,0.0,FP_background
YOLO11n,Norway__Norway_007718,D00,0.6288,0.033286,0.9313,TP
YOLO11n,Norway__Norway_007718,D00,0.6045,0.001362,0.7766,TP
YOLO11n,Norway__Norway_007718,D00,0.2448,0.008193,0.0,FP_background
YOLO11n,Norway__Norway_007718,D00,0.2434,0.024576,0.208,FP_localization
YOLO11n,Norway__Norway_007780,D00,0.6393,0.052552,0.8553,TP
YOLO11n,Norway__Norway_007780,D00,0.2539,0.036807,0.6012,FP_duplicate
YOLO11n,Norway__Norway_007784,D00,0.2509,0.00317,0.0,FP_background
YOLO11n,Norway__Norway_007799,D00,0.546,0.028944,0.8574,TP
YOLO11n,Norway__Norway_007799,D00,0.4021,0.004388,0.7859,TP
YOLO11n,Norway__Norway_007799,D00,0.3423,0.01344,0.3731,FP_localization
YOLO11n,Norway__Norway_007799,D00,0.2845,0.002659,0.5705,TP
YOLO11n,Norway__Norway_007799,D00,0.2657,0.001112,0.6793,TP
YOLO11n,Norway__Norway_007799,D00,0.2376,0.002006,0.1505,FP_localization
YOLO11n,Norway__Norway_007799,D00,0.2358,0.027921,0.1831,FP_localization
YOLO11n,Norway__Norway_007824,D40,0.4318,0.001032,0.8315,TP
YOLO11n,Norway__Norway_007828,D10,0.2283,0.019941,0.0,FP_background
YOLO11n,Norway__Norway_007931,D10,0.3431,0.003466,0.4422,FP_localization
YOLO11n,Norway__Norway_007940,D00,0.4369,0.01596,0.8002,TP
YOLO11n,Norway__Norway_007965,D00,0.5029,0.008755,0.7898,TP
YOLO11n,Norway__Norway_007965,D00,0.3515,0.005705,0.5486,FP_duplicate
YOLO11n,Norway__Norway_007965,D20,0.2899,0.012719,0.6671,TP
YOLO11n,Norway__Norway_007965,D10,0.2832,0.008775,0.3345,FP_localization
YOLO11n,Norway__Norway_007965,D00,0.2355,0.003125,0.3049,FP_localization
YOLO11n,Norway__Norway_007982,D00,0.6344,0.010298,0.8196,TP
YOLO11n,Norway__Norway_007982,D00,0.5464,0.001786,0.6276,TP
YOLO11n,Norway__Norway_007982,D00,0.3969,0.00469,0.8688,TP
YOLO11n,Norway__Norway_007982,D00,0.3156,0.000682,0.1347,FP_localization
YOLO11n,Norway__Norway_007982,D10,0.2605,0.004861,0.5417,TP
YOLO11n,Norway__Norway_007982,D00,0.2433,0.001518,0.484,FP_localization
YOLO11n,Norway__Norway_008000,D00,0.608,0.00507,0.8888,TP
YOLO11n,Norway__Norway_008000,D00,0.3504,0.001504,0.0,FP_background
YOLO11n,Norway__Norway_008000,D00,0.2676,0.00216,0.0,FP_background
YOLO11n,Norway__Norway_008137,D00,0.3434,0.033322,0.3363,FP_localization
YOLO11n,Norway__Norway_008137,D00,0.2866,0.002703,0.7276,TP
YOLO11n,Norway__Norway_008156,D00,0.6232,0.060353,0.9261,TP
YOLO11n,United_States__United_States_000005,D00,0.471,0.013315,0.7639,TP
YOLO11n,United_States__United_States_000005,D00,0.23,0.023457,0.4413,FP_localization
YOLO11n,United_States__United_States_000009,D00,0.484,0.006526,0.0695,FP_background
YOLO11n,United_States__United_States_000009,D00,0.448,0.011348,0.2959,FP_localization
YOLO11n,United_States__United_States_000009,D00,0.332,0.045024,0.6047,TP
YOLO11n,United_States__United_States_000009,D00,0.2503,0.003698,0.0613,FP_background
YOLO11n,United_States__United_States_000022,D00,0.5207,0.046486,0.4765,FP_localization
YOLO11n,United_States__United_States_000022,D10,0.4742,0.011008,0.9462,TP
YOLO11n,United_States__United_States_000022,D10,0.4017,0.012759,0.6289,TP
YOLO11n,United_States__United_States_000022,D10,0.2468,0.00754,0.0,FP_background
YOLO11n,United_States__United_States_000023,D00,0.4753,0.02425,0.8886,TP
YOLO11n,United_States__United_States_000028,D10,0.4337,0.006435,0.5873,TP
YOLO11n,United_States__United_States_000031,D10,0.5629,0.021785,0.5571,TP
YOLO11n,United_States__United_States_000031,D10,0.5171,0.031602,0.7991,FP_duplicate
YOLO11n,United_States__United_States_000031,D00,0.4405,0.052453,0.871,TP
YOLO11n,United_States__United_States_000031,D00,0.3914,0.016565,0.0,FP_background
YOLO11n,United_States__United_States_000031,D00,0.3717,0.056297,0.6511,TP
YOLO11n,United_States__United_States_000031,D00,0.3343,0.00819,0.1719,FP_localization
YOLO11n,United_States__United_States_000031,D00,0.2312,0.036327,0.7327,FP_duplicate
YOLO11n,United_States__United_States_000043,D00,0.3335,0.014285,0.7501,TP
YOLO11n,United_States__United_States_000052,D10,0.4189,0.050073,0.5277,TP
YOLO11n,United_States__United_States_000052,D10,0.2995,0.019979,0.3867,FP_localization
YOLO11n,United_States__United_States_000061,D00,0.7253,0.083178,0.8278,TP
YOLO11n,United_States__United_States_000061,D00,0.4402,0.012016,0.9245,TP
YOLO11n,United_States__United_States_000061,D00,0.4299,0.024466,0.4641,FP_localization
YOLO11n,United_States__United_States_000062,D10,0.4507,0.015342,0.6704,TP
YOLO11n,United_States__United_States_000062,D10,0.3002,0.011862,0.1816,FP_background
YOLO11n,United_States__United_States_000062,D20,0.2422,0.206459,0.2891,FP_background
YOLO11n,United_States__United_States_000078,D00,0.5542,0.027926,0.7281,TP
YOLO11n,United_States__United_States_000078,D00,0.2642,0.004455,0.0,FP_background
YOLO11n,United_States__United_States_000100,D00,0.4903,0.023763,0.6481,TP
YOLO11n,United_States__United_States_000100,D10,0.3347,0.012638,0.3643,FP_localization
YOLO11n,United_States__United_States_000100,D10,0.311,0.006619,0.6956,TP
YOLO11n,United_States__United_States_000100,D00,0.2888,0.048426,0.318,FP_localization
YOLO11n,United_States__United_States_000103,D00,0.3673,0.027537,0.6509,TP
YOLO11n,United_States__United_States_000107,D00,0.5888,0.007631,0.8062,TP
YOLO11n,United_States__United_States_000107,D00,0.5716,0.004868,0.8199,TP
YOLO11n,United_States__United_States_000107,D00,0.4355,0.06187,0.6589,TP
YOLO11n,United_States__United_States_000107,D00,0.3387,0.039806,0.7324,FP_duplicate
YOLO11n,United_States__United_States_000107,D10,0.3174,0.006249,0.7794,TP
YOLO11n,United_States__United_States_000107,D00,0.2921,0.046601,0.894,FP_duplicate
YOLO11n,United_States__United_States_000107,D00,0.2767,0.006049,0.7055,TP
YOLO11n,United_States__United_States_000110,D00,0.5356,0.014472,0.81,TP
YOLO11n,United_States__United_States_000110,D00,0.4128,0.021797,0.6717,FP_duplicate
YOLO11n,United_States__United_States_000110,D00,0.3996,0.034741,0.0,FP_background
YOLO11n,United_States__United_States_000125,D00,0.3066,0.011527,0.0763,FP_background
YOLO11n,United_States__United_States_000125,D00,0.2562,0.136697,0.7921,TP
YOLO11n,United_States__United_States_000125,D00,0.255,0.035047,0.1604,FP_localization
YOLO11n,United_States__United_States_000127,D10,0.3454,0.009031,0.7339,TP
YOLO11n,United_States__United_States_000129,D00,0.3409,0.011077,0.941,TP
YOLO11n,United_States__United_States_000132,D00,0.4832,0.028625,0.9669,TP
YOLO11n,United_States__United_States_000132,D20,0.2549,0.105591,0.0,FP_background
YOLO11n,United_States__United_States_000158,D10,0.5359,0.017312,0.6066,TP
YOLO11n,United_States__United_States_000158,D00,0.4982,0.020992,0.3098,FP_localization
YOLO11n,United_States__United_States_000171,D00,0.3114,0.004444,0.7878,TP
YOLO11n,United_States__United_States_000171,D00,0.2906,0.014152,0.5035,TP
YOLO11n,United_States__United_States_000180,D10,0.7563,0.025069,0.8929,TP
YOLO11n,United_States__United_States_000180,D10,0.6586,0.028822,0.8446,TP
YOLO11n,United_States__United_States_000180,D00,0.6396,0.066383,0.7803,TP
YOLO11n,United_States__United_States_000180,D00,0.5798,0.096835,0.8258,TP
YOLO11n,United_States__United_States_000180,D10,0.4022,0.006916,0.8967,TP
YOLO11n,United_States__United_States_000180,D00,0.2373,0.095039,0.545,FP_duplicate
YOLO11n,United_States__United_States_000191,D00,0.6065,0.02334,0.7249,TP
YOLO11n,United_States__United_States_000191,D10,0.3054,0.015942,0.2477,FP_localization
YOLO11n,United_States__United_States_000194,D20,0.5005,0.286219,0.7511,TP
YOLO11n,United_States__United_States_000197,D10,0.4079,0.041363,0.7705,TP
YOLO11n,United_States__United_States_000197,D00,0.3228,0.008133,0.68,TP
YOLO11n,United_States__United_States_000197,D10,0.3178,0.020983,0.3926,FP_localization
YOLO11n,United_States__United_States_000197,D10,0.3114,0.038772,0.6302,FP_duplicate
YOLO11n,United_States__United_States_000198,D00,0.4334,0.017309,0.6976,TP
YOLO11n,United_States__United_States_000202,D00,0.6205,0.014501,0.9055,TP
YOLO11n,United_States__United_States_000203,D00,0.6678,0.012139,0.9899,TP
YOLO11n,United_States__United_States_000213,D00,0.6512,0.166295,0.0825,FP_background
YOLO11n,United_States__United_States_000213,D10,0.3821,0.043031,0.6896,TP
YOLO11n,United_States__United_States_000213,D00,0.3678,0.005571,0.3274,FP_localization
YOLO11n,United_States__United_States_000213,D00,0.2793,0.102777,0.0693,FP_background
YOLO11n,United_States__United_States_000213,D10,0.2558,0.025272,0.405,FP_localization
YOLO11n,United_States__United_States_000214,D00,0.4197,0.077708,0.371,FP_localization
YOLO11n,United_States__United_States_000214,D00,0.2406,0.015069,0.0591,FP_background
YOLO11n,United_States__United_States_000219,D00,0.6277,0.003032,0.8525,TP
YOLO11n,United_States__United_States_000219,D00,0.4708,0.079262,0.325,FP_localization
YOLO11n,United_States__United_States_000219,D10,0.4305,0.014954,0.7846,TP
YOLO11n,United_States__United_States_000219,D00,0.2711,0.027335,0.6599,TP
YOLO11n,United_States__United_States_000219,D10,0.2698,0.007119,0.7688,TP
YOLO11n,United_States__United_States_000219,D10,0.2463,0.014541,0.0,FP_background
YOLO11n,United_States__United_States_000227,D00,0.5438,0.096185,0.6279,TP
YOLO11n,United_States__United_States_000227,D10,0.2559,0.005617,0.0652,FP_background
YOLO11n,United_States__United_States_000227,D00,0.2396,0.027487,0.1637,FP_localization
YOLO11n,United_States__United_States_000234,D20,0.7698,0.082336,0.9462,TP
YOLO11n,United_States__United_States_000255,D00,0.7745,0.022368,0.8944,TP
YOLO11n,United_States__United_States_000255,D00,0.5861,0.013572,0.9392,TP
YOLO11n,United_States__United_States_000263,D10,0.505,0.011534,0.7823,TP
YOLO11n,United_States__United_States_000263,D00,0.4732,0.011366,0.33,FP_localization
YOLO11n,United_States__United_States_000263,D00,0.3791,0.043453,0.7601,TP
YOLO11n,United_States__United_States_000263,D00,0.3679,0.007105,0.9013,TP
YOLO11n,United_States__United_States_000263,D00,0.2512,0.057325,0.1173,FP_localization
YOLO11n,United_States__United_States_000279,D00,0.5867,0.007747,0.8606,TP
YOLO11n,United_States__United_States_000279,D00,0.565,0.026331,0.8403,TP
YOLO11n,United_States__United_States_000279,D00,0.2909,0.003987,0.6592,TP
YOLO11n,United_States__United_States_000279,D10,0.2718,0.01989,0.6955,TP
YOLO11n,United_States__United_States_000279,D10,0.2521,0.00655,0.0,FP_background
YOLO11n,United_States__United_States_000281,D00,0.381,0.00287,0.8627,TP
YOLO11n,United_States__United_States_000281,D10,0.3095,0.031875,0.6242,TP
YOLO11n,United_States__United_States_000285,D10,0.4534,0.00403,0.0,FP_background
YOLO11n,United_States__United_States_000285,D00,0.2363,0.014918,0.0,FP_background
YOLO11n,United_States__United_States_000294,D00,0.3155,0.024531,0.9026,TP
YOLO11n,United_States__United_States_000302,D00,0.6246,0.033972,0.689,TP
YOLO11n,United_States__United_States_000302,D00,0.6009,0.006751,0.724,TP
YOLO11n,United_States__United_States_000302,D00,0.3732,0.002775,0.7712,TP
YOLO11n,United_States__United_States_000302,D00,0.2918,0.003439,0.6346,FP_duplicate
YOLO11n,United_States__United_States_000302,D00,0.2663,0.051538,0.4542,FP_localization
YOLO11n,United_States__United_States_000319,D00,0.5511,0.016736,0.5259,TP
YOLO11n,United_States__United_States_000319,D00,0.5294,0.067148,0.7913,TP
YOLO11n,United_States__United_States_000319,D00,0.5005,0.022658,0.9049,TP
YOLO11n,United_States__United_States_000319,D00,0.3276,0.017922,0.2609,FP_localization
YOLO11n,United_States__United_States_000319,D00,0.277,0.022833,0.6637,FP_duplicate
YOLO11n,United_States__United_States_000319,D00,0.2727,0.00494,0.7936,TP
YOLO11n,United_States__United_States_000325,D20,0.2687,0.150297,0.6449,TP
YOLO11n,United_States__United_States_000325,D00,0.2451,0.005611,0.0444,FP_background
YOLO11n,United_States__United_States_000343,D00,0.5885,0.018131,0.944,TP
YOLO11n,United_States__United_States_000343,D00,0.2729,0.015685,0.9282,TP
YOLO11n,United_States__United_States_000349,D10,0.3185,0.00635,0.7963,TP
YOLO11n,United_States__United_States_000349,D20,0.2703,0.088344,0.2128,FP_background
YOLO11n,United_States__United_States_000350,D00,0.4221,0.026928,0.8735,TP
YOLO11n,United_States__United_States_000353,D00,0.3943,0.057994,0.5541,TP
YOLO11n,United_States__United_States_000353,D00,0.3652,0.039447,0.554,FP_duplicate
YOLO11n,United_States__United_States_000353,D00,0.2566,0.014966,0.214,FP_background
YOLO11n,United_States__United_States_000358,D00,0.4513,0.028373,0.8127,TP
YOLO11n,United_States__United_States_000358,D10,0.3968,0.016195,0.8673,TP
YOLO11n,United_States__United_States_000370,D00,0.5869,0.011209,0.9129,TP
YOLO11n,United_States__United_States_000370,D00,0.4096,0.007322,0.6208,FP_duplicate
YOLO11n,United_States__United_States_000370,D00,0.3728,0.008879,0.3493,FP_background
YOLO11n,United_States__United_States_000370,D00,0.3333,0.016408,0.6425,FP_classification
YOLO11n,United_States__United_States_000370,D10,0.2843,0.018733,0.4556,FP_localization
YOLO11n,United_States__United_States_000370,D00,0.2806,0.027665,0.5131,TP
YOLO11n,United_States__United_States_000372,D20,0.5635,0.125843,0.9334,TP
YOLO11n,United_States__United_States_000372,D00,0.3625,0.090267,0.7102,FP_classification
YOLO11n,United_States__United_States_000374,D00,0.5638,0.008834,0.5612,TP
YOLO11n,United_States__United_States_000375,D10,0.4336,0.008943,0.707,TP
YOLO11n,United_States__United_States_000375,D10,0.2401,0.014069,0.7649,FP_duplicate
YOLO11n,United_States__United_States_000376,D10,0.3971,0.009019,0.9838,TP
YOLO11n,United_States__United_States_000376,D00,0.3685,0.014604,0.9257,TP
YOLO11n,United_States__United_States_000376,D00,0.3344,0.030017,0.5374,TP
YOLO11n,United_States__United_States_000382,D00,0.6416,0.056264,0.8862,TP
YOLO11n,United_States__United_States_000382,D00,0.5884,0.040546,0.8237,TP
YOLO11n,United_States__United_States_000382,D00,0.4185,0.097711,0.5159,FP_duplicate
YOLO11n,United_States__United_States_000382,D00,0.3409,0.080024,0.4174,FP_localization
YOLO11n,United_States__United_States_000384,D20,0.3027,0.187916,0.4546,FP_background
YOLO11n,United_States__United_States_000384,D20,0.2721,0.119997,0.5115,FP_classification
YOLO11n,United_States__United_States_000384,D00,0.2406,0.125724,0.4854,FP_localization
YOLO11n,United_States__United_States_000384,D00,0.2362,0.200458,0.4621,FP_localization
YOLO11n,United_States__United_States_000407,D10,0.4274,0.015755,0.8733,TP
YOLO11n,United_States__United_States_000407,D00,0.365,0.004797,0.8016,TP
YOLO11n,United_States__United_States_000411,D00,0.3635,0.026267,0.8253,TP
YOLO11n,United_States__United_States_000415,D10,0.5707,0.026939,0.8675,TP
YOLO11n,United_States__United_States_000415,D10,0.4184,0.006941,0.1644,FP_localization
YOLO11n,United_States__United_States_000415,D00,0.4132,0.025555,0.745,TP
YOLO11n,United_States__United_States_000415,D10,0.3938,0.015827,0.32,FP_localization
YOLO11n,United_States__United_States_000415,D10,0.342,0.006029,0.5369,TP
YOLO11n,United_States__United_States_000415,D00,0.3235,0.004059,0.1968,FP_localization
YOLO11n,United_States__United_States_000415,D10,0.25,0.004677,0.702,TP
YOLO11n,United_States__United_States_000441,D00,0.4207,0.036065,0.688,TP
YOLO11n,United_States__United_States_000447,D00,0.3318,0.009256,0.8726,TP
YOLO11n,United_States__United_States_000452,D00,0.6123,0.006132,0.728,TP
YOLO11n,United_States__United_States_000452,D00,0.2957,0.01081,0.5362,FP_duplicate
YOLO11n,United_States__United_States_000456,D10,0.3564,0.118854,0.4243,FP_localization
YOLO11n,United_States__United_States_000456,D10,0.2322,0.176787,0.2852,FP_localization
YOLO11n,United_States__United_States_000465,D10,0.2869,0.003962,0.6557,TP
YOLO11n,United_States__United_States_000473,D20,0.72,0.098822,0.829,TP
YOLO11n,United_States__United_States_000473,D00,0.4381,0.009057,0.0,FP_background
YOLO11n,United_States__United_States_000476,D00,0.8288,0.024702,0.9379,TP
YOLO11n,United_States__United_States_000476,D00,0.6167,0.087091,0.9301,FP_classification
YOLO11n,United_States__United_States_000476,D00,0.4668,0.029106,0.8976,TP
YOLO11n,United_States__United_States_000478,D00,0.6468,0.037941,0.6533,TP
YOLO11n,United_States__United_States_000485,D00,0.7916,0.028724,0.7864,TP
YOLO11n,United_States__United_States_000492,D00,0.6608,0.040569,0.9261,TP
YOLO11n,United_States__United_States_000492,D10,0.5336,0.006667,0.8534,TP
YOLO11n,United_States__United_States_000492,D00,0.3769,0.02501,0.0,FP_background
YOLO11n,United_States__United_States_000494,D10,0.4919,0.011887,0.5816,TP
YOLO11n,United_States__United_States_000494,D00,0.4269,0.008087,0.5555,TP
YOLO11n,United_States__United_States_000512,D00,0.5975,0.024028,0.87,TP
YOLO11n,United_States__United_States_000512,D00,0.3242,0.041601,0.5066,FP_duplicate
YOLO11n,United_States__United_States_000528,D00,0.5171,0.035917,0.519,TP
YOLO11n,United_States__United_States_000528,D00,0.3442,0.026517,0.3735,FP_localization
YOLO11n,United_States__United_States_000528,D10,0.2948,0.008905,0.9107,TP
YOLO11n,United_States__United_States_000537,D10,0.4654,0.018672,0.8901,TP
YOLO11n,United_States__United_States_000537,D00,0.2659,0.020767,0.0,FP_background
YOLO11n,United_States__United_States_000546,D00,0.6514,0.008475,0.846,TP
YOLO11n,United_States__United_States_000546,D00,0.2693,0.065714,0.2263,FP_localization
YOLO11n,United_States__United_States_000546,D00,0.2321,0.0368,0.1588,FP_localization
YOLO11n,United_States__United_States_000547,D10,0.6183,0.014995,0.8657,TP
YOLO11n,United_States__United_States_000547,D00,0.5635,0.001987,0.8566,TP
YOLO11n,United_States__United_States_000547,D00,0.5596,0.082615,0.9358,TP
YOLO11n,United_States__United_States_000547,D10,0.3996,0.022835,0.7762,FP_classification
YOLO11n,United_States__United_States_000547,D10,0.3381,0.00441,0.5376,TP
YOLO11n,United_States__United_States_000560,D00,0.6307,0.088673,0.8995,TP
YOLO11n,United_States__United_States_000560,D10,0.5279,0.01216,0.8843,TP
YOLO11n,United_States__United_States_000560,D00,0.5188,0.087601,0.4364,FP_localization
YOLO11n,United_States__United_States_000560,D10,0.4144,0.011752,0.6806,TP
YOLO11n,United_States__United_States_000560,D00,0.388,0.035253,0.6931,TP
YOLO11n,United_States__United_States_000560,D10,0.3428,0.005434,0.0098,FP_background
YOLO11n,United_States__United_States_000560,D00,0.2692,0.042929,0.1933,FP_localization
YOLO11n,United_States__United_States_000560,D00,0.2373,0.05715,0.6837,FP_duplicate
YOLO11n,United_States__United_States_000563,D00,0.3125,0.037367,0.0722,FP_background
YOLO11n,United_States__United_States_000563,D00,0.296,0.019403,0.0,FP_background
YOLO11n,United_States__United_States_000569,D00,0.468,0.083978,0.0,FP_background
YOLO11n,United_States__United_States_000569,D10,0.3658,0.0774,0.1864,FP_localization
YOLO11n,United_States__United_States_000570,D00,0.6111,0.005673,0.8927,TP
YOLO11n,United_States__United_States_000570,D00,0.5063,0.004781,0.772,TP
YOLO11n,United_States__United_States_000570,D00,0.2374,0.002257,0.8544,TP
YOLO11n,United_States__United_States_000572,D00,0.6008,0.040952,0.891,TP
YOLO11n,United_States__United_States_000572,D10,0.3333,0.040847,0.6196,TP
YOLO11n,United_States__United_States_000572,D00,0.2672,0.015319,0.7513,TP
YOLO11n,United_States__United_States_000572,D10,0.2653,0.007856,0.1274,FP_localization
YOLO11n,United_States__United_States_000572,D10,0.2479,0.078928,0.6875,FP_duplicate
YOLO11n,United_States__United_States_000594,D00,0.3996,0.032646,0.6969,TP
YOLO11n,United_States__United_States_000594,D00,0.3992,0.064412,0.7075,TP
YOLO11n,United_States__United_States_000594,D10,0.3323,0.070282,0.6413,TP
YOLO11n,United_States__United_States_000597,D00,0.35,0.025237,0.3196,FP_localization
YOLO11n,United_States__United_States_000597,D00,0.3461,0.028402,0.4505,FP_localization
YOLO11n,United_States__United_States_000598,D00,0.5481,0.063848,0.4065,FP_localization
YOLO11n,United_States__United_States_000598,D10,0.3245,0.009874,0.6845,TP
YOLO11n,United_States__United_States_000598,D10,0.2827,0.003879,0.8496,TP
YOLO11n,United_States__United_States_000598,D00,0.2316,0.019539,0.8113,TP
YOLO11n,United_States__United_States_000602,D00,0.7469,0.011836,0.7979,TP
YOLO11n,United_States__United_States_000602,D00,0.2574,0.029154,0.477,FP_localization
YOLO11n,United_States__United_States_000602,D00,0.2321,0.047505,0.2927,FP_localization
YOLO11n,United_States__United_States_000613,D00,0.5176,0.008956,0.8558,TP
YOLO11n,United_States__United_States_000633,D00,0.2383,0.012795,0.4609,FP_localization
YOLO11n,United_States__United_States_000634,D10,0.6197,0.084276,0.7039,TP
YOLO11n,United_States__United_States_000634,D00,0.508,0.005954,0.9177,TP
YOLO11n,United_States__United_States_000637,D20,0.664,0.339333,0.8941,TP
YOLO11n,United_States__United_States_000642,D00,0.5662,0.088367,0.4419,FP_localization
YOLO11n,United_States__United_States_000642,D10,0.5059,0.014297,0.3894,FP_localization
YOLO11n,United_States__United_States_000642,D10,0.3423,0.009357,0.2549,FP_localization
YOLO11n,United_States__United_States_000643,D10,0.4922,0.017273,0.7839,TP
YOLO11n,United_States__United_States_000644,D00,0.5305,0.064638,0.7974,TP
YOLO11n,United_States__United_States_000644,D10,0.4623,0.008677,0.7858,TP
YOLO11n,United_States__United_States_000658,D00,0.3368,0.02456,0.8183,TP
YOLO11n,United_States__United_States_000658,D00,0.3366,0.006475,0.7687,TP
YOLO11n,United_States__United_States_000658,D00,0.2989,0.054927,0.4732,FP_localization
YOLO11n,United_States__United_States_000661,D00,0.6277,0.106154,0.9076,FP_classification
YOLO11n,United_States__United_States_000661,D00,0.4909,0.119464,0.7275,TP
YOLO11n,United_States__United_States_000661,D10,0.4577,0.015653,0.6454,TP
YOLO11n,United_States__United_States_000661,D00,0.3125,0.006668,0.6051,TP
YOLO11n,United_States__United_States_000661,D00,0.2524,0.042035,0.3548,FP_background
YOLO11n,United_States__United_States_000668,D10,0.6574,0.014767,0.8501,TP
YOLO11n,United_States__United_States_000668,D00,0.2325,0.002267,0.0,FP_background
YOLO11n,United_States__United_States_000672,D00,0.7997,0.078286,0.9462,TP
YOLO11n,United_States__United_States_000672,D00,0.6341,0.020642,0.8414,FP_classification
YOLO11n,United_States__United_States_000672,D00,0.3208,0.003414,0.8347,TP
YOLO11n,United_States__United_States_000674,D10,0.2439,0.017485,0.0,FP_background
YOLO11n,United_States__United_States_000684,D00,0.6667,0.01537,0.9007,TP
YOLO11n,United_States__United_States_000684,D00,0.6131,0.11958,0.9544,TP
YOLO11n,United_States__United_States_000684,D00,0.406,0.007978,0.7634,FP_classification
YOLO11n,United_States__United_States_000684,D00,0.3521,0.021109,0.8856,FP_classification
YOLO11n,United_States__United_States_000685,D00,0.4956,0.09235,0.6449,TP
YOLO11n,United_States__United_States_000685,D10,0.2358,0.006625,0.0,FP_background
YOLO11n,United_States__United_States_000692,D00,0.8055,0.051585,0.8861,TP
YOLO11n,United_States__United_States_000708,D20,0.7196,0.097765,0.8055,TP
YOLO11n,United_States__United_States_000708,D10,0.4175,0.003099,0.0,FP_background
YOLO11n,United_States__United_States_000709,D00,0.6817,0.066569,0.9087,TP
YOLO11n,United_States__United_States_000709,D00,0.675,0.032933,0.6233,TP
YOLO11n,United_States__United_States_000709,D00,0.4276,0.04704,0.8497,FP_duplicate
YOLO11n,United_States__United_States_000709,D00,0.3192,0.012715,0.2213,FP_localization
YOLO11n,United_States__United_States_000710,D00,0.4035,0.030626,0.8431,TP
YOLO11n,United_States__United_States_000710,D00,0.2372,0.04402,0.548,FP_duplicate
YOLO11n,United_States__United_States_000711,D00,0.7571,0.103028,0.888,TP
YOLO11n,United_States__United_States_000711,D00,0.64,0.037632,0.9031,TP
YOLO11n,United_States__United_States_000711,D00,0.6183,0.013713,0.828,TP
YOLO11n,United_States__United_States_000711,D00,0.5334,0.011488,0.9198,TP
YOLO11n,United_States__United_States_000713,D00,0.5289,0.015688,0.6886,TP
YOLO11n,United_States__United_States_000713,D00,0.5082,0.050833,0.1945,FP_localization
YOLO11n,United_States__United_States_000713,D00,0.491,0.003828,0.5506,TP
YOLO11n,United_States__United_States_000713,D00,0.4139,0.026642,0.7035,TP
YOLO11n,United_States__United_States_000713,D00,0.3242,0.005926,0.1578,FP_localization
YOLO11n,United_States__United_States_000725,D10,0.4341,0.069621,0.8248,FP_classification
YOLO11n,United_States__United_States_000725,D10,0.3054,0.018922,0.829,TP
YOLO11n,United_States__United_States_000728,D00,0.509,0.061144,0.742,TP
YOLO11n,United_States__United_States_000733,D00,0.5287,0.050352,0.4672,FP_localization
YOLO11n,United_States__United_States_000733,D00,0.3743,0.090649,0.8373,TP
YOLO11n,United_States__United_States_000739,D10,0.613,0.012544,0.8603,TP
YOLO11n,United_States__United_States_000739,D00,0.5674,0.001933,0.8851,TP
YOLO11n,United_States__United_States_000739,D00,0.3041,0.002804,0.6966,FP_duplicate
YOLO11n,United_States__United_States_000741,D20,0.6817,0.102686,0.6761,FP_classification
YOLO11n,United_States__United_States_000741,D00,0.4063,0.01816,0.3518,FP_localization
YOLO11n,United_States__United_States_000741,D00,0.2942,0.063978,0.6733,TP
YOLO11n,United_States__United_States_000743,D10,0.2515,0.02416,0.6237,TP
YOLO11n,United_States__United_States_000745,D00,0.5669,0.06308,0.7538,TP
YOLO11n,United_States__United_States_000745,D00,0.2808,0.048778,0.8747,FP_duplicate
YOLO11n,United_States__United_States_000746,D00,0.5977,0.027224,0.6293,TP
YOLO11n,United_States__United_States_000749,D00,0.7913,0.045532,0.7351,TP
YOLO11n,United_States__United_States_000749,D10,0.4214,0.019883,0.3812,FP_localization
YOLO11n,United_States__United_States_000749,D10,0.2998,0.049105,0.8276,TP
YOLO11n,United_States__United_States_000749,D00,0.2767,0.011472,0.1852,FP_localization
YOLO11n,United_States__United_States_000751,D00,0.8191,0.053314,0.8625,TP
YOLO11n,United_States__United_States_000751,D00,0.6071,0.116957,0.8335,TP
YOLO11n,United_States__United_States_000751,D00,0.5385,0.080277,0.5642,TP
YOLO11n,United_States__United_States_000751,D00,0.4419,0.052272,0.7131,FP_duplicate
YOLO11n,United_States__United_States_000755,D00,0.3778,0.038769,0.6242,TP
YOLO11n,United_States__United_States_000755,D00,0.3321,0.022297,0.8604,FP_duplicate
YOLO11n,United_States__United_States_000755,D00,0.2563,0.012406,0.2969,FP_localization
YOLO11n,United_States__United_States_000763,D20,0.7523,0.127934,0.8693,TP
YOLO11n,United_States__United_States_000763,D10,0.3019,0.008291,0.0199,FP_background
YOLO11n,United_States__United_States_000765,D00,0.6814,0.018902,0.272,FP_localization
YOLO11n,United_States__United_States_000765,D00,0.5992,0.066459,0.7649,TP
YOLO11n,United_States__United_States_000765,D10,0.3923,0.014149,0.8122,TP
YOLO11n,United_States__United_States_000765,D10,0.3166,0.007807,0.4595,FP_localization
YOLO11n,United_States__United_States_000765,D00,0.3019,0.020976,0.4419,FP_localization
YOLO11n,United_States__United_States_000771,D00,0.4103,0.059129,0.3379,FP_localization
YOLO11n,United_States__United_States_000771,D00,0.287,0.03947,0.5062,TP
YOLO11n,United_States__United_States_000774,D00,0.3903,0.029333,0.4601,FP_localization
YOLO11n,United_States__United_States_000774,D00,0.2449,0.022855,0.6544,TP
YOLO11n,United_States__United_States_000792,D00,0.5446,0.017956,0.4156,FP_localization
YOLO11n,United_States__United_States_000792,D10,0.4682,0.004837,0.4846,FP_localization
YOLO11n,United_States__United_States_000792,D10,0.3472,0.013862,0.4992,FP_localization
YOLO11n,United_States__United_States_000792,D10,0.3245,0.016543,0.2104,FP_localization
YOLO11n,United_States__United_States_000792,D10,0.311,0.063435,0.7725,TP
YOLO11n,United_States__United_States_000792,D10,0.2923,0.021641,0.2906,FP_localization
YOLO11n,United_States__United_States_000792,D10,0.2317,0.032659,0.4096,FP_localization
YOLO11n,United_States__United_States_000794,D00,0.5795,0.050552,0.933,TP
YOLO11n,United_States__United_States_000794,D00,0.3407,0.032264,0.5766,FP_duplicate
YOLO11n,United_States__United_States_000796,D00,0.6606,0.014872,0.7985,TP
YOLO11n,United_States__United_States_000796,D00,0.2749,0.010089,0.8446,FP_duplicate
YOLO11n,United_States__United_States_000803,D10,0.2594,0.039774,0.672,TP
YOLO11n,United_States__United_States_000803,D10,0.2417,0.043594,0.857,FP_duplicate
YOLO11n,United_States__United_States_000805,D00,0.793,0.027357,0.4548,FP_localization
YOLO11n,United_States__United_States_000805,D00,0.5323,0.017126,0.7079,TP
YOLO11n,United_States__United_States_000805,D00,0.3133,0.007499,0.6812,TP
YOLO11n,United_States__United_States_000805,D00,0.3028,0.010294,0.4774,FP_localization
YOLO11n,United_States__United_States_000806,D00,0.678,0.030722,0.8997,TP
YOLO11n,United_States__United_States_000806,D00,0.3711,0.025614,0.4001,FP_localization
YOLO11n,United_States__United_States_000818,D10,0.4845,0.009431,0.7815,TP
YOLO11n,United_States__United_States_000818,D00,0.431,0.006315,0.5417,FP_classification
YOLO11n,United_States__United_States_000828,D00,0.3097,0.002611,0.8388,TP
YOLO11n,United_States__United_States_000828,D00,0.2363,0.007682,0.0,FP_background
YOLO11n,United_States__United_States_000828,D00,0.235,0.004297,0.0,FP_background
YOLO11n,United_States__United_States_000831,D00,0.5268,0.016898,0.6587,TP
YOLO11n,United_States__United_States_000835,D00,0.7668,0.016575,0.8156,TP
YOLO11n,United_States__United_States_000835,D10,0.319,0.005602,0.0,FP_background
YOLO11n,United_States__United_States_000835,D00,0.3099,0.005032,0.6192,TP
YOLO11n,United_States__United_States_000846,D10,0.3596,0.004677,0.864,TP
YOLO11n,United_States__United_States_000846,D00,0.317,0.020411,0.0225,FP_background
YOLO11n,United_States__United_States_000846,D00,0.233,0.115952,0.0,FP_background
YOLO11n,United_States__United_States_000860,D00,0.4424,0.029442,0.6663,TP
YOLO11n,United_States__United_States_000860,D00,0.3037,0.002883,0.0,FP_background
YOLO11n,United_States__United_States_000871,D00,0.4472,0.081425,0.7917,TP
YOLO11n,United_States__United_States_000871,D00,0.3726,0.047432,0.5352,TP
YOLO11n,United_States__United_States_000871,D00,0.3503,0.057707,0.8352,FP_duplicate
YOLO11n,United_States__United_States_000879,D00,0.631,0.026387,0.5948,TP
YOLO11n,United_States__United_States_000879,D00,0.3431,0.012617,0.404,FP_localization
YOLO11n,United_States__United_States_000879,D00,0.2445,0.008714,0.4959,FP_localization
YOLO11n,United_States__United_States_000879,D00,0.2394,0.018162,0.281,FP_localization
YOLO11n,United_States__United_States_000883,D00,0.5023,0.02055,0.6349,TP
YOLO11n,United_States__United_States_000883,D00,0.4438,0.011358,0.4054,FP_localization
YOLO11n,United_States__United_States_000883,D10,0.4168,0.009451,0.9672,TP
YOLO11n,United_States__United_States_000887,D00,0.4891,0.025247,0.0,FP_background
YOLO11n,United_States__United_States_000887,D00,0.443,0.060726,0.0229,FP_background
YOLO11n,United_States__United_States_000903,D00,0.5168,0.092219,0.5823,TP
YOLO11n,United_States__United_States_000905,D00,0.4475,0.010731,0.3357,FP_localization
YOLO11n,United_States__United_States_000905,D10,0.4002,0.037672,0.783,TP
YOLO11n,United_States__United_States_000905,D00,0.2389,0.004673,0.154,FP_localization
YOLO11n,United_States__United_States_000928,D00,0.746,0.084078,0.5456,TP
YOLO11n,United_States__United_States_000928,D00,0.515,0.005307,0.0,FP_background
YOLO11n,United_States__United_States_000928,D00,0.4103,0.017887,0.703,TP
YOLO11n,United_States__United_States_000934,D10,0.4404,0.007893,0.6873,TP
YOLO11n,United_States__United_States_000934,D10,0.3814,0.005207,0.7647,FP_duplicate
YOLO11n,United_States__United_States_000934,D00,0.2678,0.018234,0.1293,FP_background
YOLO11n,United_States__United_States_000934,D00,0.2328,0.017539,0.0,FP_background
YOLO11n,United_States__United_States_000941,D10,0.3761,0.006781,0.7561,TP
YOLO11n,United_States__United_States_000958,D00,0.9061,0.10068,0.7251,TP
YOLO11n,United_States__United_States_000963,D00,0.6674,0.076086,0.7242,TP
YOLO11n,United_States__United_States_000963,D10,0.4151,0.005267,0.4041,FP_localization
YOLO11n,United_States__United_States_000963,D00,0.3533,0.115258,0.6208,TP
YOLO11n,United_States__United_States_000963,D10,0.3513,0.006721,0.3601,FP_localization
YOLO11n,United_States__United_States_000963,D10,0.2527,0.006102,0.327,FP_localization
YOLO11n,United_States__United_States_000971,D00,0.6268,0.004383,0.8461,TP
YOLO11n,United_States__United_States_000994,D00,0.3221,0.037716,0.5305,TP
YOLO11n,United_States__United_States_000994,D00,0.286,0.060339,0.8386,FP_duplicate
YOLO11n,United_States__United_States_001010,D00,0.3072,0.047021,0.4184,FP_localization
YOLO11n,United_States__United_States_001010,D00,0.2915,0.023387,0.7537,TP
YOLO11n,United_States__United_States_001025,D00,0.579,0.027551,0.6783,TP
YOLO11n,United_States__United_States_001025,D00,0.2969,0.051233,0.7549,FP_duplicate
YOLO11n,United_States__United_States_001034,D00,0.4346,0.049431,0.7729,TP
YOLO11n,United_States__United_States_001034,D00,0.3535,0.056315,0.3882,FP_localization
YOLO11n,United_States__United_States_001034,D00,0.3252,0.04896,0.7245,TP
YOLO11n,United_States__United_States_001034,D00,0.2681,0.083876,0.6447,TP
YOLO11n,United_States__United_States_001043,D00,0.7767,0.086441,0.9269,TP
YOLO11n,United_States__United_States_001043,D00,0.3665,0.052813,0.6255,FP_duplicate
YOLO11n,United_States__United_States_001043,D00,0.2663,0.005672,0.0,FP_background
YOLO11n,United_States__United_States_001049,D10,0.3676,0.013225,0.6613,TP
YOLO11n,United_States__United_States_001057,D10,0.3026,0.024504,0.3429,FP_localization
YOLO11n,United_States__United_States_001057,D00,0.285,0.087786,0.1139,FP_background
YOLO11n,United_States__United_States_001058,D00,0.4095,0.008625,0.9075,TP
YOLO11n,United_States__United_States_001063,D10,0.4801,0.018502,0.8867,TP
YOLO11n,United_States__United_States_001070,D20,0.6948,0.340237,0.6723,TP
YOLO11n,United_States__United_States_001070,D20,0.356,0.105134,0.3801,FP_localization
YOLO11n,United_States__United_States_001075,D10,0.4455,0.081722,0.7042,TP
YOLO11n,United_States__United_States_001075,D10,0.3661,0.080183,0.6024,FP_duplicate
YOLO11n,United_States__United_States_001075,D00,0.3191,0.023367,0.0635,FP_background
YOLO11n,United_States__United_States_001075,D10,0.3088,0.06146,0.4803,FP_localization
YOLO11n,United_States__United_States_001075,D10,0.2995,0.027419,0.2474,FP_localization
YOLO11n,United_States__United_States_001075,D10,0.2749,0.03266,0.3532,FP_localization
YOLO11n,United_States__United_States_001075,D10,0.2657,0.006506,0.0878,FP_background
YOLO11n,United_States__United_States_001079,D00,0.6451,0.072773,0.7337,TP
YOLO11n,United_States__United_States_001084,D00,0.2883,0.003595,0.0,FP_background
YOLO11n,United_States__United_States_001088,D00,0.8277,0.084242,0.6957,TP
YOLO11n,United_States__United_States_001095,D10,0.5396,0.01314,0.641,TP
YOLO11n,United_States__United_States_001095,D10,0.3164,0.008987,0.9059,FP_duplicate
YOLO11n,United_States__United_States_001100,D00,0.5248,0.035568,0.6384,TP
YOLO11n,United_States__United_States_001100,D10,0.421,0.005822,0.9585,TP
YOLO11n,United_States__United_States_001100,D10,0.2922,0.013851,0.3449,FP_localization
YOLO11n,United_States__United_States_001102,D00,0.457,0.027524,0.8254,TP
YOLO11n,United_States__United_States_001102,D10,0.3452,0.00728,0.1667,FP_background
YOLO11n,United_States__United_States_001102,D10,0.2304,0.013316,0.189,FP_background
YOLO11n,United_States__United_States_001105,D00,0.5625,0.031751,0.8175,TP
YOLO11n,United_States__United_States_001105,D00,0.4209,0.045718,0.584,FP_duplicate
YOLO11n,United_States__United_States_001105,D10,0.2927,0.011897,0.0103,FP_background
YOLO11n,United_States__United_States_001112,D00,0.3205,0.005592,0.0548,FP_background
YOLO11n,United_States__United_States_001112,D00,0.3042,0.085792,0.5001,TP
YOLO11n,United_States__United_States_001112,D00,0.3025,0.041769,0.8699,FP_duplicate
YOLO11n,United_States__United_States_001115,D00,0.7753,0.074156,0.7124,TP
YOLO11n,United_States__United_States_001115,D00,0.6662,0.065447,0.5632,TP
YOLO11n,United_States__United_States_001118,D00,0.6549,0.022573,0.3301,FP_localization
YOLO11n,United_States__United_States_001118,D10,0.2521,0.022655,0.2071,FP_background
YOLO11n,United_States__United_States_001119,D00,0.4827,0.029948,0.8136,TP
YOLO11n,United_States__United_States_001119,D10,0.4501,0.022857,0.9259,TP
YOLO11n,United_States__United_States_001119,D00,0.3362,0.061441,0.5134,FP_duplicate
YOLO11n,United_States__United_States_001119,D00,0.2845,0.002425,0.0,FP_background
YOLO11n,United_States__United_States_001119,D10,0.2635,0.037484,0.5376,FP_duplicate
YOLO11n,United_States__United_States_001121,D20,0.8432,0.323619,0.8998,TP
YOLO11n,United_States__United_States_001121,D10,0.519,0.01484,0.0168,FP_background
YOLO11n,United_States__United_States_001137,D00,0.4014,0.007495,0.641,TP
YOLO11n,United_States__United_States_001138,D00,0.5875,0.042589,0.3333,FP_localization
YOLO11n,United_States__United_States_001138,D00,0.2401,0.028471,0.8347,TP
YOLO11n,United_States__United_States_001142,D20,0.6629,0.147226,0.8501,TP
YOLO11n,United_States__United_States_001147,D00,0.4847,0.021484,0.898,FP_classification
YOLO11n,United_States__United_States_001147,D10,0.4462,0.014086,0.2737,FP_localization
YOLO11n,United_States__United_States_001147,D10,0.2919,0.019034,0.2011,FP_localization
YOLO11n,United_States__United_States_001160,D00,0.6148,0.047125,0.6388,TP
YOLO11n,United_States__United_States_001162,D00,0.3961,0.062012,0.2266,FP_localization
YOLO11n,United_States__United_States_001162,D00,0.3649,0.02994,0.6821,FP_classification
YOLO11n,United_States__United_States_001162,D00,0.3552,0.019098,0.8206,TP
YOLO11n,United_States__United_States_001163,D20,0.4374,0.070981,0.88,TP
YOLO11n,United_States__United_States_001173,D10,0.5706,0.007397,0.7226,TP
YOLO11n,United_States__United_States_001173,D10,0.4128,0.046258,0.4343,FP_localization
YOLO11n,United_States__United_States_001173,D10,0.3329,0.031999,0.6091,TP
YOLO11n,United_States__United_States_001178,D00,0.7223,0.051086,0.8543,TP
YOLO11n,United_States__United_States_001178,D00,0.6613,0.093787,0.7941,TP
YOLO11n,United_States__United_States_001178,D00,0.3695,0.011074,0.6411,TP
YOLO11n,United_States__United_States_001178,D00,0.282,0.007527,0.9408,FP_duplicate
YOLO11n,United_States__United_States_001181,D00,0.3765,0.008086,0.608,TP
YOLO11n,United_States__United_States_001190,D00,0.5387,0.022678,0.9129,TP
YOLO11n,United_States__United_States_001192,D20,0.5666,0.094259,0.8894,TP
YOLO11n,United_States__United_States_001199,D10,0.5236,0.020591,0.141,FP_background
YOLO11n,United_States__United_States_001199,D00,0.3387,0.067976,0.3379,FP_background
YOLO11n,United_States__United_States_001199,D00,0.2937,0.006801,0.8666,TP
YOLO11n,United_States__United_States_001216,D10,0.6423,0.014294,0.8557,TP
YOLO11n,United_States__United_States_001216,D00,0.6258,0.065109,0.7837,TP
YOLO11n,United_States__United_States_001216,D10,0.5108,0.005862,0.777,TP
YOLO11n,United_States__United_States_001216,D20,0.4237,0.216199,0.831,TP
YOLO11n,United_States__United_States_001216,D10,0.314,0.005131,0.818,TP
YOLO11n,United_States__United_States_001216,D20,0.2903,0.078911,0.372,FP_localization
YOLO11n,United_States__United_States_001216,D10,0.2549,0.02077,0.5889,FP_duplicate
YOLO11n,United_States__United_States_001219,D00,0.5967,0.015874,0.9278,TP
YOLO11n,United_States__United_States_001230,D00,0.3105,0.002663,0.8643,TP
YOLO11n,United_States__United_States_001238,D10,0.4455,0.004786,0.607,TP
YOLO11n,United_States__United_States_001276,D00,0.5782,0.024899,0.8237,TP
YOLO11n,United_States__United_States_001276,D00,0.3117,0.035459,0.5784,FP_duplicate
YOLO11n,United_States__United_States_001288,D10,0.4026,0.055777,0.6497,TP
YOLO11n,United_States__United_States_001289,D00,0.544,0.058355,0.0442,FP_background
YOLO11n,United_States__United_States_001289,D10,0.5395,0.029856,0.8014,TP
YOLO11n,United_States__United_States_001289,D00,0.4006,0.009078,0.0719,FP_background
YOLO11n,United_States__United_States_001295,D00,0.5007,0.016654,0.5552,TP
YOLO11n,United_States__United_States_001295,D00,0.497,0.030579,0.86,FP_duplicate
YOLO11n,United_States__United_States_001298,D00,0.5611,0.034688,0.9018,TP
YOLO11n,United_States__United_States_001298,D00,0.5213,0.053976,0.6166,FP_duplicate
YOLO11n,United_States__United_States_001298,D10,0.5025,0.056527,0.7548,TP
YOLO11n,United_States__United_States_001298,D10,0.4639,0.091186,0.6285,FP_duplicate
YOLO11n,United_States__United_States_001298,D00,0.2947,0.005317,0.8624,TP
YOLO11n,United_States__United_States_001298,D10,0.2682,0.139712,0.4102,FP_localization
YOLO11n,United_States__United_States_001298,D10,0.2404,0.046745,0.7843,FP_duplicate
YOLO11n,United_States__United_States_001322,D00,0.6812,0.088816,0.8757,TP
YOLO11n,United_States__United_States_001322,D10,0.676,0.062228,0.821,TP
YOLO11n,United_States__United_States_001330,D00,0.3415,0.002205,0.4595,FP_localization
YOLO11n,United_States__United_States_001330,D10,0.3167,0.005926,0.8391,TP
YOLO11n,United_States__United_States_001336,D00,0.5981,0.09933,0.6775,TP
YOLO11n,United_States__United_States_001336,D00,0.2834,0.015858,0.0383,FP_background
YOLO11n,United_States__United_States_001336,D00,0.2652,0.076604,0.21,FP_localization
YOLO11n,United_States__United_States_001336,D00,0.249,0.003235,0.0424,FP_background
YOLO11n,United_States__United_States_001336,D00,0.2477,0.039048,0.3651,FP_localization
YOLO11n,United_States__United_States_001336,D00,0.2423,0.033277,0.2224,FP_localization
YOLO11n,United_States__United_States_001354,D10,0.3105,0.004639,0.7232,TP
YOLO11n,United_States__United_States_001354,D00,0.3097,0.0345,0.4857,FP_localization
YOLO11n,United_States__United_States_001376,D00,0.5997,0.014338,0.754,TP
YOLO11n,United_States__United_States_001376,D10,0.3127,0.016871,0.3909,FP_localization
YOLO11n,United_States__United_States_001376,D10,0.2613,0.006293,0.0,FP_background
YOLO11n,United_States__United_States_001377,D10,0.4903,0.010908,0.9024,TP
YOLO11n,United_States__United_States_001377,D00,0.231,0.015558,0.6533,TP
YOLO11n,United_States__United_States_001398,D00,0.4736,0.016299,0.2305,FP_localization
YOLO11n,United_States__United_States_001398,D00,0.452,0.024179,0.8945,TP
YOLO11n,United_States__United_States_001398,D00,0.3221,0.067293,0.9091,TP
YOLO11n,United_States__United_States_001398,D00,0.2916,0.024721,0.4694,FP_background
YOLO11n,United_States__United_States_001398,D10,0.231,0.009652,0.1046,FP_background
YOLO11n,United_States__United_States_001423,D00,0.2598,0.005935,0.8058,TP
YOLO11n,United_States__United_States_001427,D10,0.2917,0.002728,0.4608,FP_localization
YOLO11n,United_States__United_States_001432,D00,0.4784,0.089959,0.5777,TP
YOLO11n,United_States__United_States_001438,D00,0.8484,0.020685,0.7789,TP
YOLO11n,United_States__United_States_001438,D00,0.5686,0.048623,0.6152,TP
YOLO11n,United_States__United_States_001438,D10,0.541,0.017007,0.5855,TP
YOLO11n,United_States__United_States_001438,D00,0.2309,0.019919,0.0207,FP_background
YOLO11n,United_States__United_States_001453,D00,0.4013,0.022306,0.6567,FP_classification
YOLO11n,United_States__United_States_001453,D00,0.3204,0.047976,0.6859,TP
YOLO11n,United_States__United_States_001460,D00,0.5832,0.020825,0.7583,TP
YOLO11n,United_States__United_States_001460,D00,0.291,0.002282,0.0,FP_background
YOLO11n,United_States__United_States_001460,D10,0.2815,0.022313,0.4081,FP_localization
YOLO11n,United_States__United_States_001460,D10,0.2374,0.015235,0.4462,FP_localization
YOLO11n,United_States__United_States_001481,D00,0.561,0.021584,0.5224,TP
YOLO11n,United_States__United_States_001483,D00,0.3748,0.027951,0.9345,TP
YOLO11n,United_States__United_States_001497,D10,0.3371,0.007807,0.0,FP_background
YOLO11n,United_States__United_States_001497,D00,0.32,0.005001,0.0,FP_background
YOLO11n,United_States__United_States_001497,D00,0.2863,0.046681,0.0184,FP_background
YOLO11n,United_States__United_States_001497,D00,0.2351,0.013292,0.8649,TP
YOLO11n,United_States__United_States_001499,D00,0.4219,0.010451,0.7555,TP
YOLO11n,United_States__United_States_001499,D00,0.3438,0.00253,0.813,TP
YOLO11n,United_States__United_States_001511,D00,0.3161,0.006455,0.1412,FP_background
YOLO11n,United_States__United_States_001513,D00,0.4573,0.015846,0.6822,TP
YOLO11n,United_States__United_States_001518,D00,0.4444,0.027726,0.833,TP
YOLO11n,United_States__United_States_001523,D10,0.6639,0.032159,0.8048,TP
YOLO11n,United_States__United_States_001523,D00,0.2595,0.058871,0.2256,FP_localization
YOLO11n,United_States__United_States_001523,D10,0.2499,0.014595,0.3462,FP_localization
YOLO11n,United_States__United_States_001524,D10,0.2383,0.014974,0.4746,FP_localization
YOLO11n,United_States__United_States_001535,D00,0.5863,0.019743,0.8902,TP
YOLO11n,United_States__United_States_001535,D00,0.4121,0.033721,0.521,FP_duplicate
YOLO11n,United_States__United_States_001536,D00,0.5425,0.015585,0.8796,TP
YOLO11n,United_States__United_States_001536,D00,0.2872,0.033015,0.5724,TP
YOLO11n,United_States__United_States_001553,D00,0.3072,0.018363,0.2513,FP_localization
YOLO11n,United_States__United_States_001557,D10,0.3939,0.016278,0.3432,FP_localization
YOLO11n,United_States__United_States_001557,D00,0.2598,0.047703,0.0,FP_background
YOLO11n,United_States__United_States_001557,D10,0.2414,0.007311,0.7641,TP
YOLO11n,United_States__United_States_001570,D10,0.3782,0.004213,0.8007,TP
YOLO11n,United_States__United_States_001572,D00,0.6384,0.026867,0.8828,TP
YOLO11n,United_States__United_States_001573,D10,0.2819,0.002699,0.0,FP_background
YOLO11n,United_States__United_States_001575,D10,0.7539,0.165581,0.6929,TP
YOLO11n,United_States__United_States_001575,D00,0.5542,0.016156,0.8781,TP
YOLO11n,United_States__United_States_001575,D10,0.233,0.005516,0.7228,TP
YOLO11n,United_States__United_States_001578,D10,0.7198,0.008999,0.7521,TP
YOLO11n,United_States__United_States_001578,D10,0.4253,0.023927,0.3977,FP_localization
YOLO11n,United_States__United_States_001578,D10,0.3015,0.004937,0.9139,TP
YOLO11n,United_States__United_States_001578,D00,0.2981,0.001249,0.7936,TP
YOLO11n,United_States__United_States_001578,D10,0.284,0.041147,0.2462,FP_localization
YOLO11n,United_States__United_States_001585,D20,0.6155,0.17558,0.8597,TP
YOLO11n,United_States__United_States_001585,D00,0.2618,0.003959,0.0,FP_background
YOLO11n,United_States__United_States_001589,D00,0.6466,0.008537,0.9183,TP
YOLO11n,United_States__United_States_001591,D00,0.8548,0.020285,0.9027,TP
YOLO11n,United_States__United_States_001614,D00,0.6537,0.023535,0.9105,TP
YOLO11n,United_States__United_States_001614,D10,0.5859,0.007258,0.8446,TP
YOLO11n,United_States__United_States_001614,D10,0.5385,0.006933,0.844,TP
YOLO11n,United_States__United_States_001616,D10,0.4339,0.007677,0.7123,TP
YOLO11n,United_States__United_States_001616,D20,0.4134,0.069433,0.8224,TP
YOLO11n,United_States__United_States_001616,D10,0.3344,0.010908,0.6808,TP
YOLO11n,United_States__United_States_001616,D20,0.3192,0.167306,0.3698,FP_localization
YOLO11n,United_States__United_States_001616,D10,0.2479,0.011585,0.4721,FP_localization
YOLO11n,United_States__United_States_001639,D00,0.7106,0.088571,0.9233,TP
YOLO11n,United_States__United_States_001639,D00,0.6375,0.010503,0.3525,FP_localization
YOLO11n,United_States__United_States_001639,D00,0.4687,0.032086,0.3687,FP_localization
YOLO11n,United_States__United_States_001654,D10,0.379,0.026451,0.4893,FP_localization
YOLO11n,United_States__United_States_001656,D00,0.472,0.040787,0.8976,TP
YOLO11n,United_States__United_States_001656,D00,0.4146,0.057414,0.6378,FP_duplicate
YOLO11n,United_States__United_States_001656,D00,0.4011,0.020941,0.5963,TP
YOLO11n,United_States__United_States_001661,D00,0.2917,0.023285,0.1311,FP_localization
YOLO11n,United_States__United_States_001661,D00,0.2667,0.038554,0.1072,FP_localization
YOLO11n,United_States__United_States_001669,D00,0.4693,0.056769,0.681,TP
YOLO11n,United_States__United_States_001669,D20,0.3995,0.141243,0.4152,FP_background
YOLO11n,United_States__United_States_001669,D00,0.3579,0.035771,0.6833,FP_duplicate
YOLO11n,United_States__United_States_001669,D00,0.3145,0.00224,0.0,FP_background
YOLO11n,United_States__United_States_001671,D00,0.403,0.014485,0.8555,TP
YOLO11n,United_States__United_States_001671,D00,0.3935,0.009572,0.6854,TP
YOLO11n,United_States__United_States_001677,D00,0.6413,0.005398,0.8829,TP
YOLO11n,United_States__United_States_001681,D20,0.4732,0.105815,0.4954,FP_background
YOLO11n,United_States__United_States_001681,D20,0.2845,0.082024,0.3663,FP_localization
YOLO11n,United_States__United_States_001681,D10,0.2536,0.02052,0.5919,TP
YOLO11n,United_States__United_States_001681,D10,0.2367,0.009095,0.0499,FP_background
YOLO11n,United_States__United_States_001695,D00,0.4263,0.003665,0.9806,TP
YOLO11n,United_States__United_States_001695,D00,0.27,0.024236,0.1459,FP_localization
YOLO11n,United_States__United_States_001700,D00,0.869,0.090703,0.9012,TP
YOLO11n,United_States__United_States_001700,D00,0.7174,0.096477,0.7967,TP
YOLO11n,United_States__United_States_001707,D00,0.3592,0.026902,0.3158,FP_localization
YOLO11n,United_States__United_States_001707,D10,0.3523,0.005347,0.5078,TP
YOLO11n,United_States__United_States_001707,D00,0.2407,0.028215,0.3312,FP_localization
YOLO11n,United_States__United_States_001707,D00,0.2375,0.056741,0.6412,TP
YOLO11n,United_States__United_States_001711,D10,0.3623,0.047642,0.6239,TP
YOLO11n,United_States__United_States_001711,D10,0.33,0.031579,0.8896,FP_duplicate
YOLO11n,United_States__United_States_001711,D10,0.2784,0.067988,0.4514,FP_localization
YOLO11n,United_States__United_States_001720,D20,0.8942,0.30342,0.9313,TP
YOLO11n,United_States__United_States_001721,D10,0.6637,0.020847,0.7165,TP
YOLO11n,United_States__United_States_001721,D10,0.2891,0.015281,0.0,FP_background
YOLO11n,United_States__United_States_001722,D10,0.6565,0.006252,0.7162,TP
YOLO11n,United_States__United_States_001722,D00,0.3916,0.007235,0.3106,FP_localization
YOLO11n,United_States__United_States_001722,D00,0.3762,0.013386,0.5747,TP
YOLO11n,United_States__United_States_001722,D10,0.335,0.008583,0.6203,FP_duplicate
YOLO11n,United_States__United_States_001722,D00,0.269,0.019496,0.837,FP_duplicate
YOLO11n,United_States__United_States_001722,D00,0.2307,0.077157,0.8768,TP
YOLO11n,United_States__United_States_001743,D00,0.5428,0.010973,0.8384,TP
YOLO11n,United_States__United_States_001743,D00,0.2509,0.015806,0.7334,FP_duplicate
YOLO11n,United_States__United_States_001762,D00,0.6657,0.016878,0.567,TP
YOLO11n,United_States__United_States_001762,D00,0.4514,0.009442,0.7838,TP
YOLO11n,United_States__United_States_001762,D00,0.4027,0.049244,0.1343,FP_localization
YOLO11n,United_States__United_States_001768,D00,0.3959,0.017714,0.0,FP_background
YOLO11n,United_States__United_States_001772,D10,0.4148,0.003834,0.0623,FP_background
YOLO11n,United_States__United_States_001772,D00,0.3662,0.079571,0.1454,FP_localization
YOLO11n,United_States__United_States_001772,D10,0.2415,0.068892,0.5829,TP
YOLO11n,United_States__United_States_001775,D10,0.4937,0.015336,0.9065,TP
YOLO11n,United_States__United_States_001775,D00,0.3829,0.038205,0.0781,FP_background
YOLO11n,United_States__United_States_001779,D00,0.6944,0.059375,0.4834,FP_localization
YOLO11n,United_States__United_States_001779,D10,0.3964,0.007825,0.8125,TP
YOLO11n,United_States__United_States_001779,D10,0.3235,0.005045,0.7936,FP_duplicate
YOLO11n,United_States__United_States_001779,D00,0.2946,0.094847,0.286,FP_localization
YOLO11n,United_States__United_States_001779,D20,0.2765,0.138131,0.8939,TP
YOLO11n,United_States__United_States_001779,D20,0.2756,0.192274,0.6389,FP_duplicate
YOLO11n,United_States__United_States_001779,D00,0.2361,0.073392,0.797,TP
YOLO11n,United_States__United_States_001786,D00,0.5269,0.121205,0.5118,TP
YOLO11n,United_States__United_States_001786,D10,0.5071,0.004964,0.6146,TP
YOLO11n,United_States__United_States_001786,D00,0.3577,0.084656,0.7339,FP_duplicate
YOLO11n,United_States__United_States_001786,D00,0.2911,0.007438,0.7264,TP
YOLO11n,United_States__United_States_001786,D20,0.2768,0.128553,0.4901,FP_background
YOLO11n,United_States__United_States_001788,D10,0.5401,0.005869,0.6625,TP
YOLO11n,United_States__United_States_001788,D10,0.4227,0.007187,0.6865,TP
YOLO11n,United_States__United_States_001788,D10,0.3994,0.007834,0.6756,TP
YOLO11n,United_States__United_States_001788,D20,0.2575,0.098124,0.6264,FP_classification
YOLO11n,United_States__United_States_001788,D10,0.2428,0.00728,0.039,FP_background
YOLO11n,United_States__United_States_001796,D00,0.2291,0.002262,0.7349,TP
YOLO11n,United_States__United_States_001822,D00,0.4692,0.068964,0.9442,TP
YOLO11n,United_States__United_States_001822,D20,0.4119,0.068135,0.9159,FP_classification
YOLO11n,United_States__United_States_001823,D10,0.6539,0.019438,0.8754,TP
YOLO11n,United_States__United_States_001823,D00,0.248,0.017388,0.0,FP_background
YOLO11n,United_States__United_States_001825,D00,0.3105,0.01752,0.0,FP_background
YOLO11n,United_States__United_States_001825,D10,0.2687,0.022545,0.5005,TP
YOLO11n,United_States__United_States_001828,D00,0.7676,0.011908,0.8574,TP
YOLO11n,United_States__United_States_001828,D00,0.243,0.011836,0.0,FP_background
YOLO11n,United_States__United_States_001833,D00,0.5783,0.021294,0.8621,TP
YOLO11n,United_States__United_States_001840,D00,0.7857,0.067174,0.7036,TP
YOLO11n,United_States__United_States_001847,D10,0.325,0.006503,0.901,TP
YOLO11n,United_States__United_States_001847,D10,0.2522,0.010111,0.5657,FP_duplicate
YOLO11n,United_States__United_States_001852,D10,0.306,0.028569,0.3352,FP_localization
YOLO11n,United_States__United_States_001852,D10,0.2527,0.052789,0.5428,TP
YOLO11n,United_States__United_States_001852,D10,0.2445,0.027878,0.3359,FP_localization
YOLO11n,United_States__United_States_001877,D00,0.5915,0.001677,0.8182,TP
YOLO11n,United_States__United_States_001877,D00,0.5867,0.002963,0.8369,TP
YOLO11n,United_States__United_States_001877,D00,0.4222,0.108827,0.6584,TP
YOLO11n,United_States__United_States_001877,D10,0.2805,0.007232,0.7732,FP_classification
YOLO11n,United_States__United_States_001879,D20,0.4692,0.061207,0.6995,TP
YOLO11n,United_States__United_States_001879,D20,0.3039,0.020027,0.9274,TP
YOLO11n,United_States__United_States_001880,D10,0.439,0.08457,0.4541,FP_localization
YOLO11n,United_States__United_States_001880,D10,0.2531,0.008995,0.0,FP_background
YOLO11n,United_States__United_States_001880,D10,0.2499,0.018445,0.4759,FP_localization
YOLO11n,United_States__United_States_001886,D00,0.6224,0.06584,0.7208,TP
YOLO11n,United_States__United_States_001886,D10,0.427,0.011421,0.8111,TP
YOLO11n,United_States__United_States_001886,D10,0.3542,0.007037,0.8548,TP
YOLO11n,United_States__United_States_001886,D10,0.3432,0.014386,0.4888,FP_localization
YOLO11n,United_States__United_States_001886,D10,0.3086,0.013854,0.8556,FP_duplicate
YOLO11n,United_States__United_States_001886,D00,0.2448,0.002938,0.8333,TP
YOLO11n,United_States__United_States_001896,D00,0.6,0.053161,0.7407,TP
YOLO11n,United_States__United_States_001896,D00,0.35,0.09682,0.8626,FP_classification
YOLO11n,United_States__United_States_001896,D20,0.2692,0.096872,0.8843,TP
YOLO11n,United_States__United_States_001907,D10,0.5382,0.090897,0.3816,FP_localization
YOLO11n,United_States__United_States_001907,D10,0.4094,0.021948,0.6385,TP
YOLO11n,United_States__United_States_001907,D00,0.3847,0.032204,0.64,TP
YOLO11n,United_States__United_States_001907,D00,0.322,0.041013,0.7165,TP
YOLO11n,United_States__United_States_001907,D00,0.3006,0.058233,0.7549,FP_duplicate
YOLO11n,United_States__United_States_001907,D00,0.2966,0.036186,0.8212,FP_duplicate
YOLO11n,United_States__United_States_001907,D10,0.2861,0.031606,0.4434,FP_localization
YOLO11n,United_States__United_States_001907,D10,0.2505,0.004738,0.5192,TP
YOLO11n,United_States__United_States_001910,D00,0.3769,0.035099,0.7372,TP
YOLO11n,United_States__United_States_001917,D10,0.5847,0.019359,0.5194,TP
YOLO11n,United_States__United_States_001917,D10,0.2539,0.01348,0.3827,FP_localization
YOLO11n,United_States__United_States_001926,D00,0.3056,0.013526,0.9237,TP
YOLO11n,United_States__United_States_001926,D00,0.2828,0.00138,0.9116,TP
YOLO11n,United_States__United_States_001926,D00,0.2464,0.029226,0.4812,FP_localization
YOLO11n,United_States__United_States_001926,D00,0.2349,0.019253,0.7304,FP_duplicate
YOLO11n,United_States__United_States_001942,D00,0.2317,0.02294,0.0,FP_background
YOLO11n,United_States__United_States_001944,D00,0.4515,0.019008,0.9071,TP
YOLO11n,United_States__United_States_001949,D00,0.3997,0.001651,0.8506,TP
YOLO11n,United_States__United_States_001961,D00,0.5067,0.017426,0.1425,FP_localization
YOLO11n,United_States__United_States_001961,D10,0.4378,0.0302,0.3484,FP_localization
YOLO11n,United_States__United_States_001961,D20,0.3085,0.155788,0.6656,FP_classification
YOLO11n,United_States__United_States_001961,D00,0.2692,0.149223,0.6881,TP
YOLO11n,United_States__United_States_001964,D00,0.6502,0.053882,0.6042,TP
YOLO11n,United_States__United_States_001964,D00,0.4526,0.012342,0.9046,TP
YOLO11n,United_States__United_States_001964,D00,0.3487,0.051598,0.2351,FP_localization
YOLO11n,United_States__United_States_001964,D00,0.2491,0.033784,0.8565,FP_duplicate
YOLO11n,United_States__United_States_001964,D00,0.2432,0.074523,0.4179,FP_localization
YOLO11n,United_States__United_States_001978,D00,0.463,0.073437,0.5306,TP
YOLO11n,United_States__United_States_001978,D00,0.3561,0.047803,0.8151,FP_duplicate
YOLO11n,United_States__United_States_001981,D00,0.6194,0.061395,0.8255,TP
YOLO11n,United_States__United_States_001981,D00,0.387,0.00757,0.0102,FP_background
YOLO11n,United_States__United_States_001991,D00,0.8715,0.058358,0.9375,TP
YOLO11n,United_States__United_States_001997,D00,0.6204,0.066448,0.8741,TP
YOLO11n,United_States__United_States_001997,D10,0.4372,0.005191,0.6304,TP
YOLO11n,United_States__United_States_001997,D00,0.246,0.012205,0.8427,TP
YOLO11n,United_States__United_States_002009,D00,0.5195,0.007332,0.8164,TP
YOLO11n,United_States__United_States_002009,D00,0.436,0.006425,0.3401,FP_localization
YOLO11n,United_States__United_States_002009,D10,0.3908,0.008924,0.1241,FP_localization
YOLO11n,United_States__United_States_002009,D20,0.2929,0.12305,0.6845,FP_classification
YOLO11n,United_States__United_States_002009,D00,0.2807,0.118782,0.8015,TP
YOLO11n,United_States__United_States_002009,D10,0.2706,0.03948,0.4306,FP_localization
YOLO11n,United_States__United_States_002017,D00,0.381,0.114501,0.7144,TP
YOLO11n,United_States__United_States_002021,D00,0.8036,0.091483,0.773,TP
YOLO11n,United_States__United_States_002021,D20,0.3636,0.038737,0.6267,FP_classification
YOLO11n,United_States__United_States_002030,D00,0.6295,0.094042,0.7382,TP
YOLO11n,United_States__United_States_002030,D00,0.3755,0.050497,0.4164,FP_localization
YOLO11n,United_States__United_States_002030,D10,0.3347,0.008318,0.4782,FP_localization
YOLO11n,United_States__United_States_002030,D00,0.2903,0.074508,0.5197,FP_duplicate
YOLO11n,United_States__United_States_002032,D20,0.303,0.060967,0.6908,TP
YOLO11n,United_States__United_States_002032,D00,0.2404,0.010049,0.0,FP_background
YOLO11n,United_States__United_States_002035,D20,0.8628,0.379153,0.8361,TP
YOLO11n,United_States__United_States_002044,D00,0.3631,0.050002,0.5569,TP
YOLO11n,United_States__United_States_002044,D00,0.2317,0.014134,0.1037,FP_localization
YOLO11n,United_States__United_States_002048,D00,0.4682,0.046267,0.864,TP
YOLO11n,United_States__United_States_002048,D00,0.4664,0.032669,0.3529,FP_localization
YOLO11n,United_States__United_States_002048,D10,0.2967,0.004514,0.8089,TP
YOLO11n,United_States__United_States_002048,D10,0.2449,0.010622,0.7801,TP
YOLO11n,United_States__United_States_002061,D00,0.4915,0.008262,0.898,TP
YOLO11n,United_States__United_States_002061,D10,0.2866,0.087458,0.2234,FP_localization
YOLO11n,United_States__United_States_002061,D00,0.256,0.001304,0.8233,TP
YOLO11n,United_States__United_States_002064,D20,0.5077,0.080885,0.7397,FP_classification
YOLO11n,United_States__United_States_002064,D00,0.4183,0.076397,0.8343,TP
YOLO11n,United_States__United_States_002064,D10,0.2819,0.007706,0.0246,FP_background
YOLO11n,United_States__United_States_002076,D00,0.6777,0.051674,0.6198,TP
YOLO11n,United_States__United_States_002076,D00,0.4249,0.056177,0.0,FP_background
YOLO11n,United_States__United_States_002084,D00,0.487,0.05285,0.0133,FP_background
YOLO11n,United_States__United_States_002084,D00,0.2946,0.00472,0.8029,TP
YOLO11n,United_States__United_States_002084,D00,0.2307,0.01711,0.7855,TP
YOLO11n,United_States__United_States_002089,D00,0.5262,0.010387,0.8947,TP
YOLO11n,United_States__United_States_002095,D00,0.6678,0.062919,0.8054,TP
YOLO11n,United_States__United_States_002095,D00,0.6655,0.049022,0.7566,TP
YOLO11n,United_States__United_States_002095,D00,0.6035,0.020302,0.9167,TP
YOLO11n,United_States__United_States_002099,D00,0.4666,0.025318,0.2224,FP_background
YOLO11n,United_States__United_States_002099,D00,0.411,0.007836,0.2447,FP_localization
YOLO11n,United_States__United_States_002099,D00,0.3778,0.023045,0.2025,FP_background
YOLO11n,United_States__United_States_002099,D00,0.2875,0.006496,0.2199,FP_localization
YOLO11n,United_States__United_States_002099,D00,0.2517,0.015355,0.1349,FP_background
YOLO11n,United_States__United_States_002100,D10,0.597,0.011295,0.8456,TP
YOLO11n,United_States__United_States_002100,D10,0.4858,0.016424,0.794,TP
YOLO11n,United_States__United_States_002100,D10,0.4529,0.037032,0.3723,FP_localization
YOLO11n,United_States__United_States_002100,D10,0.2794,0.006058,0.7027,TP
YOLO11n,United_States__United_States_002100,D10,0.2338,0.042775,0.2756,FP_localization
YOLO11n,United_States__United_States_002102,D00,0.3318,0.010801,0.0,FP_background
YOLO11n,United_States__United_States_002109,D00,0.2331,0.003007,0.4063,FP_localization
YOLO11n,United_States__United_States_002126,D10,0.4466,0.011702,0.2599,FP_localization
YOLO11n,United_States__United_States_002126,D10,0.4144,0.075564,0.5504,TP
YOLO11n,United_States__United_States_002126,D10,0.2818,0.048291,0.6071,FP_duplicate
YOLO11n,United_States__United_States_002126,D10,0.2608,0.020559,0.4543,FP_localization
YOLO11n,United_States__United_States_002126,D00,0.258,0.006384,0.0,FP_background
YOLO11n,United_States__United_States_002126,D10,0.2542,0.021859,0.4353,FP_localization
YOLO11n,United_States__United_States_002131,D10,0.5691,0.004648,0.7555,TP
YOLO11n,United_States__United_States_002131,D00,0.2686,0.016369,0.4087,FP_localization
YOLO11n,United_States__United_States_002131,D10,0.2645,0.007106,0.7546,FP_duplicate
YOLO11n,United_States__United_States_002131,D00,0.2506,0.043013,0.8391,TP
YOLO11n,United_States__United_States_002138,D00,0.6579,0.015485,0.9075,TP
YOLO11n,United_States__United_States_002138,D00,0.4121,0.036978,0.6724,TP
YOLO11n,United_States__United_States_002138,D10,0.3664,0.009357,0.0529,FP_background
YOLO11n,United_States__United_States_002139,D00,0.5722,0.027125,0.9381,TP
YOLO11n,United_States__United_States_002139,D00,0.4269,0.002246,0.7576,TP
YOLO11n,United_States__United_States_002139,D10,0.3166,0.018493,0.3984,FP_localization
YOLO11n,United_States__United_States_002143,D00,0.3286,0.019301,0.2975,FP_localization
YOLO11n,United_States__United_States_002143,D00,0.2362,0.006814,0.776,TP
YOLO11n,United_States__United_States_002144,D00,0.7242,0.135077,0.7122,TP
YOLO11n,United_States__United_States_002144,D00,0.5039,0.03913,0.9172,FP_classification
YOLO11n,United_States__United_States_002144,D00,0.2338,0.042626,0.4619,FP_localization
YOLO11n,United_States__United_States_002148,D00,0.4249,0.035253,0.0,FP_background
YOLO11n,United_States__United_States_002148,D00,0.4142,0.011641,0.0789,FP_background
YOLO11n,United_States__United_States_002148,D00,0.4091,0.024612,0.275,FP_localization
YOLO11n,United_States__United_States_002154,D10,0.3807,0.072932,0.6417,TP
YOLO11n,United_States__United_States_002154,D10,0.306,0.028624,0.4893,FP_localization
YOLO11n,United_States__United_States_002154,D10,0.295,0.025897,0.4721,FP_localization
YOLO11n,United_States__United_States_002154,D10,0.2423,0.032751,0.3165,FP_localization
YOLO11n,United_States__United_States_002154,D10,0.232,0.052009,0.7599,FP_duplicate
YOLO11n,United_States__United_States_002154,D10,0.2295,0.013001,0.2326,FP_localization
YOLO11n,United_States__United_States_002161,D10,0.8276,0.014379,0.723,TP
YOLO11n,United_States__United_States_002161,D00,0.5059,0.023621,0.3878,FP_localization
YOLO11n,United_States__United_States_002161,D10,0.46,0.015269,0.4243,FP_localization
YOLO11n,United_States__United_States_002161,D00,0.3371,0.013685,0.2408,FP_localization
YOLO11n,United_States__United_States_002161,D00,0.3352,0.054935,0.8597,TP
YOLO11n,United_States__United_States_002161,D10,0.2925,0.002958,0.5818,TP
YOLO11n,United_States__United_States_002161,D10,0.2681,0.007792,0.5947,TP
YOLO11n,United_States__United_States_002166,D00,0.7016,0.038265,0.8095,TP
YOLO11n,United_States__United_States_002166,D10,0.2557,0.005223,0.8049,TP
YOLO11n,United_States__United_States_002166,D00,0.2431,0.062436,0.0,FP_background
YOLO11n,United_States__United_States_002168,D00,0.7226,0.071727,0.8081,TP
YOLO11n,United_States__United_States_002168,D00,0.416,0.087546,0.8008,TP
YOLO11n,United_States__United_States_002168,D00,0.4005,0.011637,0.8346,TP
YOLO11n,United_States__United_States_002184,D00,0.5746,0.046373,0.4913,FP_localization
YOLO11n,United_States__United_States_002184,D10,0.3781,0.015173,0.7878,TP
YOLO11n,United_States__United_States_002184,D10,0.3651,0.009809,0.7775,TP
YOLO11n,United_States__United_States_002184,D10,0.3597,0.025084,0.446,FP_localization
YOLO11n,United_States__United_States_002184,D00,0.342,0.03532,0.6636,TP
YOLO11n,United_States__United_States_002186,D00,0.5995,0.007521,0.8724,TP
YOLO11n,United_States__United_States_002186,D00,0.3683,0.008905,0.5033,TP
YOLO11n,United_States__United_States_002186,D00,0.3511,0.011497,0.6027,FP_duplicate
YOLO11n,United_States__United_States_002190,D00,0.4477,0.002732,0.8487,TP
YOLO11n,United_States__United_States_002190,D00,0.3369,0.003312,0.7334,TP
YOLO11n,United_States__United_States_002196,D20,0.4062,0.031044,0.8465,TP
YOLO11n,United_States__United_States_002196,D20,0.2599,0.004368,0.7305,TP
YOLO11n,United_States__United_States_002196,D20,0.2295,0.055439,0.474,FP_localization
YOLO11n,United_States__United_States_002208,D20,0.7004,0.108242,0.4728,FP_localization
YOLO11n,United_States__United_States_002208,D20,0.6975,0.270056,0.7793,TP
YOLO11n,United_States__United_States_002209,D00,0.7621,0.126168,0.896,TP
YOLO11n,United_States__United_States_002209,D00,0.4378,0.076735,0.7165,TP
YOLO11n,United_States__United_States_002209,D00,0.424,0.028115,0.8791,TP
YOLO11n,United_States__United_States_002209,D00,0.3906,0.019468,0.6953,TP
YOLO11n,United_States__United_States_002209,D00,0.2936,0.028326,0.9538,TP
YOLO11n,United_States__United_States_002217,D10,0.6809,0.080468,0.6251,TP
YOLO11n,United_States__United_States_002233,D00,0.426,0.092275,0.8138,TP
YOLO11n,United_States__United_States_002243,D10,0.3381,0.043119,0.4709,FP_localization
YOLO11n,United_States__United_States_002243,D10,0.3234,0.022843,0.4715,FP_localization
YOLO11n,United_States__United_States_002243,D10,0.2331,0.020849,0.5145,TP
YOLO11n,United_States__United_States_002245,D00,0.4784,0.040288,0.7294,TP
YOLO11n,United_States__United_States_002245,D00,0.4215,0.010613,0.2478,FP_localization
YOLO11n,United_States__United_States_002245,D10,0.3631,0.014695,0.6112,TP
YOLO11n,United_States__United_States_002245,D00,0.3574,0.012073,0.0,FP_background
YOLO11n,United_States__United_States_002245,D00,0.3502,0.014924,0.2899,FP_localization
YOLO11n,United_States__United_States_002245,D00,0.2756,0.007589,0.2583,FP_localization
YOLO11n,United_States__United_States_002245,D10,0.2336,0.029716,0.3871,FP_localization
YOLO11n,United_States__United_States_002246,D00,0.6483,0.00416,0.6595,TP
YOLO11n,United_States__United_States_002246,D10,0.5893,0.043495,0.8271,TP
YOLO11n,United_States__United_States_002246,D00,0.4202,0.035038,0.4063,FP_localization
YOLO11n,United_States__United_States_002246,D00,0.3149,0.011248,0.9147,TP
YOLO11n,United_States__United_States_002246,D00,0.3105,0.00751,0.5624,FP_duplicate
YOLO11n,United_States__United_States_002249,D00,0.5419,0.016078,0.5066,TP
YOLO11n,United_States__United_States_002249,D00,0.4779,0.002153,0.0161,FP_background
YOLO11n,United_States__United_States_002249,D00,0.3962,0.005606,0.1129,FP_localization
YOLO11n,United_States__United_States_002249,D10,0.3737,0.010241,0.3642,FP_localization
YOLO11n,United_States__United_States_002249,D10,0.3561,0.006761,0.8018,TP
YOLO11n,United_States__United_States_002249,D00,0.246,0.023388,0.7369,FP_duplicate
YOLO11n,United_States__United_States_002249,D10,0.2288,0.020887,0.6729,TP
YOLO11n,United_States__United_States_002255,D00,0.5681,0.019842,0.0,FP_background
YOLO11n,United_States__United_States_002255,D00,0.476,0.075616,0.3933,FP_localization
YOLO11n,United_States__United_States_002255,D10,0.2462,0.00767,0.1701,FP_localization
YOLO11n,United_States__United_States_002258,D00,0.4904,0.019412,0.0643,FP_background
YOLO11n,United_States__United_States_002265,D00,0.6786,0.011915,0.3742,FP_localization
YOLO11n,United_States__United_States_002265,D20,0.624,0.134711,0.84,TP
YOLO11n,United_States__United_States_002272,D00,0.5074,0.076776,0.7534,FP_classification
YOLO11n,United_States__United_States_002272,D00,0.2352,0.053444,0.6664,FP_classification
YOLO11n,United_States__United_States_002283,D00,0.7673,0.134658,0.6564,TP
YOLO11n,United_States__United_States_002283,D00,0.2818,0.091402,0.8614,FP_duplicate
YOLO11n,United_States__United_States_002283,D00,0.2405,0.014877,0.0,FP_background
YOLO11n,United_States__United_States_002292,D00,0.7503,0.05196,0.6513,TP
YOLO11n,United_States__United_States_002292,D00,0.4538,0.111399,0.4391,FP_localization
YOLO11n,United_States__United_States_002292,D00,0.4213,0.004744,0.6455,TP
YOLO11n,United_States__United_States_002292,D00,0.3241,0.004217,0.2991,FP_localization
YOLO11n,United_States__United_States_002292,D10,0.3083,0.028661,0.8911,TP
YOLO11n,United_States__United_States_002292,D00,0.2392,0.025884,0.8723,FP_classification
YOLO11n,United_States__United_States_002294,D00,0.4739,0.014159,0.8956,TP
YOLO11n,United_States__United_States_002299,D00,0.5671,0.034329,0.8686,TP
YOLO11n,United_States__United_States_002302,D10,0.4956,0.01187,0.8385,TP
YOLO11n,United_States__United_States_002302,D10,0.367,0.016839,0.5971,FP_duplicate
YOLO11n,United_States__United_States_002303,D00,0.5338,0.025906,0.9149,TP
YOLO11n,United_States__United_States_002303,D10,0.3883,0.015985,0.7767,TP
YOLO11n,United_States__United_States_002303,D00,0.345,0.035399,0.6691,FP_duplicate
YOLO11n,United_States__United_States_002303,D10,0.2714,0.020505,0.6233,FP_duplicate
YOLO11n,United_States__United_States_002303,D10,0.2384,0.03431,0.4269,FP_localization
YOLO11n,United_States__United_States_002309,D00,0.4981,0.115974,0.6702,TP
YOLO11n,United_States__United_States_002312,D00,0.3825,0.014846,0.3574,FP_localization
YOLO11n,United_States__United_States_002312,D00,0.3008,0.055391,0.6854,TP
YOLO11n,United_States__United_States_002312,D00,0.2385,0.020747,0.304,FP_localization
YOLO11n,United_States__United_States_002322,D00,0.5109,0.011077,0.7493,TP
YOLO11n,United_States__United_States_002322,D00,0.3686,0.013595,0.8658,TP
YOLO11n,United_States__United_States_002322,D00,0.282,0.026468,0.5241,FP_duplicate
YOLO11n,United_States__United_States_002322,D00,0.2735,0.018391,0.7616,FP_duplicate
YOLO11n,United_States__United_States_002322,D00,0.2694,0.009471,0.6032,FP_duplicate
YOLO11n,United_States__United_States_002327,D10,0.4965,0.0148,0.2061,FP_localization
YOLO11n,United_States__United_States_002327,D00,0.4785,0.005459,0.6459,TP
YOLO11n,United_States__United_States_002327,D00,0.3783,0.003782,0.6591,FP_duplicate
YOLO11n,United_States__United_States_002327,D00,0.3662,0.003873,0.0,FP_background
YOLO11n,United_States__United_States_002327,D10,0.3548,0.021733,0.2793,FP_localization
YOLO11n,United_States__United_States_002327,D10,0.3254,0.023588,0.3638,FP_localization
YOLO11n,United_States__United_States_002327,D10,0.2491,0.040155,0.4091,FP_localization
YOLO11n,United_States__United_States_002328,D00,0.7441,0.062765,0.6652,TP
YOLO11n,United_States__United_States_002328,D00,0.3479,0.08215,0.5082,FP_duplicate
YOLO11n,United_States__United_States_002332,D00,0.5209,0.027834,0.1186,FP_background
YOLO11n,United_States__United_States_002332,D20,0.2813,0.146553,0.6052,TP
YOLO11n,United_States__United_States_002332,D20,0.265,0.057567,0.6357,FP_duplicate
YOLO11n,United_States__United_States_002337,D00,0.3363,0.01693,0.1516,FP_localization
YOLO11n,United_States__United_States_002337,D20,0.3326,0.24173,0.365,FP_background
YOLO11n,United_States__United_States_002337,D00,0.2919,0.084163,0.3464,FP_localization
YOLO11n,United_States__United_States_002337,D00,0.2361,0.028394,0.6101,TP
YOLO11n,United_States__United_States_002339,D00,0.646,0.06221,0.7806,TP
YOLO11n,United_States__United_States_002359,D10,0.3871,0.019162,0.3142,FP_localization
YOLO11n,United_States__United_States_002359,D00,0.2405,0.002366,0.0,FP_background
YOLO11n,United_States__United_States_002361,D00,0.6025,0.03725,0.8409,TP
YOLO11n,United_States__United_States_002368,D00,0.6676,0.090744,0.7312,TP
YOLO11n,United_States__United_States_002368,D00,0.4563,0.006505,0.8377,TP
YOLO11n,United_States__United_States_002368,D00,0.4365,0.009007,0.8376,TP
YOLO11n,United_States__United_States_002370,D00,0.8591,0.074382,0.7467,TP
YOLO11n,United_States__United_States_002370,D00,0.5433,0.074585,0.5763,TP
YOLO11n,United_States__United_States_002370,D00,0.3751,0.011562,0.005,FP_background
YOLO11n,United_States__United_States_002388,D00,0.6736,0.027665,0.8466,TP
YOLO11n,United_States__United_States_002388,D10,0.4629,0.007901,0.7655,TP
YOLO11n,United_States__United_States_002390,D00,0.6301,0.010903,0.1623,FP_localization
YOLO11n,United_States__United_States_002390,D00,0.3647,0.08171,0.6966,TP
YOLO11n,United_States__United_States_002391,D10,0.3911,0.039189,0.6405,TP
YOLO11n,United_States__United_States_002394,D10,0.4216,0.018262,0.5554,TP
YOLO11n,United_States__United_States_002403,D20,0.3876,0.054435,0.5036,FP_classification
YOLO11n,United_States__United_States_002403,D20,0.3444,0.004957,0.5634,TP
YOLO11n,United_States__United_States_002403,D20,0.3176,0.096682,0.7764,FP_classification
YOLO11n,United_States__United_States_002405,D10,0.4346,0.020004,0.275,FP_background
YOLO11n,United_States__United_States_002405,D00,0.3404,0.014117,0.8529,TP
YOLO11n,United_States__United_States_002405,D00,0.328,0.012449,0.8678,TP
YOLO11n,United_States__United_States_002405,D20,0.2698,0.072829,0.9143,TP
YOLO11n,United_States__United_States_002410,D10,0.4473,0.081569,0.8292,TP
YOLO11n,United_States__United_States_002410,D10,0.3214,0.023374,0.2715,FP_localization
YOLO11n,United_States__United_States_002410,D10,0.2898,0.057192,0.5614,FP_duplicate
YOLO11n,United_States__United_States_002412,D10,0.4209,0.010305,0.8704,TP
YOLO11n,United_States__United_States_002412,D10,0.3827,0.007883,0.9032,TP
YOLO11n,United_States__United_States_002412,D10,0.2314,0.018857,0.4629,FP_localization
YOLO11n,United_States__United_States_002417,D00,0.7783,0.054852,0.7679,TP
YOLO11n,United_States__United_States_002417,D00,0.2924,0.025317,0.5279,FP_duplicate
YOLO11n,United_States__United_States_002420,D00,0.504,0.011932,0.7832,TP
YOLO11n,United_States__United_States_002420,D00,0.3245,0.013056,0.6297,TP
YOLO11n,United_States__United_States_002420,D00,0.2518,0.009877,0.9016,FP_duplicate
YOLO11n,United_States__United_States_002428,D00,0.493,0.004575,0.7061,TP
YOLO11n,United_States__United_States_002428,D10,0.4138,0.009098,0.786,TP
YOLO11n,United_States__United_States_002428,D00,0.3962,0.030966,0.7663,TP
YOLO11n,United_States__United_States_002432,D00,0.5294,0.029187,0.8335,TP
YOLO11n,United_States__United_States_002435,D10,0.5528,0.014132,0.8749,TP
YOLO11n,United_States__United_States_002435,D00,0.485,0.022083,0.7438,TP
YOLO11n,United_States__United_States_002444,D00,0.5888,0.004521,0.7602,TP
YOLO11n,United_States__United_States_002444,D00,0.3467,0.016399,0.209,FP_localization
YOLO11n,United_States__United_States_002444,D00,0.3087,0.001329,0.7588,TP
YOLO11n,United_States__United_States_002444,D00,0.2525,0.010154,0.7405,TP
YOLO11n,United_States__United_States_002444,D10,0.2451,0.009869,0.762,FP_classification
YOLO11n,United_States__United_States_002448,D00,0.8459,0.059074,0.8804,TP
YOLO11n,United_States__United_States_002448,D10,0.426,0.014445,0.6849,TP
YOLO11n,United_States__United_States_002448,D00,0.2298,0.005924,0.7666,TP
YOLO11n,United_States__United_States_002451,D10,0.6078,0.020048,0.7999,TP
YOLO11n,United_States__United_States_002451,D00,0.2983,0.020661,0.7184,TP
YOLO11n,United_States__United_States_002451,D00,0.2325,0.078246,0.8657,TP
YOLO11n,United_States__United_States_002460,D00,0.5018,0.027077,0.7357,TP
YOLO11n,United_States__United_States_002460,D10,0.265,0.010856,0.0,FP_background
YOLO11n,United_States__United_States_002460,D10,0.2633,0.015459,0.4037,FP_localization
YOLO11n,United_States__United_States_002460,D00,0.2577,0.037838,0.5153,FP_duplicate
YOLO11n,United_States__United_States_002462,D00,0.5058,0.021921,0.842,TP
YOLO11n,United_States__United_States_002462,D10,0.2621,0.009636,0.0,FP_background
YOLO11n,United_States__United_States_002495,D00,0.4572,0.057983,0.8138,TP
YOLO11n,United_States__United_States_002495,D00,0.3679,0.006028,0.8715,TP
YOLO11n,United_States__United_States_002502,D00,0.4161,0.01473,0.5947,TP
YOLO11n,United_States__United_States_002502,D20,0.3786,0.036326,0.6463,TP
YOLO11n,United_States__United_States_002502,D10,0.2897,0.020655,0.0,FP_background
YOLO11n,United_States__United_States_002504,D00,0.3102,0.002486,0.8287,TP
YOLO11n,United_States__United_States_002504,D00,0.2317,0.005006,0.0,FP_background
YOLO11n,United_States__United_States_002510,D00,0.243,0.032374,0.708,FP_classification
YOLO11n,United_States__United_States_002513,D00,0.2761,0.006611,0.0,FP_background
YOLO11n,United_States__United_States_002518,D00,0.6192,0.007836,0.9335,TP
YOLO11n,United_States__United_States_002518,D10,0.3397,0.011169,0.0528,FP_background
YOLO11n,United_States__United_States_002518,D00,0.3129,0.013352,0.7413,TP
YOLO11n,United_States__United_States_002522,D10,0.5573,0.025629,0.7746,TP
YOLO11n,United_States__United_States_002531,D00,0.2834,0.03036,0.4408,FP_localization
YOLO11n,United_States__United_States_002536,D00,0.4665,0.014047,0.7637,TP
YOLO11n,United_States__United_States_002541,D10,0.468,0.020876,0.7252,TP
YOLO11n,United_States__United_States_002541,D00,0.4636,0.03957,0.8179,TP
YOLO11n,United_States__United_States_002541,D00,0.2454,0.012753,0.3325,FP_localization
YOLO11n,United_States__United_States_002542,D00,0.7097,0.161875,0.07,FP_background
YOLO11n,United_States__United_States_002542,D10,0.5033,0.010028,0.8845,TP
YOLO11n,United_States__United_States_002542,D10,0.3877,0.015023,0.397,FP_localization
YOLO11n,United_States__United_States_002542,D20,0.3547,0.037603,0.7688,TP
YOLO11n,United_States__United_States_002548,D00,0.7758,0.194855,0.7487,TP
YOLO11n,United_States__United_States_002548,D00,0.6722,0.00612,0.9897,TP
YOLO11n,United_States__United_States_002560,D00,0.6774,0.015218,0.244,FP_localization
YOLO11n,United_States__United_States_002561,D00,0.4648,0.014446,0.7815,TP
YOLO11n,United_States__United_States_002566,D00,0.5571,0.005422,0.0,FP_background
YOLO11n,United_States__United_States_002566,D00,0.2713,0.016237,0.5508,TP
YOLO11n,United_States__United_States_002566,D00,0.2582,0.015566,0.6729,TP
YOLO11n,United_States__United_States_002566,D10,0.2447,0.005449,0.5027,TP
YOLO11n,United_States__United_States_002575,D10,0.7323,0.00971,0.916,TP
YOLO11n,United_States__United_States_002577,D20,0.6855,0.192907,0.8556,TP
YOLO11n,United_States__United_States_002602,D10,0.6385,0.020169,0.451,FP_localization
YOLO11n,United_States__United_States_002603,D00,0.4638,0.031612,0.8847,TP
YOLO11n,United_States__United_States_002609,D00,0.5662,0.01515,0.5112,TP
YOLO11n,United_States__United_States_002609,D00,0.4896,0.004279,0.5694,TP
YOLO11n,United_States__United_States_002609,D00,0.2307,0.045502,0.2004,FP_localization
YOLO11n,United_States__United_States_002610,D10,0.4598,0.003587,0.8653,TP
YOLO11n,United_States__United_States_002610,D20,0.4523,0.254395,0.9196,TP
YOLO11n,United_States__United_States_002611,D00,0.5353,0.016809,0.801,TP
YOLO11n,United_States__United_States_002611,D00,0.2906,0.022737,0.603,FP_duplicate
YOLO11n,United_States__United_States_002612,D00,0.7298,0.122712,0.8484,TP
YOLO11n,United_States__United_States_002612,D00,0.3555,0.03895,0.7385,TP
YOLO11n,United_States__United_States_002613,D00,0.468,0.021784,0.8386,TP
YOLO11n,United_States__United_States_002613,D00,0.2633,0.033533,0.5789,FP_duplicate
YOLO11n,United_States__United_States_002649,D00,0.6052,0.007699,0.5203,TP
YOLO11n,United_States__United_States_002649,D00,0.4388,0.053266,0.0,FP_background
YOLO11n,United_States__United_States_002649,D00,0.3877,0.00526,0.8168,TP
YOLO11n,United_States__United_States_002649,D00,0.2969,0.007627,0.6625,FP_duplicate
YOLO11n,United_States__United_States_002652,D20,0.6961,0.130207,0.9108,TP
YOLO11n,United_States__United_States_002652,D20,0.3816,0.087008,0.6852,TP
YOLO11n,United_States__United_States_002652,D00,0.3034,0.010362,0.0012,FP_background
YOLO11n,United_States__United_States_002655,D10,0.2962,0.009054,0.0,FP_background
YOLO11n,United_States__United_States_002655,D10,0.2938,0.016354,0.6635,TP
YOLO11n,United_States__United_States_002668,D00,0.6789,0.037776,0.9198,TP
YOLO11n,United_States__United_States_002668,D10,0.4192,0.034391,0.7991,TP
YOLO11n,United_States__United_States_002668,D10,0.3067,0.04942,0.5561,FP_duplicate
YOLO11n,United_States__United_States_002668,D00,0.2572,0.054395,0.6517,FP_duplicate
YOLO11n,United_States__United_States_002669,D10,0.6379,0.02111,0.9042,TP
YOLO11n,United_States__United_States_002669,D10,0.3214,0.028243,0.7486,FP_duplicate
YOLO11n,United_States__United_States_002669,D00,0.2837,0.059168,0.8228,TP
YOLO11n,United_States__United_States_002677,D00,0.5769,0.062042,0.8346,TP
YOLO11n,United_States__United_States_002677,D00,0.559,0.00661,0.7711,TP
YOLO11n,United_States__United_States_002677,D10,0.2518,0.01808,0.0704,FP_background
YOLO11n,United_States__United_States_002678,D00,0.64,0.018062,0.9015,TP
YOLO11n,United_States__United_States_002678,D10,0.3511,0.012229,0.0,FP_background
YOLO11n,United_States__United_States_002678,D00,0.3504,0.056586,0.3131,FP_localization
YOLO11n,United_States__United_States_002678,D00,0.2745,0.003949,0.0,FP_background
YOLO11n,United_States__United_States_002681,D10,0.7622,0.022263,0.829,TP
YOLO11n,United_States__United_States_002692,D10,0.5123,0.013571,0.913,TP
YOLO11n,United_States__United_States_002692,D00,0.358,0.032269,0.0175,FP_background
YOLO11n,United_States__United_States_002711,D00,0.5088,0.015792,0.7493,TP
YOLO11n,United_States__United_States_002711,D00,0.2565,0.007019,0.333,FP_localization
YOLO11n,United_States__United_States_002711,D00,0.2498,0.040266,0.7328,TP
YOLO11n,United_States__United_States_002718,D00,0.53,0.013608,0.9029,TP
YOLO11n,United_States__United_States_002718,D10,0.3417,0.018469,0.2697,FP_localization
YOLO11n,United_States__United_States_002734,D00,0.8094,0.062715,0.7661,TP
YOLO11n,United_States__United_States_002738,D00,0.2374,0.012489,0.871,TP
YOLO11n,United_States__United_States_002740,D00,0.4645,0.037087,0.0,FP_background
YOLO11n,United_States__United_States_002740,D00,0.3889,0.033284,0.6925,TP
YOLO11n,United_States__United_States_002740,D00,0.3444,0.034632,0.7072,FP_duplicate
YOLO11n,United_States__United_States_002740,D00,0.3323,0.050788,0.4822,FP_localization
YOLO11n,United_States__United_States_002749,D10,0.2494,0.012929,0.7394,TP
YOLO11n,United_States__United_States_002779,D00,0.5038,0.147892,0.4494,FP_localization
YOLO11n,United_States__United_States_002779,D10,0.3656,0.016542,0.1237,FP_background
YOLO11n,United_States__United_States_002779,D00,0.3262,0.103448,0.6434,TP
YOLO11n,United_States__United_States_002794,D00,0.778,0.128311,0.9272,TP
YOLO11n,United_States__United_States_002794,D00,0.5462,0.019867,0.8051,TP
YOLO11n,United_States__United_States_002794,D10,0.3029,0.00424,0.7091,TP
YOLO11n,United_States__United_States_002794,D10,0.2576,0.012051,0.0,FP_background
YOLO11n,United_States__United_States_002797,D00,0.6696,0.030118,0.7066,TP
YOLO11n,United_States__United_States_002797,D00,0.2653,0.087237,0.4452,FP_localization
YOLO11n,United_States__United_States_002798,D00,0.4595,0.014428,0.9099,TP
YOLO11n,United_States__United_States_002798,D10,0.3306,0.034837,0.8499,TP
YOLO11n,United_States__United_States_002799,D10,0.6038,0.019133,0.8437,TP
YOLO11n,United_States__United_States_002799,D10,0.2753,0.006546,0.0,FP_background
YOLO11n,United_States__United_States_002807,D00,0.7295,0.058144,0.6719,TP
YOLO11n,United_States__United_States_002807,D00,0.4206,0.002343,0.7112,TP
YOLO11n,United_States__United_States_002807,D00,0.2933,0.038976,0.922,FP_duplicate
YOLO11n,United_States__United_States_002838,D00,0.2634,0.009222,0.6769,TP
YOLO11n,United_States__United_States_002839,D00,0.6523,0.019737,0.9254,TP
YOLO11n,United_States__United_States_002849,D00,0.7052,0.043954,0.8094,TP
YOLO11n,United_States__United_States_002849,D00,0.6323,0.064543,0.698,TP
YOLO11n,United_States__United_States_002849,D00,0.349,0.017937,0.793,TP
YOLO11n,United_States__United_States_002851,D00,0.694,0.082704,0.8077,TP
YOLO11n,United_States__United_States_002851,D10,0.6789,0.008255,0.8446,TP
YOLO11n,United_States__United_States_002851,D00,0.3202,0.058243,0.667,FP_duplicate
YOLO11n,United_States__United_States_002851,D00,0.234,0.03248,0.0019,FP_background
YOLO11n,United_States__United_States_002855,D00,0.4748,0.004941,0.74,TP
YOLO11n,United_States__United_States_002858,D10,0.3025,0.007341,0.0,FP_background
YOLO11n,United_States__United_States_002870,D00,0.6693,0.006627,0.9541,TP
YOLO11n,United_States__United_States_002870,D10,0.2962,0.02023,0.077,FP_background
YOLO11n,United_States__United_States_002870,D00,0.2915,0.008439,0.9389,TP
YOLO11n,United_States__United_States_002887,D00,0.5682,0.01326,0.5468,TP
YOLO11n,United_States__United_States_002891,D00,0.4543,0.026576,0.6894,TP
YOLO11n,United_States__United_States_002891,D00,0.3405,0.001887,0.0,FP_background
YOLO11n,United_States__United_States_002891,D00,0.2555,0.018017,0.8819,FP_duplicate
YOLO11n,United_States__United_States_002895,D00,0.555,0.020723,0.4155,FP_localization
YOLO11n,United_States__United_States_002895,D10,0.4968,0.013289,0.8568,TP
YOLO11n,United_States__United_States_002895,D10,0.4546,0.007953,0.0565,FP_background
YOLO11n,United_States__United_States_002895,D00,0.3131,0.046314,0.8885,TP
YOLO11n,United_States__United_States_002895,D00,0.3014,0.004136,0.0877,FP_background
YOLO11n,United_States__United_States_002895,D00,0.2391,0.125712,0.0,FP_background
YOLO11n,United_States__United_States_002903,D00,0.8613,0.099741,0.9353,TP
YOLO11n,United_States__United_States_002903,D00,0.6726,0.066659,0.8451,TP
YOLO11n,United_States__United_States_002903,D00,0.6294,0.040926,0.5915,FP_duplicate
YOLO11n,United_States__United_States_002905,D00,0.5731,0.064299,0.5249,TP
YOLO11n,United_States__United_States_002905,D00,0.4612,0.111269,0.8171,FP_duplicate
YOLO11n,United_States__United_States_002905,D00,0.4418,0.006241,0.7892,TP
YOLO11n,United_States__United_States_002905,D00,0.3722,0.012369,0.125,FP_localization
YOLO11n,United_States__United_States_002908,D00,0.5765,0.003963,0.8496,TP
YOLO11n,United_States__United_States_002908,D00,0.552,0.063452,0.8302,TP
YOLO11n,United_States__United_States_002908,D10,0.4721,0.006777,0.2702,FP_localization
YOLO11n,United_States__United_States_002908,D00,0.3369,0.004325,0.0,FP_background
YOLO11n,United_States__United_States_002911,D10,0.4684,0.013857,0.4288,FP_localization
YOLO11n,United_States__United_States_002930,D00,0.502,0.00458,0.4722,FP_localization
YOLO11n,United_States__United_States_002930,D00,0.4682,0.013627,0.3876,FP_localization
YOLO11n,United_States__United_States_002930,D00,0.4148,0.025941,0.8262,TP
YOLO11n,United_States__United_States_002930,D00,0.2328,0.007281,0.8007,TP
YOLO11n,United_States__United_States_002931,D00,0.4348,0.019873,0.8495,TP
YOLO11n,United_States__United_States_002931,D10,0.3124,0.011563,0.7922,TP
YOLO11n,United_States__United_States_002931,D10,0.2762,0.006812,0.7112,FP_duplicate
YOLO11n,United_States__United_States_002931,D00,0.263,0.019072,0.3121,FP_localization
YOLO11n,United_States__United_States_002931,D00,0.2559,0.036037,0.5908,TP
YOLO11n,United_States__United_States_002936,D00,0.551,0.072251,0.7778,FP_classification
YOLO11n,United_States__United_States_002936,D00,0.4144,0.007026,0.0339,FP_background
YOLO11n,United_States__United_States_002936,D00,0.323,0.019949,0.8778,TP
YOLO11n,United_States__United_States_002949,D00,0.4706,0.002956,0.8876,TP
YOLO11n,United_States__United_States_002949,D00,0.4243,0.004059,0.796,TP
YOLO11n,United_States__United_States_002949,D00,0.3094,0.020541,0.0,FP_background
YOLO11n,United_States__United_States_002949,D00,0.2681,0.003478,0.0,FP_background
YOLO11n,United_States__United_States_002949,D00,0.2589,0.01431,0.0,FP_background
YOLO11n,United_States__United_States_002949,D10,0.2417,0.034588,0.0,FP_background
YOLO11n,United_States__United_States_002950,D10,0.2948,0.004885,0.7973,TP
YOLO11n,United_States__United_States_002968,D00,0.6189,0.044172,0.8285,TP
YOLO11n,United_States__United_States_002968,D00,0.3472,0.074314,0.5551,FP_duplicate
YOLO11n,United_States__United_States_002972,D00,0.2835,0.01853,0.9064,TP
YOLO11n,United_States__United_States_002976,D00,0.4267,0.018124,0.2982,FP_localization
YOLO11n,United_States__United_States_002987,D00,0.5419,0.037823,0.9105,TP
YOLO11n,United_States__United_States_002989,D00,0.4332,0.02134,0.5199,TP
YOLO11n,United_States__United_States_002994,D10,0.4798,0.022922,0.6043,FP_classification
YOLO11n,United_States__United_States_002995,D00,0.4152,0.03627,0.7001,TP
YOLO11n,United_States__United_States_002996,D00,0.5153,0.00413,0.0,FP_background
YOLO11n,United_States__United_States_003012,D00,0.5569,0.054003,0.6255,TP
YOLO11n,United_States__United_States_003012,D00,0.3402,0.048991,0.757,FP_classification
YOLO11n,United_States__United_States_003012,D10,0.2631,0.011708,0.6137,TP
YOLO11n,United_States__United_States_003012,D10,0.2429,0.009091,0.7904,FP_duplicate
YOLO11n,United_States__United_States_003026,D00,0.3725,0.030859,0.4426,FP_localization
YOLO11n,United_States__United_States_003026,D00,0.3292,0.008688,0.0,FP_background
YOLO11n,United_States__United_States_003026,D10,0.2674,0.016775,0.2781,FP_localization
YOLO11n,United_States__United_States_003026,D00,0.2469,0.018644,0.7012,TP
YOLO11n,United_States__United_States_003033,D10,0.7339,0.009383,0.8766,TP
YOLO11n,United_States__United_States_003033,D00,0.5287,0.028394,0.3498,FP_localization
YOLO11n,United_States__United_States_003033,D00,0.3327,0.054783,0.1809,FP_localization
YOLO11n,United_States__United_States_003033,D10,0.3134,0.013614,0.6462,FP_duplicate
YOLO11n,United_States__United_States_003036,D00,0.4863,0.024932,0.8998,TP
YOLO11n,United_States__United_States_003036,D00,0.3008,0.047843,0.5573,FP_duplicate
YOLO11n,United_States__United_States_003037,D00,0.6334,0.006221,0.8143,TP
YOLO11n,United_States__United_States_003037,D00,0.4983,0.023859,0.6866,TP
YOLO11n,United_States__United_States_003037,D10,0.4454,0.008456,0.8962,TP
YOLO11n,United_States__United_States_003037,D10,0.3885,0.084853,0.244,FP_localization
YOLO11n,United_States__United_States_003037,D00,0.3579,0.00349,0.0,FP_background
YOLO11n,United_States__United_States_003037,D10,0.3369,0.141819,0.1412,FP_localization
YOLO11n,United_States__United_States_003037,D10,0.3109,0.10342,0.214,FP_localization
YOLO11n,United_States__United_States_003037,D10,0.249,0.02384,0.51,TP
YOLO11n,United_States__United_States_003047,D10,0.551,0.035718,0.8447,TP
YOLO11n,United_States__United_States_003047,D10,0.3985,0.017223,0.3522,FP_localization
YOLO11n,United_States__United_States_003047,D10,0.3941,0.028976,0.2222,FP_localization
YOLO11n,United_States__United_States_003047,D10,0.3715,0.009213,0.1775,FP_localization
YOLO11n,United_States__United_States_003047,D00,0.3535,0.053242,0.65,TP
YOLO11n,United_States__United_States_003047,D10,0.2309,0.0137,0.436,FP_localization
YOLO11n,United_States__United_States_003055,D00,0.2661,0.003401,0.0,FP_background
YOLO11n,United_States__United_States_003059,D10,0.5904,0.043801,0.8496,TP
YOLO11n,United_States__United_States_003059,D00,0.5723,0.085024,0.6501,TP
YOLO11n,United_States__United_States_003059,D00,0.3758,0.004511,0.8574,TP
YOLO11n,United_States__United_States_003059,D10,0.3712,0.070888,0.5409,FP_duplicate
YOLO11n,United_States__United_States_003059,D00,0.3421,0.023661,0.8273,TP
YOLO11n,United_States__United_States_003059,D00,0.3089,0.017768,0.6447,FP_duplicate
YOLO11n,United_States__United_States_003061,D10,0.6619,0.05909,0.9597,TP
YOLO11n,United_States__United_States_003062,D00,0.6323,0.043985,0.7062,TP
YOLO11n,United_States__United_States_003062,D00,0.6141,0.031003,0.8676,FP_duplicate
YOLO11n,United_States__United_States_003062,D00,0.5314,0.014622,0.9029,TP
YOLO11n,United_States__United_States_003062,D00,0.4038,0.003242,0.0,FP_background
YOLO11n,United_States__United_States_003067,D00,0.6219,0.072549,0.6951,TP
YOLO11n,United_States__United_States_003067,D00,0.5673,0.060511,0.9366,FP_duplicate
YOLO11n,United_States__United_States_003067,D10,0.4579,0.00405,0.0432,FP_background
YOLO11n,United_States__United_States_003067,D10,0.3664,0.002516,0.0412,FP_background
YOLO11n,United_States__United_States_003067,D10,0.2479,0.006159,0.0843,FP_background
YOLO11n,United_States__United_States_003067,D10,0.2385,0.006001,0.06,FP_background
YOLO11n,United_States__United_States_003074,D00,0.5984,0.078304,0.6747,TP
YOLO11n,United_States__United_States_003074,D00,0.429,0.012599,0.8295,TP
YOLO11n,United_States__United_States_003074,D20,0.3647,0.02693,0.7141,TP
YOLO11n,United_States__United_States_003074,D00,0.2938,0.011524,0.683,TP
YOLO11n,United_States__United_States_003076,D10,0.4733,0.017229,0.6462,TP
YOLO11n,United_States__United_States_003076,D00,0.4463,0.015604,0.0,FP_background
YOLO11n,United_States__United_States_003076,D00,0.3878,0.005716,0.0,FP_background
YOLO11n,United_States__United_States_003078,D00,0.4006,0.007265,0.8499,TP
YOLO11n,United_States__United_States_003078,D00,0.2504,0.026411,0.0,FP_background
YOLO11n,United_States__United_States_003081,D00,0.6382,0.189787,0.6599,FP_classification
YOLO11n,United_States__United_States_003081,D00,0.4194,0.015673,0.3807,FP_localization
YOLO11n,United_States__United_States_003081,D00,0.2569,0.138873,0.9417,FP_classification
YOLO11n,United_States__United_States_003084,D20,0.5397,0.087755,0.7241,TP
YOLO11n,United_States__United_States_003085,D10,0.5363,0.010528,0.7465,TP
YOLO11n,United_States__United_States_003085,D00,0.4135,0.006174,0.0528,FP_background
YOLO11n,United_States__United_States_003085,D00,0.2965,0.008761,0.3626,FP_localization
YOLO11n,United_States__United_States_003093,D20,0.6485,0.165841,0.2595,FP_background
YOLO11n,United_States__United_States_003119,D10,0.5261,0.004473,0.9091,TP
YOLO11n,United_States__United_States_003119,D10,0.3616,0.018777,0.0,FP_background
YOLO11n,United_States__United_States_003119,D10,0.2964,0.007362,0.5376,FP_duplicate
YOLO11n,United_States__United_States_003142,D00,0.2602,0.00445,0.9329,TP
YOLO11n,United_States__United_States_003148,D00,0.518,0.023221,0.6712,TP
YOLO11n,United_States__United_States_003172,D00,0.4279,0.00342,0.0,FP_background
YOLO11n,United_States__United_States_003175,D20,0.8725,0.278593,0.7346,TP
YOLO11n,United_States__United_States_003178,D00,0.6828,0.014993,0.8679,TP
YOLO11n,United_States__United_States_003178,D00,0.6211,0.128609,0.665,TP
YOLO11n,United_States__United_States_003178,D00,0.4091,0.138848,0.4766,FP_localization
YOLO11n,United_States__United_States_003178,D00,0.2678,0.012403,0.5986,TP
YOLO11n,United_States__United_States_003178,D00,0.2424,0.007784,0.9369,FP_duplicate
YOLO11n,United_States__United_States_003189,D00,0.6175,0.012637,0.7404,TP
YOLO11n,United_States__United_States_003189,D10,0.5787,0.025086,0.6871,TP
YOLO11n,United_States__United_States_003189,D10,0.3005,0.041422,0.5296,FP_duplicate
YOLO11n,United_States__United_States_003215,D00,0.6833,0.045846,0.7098,TP
YOLO11n,United_States__United_States_003215,D00,0.6184,0.034184,0.9572,FP_duplicate
YOLO11n,United_States__United_States_003222,D20,0.2521,0.066468,0.0586,FP_background
YOLO11n,United_States__United_States_003230,D10,0.2297,0.015086,0.0495,FP_background
YOLO11n,United_States__United_States_003231,D00,0.7832,0.117463,0.9645,TP
YOLO11n,United_States__United_States_003231,D00,0.6039,0.016581,0.6337,TP
YOLO11n,United_States__United_States_003231,D00,0.4818,0.040764,0.5139,FP_duplicate
YOLO11n,United_States__United_States_003240,D10,0.6847,0.013448,0.8968,TP
YOLO11n,United_States__United_States_003240,D00,0.5581,0.123274,0.2407,FP_localization
YOLO11n,United_States__United_States_003240,D10,0.4608,0.083293,0.582,TP
YOLO11n,United_States__United_States_003240,D00,0.4568,0.020232,0.832,TP
YOLO11n,United_States__United_States_003240,D10,0.2906,0.123217,0.6503,FP_duplicate
YOLO11n,United_States__United_States_003240,D00,0.2509,0.075783,0.2251,FP_localization
YOLO11n,United_States__United_States_003240,D10,0.2498,0.009346,0.761,FP_duplicate
YOLO11n,United_States__United_States_003240,D00,0.2446,0.040572,0.1186,FP_background
YOLO11n,United_States__United_States_003250,D00,0.2731,0.056215,0.2981,FP_localization
YOLO11n,United_States__United_States_003250,D00,0.2644,0.019708,0.3325,FP_localization
YOLO11n,United_States__United_States_003250,D00,0.2576,0.022703,0.2379,FP_localization
YOLO11n,United_States__United_States_003251,D00,0.6263,0.026819,0.9101,TP
YOLO11n,United_States__United_States_003251,D00,0.4759,0.002671,0.6407,TP
YOLO11n,United_States__United_States_003251,D00,0.2922,0.038583,0.6387,FP_duplicate
YOLO11n,United_States__United_States_003258,D00,0.7476,0.149716,0.7915,TP
YOLO11n,United_States__United_States_003258,D10,0.3319,0.004899,0.0105,FP_background
YOLO11n,United_States__United_States_003258,D20,0.3273,0.116427,0.5703,TP
YOLO11n,United_States__United_States_003258,D20,0.309,0.074233,0.363,FP_localization
YOLO11n,United_States__United_States_003264,D20,0.7249,0.21552,0.9652,TP
YOLO11n,United_States__United_States_003266,D00,0.5387,0.017442,0.7956,TP
YOLO11n,United_States__United_States_003266,D00,0.2795,0.047245,0.6519,TP
YOLO11n,United_States__United_States_003272,D00,0.6809,0.024899,0.884,TP
YOLO11n,United_States__United_States_003272,D10,0.5782,0.014041,0.934,TP
YOLO11n,United_States__United_States_003272,D00,0.4607,0.034753,0.7727,TP
YOLO11n,United_States__United_States_003279,D00,0.6573,0.038334,0.7593,TP
YOLO11n,United_States__United_States_003279,D10,0.3284,0.034778,0.7054,TP
YOLO11n,United_States__United_States_003284,D00,0.642,0.057363,0.7342,TP
YOLO11n,United_States__United_States_003284,D00,0.5228,0.015006,0.8487,TP
YOLO11n,United_States__United_States_003289,D00,0.7021,0.019514,0.8843,TP
YOLO11n,United_States__United_States_003289,D00,0.6908,0.008892,0.9243,TP
YOLO11n,United_States__United_States_003289,D00,0.6099,0.008635,0.8437,TP
YOLO11n,United_States__United_States_003320,D00,0.6563,0.035538,0.6423,TP
YOLO11n,United_States__United_States_003320,D00,0.575,0.0114,0.7773,TP
YOLO11n,United_States__United_States_003320,D20,0.3066,0.045892,0.36,FP_background
YOLO11n,United_States__United_States_003321,D00,0.5631,0.012659,0.9336,TP
YOLO11n,United_States__United_States_003321,D20,0.3134,0.124355,0.8612,TP
YOLO11n,United_States__United_States_003321,D00,0.2894,0.004041,0.8554,TP
YOLO11n,United_States__United_States_003321,D10,0.2865,0.02047,0.4115,FP_localization
YOLO11n,United_States__United_States_003321,D10,0.271,0.009102,0.9253,TP
YOLO11n,United_States__United_States_003321,D00,0.2617,0.009867,0.0887,FP_background
YOLO11n,United_States__United_States_003321,D00,0.2362,0.017934,0.0,FP_background
YOLO11n,United_States__United_States_003336,D00,0.5792,0.011899,0.8728,TP
YOLO11n,United_States__United_States_003336,D00,0.5533,0.016217,0.9162,TP
YOLO11n,United_States__United_States_003340,D10,0.3776,0.020323,0.1831,FP_background
YOLO11n,United_States__United_States_003340,D10,0.3018,0.003839,0.6693,TP
YOLO11n,United_States__United_States_003340,D10,0.2652,0.038637,0.5573,FP_classification
YOLO11n,United_States__United_States_003356,D20,0.3442,0.115533,0.7252,TP
YOLO11n,United_States__United_States_003356,D00,0.3395,0.007957,0.721,TP
YOLO11n,United_States__United_States_003358,D00,0.4751,0.022635,0.7882,TP
YOLO11n,United_States__United_States_003358,D10,0.4494,0.012396,0.5569,TP
YOLO11n,United_States__United_States_003358,D10,0.313,0.016822,0.7281,TP
YOLO11n,United_States__United_States_003362,D00,0.8746,0.119126,0.9149,TP
YOLO11n,United_States__United_States_003364,D00,0.447,0.01119,0.6666,TP
YOLO11n,United_States__United_States_003369,D00,0.282,0.083245,0.6936,TP
YOLO11n,United_States__United_States_003375,D00,0.5313,0.078556,0.6748,TP
YOLO11n,United_States__United_States_003394,D00,0.5553,0.065355,0.4425,FP_localization
YOLO11n,United_States__United_States_003394,D00,0.5415,0.047468,0.7966,TP
YOLO11n,United_States__United_States_003394,D00,0.4915,0.042146,0.6862,TP
YOLO11n,United_States__United_States_003395,D00,0.3899,0.014413,0.843,TP
YOLO11n,United_States__United_States_003428,D20,0.7249,0.027927,0.9279,TP
YOLO11n,United_States__United_States_003446,D00,0.667,0.038892,0.7924,TP
YOLO11n,United_States__United_States_003446,D00,0.6643,0.045584,0.713,TP
YOLO11n,United_States__United_States_003446,D00,0.5142,0.093146,0.347,FP_localization
YOLO11n,United_States__United_States_003453,D10,0.3217,0.005412,0.9,TP
YOLO11n,United_States__United_States_003453,D00,0.3004,0.006379,0.5075,TP
YOLO11n,United_States__United_States_003453,D00,0.2556,0.074665,0.4771,FP_localization
YOLO11n,United_States__United_States_003453,D00,0.2328,0.027044,0.4895,FP_localization
YOLO11n,United_States__United_States_003454,D00,0.4071,0.020463,0.3536,FP_localization
YOLO11n,United_States__United_States_003454,D00,0.3999,0.017022,0.5999,TP
YOLO11n,United_States__United_States_003454,D00,0.3184,0.01831,0.0665,FP_background
YOLO11n,United_States__United_States_003455,D00,0.4609,0.008337,0.8689,TP
YOLO11n,United_States__United_States_003455,D00,0.3864,0.003895,0.9069,TP
YOLO11n,United_States__United_States_003455,D10,0.2855,0.018374,0.3568,FP_localization
YOLO11n,United_States__United_States_003455,D10,0.2808,0.027952,0.9212,TP
YOLO11n,United_States__United_States_003455,D10,0.2392,0.027497,0.5119,FP_duplicate
YOLO11n,United_States__United_States_003460,D00,0.6779,0.048242,0.8534,TP
YOLO11n,United_States__United_States_003481,D00,0.8171,0.129184,0.9144,TP
YOLO11n,United_States__United_States_003486,D00,0.338,0.023502,0.4816,FP_localization
YOLO11n,United_States__United_States_003494,D00,0.3881,0.007165,0.8462,TP
YOLO11n,United_States__United_States_003494,D00,0.3848,0.01136,0.6321,FP_duplicate
YOLO11n,United_States__United_States_003513,D00,0.4038,0.030039,0.6775,TP
YOLO11n,United_States__United_States_003513,D00,0.2383,0.028011,0.6452,FP_duplicate
YOLO11n,United_States__United_States_003516,D00,0.5972,0.075459,0.0152,FP_background
YOLO11n,United_States__United_States_003516,D00,0.3699,0.131957,0.3915,FP_localization
YOLO11n,United_States__United_States_003516,D10,0.2578,0.006499,0.8552,TP
YOLO11n,United_States__United_States_003518,D00,0.2872,0.005317,0.7973,TP
YOLO11n,United_States__United_States_003518,D00,0.2371,0.016956,0.2369,FP_localization
YOLO11n,United_States__United_States_003518,D10,0.2297,0.050922,0.0,FP_background
YOLO11n,United_States__United_States_003519,D00,0.5518,0.018099,0.8895,TP
YOLO11n,United_States__United_States_003519,D00,0.2885,0.018661,0.2244,FP_background
YOLO11n,United_States__United_States_003519,D20,0.2786,0.089588,0.6477,TP
YOLO11n,United_States__United_States_003519,D20,0.2485,0.058382,0.6603,FP_duplicate
YOLO11n,United_States__United_States_003524,D00,0.2564,0.004318,0.2935,FP_localization
YOLO11n,United_States__United_States_003524,D00,0.2393,0.014043,0.6472,TP
YOLO11n,United_States__United_States_003526,D00,0.5565,0.002494,0.6617,TP
YOLO11n,United_States__United_States_003530,D00,0.4731,0.055622,0.7628,TP
YOLO11n,United_States__United_States_003530,D10,0.3864,0.003437,0.0,FP_background
YOLO11n,United_States__United_States_003530,D00,0.279,0.065598,0.8968,TP
YOLO11n,United_States__United_States_003530,D10,0.2508,0.004118,0.7908,TP
YOLO11n,United_States__United_States_003533,D00,0.7353,0.117097,0.9334,TP
YOLO11n,United_States__United_States_003533,D00,0.4987,0.021884,0.8883,TP
YOLO11n,United_States__United_States_003533,D10,0.3578,0.005525,0.7423,TP
YOLO11n,United_States__United_States_003543,D00,0.6001,0.086608,0.6057,TP
YOLO11n,United_States__United_States_003544,D10,0.4792,0.010183,0.358,FP_localization
YOLO11n,United_States__United_States_003544,D10,0.425,0.022537,0.5364,TP
YOLO11n,United_States__United_States_003544,D10,0.2687,0.015858,0.2337,FP_localization
YOLO11n,United_States__United_States_003544,D00,0.2565,0.041632,0.6355,TP
YOLO11n,United_States__United_States_003548,D00,0.5093,0.115983,0.7481,TP
YOLO11n,United_States__United_States_003548,D00,0.3722,0.034286,0.2171,FP_localization
YOLO11n,United_States__United_States_003573,D00,0.4464,0.011347,0.7763,TP
YOLO11n,United_States__United_States_003576,D10,0.6221,0.01495,0.5397,TP
YOLO11n,United_States__United_States_003576,D20,0.2681,0.110268,0.6746,FP_classification
YOLO11n,United_States__United_States_003576,D00,0.2416,0.109694,0.6786,TP
YOLO11n,United_States__United_States_003586,D00,0.6485,0.022377,0.8205,TP
YOLO11n,United_States__United_States_003586,D00,0.2343,0.01017,0.0,FP_background
YOLO11n,United_States__United_States_003587,D10,0.5257,0.014466,0.8706,TP
YOLO11n,United_States__United_States_003587,D00,0.5012,0.030657,0.9278,TP
YOLO11n,United_States__United_States_003595,D10,0.5704,0.005349,0.0,FP_background
YOLO11n,United_States__United_States_003595,D00,0.4908,0.032653,0.5607,TP
YOLO11n,United_States__United_States_003600,D00,0.4816,0.008316,0.4301,FP_localization
YOLO11n,United_States__United_States_003600,D00,0.3366,0.013998,0.7211,TP
YOLO11n,United_States__United_States_003617,D10,0.2769,0.022475,0.5419,TP
YOLO11n,United_States__United_States_003617,D10,0.2721,0.013024,0.5121,TP
YOLO11n,United_States__United_States_003617,D00,0.2676,0.037878,0.0048,FP_background
YOLO11n,United_States__United_States_003617,D10,0.2403,0.008784,0.7071,FP_duplicate
YOLO11n,United_States__United_States_003619,D10,0.3706,0.03501,0.3417,FP_localization
YOLO11n,United_States__United_States_003619,D00,0.342,0.025423,0.7369,TP
YOLO11n,United_States__United_States_003619,D00,0.3275,0.048208,0.5681,FP_duplicate
YOLO11n,United_States__United_States_003619,D10,0.2843,0.015023,0.7117,TP
YOLO11n,United_States__United_States_003624,D00,0.5806,0.021311,0.89,TP
YOLO11n,United_States__United_States_003624,D00,0.5303,0.067089,0.6562,TP
YOLO11n,United_States__United_States_003624,D00,0.2346,0.032568,0.628,FP_duplicate
YOLO11n,United_States__United_States_003633,D00,0.8757,0.053407,0.7962,TP
YOLO11n,United_States__United_States_003642,D00,0.6098,0.007663,0.9166,TP
YOLO11n,United_States__United_States_003642,D00,0.5301,0.070006,0.7448,TP
YOLO11n,United_States__United_States_003642,D00,0.2593,0.036211,0.4722,FP_localization
YOLO11n,United_States__United_States_003648,D10,0.3703,0.012513,0.7929,TP
YOLO11n,United_States__United_States_003648,D00,0.2621,0.033512,0.0678,FP_background
YOLO11n,United_States__United_States_003653,D00,0.3973,0.004586,0.4403,FP_localization
YOLO11n,United_States__United_States_003653,D00,0.3609,0.042923,0.1727,FP_localization
YOLO11n,United_States__United_States_003667,D00,0.7755,0.057674,0.8991,TP
YOLO11n,United_States__United_States_003667,D00,0.6635,0.10149,0.6887,TP
YOLO11n,United_States__United_States_003667,D00,0.3851,0.066939,0.902,FP_duplicate
YOLO11n,United_States__United_States_003672,D20,0.4451,0.17009,0.6097,TP
YOLO11n,United_States__United_States_003672,D20,0.2957,0.149038,0.6959,FP_duplicate
YOLO11n,United_States__United_States_003672,D00,0.2523,0.014738,0.0,FP_background
YOLO11n,United_States__United_States_003672,D20,0.2474,0.099024,0.8911,FP_duplicate
YOLO11n,United_States__United_States_003683,D00,0.7958,0.075169,0.7075,TP
YOLO11n,United_States__United_States_003683,D10,0.3088,0.047915,0.764,TP
YOLO11n,United_States__United_States_003690,D10,0.5895,0.009403,0.7332,TP
YOLO11n,United_States__United_States_003690,D10,0.3232,0.007854,0.5998,FP_duplicate
YOLO11n,United_States__United_States_003701,D20,0.8817,0.358569,0.9575,TP
YOLO11n,United_States__United_States_003706,D00,0.5887,0.033768,0.7258,TP
YOLO11n,United_States__United_States_003706,D00,0.4222,0.049778,0.5843,FP_duplicate
YOLO11n,United_States__United_States_003722,D00,0.2525,0.011382,0.2197,FP_localization
YOLO11n,United_States__United_States_003722,D00,0.2498,0.014031,0.2166,FP_background
YOLO11n,United_States__United_States_003728,D00,0.5046,0.011285,0.2949,FP_localization
YOLO11n,United_States__United_States_003728,D00,0.4978,0.028807,0.7455,TP
YOLO11n,United_States__United_States_003728,D10,0.4662,0.011122,0.4956,FP_localization
YOLO11n,United_States__United_States_003728,D00,0.2629,0.020633,0.5383,FP_duplicate
YOLO11n,United_States__United_States_003729,D00,0.4911,0.034791,0.8845,TP
YOLO11n,United_States__United_States_003729,D00,0.2289,0.027806,0.2196,FP_localization
YOLO11n,United_States__United_States_003740,D00,0.6034,0.013852,0.8938,TP
YOLO11n,United_States__United_States_003740,D00,0.5277,0.010478,0.2272,FP_localization
YOLO11n,United_States__United_States_003740,D00,0.3827,0.007759,0.5442,FP_duplicate
YOLO11n,United_States__United_States_003740,D00,0.3778,0.001464,0.8567,TP
YOLO11n,United_States__United_States_003740,D00,0.3457,0.00364,0.7811,TP
YOLO11n,United_States__United_States_003744,D00,0.5827,0.028405,0.3787,FP_background
YOLO11n,United_States__United_States_003744,D10,0.5245,0.014308,0.8311,TP
YOLO11n,United_States__United_States_003744,D00,0.3302,0.001319,0.0017,FP_background
YOLO11n,United_States__United_States_003744,D10,0.2551,0.004419,0.6762,TP
YOLO11n,United_States__United_States_003744,D00,0.2448,0.008224,0.0297,FP_background
YOLO11n,United_States__United_States_003760,D10,0.41,0.014327,0.492,FP_localization
YOLO11n,United_States__United_States_003764,D10,0.499,0.025446,0.7973,TP
YOLO11n,United_States__United_States_003765,D00,0.6587,0.026316,0.9223,TP
YOLO11n,United_States__United_States_003788,D00,0.5673,0.067457,0.7539,TP
YOLO11n,United_States__United_States_003788,D20,0.3902,0.067526,0.0,FP_background
YOLO11n,United_States__United_States_003788,D00,0.3897,0.02136,0.5351,TP
YOLO11n,United_States__United_States_003788,D00,0.3608,0.030397,0.3832,FP_localization
YOLO11n,United_States__United_States_003788,D00,0.353,0.047094,0.597,FP_duplicate
YOLO11n,United_States__United_States_003788,D20,0.2889,0.038901,0.0,FP_background
YOLO11n,United_States__United_States_003792,D00,0.6689,0.026856,0.8083,TP
YOLO11n,United_States__United_States_003792,D00,0.4652,0.002932,0.5244,TP
YOLO11n,United_States__United_States_003792,D10,0.39,0.022619,0.8627,TP
YOLO11n,United_States__United_States_003793,D10,0.5941,0.070884,0.4924,FP_localization
YOLO11n,United_States__United_States_003793,D10,0.3391,0.014872,0.7252,TP
YOLO11n,United_States__United_States_003793,D10,0.2737,0.023612,0.6654,FP_duplicate
YOLO11n,United_States__United_States_003793,D00,0.256,0.012564,0.0782,FP_background
YOLO11n,United_States__United_States_003793,D10,0.2539,0.002718,0.0189,FP_background
YOLO11n,United_States__United_States_003793,D10,0.2478,0.020489,0.3825,FP_localization
YOLO11n,United_States__United_States_003808,D00,0.5968,0.062302,0.8099,TP
YOLO11n,United_States__United_States_003820,D00,0.3717,0.039976,0.8506,TP
YOLO11n,United_States__United_States_003821,D00,0.7587,0.034584,0.8084,TP
YOLO11n,United_States__United_States_003821,D00,0.4713,0.067153,0.7583,TP
YOLO11n,United_States__United_States_003821,D10,0.4262,0.007141,0.3447,FP_localization
YOLO11n,United_States__United_States_003821,D10,0.347,0.005024,0.0076,FP_background
YOLO11n,United_States__United_States_003833,D00,0.5533,0.154613,0.6543,TP
YOLO11n,United_States__United_States_003833,D00,0.3178,0.011549,0.7989,TP
YOLO11n,United_States__United_States_003833,D10,0.2367,0.017891,0.0,FP_background
YOLO11n,United_States__United_States_003834,D00,0.3302,0.005923,0.0,FP_background
YOLO11n,United_States__United_States_003834,D00,0.3191,0.015534,0.4962,FP_localization
YOLO11n,United_States__United_States_003836,D00,0.5714,0.010551,0.8271,TP
YOLO11n,United_States__United_States_003842,D00,0.4802,0.022811,0.9071,TP
YOLO11n,United_States__United_States_003845,D10,0.2686,0.017178,0.6025,TP
YOLO11n,United_States__United_States_003859,D20,0.7948,0.223633,0.4046,FP_localization
YOLO11n,United_States__United_States_003859,D00,0.3409,0.007803,0.0,FP_background
YOLO11n,United_States__United_States_003870,D00,0.4926,0.054292,0.7278,TP
YOLO11n,United_States__United_States_003870,D00,0.4247,0.021424,0.4443,FP_localization
YOLO11n,United_States__United_States_003874,D00,0.4836,0.007779,0.3936,FP_localization
YOLO11n,United_States__United_States_003874,D00,0.2766,0.016672,0.4317,FP_localization
YOLO11n,United_States__United_States_003874,D00,0.2334,0.012816,0.6258,TP
YOLO11n,United_States__United_States_003879,D00,0.5108,0.003421,0.1917,FP_localization
YOLO11n,United_States__United_States_003879,D00,0.2875,0.019133,0.8263,TP
YOLO11n,United_States__United_States_003910,D00,0.6806,0.029617,0.9246,TP
YOLO11n,United_States__United_States_003915,D00,0.7586,0.014462,0.8554,TP
YOLO11n,United_States__United_States_003915,D00,0.2847,0.012544,0.7805,TP
YOLO11n,United_States__United_States_003940,D00,0.2593,0.085069,0.5747,TP
YOLO11n,United_States__United_States_003940,D20,0.251,0.083402,0.5704,FP_classification
YOLO11n,United_States__United_States_003942,D20,0.6036,0.178412,0.8384,TP
YOLO11n,United_States__United_States_003942,D20,0.388,0.03647,0.4155,FP_background
YOLO11n,United_States__United_States_003943,D20,0.7493,0.122692,0.9045,TP
YOLO11n,United_States__United_States_003943,D20,0.3315,0.086946,0.3693,FP_localization
YOLO11n,United_States__United_States_003943,D20,0.3199,0.25706,0.4317,FP_localization
YOLO11n,United_States__United_States_003945,D00,0.3635,0.018559,0.8153,TP
YOLO11n,United_States__United_States_003945,D10,0.3452,0.004139,0.8557,TP
YOLO11n,United_States__United_States_003945,D00,0.2781,0.010622,0.5498,FP_duplicate
YOLO11n,United_States__United_States_003947,D00,0.5517,0.003453,0.7394,TP
YOLO11n,United_States__United_States_003964,D10,0.4728,0.009137,0.84,TP
YOLO11n,United_States__United_States_003966,D00,0.6759,0.032696,0.2972,FP_localization
YOLO11n,United_States__United_States_003966,D00,0.6157,0.098492,0.9043,TP
YOLO11n,United_States__United_States_003972,D10,0.4963,0.01573,0.8262,TP
YOLO11n,United_States__United_States_003972,D10,0.3408,0.029939,0.8689,FP_classification
YOLO11n,United_States__United_States_003972,D20,0.3159,0.25133,0.1216,FP_background
YOLO11n,United_States__United_States_003972,D00,0.2974,0.028175,0.8961,TP
YOLO11n,United_States__United_States_003972,D10,0.2586,0.017288,0.4958,FP_localization
YOLO11n,United_States__United_States_003985,D00,0.7684,0.075963,0.8395,TP
YOLO11n,United_States__United_States_003985,D20,0.5482,0.149602,0.7665,TP
YOLO11n,United_States__United_States_003985,D20,0.5065,0.259864,0.6168,FP_duplicate
YOLO11n,United_States__United_States_003985,D00,0.3709,0.032099,0.1553,FP_background
YOLO11n,United_States__United_States_003985,D00,0.2515,0.018566,0.0875,FP_background
YOLO11n,United_States__United_States_003985,D10,0.2288,0.003231,0.7012,TP
YOLO11n,United_States__United_States_004003,D10,0.5834,0.01911,0.8464,TP
YOLO11n,United_States__United_States_004003,D00,0.5407,0.00665,0.2962,FP_localization
YOLO11n,United_States__United_States_004004,D00,0.473,0.046751,0.8251,TP
YOLO11n,United_States__United_States_004004,D00,0.4539,0.035652,0.6782,TP
YOLO11n,United_States__United_States_004004,D00,0.4423,0.107428,0.7166,TP
YOLO11n,United_States__United_States_004004,D20,0.324,0.162444,0.2783,FP_background
YOLO11n,United_States__United_States_004004,D20,0.2324,0.101598,0.7623,FP_classification
YOLO11n,United_States__United_States_004005,D00,0.5538,0.036305,0.7551,TP
YOLO11n,United_States__United_States_004005,D10,0.2818,0.008881,0.7622,TP
YOLO11n,United_States__United_States_004013,D10,0.5539,0.061118,0.9362,TP
YOLO11n,United_States__United_States_004020,D00,0.5258,0.07044,0.5889,TP
YOLO11n,United_States__United_States_004020,D00,0.3314,0.025797,0.4778,FP_localization
YOLO11n,United_States__United_States_004023,D00,0.3106,0.006711,0.8673,TP
YOLO11n,United_States__United_States_004024,D00,0.3566,0.011445,0.7853,TP
YOLO11n,United_States__United_States_004024,D10,0.3234,0.009225,0.6895,TP
YOLO11n,United_States__United_States_004029,D10,0.4325,0.015302,0.6273,TP
YOLO11n,United_States__United_States_004029,D10,0.3531,0.016134,0.0964,FP_background
YOLO11n,United_States__United_States_004029,D10,0.273,0.010549,0.8661,FP_duplicate
YOLO11n,United_States__United_States_004053,D00,0.7222,0.018152,0.9124,TP
YOLO11n,United_States__United_States_004053,D10,0.6358,0.025028,0.6124,TP
YOLO11n,United_States__United_States_004053,D10,0.5619,0.016762,0.8828,FP_duplicate
YOLO11n,United_States__United_States_004053,D10,0.4559,0.007156,0.0157,FP_background
YOLO11n,United_States__United_States_004064,D00,0.6107,0.004508,0.7347,TP
YOLO11n,United_States__United_States_004064,D00,0.6074,0.023298,0.9519,TP
YOLO11n,United_States__United_States_004065,D00,0.4731,0.009014,0.7177,TP
YOLO11n,United_States__United_States_004071,D00,0.6442,0.023041,0.6224,TP
YOLO11n,United_States__United_States_004072,D10,0.6778,0.103182,0.5525,TP
YOLO11n,United_States__United_States_004086,D00,0.5382,0.028444,0.8667,TP
YOLO11n,United_States__United_States_004086,D00,0.2981,0.013196,0.4926,FP_localization
YOLO11n,United_States__United_States_004086,D00,0.2777,0.018719,0.5631,TP
YOLO11n,United_States__United_States_004091,D00,0.4785,0.017676,0.5466,TP
YOLO11n,United_States__United_States_004091,D10,0.3064,0.008877,0.0355,FP_background
YOLO11n,United_States__United_States_004091,D00,0.2846,0.019026,0.7317,FP_duplicate
YOLO11n,United_States__United_States_004103,D00,0.6522,0.013394,0.8792,TP
YOLO11n,United_States__United_States_004103,D00,0.5251,0.077726,0.0,FP_background
YOLO11n,United_States__United_States_004103,D00,0.3681,0.042961,0.0,FP_background
YOLO11n,United_States__United_States_004127,D00,0.6853,0.054848,0.6017,TP
YOLO11n,United_States__United_States_004127,D00,0.2523,0.004412,0.7763,TP
YOLO11n,United_States__United_States_004128,D00,0.4484,0.057978,0.6195,TP
YOLO11n,United_States__United_States_004128,D00,0.3485,0.007849,0.2322,FP_localization
YOLO11n,United_States__United_States_004128,D00,0.2897,0.02951,0.4738,FP_localization
YOLO11n,United_States__United_States_004128,D00,0.2845,0.029714,0.7638,TP
YOLO11n,United_States__United_States_004128,D00,0.248,0.017983,0.3268,FP_localization
YOLO11n,United_States__United_States_004131,D10,0.4506,0.023648,0.5644,TP
YOLO11n,United_States__United_States_004131,D10,0.3739,0.035514,0.7692,FP_duplicate
YOLO11n,United_States__United_States_004131,D00,0.3522,0.004739,0.0433,FP_background
YOLO11n,United_States__United_States_004136,D20,0.7001,0.137949,0.8633,TP
YOLO11n,United_States__United_States_004136,D00,0.4974,0.012144,0.4085,FP_localization
YOLO11n,United_States__United_States_004139,D00,0.4693,0.003975,0.8712,TP
YOLO11n,United_States__United_States_004139,D00,0.2547,0.007444,0.6221,TP
YOLO11n,United_States__United_States_004142,D00,0.5356,0.010135,0.082,FP_background
YOLO11n,United_States__United_States_004142,D00,0.3776,0.041934,0.9371,TP
YOLO11n,United_States__United_States_004142,D00,0.2523,0.025115,0.5613,FP_duplicate
YOLO11n,United_States__United_States_004153,D00,0.8822,0.056309,0.9166,TP
YOLO11n,United_States__United_States_004155,D00,0.5593,0.030382,0.5525,TP
YOLO11n,United_States__United_States_004157,D00,0.4594,0.017636,0.8856,TP
YOLO11n,United_States__United_States_004157,D00,0.3271,0.006198,0.7754,TP
YOLO11n,United_States__United_States_004159,D10,0.6431,0.012602,0.6013,TP
YOLO11n,United_States__United_States_004159,D10,0.3643,0.004904,0.5052,TP
YOLO11n,United_States__United_States_004159,D10,0.2758,0.008864,0.8616,FP_duplicate
YOLO11n,United_States__United_States_004159,D00,0.2569,0.029245,0.4563,FP_background
YOLO11n,United_States__United_States_004163,D00,0.5648,0.016598,0.6669,TP
YOLO11n,United_States__United_States_004163,D10,0.5203,0.015429,0.7231,TP
YOLO11n,United_States__United_States_004165,D10,0.4307,0.043862,0.8085,TP
YOLO11n,United_States__United_States_004165,D00,0.2658,0.006024,0.0253,FP_background
YOLO11n,United_States__United_States_004165,D10,0.2549,0.04073,0.7395,FP_duplicate
YOLO11n,United_States__United_States_004168,D00,0.7105,0.035366,0.9707,TP
YOLO11n,United_States__United_States_004168,D00,0.5333,0.006263,0.818,TP
YOLO11n,United_States__United_States_004168,D10,0.3815,0.007977,0.8853,TP
YOLO11n,United_States__United_States_004174,D00,0.5703,0.042472,0.589,TP
YOLO11n,United_States__United_States_004174,D00,0.4938,0.031509,0.7997,FP_duplicate
YOLO11n,United_States__United_States_004176,D00,0.57,0.039157,0.7669,TP
YOLO11n,United_States__United_States_004194,D00,0.6106,0.053565,0.8394,TP
YOLO11n,United_States__United_States_004198,D10,0.5312,0.013126,0.8404,TP
YOLO11n,United_States__United_States_004198,D00,0.4444,0.02799,0.7144,TP
YOLO11n,United_States__United_States_004198,D00,0.2608,0.004936,0.0,FP_background
YOLO11n,United_States__United_States_004203,D20,0.4016,0.091875,0.83,TP
YOLO11n,United_States__United_States_004203,D10,0.3809,0.013295,0.5568,TP
YOLO11n,United_States__United_States_004203,D00,0.3567,0.008505,0.7316,TP
YOLO11n,United_States__United_States_004203,D00,0.3267,0.021831,0.0231,FP_background
YOLO11n,United_States__United_States_004206,D10,0.507,0.014224,0.6009,TP
YOLO11n,United_States__United_States_004207,D00,0.8483,0.148803,0.7803,TP
YOLO11n,United_States__United_States_004207,D00,0.4976,0.038444,0.3719,FP_localization
YOLO11n,United_States__United_States_004207,D10,0.4115,0.005664,0.5582,TP
YOLO11n,United_States__United_States_004207,D00,0.3765,0.005081,0.0673,FP_background
YOLO11n,United_States__United_States_004207,D10,0.3689,0.004848,0.5085,TP
YOLO11n,United_States__United_States_004207,D00,0.3387,0.055413,0.3956,FP_localization
YOLO11n,United_States__United_States_004207,D00,0.3178,0.003017,0.0257,FP_background
YOLO11n,United_States__United_States_004207,D00,0.304,0.064214,0.4997,FP_localization
YOLO11n,United_States__United_States_004207,D10,0.2599,0.006649,0.6747,FP_duplicate
YOLO11n,United_States__United_States_004228,D20,0.5392,0.076779,0.6927,TP
YOLO11n,United_States__United_States_004228,D20,0.379,0.040821,0.3783,FP_localization
YOLO11n,United_States__United_States_004228,D00,0.368,0.025151,0.2355,FP_background
YOLO11n,United_States__United_States_004228,D20,0.2741,0.029013,0.2717,FP_localization
YOLO11n,United_States__United_States_004228,D00,0.2284,0.011478,0.0,FP_background
YOLO11n,United_States__United_States_004250,D00,0.4231,0.01559,0.7396,FP_classification
YOLO11n,United_States__United_States_004250,D00,0.3788,0.00414,0.0289,FP_background
YOLO11n,United_States__United_States_004250,D10,0.3486,0.011432,0.0747,FP_background
YOLO11n,United_States__United_States_004250,D10,0.2921,0.006433,0.6746,TP
YOLO11n,United_States__United_States_004250,D00,0.2359,0.032687,0.4117,FP_background
YOLO11n,United_States__United_States_004251,D00,0.8954,0.097686,0.8462,TP
YOLO11n,United_States__United_States_004257,D00,0.3983,0.00227,0.0,FP_background
YOLO11n,United_States__United_States_004257,D00,0.3974,0.098335,0.6122,TP
YOLO11n,United_States__United_States_004257,D00,0.3965,0.14142,0.6261,TP
YOLO11n,United_States__United_States_004257,D00,0.3852,0.066805,0.7171,FP_duplicate
YOLO11n,United_States__United_States_004257,D00,0.3036,0.059663,0.5284,FP_duplicate
YOLO11n,United_States__United_States_004258,D00,0.6387,0.006938,0.7714,TP
YOLO11n,United_States__United_States_004258,D10,0.3942,0.005793,0.0,FP_background
YOLO11n,United_States__United_States_004258,D10,0.3688,0.022744,0.1088,FP_background
YOLO11n,United_States__United_States_004258,D10,0.2992,0.015073,0.1412,FP_background
YOLO11n,United_States__United_States_004258,D10,0.2547,0.02233,0.1131,FP_background
YOLO11n,United_States__United_States_004268,D00,0.3948,0.041155,0.5299,TP
YOLO11n,United_States__United_States_004276,D20,0.6141,0.086853,0.6976,TP
YOLO11n,United_States__United_States_004276,D20,0.5675,0.13215,0.5602,TP
YOLO11n,United_States__United_States_004279,D20,0.567,0.068543,0.5671,TP
YOLO11n,United_States__United_States_004280,D10,0.7076,0.061287,0.8344,TP
YOLO11n,United_States__United_States_004280,D00,0.3877,0.004269,0.6933,TP
YOLO11n,United_States__United_States_004280,D00,0.3228,0.021933,0.0216,FP_background
YOLO11n,United_States__United_States_004280,D00,0.2457,0.011212,0.0,FP_background
YOLO11n,United_States__United_States_004309,D00,0.3885,0.007362,0.5269,TP
YOLO11n,United_States__United_States_004326,D00,0.6308,0.062765,0.8722,TP
YOLO11n,United_States__United_States_004326,D00,0.5118,0.006736,0.9214,TP
YOLO11n,United_States__United_States_004326,D10,0.2567,0.004931,0.0175,FP_background
YOLO11n,United_States__United_States_004331,D10,0.5505,0.011579,0.8136,TP
YOLO11n,United_States__United_States_004331,D00,0.503,0.0292,0.8528,TP
YOLO11n,United_States__United_States_004331,D00,0.4885,0.039015,0.5918,FP_duplicate
YOLO11n,United_States__United_States_004331,D10,0.3865,0.018193,0.5373,FP_duplicate
YOLO11n,United_States__United_States_004356,D20,0.5906,0.293432,0.8215,TP
YOLO11n,United_States__United_States_004356,D00,0.4624,0.112659,0.2555,FP_background
YOLO11n,United_States__United_States_004356,D00,0.445,0.094814,0.3853,FP_background
YOLO11n,United_States__United_States_004356,D00,0.364,0.022274,0.0856,FP_background
YOLO11n,United_States__United_States_004357,D00,0.3516,0.064854,0.6889,TP
YOLO11n,United_States__United_States_004357,D20,0.2576,0.123024,0.2819,FP_localization
YOLO11n,United_States__United_States_004357,D00,0.2475,0.035628,0.6345,FP_duplicate
YOLO11n,United_States__United_States_004360,D00,0.6507,0.010079,0.9389,TP
YOLO11n,United_States__United_States_004360,D10,0.3595,0.00379,0.1179,FP_background
YOLO11n,United_States__United_States_004360,D00,0.3272,0.013417,0.7535,TP
YOLO11n,United_States__United_States_004360,D10,0.3225,0.012556,0.3058,FP_localization
YOLO11n,United_States__United_States_004360,D00,0.31,0.045537,0.2573,FP_localization
YOLO11n,United_States__United_States_004360,D00,0.2748,0.020295,0.8781,FP_classification
YOLO11n,United_States__United_States_004360,D00,0.2652,0.074941,0.2499,FP_localization
YOLO11n,United_States__United_States_004368,D00,0.2943,0.029512,0.6468,TP
YOLO11n,United_States__United_States_004368,D00,0.2905,0.068714,0.0,FP_background
YOLO11n,United_States__United_States_004368,D00,0.2813,0.020216,0.9468,FP_duplicate
YOLO11n,United_States__United_States_004368,D00,0.2624,0.004021,0.0,FP_background
YOLO11n,United_States__United_States_004371,D20,0.7013,0.22212,0.363,FP_background
YOLO11n,United_States__United_States_004374,D00,0.5515,0.062694,0.8499,TP
YOLO11n,United_States__United_States_004374,D00,0.4716,0.04275,0.9298,FP_classification
YOLO11n,United_States__United_States_004374,D10,0.2695,0.008897,0.0695,FP_background
YOLO11n,United_States__United_States_004376,D00,0.4994,0.028432,0.7419,TP
YOLO11n,United_States__United_States_004385,D10,0.2923,0.017328,0.6964,TP
YOLO11n,United_States__United_States_004385,D10,0.2332,0.028978,0.7731,FP_duplicate
YOLO11n,United_States__United_States_004386,D00,0.5179,0.050129,0.4974,FP_localization
YOLO11n,United_States__United_States_004386,D00,0.4653,0.032698,0.7507,TP
YOLO11n,United_States__United_States_004387,D00,0.367,0.010003,0.561,TP
YOLO11n,United_States__United_States_004387,D00,0.2592,0.070482,0.3385,FP_localization
YOLO11n,United_States__United_States_004388,D10,0.608,0.06013,0.7913,TP
YOLO11n,United_States__United_States_004388,D10,0.4326,0.009656,0.1768,FP_localization
YOLO11n,United_States__United_States_004388,D10,0.3134,0.029644,0.6193,FP_duplicate
YOLO11n,United_States__United_States_004400,D10,0.6668,0.023607,0.8682,TP
YOLO11n,United_States__United_States_004400,D10,0.2562,0.055395,0.385,FP_localization
YOLO11n,United_States__United_States_004402,D00,0.7669,0.0708,0.3748,FP_localization
YOLO11n,United_States__United_States_004402,D00,0.4944,0.016698,0.8301,TP
YOLO11n,United_States__United_States_004402,D00,0.4013,0.023906,0.7532,FP_duplicate
YOLO11n,United_States__United_States_004402,D00,0.3689,0.033138,0.8716,TP
YOLO11n,United_States__United_States_004402,D10,0.2512,0.040444,0.3471,FP_localization
YOLO11n,United_States__United_States_004407,D10,0.6798,0.023793,0.7855,TP
YOLO11n,United_States__United_States_004407,D00,0.6771,0.097246,0.9315,TP
YOLO11n,United_States__United_States_004407,D00,0.5756,0.002262,0.8331,TP
YOLO11n,United_States__United_States_004407,D00,0.2511,0.010552,0.3239,FP_localization
YOLO11n,United_States__United_States_004412,D20,0.6266,0.326382,0.42,FP_localization
YOLO11n,United_States__United_States_004412,D20,0.4863,0.184134,0.7444,TP
YOLO11n,United_States__United_States_004412,D10,0.2801,0.012255,0.6682,TP
YOLO11n,United_States__United_States_004422,D00,0.7712,0.010792,0.6192,TP
YOLO11n,United_States__United_States_004422,D00,0.5334,0.006534,0.7117,TP
YOLO11n,United_States__United_States_004423,D00,0.882,0.061154,0.7843,TP
YOLO11n,United_States__United_States_004423,D00,0.4948,0.021196,0.8713,TP
YOLO11n,United_States__United_States_004424,D00,0.2761,0.011874,0.2623,FP_localization
YOLO11n,United_States__United_States_004424,D00,0.2471,0.047881,0.4949,FP_localization
YOLO11n,United_States__United_States_004430,D00,0.3723,0.042789,0.5598,TP
YOLO11n,United_States__United_States_004437,D00,0.4837,0.010938,0.5157,TP
YOLO11n,United_States__United_States_004437,D00,0.42,0.04229,0.57,TP
YOLO11n,United_States__United_States_004438,D10,0.3474,0.005888,0.6833,TP
YOLO11n,United_States__United_States_004438,D00,0.3093,0.004114,0.676,TP
YOLO11n,United_States__United_States_004438,D00,0.2943,0.062055,0.0032,FP_background
YOLO11n,United_States__United_States_004438,D00,0.2535,0.086641,0.0241,FP_background
YOLO11n,United_States__United_States_004442,D10,0.3248,0.017264,0.3802,FP_localization
YOLO11n,United_States__United_States_004442,D10,0.2616,0.025845,0.4998,FP_localization
YOLO11n,United_States__United_States_004443,D10,0.4964,0.040913,0.7994,TP
YOLO11n,United_States__United_States_004443,D00,0.305,0.021443,0.789,TP
YOLO11n,United_States__United_States_004443,D00,0.2652,0.029999,0.564,FP_duplicate
YOLO11n,United_States__United_States_004443,D10,0.2429,0.019776,0.521,FP_duplicate
YOLO11n,United_States__United_States_004455,D00,0.5483,0.01422,0.9595,TP
YOLO11n,United_States__United_States_004455,D00,0.3257,0.027409,0.8487,TP
YOLO11n,United_States__United_States_004455,D00,0.2589,0.002971,0.0,FP_background
YOLO11n,United_States__United_States_004455,D20,0.2443,0.075469,0.9565,TP
YOLO11n,United_States__United_States_004456,D10,0.498,0.069123,0.502,TP
YOLO11n,United_States__United_States_004456,D00,0.4965,0.010282,0.8396,TP
YOLO11n,United_States__United_States_004456,D00,0.4398,0.030037,0.4075,FP_localization
YOLO11n,United_States__United_States_004456,D10,0.2823,0.014022,0.0144,FP_background
YOLO11n,United_States__United_States_004457,D00,0.5347,0.022396,0.8513,TP
YOLO11n,United_States__United_States_004458,D00,0.6322,0.014217,0.9388,TP
YOLO11n,United_States__United_States_004460,D00,0.5964,0.022604,0.2951,FP_localization
YOLO11n,United_States__United_States_004460,D00,0.5457,0.067122,0.87,TP
YOLO11n,United_States__United_States_004460,D10,0.3573,0.044606,0.8056,TP
YOLO11n,United_States__United_States_004460,D10,0.2553,0.008535,0.1559,FP_localization
YOLO11n,United_States__United_States_004460,D10,0.2553,0.009383,0.0294,FP_background
YOLO11n,United_States__United_States_004472,D00,0.4509,0.01775,0.7032,TP
YOLO11n,United_States__United_States_004472,D10,0.4309,0.020188,0.0117,FP_background
YOLO11n,United_States__United_States_004472,D00,0.3701,0.026429,0.527,FP_duplicate
YOLO11n,United_States__United_States_004478,D00,0.3001,0.007274,0.2957,FP_background
YOLO11n,United_States__United_States_004480,D00,0.5196,0.010049,0.8913,TP
YOLO11n,United_States__United_States_004488,D10,0.6661,0.104561,0.2529,FP_localization
YOLO11n,United_States__United_States_004488,D10,0.5076,0.022145,0.754,TP
YOLO11n,United_States__United_States_004488,D00,0.4729,0.001805,0.0,FP_background
YOLO11n,United_States__United_States_004488,D10,0.4067,0.091934,0.3017,FP_localization
YOLO11n,United_States__United_States_004488,D00,0.2414,0.008285,0.7263,TP
YOLO11n,United_States__United_States_004503,D00,0.378,0.011816,0.6182,TP
YOLO11n,United_States__United_States_004503,D00,0.3728,0.00777,0.9401,FP_duplicate
YOLO11n,United_States__United_States_004503,D00,0.3059,0.070378,0.8501,TP
YOLO11n,United_States__United_States_004503,D00,0.2844,0.016042,0.2224,FP_localization
YOLO11n,United_States__United_States_004503,D10,0.2534,0.023472,0.7349,TP
YOLO11n,United_States__United_States_004503,D00,0.2314,0.019123,0.382,FP_localization
YOLO11n,United_States__United_States_004507,D00,0.4958,0.00971,0.3735,FP_localization
YOLO11n,United_States__United_States_004517,D00,0.7037,0.027621,0.9349,TP
YOLO11n,United_States__United_States_004517,D00,0.5407,0.003573,0.9157,TP
YOLO11n,United_States__United_States_004517,D10,0.4961,0.052669,0.771,TP
YOLO11n,United_States__United_States_004520,D00,0.8555,0.052176,0.8709,TP
YOLO11n,United_States__United_States_004520,D00,0.5608,0.008333,0.7338,TP
YOLO11n,United_States__United_States_004520,D00,0.4421,0.008023,0.9255,TP
YOLO11n,United_States__United_States_004520,D00,0.3592,0.001133,0.0,FP_background
YOLO11n,United_States__United_States_004520,D00,0.3388,0.028037,0.2915,FP_localization
YOLO11n,United_States__United_States_004526,D00,0.6164,0.026059,0.8906,TP
YOLO11n,United_States__United_States_004526,D00,0.4124,0.035483,0.768,TP
YOLO11n,United_States__United_States_004526,D00,0.2408,0.011365,0.246,FP_localization
YOLO11n,United_States__United_States_004532,D00,0.6169,0.067546,0.8456,TP
YOLO11n,United_States__United_States_004532,D10,0.4434,0.102979,0.7062,TP
YOLO11n,United_States__United_States_004532,D10,0.4262,0.103968,0.5884,FP_duplicate
YOLO11n,United_States__United_States_004532,D10,0.3358,0.009355,0.7532,TP
YOLO11n,United_States__United_States_004532,D10,0.2607,0.073333,0.6341,FP_duplicate
YOLO11n,United_States__United_States_004532,D00,0.2577,0.102008,0.5507,FP_duplicate
YOLO11n,United_States__United_States_004536,D00,0.3228,0.008727,0.7581,TP
YOLO11n,United_States__United_States_004538,D20,0.5605,0.088099,0.5278,TP
YOLO11n,United_States__United_States_004538,D00,0.4315,0.014824,0.2229,FP_localization
YOLO11n,United_States__United_States_004538,D00,0.3732,0.045687,0.4889,FP_localization
YOLO11n,United_States__United_States_004544,D00,0.3713,0.003395,0.4907,FP_localization
YOLO11n,United_States__United_States_004544,D00,0.2578,0.005893,0.8156,TP
YOLO11n,United_States__United_States_004545,D00,0.5987,0.110591,0.639,TP
YOLO11n,United_States__United_States_004545,D00,0.5504,0.094916,0.7156,TP
YOLO11n,United_States__United_States_004545,D10,0.3392,0.01665,0.3633,FP_localization
YOLO11n,United_States__United_States_004545,D00,0.2992,0.015856,0.1151,FP_localization
YOLO11n,United_States__United_States_004545,D10,0.2826,0.080241,0.4862,FP_localization
YOLO11n,United_States__United_States_004546,D20,0.7457,0.381085,0.7808,TP
YOLO11n,United_States__United_States_004546,D20,0.4586,0.205436,0.6446,FP_duplicate
YOLO11n,United_States__United_States_004546,D20,0.2428,0.157316,0.2866,FP_localization
YOLO11n,United_States__United_States_004548,D00,0.757,0.014951,0.8515,TP
YOLO11n,United_States__United_States_004548,D00,0.5575,0.048439,0.8956,TP
YOLO11n,United_States__United_States_004548,D00,0.4453,0.023774,0.0,FP_background
YOLO11n,United_States__United_States_004548,D10,0.3929,0.008237,0.0,FP_background
YOLO11n,United_States__United_States_004548,D10,0.2532,0.004232,0.0306,FP_background
YOLO11n,United_States__United_States_004549,D00,0.4986,0.013135,0.9373,TP
YOLO11n,United_States__United_States_004549,D00,0.3299,0.019187,0.6761,FP_duplicate
YOLO11n,United_States__United_States_004555,D00,0.8887,0.101534,0.8926,TP
YOLO11n,United_States__United_States_004555,D00,0.4839,0.020035,0.7444,TP
YOLO11n,United_States__United_States_004555,D00,0.296,0.011387,0.4231,FP_localization
YOLO11n,United_States__United_States_004555,D10,0.2319,0.012426,0.0,FP_background
YOLO11n,United_States__United_States_004556,D00,0.3787,0.010227,0.5554,TP
YOLO11n,United_States__United_States_004556,D00,0.2288,0.006281,0.5486,FP_duplicate
YOLO11n,United_States__United_States_004558,D20,0.7456,0.238872,0.9245,TP
YOLO11n,United_States__United_States_004575,D00,0.4821,0.006206,0.5337,TP
YOLO11n,United_States__United_States_004575,D00,0.3123,0.088291,0.3009,FP_localization
YOLO11n,United_States__United_States_004577,D10,0.5371,0.012257,0.7714,TP
YOLO11n,United_States__United_States_004577,D00,0.3218,0.027904,0.0,FP_background
YOLO11n,United_States__United_States_004599,D00,0.563,0.011285,0.9173,TP
YOLO11n,United_States__United_States_004599,D00,0.4167,0.014203,0.8264,TP
YOLO11n,United_States__United_States_004599,D00,0.3212,0.025204,0.4331,FP_localization
YOLO11n,United_States__United_States_004599,D00,0.2477,0.03953,0.3956,FP_localization
YOLO11n,United_States__United_States_004625,D10,0.4373,0.106197,0.4876,FP_localization
YOLO11n,United_States__United_States_004625,D00,0.3754,0.007696,0.2384,FP_localization
YOLO11n,United_States__United_States_004625,D00,0.2877,0.143164,0.263,FP_localization
YOLO11n,United_States__United_States_004625,D10,0.2697,0.16593,0.312,FP_localization
YOLO11n,United_States__United_States_004625,D00,0.2668,0.062752,0.2895,FP_localization
YOLO11n,United_States__United_States_004625,D00,0.2368,0.026899,0.1396,FP_background
YOLO11n,United_States__United_States_004625,D00,0.2334,0.057682,0.5004,TP
YOLO11n,United_States__United_States_004625,D00,0.2294,0.060276,0.4887,FP_localization
YOLO11n,United_States__United_States_004628,D10,0.424,0.013465,0.7004,TP
YOLO11n,United_States__United_States_004634,D00,0.2671,0.05183,0.4782,FP_localization
YOLO11n,United_States__United_States_004634,D00,0.2523,0.03454,0.3232,FP_localization
YOLO11n,United_States__United_States_004634,D00,0.2315,0.006816,0.0464,FP_background
YOLO11n,United_States__United_States_004639,D10,0.4096,0.008798,0.6399,TP
YOLO11n,United_States__United_States_004639,D10,0.2544,0.017913,0.4533,FP_localization
YOLO11n,United_States__United_States_004646,D10,0.5008,0.016732,0.8206,TP
YOLO11n,United_States__United_States_004646,D10,0.4234,0.016405,0.6453,TP
YOLO11n,United_States__United_States_004654,D00,0.6761,0.031271,0.9144,TP
YOLO11n,United_States__United_States_004654,D10,0.4,0.020281,0.6465,TP
YOLO11n,United_States__United_States_004670,D20,0.5787,0.236771,0.3213,FP_background
YOLO11n,United_States__United_States_004670,D10,0.37,0.01078,0.7084,TP
YOLO11n,United_States__United_States_004670,D20,0.2578,0.248706,0.4539,FP_background
YOLO11n,United_States__United_States_004670,D00,0.244,0.073752,0.5514,TP
YOLO11n,United_States__United_States_004678,D10,0.4326,0.051603,0.5032,TP
YOLO11n,United_States__United_States_004678,D10,0.2321,0.080836,0.5293,FP_duplicate
YOLO11n,United_States__United_States_004682,D00,0.3327,0.024246,0.8995,TP
YOLO11n,United_States__United_States_004682,D00,0.3279,0.005592,0.8257,TP
YOLO11n,United_States__United_States_004682,D00,0.3178,0.008595,0.8768,TP
YOLO11n,United_States__United_States_004685,D40,0.2986,0.001402,0.0,FP_background
YOLO11n,United_States__United_States_004685,D10,0.2635,0.075332,0.3996,FP_localization
YOLO11n,United_States__United_States_004685,D10,0.2365,0.030699,0.7355,TP
YOLO11n,United_States__United_States_004686,D00,0.5497,0.055888,0.8923,TP
YOLO11n,United_States__United_States_004686,D00,0.4599,0.081755,0.5928,FP_duplicate
YOLO11n,United_States__United_States_004692,D10,0.6361,0.004479,0.0949,FP_background
YOLO11n,United_States__United_States_004692,D00,0.5969,0.073624,0.722,TP
YOLO11n,United_States__United_States_004692,D00,0.5867,0.046739,0.5829,FP_duplicate
YOLO11n,United_States__United_States_004692,D00,0.295,0.084075,0.5846,FP_duplicate
YOLO11n,United_States__United_States_004692,D00,0.2811,0.017814,0.2655,FP_background
YOLO11n,United_States__United_States_004708,D00,0.5271,0.017861,0.8095,TP
YOLO11n,United_States__United_States_004711,D00,0.5818,0.003756,0.7947,TP
YOLO11n,United_States__United_States_004714,D20,0.869,0.14201,0.858,TP
YOLO11n,United_States__United_States_004726,D00,0.6755,0.097392,0.5731,TP
YOLO11n,United_States__United_States_004726,D00,0.3303,0.007586,0.0,FP_background
YOLO11n,United_States__United_States_004726,D00,0.2567,0.006713,0.0523,FP_background
YOLO11n,United_States__United_States_004730,D10,0.49,0.027264,0.8027,TP
YOLO11n,United_States__United_States_004730,D10,0.2414,0.043318,0.6323,FP_duplicate
YOLO11n,United_States__United_States_004738,D00,0.4922,0.058979,0.2704,FP_localization
YOLO11n,United_States__United_States_004738,D00,0.3969,0.018714,0.8626,TP
YOLO11n,United_States__United_States_004738,D10,0.3289,0.024293,0.0298,FP_background
YOLO11n,United_States__United_States_004738,D10,0.2401,0.017829,0.0,FP_background
YOLO11n,United_States__United_States_004738,D10,0.2297,0.004526,0.0,FP_background
YOLO11n,United_States__United_States_004751,D00,0.5036,0.006555,0.7979,TP
YOLO11n,United_States__United_States_004751,D00,0.3341,0.036009,0.8115,TP
YOLO11n,United_States__United_States_004751,D10,0.3334,0.031267,0.3399,FP_localization
YOLO11n,United_States__United_States_004751,D00,0.2981,0.004577,0.6401,FP_duplicate
YOLO11n,United_States__United_States_004766,D10,0.541,0.123204,0.7848,TP
YOLO11n,United_States__United_States_004766,D00,0.4561,0.108347,0.6035,FP_classification
YOLO11n,United_States__United_States_004767,D10,0.4317,0.012914,0.6826,TP
YOLO11n,United_States__United_States_004774,D10,0.4071,0.013847,0.756,TP
YOLO11n,United_States__United_States_004774,D00,0.394,0.023506,0.8743,TP
YOLO11n,United_States__United_States_004784,D00,0.5307,0.010738,0.9353,TP
YOLO11n,United_States__United_States_004784,D00,0.5083,0.090165,0.7814,TP
YOLO11n,United_States__United_States_004784,D00,0.5004,0.022706,0.8463,TP
YOLO11n,United_States__United_States_004784,D00,0.3484,0.058212,0.4851,FP_localization
YOLO11n,United_States__United_States_004784,D00,0.3447,0.005141,0.9465,TP
YOLO11n,United_States__United_States_004784,D00,0.3245,0.004446,0.951,TP
YOLO11n,United_States__United_States_004784,D00,0.2677,0.00745,0.6577,FP_duplicate
YOLO11s,China_Drone__China_Drone_000008,D10,0.4817,0.175465,0.6587,TP
YOLO11s,China_Drone__China_Drone_000017,D10,0.5013,0.013384,0.6927,TP
YOLO11s,China_Drone__China_Drone_000032,D10,0.4788,0.011113,0.7428,TP
YOLO11s,China_Drone__China_Drone_000046,D00,0.2791,0.027477,0.7832,TP
YOLO11s,China_Drone__China_Drone_000051,D10,0.7348,0.077338,0.8153,TP
YOLO11s,China_Drone__China_Drone_000051,D00,0.3715,0.011964,0.0,FP_background
YOLO11s,China_Drone__China_Drone_000054,D10,0.6816,0.049138,0.7859,TP
YOLO11s,China_Drone__China_Drone_000075,D10,0.2588,0.003916,0.6266,TP
YOLO11s,China_Drone__China_Drone_000079,D00,0.3407,0.130229,0.713,TP
YOLO11s,China_Drone__China_Drone_000079,D10,0.3299,0.012566,0.894,TP
YOLO11s,China_Drone__China_Drone_000082,D10,0.3758,0.022522,0.3895,FP_localization
YOLO11s,China_Drone__China_Drone_000082,D10,0.3492,0.010675,0.779,TP
YOLO11s,China_Drone__China_Drone_000082,D10,0.2918,0.003891,0.0,FP_background
YOLO11s,China_Drone__China_Drone_000092,D00,0.3759,0.03121,0.5651,TP
YOLO11s,China_Drone__China_Drone_000092,D00,0.3364,0.031778,0.6111,TP
YOLO11s,China_Drone__China_Drone_000092,D00,0.2417,0.083069,0.2229,FP_localization
YOLO11s,China_Drone__China_Drone_000093,D00,0.2747,0.008724,0.3329,FP_localization
YOLO11s,China_Drone__China_Drone_000093,D00,0.2652,0.021166,0.8373,TP
YOLO11s,China_Drone__China_Drone_000095,D00,0.3596,0.008285,0.0,FP_background
YOLO11s,China_Drone__China_Drone_000095,D10,0.2536,0.016199,0.3603,FP_localization
YOLO11s,China_Drone__China_Drone_000095,D10,0.249,0.008934,0.6418,TP
YOLO11s,China_Drone__China_Drone_000102,D10,0.5839,0.010768,0.8579,TP
YOLO11s,China_Drone__China_Drone_000113,D00,0.5333,0.030965,0.6506,TP
YOLO11s,China_Drone__China_Drone_000113,D10,0.4605,0.017781,0.8075,TP
YOLO11s,China_Drone__China_Drone_000113,D00,0.4315,0.055092,0.8081,TP
YOLO11s,China_Drone__China_Drone_000135,D10,0.5005,0.14981,0.752,TP
YOLO11s,China_Drone__China_Drone_000140,D10,0.5011,0.011394,0.7861,TP
YOLO11s,China_Drone__China_Drone_000179,D10,0.5465,0.011868,0.7847,TP
YOLO11s,China_Drone__China_Drone_000180,D00,0.4323,0.145109,0.7611,TP
YOLO11s,China_Drone__China_Drone_000184,D10,0.5465,0.022746,0.7864,TP
YOLO11s,China_Drone__China_Drone_000184,D00,0.4138,0.031925,0.8595,TP
YOLO11s,China_Drone__China_Drone_000184,D00,0.2577,0.029964,0.0,FP_background
YOLO11s,China_Drone__China_Drone_000207,D20,0.2587,0.340332,0.7054,TP
YOLO11s,China_Drone__China_Drone_000247,D00,0.4863,0.533946,0.8656,TP
YOLO11s,China_Drone__China_Drone_000247,D00,0.2576,0.478829,0.7976,FP_duplicate
YOLO11s,China_Drone__China_Drone_000250,D00,0.3321,0.041017,0.0,FP_background
YOLO11s,China_Drone__China_Drone_000254,D00,0.5038,0.060791,0.788,TP
YOLO11s,China_Drone__China_Drone_000254,D00,0.2963,0.173595,0.2583,FP_localization
YOLO11s,China_Drone__China_Drone_000264,D00,0.6974,0.009846,0.9329,TP
YOLO11s,China_Drone__China_Drone_000287,D00,0.3092,0.07176,0.7095,TP
YOLO11s,China_Drone__China_Drone_000299,D10,0.6617,0.032156,0.8793,TP
YOLO11s,China_Drone__China_Drone_000299,D00,0.2585,0.007797,0.0,FP_background
YOLO11s,China_Drone__China_Drone_000299,D10,0.2424,0.049556,0.6235,FP_duplicate
YOLO11s,China_Drone__China_Drone_000300,D00,0.4449,0.075904,0.8554,TP
YOLO11s,China_Drone__China_Drone_000300,D00,0.4263,0.065057,0.7628,FP_duplicate
YOLO11s,China_Drone__China_Drone_000317,D10,0.3955,0.003812,0.5849,TP
YOLO11s,China_Drone__China_Drone_000317,D10,0.2732,0.009955,0.7812,TP
YOLO11s,China_Drone__China_Drone_000317,D10,0.2728,0.021105,0.4588,FP_localization
YOLO11s,China_Drone__China_Drone_000317,D10,0.2412,0.003963,0.0,FP_background
YOLO11s,China_Drone__China_Drone_000318,D00,0.4794,0.028587,0.7647,TP
YOLO11s,China_Drone__China_Drone_000318,D00,0.3213,0.033374,0.8098,FP_duplicate
YOLO11s,China_Drone__China_Drone_000318,D00,0.3011,0.012999,0.0,FP_background
YOLO11s,China_Drone__China_Drone_000357,D00,0.271,0.078305,0.762,TP
YOLO11s,China_Drone__China_Drone_000360,D00,0.4514,0.028064,0.5089,TP
YOLO11s,China_Drone__China_Drone_000363,D00,0.4409,0.422707,0.8526,FP_classification
YOLO11s,China_Drone__China_Drone_000392,D00,0.4284,0.054865,0.6596,TP
YOLO11s,China_Drone__China_Drone_000392,D10,0.3838,0.0086,0.7229,TP
YOLO11s,China_Drone__China_Drone_000392,D10,0.3361,0.014829,0.7004,TP
YOLO11s,China_Drone__China_Drone_000392,D10,0.3202,0.058702,0.7079,TP
YOLO11s,China_Drone__China_Drone_000396,D00,0.2666,0.011933,0.0,FP_background
YOLO11s,China_Drone__China_Drone_000404,D40,0.3889,0.012992,0.8386,TP
YOLO11s,China_Drone__China_Drone_000404,D40,0.3554,0.02241,0.6649,FP_duplicate
YOLO11s,China_Drone__China_Drone_000405,D00,0.6313,0.132945,0.8651,TP
YOLO11s,China_Drone__China_Drone_000410,D00,0.5034,0.020437,0.7726,TP
YOLO11s,China_Drone__China_Drone_000410,D00,0.348,0.008185,0.0,FP_background
YOLO11s,China_Drone__China_Drone_000411,D10,0.4338,0.021611,0.4387,FP_localization
YOLO11s,China_Drone__China_Drone_000411,D00,0.3624,0.011851,0.7673,TP
YOLO11s,China_Drone__China_Drone_000416,D10,0.5555,0.002139,0.8457,TP
YOLO11s,China_Drone__China_Drone_000416,D10,0.5002,0.038528,0.8109,TP
YOLO11s,China_Drone__China_Drone_000416,D10,0.2702,0.016838,0.5382,FP_duplicate
YOLO11s,China_Drone__China_Drone_000429,D00,0.5291,0.011817,0.8408,TP
YOLO11s,China_Drone__China_Drone_000429,D10,0.4148,0.016171,0.8583,TP
YOLO11s,China_Drone__China_Drone_000430,D10,0.2872,0.00736,0.7354,TP
YOLO11s,China_Drone__China_Drone_000431,D10,0.6704,0.05045,0.7891,TP
YOLO11s,China_Drone__China_Drone_000440,D10,0.2889,0.005565,0.0,FP_background
YOLO11s,China_Drone__China_Drone_000442,D10,0.3178,0.012103,0.7621,TP
YOLO11s,China_Drone__China_Drone_000454,D10,0.3111,0.014562,0.3179,FP_localization
YOLO11s,China_Drone__China_Drone_000481,D00,0.374,0.018078,0.9403,TP
YOLO11s,China_Drone__China_Drone_000503,D40,0.4808,0.011026,0.8038,TP
YOLO11s,China_Drone__China_Drone_000503,D40,0.3026,0.007829,0.6394,TP
YOLO11s,China_Drone__China_Drone_000515,D00,0.4642,0.106664,0.8094,FP_classification
YOLO11s,China_Drone__China_Drone_000515,D00,0.3113,0.155103,0.5566,FP_classification
YOLO11s,China_Drone__China_Drone_000563,D10,0.3605,0.022503,0.7015,TP
YOLO11s,China_Drone__China_Drone_000589,D00,0.2709,0.097936,0.6191,TP
YOLO11s,China_Drone__China_Drone_000595,D10,0.3946,0.081316,0.6568,TP
YOLO11s,China_Drone__China_Drone_000598,D10,0.5481,0.020054,0.0,FP_background
YOLO11s,China_Drone__China_Drone_000605,D10,0.5923,0.244335,0.708,TP
YOLO11s,China_Drone__China_Drone_000615,D00,0.4685,0.017407,0.8311,TP
YOLO11s,China_Drone__China_Drone_000615,D00,0.3391,0.075155,0.2875,FP_localization
YOLO11s,China_Drone__China_Drone_000615,D00,0.2842,0.008759,0.6436,TP
YOLO11s,China_Drone__China_Drone_000620,D10,0.6411,0.035568,0.3326,FP_localization
YOLO11s,China_Drone__China_Drone_000620,D10,0.5596,0.067018,0.4853,FP_localization
YOLO11s,China_Drone__China_Drone_000622,D10,0.4193,0.050455,0.6776,TP
YOLO11s,China_Drone__China_Drone_000634,D00,0.4781,0.040253,0.9073,TP
YOLO11s,China_Drone__China_Drone_000634,D00,0.2907,0.036279,0.5743,FP_duplicate
YOLO11s,China_Drone__China_Drone_000650,D10,0.4664,0.083207,0.8816,TP
YOLO11s,China_Drone__China_Drone_000656,D00,0.4921,0.045798,0.5811,TP
YOLO11s,China_Drone__China_Drone_000656,D00,0.3754,0.051414,0.5622,FP_duplicate
YOLO11s,China_Drone__China_Drone_000656,D00,0.2914,0.073403,0.8524,FP_duplicate
YOLO11s,China_Drone__China_Drone_000656,D00,0.2781,0.062941,0.6849,FP_duplicate
YOLO11s,China_Drone__China_Drone_000662,D10,0.3163,0.029283,0.7426,TP
YOLO11s,China_Drone__China_Drone_000695,D40,0.5946,0.01131,0.8464,TP
YOLO11s,China_Drone__China_Drone_000695,D20,0.344,0.031349,0.6746,TP
YOLO11s,China_Drone__China_Drone_000708,D00,0.5173,0.082752,0.8279,TP
YOLO11s,China_Drone__China_Drone_000711,D00,0.4395,0.011629,0.8352,TP
YOLO11s,China_Drone__China_Drone_000711,D00,0.3923,0.024121,0.4432,FP_localization
YOLO11s,China_Drone__China_Drone_000711,D10,0.2486,0.014466,0.829,TP
YOLO11s,China_Drone__China_Drone_000715,D10,0.3934,0.035575,0.5119,TP
YOLO11s,China_Drone__China_Drone_000715,D10,0.345,0.042633,0.3743,FP_localization
YOLO11s,China_Drone__China_Drone_000715,D10,0.3058,0.022283,0.794,FP_duplicate
YOLO11s,China_Drone__China_Drone_000733,D00,0.4439,0.088841,0.6528,TP
YOLO11s,China_Drone__China_Drone_000738,D10,0.7135,0.002625,0.8255,TP
YOLO11s,China_Drone__China_Drone_000738,D10,0.6626,0.010869,0.3426,FP_localization
YOLO11s,China_Drone__China_Drone_000745,D10,0.5675,0.030024,0.824,TP
YOLO11s,China_Drone__China_Drone_000745,D10,0.2611,0.024,0.0,FP_background
YOLO11s,China_Drone__China_Drone_000745,D10,0.2436,0.06807,0.0,FP_background
YOLO11s,China_Drone__China_Drone_000759,D00,0.6194,0.018643,0.1643,FP_localization
YOLO11s,China_Drone__China_Drone_000763,D00,0.564,0.026223,0.3699,FP_localization
YOLO11s,China_Drone__China_Drone_000767,D10,0.6921,0.113196,0.8204,TP
YOLO11s,China_Drone__China_Drone_000767,D10,0.344,0.041398,0.398,FP_localization
YOLO11s,China_Drone__China_Drone_000768,D00,0.5097,0.093034,0.6809,TP
YOLO11s,China_Drone__China_Drone_000768,D00,0.3655,0.083481,0.8153,FP_duplicate
YOLO11s,China_Drone__China_Drone_000802,D10,0.3859,0.025815,0.8697,TP
YOLO11s,China_Drone__China_Drone_000808,D10,0.556,0.083875,0.6817,TP
YOLO11s,China_Drone__China_Drone_000826,D00,0.5278,0.034724,0.843,TP
YOLO11s,China_Drone__China_Drone_000831,D40,0.4696,0.004893,0.0,FP_background
YOLO11s,China_Drone__China_Drone_000831,D00,0.3482,0.102636,0.4358,FP_background
YOLO11s,China_Drone__China_Drone_000831,D10,0.2901,0.108833,0.411,FP_localization
YOLO11s,China_Drone__China_Drone_000853,D10,0.4536,0.025587,0.6277,TP
YOLO11s,China_Drone__China_Drone_000865,D00,0.5285,0.02004,0.8155,TP
YOLO11s,China_Drone__China_Drone_000866,D10,0.4913,0.003832,0.8443,TP
YOLO11s,China_Drone__China_Drone_000866,D10,0.3757,0.006136,0.0,FP_background
YOLO11s,China_Drone__China_Drone_000867,D00,0.5993,0.018979,0.9369,TP
YOLO11s,China_Drone__China_Drone_000867,D00,0.4731,0.021787,0.7342,TP
YOLO11s,China_Drone__China_Drone_000867,D00,0.3982,0.02382,0.0,FP_background
YOLO11s,China_Drone__China_Drone_000867,D00,0.3661,0.006508,0.0314,FP_background
YOLO11s,China_Drone__China_Drone_000867,D00,0.2909,0.035737,0.0,FP_background
YOLO11s,China_Drone__China_Drone_000867,D10,0.2427,0.015219,0.8978,TP
YOLO11s,China_Drone__China_Drone_000881,D00,0.3312,0.034672,0.849,TP
YOLO11s,China_Drone__China_Drone_000906,D10,0.4615,0.057924,0.8422,TP
YOLO11s,China_Drone__China_Drone_000906,D10,0.2993,0.031184,0.5801,FP_duplicate
YOLO11s,China_Drone__China_Drone_000919,D00,0.4914,0.009377,0.7414,TP
YOLO11s,China_Drone__China_Drone_000919,D00,0.4353,0.007523,0.8721,TP
YOLO11s,China_Drone__China_Drone_000932,D00,0.5605,0.016086,0.0883,FP_background
YOLO11s,China_Drone__China_Drone_000932,D00,0.4897,0.020687,0.7294,TP
YOLO11s,China_Drone__China_Drone_000932,D00,0.2837,0.032669,0.7968,FP_duplicate
YOLO11s,China_Drone__China_Drone_000945,D10,0.4786,0.003406,0.853,TP
YOLO11s,China_Drone__China_Drone_000945,D10,0.3022,0.019594,0.7494,TP
YOLO11s,China_Drone__China_Drone_000945,D00,0.2602,0.021468,0.8925,TP
YOLO11s,China_Drone__China_Drone_000945,D10,0.2521,0.009673,0.4241,FP_localization
YOLO11s,China_Drone__China_Drone_000947,D20,0.6333,0.418066,0.7607,TP
YOLO11s,China_Drone__China_Drone_000976,D00,0.5799,0.012281,0.0,FP_background
YOLO11s,China_Drone__China_Drone_000976,D00,0.3145,0.020553,0.0,FP_background
YOLO11s,China_Drone__China_Drone_000976,D00,0.2931,0.028676,0.0,FP_background
YOLO11s,China_Drone__China_Drone_000980,D00,0.3912,0.102258,0.9203,TP
YOLO11s,China_Drone__China_Drone_000993,D00,0.5437,0.099538,0.779,TP
YOLO11s,China_Drone__China_Drone_000995,D00,0.4659,0.022278,0.6446,TP
YOLO11s,China_Drone__China_Drone_000995,D00,0.24,0.073028,0.3952,FP_localization
YOLO11s,China_Drone__China_Drone_000996,D10,0.4459,0.065331,0.0,FP_background
YOLO11s,China_Drone__China_Drone_001018,D20,0.2864,0.198517,0.7505,TP
YOLO11s,China_Drone__China_Drone_001018,D20,0.2462,0.127918,0.7621,FP_duplicate
YOLO11s,China_Drone__China_Drone_001024,D00,0.4783,0.081124,0.2047,FP_localization
YOLO11s,China_Drone__China_Drone_001024,D00,0.3419,0.026716,0.82,TP
YOLO11s,China_Drone__China_Drone_001024,D00,0.2762,0.151844,0.2373,FP_localization
YOLO11s,China_Drone__China_Drone_001025,D00,0.4402,0.04638,0.4856,FP_localization
YOLO11s,China_Drone__China_Drone_001025,D00,0.3463,0.14099,0.6352,TP
YOLO11s,China_Drone__China_Drone_001040,D10,0.5495,0.016403,0.7782,TP
YOLO11s,China_Drone__China_Drone_001040,D10,0.4984,0.032194,0.8102,TP
YOLO11s,China_Drone__China_Drone_001040,D00,0.349,0.011333,0.9435,TP
YOLO11s,China_Drone__China_Drone_001040,D10,0.3027,0.006474,0.6751,TP
YOLO11s,China_Drone__China_Drone_001040,D10,0.2891,0.01125,0.7074,FP_duplicate
YOLO11s,China_Drone__China_Drone_001040,D10,0.2414,0.019052,0.3686,FP_localization
YOLO11s,China_Drone__China_Drone_001043,D10,0.3954,0.007394,0.842,TP
YOLO11s,China_Drone__China_Drone_001048,D00,0.4249,0.076341,0.8387,TP
YOLO11s,China_Drone__China_Drone_001067,D10,0.5245,0.042354,0.8832,TP
YOLO11s,China_Drone__China_Drone_001067,D40,0.2631,0.013926,0.8518,TP
YOLO11s,China_Drone__China_Drone_001067,D10,0.2427,0.062473,0.581,FP_duplicate
YOLO11s,China_Drone__China_Drone_001069,D10,0.3175,0.006629,0.8779,TP
YOLO11s,China_Drone__China_Drone_001081,D00,0.4883,0.080436,0.7168,TP
YOLO11s,China_Drone__China_Drone_001081,D00,0.2644,0.077136,0.7446,FP_duplicate
YOLO11s,China_Drone__China_Drone_001104,D00,0.5651,0.0212,0.7807,TP
YOLO11s,China_Drone__China_Drone_001104,D00,0.3406,0.034466,0.3533,FP_localization
YOLO11s,China_Drone__China_Drone_001104,D00,0.2614,0.020057,0.592,TP
YOLO11s,China_Drone__China_Drone_001108,D00,0.4138,0.04667,0.0,FP_background
YOLO11s,China_Drone__China_Drone_001129,D10,0.3592,0.023637,0.6774,TP
YOLO11s,China_Drone__China_Drone_001129,D00,0.2681,0.025589,0.7762,TP
YOLO11s,China_Drone__China_Drone_001129,D10,0.2572,0.003883,0.0,FP_background
YOLO11s,China_Drone__China_Drone_001136,D10,0.6864,0.135722,0.7655,TP
YOLO11s,China_Drone__China_Drone_001152,D00,0.4839,0.035739,0.7182,TP
YOLO11s,China_Drone__China_Drone_001152,D00,0.4205,0.044562,0.6754,TP
YOLO11s,China_Drone__China_Drone_001157,D10,0.4819,0.211041,0.8187,TP
YOLO11s,China_Drone__China_Drone_001159,D10,0.4158,0.011911,0.7355,TP
YOLO11s,China_Drone__China_Drone_001159,D10,0.2503,0.018422,0.6287,FP_duplicate
YOLO11s,China_Drone__China_Drone_001190,D00,0.3486,0.028117,0.7472,TP
YOLO11s,China_Drone__China_Drone_001200,D10,0.2679,0.0882,0.6198,TP
YOLO11s,China_Drone__China_Drone_001200,D10,0.2677,0.131975,0.8915,FP_duplicate
YOLO11s,China_Drone__China_Drone_001200,D10,0.2448,0.067748,0.4414,FP_localization
YOLO11s,China_Drone__China_Drone_001217,D10,0.6922,0.041934,0.8801,TP
YOLO11s,China_Drone__China_Drone_001217,D10,0.2805,0.005839,0.6707,TP
YOLO11s,China_Drone__China_Drone_001222,D10,0.472,0.090676,0.6568,FP_classification
YOLO11s,China_Drone__China_Drone_001229,D00,0.5805,0.156203,0.6846,TP
YOLO11s,China_Drone__China_Drone_001238,D00,0.388,0.035414,0.68,TP
YOLO11s,China_Drone__China_Drone_001246,D10,0.4489,0.008328,0.4604,FP_localization
YOLO11s,China_Drone__China_Drone_001246,D10,0.4061,0.003268,0.8399,TP
YOLO11s,China_Drone__China_Drone_001246,D10,0.3005,0.003689,0.0,FP_background
YOLO11s,China_Drone__China_Drone_001247,D10,0.2855,0.124031,0.6853,TP
YOLO11s,China_Drone__China_Drone_001250,D10,0.3997,0.011499,0.7943,TP
YOLO11s,China_Drone__China_Drone_001263,D10,0.4509,0.218712,0.5381,FP_classification
YOLO11s,China_Drone__China_Drone_001263,D00,0.3134,0.083652,0.6371,TP
YOLO11s,China_Drone__China_Drone_001263,D00,0.3128,0.012853,0.8459,TP
YOLO11s,China_Drone__China_Drone_001263,D00,0.3023,0.103523,0.5148,FP_duplicate
YOLO11s,China_Drone__China_Drone_001271,D10,0.2984,0.012224,0.7266,TP
YOLO11s,China_Drone__China_Drone_001272,D10,0.3445,0.053734,0.2221,FP_localization
YOLO11s,China_Drone__China_Drone_001272,D10,0.3433,0.23616,0.8061,TP
YOLO11s,China_Drone__China_Drone_001305,D00,0.3109,0.046898,0.0,FP_background
YOLO11s,China_Drone__China_Drone_001317,D10,0.4817,0.113359,0.8098,TP
YOLO11s,China_Drone__China_Drone_001317,D10,0.3417,0.093469,0.7748,FP_duplicate
YOLO11s,China_Drone__China_Drone_001356,D10,0.6037,0.02232,0.3758,FP_localization
YOLO11s,China_Drone__China_Drone_001367,D10,0.58,0.021397,0.1711,FP_background
YOLO11s,China_Drone__China_Drone_001368,D20,0.318,0.030158,0.3692,FP_localization
YOLO11s,China_Drone__China_Drone_001368,D10,0.2748,0.020423,0.7388,TP
YOLO11s,China_Drone__China_Drone_001374,D10,0.2992,0.04636,0.8232,TP
YOLO11s,China_Drone__China_Drone_001380,D00,0.2784,0.325909,0.3729,FP_localization
YOLO11s,China_Drone__China_Drone_001382,D00,0.4455,0.095245,0.8222,TP
YOLO11s,China_Drone__China_Drone_001382,D00,0.248,0.143157,0.5624,FP_duplicate
YOLO11s,China_Drone__China_Drone_001424,D10,0.4845,0.031773,0.6766,TP
YOLO11s,China_Drone__China_Drone_001426,D40,0.4035,0.00282,0.0,FP_background
YOLO11s,China_Drone__China_Drone_001430,D10,0.2837,0.108834,0.4839,FP_localization
YOLO11s,China_Drone__China_Drone_001433,D10,0.4169,0.011784,0.813,TP
YOLO11s,China_Drone__China_Drone_001433,D10,0.2869,0.00522,0.0,FP_background
YOLO11s,China_Drone__China_Drone_001452,D10,0.6694,0.063347,0.6412,TP
YOLO11s,China_Drone__China_Drone_001452,D10,0.417,0.047428,0.8769,FP_duplicate
YOLO11s,China_Drone__China_Drone_001477,D00,0.2841,0.017459,0.8155,TP
YOLO11s,China_Drone__China_Drone_001478,D00,0.4192,0.020535,0.7648,TP
YOLO11s,China_Drone__China_Drone_001478,D00,0.3601,0.007126,0.0,FP_background
YOLO11s,China_Drone__China_Drone_001479,D10,0.5947,0.025446,0.706,TP
YOLO11s,China_Drone__China_Drone_001479,D00,0.4707,0.039282,0.7486,TP
YOLO11s,China_Drone__China_Drone_001479,D00,0.3243,0.034844,0.774,FP_duplicate
YOLO11s,China_Drone__China_Drone_001479,D10,0.3209,0.028887,0.807,TP
YOLO11s,China_Drone__China_Drone_001479,D10,0.3148,0.074703,0.336,FP_localization
YOLO11s,China_Drone__China_Drone_001489,D00,0.4566,0.020411,0.759,TP
YOLO11s,China_Drone__China_Drone_001493,D10,0.4125,0.033902,0.8065,TP
YOLO11s,China_Drone__China_Drone_001493,D10,0.305,0.014008,0.3946,FP_localization
YOLO11s,China_Drone__China_Drone_001502,D00,0.25,0.018887,0.905,TP
YOLO11s,China_Drone__China_Drone_001503,D00,0.3406,0.212389,0.2088,FP_localization
YOLO11s,China_Drone__China_Drone_001511,D20,0.6709,0.024938,0.6596,FP_classification
YOLO11s,China_Drone__China_Drone_001521,D00,0.556,0.241244,0.8974,TP
YOLO11s,China_Drone__China_Drone_001521,D10,0.2786,0.006213,0.0,FP_background
YOLO11s,China_Drone__China_Drone_001521,D00,0.263,0.079807,0.3254,FP_localization
YOLO11s,China_Drone__China_Drone_001521,D00,0.2533,0.038822,0.1632,FP_localization
YOLO11s,China_Drone__China_Drone_001530,D00,0.3662,0.097617,0.0,FP_background
YOLO11s,China_Drone__China_Drone_001530,D00,0.3153,0.133934,0.0,FP_background
YOLO11s,China_Drone__China_Drone_001530,D10,0.2743,0.005789,0.0,FP_background
YOLO11s,China_Drone__China_Drone_001540,D00,0.5812,0.041863,0.4737,FP_localization
YOLO11s,China_Drone__China_Drone_001540,D00,0.2941,0.071712,0.7365,TP
YOLO11s,China_Drone__China_Drone_001546,D00,0.6286,0.024642,0.9161,TP
YOLO11s,China_Drone__China_Drone_001591,D10,0.5083,0.008065,0.6908,TP
YOLO11s,China_Drone__China_Drone_001591,D10,0.3306,0.040582,0.6306,TP
YOLO11s,China_Drone__China_Drone_001591,D10,0.2918,0.019665,0.435,FP_localization
YOLO11s,China_Drone__China_Drone_001608,D00,0.5926,0.011589,0.8061,TP
YOLO11s,China_Drone__China_Drone_001608,D00,0.5025,0.026333,0.4815,FP_localization
YOLO11s,China_Drone__China_Drone_001608,D00,0.4378,0.065186,0.6477,TP
YOLO11s,China_Drone__China_Drone_001608,D10,0.3173,0.015527,0.8176,TP
YOLO11s,China_Drone__China_Drone_001608,D00,0.2701,0.049226,0.66,FP_duplicate
YOLO11s,China_Drone__China_Drone_001632,D00,0.3403,0.023381,0.8714,TP
YOLO11s,China_Drone__China_Drone_001632,D10,0.3144,0.029439,0.6892,TP
YOLO11s,China_Drone__China_Drone_001632,D10,0.2658,0.093931,0.3244,FP_localization
YOLO11s,China_Drone__China_Drone_001637,D00,0.2486,0.024925,0.8066,TP
YOLO11s,China_Drone__China_Drone_001637,D00,0.2484,0.018663,0.7117,TP
YOLO11s,China_Drone__China_Drone_001653,D00,0.54,0.048811,0.7364,TP
YOLO11s,China_Drone__China_Drone_001653,D00,0.4494,0.018805,0.0,FP_background
YOLO11s,China_Drone__China_Drone_001653,D00,0.3463,0.086443,0.6111,TP
YOLO11s,China_Drone__China_Drone_001653,D00,0.327,0.102343,0.0,FP_background
YOLO11s,China_Drone__China_Drone_001653,D00,0.2921,0.096095,0.0,FP_background
YOLO11s,China_Drone__China_Drone_001653,D00,0.2782,0.08291,0.6438,FP_duplicate
YOLO11s,China_Drone__China_Drone_001672,D00,0.4063,0.042567,0.7729,TP
YOLO11s,China_Drone__China_Drone_001686,D10,0.4951,0.017323,0.6269,TP
YOLO11s,China_Drone__China_Drone_001686,D10,0.3822,0.003563,0.6087,TP
YOLO11s,China_Drone__China_Drone_001692,D00,0.5757,0.068379,0.6695,TP
YOLO11s,China_Drone__China_Drone_001692,D00,0.2675,0.095732,0.7512,FP_duplicate
YOLO11s,China_Drone__China_Drone_001693,D10,0.3213,0.009512,0.7766,TP
YOLO11s,China_Drone__China_Drone_001713,D10,0.5932,0.005408,0.7264,TP
YOLO11s,China_Drone__China_Drone_001727,D10,0.3777,0.003229,0.7129,TP
YOLO11s,China_Drone__China_Drone_001727,D10,0.3142,0.01065,0.5234,TP
YOLO11s,China_Drone__China_Drone_001727,D10,0.261,0.003718,0.0,FP_background
YOLO11s,China_Drone__China_Drone_001731,D00,0.4431,0.039024,0.3466,FP_localization
YOLO11s,China_Drone__China_Drone_001749,D10,0.5123,0.024624,0.0,FP_background
YOLO11s,China_Drone__China_Drone_001757,D00,0.3267,0.131535,0.5694,TP
YOLO11s,China_Drone__China_Drone_001760,D10,0.4925,0.1065,0.7728,TP
YOLO11s,China_Drone__China_Drone_001760,D10,0.4331,0.061024,0.6014,FP_duplicate
YOLO11s,China_Drone__China_Drone_001765,D00,0.6696,0.005572,0.8305,TP
YOLO11s,China_Drone__China_Drone_001765,D10,0.456,0.018003,0.7547,TP
YOLO11s,China_Drone__China_Drone_001765,D10,0.3823,0.012627,0.5303,FP_duplicate
YOLO11s,China_Drone__China_Drone_001765,D10,0.2426,0.004567,0.0,FP_background
YOLO11s,China_Drone__China_Drone_001777,D10,0.3345,0.073194,0.7427,TP
YOLO11s,China_Drone__China_Drone_001782,D00,0.6006,0.117875,0.8573,TP
YOLO11s,China_Drone__China_Drone_001795,D10,0.4404,0.027282,0.8027,TP
YOLO11s,China_Drone__China_Drone_001809,D10,0.3516,0.013484,0.8435,TP
YOLO11s,China_Drone__China_Drone_001827,D00,0.5048,0.08521,0.5274,TP
YOLO11s,China_Drone__China_Drone_001831,D20,0.4298,0.076397,0.6501,TP
YOLO11s,China_Drone__China_Drone_001832,D10,0.4257,0.003173,0.706,TP
YOLO11s,China_Drone__China_Drone_001837,D00,0.4547,0.0228,0.7777,TP
YOLO11s,China_Drone__China_Drone_001837,D20,0.252,0.013529,0.913,TP
YOLO11s,China_Drone__China_Drone_001838,D10,0.286,0.113939,0.7399,TP
YOLO11s,China_Drone__China_Drone_001838,D10,0.2389,0.108352,0.5948,FP_duplicate
YOLO11s,China_Drone__China_Drone_001843,D20,0.2702,0.025776,0.0,FP_background
YOLO11s,China_Drone__China_Drone_001846,D00,0.4161,0.019316,0.7158,TP
YOLO11s,China_Drone__China_Drone_001846,D00,0.2492,0.046954,0.0,FP_background
YOLO11s,China_Drone__China_Drone_001852,D00,0.263,0.025235,0.6212,FP_classification
YOLO11s,China_Drone__China_Drone_001892,D00,0.4402,0.013519,0.0146,FP_background
YOLO11s,China_Drone__China_Drone_001892,D10,0.3724,0.007343,0.4384,FP_localization
YOLO11s,China_Drone__China_Drone_001892,D10,0.319,0.011252,0.6966,TP
YOLO11s,China_Drone__China_Drone_001905,D00,0.4576,0.034239,0.7311,TP
YOLO11s,China_Drone__China_Drone_001905,D00,0.3777,0.029796,0.4588,FP_localization
YOLO11s,China_Drone__China_Drone_001905,D10,0.332,0.020251,0.4911,FP_localization
YOLO11s,China_Drone__China_Drone_001905,D00,0.2461,0.017268,0.3855,FP_localization
YOLO11s,China_Drone__China_Drone_001923,D00,0.5155,0.202012,0.5055,FP_classification
YOLO11s,China_Drone__China_Drone_001923,D00,0.4332,0.23141,0.5791,FP_classification
YOLO11s,China_Drone__China_Drone_001923,D00,0.4224,0.020016,0.0501,FP_background
YOLO11s,China_Drone__China_Drone_001939,D10,0.3077,0.105644,0.7238,TP
YOLO11s,China_Drone__China_Drone_001953,D00,0.4806,0.057273,0.8776,TP
YOLO11s,China_Drone__China_Drone_001953,D00,0.2756,0.018144,0.7975,TP
YOLO11s,China_Drone__China_Drone_001953,D00,0.241,0.090941,0.6198,FP_duplicate
YOLO11s,China_Drone__China_Drone_001975,D10,0.2941,0.170959,0.8138,TP
YOLO11s,China_Drone__China_Drone_001975,D10,0.2471,0.136544,0.5589,FP_duplicate
YOLO11s,China_Drone__China_Drone_001978,D10,0.3339,0.008169,0.0,FP_background
YOLO11s,China_Drone__China_Drone_001995,D00,0.5901,0.018817,0.8078,TP
YOLO11s,China_Drone__China_Drone_001995,D00,0.4154,0.027158,0.7632,FP_duplicate
YOLO11s,China_Drone__China_Drone_002006,D00,0.3422,0.03398,0.8732,TP
YOLO11s,China_Drone__China_Drone_002016,D00,0.3379,0.196457,0.6655,TP
YOLO11s,China_Drone__China_Drone_002016,D00,0.3312,0.121091,0.5916,FP_duplicate
YOLO11s,China_Drone__China_Drone_002020,D00,0.5334,0.012656,0.0,FP_background
YOLO11s,China_Drone__China_Drone_002020,D10,0.4132,0.015712,0.0,FP_background
YOLO11s,China_Drone__China_Drone_002034,D00,0.5511,0.011643,0.6751,TP
YOLO11s,China_Drone__China_Drone_002034,D00,0.3642,0.014759,0.8623,TP
YOLO11s,China_Drone__China_Drone_002034,D10,0.343,0.007745,0.0,FP_background
YOLO11s,China_Drone__China_Drone_002039,D00,0.5655,0.029862,0.7334,TP
YOLO11s,China_Drone__China_Drone_002039,D00,0.4958,0.028389,0.9376,TP
YOLO11s,China_Drone__China_Drone_002039,D10,0.4696,0.01197,0.7145,TP
YOLO11s,China_Drone__China_Drone_002039,D00,0.4258,0.020416,0.6989,TP
YOLO11s,China_Drone__China_Drone_002039,D00,0.248,0.008414,0.0,FP_background
YOLO11s,China_Drone__China_Drone_002042,D10,0.2836,0.123916,0.2623,FP_localization
YOLO11s,China_Drone__China_Drone_002044,D00,0.507,0.04162,0.7336,TP
YOLO11s,China_Drone__China_Drone_002045,D10,0.3066,0.106956,0.0,FP_background
YOLO11s,China_Drone__China_Drone_002065,D00,0.3728,0.130497,0.4712,FP_localization
YOLO11s,China_Drone__China_Drone_002069,D20,0.3464,0.414124,0.784,TP
YOLO11s,China_Drone__China_Drone_002070,D00,0.3709,0.021681,0.3691,FP_localization
YOLO11s,China_Drone__China_Drone_002070,D10,0.3113,0.023012,0.557,TP
YOLO11s,China_Drone__China_Drone_002070,D00,0.2588,0.051528,0.7853,TP
YOLO11s,China_Drone__China_Drone_002070,D10,0.2478,0.015705,0.7776,TP
YOLO11s,China_Drone__China_Drone_002072,D10,0.2959,0.074139,0.6016,TP
YOLO11s,China_Drone__China_Drone_002090,D00,0.3185,0.021302,0.8076,TP
YOLO11s,China_Drone__China_Drone_002105,D40,0.4695,0.057286,0.7382,FP_classification
YOLO11s,China_Drone__China_Drone_002105,D20,0.3069,0.076128,0.8621,TP
YOLO11s,China_Drone__China_Drone_002115,D10,0.559,0.063378,0.5673,TP
YOLO11s,China_Drone__China_Drone_002115,D10,0.4821,0.016869,0.8919,TP
YOLO11s,China_Drone__China_Drone_002115,D10,0.4416,0.092055,0.7329,FP_duplicate
YOLO11s,China_Drone__China_Drone_002115,D00,0.4266,0.013382,0.0,FP_background
YOLO11s,China_Drone__China_Drone_002115,D10,0.2527,0.028584,0.3153,FP_localization
YOLO11s,China_Drone__China_Drone_002115,D10,0.2407,0.054789,0.6592,FP_duplicate
YOLO11s,China_Drone__China_Drone_002117,D10,0.3751,0.024869,0.273,FP_localization
YOLO11s,China_Drone__China_Drone_002127,D10,0.4266,0.117919,0.7967,TP
YOLO11s,China_Drone__China_Drone_002127,D10,0.3151,0.097595,0.6602,FP_duplicate
YOLO11s,China_Drone__China_Drone_002129,D00,0.3917,0.088625,0.0,FP_background
YOLO11s,China_Drone__China_Drone_002129,D00,0.2401,0.084703,0.0,FP_background
YOLO11s,China_Drone__China_Drone_002137,D20,0.2727,0.018002,0.6866,FP_classification
YOLO11s,China_Drone__China_Drone_002140,D00,0.5125,0.06184,0.3136,FP_localization
YOLO11s,China_Drone__China_Drone_002140,D00,0.4707,0.013483,0.7321,TP
YOLO11s,China_Drone__China_Drone_002140,D00,0.4596,0.01823,0.8106,TP
YOLO11s,China_Drone__China_Drone_002140,D00,0.4277,0.011894,0.0,FP_background
YOLO11s,China_Drone__China_Drone_002142,D10,0.4415,0.1246,0.8411,TP
YOLO11s,China_Drone__China_Drone_002145,D40,0.5659,0.005688,0.7846,TP
YOLO11s,China_Drone__China_Drone_002149,D10,0.6315,0.060627,0.8533,TP
YOLO11s,China_Drone__China_Drone_002149,D10,0.5615,0.021867,0.7503,TP
YOLO11s,China_Drone__China_Drone_002149,D00,0.5523,0.028909,0.0,FP_background
YOLO11s,China_Drone__China_Drone_002150,D00,0.2706,0.040954,0.9565,TP
YOLO11s,China_Drone__China_Drone_002153,D10,0.4124,0.026981,0.7737,TP
YOLO11s,China_Drone__China_Drone_002159,D00,0.5109,0.020643,0.6962,TP
YOLO11s,China_Drone__China_Drone_002159,D10,0.4956,0.014814,0.8188,TP
YOLO11s,China_Drone__China_Drone_002159,D00,0.4907,0.027348,0.6599,TP
YOLO11s,China_Drone__China_Drone_002159,D00,0.4143,0.029053,0.0,FP_background
YOLO11s,China_Drone__China_Drone_002159,D00,0.3743,0.019342,0.0,FP_background
YOLO11s,China_Drone__China_Drone_002159,D00,0.3471,0.005784,0.0593,FP_background
YOLO11s,China_Drone__China_Drone_002159,D00,0.2425,0.031756,0.5893,FP_duplicate
YOLO11s,China_Drone__China_Drone_002173,D00,0.5749,0.026711,0.8205,TP
YOLO11s,China_Drone__China_Drone_002173,D10,0.3176,0.010252,0.5679,TP
YOLO11s,China_Drone__China_Drone_002182,D10,0.383,0.011928,0.6188,TP
YOLO11s,China_Drone__China_Drone_002183,D00,0.4577,0.06145,0.8746,TP
YOLO11s,China_Drone__China_Drone_002183,D10,0.3072,0.119065,0.7865,TP
YOLO11s,China_Drone__China_Drone_002192,D00,0.3529,0.030941,0.7486,TP
YOLO11s,China_Drone__China_Drone_002209,D20,0.5707,0.398093,0.8233,TP
YOLO11s,China_Drone__China_Drone_002209,D20,0.5512,0.408602,0.8486,FP_duplicate
YOLO11s,China_Drone__China_Drone_002213,D10,0.6496,0.033675,0.8165,TP
YOLO11s,China_Drone__China_Drone_002213,D10,0.5278,0.070056,0.9127,TP
YOLO11s,China_Drone__China_Drone_002242,D00,0.264,0.008181,0.0,FP_background
YOLO11s,China_Drone__China_Drone_002245,D40,0.5144,0.012659,0.4339,FP_localization
YOLO11s,China_Drone__China_Drone_002245,D10,0.4911,0.025542,0.6414,TP
YOLO11s,China_Drone__China_Drone_002245,D00,0.3695,0.007645,0.8099,TP
YOLO11s,China_Drone__China_Drone_002245,D20,0.3524,0.208924,0.1389,FP_background
YOLO11s,China_Drone__China_Drone_002245,D10,0.3248,0.01444,0.7855,FP_duplicate
YOLO11s,China_Drone__China_Drone_002245,D40,0.3145,0.009355,0.5872,TP
YOLO11s,China_Drone__China_Drone_002249,D10,0.373,0.020688,0.7824,TP
YOLO11s,China_Drone__China_Drone_002275,D00,0.5208,0.091575,0.7272,TP
YOLO11s,China_Drone__China_Drone_002275,D00,0.3013,0.125358,0.5313,FP_duplicate
YOLO11s,China_Drone__China_Drone_002275,D00,0.2373,0.062893,0.6977,TP
YOLO11s,China_Drone__China_Drone_002276,D10,0.5629,0.184672,0.7735,TP
YOLO11s,China_Drone__China_Drone_002276,D10,0.5081,0.154567,0.8497,FP_duplicate
YOLO11s,China_Drone__China_Drone_002279,D10,0.3577,0.050236,0.8426,TP
YOLO11s,China_Drone__China_Drone_002284,D00,0.3969,0.101897,0.728,TP
YOLO11s,China_Drone__China_Drone_002284,D00,0.2751,0.160723,0.4532,FP_localization
YOLO11s,China_Drone__China_Drone_002289,D10,0.3764,0.034433,0.7515,TP
YOLO11s,China_Drone__China_Drone_002294,D00,0.25,0.02227,0.7278,TP
YOLO11s,China_Drone__China_Drone_002297,D10,0.5218,0.012316,0.8633,TP
YOLO11s,China_Drone__China_Drone_002302,D00,0.2593,0.032631,0.0,FP_background
YOLO11s,China_Drone__China_Drone_002305,D10,0.484,0.033002,0.6631,TP
YOLO11s,China_Drone__China_Drone_002315,D00,0.4832,0.050819,0.3455,FP_localization
YOLO11s,China_Drone__China_Drone_002315,D00,0.4431,0.027282,0.2006,FP_localization
YOLO11s,China_Drone__China_Drone_002315,D00,0.3588,0.125251,0.9269,TP
YOLO11s,China_Drone__China_Drone_002332,D00,0.449,0.011201,0.7215,TP
YOLO11s,China_Drone__China_Drone_002357,D00,0.4454,0.050761,0.2563,FP_background
YOLO11s,China_Drone__China_Drone_002357,D00,0.2694,0.045998,0.1971,FP_background
YOLO11s,China_Drone__China_Drone_002357,D00,0.2438,0.083848,0.2346,FP_background
YOLO11s,China_Drone__China_Drone_002358,D00,0.3584,0.003886,0.0,FP_background
YOLO11s,China_Drone__China_Drone_002358,D00,0.3564,0.004967,0.0,FP_background
YOLO11s,China_Drone__China_Drone_002358,D40,0.3066,0.025516,0.2877,FP_background
YOLO11s,China_Drone__China_Drone_002358,D20,0.2409,0.024791,0.2761,FP_background
YOLO11s,China_Drone__China_Drone_002360,D00,0.3392,0.025554,0.368,FP_localization
YOLO11s,China_Drone__China_Drone_002365,D10,0.3336,0.026079,0.7853,TP
YOLO11s,China_MotorBike__China_MotorBike_000002,D00,0.5324,0.053763,0.9215,TP
YOLO11s,China_MotorBike__China_MotorBike_000002,D00,0.4513,0.011881,0.3475,FP_localization
YOLO11s,China_MotorBike__China_MotorBike_000002,D00,0.3099,0.034297,0.872,TP
YOLO11s,China_MotorBike__China_MotorBike_000003,D00,0.7337,0.096729,0.764,TP
YOLO11s,China_MotorBike__China_MotorBike_000003,D00,0.4847,0.014269,0.6406,TP
YOLO11s,China_MotorBike__China_MotorBike_000003,D00,0.3373,0.004464,0.0,FP_background
YOLO11s,China_MotorBike__China_MotorBike_000003,D00,0.2959,0.022053,0.8047,TP
YOLO11s,China_MotorBike__China_MotorBike_000005,D10,0.3881,0.035165,0.3801,FP_localization
YOLO11s,China_MotorBike__China_MotorBike_000005,D10,0.3663,0.053348,0.4765,FP_localization
YOLO11s,China_MotorBike__China_MotorBike_000005,D10,0.3145,0.068578,0.3707,FP_localization
YOLO11s,China_MotorBike__China_MotorBike_000012,D00,0.7372,0.170901,0.9253,TP
YOLO11s,China_MotorBike__China_MotorBike_000012,D00,0.424,0.28561,0.9184,TP
YOLO11s,China_MotorBike__China_MotorBike_000019,D00,0.4207,0.139918,0.8303,TP
YOLO11s,China_MotorBike__China_MotorBike_000019,D00,0.3662,0.09859,0.5598,FP_duplicate
YOLO11s,China_MotorBike__China_MotorBike_000019,D10,0.3422,0.020122,0.2362,FP_localization
YOLO11s,China_MotorBike__China_MotorBike_000019,D00,0.339,0.131054,0.6786,FP_duplicate
YOLO11s,China_MotorBike__China_MotorBike_000033,D00,0.3467,0.200086,0.1157,FP_localization
YOLO11s,China_MotorBike__China_MotorBike_000033,D00,0.286,0.365264,0.2335,FP_localization
YOLO11s,China_MotorBike__China_MotorBike_000034,D10,0.4116,0.106376,0.6991,TP
YOLO11s,China_MotorBike__China_MotorBike_000034,D10,0.3535,0.077816,0.6544,FP_duplicate
YOLO11s,China_MotorBike__China_MotorBike_000042,D10,0.6895,0.104163,0.8262,TP
YOLO11s,China_MotorBike__China_MotorBike_000042,D00,0.6326,0.092453,0.6086,TP
YOLO11s,China_MotorBike__China_MotorBike_000042,D00,0.3379,0.058251,0.5185,TP
YOLO11s,China_MotorBike__China_MotorBike_000042,D00,0.257,0.019626,0.5299,TP
YOLO11s,China_MotorBike__China_MotorBike_000050,D40,0.6892,0.008253,0.673,TP
YOLO11s,China_MotorBike__China_MotorBike_000050,D40,0.358,0.0053,0.6481,FP_duplicate
YOLO11s,China_MotorBike__China_MotorBike_000053,D00,0.4674,0.060888,0.4438,FP_localization
YOLO11s,China_MotorBike__China_MotorBike_000056,D10,0.5063,0.024788,0.6583,TP
YOLO11s,China_MotorBike__China_MotorBike_000056,D10,0.3478,0.021502,0.8388,FP_duplicate
YOLO11s,China_MotorBike__China_MotorBike_000057,D00,0.5349,0.0739,0.5283,TP
YOLO11s,China_MotorBike__China_MotorBike_000058,D10,0.5893,0.009721,0.7225,TP
YOLO11s,China_MotorBike__China_MotorBike_000058,D00,0.548,0.044967,0.7063,TP
YOLO11s,China_MotorBike__China_MotorBike_000059,D00,0.5126,0.04404,0.8326,TP
YOLO11s,China_MotorBike__China_MotorBike_000061,D00,0.5847,0.039243,0.5871,TP
YOLO11s,China_MotorBike__China_MotorBike_000072,D00,0.7179,0.173155,0.6905,TP
YOLO11s,China_MotorBike__China_MotorBike_000072,D00,0.6096,0.379426,0.8904,TP
YOLO11s,China_MotorBike__China_MotorBike_000072,D00,0.571,0.165111,0.4041,FP_localization
YOLO11s,China_MotorBike__China_MotorBike_000079,D20,0.6662,0.444686,0.8931,TP
YOLO11s,China_MotorBike__China_MotorBike_000079,D00,0.3259,0.025033,0.1635,FP_localization
YOLO11s,China_MotorBike__China_MotorBike_000086,D00,0.6074,0.104423,0.9065,TP
YOLO11s,China_MotorBike__China_MotorBike_000086,D10,0.5183,0.031323,0.7329,TP
YOLO11s,China_MotorBike__China_MotorBike_000086,D10,0.5112,0.040404,0.9149,TP
YOLO11s,China_MotorBike__China_MotorBike_000086,D00,0.4099,0.070661,0.5716,TP
YOLO11s,China_MotorBike__China_MotorBike_000086,D00,0.3872,0.450006,0.189,FP_localization
YOLO11s,China_MotorBike__China_MotorBike_000086,D00,0.2719,0.189379,0.345,FP_localization
YOLO11s,China_MotorBike__China_MotorBike_000086,D00,0.2579,0.043659,0.7592,FP_duplicate
YOLO11s,China_MotorBike__China_MotorBike_000089,D00,0.4917,0.098456,0.8575,TP
YOLO11s,China_MotorBike__China_MotorBike_000089,D10,0.4488,0.016265,0.8703,TP
YOLO11s,China_MotorBike__China_MotorBike_000089,D00,0.2419,0.071609,0.6689,FP_duplicate
YOLO11s,China_MotorBike__China_MotorBike_000108,D20,0.551,0.182147,0.4097,FP_localization
YOLO11s,China_MotorBike__China_MotorBike_000108,D20,0.2836,0.05417,0.6238,TP
YOLO11s,China_MotorBike__China_MotorBike_000112,D00,0.6311,0.16241,0.8627,TP
YOLO11s,China_MotorBike__China_MotorBike_000112,D10,0.6306,0.027391,0.6469,TP
YOLO11s,China_MotorBike__China_MotorBike_000112,D00,0.5484,0.009469,0.6867,TP
YOLO11s,China_MotorBike__China_MotorBike_000113,D40,0.6233,0.025471,0.5109,TP
YOLO11s,China_MotorBike__China_MotorBike_000113,D40,0.3573,0.008684,0.1652,FP_localization
YOLO11s,China_MotorBike__China_MotorBike_000113,D40,0.3003,0.040445,0.7199,FP_duplicate
YOLO11s,China_MotorBike__China_MotorBike_000113,D00,0.2506,0.050939,0.7775,FP_classification
YOLO11s,China_MotorBike__China_MotorBike_000115,D10,0.4294,0.082851,0.7562,TP
YOLO11s,China_MotorBike__China_MotorBike_000115,D10,0.3432,0.095586,0.8296,FP_duplicate
YOLO11s,China_MotorBike__China_MotorBike_000115,D10,0.248,0.017795,0.0,FP_background
YOLO11s,China_MotorBike__China_MotorBike_000125,D20,0.6782,0.539394,0.9394,TP
YOLO11s,China_MotorBike__China_MotorBike_000125,D20,0.3106,0.428644,0.6378,FP_duplicate
YOLO11s,China_MotorBike__China_MotorBike_000143,D00,0.6785,0.273626,0.1927,FP_localization
YOLO11s,China_MotorBike__China_MotorBike_000143,D00,0.4018,0.023375,0.3975,FP_localization
YOLO11s,China_MotorBike__China_MotorBike_000146,D00,0.4896,0.089689,0.7254,TP
YOLO11s,China_MotorBike__China_MotorBike_000148,D10,0.5079,0.016256,0.141,FP_localization
YOLO11s,China_MotorBike__China_MotorBike_000148,D10,0.3045,0.008198,0.1438,FP_localization
YOLO11s,China_MotorBike__China_MotorBike_000148,D10,0.2938,0.004081,0.0716,FP_background
YOLO11s,China_MotorBike__China_MotorBike_000148,D20,0.2571,0.045392,0.3319,FP_localization
YOLO11s,China_MotorBike__China_MotorBike_000148,D20,0.2519,0.126677,0.9043,TP
YOLO11s,China_MotorBike__China_MotorBike_000164,D00,0.7211,0.385127,0.7705,TP
YOLO11s,China_MotorBike__China_MotorBike_000164,D00,0.6948,0.119205,0.8443,TP
YOLO11s,China_MotorBike__China_MotorBike_000164,D00,0.3719,0.093724,0.7123,TP
YOLO11s,China_MotorBike__China_MotorBike_000164,D00,0.3307,0.484542,0.6638,FP_duplicate
YOLO11s,China_MotorBike__China_MotorBike_000181,D00,0.66,0.308244,0.8368,TP
YOLO11s,China_MotorBike__China_MotorBike_000181,D00,0.6284,0.175293,0.446,FP_localization
YOLO11s,China_MotorBike__China_MotorBike_000181,D00,0.5186,0.386134,0.8822,TP
YOLO11s,China_MotorBike__China_MotorBike_000201,D00,0.7568,0.193483,0.8634,TP
YOLO11s,China_MotorBike__China_MotorBike_000201,D00,0.4635,0.349027,0.7572,TP
YOLO11s,China_MotorBike__China_MotorBike_000215,D20,0.594,0.590764,0.8976,TP
YOLO11s,China_MotorBike__China_MotorBike_000215,D20,0.5283,0.852033,0.5906,FP_duplicate
YOLO11s,China_MotorBike__China_MotorBike_000218,D00,0.702,0.246507,0.6768,TP
YOLO11s,China_MotorBike__China_MotorBike_000218,D10,0.5298,0.05711,0.7415,TP
YOLO11s,China_MotorBike__China_MotorBike_000218,D00,0.5114,0.314806,0.8712,FP_duplicate
YOLO11s,China_MotorBike__China_MotorBike_000218,D00,0.265,0.153155,0.4421,FP_localization
YOLO11s,China_MotorBike__China_MotorBike_000221,D00,0.6411,0.357713,0.819,TP
YOLO11s,China_MotorBike__China_MotorBike_000226,D00,0.5176,0.013062,0.7197,TP
YOLO11s,China_MotorBike__China_MotorBike_000226,D00,0.4803,0.058341,0.548,TP
YOLO11s,China_MotorBike__China_MotorBike_000232,D00,0.6799,0.01227,0.555,TP
YOLO11s,China_MotorBike__China_MotorBike_000232,D00,0.5557,0.013631,0.3425,FP_localization
YOLO11s,China_MotorBike__China_MotorBike_000232,D00,0.5124,0.006929,0.5453,TP
YOLO11s,China_MotorBike__China_MotorBike_000232,D00,0.3074,0.162745,0.2343,FP_localization
YOLO11s,China_MotorBike__China_MotorBike_000232,D00,0.3004,0.076575,0.4189,FP_localization
YOLO11s,China_MotorBike__China_MotorBike_000247,D00,0.6164,0.270663,0.7094,TP
YOLO11s,China_MotorBike__China_MotorBike_000259,D00,0.5256,0.075507,0.8598,TP
YOLO11s,China_MotorBike__China_MotorBike_000262,D00,0.4456,0.056367,0.4301,FP_localization
YOLO11s,China_MotorBike__China_MotorBike_000269,D20,0.6705,0.414244,0.7689,TP
YOLO11s,China_MotorBike__China_MotorBike_000269,D20,0.483,0.389058,0.6494,FP_duplicate
YOLO11s,China_MotorBike__China_MotorBike_000269,D00,0.2425,0.004999,0.1836,FP_localization
YOLO11s,China_MotorBike__China_MotorBike_000290,D00,0.517,0.067156,0.4722,FP_localization
YOLO11s,China_MotorBike__China_MotorBike_000290,D00,0.427,0.09971,0.7154,TP
YOLO11s,China_MotorBike__China_MotorBike_000290,D00,0.4043,0.140721,0.8393,FP_duplicate
YOLO11s,China_MotorBike__China_MotorBike_000290,D00,0.3119,0.007289,0.6978,TP
YOLO11s,China_MotorBike__China_MotorBike_000301,D00,0.489,0.247742,0.7096,TP
YOLO11s,China_MotorBike__China_MotorBike_000301,D00,0.288,0.173753,0.7345,FP_duplicate
YOLO11s,China_MotorBike__China_MotorBike_000304,D40,0.7919,0.007872,0.7585,TP
YOLO11s,China_MotorBike__China_MotorBike_000304,D40,0.3064,0.012478,0.6142,FP_duplicate
YOLO11s,China_MotorBike__China_MotorBike_000307,D00,0.5406,0.008012,0.6904,TP
YOLO11s,China_MotorBike__China_MotorBike_000307,D20,0.3191,0.215663,0.5182,TP
YOLO11s,China_MotorBike__China_MotorBike_000318,D20,0.6097,0.145542,0.916,TP
YOLO11s,China_MotorBike__China_MotorBike_000318,D00,0.598,0.258517,0.9014,TP
YOLO11s,China_MotorBike__China_MotorBike_000318,D20,0.4827,0.41132,0.4731,FP_localization
YOLO11s,China_MotorBike__China_MotorBike_000327,D00,0.7189,0.21206,0.6037,TP
YOLO11s,China_MotorBike__China_MotorBike_000327,D00,0.6708,0.144234,0.74,TP
YOLO11s,China_MotorBike__China_MotorBike_000328,D40,0.6449,0.002633,0.9368,TP
YOLO11s,China_MotorBike__China_MotorBike_000333,D00,0.4996,0.053321,0.6144,TP
YOLO11s,China_MotorBike__China_MotorBike_000333,D00,0.2688,0.037098,0.6225,FP_duplicate
YOLO11s,China_MotorBike__China_MotorBike_000346,D00,0.562,0.224779,0.8045,TP
YOLO11s,China_MotorBike__China_MotorBike_000346,D00,0.3022,0.043664,0.0,FP_background
YOLO11s,China_MotorBike__China_MotorBike_000346,D00,0.238,0.230149,0.0,FP_background
YOLO11s,China_MotorBike__China_MotorBike_000351,D10,0.3819,0.068457,0.5803,TP
YOLO11s,China_MotorBike__China_MotorBike_000351,D10,0.3669,0.100796,0.9402,FP_duplicate
YOLO11s,China_MotorBike__China_MotorBike_000361,D00,0.5127,0.159166,0.285,FP_localization
YOLO11s,China_MotorBike__China_MotorBike_000361,D10,0.4782,0.013218,0.5641,TP
YOLO11s,China_MotorBike__China_MotorBike_000361,D00,0.4734,0.052877,0.7446,TP
YOLO11s,China_MotorBike__China_MotorBike_000376,D00,0.5587,0.146945,0.8507,TP
YOLO11s,China_MotorBike__China_MotorBike_000376,D00,0.4792,0.174879,0.5531,TP
YOLO11s,China_MotorBike__China_MotorBike_000376,D00,0.3918,0.209535,0.5695,FP_duplicate
YOLO11s,China_MotorBike__China_MotorBike_000376,D00,0.2903,0.173239,0.3104,FP_localization
YOLO11s,China_MotorBike__China_MotorBike_000376,D00,0.2456,0.259019,0.4794,FP_localization
YOLO11s,China_MotorBike__China_MotorBike_000420,D00,0.537,0.23452,0.8311,TP
YOLO11s,China_MotorBike__China_MotorBike_000420,D00,0.401,0.229134,0.3048,FP_localization
YOLO11s,China_MotorBike__China_MotorBike_000420,D10,0.3587,0.013942,0.6173,TP
YOLO11s,China_MotorBike__China_MotorBike_000420,D00,0.2499,0.301705,0.6548,FP_duplicate
YOLO11s,China_MotorBike__China_MotorBike_000431,D00,0.5101,0.006664,0.8794,TP
YOLO11s,China_MotorBike__China_MotorBike_000431,D00,0.4139,0.015553,0.6106,TP
YOLO11s,China_MotorBike__China_MotorBike_000432,D10,0.6586,0.065348,0.7909,TP
YOLO11s,China_MotorBike__China_MotorBike_000432,D10,0.4394,0.040954,0.5426,TP
YOLO11s,China_MotorBike__China_MotorBike_000440,D10,0.5246,0.01549,0.5694,TP
YOLO11s,China_MotorBike__China_MotorBike_000445,D20,0.6171,0.40514,0.8681,TP
YOLO11s,China_MotorBike__China_MotorBike_000448,D20,0.5915,0.112493,0.7652,TP
YOLO11s,China_MotorBike__China_MotorBike_000448,D20,0.5061,0.036533,0.7372,TP
YOLO11s,China_MotorBike__China_MotorBike_000448,D20,0.4633,0.073688,0.6063,FP_duplicate
YOLO11s,China_MotorBike__China_MotorBike_000448,D40,0.4193,0.001172,0.6241,TP
YOLO11s,China_MotorBike__China_MotorBike_000448,D00,0.3486,0.057706,0.0865,FP_background
YOLO11s,China_MotorBike__China_MotorBike_000448,D00,0.2716,0.012016,0.0,FP_background
YOLO11s,China_MotorBike__China_MotorBike_000448,D20,0.2483,0.023766,0.7185,FP_duplicate
YOLO11s,China_MotorBike__China_MotorBike_000452,D10,0.308,0.067544,0.6931,TP
YOLO11s,China_MotorBike__China_MotorBike_000452,D10,0.3044,0.0308,0.2877,FP_localization
YOLO11s,China_MotorBike__China_MotorBike_000452,D10,0.2993,0.026279,0.5673,TP
YOLO11s,China_MotorBike__China_MotorBike_000452,D10,0.2683,0.016845,0.4455,FP_localization
YOLO11s,China_MotorBike__China_MotorBike_000452,D10,0.2435,0.075299,0.8475,FP_duplicate
YOLO11s,China_MotorBike__China_MotorBike_000458,D10,0.6285,0.166018,0.754,TP
YOLO11s,China_MotorBike__China_MotorBike_000458,D10,0.5266,0.176066,0.8292,FP_duplicate
YOLO11s,China_MotorBike__China_MotorBike_000459,D20,0.5187,0.070834,0.7164,TP
YOLO11s,China_MotorBike__China_MotorBike_000459,D10,0.441,0.034481,0.8429,TP
YOLO11s,China_MotorBike__China_MotorBike_000459,D10,0.3857,0.019109,0.4704,FP_localization
YOLO11s,China_MotorBike__China_MotorBike_000459,D20,0.3626,0.105883,0.8948,FP_duplicate
YOLO11s,China_MotorBike__China_MotorBike_000459,D10,0.3307,0.06681,0.4378,FP_localization
YOLO11s,China_MotorBike__China_MotorBike_000459,D20,0.3166,0.159877,0.6101,FP_duplicate
YOLO11s,China_MotorBike__China_MotorBike_000463,D10,0.7128,0.117383,0.7474,TP
YOLO11s,China_MotorBike__China_MotorBike_000463,D10,0.5232,0.042411,0.4577,FP_localization
YOLO11s,China_MotorBike__China_MotorBike_000466,D10,0.5174,0.020975,0.5848,TP
YOLO11s,China_MotorBike__China_MotorBike_000466,D10,0.392,0.022832,0.3655,FP_localization
YOLO11s,China_MotorBike__China_MotorBike_000466,D10,0.2617,0.057249,0.7878,TP
YOLO11s,China_MotorBike__China_MotorBike_000477,D00,0.4619,0.086507,0.7417,TP
YOLO11s,China_MotorBike__China_MotorBike_000477,D00,0.3501,0.070844,0.8963,FP_duplicate
YOLO11s,China_MotorBike__China_MotorBike_000483,D00,0.4992,0.078713,0.6136,TP
YOLO11s,China_MotorBike__China_MotorBike_000483,D00,0.3025,0.064253,0.4986,FP_localization
YOLO11s,China_MotorBike__China_MotorBike_000484,D20,0.8542,0.316845,0.9447,TP
YOLO11s,China_MotorBike__China_MotorBike_000490,D10,0.3485,0.062333,0.6343,TP
YOLO11s,China_MotorBike__China_MotorBike_000492,D00,0.2571,0.016429,0.6553,TP
YOLO11s,China_MotorBike__China_MotorBike_000492,D20,0.2412,0.063029,0.0134,FP_background
YOLO11s,China_MotorBike__China_MotorBike_000513,D20,0.8184,0.446315,0.9702,TP
YOLO11s,China_MotorBike__China_MotorBike_000513,D10,0.5425,0.019052,0.7994,TP
YOLO11s,China_MotorBike__China_MotorBike_000513,D00,0.2717,0.124224,0.0683,FP_background
YOLO11s,China_MotorBike__China_MotorBike_000523,D00,0.5243,0.073207,0.4667,FP_localization
YOLO11s,China_MotorBike__China_MotorBike_000523,D00,0.5078,0.008744,0.6761,TP
YOLO11s,China_MotorBike__China_MotorBike_000523,D00,0.3145,0.116502,0.8159,TP
YOLO11s,China_MotorBike__China_MotorBike_000523,D00,0.2929,0.078216,0.4462,FP_localization
YOLO11s,China_MotorBike__China_MotorBike_000530,D10,0.4816,0.03236,0.6718,TP
YOLO11s,China_MotorBike__China_MotorBike_000530,D10,0.4193,0.095571,0.6662,TP
YOLO11s,China_MotorBike__China_MotorBike_000544,D20,0.6519,0.261945,0.9316,TP
YOLO11s,China_MotorBike__China_MotorBike_000546,D00,0.6453,0.169947,0.7615,TP
YOLO11s,China_MotorBike__China_MotorBike_000550,D20,0.5588,0.731624,0.568,TP
YOLO11s,China_MotorBike__China_MotorBike_000550,D20,0.2722,0.414329,0.8536,FP_duplicate
YOLO11s,China_MotorBike__China_MotorBike_000552,D00,0.4924,0.120701,0.6803,TP
YOLO11s,China_MotorBike__China_MotorBike_000553,D20,0.7658,0.132715,0.8339,TP
YOLO11s,China_MotorBike__China_MotorBike_000553,D20,0.6665,0.024744,0.7301,TP
YOLO11s,China_MotorBike__China_MotorBike_000553,D00,0.5304,0.047657,0.9676,TP
YOLO11s,China_MotorBike__China_MotorBike_000553,D00,0.4138,0.142734,0.325,FP_localization
YOLO11s,China_MotorBike__China_MotorBike_000553,D00,0.3143,0.005634,0.0,FP_background
YOLO11s,China_MotorBike__China_MotorBike_000553,D00,0.2601,0.072644,0.6354,FP_duplicate
YOLO11s,China_MotorBike__China_MotorBike_000556,D10,0.5192,0.149908,0.3634,FP_background
YOLO11s,China_MotorBike__China_MotorBike_000556,D00,0.4344,0.130654,0.4169,FP_localization
YOLO11s,China_MotorBike__China_MotorBike_000556,D10,0.2575,0.024233,0.7746,TP
YOLO11s,China_MotorBike__China_MotorBike_000556,D00,0.2448,0.037293,0.7737,TP
YOLO11s,China_MotorBike__China_MotorBike_000557,D10,0.5344,0.02004,0.813,TP
YOLO11s,China_MotorBike__China_MotorBike_000557,D10,0.4018,0.159402,0.6942,FP_classification
YOLO11s,China_MotorBike__China_MotorBike_000557,D10,0.3974,0.106839,0.507,FP_classification
YOLO11s,China_MotorBike__China_MotorBike_000557,D00,0.3954,0.060556,0.9012,TP
YOLO11s,China_MotorBike__China_MotorBike_000557,D10,0.2471,0.101071,0.5083,FP_classification
YOLO11s,China_MotorBike__China_MotorBike_000564,D00,0.7906,0.020698,0.7765,TP
YOLO11s,China_MotorBike__China_MotorBike_000564,D00,0.7528,0.037456,0.801,TP
YOLO11s,China_MotorBike__China_MotorBike_000564,D00,0.476,0.199505,0.8048,TP
YOLO11s,China_MotorBike__China_MotorBike_000564,D00,0.2923,0.067613,0.0711,FP_background
YOLO11s,China_MotorBike__China_MotorBike_000564,D00,0.2876,0.008064,0.0361,FP_background
YOLO11s,China_MotorBike__China_MotorBike_000572,D00,0.495,0.082158,0.8548,TP
YOLO11s,China_MotorBike__China_MotorBike_000572,D00,0.3494,0.068175,0.6798,FP_duplicate
YOLO11s,China_MotorBike__China_MotorBike_000574,D00,0.537,0.218321,0.9091,TP
YOLO11s,China_MotorBike__China_MotorBike_000574,D00,0.25,0.157897,0.7162,FP_duplicate
YOLO11s,China_MotorBike__China_MotorBike_000585,D00,0.4418,0.03398,0.7744,TP
YOLO11s,China_MotorBike__China_MotorBike_000585,D00,0.3333,0.055422,0.4741,FP_localization
YOLO11s,China_MotorBike__China_MotorBike_000585,D10,0.3267,0.015243,0.2573,FP_localization
YOLO11s,China_MotorBike__China_MotorBike_000585,D10,0.2813,0.033767,0.7727,FP_classification
YOLO11s,China_MotorBike__China_MotorBike_000603,D00,0.4308,0.201346,0.8447,TP
YOLO11s,China_MotorBike__China_MotorBike_000603,D00,0.302,0.255207,0.7339,FP_duplicate
YOLO11s,China_MotorBike__China_MotorBike_000606,D10,0.6154,0.025457,0.2638,FP_localization
YOLO11s,China_MotorBike__China_MotorBike_000606,D10,0.4947,0.028478,0.3536,FP_localization
YOLO11s,China_MotorBike__China_MotorBike_000606,D00,0.3849,0.021096,0.9274,TP
YOLO11s,China_MotorBike__China_MotorBike_000606,D10,0.3422,0.10852,0.7422,TP
YOLO11s,China_MotorBike__China_MotorBike_000621,D10,0.6054,0.111492,0.6819,TP
YOLO11s,China_MotorBike__China_MotorBike_000624,D00,0.5122,0.0714,0.7294,TP
YOLO11s,China_MotorBike__China_MotorBike_000624,D10,0.3083,0.033324,0.6434,TP
YOLO11s,China_MotorBike__China_MotorBike_000624,D10,0.2597,0.012855,0.3661,FP_localization
YOLO11s,China_MotorBike__China_MotorBike_000632,D10,0.4685,0.092063,0.7703,TP
YOLO11s,China_MotorBike__China_MotorBike_000632,D10,0.2842,0.07108,0.685,FP_duplicate
YOLO11s,China_MotorBike__China_MotorBike_000637,D00,0.5282,0.072147,0.6983,TP
YOLO11s,China_MotorBike__China_MotorBike_000637,D00,0.467,0.075782,0.731,FP_duplicate
YOLO11s,China_MotorBike__China_MotorBike_000655,D00,0.5321,0.111874,0.8612,TP
YOLO11s,China_MotorBike__China_MotorBike_000661,D00,0.6419,0.241904,0.7949,TP
YOLO11s,China_MotorBike__China_MotorBike_000667,D00,0.4757,0.065811,0.7491,TP
YOLO11s,China_MotorBike__China_MotorBike_000669,D00,0.486,0.067588,0.4631,FP_localization
YOLO11s,China_MotorBike__China_MotorBike_000672,D00,0.5038,0.065694,0.5212,TP
YOLO11s,China_MotorBike__China_MotorBike_000681,D00,0.652,0.294107,0.51,TP
YOLO11s,China_MotorBike__China_MotorBike_000681,D00,0.5342,0.074527,0.5203,TP
YOLO11s,China_MotorBike__China_MotorBike_000681,D00,0.5118,0.143395,0.7355,TP
YOLO11s,China_MotorBike__China_MotorBike_000681,D00,0.3115,0.108094,0.5968,FP_duplicate
YOLO11s,China_MotorBike__China_MotorBike_000681,D00,0.2641,0.356762,0.3379,FP_localization
YOLO11s,China_MotorBike__China_MotorBike_000682,D00,0.5825,0.210699,0.7712,TP
YOLO11s,China_MotorBike__China_MotorBike_000682,D00,0.4616,0.216226,0.8716,FP_duplicate
YOLO11s,China_MotorBike__China_MotorBike_000684,D00,0.5311,0.063252,0.8284,TP
YOLO11s,China_MotorBike__China_MotorBike_000684,D10,0.4372,0.043829,0.8136,TP
YOLO11s,China_MotorBike__China_MotorBike_000684,D10,0.3867,0.031164,0.5741,FP_duplicate
YOLO11s,China_MotorBike__China_MotorBike_000684,D10,0.3582,0.029123,0.8144,FP_duplicate
YOLO11s,China_MotorBike__China_MotorBike_000686,D00,0.692,0.286428,0.6854,TP
YOLO11s,China_MotorBike__China_MotorBike_000686,D00,0.5155,0.13898,0.6192,TP
YOLO11s,China_MotorBike__China_MotorBike_000686,D00,0.3078,0.240322,0.822,FP_duplicate
YOLO11s,China_MotorBike__China_MotorBike_000697,D00,0.7091,0.259789,0.7306,TP
YOLO11s,China_MotorBike__China_MotorBike_000697,D00,0.5713,0.197909,0.563,TP
YOLO11s,China_MotorBike__China_MotorBike_000697,D00,0.553,0.286124,0.6998,FP_duplicate
YOLO11s,China_MotorBike__China_MotorBike_000697,D00,0.4682,0.277038,0.7638,FP_duplicate
YOLO11s,China_MotorBike__China_MotorBike_000699,D10,0.6798,0.052753,0.6477,TP
YOLO11s,China_MotorBike__China_MotorBike_000699,D00,0.2593,0.026058,0.5693,TP
YOLO11s,China_MotorBike__China_MotorBike_000699,D10,0.2539,0.032714,0.4222,FP_localization
YOLO11s,China_MotorBike__China_MotorBike_000713,D00,0.5746,0.183484,0.8763,TP
YOLO11s,China_MotorBike__China_MotorBike_000713,D00,0.2763,0.311631,0.5079,FP_duplicate
YOLO11s,China_MotorBike__China_MotorBike_000721,D10,0.4396,0.269719,0.8006,FP_classification
YOLO11s,China_MotorBike__China_MotorBike_000721,D10,0.282,0.182762,0.5446,FP_classification
YOLO11s,China_MotorBike__China_MotorBike_000725,D00,0.5598,0.067747,0.281,FP_localization
YOLO11s,China_MotorBike__China_MotorBike_000725,D10,0.4684,0.100323,0.8848,FP_classification
YOLO11s,China_MotorBike__China_MotorBike_000725,D10,0.4299,0.039856,0.3975,FP_background
YOLO11s,China_MotorBike__China_MotorBike_000738,D20,0.6039,0.25375,0.6945,TP
YOLO11s,China_MotorBike__China_MotorBike_000738,D00,0.4123,0.019139,0.7425,TP
YOLO11s,China_MotorBike__China_MotorBike_000750,D20,0.7403,0.328056,0.8312,TP
YOLO11s,China_MotorBike__China_MotorBike_000750,D20,0.4152,0.279255,0.7929,FP_duplicate
YOLO11s,China_MotorBike__China_MotorBike_000757,D00,0.5966,0.07382,0.8082,TP
YOLO11s,China_MotorBike__China_MotorBike_000757,D00,0.4537,0.062124,0.5155,FP_duplicate
YOLO11s,China_MotorBike__China_MotorBike_000757,D00,0.3553,0.08346,0.5224,FP_duplicate
YOLO11s,China_MotorBike__China_MotorBike_000765,D00,0.433,0.226445,0.8497,TP
YOLO11s,China_MotorBike__China_MotorBike_000765,D00,0.3901,0.131292,0.464,FP_localization
YOLO11s,China_MotorBike__China_MotorBike_000765,D00,0.2522,0.098219,0.3775,FP_localization
YOLO11s,China_MotorBike__China_MotorBike_000765,D00,0.2412,0.04412,0.1696,FP_localization
YOLO11s,China_MotorBike__China_MotorBike_000769,D00,0.6672,0.247352,0.852,TP
YOLO11s,China_MotorBike__China_MotorBike_000769,D00,0.5583,0.017302,0.8181,TP
YOLO11s,China_MotorBike__China_MotorBike_000769,D00,0.379,0.029645,0.6822,TP
YOLO11s,China_MotorBike__China_MotorBike_000769,D00,0.3602,0.047602,0.1346,FP_localization
YOLO11s,China_MotorBike__China_MotorBike_000769,D00,0.2404,0.042704,0.4498,FP_localization
YOLO11s,China_MotorBike__China_MotorBike_000777,D10,0.3137,0.026554,0.3008,FP_localization
YOLO11s,China_MotorBike__China_MotorBike_000779,D00,0.6746,0.059634,0.8019,TP
YOLO11s,China_MotorBike__China_MotorBike_000779,D00,0.3115,0.032362,0.4093,FP_localization
YOLO11s,China_MotorBike__China_MotorBike_000779,D00,0.2829,0.002596,0.0,FP_background
YOLO11s,China_MotorBike__China_MotorBike_000786,D40,0.5728,0.00993,0.8146,TP
YOLO11s,China_MotorBike__China_MotorBike_000790,D20,0.5582,0.332561,0.7517,TP
YOLO11s,China_MotorBike__China_MotorBike_000790,D00,0.5195,0.047428,0.9476,TP
YOLO11s,China_MotorBike__China_MotorBike_000790,D20,0.4131,0.276674,0.3653,FP_localization
YOLO11s,China_MotorBike__China_MotorBike_000790,D20,0.4024,0.028593,0.7289,TP
YOLO11s,China_MotorBike__China_MotorBike_000790,D20,0.3489,0.222563,0.3213,FP_localization
YOLO11s,China_MotorBike__China_MotorBike_000790,D20,0.3166,0.349852,0.8579,FP_duplicate
YOLO11s,China_MotorBike__China_MotorBike_000796,D00,0.4828,0.072315,0.9374,TP
YOLO11s,China_MotorBike__China_MotorBike_000800,D10,0.547,0.025334,0.1577,FP_localization
YOLO11s,China_MotorBike__China_MotorBike_000800,D00,0.4498,0.023764,0.5885,TP
YOLO11s,China_MotorBike__China_MotorBike_000800,D10,0.3799,0.142673,0.8496,TP
YOLO11s,China_MotorBike__China_MotorBike_000800,D10,0.2724,0.061746,0.46,FP_localization
YOLO11s,China_MotorBike__China_MotorBike_000800,D10,0.2694,0.119054,0.7221,FP_duplicate
YOLO11s,China_MotorBike__China_MotorBike_000800,D10,0.2506,0.0951,0.6998,FP_duplicate
YOLO11s,China_MotorBike__China_MotorBike_000809,D00,0.4729,0.065824,0.7185,TP
YOLO11s,China_MotorBike__China_MotorBike_000809,D00,0.417,0.067599,0.622,FP_duplicate
YOLO11s,China_MotorBike__China_MotorBike_000814,D00,0.643,0.024326,0.4389,FP_localization
YOLO11s,China_MotorBike__China_MotorBike_000814,D00,0.6341,0.020045,0.7524,TP
YOLO11s,China_MotorBike__China_MotorBike_000814,D00,0.5276,0.006859,0.0288,FP_background
YOLO11s,China_MotorBike__China_MotorBike_000814,D00,0.4949,0.075759,0.643,TP
YOLO11s,China_MotorBike__China_MotorBike_000814,D00,0.3382,0.228748,0.7563,TP
YOLO11s,China_MotorBike__China_MotorBike_000814,D00,0.2574,0.030383,0.4967,FP_localization
YOLO11s,China_MotorBike__China_MotorBike_000814,D00,0.2521,0.022056,0.3178,FP_localization
YOLO11s,China_MotorBike__China_MotorBike_000828,D00,0.6019,0.097433,0.2657,FP_localization
YOLO11s,China_MotorBike__China_MotorBike_000828,D00,0.4529,0.011449,0.0735,FP_background
YOLO11s,China_MotorBike__China_MotorBike_000828,D00,0.3425,0.027474,0.851,TP
YOLO11s,China_MotorBike__China_MotorBike_000828,D00,0.244,0.031952,0.7948,TP
YOLO11s,China_MotorBike__China_MotorBike_000828,D00,0.2423,0.00751,0.2418,FP_localization
YOLO11s,China_MotorBike__China_MotorBike_000838,D00,0.5598,0.096249,0.8062,TP
YOLO11s,China_MotorBike__China_MotorBike_000838,D00,0.3007,0.068121,0.6357,FP_duplicate
YOLO11s,China_MotorBike__China_MotorBike_000841,D40,0.7584,0.002897,0.9344,TP
YOLO11s,China_MotorBike__China_MotorBike_000844,D20,0.6764,0.313916,0.8612,TP
YOLO11s,China_MotorBike__China_MotorBike_000844,D20,0.5224,0.264192,0.6624,FP_duplicate
YOLO11s,China_MotorBike__China_MotorBike_000851,D10,0.5272,0.090775,0.6116,TP
YOLO11s,China_MotorBike__China_MotorBike_000851,D10,0.3538,0.074213,0.5495,FP_duplicate
YOLO11s,China_MotorBike__China_MotorBike_000851,D10,0.2904,0.079775,0.5838,FP_duplicate
YOLO11s,China_MotorBike__China_MotorBike_000851,D10,0.2757,0.045819,0.401,FP_localization
YOLO11s,China_MotorBike__China_MotorBike_000855,D00,0.4475,0.031926,0.6033,TP
YOLO11s,China_MotorBike__China_MotorBike_000855,D10,0.4015,0.138238,0.3417,FP_localization
YOLO11s,China_MotorBike__China_MotorBike_000855,D10,0.3241,0.069668,0.4825,FP_localization
YOLO11s,China_MotorBike__China_MotorBike_000855,D00,0.2899,0.009117,0.1628,FP_localization
YOLO11s,China_MotorBike__China_MotorBike_000855,D10,0.2491,0.023594,0.2632,FP_localization
YOLO11s,China_MotorBike__China_MotorBike_000856,D10,0.6391,0.028814,0.7792,TP
YOLO11s,China_MotorBike__China_MotorBike_000856,D40,0.6078,0.004745,0.7356,TP
YOLO11s,China_MotorBike__China_MotorBike_000856,D10,0.5556,0.024607,0.7297,TP
YOLO11s,China_MotorBike__China_MotorBike_000856,D00,0.3827,0.007407,0.71,TP
YOLO11s,China_MotorBike__China_MotorBike_000856,D10,0.3505,0.012944,0.7199,TP
YOLO11s,China_MotorBike__China_MotorBike_000860,D10,0.4371,0.118835,0.7257,TP
YOLO11s,China_MotorBike__China_MotorBike_000860,D10,0.3785,0.106834,0.7626,FP_duplicate
YOLO11s,China_MotorBike__China_MotorBike_000872,D00,0.7904,0.091782,0.9425,TP
YOLO11s,China_MotorBike__China_MotorBike_000872,D10,0.6558,0.076928,0.7225,TP
YOLO11s,China_MotorBike__China_MotorBike_000872,D10,0.5559,0.07222,0.7862,FP_classification
YOLO11s,China_MotorBike__China_MotorBike_000872,D10,0.3266,0.06461,0.6179,FP_duplicate
YOLO11s,China_MotorBike__China_MotorBike_000872,D10,0.2481,0.132282,0.4809,FP_background
YOLO11s,China_MotorBike__China_MotorBike_000882,D40,0.4603,0.000713,0.7313,TP
YOLO11s,China_MotorBike__China_MotorBike_000882,D20,0.4053,0.015391,0.5765,TP
YOLO11s,China_MotorBike__China_MotorBike_000882,D00,0.3923,0.00295,0.0,FP_background
YOLO11s,China_MotorBike__China_MotorBike_000882,D00,0.2494,0.027361,0.5969,TP
YOLO11s,China_MotorBike__China_MotorBike_000883,D00,0.6962,0.048384,0.9058,TP
YOLO11s,China_MotorBike__China_MotorBike_000887,D00,0.4965,0.061579,0.5189,TP
YOLO11s,China_MotorBike__China_MotorBike_000895,D00,0.5814,0.169883,0.5275,TP
YOLO11s,China_MotorBike__China_MotorBike_000895,D10,0.5682,0.035841,0.8842,TP
YOLO11s,China_MotorBike__China_MotorBike_000895,D10,0.4251,0.053673,0.5375,TP
YOLO11s,China_MotorBike__China_MotorBike_000895,D00,0.4013,0.018297,0.8491,TP
YOLO11s,China_MotorBike__China_MotorBike_000895,D10,0.3338,0.027189,0.8736,FP_duplicate
YOLO11s,China_MotorBike__China_MotorBike_000896,D10,0.6799,0.124759,0.8459,TP
YOLO11s,China_MotorBike__China_MotorBike_000896,D00,0.5985,0.046267,0.7814,TP
YOLO11s,China_MotorBike__China_MotorBike_000896,D00,0.4081,0.043281,0.6125,TP
YOLO11s,China_MotorBike__China_MotorBike_000896,D00,0.4017,0.067405,0.9529,FP_duplicate
YOLO11s,China_MotorBike__China_MotorBike_000896,D10,0.3496,0.136541,0.8778,FP_duplicate
YOLO11s,China_MotorBike__China_MotorBike_000896,D00,0.3485,0.134586,0.4843,FP_localization
YOLO11s,China_MotorBike__China_MotorBike_000904,D00,0.7704,0.081505,0.7507,TP
YOLO11s,China_MotorBike__China_MotorBike_000904,D10,0.6989,0.068457,0.7696,TP
YOLO11s,China_MotorBike__China_MotorBike_000904,D10,0.2981,0.081859,0.7638,FP_classification
YOLO11s,China_MotorBike__China_MotorBike_000911,D00,0.5674,0.014512,0.2118,FP_localization
YOLO11s,China_MotorBike__China_MotorBike_000911,D00,0.5527,0.041987,0.4991,FP_localization
YOLO11s,China_MotorBike__China_MotorBike_000911,D10,0.3335,0.108084,0.7977,TP
YOLO11s,China_MotorBike__China_MotorBike_000911,D00,0.2991,0.008827,0.8159,TP
YOLO11s,China_MotorBike__China_MotorBike_000911,D10,0.2821,0.012655,0.5615,TP
YOLO11s,China_MotorBike__China_MotorBike_000921,D10,0.5777,0.146303,0.6344,TP
YOLO11s,China_MotorBike__China_MotorBike_000921,D10,0.3756,0.028332,0.1514,FP_localization
YOLO11s,China_MotorBike__China_MotorBike_000921,D10,0.3394,0.114302,0.6108,FP_duplicate
YOLO11s,China_MotorBike__China_MotorBike_000921,D10,0.3103,0.005089,0.0,FP_background
YOLO11s,China_MotorBike__China_MotorBike_000921,D10,0.2469,0.099224,0.5302,FP_duplicate
YOLO11s,China_MotorBike__China_MotorBike_000921,D10,0.2395,0.10683,0.5459,FP_duplicate
YOLO11s,China_MotorBike__China_MotorBike_000926,D20,0.4477,0.292241,0.7753,TP
YOLO11s,China_MotorBike__China_MotorBike_000926,D20,0.3439,0.37672,0.3335,FP_localization
YOLO11s,China_MotorBike__China_MotorBike_000926,D20,0.2463,0.313319,0.6249,FP_duplicate
YOLO11s,China_MotorBike__China_MotorBike_000926,D20,0.2442,0.5401,0.4275,FP_localization
YOLO11s,China_MotorBike__China_MotorBike_000928,D10,0.5793,0.24293,0.7405,TP
YOLO11s,China_MotorBike__China_MotorBike_000928,D10,0.4891,0.13274,0.5811,FP_duplicate
YOLO11s,China_MotorBike__China_MotorBike_000930,D20,0.5721,0.399034,0.8773,TP
YOLO11s,China_MotorBike__China_MotorBike_000942,D00,0.3425,0.294471,0.1632,FP_localization
YOLO11s,China_MotorBike__China_MotorBike_000942,D00,0.2674,0.44263,0.7942,TP
YOLO11s,China_MotorBike__China_MotorBike_000969,D10,0.521,0.011717,0.5375,TP
YOLO11s,China_MotorBike__China_MotorBike_000969,D00,0.3739,0.002795,0.7331,TP
YOLO11s,China_MotorBike__China_MotorBike_000969,D00,0.3606,0.155094,0.8001,TP
YOLO11s,China_MotorBike__China_MotorBike_000971,D40,0.8042,0.002357,0.6967,TP
YOLO11s,China_MotorBike__China_MotorBike_000971,D10,0.5179,0.071194,0.7997,TP
YOLO11s,China_MotorBike__China_MotorBike_000971,D10,0.396,0.001656,0.0,FP_background
YOLO11s,China_MotorBike__China_MotorBike_000973,D00,0.7729,0.073306,0.7575,TP
YOLO11s,China_MotorBike__China_MotorBike_000973,D10,0.4187,0.056952,0.8576,TP
YOLO11s,China_MotorBike__China_MotorBike_000973,D10,0.2549,0.070598,0.7567,FP_classification
YOLO11s,China_MotorBike__China_MotorBike_000979,D00,0.5417,0.080065,0.6833,TP
YOLO11s,China_MotorBike__China_MotorBike_000979,D10,0.3848,0.03435,0.756,TP
YOLO11s,China_MotorBike__China_MotorBike_000979,D00,0.3163,0.00127,0.865,TP
YOLO11s,China_MotorBike__China_MotorBike_000981,D00,0.4479,0.108722,0.8476,TP
YOLO11s,China_MotorBike__China_MotorBike_000981,D00,0.4092,0.198934,0.5463,TP
YOLO11s,China_MotorBike__China_MotorBike_000981,D00,0.3379,0.281662,0.4815,FP_localization
YOLO11s,China_MotorBike__China_MotorBike_000989,D10,0.5294,0.024397,0.3218,FP_localization
YOLO11s,China_MotorBike__China_MotorBike_000989,D10,0.3006,0.095477,0.7929,TP
YOLO11s,China_MotorBike__China_MotorBike_000989,D00,0.2778,0.138119,0.2919,FP_localization
YOLO11s,China_MotorBike__China_MotorBike_000989,D10,0.2774,0.053645,0.7077,FP_duplicate
YOLO11s,China_MotorBike__China_MotorBike_000989,D00,0.2686,0.076507,0.527,TP
YOLO11s,China_MotorBike__China_MotorBike_000989,D00,0.2569,0.019837,0.8136,TP
YOLO11s,China_MotorBike__China_MotorBike_000991,D00,0.5362,0.218243,0.2277,FP_localization
YOLO11s,China_MotorBike__China_MotorBike_000991,D00,0.4558,0.25506,0.3974,FP_localization
YOLO11s,China_MotorBike__China_MotorBike_000996,D00,0.6002,0.164012,0.5068,TP
YOLO11s,China_MotorBike__China_MotorBike_000996,D00,0.5788,0.229194,0.677,TP
YOLO11s,China_MotorBike__China_MotorBike_000996,D00,0.4072,0.313074,0.6045,FP_duplicate
YOLO11s,China_MotorBike__China_MotorBike_001014,D00,0.5204,0.069969,0.7179,TP
YOLO11s,China_MotorBike__China_MotorBike_001014,D00,0.4064,0.07662,0.7697,FP_duplicate
YOLO11s,China_MotorBike__China_MotorBike_001014,D10,0.354,0.017346,0.0,FP_background
YOLO11s,China_MotorBike__China_MotorBike_001021,D10,0.3811,0.021486,0.5795,TP
YOLO11s,China_MotorBike__China_MotorBike_001026,D00,0.5191,0.11002,0.6247,TP
YOLO11s,China_MotorBike__China_MotorBike_001026,D00,0.4702,0.088066,0.9031,FP_duplicate
YOLO11s,China_MotorBike__China_MotorBike_001026,D00,0.2512,0.078837,0.7322,FP_duplicate
YOLO11s,China_MotorBike__China_MotorBike_001027,D10,0.4895,0.03678,0.7986,TP
YOLO11s,China_MotorBike__China_MotorBike_001027,D10,0.3925,0.019496,0.6883,TP
YOLO11s,China_MotorBike__China_MotorBike_001027,D10,0.3894,0.088609,0.3315,FP_localization
YOLO11s,China_MotorBike__China_MotorBike_001030,D10,0.4662,0.080128,0.5481,TP
YOLO11s,China_MotorBike__China_MotorBike_001030,D10,0.387,0.099918,0.6784,FP_duplicate
YOLO11s,China_MotorBike__China_MotorBike_001033,D40,0.6412,0.000972,0.5651,TP
YOLO11s,China_MotorBike__China_MotorBike_001033,D10,0.3998,0.037475,0.596,TP
YOLO11s,China_MotorBike__China_MotorBike_001033,D40,0.3102,0.001454,0.3778,FP_localization
YOLO11s,China_MotorBike__China_MotorBike_001033,D40,0.2884,0.001413,0.4537,FP_localization
YOLO11s,China_MotorBike__China_MotorBike_001043,D00,0.4076,0.003121,0.2811,FP_localization
YOLO11s,China_MotorBike__China_MotorBike_001043,D00,0.3742,0.019466,0.6463,TP
YOLO11s,China_MotorBike__China_MotorBike_001066,D00,0.7219,0.028976,0.8322,TP
YOLO11s,China_MotorBike__China_MotorBike_001066,D00,0.6204,0.014701,0.805,TP
YOLO11s,China_MotorBike__China_MotorBike_001066,D00,0.5608,0.048339,0.4652,FP_localization
YOLO11s,China_MotorBike__China_MotorBike_001066,D00,0.5221,0.054003,0.526,TP
YOLO11s,China_MotorBike__China_MotorBike_001066,D00,0.463,0.068693,0.677,FP_duplicate
YOLO11s,China_MotorBike__China_MotorBike_001087,D00,0.5511,0.092871,0.8136,TP
YOLO11s,China_MotorBike__China_MotorBike_001087,D00,0.3744,0.137362,0.6686,TP
YOLO11s,China_MotorBike__China_MotorBike_001087,D00,0.3189,0.256396,0.5755,FP_duplicate
YOLO11s,China_MotorBike__China_MotorBike_001087,D00,0.2413,0.238765,0.6137,FP_duplicate
YOLO11s,China_MotorBike__China_MotorBike_001094,D20,0.3407,0.147539,0.7502,FP_classification
YOLO11s,China_MotorBike__China_MotorBike_001102,D00,0.627,0.120429,0.6151,TP
YOLO11s,China_MotorBike__China_MotorBike_001114,D10,0.6082,0.035218,0.6757,TP
YOLO11s,China_MotorBike__China_MotorBike_001114,D00,0.3958,0.075486,0.5896,TP
YOLO11s,China_MotorBike__China_MotorBike_001122,D10,0.3862,0.07224,0.7327,TP
YOLO11s,China_MotorBike__China_MotorBike_001122,D00,0.3768,0.071665,0.496,FP_localization
YOLO11s,China_MotorBike__China_MotorBike_001122,D00,0.3457,0.003737,0.0263,FP_background
YOLO11s,China_MotorBike__China_MotorBike_001126,D20,0.4399,0.191395,0.8947,TP
YOLO11s,China_MotorBike__China_MotorBike_001126,D20,0.4219,0.19679,0.294,FP_localization
YOLO11s,China_MotorBike__China_MotorBike_001126,D00,0.3446,0.005819,0.7905,TP
YOLO11s,China_MotorBike__China_MotorBike_001129,D00,0.4919,0.055847,0.4686,FP_localization
YOLO11s,China_MotorBike__China_MotorBike_001131,D00,0.5857,0.219494,0.8879,TP
YOLO11s,China_MotorBike__China_MotorBike_001131,D00,0.5512,0.030344,0.833,TP
YOLO11s,China_MotorBike__China_MotorBike_001139,D10,0.5289,0.015189,0.6809,TP
YOLO11s,China_MotorBike__China_MotorBike_001139,D00,0.4437,0.006389,0.4444,FP_localization
YOLO11s,China_MotorBike__China_MotorBike_001139,D10,0.3662,0.029195,0.6263,TP
YOLO11s,China_MotorBike__China_MotorBike_001139,D00,0.2492,0.004983,0.2756,FP_localization
YOLO11s,China_MotorBike__China_MotorBike_001151,D20,0.3858,0.293328,0.7738,TP
YOLO11s,China_MotorBike__China_MotorBike_001151,D20,0.3544,0.695449,0.3231,FP_localization
YOLO11s,China_MotorBike__China_MotorBike_001151,D00,0.2915,0.006517,0.7001,TP
YOLO11s,China_MotorBike__China_MotorBike_001153,D20,0.6266,0.807365,0.6597,TP
YOLO11s,China_MotorBike__China_MotorBike_001153,D20,0.3864,0.605397,0.9255,FP_duplicate
YOLO11s,China_MotorBike__China_MotorBike_001161,D10,0.5233,0.103534,0.5026,TP
YOLO11s,China_MotorBike__China_MotorBike_001161,D10,0.3994,0.021821,0.7038,TP
YOLO11s,China_MotorBike__China_MotorBike_001161,D10,0.3742,0.146789,0.7204,FP_duplicate
YOLO11s,China_MotorBike__China_MotorBike_001165,D00,0.5694,0.002656,0.3878,FP_localization
YOLO11s,China_MotorBike__China_MotorBike_001165,D10,0.4697,0.099793,0.5868,TP
YOLO11s,China_MotorBike__China_MotorBike_001165,D10,0.3321,0.049164,0.3955,FP_localization
YOLO11s,China_MotorBike__China_MotorBike_001165,D10,0.3047,0.105541,0.7661,FP_duplicate
YOLO11s,China_MotorBike__China_MotorBike_001165,D10,0.3038,0.077316,0.4577,FP_localization
YOLO11s,China_MotorBike__China_MotorBike_001165,D00,0.2755,0.138218,0.6256,TP
YOLO11s,China_MotorBike__China_MotorBike_001178,D00,0.4757,0.13978,0.6568,TP
YOLO11s,China_MotorBike__China_MotorBike_001178,D00,0.3188,0.061524,0.307,FP_localization
YOLO11s,China_MotorBike__China_MotorBike_001178,D00,0.3128,0.093323,0.4154,FP_localization
YOLO11s,China_MotorBike__China_MotorBike_001178,D00,0.2684,0.013328,0.0665,FP_background
YOLO11s,China_MotorBike__China_MotorBike_001187,D00,0.5019,0.067858,0.9409,TP
YOLO11s,China_MotorBike__China_MotorBike_001194,D00,0.4878,0.011414,0.4813,FP_localization
YOLO11s,China_MotorBike__China_MotorBike_001194,D00,0.4222,0.011371,0.0,FP_background
YOLO11s,China_MotorBike__China_MotorBike_001219,D00,0.8259,0.33554,0.9101,TP
YOLO11s,China_MotorBike__China_MotorBike_001219,D00,0.6683,0.288811,0.6072,TP
YOLO11s,China_MotorBike__China_MotorBike_001219,D00,0.3511,0.065483,0.7735,TP
YOLO11s,China_MotorBike__China_MotorBike_001219,D00,0.3024,0.230889,0.7398,FP_duplicate
YOLO11s,China_MotorBike__China_MotorBike_001219,D00,0.2621,0.048153,0.598,TP
YOLO11s,China_MotorBike__China_MotorBike_001224,D20,0.5234,0.212278,0.6624,TP
YOLO11s,China_MotorBike__China_MotorBike_001224,D20,0.4844,0.315481,0.4971,FP_localization
YOLO11s,China_MotorBike__China_MotorBike_001225,D00,0.5292,0.069386,0.4911,FP_localization
YOLO11s,China_MotorBike__China_MotorBike_001232,D10,0.3829,0.028711,0.8669,TP
YOLO11s,China_MotorBike__China_MotorBike_001232,D10,0.3715,0.122726,0.8892,TP
YOLO11s,China_MotorBike__China_MotorBike_001232,D10,0.2861,0.091141,0.6597,FP_duplicate
YOLO11s,China_MotorBike__China_MotorBike_001248,D10,0.5212,0.213238,0.8605,TP
YOLO11s,China_MotorBike__China_MotorBike_001248,D10,0.2581,0.27284,0.7721,FP_duplicate
YOLO11s,China_MotorBike__China_MotorBike_001273,D10,0.5975,0.190029,0.6407,TP
YOLO11s,China_MotorBike__China_MotorBike_001273,D10,0.4199,0.192941,0.8761,FP_duplicate
YOLO11s,China_MotorBike__China_MotorBike_001277,D00,0.5285,0.003178,0.6938,TP
YOLO11s,China_MotorBike__China_MotorBike_001277,D10,0.4763,0.038498,0.6336,TP
YOLO11s,China_MotorBike__China_MotorBike_001277,D10,0.4144,0.012582,0.6003,TP
YOLO11s,China_MotorBike__China_MotorBike_001277,D10,0.2612,0.022593,0.3343,FP_localization
YOLO11s,China_MotorBike__China_MotorBike_001285,D20,0.5694,0.922219,0.9169,TP
YOLO11s,China_MotorBike__China_MotorBike_001287,D00,0.6999,0.220036,0.5276,TP
YOLO11s,China_MotorBike__China_MotorBike_001287,D10,0.5055,0.081325,0.7565,TP
YOLO11s,China_MotorBike__China_MotorBike_001287,D00,0.4914,0.027602,0.5667,TP
YOLO11s,China_MotorBike__China_MotorBike_001287,D00,0.4027,0.036272,0.4256,FP_localization
YOLO11s,China_MotorBike__China_MotorBike_001287,D10,0.3433,0.074238,0.6913,FP_duplicate
YOLO11s,China_MotorBike__China_MotorBike_001289,D10,0.4741,0.125728,0.674,TP
YOLO11s,China_MotorBike__China_MotorBike_001289,D10,0.3656,0.087242,0.8985,FP_duplicate
YOLO11s,China_MotorBike__China_MotorBike_001300,D40,0.5051,0.009516,0.7937,TP
YOLO11s,China_MotorBike__China_MotorBike_001300,D40,0.2585,0.00142,0.1615,FP_localization
YOLO11s,China_MotorBike__China_MotorBike_001304,D00,0.4706,0.164439,0.8551,TP
YOLO11s,China_MotorBike__China_MotorBike_001304,D00,0.2455,0.112588,0.6682,FP_duplicate
YOLO11s,China_MotorBike__China_MotorBike_001313,D00,0.5501,0.084918,0.9123,TP
YOLO11s,China_MotorBike__China_MotorBike_001313,D00,0.249,0.12718,0.6182,FP_duplicate
YOLO11s,China_MotorBike__China_MotorBike_001326,D20,0.7222,0.380316,0.7341,TP
YOLO11s,China_MotorBike__China_MotorBike_001326,D10,0.3921,0.016566,0.6964,TP
YOLO11s,China_MotorBike__China_MotorBike_001326,D00,0.2404,0.107605,0.0034,FP_background
YOLO11s,China_MotorBike__China_MotorBike_001331,D00,0.4888,0.356843,0.2191,FP_localization
YOLO11s,China_MotorBike__China_MotorBike_001331,D00,0.3661,0.026755,0.3935,FP_localization
YOLO11s,China_MotorBike__China_MotorBike_001331,D20,0.3471,0.02841,0.0,FP_background
YOLO11s,China_MotorBike__China_MotorBike_001331,D00,0.3053,0.247645,0.3157,FP_localization
YOLO11s,China_MotorBike__China_MotorBike_001337,D10,0.548,0.1373,0.6737,TP
YOLO11s,China_MotorBike__China_MotorBike_001337,D10,0.4267,0.124464,0.6861,FP_duplicate
YOLO11s,China_MotorBike__China_MotorBike_001337,D10,0.325,0.138914,0.9592,FP_duplicate
YOLO11s,China_MotorBike__China_MotorBike_001339,D00,0.6047,0.163893,0.7445,TP
YOLO11s,China_MotorBike__China_MotorBike_001339,D10,0.5566,0.019746,0.8174,TP
YOLO11s,China_MotorBike__China_MotorBike_001339,D10,0.542,0.161909,0.6756,TP
YOLO11s,China_MotorBike__China_MotorBike_001339,D00,0.3754,0.082099,0.4525,FP_localization
YOLO11s,China_MotorBike__China_MotorBike_001339,D10,0.293,0.141288,0.4927,FP_localization
YOLO11s,China_MotorBike__China_MotorBike_001339,D00,0.2817,0.052341,0.7137,TP
YOLO11s,China_MotorBike__China_MotorBike_001349,D00,0.7036,0.004688,0.8056,TP
YOLO11s,China_MotorBike__China_MotorBike_001349,D10,0.5266,0.049004,0.9249,TP
YOLO11s,China_MotorBike__China_MotorBike_001349,D10,0.4006,0.021253,0.4699,FP_localization
YOLO11s,China_MotorBike__China_MotorBike_001350,D40,0.9093,0.00421,0.8376,TP
YOLO11s,China_MotorBike__China_MotorBike_001354,D00,0.503,0.090889,0.7661,TP
YOLO11s,China_MotorBike__China_MotorBike_001356,D20,0.7265,0.492614,0.9152,TP
YOLO11s,China_MotorBike__China_MotorBike_001365,D00,0.4453,0.239388,0.692,TP
YOLO11s,China_MotorBike__China_MotorBike_001365,D10,0.4391,0.264166,0.6781,FP_classification
YOLO11s,China_MotorBike__China_MotorBike_001367,D00,0.7183,0.074411,0.661,TP
YOLO11s,China_MotorBike__China_MotorBike_001367,D20,0.5529,0.09595,0.6232,TP
YOLO11s,China_MotorBike__China_MotorBike_001368,D00,0.5019,0.134143,0.6927,TP
YOLO11s,China_MotorBike__China_MotorBike_001368,D00,0.437,0.191056,0.9147,FP_duplicate
YOLO11s,China_MotorBike__China_MotorBike_001377,D20,0.5146,0.249898,0.6011,TP
YOLO11s,China_MotorBike__China_MotorBike_001383,D20,0.5816,0.75251,0.6981,TP
YOLO11s,China_MotorBike__China_MotorBike_001384,D00,0.5916,0.123979,0.9203,TP
YOLO11s,China_MotorBike__China_MotorBike_001384,D00,0.2456,0.159592,0.7206,FP_duplicate
YOLO11s,China_MotorBike__China_MotorBike_001385,D00,0.3763,0.006742,0.5889,TP
YOLO11s,China_MotorBike__China_MotorBike_001390,D10,0.5449,0.041198,0.8919,TP
YOLO11s,China_MotorBike__China_MotorBike_001390,D00,0.4963,0.297927,0.7445,TP
YOLO11s,China_MotorBike__China_MotorBike_001390,D00,0.4788,0.218077,0.6484,FP_duplicate
YOLO11s,China_MotorBike__China_MotorBike_001390,D00,0.4064,0.145166,0.4542,FP_localization
YOLO11s,China_MotorBike__China_MotorBike_001390,D00,0.2433,0.21182,0.7269,FP_duplicate
YOLO11s,China_MotorBike__China_MotorBike_001409,D00,0.6229,0.187853,0.79,TP
YOLO11s,China_MotorBike__China_MotorBike_001409,D20,0.5603,0.474276,0.5333,TP
YOLO11s,China_MotorBike__China_MotorBike_001409,D20,0.4178,0.167236,0.9597,TP
YOLO11s,China_MotorBike__China_MotorBike_001412,D00,0.55,0.105967,0.7811,TP
YOLO11s,China_MotorBike__China_MotorBike_001412,D20,0.3135,0.00613,0.0,FP_background
YOLO11s,China_MotorBike__China_MotorBike_001413,D00,0.5965,0.053499,0.7895,TP
YOLO11s,China_MotorBike__China_MotorBike_001413,D10,0.5227,0.062072,0.7513,TP
YOLO11s,China_MotorBike__China_MotorBike_001413,D00,0.4585,0.022081,0.653,TP
YOLO11s,China_MotorBike__China_MotorBike_001413,D10,0.2742,0.13383,0.4083,FP_localization
YOLO11s,China_MotorBike__China_MotorBike_001420,D10,0.5763,0.03168,0.7586,TP
YOLO11s,China_MotorBike__China_MotorBike_001420,D10,0.5213,0.05762,0.4171,FP_localization
YOLO11s,China_MotorBike__China_MotorBike_001429,D00,0.5218,0.114768,0.7849,TP
YOLO11s,China_MotorBike__China_MotorBike_001429,D10,0.5162,0.006802,0.3735,FP_localization
YOLO11s,China_MotorBike__China_MotorBike_001429,D00,0.4732,0.070381,0.6225,FP_duplicate
YOLO11s,China_MotorBike__China_MotorBike_001429,D10,0.2913,0.020594,0.8329,TP
YOLO11s,China_MotorBike__China_MotorBike_001430,D20,0.743,0.300613,0.73,TP
YOLO11s,China_MotorBike__China_MotorBike_001434,D00,0.5456,0.104745,0.8484,TP
YOLO11s,China_MotorBike__China_MotorBike_001436,D20,0.518,0.205727,0.284,FP_localization
YOLO11s,China_MotorBike__China_MotorBike_001436,D20,0.4917,0.192608,0.7665,TP
YOLO11s,China_MotorBike__China_MotorBike_001436,D00,0.3068,0.005801,0.7801,TP
YOLO11s,China_MotorBike__China_MotorBike_001437,D40,0.841,0.003473,0.9177,TP
YOLO11s,China_MotorBike__China_MotorBike_001446,D10,0.6295,0.183817,0.8551,TP
YOLO11s,China_MotorBike__China_MotorBike_001446,D10,0.442,0.07318,0.4509,FP_localization
YOLO11s,China_MotorBike__China_MotorBike_001446,D10,0.2531,0.022811,0.1408,FP_localization
YOLO11s,China_MotorBike__China_MotorBike_001458,D00,0.5117,0.060065,0.7112,TP
YOLO11s,China_MotorBike__China_MotorBike_001458,D10,0.4677,0.014418,0.7306,TP
YOLO11s,China_MotorBike__China_MotorBike_001458,D00,0.2599,0.065366,0.5669,FP_duplicate
YOLO11s,China_MotorBike__China_MotorBike_001461,D10,0.4774,0.080239,0.6432,TP
YOLO11s,China_MotorBike__China_MotorBike_001461,D10,0.3538,0.003509,0.0244,FP_background
YOLO11s,China_MotorBike__China_MotorBike_001461,D10,0.3349,0.143679,0.6961,TP
YOLO11s,China_MotorBike__China_MotorBike_001461,D10,0.2996,0.037057,0.297,FP_localization
YOLO11s,China_MotorBike__China_MotorBike_001461,D10,0.27,0.07375,0.5912,FP_duplicate
YOLO11s,China_MotorBike__China_MotorBike_001461,D10,0.2551,0.068216,0.3617,FP_localization
YOLO11s,China_MotorBike__China_MotorBike_001461,D20,0.2499,0.210336,0.5818,FP_classification
YOLO11s,China_MotorBike__China_MotorBike_001472,D10,0.5432,0.218753,0.6311,TP
YOLO11s,China_MotorBike__China_MotorBike_001472,D10,0.4926,0.130203,0.4168,FP_localization
YOLO11s,China_MotorBike__China_MotorBike_001500,D10,0.4175,0.317186,0.6924,FP_classification
YOLO11s,China_MotorBike__China_MotorBike_001500,D10,0.3134,0.24529,0.7275,FP_classification
YOLO11s,China_MotorBike__China_MotorBike_001500,D00,0.2748,0.281946,0.6472,TP
YOLO11s,China_MotorBike__China_MotorBike_001505,D10,0.767,0.107099,0.8143,TP
YOLO11s,China_MotorBike__China_MotorBike_001508,D40,0.6076,0.01871,0.8734,TP
YOLO11s,China_MotorBike__China_MotorBike_001508,D40,0.3601,0.002777,0.1445,FP_localization
YOLO11s,China_MotorBike__China_MotorBike_001519,D10,0.6369,0.050539,0.6622,TP
YOLO11s,China_MotorBike__China_MotorBike_001519,D00,0.5936,0.009951,0.6432,TP
YOLO11s,China_MotorBike__China_MotorBike_001519,D00,0.4974,0.121183,0.8745,TP
YOLO11s,China_MotorBike__China_MotorBike_001519,D00,0.3679,0.009783,0.083,FP_background
YOLO11s,China_MotorBike__China_MotorBike_001519,D00,0.2385,0.008119,0.677,TP
YOLO11s,China_MotorBike__China_MotorBike_001520,D00,0.5238,0.051981,0.6673,TP
YOLO11s,China_MotorBike__China_MotorBike_001520,D00,0.4763,0.306796,0.3183,FP_localization
YOLO11s,China_MotorBike__China_MotorBike_001520,D00,0.2661,0.18272,0.2175,FP_localization
YOLO11s,China_MotorBike__China_MotorBike_001520,D00,0.2455,0.26355,0.3021,FP_localization
YOLO11s,China_MotorBike__China_MotorBike_001540,D00,0.8081,0.114972,0.8775,TP
YOLO11s,China_MotorBike__China_MotorBike_001540,D10,0.5529,0.129539,0.9154,TP
YOLO11s,China_MotorBike__China_MotorBike_001540,D10,0.2749,0.082472,0.4809,FP_localization
YOLO11s,China_MotorBike__China_MotorBike_001553,D00,0.6415,0.226946,0.7835,TP
YOLO11s,China_MotorBike__China_MotorBike_001553,D00,0.4223,0.128112,0.5189,TP
YOLO11s,China_MotorBike__China_MotorBike_001554,D10,0.4793,0.180302,0.7796,TP
YOLO11s,China_MotorBike__China_MotorBike_001568,D20,0.6062,0.900431,0.88,TP
YOLO11s,China_MotorBike__China_MotorBike_001573,D10,0.6217,0.037174,0.7174,TP
YOLO11s,China_MotorBike__China_MotorBike_001573,D00,0.4584,0.062154,0.8181,TP
YOLO11s,China_MotorBike__China_MotorBike_001573,D00,0.3041,0.046817,0.549,FP_duplicate
YOLO11s,China_MotorBike__China_MotorBike_001573,D00,0.2602,0.06409,0.745,FP_duplicate
YOLO11s,China_MotorBike__China_MotorBike_001573,D00,0.2451,0.001252,0.2743,FP_localization
YOLO11s,China_MotorBike__China_MotorBike_001574,D00,0.5563,0.076733,0.8237,TP
YOLO11s,China_MotorBike__China_MotorBike_001574,D00,0.4853,0.011214,0.122,FP_localization
YOLO11s,China_MotorBike__China_MotorBike_001574,D00,0.347,0.033555,0.8368,TP
YOLO11s,China_MotorBike__China_MotorBike_001575,D00,0.6759,0.179654,0.7764,TP
YOLO11s,China_MotorBike__China_MotorBike_001575,D10,0.4631,0.028633,0.2421,FP_localization
YOLO11s,China_MotorBike__China_MotorBike_001575,D10,0.2651,0.00911,0.7311,TP
YOLO11s,China_MotorBike__China_MotorBike_001582,D10,0.3509,0.069694,0.6272,TP
YOLO11s,China_MotorBike__China_MotorBike_001582,D10,0.2933,0.086403,0.7776,FP_duplicate
YOLO11s,China_MotorBike__China_MotorBike_001582,D10,0.2728,0.024593,0.2213,FP_localization
YOLO11s,China_MotorBike__China_MotorBike_001582,D00,0.2385,0.01094,0.0,FP_background
YOLO11s,China_MotorBike__China_MotorBike_001600,D20,0.4322,0.174519,0.6943,TP
YOLO11s,China_MotorBike__China_MotorBike_001600,D00,0.36,0.032926,0.658,TP
YOLO11s,China_MotorBike__China_MotorBike_001605,D20,0.5559,0.305511,0.8919,TP
YOLO11s,China_MotorBike__China_MotorBike_001613,D00,0.6271,0.260601,0.7037,TP
YOLO11s,China_MotorBike__China_MotorBike_001614,D00,0.6344,0.029387,0.7251,TP
YOLO11s,China_MotorBike__China_MotorBike_001614,D00,0.4387,0.183832,0.778,TP
YOLO11s,China_MotorBike__China_MotorBike_001614,D00,0.2745,0.009608,0.0415,FP_background
YOLO11s,China_MotorBike__China_MotorBike_001614,D00,0.243,0.052708,0.543,TP
YOLO11s,China_MotorBike__China_MotorBike_001616,D00,0.6355,0.015389,0.7749,TP
YOLO11s,China_MotorBike__China_MotorBike_001616,D00,0.5922,0.257681,0.7234,TP
YOLO11s,China_MotorBike__China_MotorBike_001616,D00,0.4818,0.094889,0.3581,FP_localization
YOLO11s,China_MotorBike__China_MotorBike_001616,D00,0.3061,0.065986,0.515,TP
YOLO11s,China_MotorBike__China_MotorBike_001616,D00,0.2889,0.012669,0.5414,TP
YOLO11s,China_MotorBike__China_MotorBike_001616,D00,0.2394,0.030964,0.2883,FP_localization
YOLO11s,China_MotorBike__China_MotorBike_001618,D00,0.7382,0.131678,0.8026,TP
YOLO11s,China_MotorBike__China_MotorBike_001618,D00,0.5665,0.013833,0.9552,TP
YOLO11s,China_MotorBike__China_MotorBike_001618,D00,0.2912,0.027236,0.6792,TP
YOLO11s,China_MotorBike__China_MotorBike_001618,D00,0.2466,0.004566,0.0,FP_background
YOLO11s,China_MotorBike__China_MotorBike_001622,D10,0.4581,0.116244,0.8024,TP
YOLO11s,China_MotorBike__China_MotorBike_001622,D10,0.2912,0.012239,0.0734,FP_background
YOLO11s,China_MotorBike__China_MotorBike_001662,D40,0.7863,0.003234,0.7875,TP
YOLO11s,China_MotorBike__China_MotorBike_001662,D00,0.6206,0.004035,0.8368,TP
YOLO11s,China_MotorBike__China_MotorBike_001662,D10,0.5647,0.015807,0.8062,TP
YOLO11s,China_MotorBike__China_MotorBike_001662,D10,0.3793,0.030314,0.8994,TP
YOLO11s,China_MotorBike__China_MotorBike_001679,D00,0.5289,0.226457,0.7871,TP
YOLO11s,China_MotorBike__China_MotorBike_001686,D10,0.4491,0.11243,0.4254,FP_background
YOLO11s,China_MotorBike__China_MotorBike_001686,D10,0.3938,0.268561,0.7436,FP_classification
YOLO11s,China_MotorBike__China_MotorBike_001686,D10,0.2391,0.038629,0.1761,FP_background
YOLO11s,China_MotorBike__China_MotorBike_001700,D10,0.3608,0.09372,0.8272,TP
YOLO11s,China_MotorBike__China_MotorBike_001700,D10,0.296,0.05558,0.6313,FP_duplicate
YOLO11s,China_MotorBike__China_MotorBike_001707,D00,0.4987,0.067843,0.7497,TP
YOLO11s,China_MotorBike__China_MotorBike_001708,D00,0.4112,0.222084,0.9287,TP
YOLO11s,China_MotorBike__China_MotorBike_001712,D00,0.4439,0.067081,0.7582,TP
YOLO11s,China_MotorBike__China_MotorBike_001712,D00,0.4293,0.090612,0.7909,FP_duplicate
YOLO11s,China_MotorBike__China_MotorBike_001724,D00,0.526,0.228852,0.7483,TP
YOLO11s,China_MotorBike__China_MotorBike_001724,D00,0.4318,0.136633,0.5467,FP_duplicate
YOLO11s,China_MotorBike__China_MotorBike_001727,D20,0.7265,0.293241,0.7964,TP
YOLO11s,China_MotorBike__China_MotorBike_001733,D20,0.4934,0.823905,0.8802,TP
YOLO11s,China_MotorBike__China_MotorBike_001741,D00,0.6904,0.301806,0.8034,TP
YOLO11s,China_MotorBike__China_MotorBike_001741,D00,0.5685,0.178869,0.42,FP_localization
YOLO11s,China_MotorBike__China_MotorBike_001741,D00,0.4907,0.021981,0.0558,FP_background
YOLO11s,China_MotorBike__China_MotorBike_001741,D00,0.4647,0.391939,0.8666,TP
YOLO11s,China_MotorBike__China_MotorBike_001749,D10,0.6107,0.073611,0.8798,TP
YOLO11s,China_MotorBike__China_MotorBike_001749,D00,0.5684,0.053805,0.9014,TP
YOLO11s,China_MotorBike__China_MotorBike_001749,D10,0.3923,0.107173,0.5536,TP
YOLO11s,China_MotorBike__China_MotorBike_001749,D10,0.333,0.159906,0.6477,FP_duplicate
YOLO11s,China_MotorBike__China_MotorBike_001749,D10,0.3242,0.052564,0.7462,FP_duplicate
YOLO11s,China_MotorBike__China_MotorBike_001749,D10,0.3166,0.025729,0.3661,FP_localization
YOLO11s,China_MotorBike__China_MotorBike_001749,D10,0.3124,0.077519,0.3956,FP_localization
YOLO11s,China_MotorBike__China_MotorBike_001749,D10,0.2669,0.036605,0.1738,FP_localization
YOLO11s,China_MotorBike__China_MotorBike_001751,D00,0.5919,0.103098,0.9376,TP
YOLO11s,China_MotorBike__China_MotorBike_001751,D00,0.5232,0.290484,0.3096,FP_localization
YOLO11s,China_MotorBike__China_MotorBike_001751,D00,0.2711,0.205253,0.275,FP_localization
YOLO11s,China_MotorBike__China_MotorBike_001753,D00,0.6292,0.099409,0.8562,TP
YOLO11s,China_MotorBike__China_MotorBike_001753,D00,0.3082,0.341732,0.8505,TP
YOLO11s,China_MotorBike__China_MotorBike_001758,D00,0.4743,0.064272,0.4963,FP_localization
YOLO11s,China_MotorBike__China_MotorBike_001758,D00,0.4248,0.017628,0.3274,FP_localization
YOLO11s,China_MotorBike__China_MotorBike_001760,D00,0.5301,0.116515,0.9085,TP
YOLO11s,China_MotorBike__China_MotorBike_001760,D10,0.4296,0.018814,0.2373,FP_localization
YOLO11s,China_MotorBike__China_MotorBike_001760,D00,0.3439,0.170777,0.6199,FP_duplicate
YOLO11s,China_MotorBike__China_MotorBike_001760,D00,0.3024,0.105042,0.6047,FP_duplicate
YOLO11s,China_MotorBike__China_MotorBike_001765,D20,0.5298,0.224692,0.3919,FP_localization
YOLO11s,China_MotorBike__China_MotorBike_001765,D20,0.4711,0.328519,0.9561,TP
YOLO11s,China_MotorBike__China_MotorBike_001765,D20,0.2734,0.221249,0.6513,FP_duplicate
YOLO11s,China_MotorBike__China_MotorBike_001773,D10,0.5165,0.018101,0.2287,FP_localization
YOLO11s,China_MotorBike__China_MotorBike_001773,D10,0.3951,0.007614,0.0793,FP_background
YOLO11s,China_MotorBike__China_MotorBike_001782,D00,0.4994,0.061193,0.845,TP
YOLO11s,China_MotorBike__China_MotorBike_001786,D00,0.5159,0.069784,0.5813,TP
YOLO11s,China_MotorBike__China_MotorBike_001786,D00,0.2391,0.0745,0.749,FP_duplicate
YOLO11s,China_MotorBike__China_MotorBike_001810,D10,0.3861,0.268537,0.7334,FP_classification
YOLO11s,China_MotorBike__China_MotorBike_001810,D10,0.2889,0.35784,0.7389,FP_classification
YOLO11s,China_MotorBike__China_MotorBike_001811,D40,0.8954,0.003742,0.8195,TP
YOLO11s,China_MotorBike__China_MotorBike_001829,D00,0.5619,0.122396,0.6881,TP
YOLO11s,China_MotorBike__China_MotorBike_001838,D00,0.4624,0.049768,0.2247,FP_localization
YOLO11s,China_MotorBike__China_MotorBike_001838,D00,0.3137,0.114356,0.2301,FP_localization
YOLO11s,China_MotorBike__China_MotorBike_001840,D00,0.4649,0.130126,0.5754,TP
YOLO11s,China_MotorBike__China_MotorBike_001842,D40,0.7115,0.002357,0.7257,TP
YOLO11s,China_MotorBike__China_MotorBike_001842,D10,0.6073,0.076584,0.606,TP
YOLO11s,China_MotorBike__China_MotorBike_001842,D10,0.3014,0.001821,0.0,FP_background
YOLO11s,China_MotorBike__China_MotorBike_001842,D00,0.2662,0.007303,0.7412,TP
YOLO11s,China_MotorBike__China_MotorBike_001842,D10,0.2521,0.031458,0.5215,FP_duplicate
YOLO11s,China_MotorBike__China_MotorBike_001846,D00,0.5374,0.080921,0.7328,TP
YOLO11s,China_MotorBike__China_MotorBike_001846,D00,0.2372,0.074507,0.6994,FP_duplicate
YOLO11s,China_MotorBike__China_MotorBike_001859,D10,0.5925,0.1075,0.9025,TP
YOLO11s,China_MotorBike__China_MotorBike_001859,D10,0.4042,0.057657,0.5858,FP_duplicate
YOLO11s,China_MotorBike__China_MotorBike_001879,D20,0.3798,0.05151,0.3454,FP_localization
YOLO11s,China_MotorBike__China_MotorBike_001879,D00,0.291,0.050505,0.5763,TP
YOLO11s,China_MotorBike__China_MotorBike_001881,D10,0.544,0.105446,0.6637,TP
YOLO11s,China_MotorBike__China_MotorBike_001881,D00,0.4031,0.269145,0.7028,TP
YOLO11s,China_MotorBike__China_MotorBike_001881,D10,0.3976,0.100658,0.8149,FP_duplicate
YOLO11s,China_MotorBike__China_MotorBike_001881,D00,0.3947,0.342018,0.8897,FP_duplicate
YOLO11s,China_MotorBike__China_MotorBike_001881,D00,0.3932,0.0016,0.6621,TP
YOLO11s,China_MotorBike__China_MotorBike_001881,D10,0.3719,0.062139,0.6116,FP_duplicate
YOLO11s,China_MotorBike__China_MotorBike_001918,D20,0.6242,0.26998,0.7684,TP
YOLO11s,China_MotorBike__China_MotorBike_001921,D00,0.6016,0.002201,0.6375,TP
YOLO11s,China_MotorBike__China_MotorBike_001921,D10,0.492,0.101743,0.5731,TP
YOLO11s,China_MotorBike__China_MotorBike_001921,D10,0.3816,0.105605,0.6811,FP_duplicate
YOLO11s,China_MotorBike__China_MotorBike_001921,D10,0.3603,0.077137,0.4961,FP_localization
YOLO11s,China_MotorBike__China_MotorBike_001921,D10,0.2857,0.050871,0.4427,FP_localization
YOLO11s,China_MotorBike__China_MotorBike_001929,D00,0.5212,0.170889,0.1734,FP_localization
YOLO11s,China_MotorBike__China_MotorBike_001929,D00,0.5184,0.061999,0.3058,FP_localization
YOLO11s,China_MotorBike__China_MotorBike_001929,D00,0.3057,0.080732,0.3119,FP_localization
YOLO11s,China_MotorBike__China_MotorBike_001929,D00,0.2564,0.047101,0.6828,TP
YOLO11s,China_MotorBike__China_MotorBike_001929,D00,0.2412,0.06275,0.8972,FP_duplicate
YOLO11s,China_MotorBike__China_MotorBike_001961,D10,0.5825,0.127631,0.8194,TP
YOLO11s,China_MotorBike__China_MotorBike_001961,D10,0.4096,0.013535,0.0,FP_background
YOLO11s,China_MotorBike__China_MotorBike_001961,D10,0.4086,0.169335,0.7961,FP_duplicate
YOLO11s,China_MotorBike__China_MotorBike_001961,D10,0.3227,0.108578,0.639,FP_duplicate
YOLO11s,China_MotorBike__China_MotorBike_001966,D00,0.7094,0.207349,0.7298,TP
YOLO11s,China_MotorBike__China_MotorBike_001966,D00,0.4463,0.05937,0.8587,TP
YOLO11s,China_MotorBike__China_MotorBike_001966,D00,0.3286,0.327216,0.4682,FP_localization
YOLO11s,China_MotorBike__China_MotorBike_001966,D00,0.2562,0.127763,0.5925,TP
YOLO11s,China_MotorBike__China_MotorBike_001967,D00,0.4471,0.045714,0.463,FP_localization
YOLO11s,China_MotorBike__China_MotorBike_001973,D10,0.6517,0.107733,0.5696,TP
YOLO11s,China_MotorBike__China_MotorBike_001973,D00,0.6305,0.067961,0.7089,TP
YOLO11s,China_MotorBike__China_MotorBike_001973,D00,0.6094,0.125633,0.3859,FP_localization
YOLO11s,China_MotorBike__China_MotorBike_001973,D00,0.3721,0.03292,0.4626,FP_localization
YOLO11s,China_MotorBike__China_MotorBike_001973,D00,0.3645,0.05723,0.7424,TP
YOLO11s,Czech__Czech_000133,D40,0.3604,0.002,0.0,FP_background
YOLO11s,Czech__Czech_000204,D00,0.5815,0.032164,0.7557,TP
YOLO11s,Czech__Czech_000204,D00,0.2726,0.019552,0.5261,TP
YOLO11s,Czech__Czech_000248,D20,0.2513,0.073412,0.4767,FP_localization
YOLO11s,Czech__Czech_000293,D40,0.2611,0.008865,0.8103,TP
YOLO11s,Czech__Czech_000293,D40,0.2416,0.008629,0.4056,FP_localization
YOLO11s,Czech__Czech_000309,D00,0.3409,0.035121,0.0,FP_background
YOLO11s,Czech__Czech_000426,D00,0.3837,0.006822,0.407,FP_localization
YOLO11s,Czech__Czech_000553,D10,0.2597,0.012168,0.6863,TP
YOLO11s,Czech__Czech_000553,D10,0.242,0.017491,0.6798,FP_duplicate
YOLO11s,Czech__Czech_000594,D20,0.3262,0.050107,0.6962,TP
YOLO11s,Czech__Czech_000599,D40,0.2474,0.006156,0.0673,FP_background
YOLO11s,Czech__Czech_000677,D00,0.4793,0.004038,0.4719,FP_localization
YOLO11s,Czech__Czech_000737,D00,0.3155,0.003691,0.4063,FP_localization
YOLO11s,Czech__Czech_000742,D20,0.3018,0.068114,0.7012,TP
YOLO11s,Czech__Czech_000774,D00,0.473,0.058673,0.0,FP_background
YOLO11s,Czech__Czech_000814,D00,0.4485,0.008765,0.7991,TP
YOLO11s,Czech__Czech_000814,D20,0.2863,0.030793,0.4917,FP_background
YOLO11s,Czech__Czech_000900,D00,0.5404,0.005242,0.5418,TP
YOLO11s,Czech__Czech_000928,D40,0.3143,0.007943,0.249,FP_background
YOLO11s,Czech__Czech_000928,D00,0.2791,0.018907,0.5769,TP
YOLO11s,Czech__Czech_000948,D00,0.2872,0.013442,0.5673,TP
YOLO11s,Czech__Czech_000996,D00,0.339,0.008828,0.0,FP_background
YOLO11s,Czech__Czech_001003,D00,0.558,0.010386,0.6905,TP
YOLO11s,Czech__Czech_001019,D00,0.2905,0.038011,0.0,FP_background
YOLO11s,Czech__Czech_001028,D00,0.6174,0.007795,0.8651,TP
YOLO11s,Czech__Czech_001090,D10,0.2742,0.01559,0.7603,TP
YOLO11s,Czech__Czech_001108,D00,0.3661,0.018499,0.8094,TP
YOLO11s,Czech__Czech_001120,D00,0.455,0.025541,0.0864,FP_background
YOLO11s,Czech__Czech_001120,D20,0.2903,0.024203,0.4649,FP_background
YOLO11s,Czech__Czech_001152,D00,0.2882,0.020247,0.5175,TP
YOLO11s,Czech__Czech_001256,D00,0.6134,0.011129,0.6719,TP
YOLO11s,Czech__Czech_001256,D00,0.3074,0.017129,0.8214,FP_duplicate
YOLO11s,Czech__Czech_001296,D00,0.317,0.015393,0.3378,FP_localization
YOLO11s,Czech__Czech_001296,D00,0.3089,0.010422,0.4989,FP_localization
YOLO11s,Czech__Czech_001302,D20,0.3306,0.057943,0.6507,TP
YOLO11s,Czech__Czech_001383,D00,0.3646,0.014481,0.7726,TP
YOLO11s,Czech__Czech_001424,D00,0.4503,0.025812,0.7467,TP
YOLO11s,Czech__Czech_001546,D20,0.2395,0.014096,0.4976,FP_background
YOLO11s,Czech__Czech_001596,D00,0.3961,0.006279,0.1932,FP_localization
YOLO11s,Czech__Czech_001596,D00,0.2705,0.005305,0.1929,FP_localization
YOLO11s,Czech__Czech_001596,D00,0.2494,0.008985,0.2396,FP_localization
YOLO11s,Czech__Czech_001648,D10,0.2875,0.028425,0.8193,TP
YOLO11s,Czech__Czech_001648,D10,0.2798,0.058191,0.4002,FP_localization
YOLO11s,Czech__Czech_001657,D40,0.3171,0.00477,0.0,FP_background
YOLO11s,Czech__Czech_001657,D10,0.2468,0.059493,0.0,FP_background
YOLO11s,Czech__Czech_001658,D20,0.3103,0.030186,0.7485,FP_classification
YOLO11s,Czech__Czech_001662,D00,0.5719,0.016047,0.6638,TP
YOLO11s,Czech__Czech_001682,D10,0.2741,0.037073,0.0,FP_background
YOLO11s,Czech__Czech_001682,D10,0.2507,0.025943,0.0,FP_background
YOLO11s,Czech__Czech_001726,D00,0.2954,0.04473,0.6484,TP
YOLO11s,Czech__Czech_001825,D00,0.368,0.010075,0.4398,FP_localization
YOLO11s,Czech__Czech_001860,D00,0.3304,0.014538,0.4287,FP_localization
YOLO11s,Czech__Czech_001860,D00,0.3264,0.034104,0.7319,TP
YOLO11s,Czech__Czech_001860,D00,0.2694,0.020347,0.6134,FP_duplicate
YOLO11s,Czech__Czech_002041,D00,0.6682,0.033317,0.7319,TP
YOLO11s,Czech__Czech_002041,D10,0.3607,0.011532,0.8568,TP
YOLO11s,Czech__Czech_002145,D00,0.4759,0.019768,0.6333,FP_classification
YOLO11s,Czech__Czech_002255,D00,0.5654,0.03348,0.8657,TP
YOLO11s,Czech__Czech_002285,D00,0.3067,0.042774,0.5917,TP
YOLO11s,Czech__Czech_002294,D00,0.3671,0.00721,0.5199,TP
YOLO11s,Czech__Czech_002294,D00,0.3546,0.004494,0.484,FP_localization
YOLO11s,Czech__Czech_002300,D00,0.2509,0.019847,0.5034,TP
YOLO11s,Czech__Czech_002328,D00,0.2803,0.018335,0.6531,TP
YOLO11s,Czech__Czech_002328,D40,0.2609,0.004072,0.0,FP_background
YOLO11s,Czech__Czech_002382,D00,0.4931,0.014199,0.0,FP_background
YOLO11s,Czech__Czech_002424,D10,0.3089,0.006924,0.5336,TP
YOLO11s,Czech__Czech_002463,D00,0.5292,0.010918,0.725,TP
YOLO11s,Czech__Czech_002612,D40,0.2633,0.003005,0.5049,TP
YOLO11s,Czech__Czech_002640,D00,0.6785,0.011988,0.8219,TP
YOLO11s,Czech__Czech_002640,D00,0.2811,0.04681,0.0,FP_background
YOLO11s,Czech__Czech_002647,D00,0.3046,0.002863,0.0,FP_background
YOLO11s,Czech__Czech_002647,D00,0.2995,0.010936,0.4432,FP_localization
YOLO11s,Czech__Czech_002662,D10,0.251,0.005398,0.6083,TP
YOLO11s,Czech__Czech_002662,D00,0.2507,0.015306,0.5626,TP
YOLO11s,Czech__Czech_002665,D00,0.2516,0.005284,0.0,FP_background
YOLO11s,Czech__Czech_002673,D10,0.3265,0.009885,0.331,FP_localization
YOLO11s,Czech__Czech_002694,D00,0.5146,0.01569,0.8471,TP
YOLO11s,Czech__Czech_002794,D10,0.254,0.018427,0.7218,TP
YOLO11s,Czech__Czech_002909,D00,0.3968,0.004822,0.0,FP_background
YOLO11s,Czech__Czech_002958,D00,0.3191,0.017036,0.8634,TP
YOLO11s,Czech__Czech_002998,D10,0.4512,0.009338,0.6705,TP
YOLO11s,Czech__Czech_002998,D10,0.3422,0.008063,0.585,TP
YOLO11s,Czech__Czech_002998,D00,0.2883,0.004732,0.6464,TP
YOLO11s,Czech__Czech_003121,D00,0.5259,0.017775,0.682,TP
YOLO11s,Czech__Czech_003151,D00,0.2859,0.01252,0.8165,TP
YOLO11s,Czech__Czech_003185,D00,0.4044,0.003583,0.0,FP_background
YOLO11s,Czech__Czech_003216,D40,0.3661,0.00219,0.0,FP_background
YOLO11s,Czech__Czech_003216,D40,0.2386,0.005309,0.0,FP_background
YOLO11s,Czech__Czech_003377,D40,0.2635,0.002539,0.2224,FP_background
YOLO11s,Czech__Czech_003444,D00,0.5895,0.017208,0.6475,TP
YOLO11s,Czech__Czech_003444,D00,0.3804,0.019646,0.8648,TP
YOLO11s,Czech__Czech_003481,D00,0.2439,0.007128,0.0,FP_background
YOLO11s,Czech__Czech_003512,D10,0.4854,0.008009,0.7836,TP
YOLO11s,Czech__Czech_003565,D40,0.4275,0.001721,0.6353,TP
YOLO11s,Czech__Czech_003565,D20,0.3862,0.048341,0.5303,TP
YOLO11s,India__India_000005,D00,0.3148,0.007515,0.0,FP_background
YOLO11s,India__India_000052,D40,0.4616,0.008133,0.4018,FP_localization
YOLO11s,India__India_000052,D40,0.315,0.007277,0.2166,FP_localization
YOLO11s,India__India_000052,D00,0.24,0.148547,0.014,FP_background
YOLO11s,India__India_000188,D40,0.2811,0.042454,0.0,FP_background
YOLO11s,India__India_000193,D20,0.319,0.140027,0.3325,FP_background
YOLO11s,India__India_000279,D40,0.4952,0.167735,0.0,FP_background
YOLO11s,India__India_000283,D20,0.3896,0.237588,0.722,TP
YOLO11s,India__India_000368,D40,0.555,0.002209,0.6691,TP
YOLO11s,India__India_000368,D40,0.4622,0.000759,0.3905,FP_localization
YOLO11s,India__India_000368,D40,0.3581,0.007599,0.543,TP
YOLO11s,India__India_000368,D40,0.3409,0.01949,0.6334,FP_duplicate
YOLO11s,India__India_000368,D40,0.2677,0.004971,0.3954,FP_localization
YOLO11s,India__India_000412,D20,0.3744,0.14,0.1209,FP_background
YOLO11s,India__India_000428,D00,0.271,0.008852,0.7963,TP
YOLO11s,India__India_000483,D20,0.2876,0.147413,0.5348,TP
YOLO11s,India__India_000494,D00,0.314,0.012258,0.7978,TP
YOLO11s,India__India_000543,D00,0.4141,0.039381,0.0,FP_background
YOLO11s,India__India_000543,D20,0.2372,0.212749,0.0,FP_background
YOLO11s,India__India_000548,D20,0.3363,0.138333,0.602,TP
YOLO11s,India__India_000561,D00,0.4961,0.004718,0.507,TP
YOLO11s,India__India_000561,D00,0.2823,0.016313,0.0,FP_background
YOLO11s,India__India_000563,D20,0.4748,0.030138,0.155,FP_localization
YOLO11s,India__India_000563,D20,0.2776,0.150082,0.7315,TP
YOLO11s,India__India_000575,D40,0.5945,0.015117,0.7791,TP
YOLO11s,India__India_000575,D40,0.4216,0.010411,0.7253,TP
YOLO11s,India__India_000580,D20,0.3257,0.119829,0.7156,TP
YOLO11s,India__India_000595,D20,0.36,0.251572,0.0541,FP_background
YOLO11s,India__India_000595,D40,0.2776,0.015349,0.7712,TP
YOLO11s,India__India_000609,D20,0.3265,0.201751,0.8562,TP
YOLO11s,India__India_000620,D40,0.3228,0.020877,0.0,FP_background
YOLO11s,India__India_000646,D20,0.483,0.158035,0.672,TP
YOLO11s,India__India_000684,D40,0.5091,0.132854,0.497,FP_localization
YOLO11s,India__India_000684,D40,0.3922,0.110579,0.6398,TP
YOLO11s,India__India_000684,D40,0.2999,0.138833,0.3886,FP_localization
YOLO11s,India__India_000808,D40,0.2835,0.048279,0.6081,TP
YOLO11s,India__India_000808,D20,0.2684,0.147992,0.2649,FP_localization
YOLO11s,India__India_000808,D40,0.259,0.016079,0.4114,FP_localization
YOLO11s,India__India_000891,D20,0.4215,0.211846,0.7312,TP
YOLO11s,India__India_000917,D20,0.2472,0.262417,0.4585,FP_localization
YOLO11s,India__India_000922,D20,0.248,0.181609,0.739,TP
YOLO11s,India__India_000936,D20,0.3605,0.141673,0.5116,TP
YOLO11s,India__India_000964,D00,0.4341,0.11091,0.8174,TP
YOLO11s,India__India_000964,D00,0.3914,0.012779,0.322,FP_localization
YOLO11s,India__India_000964,D00,0.391,0.006195,0.6456,TP
YOLO11s,India__India_000971,D20,0.442,0.225237,0.2967,FP_localization
YOLO11s,India__India_000991,D20,0.2606,0.128039,0.5135,TP
YOLO11s,India__India_000994,D20,0.5886,0.020082,0.7833,TP
YOLO11s,India__India_000994,D40,0.3721,0.001932,0.5836,TP
YOLO11s,India__India_001023,D20,0.3378,0.219778,0.4121,FP_localization
YOLO11s,India__India_001042,D20,0.5257,0.051671,0.7795,TP
YOLO11s,India__India_001056,D40,0.4988,0.151552,0.9128,TP
YOLO11s,India__India_001056,D00,0.3645,0.043021,0.609,TP
YOLO11s,India__India_001056,D40,0.3123,0.121633,0.7244,FP_duplicate
YOLO11s,India__India_001056,D40,0.2826,0.006216,0.6362,TP
YOLO11s,India__India_001069,D40,0.3336,0.20132,0.7402,TP
YOLO11s,India__India_001069,D40,0.3025,0.15158,0.5917,FP_duplicate
YOLO11s,India__India_001069,D00,0.2691,0.014805,0.2747,FP_background
YOLO11s,India__India_001103,D00,0.6172,0.007481,0.8584,TP
YOLO11s,India__India_001125,D20,0.25,0.195284,0.1757,FP_background
YOLO11s,India__India_001125,D40,0.2431,0.069165,0.4648,FP_localization
YOLO11s,India__India_001138,D20,0.4548,0.037977,0.7514,TP
YOLO11s,India__India_001138,D20,0.3616,0.065128,0.5596,FP_duplicate
YOLO11s,India__India_001141,D40,0.6221,0.004794,0.7343,TP
YOLO11s,India__India_001141,D20,0.4716,0.226965,0.743,TP
YOLO11s,India__India_001141,D40,0.3226,0.002142,0.787,TP
YOLO11s,India__India_001143,D20,0.4093,0.164083,0.4946,FP_localization
YOLO11s,India__India_001144,D00,0.2601,0.017577,0.0,FP_background
YOLO11s,India__India_001176,D40,0.5465,0.143224,0.4639,FP_localization
YOLO11s,India__India_001176,D40,0.4192,0.201366,0.3043,FP_localization
YOLO11s,India__India_001176,D40,0.3916,0.114209,0.5817,TP
YOLO11s,India__India_001176,D40,0.2701,0.05938,0.6624,FP_duplicate
YOLO11s,India__India_001176,D40,0.2546,0.152243,0.1641,FP_localization
YOLO11s,India__India_001176,D40,0.2499,0.142688,0.2353,FP_localization
YOLO11s,India__India_001232,D20,0.4486,0.201994,0.6018,TP
YOLO11s,India__India_001232,D20,0.3174,0.164371,0.4296,FP_localization
YOLO11s,India__India_001232,D20,0.3087,0.230794,0.4803,FP_localization
YOLO11s,India__India_001253,D20,0.6858,0.224978,0.7284,TP
YOLO11s,India__India_001266,D40,0.3214,0.004948,0.7164,TP
YOLO11s,India__India_001268,D00,0.2713,0.010061,0.0,FP_background
YOLO11s,India__India_001291,D20,0.2459,0.223544,0.4336,FP_localization
YOLO11s,India__India_001306,D00,0.3957,0.099935,0.0,FP_background
YOLO11s,India__India_001431,D20,0.3641,0.230343,0.0,FP_background
YOLO11s,India__India_001432,D20,0.3601,0.205312,0.7009,TP
YOLO11s,India__India_001450,D20,0.6427,0.074582,0.7053,TP
YOLO11s,India__India_001450,D00,0.3939,0.008572,0.7354,TP
YOLO11s,India__India_001493,D40,0.3233,0.010024,0.5817,TP
YOLO11s,India__India_001541,D00,0.4741,0.020416,0.7732,TP
YOLO11s,India__India_001574,D20,0.5024,0.17713,0.8032,TP
YOLO11s,India__India_001580,D40,0.309,0.009273,0.7648,TP
YOLO11s,India__India_001599,D20,0.2581,0.240225,0.6719,TP
YOLO11s,India__India_001623,D20,0.3859,0.031632,0.7867,TP
YOLO11s,India__India_001625,D40,0.3351,0.002811,0.5314,TP
YOLO11s,India__India_001625,D40,0.2813,0.182437,0.0,FP_background
YOLO11s,India__India_001630,D20,0.4064,0.237675,0.8848,TP
YOLO11s,India__India_001687,D40,0.6606,0.003017,0.7953,TP
YOLO11s,India__India_001687,D40,0.5538,0.002282,0.6423,TP
YOLO11s,India__India_001687,D40,0.2988,0.005741,0.7257,TP
YOLO11s,India__India_001687,D20,0.2873,0.141655,0.3818,FP_localization
YOLO11s,India__India_001709,D20,0.2607,0.084148,0.7777,TP
YOLO11s,India__India_001716,D20,0.261,0.085668,0.4406,FP_background
YOLO11s,India__India_001716,D20,0.2538,0.132673,0.3664,FP_background
YOLO11s,India__India_001744,D40,0.5574,0.002044,0.6508,TP
YOLO11s,India__India_001744,D40,0.5405,0.005453,0.5731,TP
YOLO11s,India__India_001786,D40,0.531,0.002116,0.0365,FP_background
YOLO11s,India__India_001787,D20,0.3953,0.025738,0.7004,TP
YOLO11s,India__India_001821,D40,0.5298,0.15063,0.8902,TP
YOLO11s,India__India_001821,D40,0.502,0.222911,0.5917,FP_duplicate
YOLO11s,India__India_001821,D40,0.2907,0.304649,0.3941,FP_localization
YOLO11s,India__India_001832,D20,0.4761,0.093859,0.6652,TP
YOLO11s,India__India_001832,D20,0.3958,0.069876,0.4862,FP_localization
YOLO11s,India__India_001844,D20,0.2599,0.125636,0.6756,TP
YOLO11s,India__India_001865,D20,0.3356,0.036391,0.5388,TP
YOLO11s,India__India_001881,D20,0.5884,0.21164,0.8127,TP
YOLO11s,India__India_001887,D20,0.563,0.231788,0.8336,TP
YOLO11s,India__India_001970,D20,0.3599,0.15248,0.0,FP_background
YOLO11s,India__India_001982,D20,0.3414,0.148263,0.7139,TP
YOLO11s,India__India_001982,D20,0.2549,0.197279,0.714,FP_duplicate
YOLO11s,India__India_002007,D00,0.41,0.014875,0.5942,TP
YOLO11s,India__India_002030,D20,0.408,0.327617,0.5278,TP
YOLO11s,India__India_002184,D00,0.3237,0.022957,0.6461,TP
YOLO11s,India__India_002201,D40,0.3653,0.001591,0.6572,TP
YOLO11s,India__India_002201,D20,0.3117,0.166276,0.3877,FP_localization
YOLO11s,India__India_002201,D40,0.2398,0.001754,0.0097,FP_background
YOLO11s,India__India_002227,D40,0.519,0.008369,0.6853,TP
YOLO11s,India__India_002227,D40,0.295,0.059683,0.8214,TP
YOLO11s,India__India_002275,D40,0.4031,0.142082,0.0,FP_background
YOLO11s,India__India_002278,D40,0.2896,0.004628,0.0,FP_background
YOLO11s,India__India_002376,D40,0.7294,0.031567,0.7892,TP
YOLO11s,India__India_002376,D40,0.5788,0.008811,0.7725,TP
YOLO11s,India__India_002390,D40,0.2746,0.00343,0.8299,TP
YOLO11s,India__India_002401,D20,0.3444,0.163287,0.0,FP_background
YOLO11s,India__India_002437,D20,0.3242,0.065259,0.7442,TP
YOLO11s,India__India_002541,D40,0.2579,0.003703,0.0,FP_background
YOLO11s,India__India_002553,D20,0.3001,0.140925,0.8932,TP
YOLO11s,India__India_002582,D20,0.6032,0.072081,0.7093,TP
YOLO11s,India__India_002582,D00,0.3432,0.12056,0.0,FP_background
YOLO11s,India__India_002594,D20,0.4573,0.074483,0.3618,FP_localization
YOLO11s,India__India_002594,D20,0.3141,0.02431,0.5758,TP
YOLO11s,India__India_002594,D20,0.2738,0.146385,0.2239,FP_localization
YOLO11s,India__India_002594,D20,0.2453,0.065458,0.4904,FP_localization
YOLO11s,India__India_002652,D20,0.4374,0.123585,0.4961,FP_localization
YOLO11s,India__India_002664,D40,0.2435,0.162995,0.6879,TP
YOLO11s,India__India_002668,D20,0.4162,0.191242,0.7846,TP
YOLO11s,India__India_002681,D40,0.4824,0.039602,0.8981,TP
YOLO11s,India__India_002681,D40,0.339,0.003562,0.8565,TP
YOLO11s,India__India_002713,D40,0.4778,0.066487,0.4124,FP_localization
YOLO11s,India__India_002713,D40,0.2759,0.120332,0.7557,TP
YOLO11s,India__India_002759,D40,0.3494,0.00277,0.64,TP
YOLO11s,India__India_002771,D40,0.3094,0.006176,0.5122,TP
YOLO11s,India__India_002795,D40,0.4589,0.003065,0.9188,TP
YOLO11s,India__India_002795,D40,0.3923,0.001385,0.4856,FP_localization
YOLO11s,India__India_002860,D40,0.2861,0.002749,0.8634,TP
YOLO11s,India__India_002921,D40,0.7261,0.012832,0.5472,TP
YOLO11s,India__India_002921,D40,0.3649,0.021462,0.3272,FP_localization
YOLO11s,India__India_002921,D40,0.2442,0.008817,0.7908,FP_duplicate
YOLO11s,India__India_002954,D20,0.4574,0.129099,0.5649,TP
YOLO11s,India__India_002954,D40,0.4066,0.001629,0.6855,TP
YOLO11s,India__India_002954,D40,0.2994,0.008116,0.4264,FP_localization
YOLO11s,India__India_002976,D40,0.8719,0.007406,0.8573,TP
YOLO11s,India__India_002995,D00,0.4315,0.007459,0.8816,TP
YOLO11s,India__India_002995,D20,0.2741,0.190068,0.7521,TP
YOLO11s,India__India_003010,D00,0.2546,0.097298,0.0,FP_background
YOLO11s,India__India_003013,D40,0.4932,0.002851,0.7465,TP
YOLO11s,India__India_003013,D40,0.4798,0.003273,0.4355,FP_localization
YOLO11s,India__India_003013,D40,0.4046,0.014151,0.1621,FP_localization
YOLO11s,India__India_003013,D40,0.3546,0.008606,0.1042,FP_localization
YOLO11s,India__India_003013,D40,0.3196,0.007491,0.2729,FP_localization
YOLO11s,India__India_003013,D40,0.2623,0.002118,0.7333,TP
YOLO11s,India__India_003034,D20,0.407,0.233456,0.8454,TP
YOLO11s,India__India_003049,D20,0.3274,0.028208,0.8681,TP
YOLO11s,India__India_003056,D40,0.2373,0.012216,0.5239,TP
YOLO11s,India__India_003094,D00,0.2566,0.03041,0.0,FP_background
YOLO11s,India__India_003100,D40,0.254,0.014501,0.7348,TP
YOLO11s,India__India_003120,D40,0.3704,0.005497,0.6317,TP
YOLO11s,India__India_003152,D40,0.2968,0.025811,0.6317,TP
YOLO11s,India__India_003152,D40,0.2654,0.039145,0.6187,FP_duplicate
YOLO11s,India__India_003153,D20,0.2856,0.204847,0.7467,TP
YOLO11s,India__India_003186,D40,0.499,0.146635,0.8665,TP
YOLO11s,India__India_003186,D40,0.3562,0.110182,0.6123,FP_duplicate
YOLO11s,India__India_003186,D40,0.3536,0.06551,0.4345,FP_localization
YOLO11s,India__India_003186,D40,0.3023,0.116485,0.7103,FP_duplicate
YOLO11s,India__India_003214,D20,0.4526,0.204493,0.1073,FP_background
YOLO11s,India__India_003236,D20,0.2585,0.118982,0.892,TP
YOLO11s,India__India_003272,D40,0.409,0.212985,0.1841,FP_localization
YOLO11s,India__India_003272,D00,0.4012,0.006399,0.1398,FP_background
YOLO11s,India__India_003310,D20,0.5519,0.106994,0.4167,FP_localization
YOLO11s,India__India_003310,D00,0.3874,0.046163,0.702,TP
YOLO11s,India__India_003312,D20,0.3951,0.119768,0.6469,TP
YOLO11s,India__India_003320,D20,0.3714,0.172716,0.8047,TP
YOLO11s,India__India_003368,D40,0.4618,0.149853,0.5065,TP
YOLO11s,India__India_003368,D40,0.4123,0.145524,0.3843,FP_localization
YOLO11s,India__India_003368,D40,0.3072,0.106555,0.7328,FP_duplicate
YOLO11s,India__India_003368,D40,0.2827,0.011913,0.1202,FP_localization
YOLO11s,India__India_003376,D40,0.3104,0.002898,0.6123,TP
YOLO11s,India__India_003376,D20,0.2706,0.107993,0.4819,FP_localization
YOLO11s,India__India_003391,D40,0.3098,0.017204,0.8437,TP
YOLO11s,India__India_003412,D40,0.3365,0.02338,0.5792,TP
YOLO11s,India__India_003412,D20,0.242,0.128277,0.8233,TP
YOLO11s,India__India_003414,D20,0.3913,0.195405,0.6389,TP
YOLO11s,India__India_003414,D00,0.2967,0.139977,0.5124,TP
YOLO11s,India__India_003414,D00,0.2598,0.097391,0.7517,FP_duplicate
YOLO11s,India__India_003443,D20,0.5446,0.213534,0.8549,TP
YOLO11s,India__India_003443,D20,0.2761,0.123431,0.5328,FP_duplicate
YOLO11s,India__India_003445,D00,0.3129,0.007039,0.4043,FP_localization
YOLO11s,India__India_003465,D00,0.4982,0.013013,0.0,FP_background
YOLO11s,India__India_003482,D20,0.2595,0.231862,0.9112,TP
YOLO11s,India__India_003491,D00,0.5034,0.032507,0.5749,TP
YOLO11s,India__India_003491,D20,0.2952,0.107048,0.3223,FP_background
YOLO11s,India__India_003494,D20,0.3338,0.061855,0.6279,TP
YOLO11s,India__India_003496,D20,0.3283,0.200434,0.8126,TP
YOLO11s,India__India_003517,D00,0.2574,0.01687,0.0,FP_background
YOLO11s,India__India_003535,D40,0.8403,0.011273,0.7446,TP
YOLO11s,India__India_003535,D40,0.3409,0.024011,0.3065,FP_localization
YOLO11s,India__India_003556,D40,0.6382,0.002387,0.9018,TP
YOLO11s,India__India_003556,D20,0.3449,0.061416,0.8276,TP
YOLO11s,India__India_003556,D20,0.2972,0.183517,0.3216,FP_localization
YOLO11s,India__India_003561,D40,0.6086,0.032849,0.6745,TP
YOLO11s,India__India_003561,D40,0.4443,0.048314,0.5228,FP_duplicate
YOLO11s,India__India_003561,D40,0.3965,0.135028,0.8309,TP
YOLO11s,India__India_003561,D40,0.2397,0.176195,0.7572,FP_duplicate
YOLO11s,India__India_003561,D40,0.2385,0.244222,0.5459,FP_duplicate
YOLO11s,India__India_003568,D20,0.4263,0.115374,0.7589,TP
YOLO11s,India__India_003568,D20,0.3096,0.058596,0.4918,FP_localization
YOLO11s,India__India_003569,D40,0.4577,0.002754,0.0,FP_background
YOLO11s,India__India_003599,D20,0.3511,0.177304,0.674,TP
YOLO11s,India__India_003601,D00,0.3114,0.042774,0.7549,TP
YOLO11s,India__India_003601,D20,0.257,0.196634,0.312,FP_localization
YOLO11s,India__India_003605,D20,0.6425,0.074357,0.8368,TP
YOLO11s,India__India_003652,D20,0.4597,0.193707,0.7547,TP
YOLO11s,India__India_003652,D00,0.2496,0.03069,0.1533,FP_background
YOLO11s,India__India_003673,D40,0.4527,0.162192,0.0,FP_background
YOLO11s,India__India_003673,D40,0.4057,0.148664,0.0,FP_background
YOLO11s,India__India_003673,D40,0.3123,0.20348,0.0,FP_background
YOLO11s,India__India_003673,D40,0.2552,0.126234,0.0,FP_background
YOLO11s,India__India_003674,D00,0.5334,0.057525,0.8557,TP
YOLO11s,India__India_003674,D20,0.3603,0.136029,0.6444,TP
YOLO11s,India__India_003697,D00,0.4713,0.094479,0.0,FP_background
YOLO11s,India__India_003761,D40,0.3841,0.044563,0.3996,FP_localization
YOLO11s,India__India_003766,D20,0.4354,0.085832,0.4161,FP_localization
YOLO11s,India__India_003766,D20,0.4276,0.054875,0.6508,TP
YOLO11s,India__India_003789,D20,0.3007,0.180686,0.169,FP_localization
YOLO11s,India__India_003807,D20,0.239,0.197484,0.0,FP_background
YOLO11s,India__India_003814,D20,0.2624,0.246354,0.7357,TP
YOLO11s,India__India_003842,D20,0.2897,0.146991,0.6865,TP
YOLO11s,India__India_003843,D20,0.2813,0.20307,0.0,FP_background
YOLO11s,India__India_003857,D40,0.6935,0.00182,0.6888,TP
YOLO11s,India__India_003857,D40,0.6684,0.001959,0.7123,TP
YOLO11s,India__India_003857,D40,0.4972,0.013968,0.8281,TP
YOLO11s,India__India_003857,D40,0.3873,0.001528,0.7929,TP
YOLO11s,India__India_003857,D20,0.3475,0.119797,0.3597,FP_localization
YOLO11s,India__India_003857,D40,0.2839,0.007573,0.5842,FP_duplicate
YOLO11s,India__India_003857,D40,0.2458,0.011021,0.7314,FP_duplicate
YOLO11s,India__India_003925,D40,0.4556,0.122801,0.1142,FP_localization
YOLO11s,India__India_003925,D40,0.2749,0.022802,0.7081,TP
YOLO11s,India__India_003929,D00,0.4671,0.037058,0.8415,TP
YOLO11s,India__India_003929,D20,0.4501,0.066975,0.4656,FP_background
YOLO11s,India__India_003929,D20,0.2807,0.223596,0.1395,FP_background
YOLO11s,India__India_004081,D00,0.5,0.007633,0.2216,FP_localization
YOLO11s,India__India_004100,D40,0.4281,0.001568,0.6427,TP
YOLO11s,India__India_004138,D20,0.5556,0.078068,0.8222,TP
YOLO11s,India__India_004139,D40,0.2634,0.004802,0.0,FP_background
YOLO11s,India__India_004185,D20,0.2704,0.12358,0.4054,FP_localization
YOLO11s,India__India_004199,D20,0.4353,0.235513,0.7087,TP
YOLO11s,India__India_004199,D00,0.3652,0.029239,0.8197,TP
YOLO11s,India__India_004229,D20,0.2716,0.011607,0.0,FP_background
YOLO11s,India__India_004230,D00,0.2776,0.175295,0.0,FP_background
YOLO11s,India__India_004256,D40,0.724,0.003268,0.7287,TP
YOLO11s,India__India_004298,D40,0.3705,0.001951,0.6726,TP
YOLO11s,India__India_004315,D20,0.6173,0.115249,0.8594,TP
YOLO11s,India__India_004465,D20,0.6576,0.123266,0.6705,TP
YOLO11s,India__India_004472,D40,0.2603,0.009347,0.8854,TP
YOLO11s,India__India_004489,D20,0.2998,0.176355,0.2818,FP_localization
YOLO11s,India__India_004489,D20,0.2476,0.236047,0.2045,FP_localization
YOLO11s,India__India_004508,D20,0.3523,0.058046,0.7701,TP
YOLO11s,India__India_004508,D00,0.2915,0.03765,0.5269,FP_classification
YOLO11s,India__India_004518,D40,0.3959,0.129969,0.0,FP_background
YOLO11s,India__India_004518,D40,0.301,0.201594,0.0,FP_background
YOLO11s,India__India_004555,D20,0.3222,0.015508,0.0,FP_background
YOLO11s,India__India_004562,D20,0.3019,0.194287,0.7131,TP
YOLO11s,India__India_004587,D40,0.2976,0.002318,0.0,FP_background
YOLO11s,India__India_004599,D20,0.5713,0.104913,0.7274,TP
YOLO11s,India__India_004664,D00,0.3021,0.081387,0.0,FP_background
YOLO11s,India__India_004671,D20,0.347,0.183948,0.8678,TP
YOLO11s,India__India_004690,D20,0.2722,0.210493,0.5945,TP
YOLO11s,India__India_004700,D20,0.5056,0.220725,0.6479,TP
YOLO11s,India__India_004715,D20,0.315,0.097499,0.2628,FP_localization
YOLO11s,India__India_004715,D40,0.2464,0.038748,0.3614,FP_background
YOLO11s,India__India_004727,D20,0.428,0.150551,0.7163,TP
YOLO11s,India__India_004743,D20,0.3653,0.251327,0.2703,FP_localization
YOLO11s,India__India_004755,D20,0.3193,0.127411,0.825,TP
YOLO11s,India__India_004755,D00,0.313,0.179137,0.2835,FP_localization
YOLO11s,India__India_004755,D20,0.2878,0.23084,0.4585,FP_localization
YOLO11s,India__India_004759,D40,0.7505,0.012437,0.4183,FP_localization
YOLO11s,India__India_004759,D20,0.5404,0.160326,0.5545,TP
YOLO11s,India__India_004759,D40,0.3106,0.008363,0.6221,TP
YOLO11s,India__India_004784,D00,0.3283,0.007252,0.0,FP_background
YOLO11s,India__India_004798,D20,0.5297,0.114493,0.8306,TP
YOLO11s,India__India_004798,D00,0.2775,0.045593,0.4458,FP_background
YOLO11s,India__India_004819,D20,0.5676,0.152255,0.6908,TP
YOLO11s,India__India_004828,D40,0.8689,0.00577,0.7518,TP
YOLO11s,India__India_004887,D40,0.8241,0.007674,0.83,TP
YOLO11s,India__India_004887,D40,0.2768,0.010544,0.802,TP
YOLO11s,India__India_004911,D20,0.2873,0.285886,0.6787,TP
YOLO11s,India__India_004944,D40,0.3768,0.02793,0.503,TP
YOLO11s,India__India_004982,D20,0.2915,0.314457,0.7331,TP
YOLO11s,India__India_004982,D20,0.2816,0.214235,0.4107,FP_localization
YOLO11s,India__India_005022,D40,0.2792,0.001429,0.531,TP
YOLO11s,India__India_005022,D00,0.2471,0.00565,0.6967,TP
YOLO11s,India__India_005036,D20,0.361,0.072296,0.4784,FP_localization
YOLO11s,India__India_005038,D20,0.359,0.017681,0.0,FP_background
YOLO11s,India__India_005081,D40,0.3138,0.003807,0.5553,TP
YOLO11s,India__India_005090,D20,0.3953,0.154663,0.5965,TP
YOLO11s,India__India_005129,D20,0.3876,0.243565,0.7256,TP
YOLO11s,India__India_005138,D20,0.7721,0.281402,0.6343,TP
YOLO11s,India__India_005138,D40,0.2606,0.003417,0.0717,FP_background
YOLO11s,India__India_005186,D20,0.3095,0.178898,0.1786,FP_background
YOLO11s,India__India_005214,D20,0.3761,0.129695,0.7403,TP
YOLO11s,India__India_005219,D40,0.4292,0.181956,0.6832,FP_classification
YOLO11s,India__India_005219,D40,0.3176,0.192468,0.4187,FP_background
YOLO11s,India__India_005219,D40,0.2947,0.023966,0.7494,TP
YOLO11s,India__India_005254,D20,0.3974,0.268637,0.8251,TP
YOLO11s,India__India_005254,D20,0.244,0.196832,0.72,FP_duplicate
YOLO11s,India__India_005260,D40,0.6129,0.035367,0.4494,FP_localization
YOLO11s,India__India_005278,D20,0.294,0.186069,0.7031,TP
YOLO11s,India__India_005284,D40,0.4478,0.007308,0.6823,TP
YOLO11s,India__India_005284,D40,0.2414,0.032454,0.6824,TP
YOLO11s,India__India_005316,D20,0.8784,0.253605,0.8517,TP
YOLO11s,India__India_005371,D20,0.3669,0.166916,0.0,FP_background
YOLO11s,India__India_005394,D20,0.4588,0.210234,0.7561,TP
YOLO11s,India__India_005409,D00,0.3732,0.01416,0.0,FP_background
YOLO11s,India__India_005439,D40,0.5514,0.127033,0.2347,FP_localization
YOLO11s,India__India_005439,D40,0.3023,0.025817,0.7958,TP
YOLO11s,India__India_005458,D20,0.2526,0.06778,0.7066,TP
YOLO11s,India__India_005543,D20,0.5673,0.132685,0.6258,TP
YOLO11s,India__India_005556,D20,0.4197,0.448707,0.0,FP_background
YOLO11s,India__India_005569,D40,0.5117,0.005562,0.4599,FP_localization
YOLO11s,India__India_005569,D20,0.3862,0.12269,0.6892,TP
YOLO11s,India__India_005569,D20,0.3162,0.047246,0.2663,FP_localization
YOLO11s,India__India_005593,D20,0.6235,0.175033,0.5909,TP
YOLO11s,India__India_005636,D20,0.314,0.169257,0.5524,TP
YOLO11s,India__India_005656,D40,0.5846,0.201234,0.2876,FP_localization
YOLO11s,India__India_005656,D40,0.3801,0.17679,0.3273,FP_localization
YOLO11s,India__India_005656,D40,0.2742,0.179037,0.3232,FP_localization
YOLO11s,India__India_005665,D40,0.2571,0.113497,0.0,FP_background
YOLO11s,India__India_005672,D20,0.4233,0.078617,0.7821,TP
YOLO11s,India__India_005672,D20,0.3918,0.131359,0.503,FP_duplicate
YOLO11s,India__India_005681,D00,0.5739,0.012948,0.0857,FP_background
YOLO11s,India__India_005715,D40,0.301,0.009114,0.5972,TP
YOLO11s,India__India_005715,D20,0.2917,0.111274,0.3012,FP_localization
YOLO11s,India__India_005771,D00,0.3283,0.013949,0.0,FP_background
YOLO11s,India__India_005847,D20,0.302,0.168082,0.6016,TP
YOLO11s,India__India_005853,D00,0.4317,0.077148,0.3931,FP_localization
YOLO11s,India__India_005875,D00,0.2615,0.046527,0.3861,FP_localization
YOLO11s,India__India_005878,D40,0.3847,0.002519,0.3911,FP_localization
YOLO11s,India__India_005881,D20,0.7447,0.062749,0.7956,TP
YOLO11s,India__India_005921,D20,0.519,0.164488,0.3897,FP_localization
YOLO11s,India__India_005994,D20,0.8008,0.21209,0.7789,TP
YOLO11s,India__India_006009,D20,0.4639,0.095122,0.0,FP_background
YOLO11s,India__India_006014,D20,0.3836,0.157699,0.2916,FP_localization
YOLO11s,India__India_006026,D20,0.4191,0.228461,0.6658,TP
YOLO11s,India__India_006026,D20,0.3014,0.165477,0.8156,FP_duplicate
YOLO11s,India__India_006063,D20,0.4119,0.153664,0.7292,TP
YOLO11s,India__India_006069,D40,0.2835,0.250376,0.0,FP_background
YOLO11s,India__India_006076,D40,0.3756,0.073178,0.3341,FP_localization
YOLO11s,India__India_006076,D20,0.3752,0.10918,0.2694,FP_background
YOLO11s,India__India_006100,D40,0.3905,0.01113,0.5505,TP
YOLO11s,India__India_006100,D40,0.3731,0.026668,0.5756,TP
YOLO11s,India__India_006100,D40,0.2777,0.034761,0.5518,FP_duplicate
YOLO11s,India__India_006100,D40,0.2375,0.017694,0.3855,FP_localization
YOLO11s,India__India_006128,D20,0.6856,0.184789,0.754,TP
YOLO11s,India__India_006201,D40,0.3796,0.001868,0.4922,FP_localization
YOLO11s,India__India_006215,D00,0.5555,0.123838,0.8504,TP
YOLO11s,India__India_006238,D00,0.2786,0.158852,0.3159,FP_localization
YOLO11s,India__India_006248,D40,0.4561,0.186183,0.0655,FP_background
YOLO11s,India__India_006248,D40,0.435,0.12589,0.2734,FP_localization
YOLO11s,India__India_006248,D40,0.3409,0.002703,0.0767,FP_background
YOLO11s,India__India_006248,D40,0.339,0.227779,0.1374,FP_localization
YOLO11s,India__India_006248,D40,0.3133,0.002592,0.3895,FP_localization
YOLO11s,India__India_006248,D40,0.2632,0.124107,0.0,FP_background
YOLO11s,India__India_006248,D40,0.2486,0.033481,0.2397,FP_localization
YOLO11s,India__India_006248,D40,0.2376,0.004238,0.1202,FP_localization
YOLO11s,India__India_006260,D20,0.3741,0.132685,0.8391,TP
YOLO11s,India__India_006275,D40,0.4894,0.002211,0.7651,TP
YOLO11s,India__India_006275,D20,0.4044,0.063956,0.2442,FP_localization
YOLO11s,India__India_006286,D20,0.492,0.060604,0.7705,TP
YOLO11s,India__India_006297,D40,0.309,0.215485,0.4759,FP_localization
YOLO11s,India__India_006297,D40,0.2724,0.015819,0.0711,FP_background
YOLO11s,India__India_006297,D40,0.2372,0.217052,0.6592,TP
YOLO11s,India__India_006310,D20,0.5066,0.192001,0.5538,TP
YOLO11s,India__India_006376,D40,0.4846,0.035677,0.0,FP_background
YOLO11s,India__India_006462,D40,0.6332,0.002375,0.6579,TP
YOLO11s,India__India_006473,D40,0.3163,0.015069,0.4879,FP_localization
YOLO11s,India__India_006473,D20,0.3157,0.238136,0.6646,TP
YOLO11s,India__India_006493,D20,0.5235,0.056048,0.3652,FP_localization
YOLO11s,India__India_006493,D00,0.409,0.002431,0.1388,FP_localization
YOLO11s,India__India_006493,D00,0.3892,0.025193,0.7341,TP
YOLO11s,India__India_006545,D20,0.3344,0.212083,0.7511,TP
YOLO11s,India__India_006610,D20,0.2732,0.012206,0.0,FP_background
YOLO11s,India__India_006633,D20,0.4834,0.243995,0.8231,TP
YOLO11s,India__India_006640,D40,0.442,0.012264,0.2023,FP_localization
YOLO11s,India__India_006640,D40,0.2953,0.006318,0.6617,TP
YOLO11s,India__India_006643,D20,0.2481,0.183519,0.5083,TP
YOLO11s,India__India_006652,D20,0.7279,0.075768,0.0,FP_background
YOLO11s,India__India_006652,D00,0.2393,0.090174,0.0,FP_background
YOLO11s,India__India_006665,D40,0.7228,0.201725,0.6976,TP
YOLO11s,India__India_006665,D40,0.6027,0.248129,0.8833,FP_duplicate
YOLO11s,India__India_006665,D40,0.5137,0.135343,0.4745,FP_localization
YOLO11s,India__India_006665,D40,0.4905,0.18942,0.6363,FP_duplicate
YOLO11s,India__India_006665,D40,0.3924,0.128539,0.3734,FP_localization
YOLO11s,India__India_006665,D40,0.3057,0.089032,0.304,FP_localization
YOLO11s,India__India_006692,D20,0.3917,0.209821,0.6858,TP
YOLO11s,India__India_006715,D20,0.4443,0.224873,0.779,TP
YOLO11s,India__India_006730,D20,0.2502,0.20497,0.8093,TP
YOLO11s,India__India_006813,D20,0.2904,0.179519,0.0888,FP_background
YOLO11s,India__India_006813,D20,0.2638,0.129311,0.1389,FP_background
YOLO11s,India__India_006820,D20,0.5103,0.180188,0.8265,TP
YOLO11s,India__India_006851,D40,0.668,0.129066,0.694,TP
YOLO11s,India__India_006851,D40,0.6377,0.174123,0.3614,FP_localization
YOLO11s,India__India_006851,D40,0.4762,0.155583,0.579,FP_duplicate
YOLO11s,India__India_006851,D40,0.4684,0.125907,0.2036,FP_localization
YOLO11s,India__India_006851,D40,0.3249,0.087056,0.7661,FP_duplicate
YOLO11s,India__India_006930,D20,0.283,0.077291,0.0,FP_background
YOLO11s,India__India_006942,D20,0.5262,0.207388,0.0,FP_background
YOLO11s,India__India_006942,D20,0.2698,0.093066,0.0,FP_background
YOLO11s,India__India_006999,D40,0.3584,0.012519,0.7054,TP
YOLO11s,India__India_007024,D20,0.2763,0.196124,0.7124,TP
YOLO11s,India__India_007071,D40,0.5922,0.007919,0.7571,TP
YOLO11s,India__India_007071,D40,0.3118,0.136606,0.1152,FP_localization
YOLO11s,India__India_007071,D40,0.2634,0.190017,0.1574,FP_localization
YOLO11s,India__India_007138,D20,0.2644,0.174491,0.6679,TP
YOLO11s,India__India_007148,D20,0.4816,0.103944,0.6326,TP
YOLO11s,India__India_007159,D20,0.7393,0.029467,0.7394,TP
YOLO11s,India__India_007172,D40,0.4517,0.001717,0.6847,TP
YOLO11s,India__India_007194,D20,0.3736,0.072411,0.7354,TP
YOLO11s,India__India_007254,D40,0.4673,0.229222,0.0,FP_background
YOLO11s,India__India_007254,D40,0.3172,0.233573,0.0,FP_background
YOLO11s,India__India_007309,D00,0.3442,0.037644,0.0575,FP_background
YOLO11s,India__India_007309,D00,0.2828,0.023447,0.0579,FP_background
YOLO11s,India__India_007353,D40,0.3459,0.003308,0.0,FP_background
YOLO11s,India__India_007377,D20,0.3997,0.105113,0.6338,TP
YOLO11s,India__India_007377,D20,0.3104,0.033237,0.2271,FP_localization
YOLO11s,India__India_007454,D40,0.4862,0.15068,0.0,FP_background
YOLO11s,India__India_007454,D40,0.3446,0.18718,0.0,FP_background
YOLO11s,India__India_007457,D00,0.6198,0.021003,0.8679,TP
YOLO11s,India__India_007470,D20,0.3314,0.058104,0.8172,TP
YOLO11s,India__India_007470,D20,0.2951,0.087576,0.6268,FP_duplicate
YOLO11s,India__India_007470,D00,0.2911,0.039775,0.7942,TP
YOLO11s,India__India_007470,D20,0.2878,0.128222,0.4273,FP_localization
YOLO11s,India__India_007470,D00,0.2647,0.059132,0.8636,FP_classification
YOLO11s,India__India_007478,D20,0.2581,0.103584,0.7414,TP
YOLO11s,India__India_007491,D40,0.2446,0.001057,0.3582,FP_localization
YOLO11s,India__India_007511,D40,0.4108,0.002092,0.0,FP_background
YOLO11s,India__India_007539,D20,0.4377,0.064842,0.6193,TP
YOLO11s,India__India_007539,D20,0.3044,0.09861,0.4829,FP_localization
YOLO11s,India__India_007565,D00,0.4536,0.274521,0.5553,TP
YOLO11s,India__India_007565,D20,0.2995,0.513657,0.8665,TP
YOLO11s,India__India_007627,D20,0.3739,0.054273,0.6037,TP
YOLO11s,India__India_007627,D20,0.285,0.084295,0.4039,FP_localization
YOLO11s,India__India_007627,D20,0.2534,0.038054,0.7613,FP_duplicate
YOLO11s,India__India_007647,D40,0.247,0.011187,0.2146,FP_localization
YOLO11s,India__India_007720,D20,0.4562,0.133307,0.7162,TP
YOLO11s,India__India_007722,D40,0.2409,0.143698,0.2793,FP_localization
YOLO11s,India__India_007735,D20,0.4244,0.099179,0.7901,TP
YOLO11s,India__India_007735,D40,0.3513,0.001449,0.066,FP_background
YOLO11s,India__India_007735,D20,0.3429,0.12646,0.5891,FP_duplicate
YOLO11s,India__India_007740,D20,0.4363,0.198567,0.8003,TP
YOLO11s,India__India_007769,D20,0.4544,0.175623,0.8648,TP
YOLO11s,India__India_007781,D40,0.5798,0.002516,0.505,TP
YOLO11s,India__India_007781,D40,0.5391,0.001772,0.2324,FP_localization
YOLO11s,India__India_007781,D40,0.4978,0.159074,0.2231,FP_localization
YOLO11s,India__India_007781,D40,0.4353,0.114917,0.188,FP_localization
YOLO11s,India__India_007791,D40,0.354,0.214207,0.0714,FP_background
YOLO11s,India__India_007791,D40,0.2568,0.042346,0.0,FP_background
YOLO11s,India__India_007844,D20,0.4667,0.238641,0.847,TP
YOLO11s,India__India_007849,D00,0.5312,0.026469,0.3087,FP_background
YOLO11s,India__India_007849,D20,0.2871,0.064434,0.8014,TP
YOLO11s,India__India_007863,D20,0.3361,0.225773,0.5231,TP
YOLO11s,India__India_007906,D20,0.3175,0.202238,0.879,TP
YOLO11s,India__India_007911,D40,0.4819,0.008098,0.65,FP_classification
YOLO11s,India__India_007911,D20,0.2955,0.074391,0.6623,TP
YOLO11s,India__India_007964,D20,0.2902,0.188364,0.8002,TP
YOLO11s,India__India_007998,D40,0.4499,0.001839,0.5893,TP
YOLO11s,India__India_007998,D40,0.4073,0.010176,0.4712,FP_localization
YOLO11s,India__India_007998,D20,0.3099,0.113434,0.6822,TP
YOLO11s,India__India_007998,D40,0.2748,0.002656,0.4788,FP_localization
YOLO11s,India__India_007998,D40,0.2471,0.004821,0.3428,FP_localization
YOLO11s,India__India_008012,D40,0.6482,0.005615,0.7781,TP
YOLO11s,India__India_008017,D00,0.2973,0.020708,0.6205,TP
YOLO11s,India__India_008022,D40,0.4052,0.005908,0.6788,TP
YOLO11s,India__India_008022,D40,0.3682,0.031783,0.2775,FP_localization
YOLO11s,India__India_008037,D40,0.3726,0.004894,0.5132,TP
YOLO11s,India__India_008068,D20,0.5791,0.180643,0.7553,TP
YOLO11s,India__India_008068,D20,0.2489,0.126612,0.6306,FP_duplicate
YOLO11s,India__India_008079,D20,0.3817,0.151941,0.8468,TP
YOLO11s,India__India_008084,D20,0.2807,0.10388,0.8899,TP
YOLO11s,India__India_008159,D20,0.4841,0.179174,0.8274,TP
YOLO11s,India__India_008190,D20,0.5212,0.236543,0.7361,TP
YOLO11s,India__India_008250,D20,0.2744,0.267596,0.7233,TP
YOLO11s,India__India_008257,D40,0.2425,0.013431,0.0,FP_background
YOLO11s,India__India_008266,D20,0.2418,0.194699,0.7783,TP
YOLO11s,India__India_008280,D20,0.3055,0.198923,0.4281,FP_background
YOLO11s,India__India_008284,D20,0.4439,0.05849,0.7173,TP
YOLO11s,India__India_008284,D20,0.3364,0.08437,0.7838,FP_duplicate
YOLO11s,India__India_008284,D00,0.3124,0.013587,0.1649,FP_background
YOLO11s,India__India_008313,D20,0.3645,0.181894,0.3381,FP_localization
YOLO11s,India__India_008328,D00,0.3692,0.005554,0.0,FP_background
YOLO11s,India__India_008329,D20,0.3363,0.217476,0.907,TP
YOLO11s,India__India_008337,D40,0.4755,0.175968,0.0,FP_background
YOLO11s,India__India_008337,D40,0.3951,0.255692,0.0,FP_background
YOLO11s,India__India_008337,D40,0.3394,0.189879,0.0,FP_background
YOLO11s,India__India_008337,D40,0.2998,0.236885,0.0,FP_background
YOLO11s,India__India_008337,D40,0.2386,0.158007,0.0,FP_background
YOLO11s,India__India_008340,D20,0.5145,0.138643,0.7773,TP
YOLO11s,India__India_008374,D20,0.2521,0.129136,0.5906,TP
YOLO11s,India__India_008374,D20,0.2395,0.058998,0.2876,FP_localization
YOLO11s,India__India_008400,D40,0.5097,0.001553,0.33,FP_localization
YOLO11s,India__India_008407,D20,0.5864,0.111105,0.8321,TP
YOLO11s,India__India_008440,D40,0.5431,0.00551,0.553,TP
YOLO11s,India__India_008440,D40,0.3144,0.0037,0.3713,FP_localization
YOLO11s,India__India_008446,D00,0.3518,0.061052,0.0,FP_background
YOLO11s,India__India_008446,D40,0.2563,0.001765,0.594,TP
YOLO11s,India__India_008458,D40,0.3058,0.008297,0.5158,TP
YOLO11s,India__India_008471,D20,0.6267,0.179492,0.5559,TP
YOLO11s,India__India_008496,D20,0.397,0.222608,0.8971,TP
YOLO11s,India__India_008557,D40,0.2454,0.004254,0.81,TP
YOLO11s,India__India_008574,D20,0.2405,0.269022,0.2797,FP_localization
YOLO11s,India__India_008582,D20,0.3814,0.171524,0.5388,TP
YOLO11s,India__India_008582,D00,0.284,0.051054,0.6359,TP
YOLO11s,India__India_008584,D20,0.7752,0.121954,0.8459,TP
YOLO11s,India__India_008588,D20,0.4436,0.108453,0.6616,TP
YOLO11s,India__India_008595,D00,0.4295,0.02259,0.0,FP_background
YOLO11s,India__India_008623,D20,0.3501,0.202464,0.4434,FP_localization
YOLO11s,India__India_008673,D40,0.2894,0.002698,0.7077,TP
YOLO11s,India__India_008677,D40,0.6413,0.008327,0.8131,TP
YOLO11s,India__India_008682,D40,0.6658,0.213125,0.4729,FP_localization
YOLO11s,India__India_008682,D40,0.4058,0.158083,0.6376,TP
YOLO11s,India__India_008682,D40,0.3843,0.147855,0.4478,FP_localization
YOLO11s,India__India_008689,D40,0.3624,0.001818,0.0,FP_background
YOLO11s,India__India_008739,D00,0.2827,0.011917,0.6193,TP
YOLO11s,India__India_008745,D20,0.3205,0.06863,0.6815,TP
YOLO11s,India__India_008792,D20,0.3389,0.172233,0.7351,TP
YOLO11s,India__India_008839,D00,0.6071,0.122871,0.3602,FP_localization
YOLO11s,India__India_008839,D00,0.2982,0.073419,0.6029,TP
YOLO11s,India__India_008853,D20,0.3623,0.208504,0.8561,TP
YOLO11s,India__India_008867,D40,0.5615,0.014427,0.6364,TP
YOLO11s,India__India_008867,D40,0.3954,0.00895,0.7663,FP_duplicate
YOLO11s,India__India_008867,D40,0.3379,0.004966,0.6817,TP
YOLO11s,India__India_008867,D40,0.2627,0.003357,0.7631,FP_duplicate
YOLO11s,India__India_008867,D40,0.2438,0.022765,0.4033,FP_localization
YOLO11s,India__India_008886,D20,0.3956,0.158008,0.647,TP
YOLO11s,India__India_008886,D20,0.2529,0.116629,0.7476,FP_duplicate
YOLO11s,India__India_008906,D40,0.7145,0.00333,0.7078,TP
YOLO11s,India__India_008906,D20,0.4524,0.183583,0.5624,FP_classification
YOLO11s,India__India_008906,D00,0.4196,0.178712,0.5954,TP
YOLO11s,India__India_008906,D00,0.3114,0.121217,0.8778,FP_duplicate
YOLO11s,India__India_008909,D20,0.4005,0.079258,0.8227,TP
YOLO11s,India__India_008918,D20,0.2412,0.21706,0.9128,TP
YOLO11s,India__India_008928,D20,0.3068,0.091713,0.4865,FP_localization
YOLO11s,India__India_008960,D20,0.4661,0.065296,0.8382,TP
YOLO11s,India__India_008969,D40,0.6032,0.035913,0.6808,TP
YOLO11s,India__India_009039,D20,0.5561,0.26686,0.7449,TP
YOLO11s,India__India_009041,D40,0.6118,0.004701,0.6076,TP
YOLO11s,India__India_009041,D20,0.4254,0.260323,0.726,TP
YOLO11s,India__India_009063,D20,0.5328,0.163003,0.7289,TP
YOLO11s,India__India_009116,D00,0.243,0.019985,0.0,FP_background
YOLO11s,India__India_009122,D40,0.5699,0.001935,0.8555,TP
YOLO11s,India__India_009167,D00,0.2829,0.032765,0.4742,FP_localization
YOLO11s,India__India_009194,D40,0.3887,0.190773,0.0,FP_background
YOLO11s,India__India_009194,D40,0.2375,0.201606,0.0,FP_background
YOLO11s,India__India_009212,D20,0.4838,0.139617,0.7316,TP
YOLO11s,India__India_009212,D00,0.2896,0.007022,0.0682,FP_background
YOLO11s,India__India_009214,D20,0.4274,0.190407,0.3427,FP_localization
YOLO11s,India__India_009221,D20,0.597,0.136007,0.8263,TP
YOLO11s,India__India_009221,D20,0.3659,0.186424,0.7946,FP_duplicate
YOLO11s,India__India_009226,D40,0.3893,0.004953,0.6498,TP
YOLO11s,India__India_009226,D40,0.3461,0.1865,0.2331,FP_localization
YOLO11s,India__India_009226,D40,0.2629,0.008632,0.9129,TP
YOLO11s,India__India_009245,D40,0.3849,0.004545,0.0881,FP_background
YOLO11s,India__India_009245,D40,0.3824,0.059197,0.8589,TP
YOLO11s,India__India_009245,D40,0.315,0.023295,0.4444,FP_localization
YOLO11s,India__India_009297,D20,0.3463,0.107991,0.3418,FP_localization
YOLO11s,India__India_009320,D40,0.3201,0.015861,0.0,FP_background
YOLO11s,India__India_009320,D20,0.2604,0.259388,0.0632,FP_background
YOLO11s,India__India_009367,D00,0.3213,0.006826,0.0,FP_background
YOLO11s,India__India_009381,D40,0.3125,0.010278,0.5998,TP
YOLO11s,India__India_009394,D20,0.3369,0.193952,0.9058,TP
YOLO11s,India__India_009428,D20,0.3158,0.169106,0.3087,FP_localization
YOLO11s,India__India_009428,D20,0.2904,0.097532,0.5191,TP
YOLO11s,India__India_009432,D00,0.2633,0.006961,0.0,FP_background
YOLO11s,India__India_009446,D20,0.2421,0.051462,0.5927,FP_classification
YOLO11s,India__India_009505,D00,0.5895,0.016302,0.7552,TP
YOLO11s,India__India_009505,D20,0.3569,0.062014,0.4319,FP_background
YOLO11s,India__India_009505,D00,0.2994,0.034656,0.7042,TP
YOLO11s,India__India_009530,D00,0.5142,0.116706,0.0,FP_background
YOLO11s,India__India_009541,D20,0.92,0.242176,0.8249,TP
YOLO11s,India__India_009564,D40,0.3049,0.032793,0.2813,FP_localization
YOLO11s,India__India_009564,D40,0.3049,0.195128,0.8159,TP
YOLO11s,India__India_009564,D40,0.2837,0.147999,0.6505,FP_duplicate
YOLO11s,India__India_009565,D00,0.2417,0.035445,0.0,FP_background
YOLO11s,India__India_009579,D40,0.4734,0.019313,0.6801,TP
YOLO11s,India__India_009595,D20,0.535,0.103312,0.7139,TP
YOLO11s,India__India_009595,D20,0.416,0.047096,0.792,TP
YOLO11s,India__India_009600,D20,0.2631,0.110925,0.6948,TP
YOLO11s,India__India_009606,D20,0.2504,0.222596,0.0,FP_background
YOLO11s,India__India_009625,D00,0.4209,0.00509,0.0,FP_background
YOLO11s,India__India_009625,D00,0.3481,0.038106,0.658,TP
YOLO11s,India__India_009625,D00,0.3061,0.060388,0.572,FP_duplicate
YOLO11s,India__India_009625,D00,0.2671,0.005807,0.0,FP_background
YOLO11s,India__India_009640,D20,0.5252,0.181123,0.8309,TP
YOLO11s,India__India_009656,D40,0.2896,0.007852,0.7518,TP
YOLO11s,India__India_009666,D20,0.3293,0.207647,0.7422,TP
YOLO11s,India__India_009719,D20,0.3314,0.116769,0.7,TP
YOLO11s,India__India_009813,D40,0.3576,0.002048,0.7789,TP
YOLO11s,India__India_009834,D00,0.248,0.008775,0.6972,TP
YOLO11s,India__India_009842,D00,0.2624,0.03875,0.0,FP_background
YOLO11s,India__India_009842,D40,0.2528,0.014872,0.3096,FP_background
YOLO11s,India__India_009856,D40,0.3929,0.005862,0.4976,FP_localization
YOLO11s,India__India_009856,D40,0.3098,0.003979,0.733,TP
YOLO11s,India__India_009880,D20,0.3054,0.206591,0.6494,TP
YOLO11s,Japan__Japan_000004,D00,0.3044,0.051365,0.1305,FP_background
YOLO11s,Japan__Japan_000020,D20,0.5868,0.092275,0.4372,FP_localization
YOLO11s,Japan__Japan_000020,D10,0.4434,0.00674,0.8592,TP
YOLO11s,Japan__Japan_000020,D10,0.3288,0.00623,0.6624,TP
YOLO11s,Japan__Japan_000028,D40,0.3852,0.002081,0.0,FP_background
YOLO11s,Japan__Japan_000028,D00,0.2816,0.021124,0.5257,TP
YOLO11s,Japan__Japan_000042,D20,0.6807,0.155066,0.8012,TP
YOLO11s,Japan__Japan_000051,D10,0.3108,0.005408,0.6362,TP
YOLO11s,Japan__Japan_000058,D10,0.3601,0.005982,0.0217,FP_background
YOLO11s,Japan__Japan_000058,D20,0.2715,0.036701,0.1325,FP_localization
YOLO11s,Japan__Japan_000063,D00,0.4332,0.05415,0.7165,TP
YOLO11s,Japan__Japan_000063,D00,0.4166,0.005103,0.0,FP_background
YOLO11s,Japan__Japan_000063,D00,0.3908,0.00437,0.0,FP_background
YOLO11s,Japan__Japan_000063,D00,0.3465,0.082807,0.4592,FP_localization
YOLO11s,Japan__Japan_000070,D10,0.4204,0.006578,0.8816,TP
YOLO11s,Japan__Japan_000073,D00,0.2658,0.0469,0.0,FP_background
YOLO11s,Japan__Japan_000080,D20,0.5977,0.328203,0.9063,TP
YOLO11s,Japan__Japan_000080,D20,0.2752,0.051317,0.119,FP_localization
YOLO11s,Japan__Japan_000089,D20,0.4608,0.013569,0.4092,FP_localization
YOLO11s,Japan__Japan_000090,D00,0.5556,0.012425,0.0,FP_background
YOLO11s,Japan__Japan_000090,D40,0.4739,0.00678,0.793,TP
YOLO11s,Japan__Japan_000091,D00,0.4529,0.003429,0.8855,TP
YOLO11s,Japan__Japan_000097,D20,0.4013,0.023428,0.571,TP
YOLO11s,Japan__Japan_000097,D10,0.2472,0.021511,0.5477,TP
YOLO11s,Japan__Japan_000097,D20,0.2401,0.053191,0.5874,FP_duplicate
YOLO11s,Japan__Japan_000113,D00,0.7014,0.024512,0.7631,TP
YOLO11s,Japan__Japan_000113,D00,0.2749,0.008428,0.4215,FP_localization
YOLO11s,Japan__Japan_000117,D20,0.7479,0.140196,0.9145,TP
YOLO11s,Japan__Japan_000117,D40,0.746,0.008102,0.8663,TP
YOLO11s,Japan__Japan_000117,D40,0.4798,0.012795,0.66,FP_duplicate
YOLO11s,Japan__Japan_000117,D40,0.4063,0.003439,0.0224,FP_background
YOLO11s,Japan__Japan_000126,D00,0.36,0.008832,0.6494,TP
YOLO11s,Japan__Japan_000127,D10,0.4893,0.015974,0.6422,TP
YOLO11s,Japan__Japan_000127,D10,0.273,0.008405,0.0,FP_background
YOLO11s,Japan__Japan_000129,D40,0.3163,0.009175,0.2641,FP_localization
YOLO11s,Japan__Japan_000129,D40,0.2716,0.020492,0.5397,TP
YOLO11s,Japan__Japan_000144,D20,0.7169,0.075584,0.6793,TP
YOLO11s,Japan__Japan_000144,D10,0.4486,0.008319,0.4699,FP_localization
YOLO11s,Japan__Japan_000151,D20,0.805,0.176485,0.7539,TP
YOLO11s,Japan__Japan_000151,D20,0.6454,0.045131,0.0,FP_background
YOLO11s,Japan__Japan_000152,D00,0.5105,0.045212,0.7771,TP
YOLO11s,Japan__Japan_000188,D20,0.826,0.319431,0.7647,TP
YOLO11s,Japan__Japan_000224,D20,0.4408,0.01653,0.5754,TP
YOLO11s,Japan__Japan_000234,D00,0.3406,0.003663,0.3663,FP_localization
YOLO11s,Japan__Japan_000234,D00,0.2592,0.002401,0.0,FP_background
YOLO11s,Japan__Japan_000246,D00,0.3574,0.021713,0.7848,TP
YOLO11s,Japan__Japan_000258,D00,0.6186,0.011504,0.7749,TP
YOLO11s,Japan__Japan_000260,D00,0.3472,0.05605,0.3067,FP_background
YOLO11s,Japan__Japan_000270,D40,0.7,0.00483,0.7488,TP
YOLO11s,Japan__Japan_000270,D20,0.3957,0.067749,0.1534,FP_localization
YOLO11s,Japan__Japan_000270,D20,0.3131,0.127091,0.4534,FP_localization
YOLO11s,Japan__Japan_000270,D20,0.2869,0.309195,0.7468,TP
YOLO11s,Japan__Japan_000281,D20,0.7829,0.329575,0.9045,TP
YOLO11s,Japan__Japan_000281,D40,0.3533,0.001828,0.4845,FP_localization
YOLO11s,Japan__Japan_000281,D40,0.302,0.000636,0.5526,TP
YOLO11s,Japan__Japan_000312,D10,0.2618,0.020702,0.0,FP_background
YOLO11s,Japan__Japan_000315,D20,0.5268,0.164132,0.7028,TP
YOLO11s,Japan__Japan_000315,D20,0.3228,0.113855,0.4875,FP_localization
YOLO11s,Japan__Japan_000332,D40,0.3581,0.016624,0.0072,FP_background
YOLO11s,Japan__Japan_000332,D20,0.3318,0.175453,0.2585,FP_localization
YOLO11s,Japan__Japan_000332,D40,0.3306,0.002239,0.7966,TP
YOLO11s,Japan__Japan_000338,D20,0.6882,0.304167,0.4547,FP_localization
YOLO11s,Japan__Japan_000338,D20,0.2611,0.194253,0.3926,FP_localization
YOLO11s,Japan__Japan_000364,D40,0.4657,0.00739,0.79,TP
YOLO11s,Japan__Japan_000364,D40,0.3902,0.00487,0.5173,FP_duplicate
YOLO11s,Japan__Japan_000364,D20,0.3008,0.08943,0.4916,FP_localization
YOLO11s,Japan__Japan_000365,D20,0.3705,0.035527,0.0,FP_background
YOLO11s,Japan__Japan_000366,D20,0.7021,0.101599,0.7225,TP
YOLO11s,Japan__Japan_000385,D20,0.908,0.200965,0.6976,TP
YOLO11s,Japan__Japan_000385,D20,0.5366,0.020438,0.7656,TP
YOLO11s,Japan__Japan_000393,D10,0.2661,0.080719,0.5507,TP
YOLO11s,Japan__Japan_000398,D20,0.2712,0.055356,0.0,FP_background
YOLO11s,Japan__Japan_000407,D20,0.8186,0.228027,0.8418,TP
YOLO11s,Japan__Japan_000409,D00,0.6028,0.095096,0.5999,TP
YOLO11s,Japan__Japan_000409,D20,0.5839,0.186524,0.656,TP
YOLO11s,Japan__Japan_000409,D20,0.2893,0.264204,0.8839,FP_duplicate
YOLO11s,Japan__Japan_000410,D20,0.2584,0.094823,0.7347,TP
YOLO11s,Japan__Japan_000415,D20,0.9046,0.20543,0.9582,TP
YOLO11s,Japan__Japan_000418,D20,0.3127,0.021066,0.4458,FP_localization
YOLO11s,Japan__Japan_000428,D20,0.606,0.071391,0.8598,TP
YOLO11s,Japan__Japan_000428,D20,0.3194,0.017478,0.723,TP
YOLO11s,Japan__Japan_000433,D10,0.3204,0.021107,0.7159,TP
YOLO11s,Japan__Japan_000436,D00,0.3495,0.015393,0.0,FP_background
YOLO11s,Japan__Japan_000436,D10,0.277,0.006294,0.0,FP_background
YOLO11s,Japan__Japan_000438,D20,0.5054,0.136367,0.7051,TP
YOLO11s,Japan__Japan_000438,D10,0.3468,0.00747,0.0335,FP_background
YOLO11s,Japan__Japan_000449,D40,0.6663,0.002068,0.3516,FP_localization
YOLO11s,Japan__Japan_000449,D40,0.5124,0.002046,0.8371,TP
YOLO11s,Japan__Japan_000449,D40,0.4287,0.001307,0.6685,TP
YOLO11s,Japan__Japan_000453,D00,0.7278,0.021017,0.9271,TP
YOLO11s,Japan__Japan_000453,D20,0.5499,0.173258,0.4708,FP_localization
YOLO11s,Japan__Japan_000453,D20,0.3863,0.129376,0.4069,FP_localization
YOLO11s,Japan__Japan_000453,D20,0.3603,0.071028,0.7265,TP
YOLO11s,Japan__Japan_000471,D00,0.3399,0.007915,0.8602,TP
YOLO11s,Japan__Japan_000471,D20,0.3312,0.071419,0.0,FP_background
YOLO11s,Japan__Japan_000471,D20,0.2425,0.023637,0.8732,TP
YOLO11s,Japan__Japan_000474,D20,0.3993,0.326337,0.0,FP_background
YOLO11s,Japan__Japan_000488,D20,0.5314,0.066222,0.2176,FP_localization
YOLO11s,Japan__Japan_000488,D20,0.4188,0.181486,0.5514,TP
YOLO11s,Japan__Japan_000488,D20,0.2739,0.300646,0.7908,FP_duplicate
YOLO11s,Japan__Japan_000511,D00,0.2562,0.03228,0.8664,TP
YOLO11s,Japan__Japan_000528,D00,0.6681,0.029796,0.7884,TP
YOLO11s,Japan__Japan_000528,D00,0.389,0.048903,0.4899,FP_localization
YOLO11s,Japan__Japan_000545,D20,0.4441,0.053079,0.7033,TP
YOLO11s,Japan__Japan_000545,D20,0.3968,0.027416,0.5219,TP
YOLO11s,Japan__Japan_000552,D20,0.5923,0.112406,0.8823,TP
YOLO11s,Japan__Japan_000552,D40,0.5083,0.00275,0.803,TP
YOLO11s,Japan__Japan_000567,D00,0.4833,0.010101,0.8125,TP
YOLO11s,Japan__Japan_000587,D20,0.3943,0.061402,0.0,FP_background
YOLO11s,Japan__Japan_000587,D00,0.3519,0.00863,0.7764,TP
YOLO11s,Japan__Japan_000587,D10,0.2528,0.007956,0.0,FP_background
YOLO11s,Japan__Japan_000608,D20,0.3991,0.00435,0.0083,FP_background
YOLO11s,Japan__Japan_000608,D20,0.2854,0.073076,0.5517,TP
YOLO11s,Japan__Japan_000608,D10,0.2647,0.005361,0.0437,FP_background
YOLO11s,Japan__Japan_000633,D10,0.3246,0.005712,0.0,FP_background
YOLO11s,Japan__Japan_000633,D00,0.3074,0.027203,0.8994,FP_classification
YOLO11s,Japan__Japan_000633,D10,0.2831,0.012439,0.0,FP_background
YOLO11s,Japan__Japan_000633,D20,0.2585,0.026705,0.9009,TP
YOLO11s,Japan__Japan_000639,D20,0.6526,0.325404,0.8503,TP
YOLO11s,Japan__Japan_000639,D40,0.6151,0.004753,0.5488,TP
YOLO11s,Japan__Japan_000639,D20,0.4423,0.201094,0.5255,FP_duplicate
YOLO11s,Japan__Japan_000639,D20,0.435,0.135207,0.3343,FP_localization
YOLO11s,Japan__Japan_000639,D20,0.3724,0.319583,0.7853,FP_duplicate
YOLO11s,Japan__Japan_000639,D40,0.3576,0.004379,0.7,TP
YOLO11s,Japan__Japan_000639,D40,0.3212,0.002628,0.7922,TP
YOLO11s,Japan__Japan_000658,D10,0.5397,0.004333,0.7756,TP
YOLO11s,Japan__Japan_000658,D10,0.3954,0.009924,0.7054,TP
YOLO11s,Japan__Japan_000658,D10,0.2438,0.003673,0.4815,FP_localization
YOLO11s,Japan__Japan_000664,D20,0.3374,0.21408,0.7851,TP
YOLO11s,Japan__Japan_000684,D10,0.3238,0.015045,0.7028,TP
YOLO11s,Japan__Japan_000717,D10,0.2932,0.025492,0.4712,FP_localization
YOLO11s,Japan__Japan_000728,D20,0.7993,0.177368,0.8101,TP
YOLO11s,Japan__Japan_000781,D10,0.3385,0.006576,0.0093,FP_background
YOLO11s,Japan__Japan_000781,D00,0.2437,0.008707,0.1149,FP_background
YOLO11s,Japan__Japan_000790,D40,0.2706,0.067103,0.319,FP_background
YOLO11s,Japan__Japan_000790,D40,0.2441,0.15461,0.6782,FP_classification
YOLO11s,Japan__Japan_000807,D10,0.3043,0.003408,0.0,FP_background
YOLO11s,Japan__Japan_000807,D20,0.2461,0.025165,0.3375,FP_localization
YOLO11s,Japan__Japan_000808,D20,0.362,0.008935,0.0365,FP_background
YOLO11s,Japan__Japan_000810,D20,0.3398,0.097764,0.4521,FP_localization
YOLO11s,Japan__Japan_000825,D40,0.5952,0.002577,0.782,TP
YOLO11s,Japan__Japan_000825,D20,0.5784,0.222336,0.4924,FP_localization
YOLO11s,Japan__Japan_000825,D40,0.4597,0.001719,0.2441,FP_localization
YOLO11s,Japan__Japan_000825,D10,0.2546,0.128415,0.1924,FP_background
YOLO11s,Japan__Japan_000829,D20,0.6987,0.346605,0.9079,TP
YOLO11s,Japan__Japan_000852,D10,0.3942,0.017129,0.7454,TP
YOLO11s,Japan__Japan_000852,D10,0.2637,0.021892,0.3322,FP_localization
YOLO11s,Japan__Japan_000859,D20,0.7462,0.320252,0.9606,TP
YOLO11s,Japan__Japan_000867,D20,0.7232,0.232426,0.5694,TP
YOLO11s,Japan__Japan_000867,D00,0.4858,0.01039,0.0267,FP_background
YOLO11s,Japan__Japan_000867,D10,0.3702,0.007597,0.0204,FP_background
YOLO11s,Japan__Japan_000889,D20,0.7765,0.201297,0.535,TP
YOLO11s,Japan__Japan_000889,D10,0.3696,0.014848,0.0388,FP_background
YOLO11s,Japan__Japan_000895,D00,0.7599,0.024395,0.0,FP_background
YOLO11s,Japan__Japan_000910,D20,0.3183,0.063879,0.6842,TP
YOLO11s,Japan__Japan_000910,D20,0.2772,0.129672,0.3897,FP_localization
YOLO11s,Japan__Japan_000918,D10,0.2925,0.007976,0.8707,TP
YOLO11s,Japan__Japan_000929,D20,0.7265,0.25897,0.4531,FP_localization
YOLO11s,Japan__Japan_000933,D10,0.2602,0.009857,0.4388,FP_localization
YOLO11s,Japan__Japan_000945,D20,0.5993,0.332032,0.8273,TP
YOLO11s,Japan__Japan_000945,D20,0.2784,0.211641,0.5538,FP_duplicate
YOLO11s,Japan__Japan_001000,D20,0.5396,0.143537,0.3002,FP_localization
YOLO11s,Japan__Japan_001000,D20,0.2534,0.296279,0.6914,TP
YOLO11s,Japan__Japan_001024,D00,0.2457,0.009838,0.2933,FP_localization
YOLO11s,Japan__Japan_001038,D20,0.5627,0.018666,0.7646,TP
YOLO11s,Japan__Japan_001038,D20,0.5316,0.027967,0.5591,FP_duplicate
YOLO11s,Japan__Japan_001043,D00,0.5956,0.003037,0.8656,TP
YOLO11s,Japan__Japan_001043,D00,0.3045,0.003855,0.535,FP_classification
YOLO11s,Japan__Japan_001058,D20,0.4956,0.072157,0.6205,TP
YOLO11s,Japan__Japan_001058,D10,0.3887,0.005653,0.6758,TP
YOLO11s,Japan__Japan_001058,D10,0.2916,0.002995,0.6118,TP
YOLO11s,Japan__Japan_001071,D20,0.7723,0.144954,0.7452,TP
YOLO11s,Japan__Japan_001071,D10,0.3742,0.011763,0.6121,TP
YOLO11s,Japan__Japan_001071,D20,0.3713,0.288032,0.5405,FP_duplicate
YOLO11s,Japan__Japan_001079,D20,0.4372,0.343743,0.5689,TP
YOLO11s,Japan__Japan_001079,D20,0.2738,0.23433,0.8346,FP_duplicate
YOLO11s,Japan__Japan_001079,D20,0.2455,0.18798,0.2883,FP_localization
YOLO11s,Japan__Japan_001087,D00,0.2972,0.044767,0.6541,TP
YOLO11s,Japan__Japan_001099,D20,0.3804,0.046307,0.1395,FP_localization
YOLO11s,Japan__Japan_001099,D20,0.2898,0.070096,0.1976,FP_localization
YOLO11s,Japan__Japan_001099,D20,0.2886,0.253055,0.6645,TP
YOLO11s,Japan__Japan_001099,D20,0.2757,0.035343,0.103,FP_localization
YOLO11s,Japan__Japan_001099,D00,0.2376,0.028343,0.0703,FP_background
YOLO11s,Japan__Japan_001112,D20,0.2603,0.109171,0.7954,TP
YOLO11s,Japan__Japan_001129,D00,0.683,0.125754,0.4198,FP_localization
YOLO11s,Japan__Japan_001130,D20,0.3143,0.3293,0.7399,TP
YOLO11s,Japan__Japan_001130,D20,0.276,0.177388,0.5086,FP_duplicate
YOLO11s,Japan__Japan_001145,D00,0.2628,0.004158,0.2988,FP_background
YOLO11s,Japan__Japan_001159,D20,0.4118,0.129158,0.5522,TP
YOLO11s,Japan__Japan_001159,D20,0.2443,0.190094,0.3725,FP_localization
YOLO11s,Japan__Japan_001159,D20,0.2382,0.128904,0.5518,FP_duplicate
YOLO11s,Japan__Japan_001160,D00,0.3042,0.002421,0.0,FP_background
YOLO11s,Japan__Japan_001185,D10,0.4754,0.059031,0.7208,TP
YOLO11s,Japan__Japan_001185,D10,0.3352,0.087548,0.5489,FP_duplicate
YOLO11s,Japan__Japan_001185,D10,0.3244,0.031985,0.6421,FP_duplicate
YOLO11s,Japan__Japan_001185,D00,0.298,0.054519,0.8055,TP
YOLO11s,Japan__Japan_001185,D20,0.2595,0.040208,0.3947,FP_localization
YOLO11s,Japan__Japan_001219,D00,0.5697,0.02041,0.639,TP
YOLO11s,Japan__Japan_001219,D00,0.2917,0.042821,0.2382,FP_localization
YOLO11s,Japan__Japan_001228,D40,0.5661,0.004763,0.7435,TP
YOLO11s,Japan__Japan_001228,D40,0.5108,0.006545,0.1293,FP_localization
YOLO11s,Japan__Japan_001228,D40,0.482,0.010805,0.2135,FP_localization
YOLO11s,Japan__Japan_001238,D10,0.4487,0.01309,0.1974,FP_localization
YOLO11s,Japan__Japan_001239,D00,0.6545,0.006357,0.7257,TP
YOLO11s,Japan__Japan_001239,D10,0.2917,0.01025,0.6929,TP
YOLO11s,Japan__Japan_001241,D40,0.7714,0.007383,0.8497,TP
YOLO11s,Japan__Japan_001242,D20,0.3474,0.31255,0.6219,TP
YOLO11s,Japan__Japan_001242,D20,0.241,0.128193,0.4958,FP_localization
YOLO11s,Japan__Japan_001242,D20,0.2396,0.193694,0.5313,FP_duplicate
YOLO11s,Japan__Japan_001245,D00,0.3394,0.009839,0.5164,TP
YOLO11s,Japan__Japan_001252,D20,0.6424,0.354493,0.4886,FP_localization
YOLO11s,Japan__Japan_001252,D40,0.4532,0.007306,0.6205,TP
YOLO11s,Japan__Japan_001252,D20,0.3616,0.17444,0.7769,TP
YOLO11s,Japan__Japan_001252,D20,0.3303,0.155554,0.8135,TP
YOLO11s,Japan__Japan_001252,D40,0.3148,0.002804,0.7694,TP
YOLO11s,Japan__Japan_001257,D20,0.8307,0.442278,0.8371,TP
YOLO11s,Japan__Japan_001257,D40,0.6003,0.006178,0.8202,TP
YOLO11s,Japan__Japan_001264,D20,0.7389,0.111308,0.81,TP
YOLO11s,Japan__Japan_001264,D10,0.2407,0.008359,0.0754,FP_background
YOLO11s,Japan__Japan_001266,D10,0.4719,0.052905,0.596,TP
YOLO11s,Japan__Japan_001266,D10,0.3911,0.015877,0.0,FP_background
YOLO11s,Japan__Japan_001278,D00,0.4573,0.046962,0.7122,TP
YOLO11s,Japan__Japan_001287,D20,0.3548,0.033518,0.7104,TP
YOLO11s,Japan__Japan_001295,D00,0.2403,0.031423,0.4703,FP_localization
YOLO11s,Japan__Japan_001304,D20,0.5767,0.096865,0.6525,TP
YOLO11s,Japan__Japan_001304,D20,0.5683,0.157366,0.4658,FP_localization
YOLO11s,Japan__Japan_001304,D20,0.3653,0.025374,0.8268,TP
YOLO11s,Japan__Japan_001319,D20,0.4457,0.02001,0.7717,TP
YOLO11s,Japan__Japan_001319,D20,0.4337,0.004233,0.2502,FP_localization
YOLO11s,Japan__Japan_001319,D40,0.3681,0.003909,0.4349,FP_localization
YOLO11s,Japan__Japan_001319,D40,0.2436,0.001563,0.1691,FP_localization
YOLO11s,Japan__Japan_001319,D40,0.2375,0.005725,0.297,FP_localization
YOLO11s,Japan__Japan_001320,D10,0.2486,0.018056,0.0,FP_background
YOLO11s,Japan__Japan_001325,D20,0.8274,0.238919,0.8014,TP
YOLO11s,Japan__Japan_001325,D20,0.5419,0.025169,0.8253,TP
YOLO11s,Japan__Japan_001325,D10,0.3425,0.043781,0.9201,TP
YOLO11s,Japan__Japan_001325,D10,0.283,0.030796,0.6321,FP_duplicate
YOLO11s,Japan__Japan_001327,D20,0.7893,0.186712,0.9772,TP
YOLO11s,Japan__Japan_001362,D40,0.6099,0.001314,0.6974,TP
YOLO11s,Japan__Japan_001362,D40,0.5969,0.00223,0.8726,TP
YOLO11s,Japan__Japan_001362,D40,0.4051,0.001424,0.777,TP
YOLO11s,Japan__Japan_001362,D20,0.3505,0.278466,0.7431,TP
YOLO11s,Japan__Japan_001396,D10,0.4158,0.01089,0.8782,TP
YOLO11s,Japan__Japan_001423,D10,0.4891,0.005176,0.5279,TP
YOLO11s,Japan__Japan_001423,D10,0.4191,0.010768,0.8887,TP
YOLO11s,Japan__Japan_001439,D20,0.5613,0.373305,0.7482,TP
YOLO11s,Japan__Japan_001439,D20,0.3166,0.084856,0.1746,FP_localization
YOLO11s,Japan__Japan_001441,D10,0.2822,0.034736,0.7363,TP
YOLO11s,Japan__Japan_001441,D10,0.247,0.045896,0.7122,FP_duplicate
YOLO11s,Japan__Japan_001457,D00,0.4556,0.007988,0.7627,TP
YOLO11s,Japan__Japan_001485,D00,0.5782,0.004785,0.3754,FP_localization
YOLO11s,Japan__Japan_001486,D00,0.5802,0.043472,0.8102,TP
YOLO11s,Japan__Japan_001486,D00,0.4529,0.068456,0.4366,FP_localization
YOLO11s,Japan__Japan_001507,D20,0.7375,0.350222,0.9142,TP
YOLO11s,Japan__Japan_001533,D20,0.3495,0.05884,0.8646,TP
YOLO11s,Japan__Japan_001534,D20,0.5644,0.081495,0.1416,FP_localization
YOLO11s,Japan__Japan_001534,D20,0.5479,0.066646,0.8076,TP
YOLO11s,Japan__Japan_001534,D40,0.4009,0.002577,0.073,FP_background
YOLO11s,Japan__Japan_001534,D40,0.2505,0.00184,0.0552,FP_background
YOLO11s,Japan__Japan_001537,D20,0.673,0.130593,0.7893,TP
YOLO11s,Japan__Japan_001537,D40,0.4909,0.003386,0.8952,TP
YOLO11s,Japan__Japan_001557,D00,0.6337,0.018433,0.8596,TP
YOLO11s,Japan__Japan_001558,D00,0.3135,0.01439,0.7607,TP
YOLO11s,Japan__Japan_001559,D20,0.7174,0.361189,0.9666,TP
YOLO11s,Japan__Japan_001559,D20,0.2556,0.248472,0.665,FP_duplicate
YOLO11s,Japan__Japan_001560,D20,0.6314,0.266802,0.7183,TP
YOLO11s,Japan__Japan_001570,D20,0.571,0.31258,0.7357,TP
YOLO11s,Japan__Japan_001570,D20,0.4846,0.0947,0.5883,TP
YOLO11s,Japan__Japan_001570,D20,0.2935,0.123077,0.422,FP_localization
YOLO11s,Japan__Japan_001570,D10,0.2506,0.019426,0.0395,FP_background
YOLO11s,Japan__Japan_001576,D20,0.6007,0.049497,0.7493,TP
YOLO11s,Japan__Japan_001576,D00,0.2484,0.018493,0.7504,TP
YOLO11s,Japan__Japan_001616,D20,0.66,0.229948,0.6927,TP
YOLO11s,Japan__Japan_001616,D10,0.3398,0.014583,0.7413,TP
YOLO11s,Japan__Japan_001627,D20,0.756,0.195844,0.7963,TP
YOLO11s,Japan__Japan_001640,D20,0.3159,0.237237,0.7108,TP
YOLO11s,Japan__Japan_001652,D10,0.5541,0.019675,0.8556,TP
YOLO11s,Japan__Japan_001656,D20,0.4019,0.345794,0.7354,TP
YOLO11s,Japan__Japan_001656,D20,0.3366,0.185952,0.567,FP_duplicate
YOLO11s,Japan__Japan_001664,D00,0.5246,0.025388,0.8485,TP
YOLO11s,Japan__Japan_001664,D00,0.2632,0.004249,0.8669,TP
YOLO11s,Japan__Japan_001666,D20,0.5415,0.276805,0.797,TP
YOLO11s,Japan__Japan_001669,D20,0.3282,0.024827,0.7876,TP
YOLO11s,Japan__Japan_001669,D20,0.2694,0.037443,0.7249,TP
YOLO11s,Japan__Japan_001677,D20,0.4391,0.108969,0.7835,TP
YOLO11s,Japan__Japan_001677,D20,0.3777,0.157595,0.5417,FP_duplicate
YOLO11s,Japan__Japan_001677,D20,0.238,0.064727,0.7074,FP_duplicate
YOLO11s,Japan__Japan_001680,D40,0.546,0.002998,0.8678,TP
YOLO11s,Japan__Japan_001683,D20,0.6622,0.123717,0.8195,TP
YOLO11s,Japan__Japan_001683,D20,0.2575,0.082451,0.7102,FP_duplicate
YOLO11s,Japan__Japan_001690,D10,0.4268,0.065865,0.6539,TP
YOLO11s,Japan__Japan_001690,D10,0.3082,0.005993,0.4948,FP_localization
YOLO11s,Japan__Japan_001690,D20,0.2931,0.019588,0.1448,FP_localization
YOLO11s,Japan__Japan_001690,D20,0.249,0.012851,0.1002,FP_localization
YOLO11s,Japan__Japan_001696,D20,0.4171,0.089013,0.665,TP
YOLO11s,Japan__Japan_001696,D10,0.4043,0.005049,0.5699,TP
YOLO11s,Japan__Japan_001696,D10,0.2801,0.019253,0.664,TP
YOLO11s,Japan__Japan_001708,D20,0.5005,0.087548,0.6712,TP
YOLO11s,Japan__Japan_001708,D20,0.3005,0.050545,0.4605,FP_localization
YOLO11s,Japan__Japan_001708,D20,0.2836,0.162616,0.5907,FP_duplicate
YOLO11s,Japan__Japan_001713,D00,0.5126,0.098724,0.6134,TP
YOLO11s,Japan__Japan_001718,D00,0.4481,0.008432,0.0,FP_background
YOLO11s,Japan__Japan_001724,D40,0.7776,0.002534,0.8694,TP
YOLO11s,Japan__Japan_001724,D40,0.689,0.007227,0.7564,TP
YOLO11s,Japan__Japan_001724,D40,0.6148,0.00355,0.9438,TP
YOLO11s,Japan__Japan_001733,D00,0.4459,0.018853,0.7756,TP
YOLO11s,Japan__Japan_001736,D10,0.4058,0.013884,0.0345,FP_background
YOLO11s,Japan__Japan_001736,D20,0.3395,0.480186,0.7597,TP
YOLO11s,Japan__Japan_001736,D20,0.3327,0.38264,0.6554,FP_duplicate
YOLO11s,Japan__Japan_001791,D40,0.5879,0.003139,0.3041,FP_localization
YOLO11s,Japan__Japan_001802,D20,0.8474,0.221056,0.7874,TP
YOLO11s,Japan__Japan_001804,D10,0.388,0.013413,0.8042,TP
YOLO11s,Japan__Japan_001809,D20,0.5078,0.157884,0.7222,TP
YOLO11s,Japan__Japan_001857,D00,0.6408,0.049648,0.9362,TP
YOLO11s,Japan__Japan_001857,D10,0.3729,0.01056,0.7899,TP
YOLO11s,Japan__Japan_001868,D20,0.6636,0.211515,0.973,TP
YOLO11s,Japan__Japan_001868,D20,0.6568,0.188018,0.7134,TP
YOLO11s,Japan__Japan_001879,D00,0.7022,0.028783,0.6962,TP
YOLO11s,Japan__Japan_001881,D10,0.2838,0.031209,0.8604,TP
YOLO11s,Japan__Japan_001881,D10,0.2372,0.0066,0.4288,FP_localization
YOLO11s,Japan__Japan_001889,D20,0.353,0.02404,0.8646,FP_classification
YOLO11s,Japan__Japan_001889,D20,0.3256,0.13308,0.121,FP_background
YOLO11s,Japan__Japan_001896,D20,0.6738,0.08591,0.6485,TP
YOLO11s,Japan__Japan_001897,D10,0.316,0.008105,0.7695,TP
YOLO11s,Japan__Japan_001897,D20,0.2652,0.056737,0.1036,FP_background
YOLO11s,Japan__Japan_001898,D10,0.4694,0.0037,0.7118,TP
YOLO11s,Japan__Japan_001898,D20,0.3305,0.128019,0.5653,TP
YOLO11s,Japan__Japan_001898,D40,0.2902,0.000814,0.5562,TP
YOLO11s,Japan__Japan_001898,D10,0.2583,0.005213,0.8808,TP
YOLO11s,Japan__Japan_001898,D10,0.2507,0.007759,0.7916,TP
YOLO11s,Japan__Japan_001916,D20,0.7358,0.401542,0.8285,TP
YOLO11s,Japan__Japan_001916,D40,0.651,0.010212,0.7282,TP
YOLO11s,Japan__Japan_001926,D10,0.32,0.015066,0.7631,TP
YOLO11s,Japan__Japan_001926,D10,0.3061,0.013984,0.5601,TP
YOLO11s,Japan__Japan_001926,D00,0.2555,0.020389,0.0504,FP_background
YOLO11s,Japan__Japan_001938,D20,0.5544,0.264543,0.6033,TP
YOLO11s,Japan__Japan_001938,D20,0.4608,0.538785,0.4687,FP_localization
YOLO11s,Japan__Japan_001938,D20,0.2922,0.191827,0.6828,TP
YOLO11s,Japan__Japan_001944,D00,0.4332,0.004877,0.792,TP
YOLO11s,Japan__Japan_001944,D20,0.2878,0.048653,0.2958,FP_localization
YOLO11s,Japan__Japan_001957,D00,0.6951,0.011055,0.7383,TP
YOLO11s,Japan__Japan_001969,D20,0.3016,0.121451,0.7566,TP
YOLO11s,Japan__Japan_001975,D00,0.266,0.017698,0.0,FP_background
YOLO11s,Japan__Japan_001977,D20,0.7325,0.385858,0.4167,FP_localization
YOLO11s,Japan__Japan_001977,D20,0.4851,0.196075,0.8175,TP
YOLO11s,Japan__Japan_001984,D40,0.4606,0.01505,0.8158,TP
YOLO11s,Japan__Japan_001989,D10,0.4223,0.007769,0.8654,TP
YOLO11s,Japan__Japan_001989,D20,0.3061,0.251791,0.3864,FP_background
YOLO11s,Japan__Japan_001989,D00,0.2471,0.00404,0.299,FP_localization
YOLO11s,Japan__Japan_001989,D00,0.2397,0.047595,0.4435,FP_localization
YOLO11s,Japan__Japan_002009,D20,0.5303,0.118637,0.6168,TP
YOLO11s,Japan__Japan_002009,D20,0.5028,0.098551,0.739,TP
YOLO11s,Japan__Japan_002009,D20,0.3044,0.218531,0.5347,FP_duplicate
YOLO11s,Japan__Japan_002009,D20,0.2668,0.024654,0.0,FP_background
YOLO11s,Japan__Japan_002042,D20,0.5073,0.092831,0.8479,TP
YOLO11s,Japan__Japan_002042,D20,0.2709,0.051559,0.4762,FP_localization
YOLO11s,Japan__Japan_002047,D20,0.7011,0.300705,0.6904,TP
YOLO11s,Japan__Japan_002055,D10,0.4523,0.020395,0.7171,TP
YOLO11s,Japan__Japan_002055,D10,0.4134,0.007515,0.142,FP_localization
YOLO11s,Japan__Japan_002055,D10,0.3088,0.00285,0.4971,FP_localization
YOLO11s,Japan__Japan_002055,D10,0.2933,0.008849,0.8156,TP
YOLO11s,Japan__Japan_002055,D10,0.2682,0.013337,0.2633,FP_localization
YOLO11s,Japan__Japan_002086,D00,0.736,0.138692,0.7913,TP
YOLO11s,Japan__Japan_002086,D00,0.3374,0.046764,0.1321,FP_localization
YOLO11s,Japan__Japan_002102,D20,0.5354,0.106314,0.8517,FP_classification
YOLO11s,Japan__Japan_002103,D00,0.4576,0.00299,0.7352,TP
YOLO11s,Japan__Japan_002115,D20,0.7476,0.123541,0.7361,TP
YOLO11s,Japan__Japan_002115,D20,0.5079,0.172927,0.5399,FP_duplicate
YOLO11s,Japan__Japan_002121,D40,0.6915,0.01254,0.6909,TP
YOLO11s,Japan__Japan_002121,D40,0.6556,0.029556,0.6238,TP
YOLO11s,Japan__Japan_002121,D40,0.3009,0.024582,0.7139,FP_duplicate
YOLO11s,Japan__Japan_002146,D20,0.751,0.578826,0.3116,FP_localization
YOLO11s,Japan__Japan_002146,D20,0.448,0.193911,0.8405,TP
YOLO11s,Japan__Japan_002146,D10,0.239,0.013653,0.0674,FP_background
YOLO11s,Japan__Japan_002168,D20,0.7268,0.075439,0.8998,TP
YOLO11s,Japan__Japan_002168,D20,0.386,0.133502,0.632,TP
YOLO11s,Japan__Japan_002168,D20,0.2572,0.024859,0.5808,TP
YOLO11s,Japan__Japan_002168,D20,0.2431,0.06126,0.29,FP_localization
YOLO11s,Japan__Japan_002182,D20,0.333,0.086515,0.7237,TP
YOLO11s,Japan__Japan_002182,D20,0.3172,0.022231,0.3551,FP_localization
YOLO11s,Japan__Japan_002188,D40,0.5028,0.037841,0.4779,FP_localization
YOLO11s,Japan__Japan_002188,D10,0.4118,0.006273,0.0,FP_background
YOLO11s,Japan__Japan_002188,D40,0.2538,0.050229,0.3396,FP_localization
YOLO11s,Japan__Japan_002188,D10,0.238,0.011659,0.0,FP_background
YOLO11s,Japan__Japan_002213,D20,0.4945,0.03202,0.867,TP
YOLO11s,Japan__Japan_002213,D10,0.3028,0.011604,0.1205,FP_background
YOLO11s,Japan__Japan_002213,D20,0.267,0.125388,0.7482,TP
YOLO11s,Japan__Japan_002213,D20,0.2578,0.024357,0.6288,FP_duplicate
YOLO11s,Japan__Japan_002237,D20,0.4464,0.300577,0.3401,FP_localization
YOLO11s,Japan__Japan_002237,D20,0.395,0.161281,0.6338,TP
YOLO11s,Japan__Japan_002239,D40,0.5968,0.006067,0.6994,TP
YOLO11s,Japan__Japan_002239,D40,0.5933,0.013127,0.5756,TP
YOLO11s,Japan__Japan_002239,D20,0.5859,0.148582,0.4361,FP_localization
YOLO11s,Japan__Japan_002239,D40,0.5815,0.005191,0.6529,TP
YOLO11s,Japan__Japan_002239,D20,0.5297,0.367099,0.8321,TP
YOLO11s,Japan__Japan_002239,D40,0.2529,0.004328,0.4147,FP_localization
YOLO11s,Japan__Japan_002250,D20,0.6251,0.135251,0.698,TP
YOLO11s,Japan__Japan_002257,D00,0.496,0.008703,0.8012,TP
YOLO11s,Japan__Japan_002257,D00,0.4445,0.028622,0.0,FP_background
YOLO11s,Japan__Japan_002273,D00,0.3956,0.033877,0.0,FP_background
YOLO11s,Japan__Japan_002276,D40,0.4089,0.002452,0.818,TP
YOLO11s,Japan__Japan_002276,D00,0.4076,0.002176,0.175,FP_localization
YOLO11s,Japan__Japan_002276,D00,0.2622,0.002805,0.1035,FP_localization
YOLO11s,Japan__Japan_002295,D20,0.7805,0.147475,0.7933,TP
YOLO11s,Japan__Japan_002295,D40,0.5085,0.002523,0.6316,TP
YOLO11s,Japan__Japan_002295,D40,0.5038,0.002126,0.2908,FP_localization
YOLO11s,Japan__Japan_002295,D40,0.2959,0.005158,0.7054,TP
YOLO11s,Japan__Japan_002295,D40,0.2939,0.004242,0.0259,FP_background
YOLO11s,Japan__Japan_002299,D40,0.2837,0.001774,0.0,FP_background
YOLO11s,Japan__Japan_002299,D20,0.2768,0.034885,0.3682,FP_background
YOLO11s,Japan__Japan_002299,D00,0.2436,0.00471,0.0,FP_background
YOLO11s,Japan__Japan_002317,D00,0.4299,0.006288,0.6304,TP
YOLO11s,Japan__Japan_002324,D20,0.2932,0.072604,0.3692,FP_background
YOLO11s,Japan__Japan_002339,D40,0.7477,0.00614,0.8161,TP
YOLO11s,Japan__Japan_002358,D20,0.8063,0.194972,0.839,TP
YOLO11s,Japan__Japan_002358,D40,0.2467,0.003088,0.0189,FP_background
YOLO11s,Japan__Japan_002365,D20,0.7704,0.366396,0.7397,TP
YOLO11s,Japan__Japan_002365,D40,0.4693,0.003265,0.6683,TP
YOLO11s,Japan__Japan_002380,D20,0.7165,0.195084,0.6785,TP
YOLO11s,Japan__Japan_002392,D20,0.323,0.214794,0.5918,TP
YOLO11s,Japan__Japan_002394,D20,0.7119,0.258426,0.6081,TP
YOLO11s,Japan__Japan_002394,D20,0.332,0.010932,0.4613,FP_background
YOLO11s,Japan__Japan_002395,D00,0.3599,0.004151,0.0,FP_background
YOLO11s,Japan__Japan_002408,D20,0.5662,0.120092,0.8473,TP
YOLO11s,Japan__Japan_002420,D40,0.2728,0.007367,0.0,FP_background
YOLO11s,Japan__Japan_002428,D10,0.4315,0.006719,0.7271,TP
YOLO11s,Japan__Japan_002428,D00,0.2919,0.011664,0.6838,TP
YOLO11s,Japan__Japan_002428,D00,0.2571,0.015561,0.5439,TP
YOLO11s,Japan__Japan_002446,D40,0.3285,0.003676,0.0,FP_background
YOLO11s,Japan__Japan_002506,D00,0.3284,0.023665,0.6188,FP_classification
YOLO11s,Japan__Japan_002511,D20,0.7168,0.201034,0.7472,TP
YOLO11s,Japan__Japan_002511,D00,0.3261,0.027237,0.0,FP_background
YOLO11s,Japan__Japan_002547,D20,0.7561,0.168455,0.7465,TP
YOLO11s,Japan__Japan_002547,D20,0.5801,0.09921,0.7508,TP
YOLO11s,Japan__Japan_002553,D20,0.2942,0.021295,0.5069,TP
YOLO11s,Japan__Japan_002558,D20,0.525,0.112795,0.5198,FP_classification
YOLO11s,Japan__Japan_002560,D00,0.4705,0.003331,0.7003,TP
YOLO11s,Japan__Japan_002569,D10,0.3735,0.038731,0.0,FP_background
YOLO11s,Japan__Japan_002585,D20,0.5961,0.0987,0.8072,TP
YOLO11s,Japan__Japan_002614,D40,0.4125,0.002367,0.0,FP_background
YOLO11s,Japan__Japan_002614,D40,0.3497,0.001142,0.6725,TP
YOLO11s,Japan__Japan_002614,D40,0.3484,0.004472,0.0,FP_background
YOLO11s,Japan__Japan_002614,D40,0.2887,0.001659,0.0,FP_background
YOLO11s,Japan__Japan_002614,D40,0.2806,0.006565,0.554,TP
YOLO11s,Japan__Japan_002634,D20,0.8716,0.352404,0.7775,TP
YOLO11s,Japan__Japan_002634,D40,0.7,0.003308,0.9115,TP
YOLO11s,Japan__Japan_002642,D20,0.5569,0.254649,0.7618,TP
YOLO11s,Japan__Japan_002661,D10,0.4022,0.081037,0.611,TP
YOLO11s,Japan__Japan_002661,D10,0.2608,0.047489,0.4461,FP_localization
YOLO11s,Japan__Japan_002666,D20,0.6208,0.375434,0.8347,TP
YOLO11s,Japan__Japan_002666,D20,0.6126,0.165169,0.4299,FP_localization
YOLO11s,Japan__Japan_002666,D20,0.5682,0.246661,0.5112,FP_duplicate
YOLO11s,Japan__Japan_002675,D20,0.4319,0.112084,0.5746,TP
YOLO11s,Japan__Japan_002689,D40,0.2424,0.012905,0.8227,TP
YOLO11s,Japan__Japan_002694,D00,0.4238,0.050088,0.7133,TP
YOLO11s,Japan__Japan_002720,D20,0.3979,0.106954,0.4364,FP_localization
YOLO11s,Japan__Japan_002723,D00,0.5182,0.128297,0.5861,TP
YOLO11s,Japan__Japan_002723,D00,0.327,0.005032,0.059,FP_background
YOLO11s,Japan__Japan_002724,D00,0.2996,0.00661,0.8632,TP
YOLO11s,Japan__Japan_002724,D00,0.2806,0.036545,0.6249,TP
YOLO11s,Japan__Japan_002724,D10,0.2718,0.019626,0.4608,FP_localization
YOLO11s,Japan__Japan_002724,D00,0.2409,0.005206,0.1967,FP_localization
YOLO11s,Japan__Japan_002726,D20,0.4072,0.042264,0.7246,TP
YOLO11s,Japan__Japan_002726,D20,0.2734,0.060517,0.6573,FP_duplicate
YOLO11s,Japan__Japan_002729,D20,0.5658,0.18036,0.7237,TP
YOLO11s,Japan__Japan_002732,D00,0.4661,0.05209,0.8711,TP
YOLO11s,Japan__Japan_002732,D20,0.3564,0.112468,0.4461,FP_background
YOLO11s,Japan__Japan_002732,D00,0.3208,0.032884,0.7619,TP
YOLO11s,Japan__Japan_002732,D00,0.2544,0.012347,0.5721,TP
YOLO11s,Japan__Japan_002743,D00,0.4715,0.038313,0.8085,TP
YOLO11s,Japan__Japan_002771,D20,0.6001,0.164898,0.4609,FP_localization
YOLO11s,Japan__Japan_002794,D20,0.7635,0.346342,0.7682,TP
YOLO11s,Japan__Japan_002806,D20,0.5845,0.059492,0.9112,TP
YOLO11s,Japan__Japan_002806,D20,0.5668,0.011866,0.6074,TP
YOLO11s,Japan__Japan_002807,D00,0.4817,0.004612,0.7943,TP
YOLO11s,Japan__Japan_002838,D20,0.437,0.311381,0.9197,TP
YOLO11s,Japan__Japan_002861,D00,0.2388,0.13644,0.1528,FP_localization
YOLO11s,Japan__Japan_002865,D20,0.7318,0.110857,0.5894,TP
YOLO11s,Japan__Japan_002874,D40,0.6588,0.005851,0.9181,TP
YOLO11s,Japan__Japan_002875,D00,0.409,0.039517,0.9032,TP
YOLO11s,Japan__Japan_002911,D10,0.4399,0.002492,0.5332,FP_classification
YOLO11s,Japan__Japan_002911,D10,0.3204,0.014583,0.0,FP_background
YOLO11s,Japan__Japan_002914,D20,0.7534,0.370737,0.9014,TP
YOLO11s,Japan__Japan_002943,D40,0.6299,0.002837,0.7746,TP
YOLO11s,Japan__Japan_002943,D20,0.579,0.347865,0.9537,TP
YOLO11s,Japan__Japan_002943,D20,0.401,0.157177,0.3938,FP_localization
YOLO11s,Japan__Japan_002943,D40,0.261,0.002609,0.5897,TP
YOLO11s,Japan__Japan_002976,D00,0.2425,0.014264,0.0,FP_background
YOLO11s,Japan__Japan_002997,D00,0.3758,0.015053,0.5196,TP
YOLO11s,Japan__Japan_002997,D00,0.256,0.033656,0.8265,FP_duplicate
YOLO11s,Japan__Japan_003000,D10,0.6425,0.01313,0.8776,TP
YOLO11s,Japan__Japan_003009,D00,0.4685,0.024151,0.8368,TP
YOLO11s,Japan__Japan_003009,D00,0.2659,0.045079,0.5234,FP_duplicate
YOLO11s,Japan__Japan_003009,D00,0.25,0.03147,0.735,FP_duplicate
YOLO11s,Japan__Japan_003016,D20,0.5943,0.191242,0.6902,TP
YOLO11s,Japan__Japan_003026,D00,0.5158,0.011969,0.6396,TP
YOLO11s,Japan__Japan_003030,D00,0.3528,0.040448,0.8023,TP
YOLO11s,Japan__Japan_003038,D40,0.5284,0.002786,0.5861,TP
YOLO11s,Japan__Japan_003038,D20,0.5013,0.295832,0.8375,TP
YOLO11s,Japan__Japan_003057,D10,0.5049,0.03702,0.456,FP_localization
YOLO11s,Japan__Japan_003057,D10,0.3943,0.014418,0.1826,FP_localization
YOLO11s,Japan__Japan_003057,D10,0.3584,0.0103,0.6567,TP
YOLO11s,Japan__Japan_003058,D00,0.506,0.04394,0.5849,TP
YOLO11s,Japan__Japan_003064,D10,0.3523,0.016679,0.7681,TP
YOLO11s,Japan__Japan_003064,D20,0.3437,0.018932,0.3813,FP_localization
YOLO11s,Japan__Japan_003076,D20,0.6879,0.567147,0.7481,TP
YOLO11s,Japan__Japan_003088,D40,0.3442,0.010138,0.7344,TP
YOLO11s,Japan__Japan_003088,D40,0.2659,0.05642,0.1981,FP_localization
YOLO11s,Japan__Japan_003088,D40,0.2618,0.023932,0.0,FP_background
YOLO11s,Japan__Japan_003095,D20,0.2843,0.191434,0.7969,TP
YOLO11s,Japan__Japan_003095,D20,0.2457,0.054269,0.3209,FP_localization
YOLO11s,Japan__Japan_003104,D00,0.6238,0.090822,0.8458,TP
YOLO11s,Japan__Japan_003111,D20,0.4555,0.349174,0.8347,TP
YOLO11s,Japan__Japan_003115,D40,0.4957,0.004348,0.8753,TP
YOLO11s,Japan__Japan_003124,D10,0.2666,0.014627,0.2431,FP_localization
YOLO11s,Japan__Japan_003125,D20,0.3721,0.005754,0.6286,TP
YOLO11s,Japan__Japan_003125,D10,0.2517,0.008118,0.554,TP
YOLO11s,Japan__Japan_003157,D20,0.5896,0.155867,0.8441,TP
YOLO11s,Japan__Japan_003157,D20,0.4765,0.288854,0.3823,FP_localization
YOLO11s,Japan__Japan_003157,D20,0.3904,0.095843,0.4769,FP_localization
YOLO11s,Japan__Japan_003163,D20,0.8419,0.2892,0.8825,TP
YOLO11s,Japan__Japan_003181,D20,0.2834,0.178185,0.7207,TP
YOLO11s,Japan__Japan_003241,D20,0.6673,0.135253,0.4005,FP_localization
YOLO11s,Japan__Japan_003241,D20,0.418,0.306066,0.9384,TP
YOLO11s,Japan__Japan_003241,D40,0.4136,0.007819,0.0263,FP_background
YOLO11s,Japan__Japan_003241,D20,0.2886,0.130305,0.3987,FP_localization
YOLO11s,Japan__Japan_003272,D20,0.499,0.239601,0.7108,TP
YOLO11s,Japan__Japan_003272,D20,0.2471,0.156364,0.4639,FP_localization
YOLO11s,Japan__Japan_003282,D20,0.7607,0.212442,0.8973,TP
YOLO11s,Japan__Japan_003285,D00,0.2856,0.012529,0.0,FP_background
YOLO11s,Japan__Japan_003304,D00,0.5568,0.016283,0.6418,TP
YOLO11s,Japan__Japan_003342,D40,0.2513,0.00723,0.8391,TP
YOLO11s,Japan__Japan_003357,D10,0.4408,0.016519,0.8049,TP
YOLO11s,Japan__Japan_003357,D10,0.3234,0.00995,0.0,FP_background
YOLO11s,Japan__Japan_003357,D10,0.242,0.015264,0.0,FP_background
YOLO11s,Japan__Japan_003381,D20,0.3899,0.55444,0.6727,TP
YOLO11s,Japan__Japan_003381,D00,0.3712,0.04256,0.1927,FP_background
YOLO11s,Japan__Japan_003381,D00,0.2953,0.026774,0.5611,TP
YOLO11s,Japan__Japan_003381,D20,0.2942,0.34475,0.8148,FP_duplicate
YOLO11s,Japan__Japan_003381,D10,0.2805,0.023673,0.0635,FP_background
YOLO11s,Japan__Japan_003381,D10,0.2542,0.017735,0.7744,TP
YOLO11s,Japan__Japan_003389,D40,0.6368,0.002496,0.3514,FP_localization
YOLO11s,Japan__Japan_003390,D20,0.564,0.083656,0.4882,FP_localization
YOLO11s,Japan__Japan_003390,D20,0.3647,0.123107,0.6166,TP
YOLO11s,Japan__Japan_003421,D20,0.5983,0.549626,0.8436,TP
YOLO11s,Japan__Japan_003461,D10,0.3213,0.02191,0.8092,TP
YOLO11s,Japan__Japan_003470,D20,0.5915,0.206933,0.7959,TP
YOLO11s,Japan__Japan_003470,D20,0.2756,0.152556,0.7304,FP_duplicate
YOLO11s,Japan__Japan_003486,D40,0.5048,0.005505,0.801,TP
YOLO11s,Japan__Japan_003486,D40,0.4066,0.001858,0.6963,TP
YOLO11s,Japan__Japan_003486,D40,0.3323,0.006901,0.4693,FP_localization
YOLO11s,Japan__Japan_003496,D00,0.3021,0.048568,0.6278,TP
YOLO11s,Japan__Japan_003496,D00,0.2388,0.005244,0.172,FP_localization
YOLO11s,Japan__Japan_003520,D40,0.4335,0.001878,0.9168,TP
YOLO11s,Japan__Japan_003520,D20,0.4271,0.085412,0.6453,TP
YOLO11s,Japan__Japan_003520,D20,0.2502,0.041978,0.3242,FP_localization
YOLO11s,Japan__Japan_003529,D20,0.7888,0.078107,0.916,TP
YOLO11s,Japan__Japan_003529,D20,0.6582,0.051257,0.8002,TP
YOLO11s,Japan__Japan_003529,D20,0.3648,0.05463,0.4345,FP_localization
YOLO11s,Japan__Japan_003529,D20,0.2607,0.019331,0.1541,FP_localization
YOLO11s,Japan__Japan_003589,D10,0.3229,0.008543,0.0,FP_background
YOLO11s,Japan__Japan_003599,D10,0.2709,0.004635,0.7577,TP
YOLO11s,Japan__Japan_003604,D20,0.7455,0.186548,0.9167,TP
YOLO11s,Japan__Japan_003604,D20,0.3824,0.227913,0.7315,TP
YOLO11s,Japan__Japan_003604,D20,0.3712,0.139705,0.4875,FP_localization
YOLO11s,Japan__Japan_003604,D20,0.2962,0.370134,0.6352,FP_duplicate
YOLO11s,Japan__Japan_003613,D20,0.8545,0.328729,0.9044,TP
YOLO11s,Japan__Japan_003613,D40,0.5358,0.001889,0.0063,FP_background
YOLO11s,Japan__Japan_003624,D20,0.7539,0.655103,0.6424,TP
YOLO11s,Japan__Japan_003624,D20,0.4883,0.599416,0.9056,FP_duplicate
YOLO11s,Japan__Japan_003638,D00,0.4999,0.015421,0.8614,TP
YOLO11s,Japan__Japan_003643,D20,0.7825,0.112593,0.7408,TP
YOLO11s,Japan__Japan_003670,D00,0.5244,0.032341,0.8487,TP
YOLO11s,Japan__Japan_003670,D40,0.4067,0.00946,0.772,TP
YOLO11s,Japan__Japan_003682,D40,0.5799,0.003972,0.7458,TP
YOLO11s,Japan__Japan_003682,D40,0.2538,0.006582,0.6487,FP_duplicate
YOLO11s,Japan__Japan_003689,D40,0.4598,0.00726,0.9093,TP
YOLO11s,Japan__Japan_003689,D10,0.2379,0.097492,0.0189,FP_background
YOLO11s,Japan__Japan_003690,D40,0.49,0.00456,0.7457,TP
YOLO11s,Japan__Japan_003690,D20,0.3787,0.225655,0.5086,TP
YOLO11s,Japan__Japan_003697,D00,0.7141,0.091309,0.637,TP
YOLO11s,Japan__Japan_003697,D20,0.4202,0.152218,0.451,FP_localization
YOLO11s,Japan__Japan_003701,D20,0.6758,0.023,0.7448,TP
YOLO11s,Japan__Japan_003741,D10,0.5299,0.009798,0.5946,TP
YOLO11s,Japan__Japan_003741,D00,0.3485,0.11073,0.5529,FP_classification
YOLO11s,Japan__Japan_003741,D10,0.2796,0.004097,0.7588,TP
YOLO11s,Japan__Japan_003741,D00,0.2461,0.045114,0.2913,FP_background
YOLO11s,Japan__Japan_003759,D20,0.548,0.038561,0.1887,FP_localization
YOLO11s,Japan__Japan_003759,D20,0.3678,0.056145,0.274,FP_localization
YOLO11s,Japan__Japan_003793,D20,0.7722,0.197044,0.7972,TP
YOLO11s,Japan__Japan_003798,D20,0.6829,0.226269,0.6163,TP
YOLO11s,Japan__Japan_003798,D10,0.2587,0.005797,0.0742,FP_background
YOLO11s,Japan__Japan_003801,D20,0.5089,0.085082,0.7533,TP
YOLO11s,Japan__Japan_003806,D20,0.551,0.032756,0.8381,TP
YOLO11s,Japan__Japan_003806,D20,0.3054,0.02626,0.5631,FP_duplicate
YOLO11s,Japan__Japan_003813,D20,0.8135,0.58076,0.8154,TP
YOLO11s,Japan__Japan_003822,D00,0.6231,0.094336,0.9272,TP
YOLO11s,Japan__Japan_003822,D00,0.3535,0.044241,0.5007,FP_duplicate
YOLO11s,Japan__Japan_003822,D00,0.3435,0.032405,0.3342,FP_localization
YOLO11s,Japan__Japan_003834,D10,0.4887,0.040512,0.7532,TP
YOLO11s,Japan__Japan_003850,D40,0.3057,0.027992,0.8063,TP
YOLO11s,Japan__Japan_003861,D20,0.7059,0.128604,0.3354,FP_localization
YOLO11s,Japan__Japan_003861,D20,0.6422,0.121286,0.3675,FP_localization
YOLO11s,Japan__Japan_003861,D10,0.467,0.005256,0.7191,TP
YOLO11s,Japan__Japan_003861,D20,0.4668,0.320858,0.8738,TP
YOLO11s,Japan__Japan_003867,D00,0.7348,0.120885,0.7166,TP
YOLO11s,Japan__Japan_003872,D10,0.2572,0.021049,0.8643,TP
YOLO11s,Japan__Japan_003878,D40,0.368,0.001062,0.607,TP
YOLO11s,Japan__Japan_003880,D20,0.7799,0.172045,0.8959,TP
YOLO11s,Japan__Japan_003888,D10,0.4157,0.034395,0.3093,FP_localization
YOLO11s,Japan__Japan_003888,D10,0.3689,0.008813,0.7479,TP
YOLO11s,Japan__Japan_003888,D10,0.2928,0.006706,0.8356,TP
YOLO11s,Japan__Japan_003888,D10,0.2829,0.075379,0.6302,TP
YOLO11s,Japan__Japan_003902,D00,0.2965,0.049481,0.0,FP_background
YOLO11s,Japan__Japan_003908,D20,0.7046,0.208264,0.721,TP
YOLO11s,Japan__Japan_003908,D20,0.272,0.109833,0.5163,TP
YOLO11s,Japan__Japan_003927,D20,0.6236,0.089738,0.4469,FP_localization
YOLO11s,Japan__Japan_003927,D20,0.2642,0.05848,0.3773,FP_localization
YOLO11s,Japan__Japan_003927,D10,0.2557,0.018338,0.4301,FP_localization
YOLO11s,Japan__Japan_003952,D10,0.2792,0.007858,0.5911,TP
YOLO11s,Japan__Japan_003962,D00,0.2691,0.023913,0.7904,FP_classification
YOLO11s,Japan__Japan_003972,D10,0.3289,0.020403,0.6626,TP
YOLO11s,Japan__Japan_003973,D20,0.4516,0.037336,0.5966,TP
YOLO11s,Japan__Japan_003978,D20,0.7274,0.186356,0.9244,TP
YOLO11s,Japan__Japan_003978,D40,0.2499,0.003394,0.5289,TP
YOLO11s,Japan__Japan_003998,D20,0.7174,0.097472,0.8632,TP
YOLO11s,Japan__Japan_004009,D00,0.61,0.177966,0.9103,TP
YOLO11s,Japan__Japan_004026,D40,0.4894,0.005617,0.816,TP
YOLO11s,Japan__Japan_004059,D10,0.3456,0.008901,0.2927,FP_background
YOLO11s,Japan__Japan_004067,D00,0.5456,0.039766,0.7987,TP
YOLO11s,Japan__Japan_004079,D20,0.5093,0.228402,0.8127,TP
YOLO11s,Japan__Japan_004079,D20,0.4799,0.07168,0.2928,FP_localization
YOLO11s,Japan__Japan_004079,D20,0.424,0.105812,0.4214,FP_localization
YOLO11s,Japan__Japan_004080,D20,0.4972,0.28975,0.6548,TP
YOLO11s,Japan__Japan_004096,D40,0.4712,0.005356,0.2611,FP_background
YOLO11s,Japan__Japan_004136,D40,0.7815,0.004143,0.8409,TP
YOLO11s,Japan__Japan_004136,D40,0.3657,0.002881,0.7638,TP
YOLO11s,Japan__Japan_004176,D10,0.2472,0.005813,0.0231,FP_background
YOLO11s,Japan__Japan_004182,D20,0.3173,0.070835,0.7616,TP
YOLO11s,Japan__Japan_004182,D20,0.3036,0.031254,0.742,TP
YOLO11s,Japan__Japan_004189,D40,0.394,0.002351,0.0,FP_background
YOLO11s,Japan__Japan_004190,D40,0.3223,0.001595,0.0,FP_background
YOLO11s,Japan__Japan_004190,D20,0.2627,0.263592,0.4847,FP_localization
YOLO11s,Japan__Japan_004190,D00,0.251,0.008734,0.0168,FP_background
YOLO11s,Japan__Japan_004197,D40,0.5921,0.02802,0.597,TP
YOLO11s,Japan__Japan_004197,D40,0.4521,0.015415,0.6178,FP_duplicate
YOLO11s,Japan__Japan_004218,D40,0.5202,0.003328,0.8225,TP
YOLO11s,Japan__Japan_004218,D20,0.2897,0.112392,0.9384,TP
YOLO11s,Japan__Japan_004218,D20,0.2755,0.162967,0.603,FP_duplicate
YOLO11s,Japan__Japan_004230,D20,0.7531,0.197664,0.8,TP
YOLO11s,Japan__Japan_004246,D00,0.6173,0.035008,0.7877,TP
YOLO11s,Japan__Japan_004246,D20,0.4213,0.006619,0.7667,TP
YOLO11s,Japan__Japan_004246,D00,0.2377,0.056578,0.7195,FP_duplicate
YOLO11s,Japan__Japan_004250,D20,0.5119,0.01627,0.0,FP_background
YOLO11s,Japan__Japan_004250,D00,0.4335,0.004727,0.0,FP_background
YOLO11s,Japan__Japan_004250,D00,0.3473,0.002115,0.0,FP_background
YOLO11s,Japan__Japan_004266,D20,0.6993,0.14317,0.8955,TP
YOLO11s,Japan__Japan_004266,D40,0.3621,0.005632,0.0355,FP_background
YOLO11s,Japan__Japan_004304,D20,0.6487,0.203212,0.8854,TP
YOLO11s,Japan__Japan_004304,D20,0.4641,0.347724,0.4785,FP_localization
YOLO11s,Japan__Japan_004316,D10,0.3002,0.009065,0.0,FP_background
YOLO11s,Japan__Japan_004327,D20,0.3653,0.019864,0.3485,FP_localization
YOLO11s,Japan__Japan_004327,D00,0.3223,0.091639,0.438,FP_localization
YOLO11s,Japan__Japan_004327,D00,0.2865,0.051748,0.7756,TP
YOLO11s,Japan__Japan_004346,D00,0.3541,0.003857,0.4429,FP_localization
YOLO11s,Japan__Japan_004347,D20,0.7898,0.21756,0.5829,TP
YOLO11s,Japan__Japan_004370,D00,0.3176,0.002524,0.0,FP_background
YOLO11s,Japan__Japan_004380,D10,0.4523,0.026587,0.7324,TP
YOLO11s,Japan__Japan_004381,D20,0.6385,0.405491,0.8331,TP
YOLO11s,Japan__Japan_004381,D20,0.2548,0.349586,0.7236,FP_duplicate
YOLO11s,Japan__Japan_004392,D20,0.2941,0.008814,0.6634,TP
YOLO11s,Japan__Japan_004392,D20,0.2457,0.171176,0.3173,FP_localization
YOLO11s,Japan__Japan_004394,D20,0.4725,0.099264,0.695,FP_classification
YOLO11s,Japan__Japan_004394,D20,0.2871,0.150115,0.4608,FP_background
YOLO11s,Japan__Japan_004405,D20,0.6782,0.061495,0.6517,TP
YOLO11s,Japan__Japan_004407,D00,0.3392,0.010206,0.2224,FP_background
YOLO11s,Japan__Japan_004434,D00,0.5632,0.053591,0.7703,TP
YOLO11s,Japan__Japan_004502,D00,0.3122,0.005153,0.1359,FP_background
YOLO11s,Japan__Japan_004504,D10,0.3427,0.003138,0.0,FP_background
YOLO11s,Japan__Japan_004516,D00,0.284,0.076896,0.2948,FP_background
YOLO11s,Japan__Japan_004524,D00,0.2396,0.007238,0.0,FP_background
YOLO11s,Japan__Japan_004531,D20,0.6198,0.096938,0.8072,TP
YOLO11s,Japan__Japan_004537,D20,0.7776,0.162644,0.6956,TP
YOLO11s,Japan__Japan_004544,D20,0.3217,0.047257,0.3322,FP_localization
YOLO11s,Japan__Japan_004547,D00,0.4245,0.018913,0.3489,FP_localization
YOLO11s,Japan__Japan_004547,D00,0.3452,0.014305,0.6426,TP
YOLO11s,Japan__Japan_004547,D00,0.3415,0.010288,0.8074,FP_duplicate
YOLO11s,Japan__Japan_004547,D00,0.3025,0.005313,0.1642,FP_localization
YOLO11s,Japan__Japan_004567,D40,0.3713,0.009576,0.7132,TP
YOLO11s,Japan__Japan_004567,D40,0.278,0.002789,0.1758,FP_localization
YOLO11s,Japan__Japan_004569,D20,0.5334,0.858501,0.7594,TP
YOLO11s,Japan__Japan_004573,D40,0.8011,0.003023,0.6949,TP
YOLO11s,Japan__Japan_004573,D20,0.7309,0.176197,0.7799,TP
YOLO11s,Japan__Japan_004573,D20,0.3778,0.429653,0.3905,FP_localization
YOLO11s,Japan__Japan_004578,D20,0.4716,0.479946,0.2827,FP_background
YOLO11s,Japan__Japan_004607,D10,0.2702,0.011582,0.7675,TP
YOLO11s,Japan__Japan_004613,D10,0.2503,0.006971,0.7677,TP
YOLO11s,Japan__Japan_004617,D10,0.4456,0.026157,0.6754,TP
YOLO11s,Japan__Japan_004617,D10,0.3352,0.063257,0.3477,FP_localization
YOLO11s,Japan__Japan_004617,D10,0.3316,0.033889,0.5963,TP
YOLO11s,Japan__Japan_004618,D00,0.7011,0.020552,0.7247,TP
YOLO11s,Japan__Japan_004618,D20,0.3354,0.017921,0.466,FP_localization
YOLO11s,Japan__Japan_004638,D10,0.3777,0.060418,0.0,FP_background
YOLO11s,Japan__Japan_004643,D10,0.4586,0.005422,0.4732,FP_localization
YOLO11s,Japan__Japan_004652,D10,0.4276,0.003739,0.7631,TP
YOLO11s,Japan__Japan_004652,D00,0.4147,0.018283,0.5956,TP
YOLO11s,Japan__Japan_004658,D20,0.7255,0.246767,0.7147,TP
YOLO11s,Japan__Japan_004665,D00,0.5616,0.00269,0.8312,TP
YOLO11s,Japan__Japan_004665,D00,0.3288,0.039688,0.6114,TP
YOLO11s,Japan__Japan_004665,D00,0.2694,0.047451,0.4567,FP_localization
YOLO11s,Japan__Japan_004665,D00,0.2446,0.002711,0.0492,FP_background
YOLO11s,Japan__Japan_004667,D20,0.6911,0.118604,0.9179,TP
YOLO11s,Japan__Japan_004667,D40,0.3381,0.001069,0.0083,FP_background
YOLO11s,Japan__Japan_004667,D20,0.3051,0.210304,0.5767,FP_duplicate
YOLO11s,Japan__Japan_004687,D20,0.4444,0.179089,0.8169,TP
YOLO11s,Japan__Japan_004687,D20,0.3693,0.074794,0.4152,FP_localization
YOLO11s,Japan__Japan_004687,D20,0.3023,0.12878,0.7162,FP_duplicate
YOLO11s,Japan__Japan_004691,D20,0.4621,0.163441,0.8373,TP
YOLO11s,Japan__Japan_004700,D20,0.5529,0.083051,0.6182,TP
YOLO11s,Japan__Japan_004700,D40,0.26,0.002328,0.0118,FP_background
YOLO11s,Japan__Japan_004720,D40,0.5415,0.001219,0.5894,TP
YOLO11s,Japan__Japan_004720,D20,0.4649,0.05083,0.7577,TP
YOLO11s,Japan__Japan_004720,D20,0.4066,0.108463,0.313,FP_localization
YOLO11s,Japan__Japan_004720,D10,0.3875,0.003011,0.7711,TP
YOLO11s,Japan__Japan_004720,D20,0.3836,0.071519,0.7764,TP
YOLO11s,Japan__Japan_004720,D20,0.3232,0.241137,0.1761,FP_localization
YOLO11s,Japan__Japan_004720,D20,0.3151,0.106562,0.3942,FP_localization
YOLO11s,Japan__Japan_004720,D20,0.2386,0.020851,0.7039,TP
YOLO11s,Japan__Japan_004726,D20,0.5537,0.365669,0.8344,TP
YOLO11s,Japan__Japan_004726,D20,0.2826,0.246546,0.5656,FP_duplicate
YOLO11s,Japan__Japan_004751,D20,0.2709,0.020456,0.4735,FP_localization
YOLO11s,Japan__Japan_004774,D20,0.2976,0.040015,0.5774,TP
YOLO11s,Japan__Japan_004800,D20,0.7056,0.738441,0.6603,TP
YOLO11s,Japan__Japan_004830,D00,0.3586,0.08155,0.9192,FP_classification
YOLO11s,Japan__Japan_004830,D00,0.3305,0.038919,0.4541,FP_background
YOLO11s,Japan__Japan_004835,D20,0.597,0.044044,0.7355,TP
YOLO11s,Japan__Japan_004835,D20,0.2462,0.023504,0.7486,TP
YOLO11s,Japan__Japan_004840,D20,0.7173,0.072851,0.882,TP
YOLO11s,Japan__Japan_004868,D20,0.721,0.023393,0.6242,TP
YOLO11s,Japan__Japan_004868,D20,0.586,0.015413,0.5066,FP_duplicate
YOLO11s,Japan__Japan_004868,D00,0.5709,0.01412,0.7272,TP
YOLO11s,Japan__Japan_004868,D20,0.2602,0.047244,0.6676,TP
YOLO11s,Japan__Japan_004872,D20,0.2478,0.064383,0.389,FP_localization
YOLO11s,Japan__Japan_004885,D20,0.6988,0.211063,0.7185,TP
YOLO11s,Japan__Japan_004885,D20,0.5645,0.142303,0.4877,FP_localization
YOLO11s,Japan__Japan_004900,D10,0.3788,0.012534,0.4581,FP_localization
YOLO11s,Japan__Japan_004900,D20,0.3075,0.039351,0.3443,FP_localization
YOLO11s,Japan__Japan_004909,D00,0.5023,0.002042,0.0,FP_background
YOLO11s,Japan__Japan_004920,D20,0.6833,0.77998,0.5842,TP
YOLO11s,Japan__Japan_004923,D10,0.4186,0.010512,0.669,TP
YOLO11s,Japan__Japan_004924,D20,0.6518,0.452846,0.7603,TP
YOLO11s,Japan__Japan_004933,D10,0.3509,0.010311,0.8341,TP
YOLO11s,Japan__Japan_004933,D10,0.3497,0.018809,0.8907,TP
YOLO11s,Japan__Japan_004933,D00,0.3301,0.030008,0.7284,TP
YOLO11s,Japan__Japan_004941,D20,0.8817,0.274875,0.7645,TP
YOLO11s,Japan__Japan_004988,D20,0.4322,0.031993,0.7471,FP_classification
YOLO11s,Japan__Japan_004988,D20,0.3677,0.06008,0.7315,FP_classification
YOLO11s,Japan__Japan_004988,D40,0.319,0.00137,0.0511,FP_background
YOLO11s,Japan__Japan_005007,D00,0.5535,0.010417,0.1469,FP_background
YOLO11s,Japan__Japan_005007,D00,0.3442,0.036655,0.3953,FP_background
YOLO11s,Japan__Japan_005007,D00,0.3423,0.042821,0.5926,FP_classification
YOLO11s,Japan__Japan_005008,D20,0.4619,0.0753,0.805,TP
YOLO11s,Japan__Japan_005026,D20,0.7325,0.186038,0.5115,TP
YOLO11s,Japan__Japan_005026,D20,0.6475,0.122872,0.3175,FP_localization
YOLO11s,Japan__Japan_005041,D00,0.5627,0.004472,0.7757,TP
YOLO11s,Japan__Japan_005049,D20,0.6516,0.222996,0.3801,FP_localization
YOLO11s,Japan__Japan_005049,D20,0.5616,0.096758,0.8662,TP
YOLO11s,Japan__Japan_005049,D20,0.3475,0.098714,0.4548,FP_localization
YOLO11s,Japan__Japan_005049,D20,0.2448,0.06705,0.4083,FP_localization
YOLO11s,Japan__Japan_005068,D40,0.444,0.008195,0.385,FP_background
YOLO11s,Japan__Japan_005068,D10,0.2705,0.015381,0.5119,TP
YOLO11s,Japan__Japan_005077,D20,0.5745,0.01954,0.5676,TP
YOLO11s,Japan__Japan_005084,D00,0.4247,0.007135,0.6024,TP
YOLO11s,Japan__Japan_005084,D00,0.2486,0.004086,0.4113,FP_localization
YOLO11s,Japan__Japan_005085,D00,0.3191,0.01956,0.5158,TP
YOLO11s,Japan__Japan_005089,D00,0.3469,0.013535,0.0418,FP_background
YOLO11s,Japan__Japan_005106,D20,0.4429,0.077001,0.5387,TP
YOLO11s,Japan__Japan_005106,D20,0.3502,0.053562,0.6431,FP_duplicate
YOLO11s,Japan__Japan_005106,D20,0.3297,0.143361,0.2938,FP_localization
YOLO11s,Japan__Japan_005106,D20,0.2903,0.032815,0.7416,TP
YOLO11s,Japan__Japan_005106,D20,0.2896,0.154022,0.2693,FP_localization
YOLO11s,Japan__Japan_005106,D10,0.288,0.010581,0.5647,TP
YOLO11s,Japan__Japan_005106,D20,0.2537,0.118717,0.3494,FP_localization
YOLO11s,Japan__Japan_005106,D40,0.2482,0.00178,0.7732,TP
YOLO11s,Japan__Japan_005114,D00,0.2918,0.01749,0.4982,FP_localization
YOLO11s,Japan__Japan_005119,D20,0.6302,0.157579,0.92,TP
YOLO11s,Japan__Japan_005144,D00,0.7225,0.059786,0.8775,TP
YOLO11s,Japan__Japan_005144,D20,0.3727,0.059234,0.8718,FP_classification
YOLO11s,Japan__Japan_005152,D20,0.388,0.016014,0.6264,TP
YOLO11s,Japan__Japan_005180,D10,0.2751,0.009675,0.8903,TP
YOLO11s,Japan__Japan_005190,D00,0.5731,0.006073,0.8773,TP
YOLO11s,Japan__Japan_005193,D20,0.4861,0.089755,0.4799,FP_localization
YOLO11s,Japan__Japan_005193,D40,0.2603,0.003058,0.1615,FP_localization
YOLO11s,Japan__Japan_005216,D00,0.4697,0.009947,0.8826,TP
YOLO11s,Japan__Japan_005216,D10,0.3884,0.067021,0.6018,TP
YOLO11s,Japan__Japan_005216,D10,0.2831,0.067829,0.2071,FP_localization
YOLO11s,Japan__Japan_005222,D20,0.2993,0.03337,0.7981,TP
YOLO11s,Japan__Japan_005238,D00,0.6159,0.072561,0.5853,TP
YOLO11s,Japan__Japan_005238,D00,0.3022,0.001589,0.6487,TP
YOLO11s,Japan__Japan_005262,D00,0.627,0.059164,0.8256,TP
YOLO11s,Japan__Japan_005262,D00,0.317,0.006202,0.8553,TP
YOLO11s,Japan__Japan_005290,D10,0.4833,0.033665,0.8361,TP
YOLO11s,Japan__Japan_005290,D00,0.3752,0.027645,0.6367,TP
YOLO11s,Japan__Japan_005293,D20,0.6806,0.287274,0.9345,TP
YOLO11s,Japan__Japan_005317,D20,0.589,0.292037,0.6599,TP
YOLO11s,Japan__Japan_005318,D00,0.7453,0.177916,0.9455,TP
YOLO11s,Japan__Japan_005318,D00,0.2989,0.035364,0.6518,FP_classification
YOLO11s,Japan__Japan_005318,D00,0.2379,0.026192,0.7298,TP
YOLO11s,Japan__Japan_005326,D20,0.48,0.105758,0.8915,TP
YOLO11s,Japan__Japan_005326,D10,0.3578,0.026177,0.8542,TP
YOLO11s,Japan__Japan_005326,D20,0.2967,0.153963,0.1894,FP_background
YOLO11s,Japan__Japan_005326,D00,0.2844,0.039488,0.6665,TP
YOLO11s,Japan__Japan_005328,D10,0.3858,0.021092,0.4201,FP_localization
YOLO11s,Japan__Japan_005338,D20,0.5559,0.063808,0.5183,TP
YOLO11s,Japan__Japan_005338,D40,0.5066,0.005159,0.6731,TP
YOLO11s,Japan__Japan_005338,D40,0.3695,0.002051,0.7857,TP
YOLO11s,Japan__Japan_005338,D20,0.3155,0.071904,0.4975,FP_localization
YOLO11s,Japan__Japan_005338,D40,0.3055,0.000694,0.8417,TP
YOLO11s,Japan__Japan_005338,D20,0.269,0.082134,0.515,TP
YOLO11s,Japan__Japan_005354,D00,0.314,0.014423,0.8343,TP
YOLO11s,Japan__Japan_005355,D20,0.6632,0.024441,0.549,TP
YOLO11s,Japan__Japan_005355,D10,0.3895,0.007083,0.634,TP
YOLO11s,Japan__Japan_005355,D00,0.3655,0.058482,0.6074,FP_classification
YOLO11s,Japan__Japan_005421,D00,0.3644,0.002049,0.7729,TP
YOLO11s,Japan__Japan_005422,D20,0.6209,0.196512,0.9439,TP
YOLO11s,Japan__Japan_005422,D20,0.614,0.215611,0.8665,TP
YOLO11s,Japan__Japan_005422,D00,0.3373,0.008623,0.0,FP_background
YOLO11s,Japan__Japan_005422,D20,0.2437,0.070029,0.3377,FP_localization
YOLO11s,Japan__Japan_005425,D00,0.5227,0.09542,0.7802,TP
YOLO11s,Japan__Japan_005425,D00,0.3906,0.011269,0.0773,FP_background
YOLO11s,Japan__Japan_005425,D10,0.3456,0.061805,0.5093,TP
YOLO11s,Japan__Japan_005425,D10,0.2542,0.011646,0.1471,FP_localization
YOLO11s,Japan__Japan_005438,D20,0.2965,0.012441,0.3919,FP_background
YOLO11s,Japan__Japan_005461,D00,0.4546,0.043817,0.864,TP
YOLO11s,Japan__Japan_005472,D10,0.4569,0.010089,0.6019,TP
YOLO11s,Japan__Japan_005472,D10,0.2414,0.007065,0.5658,TP
YOLO11s,Japan__Japan_005501,D20,0.2734,0.240224,0.7776,TP
YOLO11s,Japan__Japan_005501,D00,0.2719,0.033756,0.1195,FP_background
YOLO11s,Japan__Japan_005501,D10,0.2467,0.020046,0.0878,FP_background
YOLO11s,Japan__Japan_005513,D20,0.8569,0.254188,0.9452,TP
YOLO11s,Japan__Japan_005513,D40,0.6801,0.004948,0.7626,TP
YOLO11s,Japan__Japan_005519,D40,0.5692,0.008503,0.7997,TP
YOLO11s,Japan__Japan_005533,D10,0.5524,0.01443,0.8371,TP
YOLO11s,Japan__Japan_005533,D40,0.3487,0.002808,0.0,FP_background
YOLO11s,Japan__Japan_005533,D10,0.3002,0.019387,0.1235,FP_localization
YOLO11s,Japan__Japan_005537,D10,0.5843,0.020294,0.556,TP
YOLO11s,Japan__Japan_005537,D20,0.4831,0.081984,0.5967,TP
YOLO11s,Japan__Japan_005537,D20,0.3468,0.057239,0.7376,FP_duplicate
YOLO11s,Japan__Japan_005559,D40,0.7739,0.004354,0.6875,TP
YOLO11s,Japan__Japan_005559,D10,0.2636,0.009719,0.0,FP_background
YOLO11s,Japan__Japan_005567,D00,0.3514,0.008632,0.0,FP_background
YOLO11s,Japan__Japan_005570,D10,0.6267,0.01668,0.7865,TP
YOLO11s,Japan__Japan_005570,D10,0.361,0.004288,0.8523,TP
YOLO11s,Japan__Japan_005570,D10,0.3352,0.017143,0.5128,TP
YOLO11s,Japan__Japan_005570,D00,0.2718,0.001718,0.023,FP_background
YOLO11s,Japan__Japan_005582,D20,0.6995,0.083705,0.9245,TP
YOLO11s,Japan__Japan_005582,D10,0.5993,0.007417,0.5272,TP
YOLO11s,Japan__Japan_005582,D10,0.2395,0.005555,0.705,FP_duplicate
YOLO11s,Japan__Japan_005599,D40,0.8196,0.004141,0.7937,TP
YOLO11s,Japan__Japan_005622,D20,0.335,0.146077,0.5762,TP
YOLO11s,Japan__Japan_005635,D20,0.7761,0.404361,0.8018,TP
YOLO11s,Japan__Japan_005647,D20,0.5202,0.17199,0.4063,FP_localization
YOLO11s,Japan__Japan_005647,D20,0.2592,0.072901,0.806,TP
YOLO11s,Japan__Japan_005661,D10,0.3152,0.017735,0.0,FP_background
YOLO11s,Japan__Japan_005661,D20,0.2804,0.021448,0.7398,FP_classification
YOLO11s,Japan__Japan_005661,D10,0.2555,0.020082,0.0,FP_background
YOLO11s,Japan__Japan_005678,D20,0.5592,0.360733,0.5265,TP
YOLO11s,Japan__Japan_005678,D20,0.4586,0.467551,0.7393,FP_duplicate
YOLO11s,Japan__Japan_005678,D00,0.2413,0.008287,0.0016,FP_background
YOLO11s,Japan__Japan_005683,D40,0.3163,0.007132,0.8743,TP
YOLO11s,Japan__Japan_005683,D20,0.2904,0.040295,0.3917,FP_localization
YOLO11s,Japan__Japan_005693,D40,0.314,0.017229,0.4342,FP_localization
YOLO11s,Japan__Japan_005705,D20,0.4252,0.196893,0.8019,TP
YOLO11s,Japan__Japan_005713,D20,0.6627,0.424316,0.8717,TP
YOLO11s,Japan__Japan_005733,D20,0.5696,0.356292,0.959,TP
YOLO11s,Japan__Japan_005733,D20,0.3144,0.11326,0.7167,TP
YOLO11s,Japan__Japan_005741,D20,0.3324,0.017796,0.1764,FP_localization
YOLO11s,Japan__Japan_005741,D20,0.24,0.076573,0.6618,TP
YOLO11s,Japan__Japan_005743,D00,0.5665,0.042531,0.6214,TP
YOLO11s,Japan__Japan_005760,D00,0.3137,0.009883,0.5341,TP
YOLO11s,Japan__Japan_005760,D00,0.3044,0.006709,0.4414,FP_localization
YOLO11s,Japan__Japan_005780,D20,0.4527,0.436416,0.7625,TP
YOLO11s,Japan__Japan_005780,D20,0.3806,0.518613,0.929,FP_duplicate
YOLO11s,Japan__Japan_005783,D20,0.8151,0.214879,0.868,TP
YOLO11s,Japan__Japan_005783,D10,0.2693,0.004903,0.0231,FP_background
YOLO11s,Japan__Japan_005789,D10,0.4714,0.043509,0.3465,FP_localization
YOLO11s,Japan__Japan_005789,D10,0.3002,0.022101,0.6822,TP
YOLO11s,Japan__Japan_005789,D10,0.2476,0.02742,0.4966,FP_localization
YOLO11s,Japan__Japan_005800,D00,0.4557,0.06768,0.2668,FP_localization
YOLO11s,Japan__Japan_005803,D20,0.4844,0.278451,0.5989,TP
YOLO11s,Japan__Japan_005827,D20,0.8028,0.374887,0.8134,TP
YOLO11s,Japan__Japan_005827,D20,0.3866,0.459185,0.8199,FP_duplicate
YOLO11s,Japan__Japan_005836,D20,0.5315,0.021271,0.6624,TP
YOLO11s,Japan__Japan_005836,D10,0.3647,0.004271,0.0746,FP_background
YOLO11s,Japan__Japan_005836,D10,0.315,0.016936,0.6715,TP
YOLO11s,Japan__Japan_005842,D20,0.4773,0.153596,0.6665,FP_classification
YOLO11s,Japan__Japan_005842,D20,0.4449,0.126979,0.4574,FP_localization
YOLO11s,Japan__Japan_005842,D20,0.3527,0.179918,0.6031,TP
YOLO11s,Japan__Japan_005842,D20,0.307,0.32257,0.7894,FP_duplicate
YOLO11s,Japan__Japan_005842,D20,0.2897,0.049121,0.2566,FP_background
YOLO11s,Japan__Japan_005844,D20,0.4592,0.021907,0.8905,TP
YOLO11s,Japan__Japan_005844,D20,0.3397,0.033447,0.6245,FP_duplicate
YOLO11s,Japan__Japan_005854,D10,0.255,0.034724,0.4405,FP_localization
YOLO11s,Japan__Japan_005855,D20,0.4095,0.11534,0.8639,TP
YOLO11s,Japan__Japan_005875,D20,0.824,0.286025,0.773,TP
YOLO11s,Japan__Japan_005904,D20,0.3731,0.042006,0.8243,TP
YOLO11s,Japan__Japan_005917,D20,0.3867,0.068391,0.8839,TP
YOLO11s,Japan__Japan_005923,D10,0.2967,0.009063,0.0,FP_background
YOLO11s,Japan__Japan_005953,D10,0.3398,0.013935,0.8236,TP
YOLO11s,Japan__Japan_005956,D10,0.3486,0.01121,0.7475,TP
YOLO11s,Japan__Japan_005965,D20,0.6625,0.455576,0.6971,TP
YOLO11s,Japan__Japan_005965,D20,0.3815,0.159149,0.2454,FP_localization
YOLO11s,Japan__Japan_005966,D20,0.6868,0.208758,0.9246,TP
YOLO11s,Japan__Japan_005966,D40,0.528,0.002065,0.5276,TP
YOLO11s,Japan__Japan_005966,D20,0.3557,0.378802,0.4545,FP_localization
YOLO11s,Japan__Japan_005983,D20,0.7599,0.133671,0.9831,TP
YOLO11s,Japan__Japan_005983,D20,0.5302,0.19818,0.6673,FP_duplicate
YOLO11s,Japan__Japan_005986,D20,0.6807,0.122395,0.914,TP
YOLO11s,Japan__Japan_005986,D10,0.4116,0.006354,0.6354,TP
YOLO11s,Japan__Japan_005994,D20,0.7703,0.095362,0.4335,FP_localization
YOLO11s,Japan__Japan_005994,D20,0.6251,0.021102,0.1853,FP_localization
YOLO11s,Japan__Japan_005994,D20,0.6188,0.032456,0.1492,FP_localization
YOLO11s,Japan__Japan_005994,D20,0.577,0.075471,0.428,FP_localization
YOLO11s,Japan__Japan_005994,D20,0.3315,0.138667,0.6313,TP
YOLO11s,Japan__Japan_005994,D20,0.2547,0.013877,0.1219,FP_localization
YOLO11s,Japan__Japan_005995,D10,0.4306,0.01074,0.5931,TP
YOLO11s,Japan__Japan_006013,D20,0.8342,0.262366,0.6582,TP
YOLO11s,Japan__Japan_006027,D20,0.8308,0.210043,0.6043,TP
YOLO11s,Japan__Japan_006027,D10,0.5702,0.021057,0.534,TP
YOLO11s,Japan__Japan_006027,D10,0.2507,0.027231,0.5687,TP
YOLO11s,Japan__Japan_006038,D00,0.5526,0.003384,0.5574,TP
YOLO11s,Japan__Japan_006042,D00,0.5527,0.002659,0.471,FP_localization
YOLO11s,Japan__Japan_006057,D00,0.2377,0.024225,0.7501,FP_classification
YOLO11s,Japan__Japan_006062,D20,0.3983,0.034595,0.4401,FP_localization
YOLO11s,Japan__Japan_006062,D20,0.3081,0.071132,0.6834,TP
YOLO11s,Japan__Japan_006071,D20,0.2538,0.070787,0.558,TP
YOLO11s,Japan__Japan_006081,D00,0.6003,0.008008,0.8822,TP
YOLO11s,Japan__Japan_006105,D20,0.6071,0.032521,0.8041,TP
YOLO11s,Japan__Japan_006105,D10,0.3391,0.010101,0.7715,TP
YOLO11s,Japan__Japan_006105,D20,0.3251,0.0802,0.7632,TP
YOLO11s,Japan__Japan_006105,D10,0.3055,0.007602,0.8771,TP
YOLO11s,Japan__Japan_006115,D10,0.4812,0.021501,0.2087,FP_localization
YOLO11s,Japan__Japan_006115,D00,0.4467,0.04182,0.5605,TP
YOLO11s,Japan__Japan_006115,D10,0.4437,0.019054,0.2771,FP_localization
YOLO11s,Japan__Japan_006115,D00,0.2489,0.030136,0.7932,FP_duplicate
YOLO11s,Japan__Japan_006130,D20,0.4515,0.130755,0.9423,TP
YOLO11s,Japan__Japan_006131,D00,0.6394,0.014612,0.5369,TP
YOLO11s,Japan__Japan_006131,D00,0.2706,0.011295,0.7706,FP_duplicate
YOLO11s,Japan__Japan_006134,D20,0.448,0.114962,0.7305,TP
YOLO11s,Japan__Japan_006134,D20,0.3593,0.059424,0.4327,FP_localization
YOLO11s,Japan__Japan_006136,D20,0.2476,0.164778,0.5377,TP
YOLO11s,Japan__Japan_006145,D20,0.2653,0.151711,0.4413,FP_localization
YOLO11s,Japan__Japan_006154,D20,0.4383,0.108109,0.832,TP
YOLO11s,Japan__Japan_006164,D20,0.4898,0.078507,0.8109,TP
YOLO11s,Japan__Japan_006168,D00,0.3805,0.009345,0.0,FP_background
YOLO11s,Japan__Japan_006168,D10,0.2917,0.015633,0.6762,TP
YOLO11s,Japan__Japan_006170,D20,0.4431,0.281674,0.7416,TP
YOLO11s,Japan__Japan_006189,D20,0.2753,0.081443,0.4989,FP_localization
YOLO11s,Japan__Japan_006216,D20,0.8497,0.413898,0.7986,TP
YOLO11s,Japan__Japan_006216,D40,0.4562,0.000836,0.0025,FP_background
YOLO11s,Japan__Japan_006216,D40,0.3596,0.00419,0.7148,TP
YOLO11s,Japan__Japan_006216,D40,0.3377,0.000883,0.0027,FP_background
YOLO11s,Japan__Japan_006218,D40,0.3567,0.001384,0.0631,FP_background
YOLO11s,Japan__Japan_006218,D10,0.3184,0.004723,0.5946,TP
YOLO11s,Japan__Japan_006227,D20,0.6626,0.284164,0.7087,TP
YOLO11s,Japan__Japan_006227,D40,0.4292,0.001769,0.7882,TP
YOLO11s,Japan__Japan_006227,D20,0.4232,0.350244,0.8593,FP_duplicate
YOLO11s,Japan__Japan_006248,D10,0.4302,0.034041,0.8065,TP
YOLO11s,Japan__Japan_006248,D10,0.2509,0.011817,0.8174,TP
YOLO11s,Japan__Japan_006269,D20,0.6523,0.097736,0.7704,TP
YOLO11s,Japan__Japan_006269,D20,0.4442,0.079207,0.767,TP
YOLO11s,Japan__Japan_006304,D20,0.27,0.116041,0.0,FP_background
YOLO11s,Japan__Japan_006307,D20,0.446,0.087588,0.3743,FP_localization
YOLO11s,Japan__Japan_006307,D40,0.3863,0.002265,0.0078,FP_background
YOLO11s,Japan__Japan_006307,D20,0.3021,0.272683,0.7897,TP
YOLO11s,Japan__Japan_006344,D10,0.4457,0.014126,0.7446,TP
YOLO11s,Japan__Japan_006354,D40,0.5597,0.010657,0.8111,TP
YOLO11s,Japan__Japan_006354,D40,0.5153,0.00725,0.6204,FP_duplicate
YOLO11s,Japan__Japan_006387,D20,0.4203,0.066876,0.558,TP
YOLO11s,Japan__Japan_006424,D10,0.3068,0.012001,0.2853,FP_background
YOLO11s,Japan__Japan_006424,D20,0.2697,0.133178,0.1062,FP_background
YOLO11s,Japan__Japan_006424,D20,0.2469,0.011063,0.4341,FP_background
YOLO11s,Japan__Japan_006428,D20,0.4991,0.159607,0.9077,TP
YOLO11s,Japan__Japan_006448,D00,0.2411,0.007359,0.0,FP_background
YOLO11s,Japan__Japan_006452,D20,0.6206,0.07695,0.7218,TP
YOLO11s,Japan__Japan_006454,D10,0.3814,0.008521,0.5589,TP
YOLO11s,Japan__Japan_006454,D20,0.2444,0.126738,0.1856,FP_background
YOLO11s,Japan__Japan_006466,D20,0.5577,0.075303,0.7275,TP
YOLO11s,Japan__Japan_006466,D10,0.2694,0.004336,0.0,FP_background
YOLO11s,Japan__Japan_006471,D20,0.5612,0.282307,0.821,TP
YOLO11s,Japan__Japan_006471,D20,0.3916,0.098848,0.3346,FP_localization
YOLO11s,Japan__Japan_006471,D20,0.2654,0.137445,0.4021,FP_localization
YOLO11s,Japan__Japan_006484,D20,0.6554,0.109925,0.866,TP
YOLO11s,Japan__Japan_006484,D00,0.3879,0.002872,0.4223,FP_localization
YOLO11s,Japan__Japan_006517,D20,0.4104,0.092077,0.641,TP
YOLO11s,Japan__Japan_006517,D10,0.2676,0.006365,0.6308,TP
YOLO11s,Japan__Japan_006528,D20,0.6105,0.094103,0.7355,TP
YOLO11s,Japan__Japan_006528,D10,0.2788,0.01111,0.8257,TP
YOLO11s,Japan__Japan_006528,D20,0.2448,0.140549,0.5139,FP_duplicate
YOLO11s,Japan__Japan_006528,D10,0.2434,0.003688,0.0,FP_background
YOLO11s,Japan__Japan_006529,D20,0.4872,0.041715,0.835,TP
YOLO11s,Japan__Japan_006529,D20,0.331,0.031183,0.6236,FP_duplicate
YOLO11s,Japan__Japan_006529,D20,0.2504,0.023631,0.1321,FP_localization
YOLO11s,Japan__Japan_006566,D00,0.7035,0.013989,0.6314,TP
YOLO11s,Japan__Japan_006566,D00,0.304,0.154037,0.0362,FP_background
YOLO11s,Japan__Japan_006566,D00,0.269,0.004544,0.6124,TP
YOLO11s,Japan__Japan_006566,D10,0.2428,0.02066,0.4391,FP_localization
YOLO11s,Japan__Japan_006566,D00,0.2376,0.010174,0.9202,FP_duplicate
YOLO11s,Japan__Japan_006574,D10,0.2896,0.00271,0.0,FP_background
YOLO11s,Japan__Japan_006587,D20,0.5802,0.113283,0.6851,TP
YOLO11s,Japan__Japan_006587,D20,0.31,0.107405,0.7054,TP
YOLO11s,Japan__Japan_006587,D20,0.304,0.156813,0.9046,FP_duplicate
YOLO11s,Japan__Japan_006587,D20,0.2502,0.350259,0.405,FP_localization
YOLO11s,Japan__Japan_006632,D20,0.7114,0.327322,0.6804,TP
YOLO11s,Japan__Japan_006632,D40,0.5013,0.003578,0.4716,FP_localization
YOLO11s,Japan__Japan_006650,D00,0.668,0.01445,0.8304,TP
YOLO11s,Japan__Japan_006654,D00,0.5639,0.051432,0.5476,TP
YOLO11s,Japan__Japan_006654,D00,0.4594,0.030502,0.5473,FP_duplicate
YOLO11s,Japan__Japan_006674,D20,0.5587,0.071107,0.7247,TP
YOLO11s,Japan__Japan_006676,D20,0.6473,0.260537,0.7641,TP
YOLO11s,Japan__Japan_006676,D20,0.2487,0.141069,0.4518,FP_localization
YOLO11s,Japan__Japan_006679,D00,0.3172,0.014647,0.0852,FP_background
YOLO11s,Japan__Japan_006685,D00,0.3997,0.009345,0.7655,TP
YOLO11s,Japan__Japan_006685,D10,0.3204,0.023183,0.5089,TP
YOLO11s,Japan__Japan_006732,D10,0.6588,0.011657,0.8329,TP
YOLO11s,Japan__Japan_006732,D10,0.5784,0.016867,0.5764,FP_duplicate
YOLO11s,Japan__Japan_006732,D20,0.5607,0.049459,0.8308,TP
YOLO11s,Japan__Japan_006732,D10,0.5099,0.006804,0.4315,FP_localization
YOLO11s,Japan__Japan_006732,D10,0.4336,0.004693,0.5386,TP
YOLO11s,Japan__Japan_006732,D10,0.3773,0.004454,0.0211,FP_background
YOLO11s,Japan__Japan_006732,D10,0.3407,0.003519,0.8545,TP
YOLO11s,Japan__Japan_006737,D40,0.5271,0.012384,0.4962,FP_localization
YOLO11s,Japan__Japan_006737,D40,0.4776,0.061623,0.405,FP_localization
YOLO11s,Japan__Japan_006737,D40,0.2519,0.016776,0.5862,TP
YOLO11s,Japan__Japan_006740,D10,0.472,0.003867,0.7512,TP
YOLO11s,Japan__Japan_006740,D10,0.2763,0.004264,0.6106,TP
YOLO11s,Japan__Japan_006744,D00,0.6724,0.005343,0.9006,TP
YOLO11s,Japan__Japan_006748,D00,0.3653,0.027183,0.832,TP
YOLO11s,Japan__Japan_006760,D00,0.5992,0.007505,0.614,TP
YOLO11s,Japan__Japan_006760,D10,0.5847,0.091265,0.7719,TP
YOLO11s,Japan__Japan_006760,D00,0.2652,0.010969,0.7696,TP
YOLO11s,Japan__Japan_006808,D00,0.4028,0.014614,0.7307,TP
YOLO11s,Japan__Japan_006808,D00,0.3563,0.006682,0.0,FP_background
YOLO11s,Japan__Japan_006825,D20,0.2687,0.158029,0.8437,TP
YOLO11s,Japan__Japan_006838,D00,0.2501,0.00565,0.0,FP_background
YOLO11s,Japan__Japan_006847,D00,0.5529,0.047604,0.6677,TP
YOLO11s,Japan__Japan_006847,D00,0.2888,0.002681,0.0083,FP_background
YOLO11s,Japan__Japan_006865,D10,0.4387,0.008408,0.7536,TP
YOLO11s,Japan__Japan_006956,D10,0.4933,0.026616,0.7122,TP
YOLO11s,Japan__Japan_006961,D20,0.7543,0.258776,0.848,TP
YOLO11s,Japan__Japan_006961,D20,0.6833,0.338065,0.8149,TP
YOLO11s,Japan__Japan_006965,D00,0.7587,0.037082,0.8255,TP
YOLO11s,Japan__Japan_006965,D10,0.2872,0.006544,0.0,FP_background
YOLO11s,Japan__Japan_006965,D00,0.2473,0.062408,0.5143,FP_duplicate
YOLO11s,Japan__Japan_007003,D40,0.7421,0.002932,0.7694,TP
YOLO11s,Japan__Japan_007003,D20,0.6518,0.137831,0.5267,TP
YOLO11s,Japan__Japan_007003,D20,0.6396,0.090813,0.6944,TP
YOLO11s,Japan__Japan_007017,D10,0.3979,0.020806,0.9003,TP
YOLO11s,Japan__Japan_007018,D20,0.7156,0.838348,0.6745,TP
YOLO11s,Japan__Japan_007029,D00,0.3984,0.017959,0.8126,TP
YOLO11s,Japan__Japan_007053,D10,0.4927,0.003209,0.0,FP_background
YOLO11s,Japan__Japan_007053,D20,0.3976,0.134553,0.8802,TP
YOLO11s,Japan__Japan_007053,D10,0.2956,0.005546,0.0086,FP_background
YOLO11s,Japan__Japan_007062,D40,0.4875,0.002677,0.7518,TP
YOLO11s,Japan__Japan_007062,D40,0.2913,0.016703,0.0,FP_background
YOLO11s,Japan__Japan_007062,D40,0.277,0.001514,0.2777,FP_localization
YOLO11s,Japan__Japan_007082,D10,0.2501,0.010887,0.2164,FP_background
YOLO11s,Japan__Japan_007082,D00,0.2409,0.003394,0.0,FP_background
YOLO11s,Japan__Japan_007092,D10,0.2479,0.069049,0.1458,FP_localization
YOLO11s,Japan__Japan_007092,D10,0.247,0.026073,0.0368,FP_background
YOLO11s,Japan__Japan_007093,D20,0.3593,0.475041,0.5044,TP
YOLO11s,Japan__Japan_007106,D00,0.5795,0.13629,0.7522,TP
YOLO11s,Japan__Japan_007106,D00,0.4002,0.039313,0.7254,TP
YOLO11s,Japan__Japan_007118,D00,0.3567,0.002057,0.8247,TP
YOLO11s,Japan__Japan_007128,D20,0.5494,0.188183,0.8553,TP
YOLO11s,Japan__Japan_007149,D20,0.4367,0.113762,0.6823,TP
YOLO11s,Japan__Japan_007154,D00,0.5439,0.008309,0.745,TP
YOLO11s,Japan__Japan_007155,D40,0.3993,0.014688,0.0,FP_background
YOLO11s,Japan__Japan_007155,D40,0.2448,0.012455,0.0,FP_background
YOLO11s,Japan__Japan_007161,D10,0.3456,0.019419,0.6097,TP
YOLO11s,Japan__Japan_007161,D10,0.292,0.006433,0.0,FP_background
YOLO11s,Japan__Japan_007161,D10,0.2543,0.01166,0.0,FP_background
YOLO11s,Japan__Japan_007228,D20,0.5238,0.204431,0.6275,TP
YOLO11s,Japan__Japan_007259,D20,0.5934,0.040794,0.7155,TP
YOLO11s,Japan__Japan_007259,D20,0.5044,0.127887,0.5993,TP
YOLO11s,Japan__Japan_007259,D20,0.4316,0.193613,0.8447,FP_duplicate
YOLO11s,Japan__Japan_007266,D00,0.4776,0.013503,0.1738,FP_background
YOLO11s,Japan__Japan_007280,D10,0.6043,0.015525,0.8774,TP
YOLO11s,Japan__Japan_007280,D10,0.4613,0.013781,0.734,TP
YOLO11s,Japan__Japan_007280,D40,0.3707,0.001815,0.5918,TP
YOLO11s,Japan__Japan_007287,D20,0.6731,0.135353,0.9386,TP
YOLO11s,Japan__Japan_007293,D20,0.5599,0.262546,0.7815,TP
YOLO11s,Japan__Japan_007311,D20,0.4214,0.099907,0.8696,TP
YOLO11s,Japan__Japan_007334,D00,0.5424,0.069396,0.8049,TP
YOLO11s,Japan__Japan_007343,D20,0.6257,0.107489,0.6635,TP
YOLO11s,Japan__Japan_007344,D20,0.2579,0.046479,0.2091,FP_localization
YOLO11s,Japan__Japan_007347,D20,0.3025,0.025957,0.8762,TP
YOLO11s,Japan__Japan_007359,D20,0.4152,0.033702,0.6221,TP
YOLO11s,Japan__Japan_007359,D20,0.3928,0.112377,0.2524,FP_localization
YOLO11s,Japan__Japan_007360,D20,0.3015,0.241973,0.5096,TP
YOLO11s,Japan__Japan_007360,D10,0.2575,0.00757,0.6175,TP
YOLO11s,Japan__Japan_007360,D10,0.2527,0.004845,0.676,TP
YOLO11s,Japan__Japan_007362,D20,0.8743,0.347132,0.88,TP
YOLO11s,Japan__Japan_007393,D20,0.4597,0.265843,0.8186,TP
YOLO11s,Japan__Japan_007393,D20,0.3037,0.141231,0.4572,FP_localization
YOLO11s,Japan__Japan_007409,D40,0.5348,0.00309,0.4612,FP_localization
YOLO11s,Japan__Japan_007409,D20,0.49,0.28311,0.462,FP_localization
YOLO11s,Japan__Japan_007409,D20,0.4183,0.235212,0.736,TP
YOLO11s,Japan__Japan_007410,D20,0.7125,0.55342,0.777,TP
YOLO11s,Japan__Japan_007415,D20,0.5654,0.326608,0.9467,TP
YOLO11s,Japan__Japan_007433,D20,0.6144,0.139211,0.819,TP
YOLO11s,Japan__Japan_007434,D20,0.485,0.0637,0.7933,TP
YOLO11s,Japan__Japan_007434,D20,0.2523,0.116606,0.6609,FP_duplicate
YOLO11s,Japan__Japan_007437,D20,0.2472,0.052254,0.4949,FP_background
YOLO11s,Japan__Japan_007450,D20,0.8119,0.262445,0.7091,TP
YOLO11s,Japan__Japan_007454,D20,0.7864,0.187477,0.9745,TP
YOLO11s,Japan__Japan_007464,D00,0.4193,0.015121,0.6511,TP
YOLO11s,Japan__Japan_007464,D20,0.2918,0.163202,0.3543,FP_localization
YOLO11s,Japan__Japan_007464,D20,0.2789,0.132381,0.6094,TP
YOLO11s,Japan__Japan_007477,D20,0.3866,0.020909,0.3295,FP_background
YOLO11s,Japan__Japan_007477,D00,0.3258,0.026251,0.7971,TP
YOLO11s,Japan__Japan_007485,D40,0.508,0.003086,0.0,FP_background
YOLO11s,Japan__Japan_007485,D20,0.3775,0.010017,0.78,TP
YOLO11s,Japan__Japan_007495,D10,0.336,0.020401,0.7197,TP
YOLO11s,Japan__Japan_007500,D20,0.7004,0.706313,0.5821,TP
YOLO11s,Japan__Japan_007502,D10,0.4328,0.011963,0.8812,TP
YOLO11s,Japan__Japan_007502,D10,0.2816,0.006355,0.6169,TP
YOLO11s,Japan__Japan_007502,D20,0.2387,0.064946,0.3588,FP_localization
YOLO11s,Japan__Japan_007503,D40,0.4843,0.003894,0.7209,TP
YOLO11s,Japan__Japan_007503,D20,0.3887,0.095211,0.8294,TP
YOLO11s,Japan__Japan_007527,D10,0.3789,0.007459,0.6246,FP_classification
YOLO11s,Japan__Japan_007527,D10,0.3564,0.005148,0.8268,TP
YOLO11s,Japan__Japan_007537,D20,0.6563,0.145062,0.8202,TP
YOLO11s,Japan__Japan_007537,D20,0.4755,0.336543,0.4319,FP_localization
YOLO11s,Japan__Japan_007537,D20,0.2524,0.078911,0.3951,FP_localization
YOLO11s,Japan__Japan_007539,D20,0.3707,0.1536,0.5312,TP
YOLO11s,Japan__Japan_007550,D40,0.4261,0.001325,0.7438,TP
YOLO11s,Japan__Japan_007550,D40,0.245,0.00093,0.8017,TP
YOLO11s,Japan__Japan_007567,D20,0.726,0.397994,0.8543,TP
YOLO11s,Japan__Japan_007575,D10,0.3131,0.011189,0.7665,TP
YOLO11s,Japan__Japan_007575,D10,0.2438,0.022397,0.419,FP_localization
YOLO11s,Japan__Japan_007579,D40,0.5927,0.005435,0.7642,TP
YOLO11s,Japan__Japan_007579,D20,0.5279,0.032048,0.0,FP_background
YOLO11s,Japan__Japan_007595,D20,0.3752,0.138753,0.4451,FP_localization
YOLO11s,Japan__Japan_007595,D20,0.2508,0.11186,0.5555,TP
YOLO11s,Japan__Japan_007615,D00,0.4112,0.003415,0.0,FP_background
YOLO11s,Japan__Japan_007618,D00,0.7219,0.089091,0.7712,TP
YOLO11s,Japan__Japan_007618,D10,0.4921,0.006745,0.8525,TP
YOLO11s,Japan__Japan_007625,D20,0.5102,0.028833,0.8954,TP
YOLO11s,Japan__Japan_007625,D00,0.3399,0.022978,0.7723,FP_classification
YOLO11s,Japan__Japan_007633,D40,0.4338,0.0035,0.7197,TP
YOLO11s,Japan__Japan_007633,D40,0.3125,0.005616,0.5149,FP_duplicate
YOLO11s,Japan__Japan_007643,D00,0.3508,0.016976,0.5228,TP
YOLO11s,Japan__Japan_007649,D10,0.4337,0.005035,0.7072,TP
YOLO11s,Japan__Japan_007649,D20,0.3546,0.041863,0.7745,TP
YOLO11s,Japan__Japan_007655,D20,0.3018,0.261797,0.7032,TP
YOLO11s,Japan__Japan_007672,D20,0.2608,0.050474,0.3901,FP_localization
YOLO11s,Japan__Japan_007673,D00,0.3219,0.004086,0.6672,TP
YOLO11s,Japan__Japan_007698,D00,0.4169,0.024365,0.6001,TP
YOLO11s,Japan__Japan_007722,D00,0.5303,0.006741,0.7174,TP
YOLO11s,Japan__Japan_007722,D00,0.3797,0.009161,0.5575,TP
YOLO11s,Japan__Japan_007722,D10,0.3568,0.003977,0.7385,FP_classification
YOLO11s,Japan__Japan_007728,D20,0.7461,0.10197,0.8153,TP
YOLO11s,Japan__Japan_007728,D20,0.6059,0.382256,0.4779,FP_localization
YOLO11s,Japan__Japan_007728,D20,0.4142,0.153581,0.6803,TP
YOLO11s,Japan__Japan_007733,D00,0.2941,0.022394,0.5114,TP
YOLO11s,Japan__Japan_007746,D10,0.2443,0.0039,0.0,FP_background
YOLO11s,Japan__Japan_007755,D20,0.2515,0.037451,0.6609,TP
YOLO11s,Japan__Japan_007755,D20,0.241,0.006959,0.0,FP_background
YOLO11s,Japan__Japan_007756,D20,0.5759,0.083935,0.7282,TP
YOLO11s,Japan__Japan_007756,D10,0.3489,0.005504,0.6194,TP
YOLO11s,Japan__Japan_007756,D10,0.3487,0.00489,0.6585,TP
YOLO11s,Japan__Japan_007768,D10,0.2489,0.148897,0.3578,FP_localization
YOLO11s,Japan__Japan_007775,D00,0.5411,0.030569,0.7007,TP
YOLO11s,Japan__Japan_007775,D20,0.4361,0.021841,0.8364,TP
YOLO11s,Japan__Japan_007775,D20,0.2879,0.031279,0.792,FP_duplicate
YOLO11s,Japan__Japan_007780,D20,0.5713,0.103011,0.3117,FP_localization
YOLO11s,Japan__Japan_007780,D20,0.4748,0.215599,0.7579,TP
YOLO11s,Japan__Japan_007784,D20,0.4117,0.02589,0.8207,FP_classification
YOLO11s,Japan__Japan_007784,D00,0.2981,0.025883,0.8305,TP
YOLO11s,Japan__Japan_007814,D00,0.4692,0.005372,0.0216,FP_background
YOLO11s,Japan__Japan_007823,D00,0.5106,0.052686,0.8781,TP
YOLO11s,Japan__Japan_007823,D10,0.3694,0.007204,0.718,TP
YOLO11s,Japan__Japan_007823,D00,0.3352,0.001144,0.6919,TP
YOLO11s,Japan__Japan_007823,D00,0.2535,0.007438,0.7169,TP
YOLO11s,Japan__Japan_007834,D20,0.5328,0.444335,0.7133,TP
YOLO11s,Japan__Japan_007834,D20,0.4053,0.25281,0.3187,FP_localization
YOLO11s,Japan__Japan_007841,D40,0.345,0.003856,0.8014,TP
YOLO11s,Japan__Japan_007841,D40,0.2862,0.006435,0.4918,FP_localization
YOLO11s,Japan__Japan_007841,D40,0.2493,0.009442,0.449,FP_localization
YOLO11s,Japan__Japan_007849,D20,0.2721,0.045204,0.7928,TP
YOLO11s,Japan__Japan_007852,D00,0.2905,0.018837,0.138,FP_background
YOLO11s,Japan__Japan_007852,D00,0.2429,0.005093,0.4065,FP_background
YOLO11s,Japan__Japan_007858,D10,0.4492,0.007391,0.2106,FP_background
YOLO11s,Japan__Japan_007867,D00,0.2549,0.002619,0.0,FP_background
YOLO11s,Japan__Japan_007900,D40,0.4774,0.004804,0.8385,TP
YOLO11s,Japan__Japan_007900,D20,0.4668,0.08401,0.7943,TP
YOLO11s,Japan__Japan_007900,D10,0.2594,0.007528,0.0,FP_background
YOLO11s,Japan__Japan_007916,D20,0.5978,0.110198,0.6268,TP
YOLO11s,Japan__Japan_007916,D20,0.4482,0.016543,0.8731,TP
YOLO11s,Japan__Japan_007916,D10,0.3498,0.027461,0.5447,TP
YOLO11s,Japan__Japan_007933,D10,0.3651,0.01143,0.8972,TP
YOLO11s,Japan__Japan_007954,D20,0.4431,0.274819,0.5053,TP
YOLO11s,Japan__Japan_007964,D10,0.5093,0.008079,0.8448,TP
YOLO11s,Japan__Japan_007964,D10,0.249,0.007502,0.5501,TP
YOLO11s,Japan__Japan_007965,D20,0.4611,0.197179,0.8071,TP
YOLO11s,Japan__Japan_007995,D20,0.2663,0.02907,0.7961,TP
YOLO11s,Japan__Japan_008008,D20,0.3089,0.103131,0.5382,TP
YOLO11s,Japan__Japan_008012,D20,0.4579,0.096773,0.8131,FP_classification
YOLO11s,Japan__Japan_008022,D10,0.4493,0.015155,0.8034,TP
YOLO11s,Japan__Japan_008023,D00,0.4418,0.032069,0.8515,TP
YOLO11s,Japan__Japan_008076,D00,0.5316,0.005637,0.0,FP_background
YOLO11s,Japan__Japan_008097,D20,0.4872,0.132355,0.4032,FP_localization
YOLO11s,Japan__Japan_008130,D20,0.4345,0.319193,0.8151,TP
YOLO11s,Japan__Japan_008130,D20,0.4119,0.218728,0.6958,FP_duplicate
YOLO11s,Japan__Japan_008130,D20,0.4088,0.031348,0.0788,FP_background
YOLO11s,Japan__Japan_008156,D40,0.8159,0.004962,0.8279,TP
YOLO11s,Japan__Japan_008156,D20,0.3272,0.075226,0.8506,TP
YOLO11s,Japan__Japan_008156,D20,0.257,0.036257,0.4351,FP_localization
YOLO11s,Japan__Japan_008168,D40,0.4049,0.001377,0.5646,TP
YOLO11s,Japan__Japan_008184,D20,0.8123,0.198107,0.5267,TP
YOLO11s,Japan__Japan_008184,D20,0.4774,0.392924,0.817,FP_duplicate
YOLO11s,Japan__Japan_008184,D20,0.4583,0.085736,0.2671,FP_localization
YOLO11s,Japan__Japan_008184,D20,0.2835,0.051501,0.1604,FP_localization
YOLO11s,Japan__Japan_008190,D20,0.4694,0.042165,0.9695,TP
YOLO11s,Japan__Japan_008190,D20,0.3085,0.040401,0.8707,TP
YOLO11s,Japan__Japan_008195,D10,0.3669,0.020334,0.0,FP_background
YOLO11s,Japan__Japan_008195,D10,0.2797,0.006141,0.0,FP_background
YOLO11s,Japan__Japan_008196,D40,0.2412,0.006513,0.8239,TP
YOLO11s,Japan__Japan_008211,D20,0.455,0.036247,0.5523,TP
YOLO11s,Japan__Japan_008218,D20,0.6473,0.329176,0.7421,TP
YOLO11s,Japan__Japan_008218,D20,0.5991,0.426843,0.7622,FP_duplicate
YOLO11s,Japan__Japan_008218,D20,0.3035,0.100192,0.2151,FP_localization
YOLO11s,Japan__Japan_008230,D10,0.4997,0.008668,0.7227,TP
YOLO11s,Japan__Japan_008230,D10,0.3205,0.019755,0.432,FP_localization
YOLO11s,Japan__Japan_008233,D00,0.2491,0.012125,0.7389,TP
YOLO11s,Japan__Japan_008247,D20,0.6195,0.288693,0.8252,TP
YOLO11s,Japan__Japan_008247,D20,0.3285,0.07351,0.2623,FP_localization
YOLO11s,Japan__Japan_008248,D10,0.2626,0.055607,0.0,FP_background
YOLO11s,Japan__Japan_008256,D00,0.5834,0.00592,0.0,FP_background
YOLO11s,Japan__Japan_008272,D20,0.5224,0.29399,0.7371,TP
YOLO11s,Japan__Japan_008277,D10,0.3453,0.002808,0.0,FP_background
YOLO11s,Japan__Japan_008279,D20,0.6345,0.382427,0.5341,TP
YOLO11s,Japan__Japan_008279,D20,0.4147,0.634028,0.8727,FP_duplicate
YOLO11s,Japan__Japan_008279,D20,0.2777,0.040586,0.0513,FP_background
YOLO11s,Japan__Japan_008284,D00,0.2516,0.018674,0.0,FP_background
YOLO11s,Japan__Japan_008300,D10,0.4072,0.008632,0.683,FP_classification
YOLO11s,Japan__Japan_008307,D20,0.5006,0.097556,0.7261,TP
YOLO11s,Japan__Japan_008307,D00,0.4619,0.004096,0.0509,FP_background
YOLO11s,Japan__Japan_008324,D20,0.6101,0.267541,0.6638,TP
YOLO11s,Japan__Japan_008345,D10,0.3338,0.006529,0.7688,TP
YOLO11s,Japan__Japan_008356,D20,0.3723,0.005983,0.6871,TP
YOLO11s,Japan__Japan_008356,D00,0.2634,0.04949,0.1066,FP_background
YOLO11s,Japan__Japan_008359,D00,0.6942,0.143422,0.4381,FP_localization
YOLO11s,Japan__Japan_008359,D00,0.3908,0.107578,0.584,TP
YOLO11s,Japan__Japan_008375,D20,0.3823,0.096573,0.2887,FP_localization
YOLO11s,Japan__Japan_008375,D10,0.3217,0.004046,0.7209,TP
YOLO11s,Japan__Japan_008388,D00,0.6965,0.040698,0.8239,TP
YOLO11s,Japan__Japan_008388,D00,0.3368,0.009118,0.5776,TP
YOLO11s,Japan__Japan_008388,D20,0.2541,0.060067,0.6056,FP_classification
YOLO11s,Japan__Japan_008388,D00,0.2372,0.015174,0.3471,FP_localization
YOLO11s,Japan__Japan_008394,D20,0.7494,0.236394,0.8849,TP
YOLO11s,Japan__Japan_008394,D20,0.6797,0.075688,0.7387,TP
YOLO11s,Japan__Japan_008394,D20,0.6115,0.35659,0.5635,FP_duplicate
YOLO11s,Japan__Japan_008402,D10,0.274,0.010548,0.3191,FP_localization
YOLO11s,Japan__Japan_008410,D40,0.505,0.004302,0.6909,TP
YOLO11s,Japan__Japan_008410,D40,0.2964,0.006048,0.1876,FP_localization
YOLO11s,Japan__Japan_008511,D00,0.3347,0.006258,0.0,FP_background
YOLO11s,Japan__Japan_008511,D00,0.2587,0.03181,0.2247,FP_localization
YOLO11s,Japan__Japan_008516,D20,0.4435,0.081431,0.6142,TP
YOLO11s,Japan__Japan_008516,D10,0.4302,0.003909,0.4689,FP_localization
YOLO11s,Japan__Japan_008516,D20,0.3185,0.042789,0.5995,FP_duplicate
YOLO11s,Japan__Japan_008523,D00,0.3148,0.025815,0.7017,TP
YOLO11s,Japan__Japan_008523,D00,0.2774,0.017694,0.5738,FP_duplicate
YOLO11s,Japan__Japan_008523,D10,0.2649,0.006081,0.0,FP_background
YOLO11s,Japan__Japan_008529,D20,0.5473,0.165039,0.7825,TP
YOLO11s,Japan__Japan_008539,D20,0.7151,0.349878,0.8376,TP
YOLO11s,Japan__Japan_008547,D20,0.8532,0.370779,0.7971,TP
YOLO11s,Japan__Japan_008547,D20,0.5412,0.164018,0.7288,TP
YOLO11s,Japan__Japan_008584,D20,0.5165,0.601445,0.7952,TP
YOLO11s,Japan__Japan_008584,D00,0.5101,0.029105,0.8372,TP
YOLO11s,Japan__Japan_008584,D20,0.2716,0.379641,0.5774,FP_duplicate
YOLO11s,Japan__Japan_008606,D00,0.4397,0.007822,0.8432,TP
YOLO11s,Japan__Japan_008615,D00,0.3109,0.017486,0.0,FP_background
YOLO11s,Japan__Japan_008629,D00,0.5079,0.014997,0.7114,TP
YOLO11s,Japan__Japan_008629,D00,0.3223,0.021645,0.6829,TP
YOLO11s,Japan__Japan_008629,D00,0.263,0.024146,0.7878,FP_duplicate
YOLO11s,Japan__Japan_008634,D20,0.6877,0.139464,0.8149,TP
YOLO11s,Japan__Japan_008634,D00,0.3163,0.004554,0.0,FP_background
YOLO11s,Japan__Japan_008688,D20,0.4694,0.196835,0.5686,TP
YOLO11s,Japan__Japan_008708,D20,0.8001,0.276221,0.8903,TP
YOLO11s,Japan__Japan_008726,D00,0.4801,0.016325,0.8488,TP
YOLO11s,Japan__Japan_008726,D10,0.3948,0.025388,0.3592,FP_localization
YOLO11s,Japan__Japan_008735,D10,0.5388,0.006493,0.8301,TP
YOLO11s,Japan__Japan_008735,D20,0.453,0.155518,0.6708,TP
YOLO11s,Japan__Japan_008739,D20,0.5202,0.263051,0.891,TP
YOLO11s,Japan__Japan_008739,D20,0.3141,0.094956,0.4045,FP_localization
YOLO11s,Japan__Japan_008756,D20,0.6914,0.131276,0.7559,TP
YOLO11s,Japan__Japan_008759,D20,0.2861,0.138945,0.3594,FP_localization
YOLO11s,Japan__Japan_008770,D10,0.3129,0.004278,0.0,FP_background
YOLO11s,Japan__Japan_008770,D20,0.3027,0.052641,0.8472,FP_classification
YOLO11s,Japan__Japan_008770,D00,0.2592,0.061992,0.7394,TP
YOLO11s,Japan__Japan_008780,D20,0.7172,0.287884,0.7446,TP
YOLO11s,Japan__Japan_008794,D20,0.8445,0.390718,0.9545,TP
YOLO11s,Japan__Japan_008807,D10,0.3195,0.005469,0.7392,TP
YOLO11s,Japan__Japan_008815,D00,0.3617,0.009925,0.7709,TP
YOLO11s,Japan__Japan_008837,D00,0.544,0.006919,0.8126,TP
YOLO11s,Japan__Japan_008837,D10,0.26,0.007286,0.0372,FP_background
YOLO11s,Japan__Japan_008846,D00,0.7547,0.043617,0.406,FP_localization
YOLO11s,Japan__Japan_008846,D00,0.4337,0.006528,0.6369,TP
YOLO11s,Japan__Japan_008846,D00,0.3675,0.072088,0.5735,TP
YOLO11s,Japan__Japan_008848,D20,0.4645,0.257724,0.3561,FP_localization
YOLO11s,Japan__Japan_008848,D20,0.4164,0.240328,0.327,FP_localization
YOLO11s,Japan__Japan_008848,D20,0.4095,0.390187,0.4935,FP_localization
YOLO11s,Japan__Japan_008848,D20,0.257,0.57012,0.7568,TP
YOLO11s,Japan__Japan_008854,D10,0.4957,0.00438,0.711,TP
YOLO11s,Japan__Japan_008854,D00,0.3997,0.036965,0.6906,TP
YOLO11s,Japan__Japan_008855,D20,0.7439,0.380518,0.8488,TP
YOLO11s,Japan__Japan_008865,D10,0.2397,0.009526,0.0,FP_background
YOLO11s,Japan__Japan_008872,D20,0.4129,0.176589,0.658,TP
YOLO11s,Japan__Japan_008872,D20,0.3422,0.077217,0.3955,FP_localization
YOLO11s,Japan__Japan_008873,D00,0.3072,0.209173,0.0,FP_background
YOLO11s,Japan__Japan_008878,D20,0.6488,0.153616,0.3979,FP_localization
YOLO11s,Japan__Japan_008878,D40,0.3835,0.003014,0.0078,FP_background
YOLO11s,Japan__Japan_008878,D20,0.2844,0.095818,0.2473,FP_localization
YOLO11s,Japan__Japan_008880,D00,0.5426,0.027921,0.7762,TP
YOLO11s,Japan__Japan_008898,D20,0.7571,0.218712,0.8187,TP
YOLO11s,Japan__Japan_008898,D20,0.6421,0.23173,0.7496,TP
YOLO11s,Japan__Japan_008898,D20,0.3471,0.600429,0.4006,FP_localization
YOLO11s,Japan__Japan_008900,D20,0.757,0.273548,0.9826,TP
YOLO11s,Japan__Japan_008900,D40,0.3802,0.002909,0.4066,FP_localization
YOLO11s,Japan__Japan_008900,D20,0.2676,0.035829,0.2109,FP_localization
YOLO11s,Japan__Japan_008927,D00,0.6975,0.067861,0.7571,TP
YOLO11s,Japan__Japan_008927,D00,0.2397,0.022202,0.0,FP_background
YOLO11s,Japan__Japan_008939,D00,0.2678,0.087959,0.6717,TP
YOLO11s,Japan__Japan_008947,D10,0.4129,0.022315,0.0,FP_background
YOLO11s,Japan__Japan_008949,D00,0.506,0.021311,0.0,FP_background
YOLO11s,Japan__Japan_008962,D20,0.2906,0.111481,0.7501,TP
YOLO11s,Japan__Japan_008962,D20,0.2822,0.079529,0.5496,FP_duplicate
YOLO11s,Japan__Japan_008968,D00,0.6875,0.010471,0.8772,TP
YOLO11s,Japan__Japan_008968,D20,0.4728,0.088784,0.4036,FP_localization
YOLO11s,Japan__Japan_008968,D00,0.4529,0.034526,0.7315,TP
YOLO11s,Japan__Japan_008968,D20,0.4284,0.046619,0.7686,TP
YOLO11s,Japan__Japan_008970,D20,0.583,0.182831,0.6116,TP
YOLO11s,Japan__Japan_008970,D20,0.5164,0.099526,0.5218,TP
YOLO11s,Japan__Japan_008976,D00,0.3712,0.020575,0.483,FP_localization
YOLO11s,Japan__Japan_008991,D00,0.4046,0.001946,0.2696,FP_localization
YOLO11s,Japan__Japan_008991,D00,0.3465,0.002157,0.5603,TP
YOLO11s,Japan__Japan_009001,D20,0.3914,0.251874,0.352,FP_localization
YOLO11s,Japan__Japan_009021,D20,0.8339,0.203159,0.8189,TP
YOLO11s,Japan__Japan_009026,D20,0.5951,0.121055,0.5289,FP_classification
YOLO11s,Japan__Japan_009026,D10,0.2764,0.024153,0.5201,TP
YOLO11s,Japan__Japan_009041,D20,0.5045,0.176624,0.9107,TP
YOLO11s,Japan__Japan_009044,D10,0.4163,0.005135,0.7591,TP
YOLO11s,Japan__Japan_009044,D20,0.3701,0.059488,0.0,FP_background
YOLO11s,Japan__Japan_009049,D40,0.3238,0.006517,0.3516,FP_localization
YOLO11s,Japan__Japan_009049,D20,0.2486,0.082655,0.0277,FP_background
YOLO11s,Japan__Japan_009053,D20,0.6911,0.186662,0.514,TP
YOLO11s,Japan__Japan_009053,D10,0.4508,0.006318,0.6221,TP
YOLO11s,Japan__Japan_009067,D00,0.4644,0.008594,0.6613,TP
YOLO11s,Japan__Japan_009085,D40,0.5988,0.004548,0.8214,TP
YOLO11s,Japan__Japan_009085,D20,0.5724,0.040563,0.4166,FP_localization
YOLO11s,Japan__Japan_009088,D20,0.7671,0.194726,0.6749,TP
YOLO11s,Japan__Japan_009122,D20,0.3635,0.077889,0.8022,TP
YOLO11s,Japan__Japan_009144,D00,0.7895,0.005381,0.7714,TP
YOLO11s,Japan__Japan_009147,D40,0.3444,0.001743,0.5839,TP
YOLO11s,Japan__Japan_009147,D20,0.2723,0.094783,0.0591,FP_background
YOLO11s,Japan__Japan_009153,D20,0.6517,0.075633,0.8822,TP
YOLO11s,Japan__Japan_009174,D40,0.4243,0.001452,0.6925,TP
YOLO11s,Japan__Japan_009174,D10,0.3183,0.011304,0.6748,TP
YOLO11s,Japan__Japan_009184,D20,0.7641,0.311031,0.9006,TP
YOLO11s,Japan__Japan_009220,D20,0.6957,0.08275,0.5933,TP
YOLO11s,Japan__Japan_009220,D20,0.5275,0.032436,0.7572,TP
YOLO11s,Japan__Japan_009223,D20,0.375,0.066735,0.6997,TP
YOLO11s,Japan__Japan_009223,D20,0.2415,0.10523,0.4764,FP_localization
YOLO11s,Japan__Japan_009299,D20,0.4624,0.075413,0.5309,TP
YOLO11s,Japan__Japan_009299,D20,0.3001,0.069306,0.4872,FP_localization
YOLO11s,Japan__Japan_009340,D10,0.4554,0.004236,0.7974,TP
YOLO11s,Japan__Japan_009340,D20,0.3304,0.067559,0.5609,TP
YOLO11s,Japan__Japan_009340,D10,0.2382,0.012089,0.1386,FP_background
YOLO11s,Japan__Japan_009343,D20,0.6941,0.155806,0.8963,TP
YOLO11s,Japan__Japan_009343,D20,0.4744,0.228438,0.613,FP_duplicate
YOLO11s,Japan__Japan_009350,D20,0.7916,0.246164,0.8558,TP
YOLO11s,Japan__Japan_009350,D20,0.603,0.138744,0.8363,TP
YOLO11s,Japan__Japan_009353,D10,0.4173,0.010676,0.0038,FP_background
YOLO11s,Japan__Japan_009353,D20,0.2519,0.013982,0.1284,FP_localization
YOLO11s,Japan__Japan_009353,D20,0.245,0.035464,0.3257,FP_localization
YOLO11s,Japan__Japan_009355,D20,0.2939,0.102236,0.5965,TP
YOLO11s,Japan__Japan_009378,D10,0.4568,0.013576,0.7924,TP
YOLO11s,Japan__Japan_009378,D10,0.2847,0.019253,0.287,FP_localization
YOLO11s,Japan__Japan_009379,D20,0.3342,0.067193,0.3424,FP_localization
YOLO11s,Japan__Japan_009379,D40,0.2766,0.008966,0.0565,FP_background
YOLO11s,Japan__Japan_009379,D20,0.2376,0.187517,0.8463,TP
YOLO11s,Japan__Japan_009383,D00,0.6181,0.011869,0.4788,FP_localization
YOLO11s,Japan__Japan_009383,D00,0.4527,0.09677,0.6965,TP
YOLO11s,Japan__Japan_009383,D00,0.3898,0.013003,0.6714,TP
YOLO11s,Japan__Japan_009404,D00,0.6756,0.022597,0.8407,TP
YOLO11s,Japan__Japan_009415,D20,0.5503,0.133858,0.5228,TP
YOLO11s,Japan__Japan_009415,D40,0.338,0.00258,0.4598,FP_background
YOLO11s,Japan__Japan_009450,D00,0.5247,0.076928,0.7332,TP
YOLO11s,Japan__Japan_009459,D00,0.6046,0.091481,0.0,FP_background
YOLO11s,Japan__Japan_009463,D40,0.3482,0.001589,0.0,FP_background
YOLO11s,Japan__Japan_009463,D20,0.2837,0.279678,0.6009,TP
YOLO11s,Japan__Japan_009463,D20,0.2752,0.169676,0.6702,FP_duplicate
YOLO11s,Japan__Japan_009464,D20,0.7671,0.374308,0.8205,TP
YOLO11s,Japan__Japan_009523,D20,0.6495,0.068672,0.8894,TP
YOLO11s,Japan__Japan_009524,D00,0.3312,0.00754,0.6507,TP
YOLO11s,Japan__Japan_009524,D20,0.3179,0.035664,0.6157,TP
YOLO11s,Japan__Japan_009524,D00,0.2767,0.010825,0.1333,FP_localization
YOLO11s,Japan__Japan_009524,D00,0.2576,0.002034,0.0273,FP_background
YOLO11s,Japan__Japan_009524,D10,0.2415,0.003437,0.0689,FP_background
YOLO11s,Japan__Japan_009547,D20,0.7997,0.368294,0.7771,TP
YOLO11s,Japan__Japan_009586,D20,0.7637,0.338893,0.8954,TP
YOLO11s,Japan__Japan_009614,D20,0.2867,0.264131,0.7205,TP
YOLO11s,Japan__Japan_009630,D40,0.7405,0.003196,0.7672,TP
YOLO11s,Japan__Japan_009630,D20,0.697,0.226898,0.4899,FP_localization
YOLO11s,Japan__Japan_009630,D20,0.4005,0.4532,0.945,TP
YOLO11s,Japan__Japan_009641,D20,0.552,0.126728,0.551,TP
YOLO11s,Japan__Japan_009641,D20,0.4583,0.07425,0.9306,FP_duplicate
YOLO11s,Japan__Japan_009652,D00,0.711,0.03323,0.6593,TP
YOLO11s,Japan__Japan_009656,D20,0.752,0.199291,0.7387,TP
YOLO11s,Japan__Japan_009656,D20,0.6699,0.190269,0.8721,TP
YOLO11s,Japan__Japan_009656,D20,0.4166,0.438906,0.3781,FP_localization
YOLO11s,Japan__Japan_009672,D40,0.595,0.022309,0.8165,TP
YOLO11s,Japan__Japan_009672,D40,0.4211,0.002274,0.5816,TP
YOLO11s,Japan__Japan_009672,D10,0.2712,0.020851,0.7899,TP
YOLO11s,Japan__Japan_009677,D10,0.3608,0.004471,0.0113,FP_background
YOLO11s,Japan__Japan_009677,D20,0.3218,0.01346,0.2307,FP_localization
YOLO11s,Japan__Japan_009678,D20,0.4428,0.072988,0.7685,TP
YOLO11s,Japan__Japan_009681,D40,0.4991,0.006307,0.5717,TP
YOLO11s,Japan__Japan_009684,D40,0.6243,0.00219,0.6299,TP
YOLO11s,Japan__Japan_009684,D20,0.2912,0.183096,0.382,FP_localization
YOLO11s,Japan__Japan_009698,D20,0.3783,0.066147,0.867,TP
YOLO11s,Japan__Japan_009698,D40,0.3303,0.001846,0.5492,TP
YOLO11s,Japan__Japan_009698,D20,0.2958,0.265872,0.2852,FP_localization
YOLO11s,Japan__Japan_009698,D20,0.2403,0.045651,0.4545,FP_localization
YOLO11s,Japan__Japan_009707,D20,0.6159,0.117004,0.4953,FP_localization
YOLO11s,Japan__Japan_009707,D20,0.4295,0.042167,0.6869,FP_classification
YOLO11s,Japan__Japan_009717,D20,0.6894,0.354833,0.9013,TP
YOLO11s,Japan__Japan_009743,D20,0.3719,0.072606,0.6636,TP
YOLO11s,Japan__Japan_009743,D10,0.3307,0.006571,0.0009,FP_background
YOLO11s,Japan__Japan_009746,D20,0.3461,0.349889,0.7192,TP
YOLO11s,Japan__Japan_009746,D20,0.338,0.167853,0.3445,FP_localization
YOLO11s,Japan__Japan_009785,D00,0.5902,0.015915,0.9181,TP
YOLO11s,Japan__Japan_009785,D10,0.4116,0.079864,0.2475,FP_localization
YOLO11s,Japan__Japan_009785,D10,0.2889,0.034211,0.4411,FP_localization
YOLO11s,Japan__Japan_009785,D10,0.2797,0.058627,0.3529,FP_localization
YOLO11s,Japan__Japan_009785,D00,0.2767,0.005809,0.6739,TP
YOLO11s,Japan__Japan_009785,D10,0.2678,0.027257,0.8111,TP
YOLO11s,Japan__Japan_009822,D00,0.4921,0.033754,0.828,TP
YOLO11s,Japan__Japan_009822,D00,0.3695,0.0086,0.6563,TP
YOLO11s,Japan__Japan_009831,D20,0.5785,0.083334,0.5394,TP
YOLO11s,Japan__Japan_009831,D20,0.566,0.195985,0.6965,TP
YOLO11s,Japan__Japan_009831,D20,0.3883,0.127401,0.7523,FP_duplicate
YOLO11s,Japan__Japan_009850,D20,0.3822,0.075811,0.7511,TP
YOLO11s,Japan__Japan_009850,D20,0.2831,0.052937,0.6107,FP_duplicate
YOLO11s,Japan__Japan_009863,D00,0.4534,0.009711,0.7659,TP
YOLO11s,Japan__Japan_009874,D20,0.5609,0.119611,0.8082,TP
YOLO11s,Japan__Japan_009882,D40,0.6355,0.002522,0.8691,TP
YOLO11s,Japan__Japan_009882,D20,0.5933,0.093903,0.9526,TP
YOLO11s,Japan__Japan_009882,D20,0.3499,0.110774,0.7003,FP_duplicate
YOLO11s,Japan__Japan_009905,D20,0.2611,0.034388,0.0,FP_background
YOLO11s,Japan__Japan_009920,D40,0.245,0.047482,0.0,FP_background
YOLO11s,Japan__Japan_009922,D20,0.4349,0.10321,0.689,TP
YOLO11s,Japan__Japan_009922,D20,0.3223,0.268079,0.2684,FP_localization
YOLO11s,Japan__Japan_009922,D20,0.26,0.089315,0.334,FP_localization
YOLO11s,Japan__Japan_009922,D20,0.2531,0.041818,0.4797,FP_localization
YOLO11s,Japan__Japan_009935,D40,0.5626,0.007477,0.5559,TP
YOLO11s,Japan__Japan_009935,D40,0.5155,0.002217,0.7674,TP
YOLO11s,Japan__Japan_009935,D40,0.3437,0.000889,0.0103,FP_background
YOLO11s,Japan__Japan_009935,D20,0.2562,0.082233,0.8632,TP
YOLO11s,Japan__Japan_009960,D40,0.4013,0.010731,0.8133,TP
YOLO11s,Japan__Japan_009968,D20,0.4762,0.094658,0.6645,TP
YOLO11s,Japan__Japan_009981,D20,0.6616,0.17481,0.9212,TP
YOLO11s,Japan__Japan_010018,D00,0.2858,0.018338,0.507,FP_classification
YOLO11s,Japan__Japan_010028,D00,0.4683,0.002777,0.5936,TP
YOLO11s,Japan__Japan_010033,D00,0.2673,0.014052,0.0,FP_background
YOLO11s,Japan__Japan_010037,D20,0.3001,0.012417,0.6153,FP_classification
YOLO11s,Japan__Japan_010045,D10,0.4116,0.021562,0.7779,FP_classification
YOLO11s,Japan__Japan_010045,D20,0.3328,0.122117,0.5386,TP
YOLO11s,Japan__Japan_010048,D20,0.5127,0.242367,0.9394,TP
YOLO11s,Japan__Japan_010069,D20,0.7369,0.332301,0.8676,TP
YOLO11s,Japan__Japan_010069,D40,0.4979,0.001615,0.0043,FP_background
YOLO11s,Japan__Japan_010069,D40,0.4305,0.004395,0.7198,TP
YOLO11s,Japan__Japan_010069,D40,0.2666,0.001117,0.7061,TP
YOLO11s,Japan__Japan_010069,D40,0.2491,0.002865,0.0076,FP_background
YOLO11s,Japan__Japan_010075,D20,0.2622,0.086336,0.525,FP_classification
YOLO11s,Japan__Japan_010075,D00,0.2579,0.072598,0.6243,TP
YOLO11s,Japan__Japan_010105,D10,0.364,0.009642,0.7683,TP
YOLO11s,Japan__Japan_010108,D20,0.3819,0.250989,0.4962,FP_localization
YOLO11s,Japan__Japan_010108,D20,0.2692,0.477898,0.8031,TP
YOLO11s,Japan__Japan_010158,D20,0.4428,0.088898,0.7506,TP
YOLO11s,Japan__Japan_010158,D20,0.2678,0.020466,0.0992,FP_background
YOLO11s,Japan__Japan_010158,D20,0.2635,0.087713,0.4271,FP_localization
YOLO11s,Japan__Japan_010172,D00,0.389,0.009231,0.5752,TP
YOLO11s,Japan__Japan_010172,D00,0.362,0.014962,0.7171,FP_duplicate
YOLO11s,Japan__Japan_010172,D00,0.2798,0.014704,0.5312,FP_duplicate
YOLO11s,Japan__Japan_010174,D20,0.6405,0.158375,0.9276,TP
YOLO11s,Japan__Japan_010174,D20,0.3018,0.089105,0.5744,FP_duplicate
YOLO11s,Japan__Japan_010188,D20,0.5136,0.136409,0.7738,TP
YOLO11s,Japan__Japan_010231,D20,0.8346,0.316755,0.9292,TP
YOLO11s,Japan__Japan_010231,D40,0.6058,0.00309,0.716,TP
YOLO11s,Japan__Japan_010245,D20,0.7171,0.20738,0.9257,TP
YOLO11s,Japan__Japan_010267,D00,0.3777,0.03234,0.2373,FP_localization
YOLO11s,Japan__Japan_010279,D20,0.4434,0.062881,0.7951,TP
YOLO11s,Japan__Japan_010279,D00,0.3462,0.003158,0.7386,TP
YOLO11s,Japan__Japan_010279,D20,0.3403,0.041629,0.6555,FP_duplicate
YOLO11s,Japan__Japan_010279,D20,0.2422,0.012598,0.0695,FP_background
YOLO11s,Japan__Japan_010286,D20,0.5279,0.435001,0.5587,TP
YOLO11s,Japan__Japan_010286,D20,0.4427,0.190601,0.7528,FP_duplicate
YOLO11s,Japan__Japan_010286,D20,0.35,0.084267,0.6325,TP
YOLO11s,Japan__Japan_010286,D20,0.3335,0.122371,0.9267,FP_duplicate
YOLO11s,Japan__Japan_010309,D20,0.6823,0.05193,0.6819,TP
YOLO11s,Japan__Japan_010309,D20,0.6525,0.109322,0.8502,TP
YOLO11s,Japan__Japan_010309,D10,0.2806,0.007102,0.0308,FP_background
YOLO11s,Japan__Japan_010319,D20,0.8157,0.260644,0.6285,TP
YOLO11s,Japan__Japan_010349,D20,0.7596,0.254859,0.8057,TP
YOLO11s,Japan__Japan_010353,D00,0.5505,0.00543,0.6263,TP
YOLO11s,Japan__Japan_010357,D00,0.6046,0.006029,0.3096,FP_localization
YOLO11s,Japan__Japan_010373,D20,0.6711,0.336287,0.8936,TP
YOLO11s,Japan__Japan_010396,D00,0.5747,0.01719,0.764,TP
YOLO11s,Japan__Japan_010396,D00,0.3323,0.068057,0.0,FP_background
YOLO11s,Japan__Japan_010400,D00,0.3082,0.017824,0.659,TP
YOLO11s,Japan__Japan_010417,D20,0.5409,0.076328,0.6908,TP
YOLO11s,Japan__Japan_010421,D10,0.4526,0.008266,0.5928,FP_classification
YOLO11s,Japan__Japan_010442,D00,0.4166,0.009168,0.3823,FP_background
YOLO11s,Japan__Japan_010442,D00,0.3204,0.005528,0.5644,TP
YOLO11s,Japan__Japan_010445,D00,0.4359,0.012814,0.7028,TP
YOLO11s,Japan__Japan_010445,D10,0.2447,0.005686,0.6761,TP
YOLO11s,Japan__Japan_010449,D00,0.69,0.041251,0.7147,TP
YOLO11s,Japan__Japan_010451,D10,0.2446,0.020056,0.7045,TP
YOLO11s,Japan__Japan_010451,D00,0.2387,0.003123,0.1476,FP_localization
YOLO11s,Japan__Japan_010455,D20,0.5179,0.269263,0.843,TP
YOLO11s,Japan__Japan_010455,D20,0.3717,0.100096,0.388,FP_localization
YOLO11s,Japan__Japan_010463,D00,0.3903,0.00862,0.4429,FP_localization
YOLO11s,Japan__Japan_010463,D00,0.3418,0.010653,0.6308,TP
YOLO11s,Japan__Japan_010463,D00,0.3176,0.017701,0.804,TP
YOLO11s,Japan__Japan_010463,D10,0.3131,0.008024,0.1464,FP_localization
YOLO11s,Japan__Japan_010463,D10,0.26,0.01333,0.4372,FP_localization
YOLO11s,Japan__Japan_010467,D20,0.5556,0.204045,0.4275,FP_localization
YOLO11s,Japan__Japan_010468,D00,0.6097,0.003745,0.5894,TP
YOLO11s,Japan__Japan_010470,D00,0.7266,0.035744,0.7223,TP
YOLO11s,Japan__Japan_010501,D20,0.663,0.094768,0.8722,TP
YOLO11s,Japan__Japan_010502,D00,0.7353,0.014464,0.4429,FP_localization
YOLO11s,Japan__Japan_010502,D00,0.4286,0.011782,0.4954,FP_localization
YOLO11s,Japan__Japan_010502,D00,0.3456,0.065314,0.2629,FP_localization
YOLO11s,Japan__Japan_010504,D40,0.3475,0.017969,0.0,FP_background
YOLO11s,Japan__Japan_010514,D40,0.4044,0.003085,0.0,FP_background
YOLO11s,Japan__Japan_010514,D40,0.3918,0.035891,0.8264,FP_classification
YOLO11s,Japan__Japan_010514,D10,0.3455,0.007734,0.6194,TP
YOLO11s,Japan__Japan_010525,D00,0.3499,0.001122,0.0161,FP_background
YOLO11s,Japan__Japan_010525,D00,0.2544,0.037123,0.6596,TP
YOLO11s,Japan__Japan_010528,D20,0.5369,0.206845,0.8699,TP
YOLO11s,Japan__Japan_010528,D40,0.4559,0.002349,0.8286,TP
YOLO11s,Japan__Japan_010528,D20,0.4055,0.109193,0.6029,FP_duplicate
YOLO11s,Japan__Japan_010528,D40,0.2966,0.000967,0.0045,FP_background
YOLO11s,Japan__Japan_010528,D40,0.2933,0.003379,0.8488,TP
YOLO11s,Japan__Japan_010535,D20,0.4599,0.165894,0.0,FP_background
YOLO11s,Japan__Japan_010553,D40,0.544,0.00196,0.8684,TP
YOLO11s,Japan__Japan_010553,D40,0.3253,0.002516,0.6294,TP
YOLO11s,Japan__Japan_010555,D20,0.5894,0.243584,0.4397,FP_localization
YOLO11s,Japan__Japan_010555,D20,0.3491,0.489197,0.8367,TP
YOLO11s,Japan__Japan_010556,D20,0.7106,0.151677,0.3819,FP_localization
YOLO11s,Japan__Japan_010585,D20,0.6311,0.36772,0.5335,TP
YOLO11s,Japan__Japan_010596,D20,0.2495,0.028286,0.3326,FP_localization
YOLO11s,Japan__Japan_010622,D20,0.5828,0.078037,0.7891,TP
YOLO11s,Japan__Japan_010622,D20,0.5377,0.106549,0.4876,FP_localization
YOLO11s,Japan__Japan_010622,D20,0.5358,0.294053,0.3065,FP_localization
YOLO11s,Japan__Japan_010622,D20,0.4234,0.111052,0.5701,FP_duplicate
YOLO11s,Japan__Japan_010643,D00,0.4473,0.002607,0.6404,TP
YOLO11s,Japan__Japan_010645,D00,0.4069,0.065456,0.7505,TP
YOLO11s,Japan__Japan_010645,D00,0.3884,0.045908,0.5264,FP_duplicate
YOLO11s,Japan__Japan_010645,D10,0.2456,0.007257,0.0832,FP_background
YOLO11s,Japan__Japan_010650,D20,0.4888,0.016943,0.8263,TP
YOLO11s,Japan__Japan_010650,D00,0.3673,0.023879,0.5811,TP
YOLO11s,Japan__Japan_010653,D20,0.8561,0.220756,0.5245,TP
YOLO11s,Japan__Japan_010657,D20,0.52,0.213891,0.7016,TP
YOLO11s,Japan__Japan_010658,D20,0.7705,0.662405,0.7674,TP
YOLO11s,Japan__Japan_010658,D40,0.3806,0.002188,0.0024,FP_background
YOLO11s,Japan__Japan_010658,D20,0.2879,0.471257,0.641,FP_duplicate
YOLO11s,Japan__Japan_010668,D20,0.793,0.271655,0.8269,TP
YOLO11s,Japan__Japan_010675,D20,0.5858,0.023384,0.7475,TP
YOLO11s,Japan__Japan_010695,D40,0.502,0.005759,0.602,TP
YOLO11s,Japan__Japan_010706,D20,0.7926,0.169486,0.7035,TP
YOLO11s,Japan__Japan_010710,D20,0.3286,0.079322,0.6788,FP_classification
YOLO11s,Japan__Japan_010710,D00,0.3018,0.059036,0.7966,TP
YOLO11s,Japan__Japan_010714,D40,0.4377,0.003345,0.6352,TP
YOLO11s,Japan__Japan_010747,D10,0.4217,0.005665,0.5744,TP
YOLO11s,Japan__Japan_010756,D20,0.7559,0.036725,0.7253,TP
YOLO11s,Japan__Japan_010756,D20,0.5302,0.066681,0.7705,TP
YOLO11s,Japan__Japan_010761,D00,0.4421,0.042204,0.4142,FP_localization
YOLO11s,Japan__Japan_010766,D10,0.2952,0.008248,0.7185,TP
YOLO11s,Japan__Japan_010766,D40,0.2785,0.006858,0.6657,TP
YOLO11s,Japan__Japan_010769,D20,0.2469,0.076162,0.4218,FP_localization
YOLO11s,Japan__Japan_010769,D40,0.2378,0.00579,0.3033,FP_localization
YOLO11s,Japan__Japan_010772,D20,0.7824,0.31945,0.7495,TP
YOLO11s,Japan__Japan_010772,D10,0.2434,0.017446,0.0733,FP_background
YOLO11s,Japan__Japan_010833,D00,0.2756,0.005295,0.2315,FP_localization
YOLO11s,Japan__Japan_010837,D00,0.6507,0.002672,0.7755,TP
YOLO11s,Japan__Japan_010837,D10,0.4997,0.034019,0.2976,FP_localization
YOLO11s,Japan__Japan_010837,D20,0.4629,0.075274,0.5563,TP
YOLO11s,Japan__Japan_010837,D00,0.4464,0.067796,0.4766,FP_localization
YOLO11s,Japan__Japan_010837,D10,0.237,0.009171,0.8488,TP
YOLO11s,Japan__Japan_010839,D20,0.7628,0.387584,0.9412,TP
YOLO11s,Japan__Japan_010839,D40,0.4601,0.001535,0.0034,FP_background
YOLO11s,Japan__Japan_010866,D00,0.4912,0.016604,0.7591,TP
YOLO11s,Japan__Japan_010866,D00,0.4737,0.017688,0.52,TP
YOLO11s,Japan__Japan_010866,D00,0.333,0.025422,0.3573,FP_localization
YOLO11s,Japan__Japan_010879,D10,0.308,0.004723,0.0,FP_background
YOLO11s,Japan__Japan_010890,D20,0.4439,0.206996,0.5084,TP
YOLO11s,Japan__Japan_010890,D20,0.3478,0.341603,0.7755,FP_duplicate
YOLO11s,Japan__Japan_010890,D20,0.3453,0.282686,0.349,FP_localization
YOLO11s,Japan__Japan_010900,D20,0.5555,0.08244,0.5045,TP
YOLO11s,Japan__Japan_010903,D20,0.4238,0.033646,0.2579,FP_localization
YOLO11s,Japan__Japan_010903,D20,0.2809,0.032199,0.1883,FP_localization
YOLO11s,Japan__Japan_010920,D20,0.8182,0.214601,0.8488,TP
YOLO11s,Japan__Japan_010921,D20,0.4577,0.037219,0.3015,FP_localization
YOLO11s,Japan__Japan_010936,D20,0.2794,0.059095,0.7263,TP
YOLO11s,Japan__Japan_010936,D20,0.2739,0.030678,0.5619,FP_duplicate
YOLO11s,Japan__Japan_010937,D20,0.7714,0.29486,0.8576,TP
YOLO11s,Japan__Japan_010942,D00,0.4698,0.101924,0.0,FP_background
YOLO11s,Japan__Japan_010942,D00,0.2957,0.08006,0.0,FP_background
YOLO11s,Japan__Japan_010942,D10,0.2568,0.019128,0.6092,TP
YOLO11s,Japan__Japan_010942,D10,0.2415,0.006833,0.3253,FP_localization
YOLO11s,Japan__Japan_010954,D00,0.3397,0.002158,0.0,FP_background
YOLO11s,Japan__Japan_010963,D20,0.7729,0.260501,0.8364,TP
YOLO11s,Japan__Japan_010963,D40,0.2809,0.001967,0.7686,TP
YOLO11s,Japan__Japan_010968,D10,0.2402,0.015787,0.0,FP_background
YOLO11s,Japan__Japan_010982,D00,0.7524,0.177176,0.8937,TP
YOLO11s,Japan__Japan_010982,D10,0.5464,0.01123,0.7875,TP
YOLO11s,Japan__Japan_010982,D10,0.4194,0.018237,0.6106,TP
YOLO11s,Japan__Japan_010982,D00,0.3783,0.011383,0.8082,TP
YOLO11s,Japan__Japan_010982,D10,0.3136,0.015159,0.7619,FP_duplicate
YOLO11s,Japan__Japan_011022,D00,0.2851,0.01031,0.179,FP_localization
YOLO11s,Japan__Japan_011022,D10,0.2514,0.004773,0.0,FP_background
YOLO11s,Japan__Japan_011033,D10,0.4202,0.018368,0.7703,TP
YOLO11s,Japan__Japan_011034,D00,0.3117,0.007498,0.599,TP
YOLO11s,Japan__Japan_011041,D00,0.2691,0.002751,0.7561,TP
YOLO11s,Japan__Japan_011048,D10,0.2533,0.003853,0.0,FP_background
YOLO11s,Japan__Japan_011051,D20,0.7717,0.276773,0.7609,TP
YOLO11s,Japan__Japan_011051,D20,0.458,0.56437,0.4648,FP_localization
YOLO11s,Japan__Japan_011056,D20,0.7551,0.244692,0.7706,TP
YOLO11s,Japan__Japan_011075,D00,0.286,0.062634,0.7825,TP
YOLO11s,Japan__Japan_011078,D10,0.2766,0.006343,0.6504,TP
YOLO11s,Japan__Japan_011082,D20,0.5313,0.23732,0.8561,TP
YOLO11s,Japan__Japan_011082,D20,0.4707,0.099471,0.3596,FP_localization
YOLO11s,Japan__Japan_011082,D20,0.2378,0.061091,0.2214,FP_localization
YOLO11s,Japan__Japan_011089,D20,0.3336,0.063502,0.8559,TP
YOLO11s,Japan__Japan_011090,D20,0.752,0.398947,0.8267,TP
YOLO11s,Japan__Japan_011105,D10,0.4645,0.011663,0.0,FP_background
YOLO11s,Japan__Japan_011110,D20,0.6116,0.859514,0.5706,TP
YOLO11s,Japan__Japan_011110,D40,0.2947,0.010923,0.5571,TP
YOLO11s,Japan__Japan_011118,D00,0.4185,0.014028,0.0,FP_background
YOLO11s,Japan__Japan_011118,D10,0.3947,0.007319,0.7283,TP
YOLO11s,Japan__Japan_011118,D00,0.2819,0.004657,0.0,FP_background
YOLO11s,Japan__Japan_011122,D20,0.7836,0.201031,0.7529,TP
YOLO11s,Japan__Japan_011122,D20,0.4562,0.155627,0.6361,TP
YOLO11s,Japan__Japan_011122,D20,0.2668,0.230126,0.4302,FP_localization
YOLO11s,Japan__Japan_011145,D10,0.3179,0.015511,0.7248,TP
YOLO11s,Japan__Japan_011162,D20,0.5894,0.093002,0.7007,TP
YOLO11s,Japan__Japan_011162,D20,0.4874,0.170241,0.3936,FP_localization
YOLO11s,Japan__Japan_011162,D00,0.261,0.046668,0.7293,TP
YOLO11s,Japan__Japan_011172,D00,0.5134,0.025276,0.5296,TP
YOLO11s,Japan__Japan_011172,D20,0.2512,0.012813,0.7897,TP
YOLO11s,Japan__Japan_011174,D20,0.7038,0.594283,0.8203,TP
YOLO11s,Japan__Japan_011216,D10,0.4211,0.041844,0.4101,FP_localization
YOLO11s,Japan__Japan_011216,D20,0.2627,0.052521,0.4907,FP_background
YOLO11s,Japan__Japan_011246,D40,0.5871,0.005011,0.8431,TP
YOLO11s,Japan__Japan_011252,D20,0.274,0.026111,0.0,FP_background
YOLO11s,Japan__Japan_011254,D20,0.5077,0.08084,0.6164,TP
YOLO11s,Japan__Japan_011254,D20,0.239,0.051227,0.8923,FP_duplicate
YOLO11s,Japan__Japan_011258,D00,0.5293,0.029493,0.5193,TP
YOLO11s,Japan__Japan_011263,D20,0.487,0.299374,0.4019,FP_localization
YOLO11s,Japan__Japan_011263,D20,0.4648,0.143236,0.7891,TP
YOLO11s,Japan__Japan_011263,D40,0.2424,0.00701,0.0566,FP_background
YOLO11s,Japan__Japan_011284,D00,0.4569,0.0166,0.5403,TP
YOLO11s,Japan__Japan_011299,D00,0.3041,0.002362,0.0,FP_background
YOLO11s,Japan__Japan_011299,D10,0.3017,0.028509,0.7902,TP
YOLO11s,Japan__Japan_011327,D00,0.3471,0.007228,0.5608,TP
YOLO11s,Japan__Japan_011355,D20,0.3731,0.216004,0.8492,TP
YOLO11s,Japan__Japan_011355,D20,0.2978,0.09107,0.4572,FP_localization
YOLO11s,Japan__Japan_011359,D20,0.4798,0.129798,0.7327,TP
YOLO11s,Japan__Japan_011359,D20,0.2654,0.055034,0.4955,FP_localization
YOLO11s,Japan__Japan_011388,D00,0.2869,0.078791,0.6839,TP
YOLO11s,Japan__Japan_011410,D00,0.4315,0.019477,0.4107,FP_background
YOLO11s,Japan__Japan_011439,D20,0.5075,0.204066,0.6374,TP
YOLO11s,Japan__Japan_011446,D20,0.5998,0.49088,0.3517,FP_localization
YOLO11s,Japan__Japan_011446,D20,0.4613,0.851316,0.5607,TP
YOLO11s,Japan__Japan_011449,D20,0.4958,0.121646,0.5179,TP
YOLO11s,Japan__Japan_011449,D20,0.254,0.183295,0.3429,FP_localization
YOLO11s,Japan__Japan_011479,D40,0.594,0.00254,0.732,TP
YOLO11s,Japan__Japan_011479,D20,0.4205,0.121276,0.5458,TP
YOLO11s,Japan__Japan_011479,D20,0.2613,0.005521,0.0408,FP_background
YOLO11s,Japan__Japan_011486,D20,0.6821,0.621528,0.7855,TP
YOLO11s,Japan__Japan_011486,D20,0.5426,0.436492,0.6317,FP_duplicate
YOLO11s,Japan__Japan_011487,D00,0.2474,0.028346,0.8378,TP
YOLO11s,Japan__Japan_011489,D10,0.6501,0.059106,0.7095,TP
YOLO11s,Japan__Japan_011495,D20,0.8825,0.352355,0.9005,TP
YOLO11s,Japan__Japan_011497,D00,0.2949,0.004705,0.7782,TP
YOLO11s,Japan__Japan_011499,D00,0.6112,0.004824,0.824,TP
YOLO11s,Japan__Japan_011499,D10,0.3594,0.004971,0.4541,FP_localization
YOLO11s,Japan__Japan_011521,D20,0.2803,0.113022,0.5042,TP
YOLO11s,Japan__Japan_011521,D20,0.2708,0.044741,0.5248,FP_duplicate
YOLO11s,Japan__Japan_011552,D00,0.551,0.006517,0.7249,TP
YOLO11s,Japan__Japan_011552,D00,0.2641,0.004932,0.6688,TP
YOLO11s,Japan__Japan_011564,D20,0.6547,0.163984,0.6843,TP
YOLO11s,Japan__Japan_011579,D20,0.3048,0.10874,0.7823,TP
YOLO11s,Japan__Japan_011590,D20,0.8102,0.302579,0.8452,TP
YOLO11s,Japan__Japan_011590,D40,0.289,0.003203,0.8266,TP
YOLO11s,Japan__Japan_011622,D10,0.2641,0.001861,0.0,FP_background
YOLO11s,Japan__Japan_011628,D00,0.4759,0.023275,0.756,TP
YOLO11s,Japan__Japan_011628,D40,0.2419,0.001167,0.4766,FP_localization
YOLO11s,Japan__Japan_011642,D20,0.7037,0.174319,0.3136,FP_localization
YOLO11s,Japan__Japan_011642,D20,0.3664,0.41356,0.5141,TP
YOLO11s,Japan__Japan_011642,D10,0.343,0.005612,0.6608,TP
YOLO11s,Japan__Japan_011642,D20,0.303,0.1121,0.3467,FP_localization
YOLO11s,Japan__Japan_011642,D00,0.2528,0.004463,0.6568,TP
YOLO11s,Japan__Japan_011643,D20,0.822,0.194583,0.7895,TP
YOLO11s,Japan__Japan_011670,D00,0.3509,0.00399,0.5094,TP
YOLO11s,Japan__Japan_011670,D00,0.2758,0.031165,0.3859,FP_localization
YOLO11s,Japan__Japan_011724,D00,0.3798,0.012123,0.0,FP_background
YOLO11s,Japan__Japan_011728,D20,0.5107,0.185551,0.8085,TP
YOLO11s,Japan__Japan_011728,D20,0.4005,0.020722,0.8104,TP
YOLO11s,Japan__Japan_011728,D20,0.3666,0.092963,0.4247,FP_localization
YOLO11s,Japan__Japan_011728,D20,0.2406,0.012,0.6637,FP_duplicate
YOLO11s,Japan__Japan_011783,D20,0.5049,0.037242,0.2931,FP_localization
YOLO11s,Japan__Japan_011783,D00,0.3186,0.009843,0.0775,FP_background
YOLO11s,Japan__Japan_011783,D00,0.301,0.009432,0.0742,FP_background
YOLO11s,Japan__Japan_011783,D20,0.2936,0.090018,0.4903,FP_localization
YOLO11s,Japan__Japan_011809,D20,0.7196,0.11284,0.8022,TP
YOLO11s,Japan__Japan_011849,D20,0.2404,0.193964,0.8428,TP
YOLO11s,Japan__Japan_011854,D20,0.6693,0.274298,0.8369,TP
YOLO11s,Japan__Japan_011854,D40,0.2992,0.002913,0.8557,TP
YOLO11s,Japan__Japan_011885,D10,0.3826,0.053595,0.6564,TP
YOLO11s,Japan__Japan_011885,D10,0.3174,0.077067,0.5182,FP_duplicate
YOLO11s,Japan__Japan_011885,D10,0.2775,0.013779,0.4635,FP_localization
YOLO11s,Japan__Japan_011901,D00,0.3019,0.100944,0.0,FP_background
YOLO11s,Japan__Japan_011915,D20,0.7348,0.324217,0.8648,TP
YOLO11s,Japan__Japan_011917,D00,0.4446,0.001586,0.0,FP_background
YOLO11s,Japan__Japan_011948,D00,0.3285,0.010439,0.3415,FP_background
YOLO11s,Japan__Japan_011976,D00,0.7917,0.176495,0.6996,TP
YOLO11s,Japan__Japan_012006,D20,0.6749,0.091092,0.858,TP
YOLO11s,Japan__Japan_012006,D10,0.3566,0.003193,0.0,FP_background
YOLO11s,Japan__Japan_012009,D20,0.7337,0.222421,0.9602,TP
YOLO11s,Japan__Japan_012010,D20,0.4994,0.098291,0.8723,TP
YOLO11s,Japan__Japan_012011,D00,0.3536,0.015074,0.7338,TP
YOLO11s,Japan__Japan_012025,D00,0.4466,0.007445,0.0763,FP_background
YOLO11s,Japan__Japan_012047,D20,0.7403,0.283081,0.8261,TP
YOLO11s,Japan__Japan_012066,D20,0.7716,0.459064,0.8327,TP
YOLO11s,Japan__Japan_012084,D20,0.6593,0.161021,0.857,TP
YOLO11s,Japan__Japan_012084,D20,0.4236,0.241642,0.5711,FP_duplicate
YOLO11s,Japan__Japan_012101,D20,0.4781,0.168058,0.7658,TP
YOLO11s,Japan__Japan_012101,D40,0.4232,0.001272,0.3991,FP_localization
YOLO11s,Japan__Japan_012101,D10,0.3089,0.008742,0.786,TP
YOLO11s,Japan__Japan_012122,D10,0.3609,0.0315,0.8809,TP
YOLO11s,Japan__Japan_012122,D10,0.3546,0.051264,0.5277,FP_duplicate
YOLO11s,Japan__Japan_012136,D10,0.4268,0.011775,0.7615,TP
YOLO11s,Japan__Japan_012160,D20,0.6362,0.240572,0.8419,TP
YOLO11s,Japan__Japan_012172,D20,0.7818,0.288806,0.9342,TP
YOLO11s,Japan__Japan_012178,D20,0.6812,0.581099,0.6793,TP
YOLO11s,Japan__Japan_012178,D20,0.3479,0.363939,0.731,FP_duplicate
YOLO11s,Japan__Japan_012178,D10,0.2696,0.018751,0.4852,FP_localization
YOLO11s,Japan__Japan_012184,D20,0.8243,0.18605,0.7994,TP
YOLO11s,Japan__Japan_012184,D10,0.3247,0.017118,0.5376,TP
YOLO11s,Japan__Japan_012188,D00,0.4111,0.006495,0.0,FP_background
YOLO11s,Japan__Japan_012200,D00,0.5642,0.08705,0.5785,TP
YOLO11s,Japan__Japan_012200,D10,0.2554,0.017916,0.4191,FP_localization
YOLO11s,Japan__Japan_012216,D20,0.6084,0.244998,0.7828,TP
YOLO11s,Japan__Japan_012244,D10,0.3555,0.018919,0.7394,TP
YOLO11s,Japan__Japan_012244,D10,0.2975,0.017121,0.0,FP_background
YOLO11s,Japan__Japan_012244,D20,0.2774,0.120524,0.8774,TP
YOLO11s,Japan__Japan_012244,D10,0.2547,0.026382,0.0,FP_background
YOLO11s,Japan__Japan_012263,D20,0.2826,0.132012,0.7594,TP
YOLO11s,Japan__Japan_012271,D00,0.4712,0.003379,0.3383,FP_localization
YOLO11s,Japan__Japan_012328,D10,0.343,0.00812,0.9192,TP
YOLO11s,Japan__Japan_012328,D10,0.331,0.019323,0.8822,TP
YOLO11s,Japan__Japan_012328,D10,0.2581,0.035784,0.5974,FP_duplicate
YOLO11s,Japan__Japan_012329,D00,0.5054,0.041497,0.935,TP
YOLO11s,Japan__Japan_012329,D10,0.3978,0.058959,0.6799,TP
YOLO11s,Japan__Japan_012329,D10,0.3969,0.006562,0.3852,FP_localization
YOLO11s,Japan__Japan_012329,D10,0.3856,0.038759,0.8767,FP_duplicate
YOLO11s,Japan__Japan_012330,D00,0.6904,0.127113,0.7815,TP
YOLO11s,Japan__Japan_012330,D00,0.4014,0.209983,0.5341,FP_duplicate
YOLO11s,Japan__Japan_012352,D00,0.7257,0.026961,0.8812,TP
YOLO11s,Japan__Japan_012354,D20,0.4402,0.041159,0.7528,TP
YOLO11s,Japan__Japan_012354,D10,0.3023,0.010191,0.7659,TP
YOLO11s,Japan__Japan_012355,D00,0.7353,0.011613,0.9053,TP
YOLO11s,Japan__Japan_012358,D20,0.6244,0.181619,0.5601,TP
YOLO11s,Japan__Japan_012381,D00,0.5162,0.006171,0.7603,TP
YOLO11s,Japan__Japan_012381,D20,0.3934,0.06217,0.2796,FP_background
YOLO11s,Japan__Japan_012390,D40,0.7259,0.003214,0.816,TP
YOLO11s,Japan__Japan_012403,D20,0.8089,0.308982,0.8467,TP
YOLO11s,Japan__Japan_012403,D10,0.4437,0.00336,0.7466,TP
YOLO11s,Japan__Japan_012403,D10,0.3255,0.004854,0.5074,TP
YOLO11s,Japan__Japan_012406,D20,0.3948,0.064523,0.8351,TP
YOLO11s,Japan__Japan_012406,D20,0.3197,0.034915,0.5504,FP_duplicate
YOLO11s,Japan__Japan_012411,D20,0.5581,0.201298,0.8913,TP
YOLO11s,Japan__Japan_012411,D20,0.347,0.15357,0.608,FP_duplicate
YOLO11s,Japan__Japan_012411,D20,0.2627,0.054452,0.2435,FP_localization
YOLO11s,Japan__Japan_012422,D20,0.6458,0.184228,0.7989,TP
YOLO11s,Japan__Japan_012438,D20,0.7003,0.274139,0.6772,TP
YOLO11s,Japan__Japan_012438,D20,0.5323,0.092798,0.8172,TP
YOLO11s,Japan__Japan_012438,D20,0.4477,0.374909,0.4019,FP_localization
YOLO11s,Japan__Japan_012444,D40,0.3198,0.001888,0.0,FP_background
YOLO11s,Japan__Japan_012453,D00,0.2932,0.14945,0.6576,TP
YOLO11s,Japan__Japan_012495,D20,0.6325,0.215957,0.8346,TP
YOLO11s,Japan__Japan_012495,D40,0.5407,0.009533,0.4039,FP_localization
YOLO11s,Japan__Japan_012495,D40,0.4006,0.001445,0.0,FP_background
YOLO11s,Japan__Japan_012495,D20,0.3935,0.037197,0.0,FP_background
YOLO11s,Japan__Japan_012495,D40,0.2753,0.002092,0.0116,FP_background
YOLO11s,Japan__Japan_012505,D20,0.7717,0.833093,0.3466,FP_localization
YOLO11s,Japan__Japan_012509,D20,0.7523,0.328832,0.9424,TP
YOLO11s,Japan__Japan_012509,D40,0.2767,0.004979,0.0113,FP_background
YOLO11s,Japan__Japan_012536,D20,0.7864,0.190051,0.6313,TP
YOLO11s,Japan__Japan_012536,D10,0.3043,0.047286,0.5806,TP
YOLO11s,Japan__Japan_012536,D10,0.2725,0.075532,0.8498,FP_duplicate
YOLO11s,Japan__Japan_012549,D40,0.6507,0.002711,0.7825,TP
YOLO11s,Japan__Japan_012549,D20,0.6075,0.158251,0.7337,TP
YOLO11s,Japan__Japan_012549,D20,0.4316,0.232907,0.4985,FP_localization
YOLO11s,Japan__Japan_012553,D20,0.7742,0.143503,0.4728,FP_localization
YOLO11s,Japan__Japan_012553,D20,0.5641,0.270104,0.8646,TP
YOLO11s,Japan__Japan_012553,D20,0.2972,0.103788,0.3484,FP_localization
YOLO11s,Japan__Japan_012558,D00,0.273,0.001656,0.0,FP_background
YOLO11s,Japan__Japan_012568,D20,0.5005,0.056531,0.6021,TP
YOLO11s,Japan__Japan_012607,D20,0.2702,0.017562,0.0,FP_background
YOLO11s,Japan__Japan_012612,D20,0.6503,0.202294,0.6497,TP
YOLO11s,Japan__Japan_012618,D20,0.673,0.289833,0.8084,TP
YOLO11s,Japan__Japan_012618,D20,0.3036,0.196002,0.7835,FP_duplicate
YOLO11s,Japan__Japan_012618,D10,0.283,0.004917,0.6809,TP
YOLO11s,Japan__Japan_012622,D20,0.4959,0.031629,0.7321,TP
YOLO11s,Japan__Japan_012626,D20,0.5536,0.103703,0.7647,TP
YOLO11s,Japan__Japan_012626,D00,0.2748,0.008936,0.8838,TP
YOLO11s,Japan__Japan_012628,D10,0.3461,0.022346,0.8081,TP
YOLO11s,Japan__Japan_012634,D10,0.2552,0.006278,0.506,TP
YOLO11s,Japan__Japan_012652,D10,0.3148,0.002795,0.0056,FP_background
YOLO11s,Japan__Japan_012657,D00,0.302,0.006323,0.6359,TP
YOLO11s,Japan__Japan_012661,D00,0.3414,0.003547,0.4465,FP_localization
YOLO11s,Japan__Japan_012661,D20,0.2461,0.07772,0.7513,TP
YOLO11s,Japan__Japan_012661,D00,0.2456,0.004205,0.0716,FP_background
YOLO11s,Japan__Japan_012666,D00,0.4134,0.019309,0.7439,TP
YOLO11s,Japan__Japan_012666,D00,0.3773,0.020548,0.4179,FP_localization
YOLO11s,Japan__Japan_012699,D20,0.2556,0.088895,0.0,FP_background
YOLO11s,Japan__Japan_012706,D20,0.8247,0.334599,0.9101,TP
YOLO11s,Japan__Japan_012727,D00,0.6958,0.023594,0.8417,TP
YOLO11s,Japan__Japan_012734,D20,0.631,0.264618,0.775,TP
YOLO11s,Japan__Japan_012734,D40,0.598,0.002434,0.8072,TP
YOLO11s,Japan__Japan_012734,D40,0.4743,0.006299,0.7439,TP
YOLO11s,Japan__Japan_012735,D20,0.7909,0.155601,0.9232,TP
YOLO11s,Japan__Japan_012735,D00,0.2581,0.031691,0.7971,TP
YOLO11s,Japan__Japan_012743,D00,0.5499,0.013541,0.7789,TP
YOLO11s,Japan__Japan_012743,D00,0.289,0.001545,0.4296,FP_localization
YOLO11s,Japan__Japan_012743,D00,0.2884,0.003539,0.2684,FP_localization
YOLO11s,Japan__Japan_012765,D00,0.3292,0.022016,0.8999,TP
YOLO11s,Japan__Japan_012772,D00,0.4729,0.082793,0.0,FP_background
YOLO11s,Japan__Japan_012784,D00,0.4008,0.003802,0.6409,TP
YOLO11s,Japan__Japan_012784,D00,0.372,0.00828,0.9057,TP
YOLO11s,Japan__Japan_012807,D20,0.3734,0.19484,0.3097,FP_localization
YOLO11s,Japan__Japan_012807,D20,0.3293,0.132304,0.4579,FP_localization
YOLO11s,Japan__Japan_012807,D10,0.3274,0.006454,0.6094,TP
YOLO11s,Japan__Japan_012813,D20,0.3946,0.031313,0.2938,FP_localization
YOLO11s,Japan__Japan_012813,D20,0.3499,0.115088,0.9389,TP
YOLO11s,Japan__Japan_012829,D20,0.6349,0.089691,0.7427,TP
YOLO11s,Japan__Japan_012829,D40,0.2784,0.02139,0.6218,TP
YOLO11s,Japan__Japan_012879,D20,0.4213,0.467634,0.0,FP_background
YOLO11s,Japan__Japan_012879,D20,0.402,0.143017,0.0,FP_background
YOLO11s,Japan__Japan_012923,D20,0.4277,0.041129,0.5022,TP
YOLO11s,Japan__Japan_012923,D20,0.3144,0.059881,0.7354,FP_duplicate
YOLO11s,Japan__Japan_012933,D20,0.8437,0.334823,0.9,TP
YOLO11s,Japan__Japan_012954,D10,0.3987,0.021184,0.4961,FP_localization
YOLO11s,Japan__Japan_012954,D00,0.3483,0.052996,0.5539,TP
YOLO11s,Japan__Japan_012954,D10,0.3343,0.010885,0.7268,TP
YOLO11s,Japan__Japan_012957,D20,0.5948,0.096099,0.6139,TP
YOLO11s,Japan__Japan_012970,D00,0.7502,0.032538,0.7779,TP
YOLO11s,Japan__Japan_012970,D20,0.567,0.119386,0.5356,TP
YOLO11s,Japan__Japan_012970,D10,0.368,0.012543,0.7252,TP
YOLO11s,Japan__Japan_012970,D20,0.3523,0.166183,0.7767,FP_duplicate
YOLO11s,Japan__Japan_012970,D00,0.2917,0.018819,0.1234,FP_background
YOLO11s,Japan__Japan_012975,D20,0.4829,0.240723,0.8324,TP
YOLO11s,Japan__Japan_012975,D20,0.2447,0.093752,0.309,FP_localization
YOLO11s,Japan__Japan_012978,D00,0.6471,0.006869,0.7164,TP
YOLO11s,Japan__Japan_012978,D10,0.2638,0.006344,0.51,TP
YOLO11s,Japan__Japan_012978,D00,0.2591,0.00473,0.0,FP_background
YOLO11s,Japan__Japan_013005,D00,0.563,0.043447,0.3361,FP_localization
YOLO11s,Japan__Japan_013005,D00,0.5022,0.056956,0.1777,FP_localization
YOLO11s,Japan__Japan_013005,D00,0.41,0.116604,0.8111,TP
YOLO11s,Japan__Japan_013005,D00,0.4098,0.200494,0.6914,TP
YOLO11s,Japan__Japan_013005,D00,0.3992,0.004009,0.6472,TP
YOLO11s,Japan__Japan_013005,D20,0.3417,0.255368,0.8018,TP
YOLO11s,Japan__Japan_013015,D00,0.2804,0.00466,0.0766,FP_background
YOLO11s,Japan__Japan_013015,D10,0.2529,0.006225,0.9319,TP
YOLO11s,Japan__Japan_013025,D10,0.4713,0.056147,0.0,FP_background
YOLO11s,Japan__Japan_013037,D00,0.3166,0.002393,0.7068,TP
YOLO11s,Japan__Japan_013047,D00,0.3863,0.014176,0.8785,TP
YOLO11s,Japan__Japan_013047,D00,0.3525,0.02109,0.6145,FP_duplicate
YOLO11s,Japan__Japan_013058,D20,0.7609,0.264882,0.8776,TP
YOLO11s,Japan__Japan_013058,D20,0.2509,0.544281,0.34,FP_localization
YOLO11s,Japan__Japan_013058,D20,0.2493,0.177076,0.7422,TP
YOLO11s,Japan__Japan_013110,D20,0.4972,0.254815,0.9083,TP
YOLO11s,Japan__Japan_013132,D00,0.499,0.05687,0.7467,FP_classification
YOLO11s,Norway__Norway_000044,D00,0.7118,0.085994,0.8935,FP_classification
YOLO11s,Norway__Norway_000044,D10,0.3233,0.084717,0.8746,TP
YOLO11s,Norway__Norway_000050,D00,0.5201,0.015557,0.9312,TP
YOLO11s,Norway__Norway_000066,D00,0.5952,0.087899,0.9214,TP
YOLO11s,Norway__Norway_000090,D00,0.6166,0.002414,0.7744,TP
YOLO11s,Norway__Norway_000099,D00,0.6399,0.007918,0.6023,TP
YOLO11s,Norway__Norway_000099,D00,0.6005,0.00197,0.8116,TP
YOLO11s,Norway__Norway_000099,D00,0.3517,0.005551,0.7967,TP
YOLO11s,Norway__Norway_000099,D00,0.304,0.006989,0.8092,FP_duplicate
YOLO11s,Norway__Norway_000103,D00,0.385,0.007291,0.6825,TP
YOLO11s,Norway__Norway_000103,D00,0.2609,0.002988,0.2997,FP_localization
YOLO11s,Norway__Norway_000149,D00,0.5267,0.006622,0.8596,TP
YOLO11s,Norway__Norway_000149,D00,0.4033,0.019467,0.8859,TP
YOLO11s,Norway__Norway_000149,D00,0.3006,0.00845,0.4829,FP_localization
YOLO11s,Norway__Norway_000149,D00,0.2594,0.004067,0.537,FP_duplicate
YOLO11s,Norway__Norway_000176,D00,0.8301,0.021805,0.8779,TP
YOLO11s,Norway__Norway_000176,D00,0.6781,0.010966,0.8378,TP
YOLO11s,Norway__Norway_000176,D00,0.4961,0.0037,0.6976,TP
YOLO11s,Norway__Norway_000176,D00,0.4734,0.06231,0.8669,TP
YOLO11s,Norway__Norway_000176,D00,0.3067,0.040739,0.5782,FP_duplicate
YOLO11s,Norway__Norway_000176,D00,0.2653,0.005339,0.6816,FP_duplicate
YOLO11s,Norway__Norway_000176,D00,0.2544,0.016692,0.5731,FP_duplicate
YOLO11s,Norway__Norway_000205,D00,0.238,0.001523,0.8438,TP
YOLO11s,Norway__Norway_000281,D10,0.5415,0.014708,0.7466,TP
YOLO11s,Norway__Norway_000285,D00,0.329,0.049651,0.0,FP_background
YOLO11s,Norway__Norway_000288,D00,0.6845,0.019997,0.8822,TP
YOLO11s,Norway__Norway_000351,D00,0.6045,0.027381,0.9148,TP
YOLO11s,Norway__Norway_000351,D00,0.2716,0.007216,0.2369,FP_localization
YOLO11s,Norway__Norway_000351,D00,0.2711,0.011625,0.3734,FP_localization
YOLO11s,Norway__Norway_000351,D00,0.2671,0.002498,0.0,FP_background
YOLO11s,Norway__Norway_000351,D00,0.246,0.035999,0.5081,TP
YOLO11s,Norway__Norway_000416,D00,0.4224,0.0023,0.7648,TP
YOLO11s,Norway__Norway_000416,D00,0.3312,0.003992,0.4303,FP_localization
YOLO11s,Norway__Norway_000416,D00,0.3283,0.008259,0.208,FP_localization
YOLO11s,Norway__Norway_000416,D00,0.3176,0.000473,0.471,FP_localization
YOLO11s,Norway__Norway_000509,D00,0.7065,0.011436,0.8632,TP
YOLO11s,Norway__Norway_000512,D00,0.5116,0.005003,0.8229,TP
YOLO11s,Norway__Norway_000512,D00,0.4688,0.053175,0.1736,FP_localization
YOLO11s,Norway__Norway_000512,D00,0.4458,0.008395,0.4904,FP_localization
YOLO11s,Norway__Norway_000512,D00,0.4205,0.003514,0.5178,TP
YOLO11s,Norway__Norway_000512,D00,0.4092,0.003397,0.6739,FP_duplicate
YOLO11s,Norway__Norway_000532,D00,0.3469,0.003061,0.0,FP_background
YOLO11s,Norway__Norway_000597,D00,0.6594,0.007363,0.7524,TP
YOLO11s,Norway__Norway_000597,D00,0.2915,0.010639,0.865,FP_duplicate
YOLO11s,Norway__Norway_000632,D00,0.2873,0.000645,0.6577,TP
YOLO11s,Norway__Norway_000678,D20,0.3782,0.057348,0.3607,FP_localization
YOLO11s,Norway__Norway_000678,D00,0.3363,0.000477,0.5263,TP
YOLO11s,Norway__Norway_000678,D00,0.3205,0.006042,0.2341,FP_localization
YOLO11s,Norway__Norway_000700,D00,0.2573,0.000628,0.0,FP_background
YOLO11s,Norway__Norway_000702,D00,0.5988,0.002622,0.8558,TP
YOLO11s,Norway__Norway_000702,D00,0.5402,0.005244,0.8518,TP
YOLO11s,Norway__Norway_000702,D00,0.2928,0.008509,0.3234,FP_localization
YOLO11s,Norway__Norway_000702,D00,0.2858,0.004673,0.6791,FP_duplicate
YOLO11s,Norway__Norway_000702,D00,0.2698,0.028328,0.8384,TP
YOLO11s,Norway__Norway_000711,D00,0.442,0.031595,0.0,FP_background
YOLO11s,Norway__Norway_000736,D00,0.5406,0.001994,0.6015,TP
YOLO11s,Norway__Norway_000746,D00,0.3313,0.011126,0.7636,TP
YOLO11s,Norway__Norway_000759,D00,0.758,0.050088,0.9151,TP
YOLO11s,Norway__Norway_000759,D00,0.5606,0.139811,0.7863,TP
YOLO11s,Norway__Norway_000831,D10,0.4867,0.013248,0.3404,FP_localization
YOLO11s,Norway__Norway_000831,D20,0.4446,0.025525,0.7508,TP
YOLO11s,Norway__Norway_000831,D10,0.3539,0.030288,0.7781,TP
YOLO11s,Norway__Norway_000853,D00,0.7438,0.008788,0.6859,TP
YOLO11s,Norway__Norway_000853,D00,0.5888,0.083904,0.7382,TP
YOLO11s,Norway__Norway_000853,D00,0.2585,0.059072,0.5597,FP_duplicate
YOLO11s,Norway__Norway_000868,D00,0.3346,0.001379,0.6062,TP
YOLO11s,Norway__Norway_000922,D00,0.4904,0.003331,0.3554,FP_localization
YOLO11s,Norway__Norway_000922,D00,0.4209,0.000879,0.7338,TP
YOLO11s,Norway__Norway_000922,D00,0.3809,0.00188,0.5665,TP
YOLO11s,Norway__Norway_000922,D00,0.3615,0.000932,0.3358,FP_background
YOLO11s,Norway__Norway_000922,D00,0.3613,0.00038,0.4983,FP_localization
YOLO11s,Norway__Norway_000922,D00,0.3542,0.002582,0.684,TP
YOLO11s,Norway__Norway_000922,D10,0.3354,0.026803,0.8634,TP
YOLO11s,Norway__Norway_000922,D10,0.3089,0.007713,0.681,TP
YOLO11s,Norway__Norway_000922,D00,0.2839,0.001333,0.4313,FP_background
YOLO11s,Norway__Norway_000922,D00,0.2825,0.002776,0.9466,FP_duplicate
YOLO11s,Norway__Norway_000922,D10,0.279,0.011588,0.6007,TP
YOLO11s,Norway__Norway_000922,D00,0.2678,0.005094,0.0377,FP_background
YOLO11s,Norway__Norway_000922,D00,0.2646,0.000948,0.4012,FP_localization
YOLO11s,Norway__Norway_000922,D00,0.2454,0.000382,0.341,FP_localization
YOLO11s,Norway__Norway_000922,D00,0.2443,0.001753,0.626,FP_classification
YOLO11s,Norway__Norway_000922,D00,0.2379,0.004331,0.3893,FP_localization
YOLO11s,Norway__Norway_000943,D00,0.3617,0.002486,0.8115,TP
YOLO11s,Norway__Norway_000943,D00,0.348,0.016364,0.5721,TP
YOLO11s,Norway__Norway_000943,D00,0.3172,0.060253,0.4747,FP_localization
YOLO11s,Norway__Norway_000943,D00,0.3146,0.026685,0.7457,FP_duplicate
YOLO11s,Norway__Norway_000943,D00,0.2955,0.002024,0.1833,FP_localization
YOLO11s,Norway__Norway_000943,D00,0.2386,0.001811,0.2153,FP_localization
YOLO11s,Norway__Norway_000947,D00,0.6695,0.015976,0.8516,TP
YOLO11s,Norway__Norway_000963,D00,0.4782,0.030758,0.1225,FP_localization
YOLO11s,Norway__Norway_000967,D00,0.2802,0.000648,0.0,FP_background
YOLO11s,Norway__Norway_000986,D00,0.614,0.06049,0.8734,TP
YOLO11s,Norway__Norway_000989,D00,0.4961,0.006143,0.3386,FP_localization
YOLO11s,Norway__Norway_000989,D10,0.3897,0.030647,0.5725,TP
YOLO11s,Norway__Norway_000989,D00,0.3258,0.00259,0.7337,TP
YOLO11s,Norway__Norway_001019,D20,0.618,0.04752,0.8171,TP
YOLO11s,Norway__Norway_001019,D00,0.5682,0.001713,0.7018,TP
YOLO11s,Norway__Norway_001019,D00,0.5557,0.006651,0.8639,TP
YOLO11s,Norway__Norway_001019,D00,0.4341,0.010035,0.8092,TP
YOLO11s,Norway__Norway_001019,D00,0.4335,0.003433,0.7789,TP
YOLO11s,Norway__Norway_001019,D00,0.3687,0.000912,0.3209,FP_localization
YOLO11s,Norway__Norway_001019,D00,0.3497,0.000838,0.5276,TP
YOLO11s,Norway__Norway_001019,D00,0.3328,0.009664,0.8762,TP
YOLO11s,Norway__Norway_001019,D00,0.3125,0.005197,0.4542,FP_localization
YOLO11s,Norway__Norway_001019,D00,0.2963,0.001673,0.365,FP_localization
YOLO11s,Norway__Norway_001019,D00,0.2853,0.004733,0.4769,FP_localization
YOLO11s,Norway__Norway_001019,D00,0.2506,0.004332,0.0,FP_background
YOLO11s,Norway__Norway_001019,D00,0.246,0.001825,0.1836,FP_localization
YOLO11s,Norway__Norway_001053,D00,0.3689,0.000906,0.5665,TP
YOLO11s,Norway__Norway_001053,D00,0.3477,0.023864,0.773,TP
YOLO11s,Norway__Norway_001053,D00,0.343,0.001316,0.5122,FP_duplicate
YOLO11s,Norway__Norway_001053,D00,0.251,0.000726,0.6033,TP
YOLO11s,Norway__Norway_001058,D00,0.4939,0.002806,0.7134,TP
YOLO11s,Norway__Norway_001058,D00,0.4264,0.06685,0.3153,FP_localization
YOLO11s,Norway__Norway_001058,D00,0.292,0.016877,0.7816,TP
YOLO11s,Norway__Norway_001058,D00,0.2476,0.003769,0.6879,TP
YOLO11s,Norway__Norway_001080,D00,0.7102,0.012812,0.8791,TP
YOLO11s,Norway__Norway_001080,D00,0.6157,0.014789,0.6926,TP
YOLO11s,Norway__Norway_001080,D00,0.6078,0.007118,0.6444,TP
YOLO11s,Norway__Norway_001080,D00,0.5598,0.0077,0.7387,TP
YOLO11s,Norway__Norway_001080,D00,0.4879,0.007923,0.8088,TP
YOLO11s,Norway__Norway_001080,D00,0.4838,0.000656,0.0,FP_background
YOLO11s,Norway__Norway_001080,D00,0.2524,0.01711,0.3745,FP_localization
YOLO11s,Norway__Norway_001083,D00,0.443,0.003188,0.6904,TP
YOLO11s,Norway__Norway_001083,D00,0.3929,0.002156,0.513,FP_duplicate
YOLO11s,Norway__Norway_001106,D00,0.3257,0.000412,0.0,FP_background
YOLO11s,Norway__Norway_001142,D00,0.5323,0.072952,0.4782,FP_localization
YOLO11s,Norway__Norway_001142,D00,0.2464,0.004547,0.4765,FP_localization
YOLO11s,Norway__Norway_001152,D00,0.302,0.011802,0.0,FP_background
YOLO11s,Norway__Norway_001188,D00,0.5151,0.021198,0.9187,TP
YOLO11s,Norway__Norway_001188,D00,0.3698,0.029906,0.7236,FP_duplicate
YOLO11s,Norway__Norway_001192,D00,0.3521,0.028963,0.6305,TP
YOLO11s,Norway__Norway_001197,D00,0.5235,0.004258,0.3858,FP_localization
YOLO11s,Norway__Norway_001197,D00,0.3932,0.008085,0.6866,TP
YOLO11s,Norway__Norway_001197,D10,0.3402,0.027941,0.4217,FP_localization
YOLO11s,Norway__Norway_001232,D10,0.333,0.039255,0.2182,FP_localization
YOLO11s,Norway__Norway_001234,D00,0.2442,0.019557,0.255,FP_localization
YOLO11s,Norway__Norway_001268,D00,0.3069,0.002776,0.0,FP_background
YOLO11s,Norway__Norway_001279,D40,0.4984,0.000934,0.7575,TP
YOLO11s,Norway__Norway_001279,D00,0.4309,0.003246,0.7041,FP_classification
YOLO11s,Norway__Norway_001279,D00,0.3363,0.000698,0.0,FP_background
YOLO11s,Norway__Norway_001332,D00,0.4407,0.000834,0.793,TP
YOLO11s,Norway__Norway_001332,D00,0.3248,0.000772,0.7756,TP
YOLO11s,Norway__Norway_001332,D00,0.2782,0.001257,0.526,FP_duplicate
YOLO11s,Norway__Norway_001340,D00,0.5648,0.002999,0.7464,TP
YOLO11s,Norway__Norway_001340,D00,0.3283,0.05109,0.078,FP_background
YOLO11s,Norway__Norway_001343,D00,0.6569,0.009494,0.865,TP
YOLO11s,Norway__Norway_001343,D00,0.4485,0.001658,0.7583,TP
YOLO11s,Norway__Norway_001348,D00,0.7607,0.027819,0.8542,TP
YOLO11s,Norway__Norway_001348,D00,0.4934,0.016564,0.6759,TP
YOLO11s,Norway__Norway_001348,D00,0.4355,0.01139,0.889,FP_duplicate
YOLO11s,Norway__Norway_001348,D00,0.4175,0.006266,0.4927,FP_localization
YOLO11s,Norway__Norway_001348,D20,0.2903,0.016496,0.2578,FP_background
YOLO11s,Norway__Norway_001348,D00,0.2903,0.007435,0.5516,TP
YOLO11s,Norway__Norway_001348,D00,0.2432,0.007154,0.6561,TP
YOLO11s,Norway__Norway_001397,D00,0.2405,0.000773,0.7092,TP
YOLO11s,Norway__Norway_001425,D00,0.3095,0.052104,0.4329,FP_localization
YOLO11s,Norway__Norway_001425,D00,0.2631,0.031012,0.1677,FP_localization
YOLO11s,Norway__Norway_001440,D10,0.3479,0.010433,0.6364,TP
YOLO11s,Norway__Norway_001440,D00,0.3471,0.002955,0.1551,FP_localization
YOLO11s,Norway__Norway_001440,D00,0.2567,0.007396,0.0719,FP_background
YOLO11s,Norway__Norway_001468,D00,0.7557,0.080505,0.8012,TP
YOLO11s,Norway__Norway_001494,D00,0.6825,0.013366,0.806,TP
YOLO11s,Norway__Norway_001494,D00,0.5476,0.00262,0.595,TP
YOLO11s,Norway__Norway_001494,D00,0.4007,0.006125,0.7362,TP
YOLO11s,Norway__Norway_001494,D00,0.3852,0.001335,0.5563,TP
YOLO11s,Norway__Norway_001496,D00,0.4311,0.002097,0.2861,FP_localization
YOLO11s,Norway__Norway_001496,D00,0.3325,0.004879,0.6062,TP
YOLO11s,Norway__Norway_001525,D00,0.7365,0.037697,0.8337,TP
YOLO11s,Norway__Norway_001525,D00,0.4697,0.003506,0.5147,TP
YOLO11s,Norway__Norway_001525,D00,0.326,0.004715,0.7636,TP
YOLO11s,Norway__Norway_001525,D00,0.2423,0.004264,0.093,FP_background
YOLO11s,Norway__Norway_001530,D00,0.6318,0.040216,0.0,FP_background
YOLO11s,Norway__Norway_001530,D00,0.413,0.001551,0.4455,FP_localization
YOLO11s,Norway__Norway_001530,D00,0.3807,0.001836,0.7486,TP
YOLO11s,Norway__Norway_001530,D10,0.2553,0.002561,0.4198,FP_localization
YOLO11s,Norway__Norway_001675,D00,0.7531,0.005986,0.7504,TP
YOLO11s,Norway__Norway_001675,D00,0.3281,0.002379,0.7876,TP
YOLO11s,Norway__Norway_001680,D00,0.3091,0.004921,0.1094,FP_background
YOLO11s,Norway__Norway_001680,D00,0.2603,0.028976,0.0213,FP_background
YOLO11s,Norway__Norway_001680,D10,0.2527,0.004119,0.1037,FP_background
YOLO11s,Norway__Norway_001688,D20,0.7923,0.006816,0.8742,TP
YOLO11s,Norway__Norway_001688,D00,0.4466,0.002151,0.7532,TP
YOLO11s,Norway__Norway_001694,D00,0.6429,0.004672,0.7836,TP
YOLO11s,Norway__Norway_001705,D00,0.6292,0.013582,0.8208,TP
YOLO11s,Norway__Norway_001705,D00,0.2654,0.007202,0.3194,FP_localization
YOLO11s,Norway__Norway_001705,D00,0.2491,0.001589,0.6522,TP
YOLO11s,Norway__Norway_001726,D00,0.5907,0.006322,0.8346,TP
YOLO11s,Norway__Norway_001726,D00,0.4597,0.001454,0.6669,TP
YOLO11s,Norway__Norway_001847,D00,0.4895,0.001731,0.7162,TP
YOLO11s,Norway__Norway_001872,D00,0.3767,0.023117,0.0,FP_background
YOLO11s,Norway__Norway_001872,D00,0.2922,0.002266,0.3304,FP_localization
YOLO11s,Norway__Norway_001935,D00,0.8518,0.0524,0.9388,TP
YOLO11s,Norway__Norway_001935,D00,0.6886,0.006874,0.8742,TP
YOLO11s,Norway__Norway_001935,D00,0.5829,0.009549,0.6849,TP
YOLO11s,Norway__Norway_001935,D00,0.4592,0.00377,0.7306,TP
YOLO11s,Norway__Norway_001935,D00,0.3701,0.000605,0.4861,FP_localization
YOLO11s,Norway__Norway_001935,D00,0.3575,0.041009,0.4617,FP_localization
YOLO11s,Norway__Norway_001935,D00,0.2873,0.001281,0.2788,FP_localization
YOLO11s,Norway__Norway_001936,D00,0.6958,0.003888,0.6579,TP
YOLO11s,Norway__Norway_001979,D00,0.5814,0.014504,0.729,TP
YOLO11s,Norway__Norway_001979,D00,0.5534,0.004768,0.8452,TP
YOLO11s,Norway__Norway_001979,D00,0.5354,0.026291,0.5159,TP
YOLO11s,Norway__Norway_001979,D00,0.5221,0.01732,0.7831,FP_duplicate
YOLO11s,Norway__Norway_001979,D10,0.4944,0.012668,0.5434,TP
YOLO11s,Norway__Norway_001979,D00,0.4779,0.004111,0.3752,FP_localization
YOLO11s,Norway__Norway_001979,D10,0.3277,0.009788,0.4619,FP_localization
YOLO11s,Norway__Norway_001979,D00,0.2884,0.001973,0.5384,TP
YOLO11s,Norway__Norway_001979,D00,0.287,0.010663,0.8194,TP
YOLO11s,Norway__Norway_001979,D00,0.2853,0.013126,0.2701,FP_localization
YOLO11s,Norway__Norway_001979,D00,0.2842,0.015746,0.2073,FP_localization
YOLO11s,Norway__Norway_001979,D00,0.2462,0.002862,0.3804,FP_localization
YOLO11s,Norway__Norway_001996,D00,0.6057,0.065333,0.2427,FP_localization
YOLO11s,Norway__Norway_001996,D00,0.4898,0.004554,0.3683,FP_localization
YOLO11s,Norway__Norway_001996,D00,0.3074,0.001054,0.4363,FP_localization
YOLO11s,Norway__Norway_001996,D00,0.2925,0.000344,0.7822,TP
YOLO11s,Norway__Norway_002025,D00,0.6484,0.003068,0.539,TP
YOLO11s,Norway__Norway_002025,D00,0.241,0.003826,0.7292,TP
YOLO11s,Norway__Norway_002039,D00,0.6763,0.009598,0.9333,TP
YOLO11s,Norway__Norway_002039,D00,0.4019,0.002362,0.0394,FP_background
YOLO11s,Norway__Norway_002039,D00,0.3516,0.006563,0.1042,FP_background
YOLO11s,Norway__Norway_002039,D00,0.316,0.001632,0.8725,TP
YOLO11s,Norway__Norway_002039,D00,0.3074,0.059945,0.8772,FP_classification
YOLO11s,Norway__Norway_002039,D10,0.2853,0.01375,0.0261,FP_background
YOLO11s,Norway__Norway_002054,D10,0.4394,0.025038,0.7334,TP
YOLO11s,Norway__Norway_002054,D00,0.3628,0.015076,0.7542,TP
YOLO11s,Norway__Norway_002054,D10,0.2558,0.021641,0.6367,FP_duplicate
YOLO11s,Norway__Norway_002075,D00,0.4984,0.026074,0.684,TP
YOLO11s,Norway__Norway_002169,D00,0.7668,0.04141,0.6342,TP
YOLO11s,Norway__Norway_002181,D00,0.3146,0.033335,0.6298,TP
YOLO11s,Norway__Norway_002198,D00,0.7649,0.024124,0.8004,TP
YOLO11s,Norway__Norway_002198,D00,0.5211,0.001628,0.6558,TP
YOLO11s,Norway__Norway_002226,D00,0.3711,0.034414,0.7452,TP
YOLO11s,Norway__Norway_002281,D00,0.522,0.007446,0.8566,TP
YOLO11s,Norway__Norway_002398,D00,0.3075,0.002102,0.0,FP_background
YOLO11s,Norway__Norway_002407,D00,0.4984,0.014205,0.5874,TP
YOLO11s,Norway__Norway_002417,D00,0.7183,0.00651,0.783,TP
YOLO11s,Norway__Norway_002450,D00,0.2914,0.043164,0.074,FP_background
YOLO11s,Norway__Norway_002463,D00,0.2396,0.011699,0.8215,TP
YOLO11s,Norway__Norway_002485,D00,0.6296,0.023259,0.9074,TP
YOLO11s,Norway__Norway_002493,D00,0.3799,0.002376,0.0,FP_background
YOLO11s,Norway__Norway_002504,D00,0.3325,0.000823,0.6566,TP
YOLO11s,Norway__Norway_002515,D00,0.746,0.054451,0.4028,FP_localization
YOLO11s,Norway__Norway_002515,D00,0.4872,0.065259,0.9175,TP
YOLO11s,Norway__Norway_002542,D00,0.3574,0.025044,0.6349,TP
YOLO11s,Norway__Norway_002542,D00,0.2502,0.03607,0.4408,FP_localization
YOLO11s,Norway__Norway_002624,D00,0.7594,0.017448,0.7596,TP
YOLO11s,Norway__Norway_002641,D00,0.5417,0.003193,0.7573,TP
YOLO11s,Norway__Norway_002641,D00,0.4537,0.031335,0.2018,FP_localization
YOLO11s,Norway__Norway_002641,D00,0.4252,0.000838,0.7187,TP
YOLO11s,Norway__Norway_002641,D00,0.238,0.024332,0.0,FP_background
YOLO11s,Norway__Norway_002663,D00,0.3023,0.006658,0.7788,TP
YOLO11s,Norway__Norway_002663,D00,0.267,0.010258,0.5301,FP_duplicate
YOLO11s,Norway__Norway_002663,D00,0.2666,0.002191,0.0417,FP_background
YOLO11s,Norway__Norway_002681,D20,0.433,0.045033,0.8169,TP
YOLO11s,Norway__Norway_002681,D00,0.3145,0.007632,0.6658,TP
YOLO11s,Norway__Norway_002681,D00,0.27,0.000859,0.0145,FP_background
YOLO11s,Norway__Norway_002681,D00,0.2673,0.020423,0.3137,FP_background
YOLO11s,Norway__Norway_002683,D10,0.4433,0.010837,0.5479,TP
YOLO11s,Norway__Norway_002683,D10,0.2899,0.013858,0.6477,TP
YOLO11s,Norway__Norway_002683,D00,0.2752,0.002733,0.0084,FP_background
YOLO11s,Norway__Norway_002724,D10,0.3536,0.004461,0.0874,FP_background
YOLO11s,Norway__Norway_002755,D20,0.7984,0.02636,0.7641,TP
YOLO11s,Norway__Norway_002755,D00,0.4918,0.046624,0.9452,TP
YOLO11s,Norway__Norway_002755,D00,0.3661,0.008156,0.2913,FP_localization
YOLO11s,Norway__Norway_002755,D00,0.3146,0.048654,0.2011,FP_localization
YOLO11s,Norway__Norway_002853,D00,0.6979,0.017891,0.9416,TP
YOLO11s,Norway__Norway_002853,D00,0.3625,0.00109,0.7668,TP
YOLO11s,Norway__Norway_002853,D00,0.2933,0.028338,0.0,FP_background
YOLO11s,Norway__Norway_002853,D00,0.2818,0.002529,0.6027,TP
YOLO11s,Norway__Norway_002853,D00,0.2677,0.01676,0.0,FP_background
YOLO11s,Norway__Norway_002947,D00,0.4056,0.000503,0.0257,FP_background
YOLO11s,Norway__Norway_002947,D00,0.3921,0.013864,0.8273,TP
YOLO11s,Norway__Norway_002947,D00,0.3481,0.000852,0.0503,FP_background
YOLO11s,Norway__Norway_002947,D00,0.3395,0.006814,0.439,FP_localization
YOLO11s,Norway__Norway_002947,D00,0.2748,0.0026,0.1504,FP_localization
YOLO11s,Norway__Norway_002947,D00,0.267,0.002367,0.1362,FP_localization
YOLO11s,Norway__Norway_002955,D00,0.2565,0.012175,0.6221,TP
YOLO11s,Norway__Norway_002955,D00,0.2457,0.010827,0.393,FP_localization
YOLO11s,Norway__Norway_002992,D00,0.6921,0.018411,0.684,TP
YOLO11s,Norway__Norway_002992,D00,0.559,0.058221,0.6827,TP
YOLO11s,Norway__Norway_003004,D00,0.6591,0.013031,0.9245,TP
YOLO11s,Norway__Norway_003004,D00,0.3836,0.075875,0.1742,FP_localization
YOLO11s,Norway__Norway_003004,D00,0.3237,0.006017,0.7669,TP
YOLO11s,Norway__Norway_003036,D00,0.2975,0.014723,0.0,FP_background
YOLO11s,Norway__Norway_003043,D00,0.2378,0.001723,0.0,FP_background
YOLO11s,Norway__Norway_003101,D00,0.5846,0.009289,0.7261,TP
YOLO11s,Norway__Norway_003101,D00,0.5117,0.015003,0.7535,TP
YOLO11s,Norway__Norway_003101,D00,0.4207,0.003532,0.6104,TP
YOLO11s,Norway__Norway_003101,D00,0.3688,0.002406,0.417,FP_localization
YOLO11s,Norway__Norway_003101,D00,0.3334,0.005069,0.797,FP_duplicate
YOLO11s,Norway__Norway_003101,D10,0.2889,0.011347,0.6123,TP
YOLO11s,Norway__Norway_003101,D10,0.2676,0.015771,0.7796,FP_duplicate
YOLO11s,Norway__Norway_003122,D00,0.5549,0.006513,0.9069,TP
YOLO11s,Norway__Norway_003122,D00,0.5085,0.002425,0.8598,TP
YOLO11s,Norway__Norway_003122,D00,0.4942,0.003706,0.3063,FP_localization
YOLO11s,Norway__Norway_003122,D00,0.3227,0.001975,0.2733,FP_localization
YOLO11s,Norway__Norway_003122,D00,0.2924,0.002191,0.1087,FP_localization
YOLO11s,Norway__Norway_003122,D00,0.2837,0.000644,0.5768,TP
YOLO11s,Norway__Norway_003122,D00,0.2814,0.000789,0.7954,FP_duplicate
YOLO11s,Norway__Norway_003122,D00,0.2616,0.002973,0.2329,FP_localization
YOLO11s,Norway__Norway_003138,D00,0.3623,0.032228,0.7489,TP
YOLO11s,Norway__Norway_003138,D10,0.3514,0.011188,0.349,FP_background
YOLO11s,Norway__Norway_003138,D00,0.2449,0.002996,0.043,FP_background
YOLO11s,Norway__Norway_003192,D00,0.6577,0.022931,0.909,TP
YOLO11s,Norway__Norway_003192,D10,0.2895,0.011984,0.0,FP_background
YOLO11s,Norway__Norway_003195,D10,0.3266,0.029681,0.6901,TP
YOLO11s,Norway__Norway_003262,D00,0.3853,0.001542,0.4809,FP_localization
YOLO11s,Norway__Norway_003295,D00,0.4331,0.001339,0.7358,TP
YOLO11s,Norway__Norway_003295,D00,0.2475,0.000488,0.6528,TP
YOLO11s,Norway__Norway_003348,D00,0.2974,0.080615,0.6824,TP
YOLO11s,Norway__Norway_003348,D00,0.2708,0.00631,0.0899,FP_background
YOLO11s,Norway__Norway_003348,D00,0.2572,0.050655,0.7816,FP_duplicate
YOLO11s,Norway__Norway_003359,D00,0.4814,0.002644,0.8332,TP
YOLO11s,Norway__Norway_003432,D00,0.3212,0.001082,0.0,FP_background
YOLO11s,Norway__Norway_003443,D10,0.263,0.017693,0.0,FP_background
YOLO11s,Norway__Norway_003446,D00,0.7111,0.02261,0.9295,TP
YOLO11s,Norway__Norway_003446,D00,0.5686,0.019319,0.8796,TP
YOLO11s,Norway__Norway_003446,D00,0.2566,0.012893,0.6692,FP_duplicate
YOLO11s,Norway__Norway_003448,D00,0.3784,0.001438,0.5743,TP
YOLO11s,Norway__Norway_003480,D10,0.5475,0.007576,0.0,FP_background
YOLO11s,Norway__Norway_003503,D00,0.6394,0.005363,0.6778,TP
YOLO11s,Norway__Norway_003530,D00,0.4811,0.029993,0.0,FP_background
YOLO11s,Norway__Norway_003542,D00,0.2443,0.002557,0.6704,TP
YOLO11s,Norway__Norway_003558,D00,0.4712,0.010814,0.8601,TP
YOLO11s,Norway__Norway_003558,D00,0.4574,0.015884,0.7027,FP_duplicate
YOLO11s,Norway__Norway_003558,D00,0.2435,0.001576,0.2804,FP_localization
YOLO11s,Norway__Norway_003641,D20,0.4026,0.023804,0.7633,FP_classification
YOLO11s,Norway__Norway_003641,D20,0.3159,0.01646,0.8253,FP_classification
YOLO11s,Norway__Norway_003641,D20,0.2589,0.038969,0.4776,FP_background
YOLO11s,Norway__Norway_003730,D00,0.7683,0.024285,0.815,TP
YOLO11s,Norway__Norway_003730,D00,0.7092,0.008192,0.8626,TP
YOLO11s,Norway__Norway_003730,D00,0.5275,0.006523,0.7967,TP
YOLO11s,Norway__Norway_003730,D00,0.498,0.002306,0.5068,TP
YOLO11s,Norway__Norway_003730,D00,0.3853,0.044093,0.6497,TP
YOLO11s,Norway__Norway_003730,D00,0.3606,0.01058,0.6695,FP_duplicate
YOLO11s,Norway__Norway_003730,D00,0.3503,0.000928,0.4537,FP_localization
YOLO11s,Norway__Norway_003730,D00,0.3496,0.001188,0.3462,FP_localization
YOLO11s,Norway__Norway_003730,D00,0.3272,0.01684,0.565,FP_duplicate
YOLO11s,Norway__Norway_003730,D00,0.3177,0.004508,0.275,FP_localization
YOLO11s,Norway__Norway_003730,D00,0.249,0.005132,0.2177,FP_localization
YOLO11s,Norway__Norway_003771,D10,0.2784,0.023703,0.7378,TP
YOLO11s,Norway__Norway_003817,D00,0.335,0.055157,0.0,FP_background
YOLO11s,Norway__Norway_003836,D00,0.5692,0.046696,0.8783,TP
YOLO11s,Norway__Norway_003922,D00,0.6146,0.016586,0.7739,TP
YOLO11s,Norway__Norway_004008,D10,0.3089,0.006693,0.0,FP_background
YOLO11s,Norway__Norway_004032,D00,0.4787,0.005749,0.7227,TP
YOLO11s,Norway__Norway_004046,D00,0.6608,0.012152,0.888,TP
YOLO11s,Norway__Norway_004046,D00,0.5958,0.066789,0.8817,TP
YOLO11s,Norway__Norway_004046,D00,0.4396,0.001597,0.453,FP_localization
YOLO11s,Norway__Norway_004095,D00,0.7672,0.035995,0.8913,TP
YOLO11s,Norway__Norway_004118,D00,0.3879,0.007786,0.7508,TP
YOLO11s,Norway__Norway_004118,D00,0.3825,0.010806,0.7292,TP
YOLO11s,Norway__Norway_004118,D10,0.3175,0.010252,0.6816,TP
YOLO11s,Norway__Norway_004196,D00,0.4803,0.004071,0.6231,TP
YOLO11s,Norway__Norway_004196,D00,0.4624,0.019453,0.3638,FP_localization
YOLO11s,Norway__Norway_004196,D00,0.3912,0.000605,0.6172,TP
YOLO11s,Norway__Norway_004196,D00,0.3847,0.003476,0.5455,TP
YOLO11s,Norway__Norway_004196,D00,0.3545,0.008268,0.6752,FP_duplicate
YOLO11s,Norway__Norway_004196,D00,0.3243,0.025078,0.3707,FP_localization
YOLO11s,Norway__Norway_004196,D00,0.3093,0.014037,0.2388,FP_localization
YOLO11s,Norway__Norway_004196,D00,0.2664,0.020868,0.312,FP_localization
YOLO11s,Norway__Norway_004196,D00,0.2417,0.002232,0.3623,FP_localization
YOLO11s,Norway__Norway_004242,D00,0.56,0.001934,0.7134,TP
YOLO11s,Norway__Norway_004242,D00,0.5595,0.004685,0.5833,TP
YOLO11s,Norway__Norway_004242,D00,0.5567,0.01237,0.6364,TP
YOLO11s,Norway__Norway_004242,D00,0.4538,0.007096,0.79,FP_duplicate
YOLO11s,Norway__Norway_004294,D00,0.5195,0.037206,0.3996,FP_localization
YOLO11s,Norway__Norway_004294,D00,0.2595,0.003662,0.8899,TP
YOLO11s,Norway__Norway_004302,D00,0.4406,0.000832,0.71,TP
YOLO11s,Norway__Norway_004302,D00,0.4388,0.021941,0.767,TP
YOLO11s,Norway__Norway_004302,D00,0.381,0.000576,0.3784,FP_localization
YOLO11s,Norway__Norway_004302,D00,0.2727,0.000869,0.5766,TP
YOLO11s,Norway__Norway_004302,D00,0.2695,0.014954,0.6647,FP_duplicate
YOLO11s,Norway__Norway_004302,D00,0.2694,0.000824,0.5036,TP
YOLO11s,Norway__Norway_004302,D00,0.2435,0.001336,0.6631,FP_duplicate
YOLO11s,Norway__Norway_004327,D00,0.246,0.042712,0.0,FP_background
YOLO11s,Norway__Norway_004376,D00,0.7727,0.007795,0.8372,TP
YOLO11s,Norway__Norway_004394,D00,0.3509,0.005459,0.827,TP
YOLO11s,Norway__Norway_004453,D00,0.7513,0.007344,0.6295,TP
YOLO11s,Norway__Norway_004453,D00,0.3855,0.044204,0.578,TP
YOLO11s,Norway__Norway_004453,D00,0.2662,0.081912,0.3119,FP_localization
YOLO11s,Norway__Norway_004469,D00,0.6735,0.037882,0.0,FP_background
YOLO11s,Norway__Norway_004502,D00,0.5324,0.086919,0.9106,TP
YOLO11s,Norway__Norway_004531,D00,0.3315,0.003423,0.0,FP_background
YOLO11s,Norway__Norway_004561,D00,0.4334,0.002549,0.6203,TP
YOLO11s,Norway__Norway_004561,D00,0.396,0.00144,0.7468,FP_duplicate
YOLO11s,Norway__Norway_004606,D00,0.4154,0.001351,0.0,FP_background
YOLO11s,Norway__Norway_004606,D00,0.3077,0.004662,0.0,FP_background
YOLO11s,Norway__Norway_004626,D00,0.3153,0.051648,0.5835,TP
YOLO11s,Norway__Norway_004638,D00,0.7051,0.032814,0.8524,TP
YOLO11s,Norway__Norway_004640,D10,0.471,0.034073,0.467,FP_localization
YOLO11s,Norway__Norway_004657,D00,0.667,0.034519,0.8039,TP
YOLO11s,Norway__Norway_004657,D00,0.2374,0.000871,0.021,FP_background
YOLO11s,Norway__Norway_004674,D00,0.7969,0.022911,0.9654,TP
YOLO11s,Norway__Norway_004674,D20,0.53,0.010206,0.7092,TP
YOLO11s,Norway__Norway_004674,D20,0.4524,0.015538,0.6777,FP_duplicate
YOLO11s,Norway__Norway_004674,D00,0.3121,0.002324,0.6056,TP
YOLO11s,Norway__Norway_004674,D00,0.2584,0.013151,0.0,FP_background
YOLO11s,Norway__Norway_004679,D00,0.4956,0.011638,0.8577,TP
YOLO11s,Norway__Norway_004679,D00,0.4172,0.000839,0.5378,TP
YOLO11s,Norway__Norway_004679,D00,0.362,0.004739,0.4224,FP_localization
YOLO11s,Norway__Norway_004679,D00,0.3075,0.001704,0.734,TP
YOLO11s,Norway__Norway_004679,D00,0.253,0.008337,0.6884,FP_duplicate
YOLO11s,Norway__Norway_004679,D00,0.2424,0.001707,0.7493,FP_duplicate
YOLO11s,Norway__Norway_004693,D10,0.2396,0.022704,0.4994,FP_localization
YOLO11s,Norway__Norway_004743,D20,0.349,0.031745,0.0,FP_background
YOLO11s,Norway__Norway_004755,D00,0.3593,0.00377,0.6252,TP
YOLO11s,Norway__Norway_004771,D00,0.3758,0.019847,0.5664,TP
YOLO11s,Norway__Norway_004771,D00,0.2689,0.009591,0.6256,FP_duplicate
YOLO11s,Norway__Norway_004854,D00,0.7002,0.024801,0.5667,TP
YOLO11s,Norway__Norway_004854,D00,0.3282,0.012259,0.5423,TP
YOLO11s,Norway__Norway_004854,D00,0.3156,0.000819,0.57,TP
YOLO11s,Norway__Norway_004854,D00,0.28,0.04064,0.8926,FP_duplicate
YOLO11s,Norway__Norway_004878,D00,0.3971,0.009925,0.7713,TP
YOLO11s,Norway__Norway_004881,D00,0.5664,0.012508,0.3573,FP_background
YOLO11s,Norway__Norway_004881,D00,0.2486,0.000627,0.0,FP_background
YOLO11s,Norway__Norway_004892,D10,0.329,0.013723,0.4845,FP_localization
YOLO11s,Norway__Norway_004892,D00,0.307,0.038088,0.2039,FP_background
YOLO11s,Norway__Norway_004892,D10,0.2854,0.032824,0.8609,TP
YOLO11s,Norway__Norway_004928,D00,0.3763,0.000761,0.5986,TP
YOLO11s,Norway__Norway_004931,D00,0.6836,0.005425,0.755,TP
YOLO11s,Norway__Norway_004931,D00,0.6299,0.029365,0.7481,TP
YOLO11s,Norway__Norway_004931,D00,0.572,0.005087,0.8062,TP
YOLO11s,Norway__Norway_004931,D00,0.3864,0.007137,0.5601,TP
YOLO11s,Norway__Norway_004931,D00,0.3143,0.002934,0.441,FP_localization
YOLO11s,Norway__Norway_004931,D00,0.2586,0.005693,0.0516,FP_background
YOLO11s,Norway__Norway_004931,D00,0.238,0.006376,0.3197,FP_localization
YOLO11s,Norway__Norway_004940,D00,0.7158,0.005991,0.8746,TP
YOLO11s,Norway__Norway_004940,D00,0.3907,0.021145,0.2641,FP_localization
YOLO11s,Norway__Norway_004940,D00,0.2746,0.003103,0.5738,TP
YOLO11s,Norway__Norway_004940,D00,0.2634,0.002572,0.4802,FP_localization
YOLO11s,Norway__Norway_004940,D00,0.2515,0.00213,0.4003,FP_localization
YOLO11s,Norway__Norway_004954,D00,0.5672,0.019895,0.7809,TP
YOLO11s,Norway__Norway_004954,D00,0.4765,0.031107,0.7405,TP
YOLO11s,Norway__Norway_004954,D00,0.4724,0.009339,0.8354,TP
YOLO11s,Norway__Norway_004969,D00,0.7685,0.034399,0.8976,TP
YOLO11s,Norway__Norway_005032,D00,0.5413,0.00121,0.7978,TP
YOLO11s,Norway__Norway_005032,D00,0.2641,0.000431,0.8325,TP
YOLO11s,Norway__Norway_005044,D00,0.4541,0.001724,0.5985,TP
YOLO11s,Norway__Norway_005044,D00,0.3656,0.029936,0.8333,TP
YOLO11s,Norway__Norway_005055,D00,0.259,0.001636,0.4774,FP_localization
YOLO11s,Norway__Norway_005108,D20,0.6954,0.064178,0.2647,FP_background
YOLO11s,Norway__Norway_005168,D00,0.3562,0.007506,0.8192,TP
YOLO11s,Norway__Norway_005197,D00,0.5066,0.03747,0.8529,TP
YOLO11s,Norway__Norway_005238,D00,0.4939,0.004395,0.6148,TP
YOLO11s,Norway__Norway_005238,D00,0.4869,0.006334,0.2323,FP_localization
YOLO11s,Norway__Norway_005238,D00,0.4809,0.003313,0.7735,TP
YOLO11s,Norway__Norway_005238,D10,0.4063,0.006822,0.4643,FP_localization
YOLO11s,Norway__Norway_005238,D00,0.374,0.001956,0.732,TP
YOLO11s,Norway__Norway_005238,D00,0.3684,0.005987,0.5574,TP
YOLO11s,Norway__Norway_005238,D00,0.347,0.004354,0.3379,FP_localization
YOLO11s,Norway__Norway_005238,D00,0.3125,0.014558,0.4753,FP_localization
YOLO11s,Norway__Norway_005238,D00,0.2754,0.001694,0.5173,TP
YOLO11s,Norway__Norway_005242,D20,0.5892,0.079598,0.8821,TP
YOLO11s,Norway__Norway_005242,D20,0.4197,0.004457,0.4816,FP_localization
YOLO11s,Norway__Norway_005242,D00,0.3608,0.006131,0.6123,TP
YOLO11s,Norway__Norway_005254,D00,0.4355,0.006331,0.0,FP_background
YOLO11s,Norway__Norway_005262,D00,0.3145,0.009846,0.0,FP_background
YOLO11s,Norway__Norway_005274,D00,0.5465,0.017751,0.2916,FP_localization
YOLO11s,Norway__Norway_005274,D00,0.4755,0.021685,0.0,FP_background
YOLO11s,Norway__Norway_005274,D00,0.3799,0.001141,0.5814,TP
YOLO11s,Norway__Norway_005274,D00,0.3759,0.005233,0.0,FP_background
YOLO11s,Norway__Norway_005274,D00,0.3668,0.001005,0.8578,TP
YOLO11s,Norway__Norway_005274,D00,0.3211,0.002379,0.4322,FP_localization
YOLO11s,Norway__Norway_005274,D00,0.2785,0.008602,0.6102,TP
YOLO11s,Norway__Norway_005443,D00,0.4378,0.007207,0.8686,TP
YOLO11s,Norway__Norway_005443,D00,0.2727,0.00048,0.5092,TP
YOLO11s,Norway__Norway_005443,D00,0.268,0.00171,0.7009,TP
YOLO11s,Norway__Norway_005445,D10,0.3138,0.022718,0.5568,TP
YOLO11s,Norway__Norway_005445,D10,0.2508,0.006645,0.1407,FP_localization
YOLO11s,Norway__Norway_005525,D00,0.2585,0.003061,0.8176,TP
YOLO11s,Norway__Norway_005553,D00,0.5488,0.001694,0.7142,TP
YOLO11s,Norway__Norway_005559,D00,0.5461,0.022309,0.7143,TP
YOLO11s,Norway__Norway_005559,D00,0.3547,0.02482,0.6452,FP_duplicate
YOLO11s,Norway__Norway_005559,D00,0.2885,0.015414,0.8796,FP_duplicate
YOLO11s,Norway__Norway_005559,D00,0.2803,0.0138,0.6834,TP
YOLO11s,Norway__Norway_005559,D00,0.2457,0.005098,0.1033,FP_localization
YOLO11s,Norway__Norway_005596,D00,0.2944,0.046416,0.3207,FP_localization
YOLO11s,Norway__Norway_005596,D00,0.2871,0.035294,0.4217,FP_localization
YOLO11s,Norway__Norway_005619,D10,0.2917,0.007181,0.617,TP
YOLO11s,Norway__Norway_005642,D00,0.2571,0.010399,0.0,FP_background
YOLO11s,Norway__Norway_005661,D00,0.6906,0.006984,0.9213,TP
YOLO11s,Norway__Norway_005686,D00,0.3063,0.002646,0.0,FP_background
YOLO11s,Norway__Norway_005711,D00,0.4411,0.006765,0.0,FP_background
YOLO11s,Norway__Norway_005727,D00,0.5041,0.015893,0.2001,FP_localization
YOLO11s,Norway__Norway_005727,D00,0.4143,0.016026,0.7375,TP
YOLO11s,Norway__Norway_005727,D00,0.2968,0.002657,0.6819,TP
YOLO11s,Norway__Norway_005727,D00,0.2645,0.005848,0.3434,FP_localization
YOLO11s,Norway__Norway_005727,D00,0.2496,0.012364,0.2675,FP_localization
YOLO11s,Norway__Norway_005754,D00,0.5035,0.005911,0.3043,FP_localization
YOLO11s,Norway__Norway_005754,D00,0.4019,0.004685,0.7402,TP
YOLO11s,Norway__Norway_005754,D00,0.3764,0.003921,0.4587,FP_localization
YOLO11s,Norway__Norway_005754,D00,0.3102,0.002252,0.6593,TP
YOLO11s,Norway__Norway_005754,D00,0.2774,0.000381,0.5701,TP
YOLO11s,Norway__Norway_005760,D00,0.4873,0.075172,0.6033,TP
YOLO11s,Norway__Norway_005760,D00,0.287,0.004286,0.0,FP_background
YOLO11s,Norway__Norway_005793,D00,0.4273,0.003473,0.6395,TP
YOLO11s,Norway__Norway_005810,D00,0.6701,0.015917,0.7469,TP
YOLO11s,Norway__Norway_005826,D00,0.7488,0.025743,0.907,TP
YOLO11s,Norway__Norway_005835,D10,0.4816,0.056654,0.5845,TP
YOLO11s,Norway__Norway_005835,D10,0.2834,0.068939,0.4133,FP_localization
YOLO11s,Norway__Norway_005866,D00,0.4588,0.058646,0.6981,TP
YOLO11s,Norway__Norway_005898,D00,0.669,0.082237,0.8312,TP
YOLO11s,Norway__Norway_005930,D00,0.8382,0.07403,0.9296,TP
YOLO11s,Norway__Norway_005930,D00,0.6379,0.008166,0.798,TP
YOLO11s,Norway__Norway_005930,D00,0.53,0.00959,0.1105,FP_localization
YOLO11s,Norway__Norway_005930,D00,0.4229,0.006768,0.7681,TP
YOLO11s,Norway__Norway_005930,D00,0.3684,0.024461,0.7026,TP
YOLO11s,Norway__Norway_005930,D00,0.2843,0.00667,0.0908,FP_background
YOLO11s,Norway__Norway_005964,D00,0.375,0.002768,0.7492,TP
YOLO11s,Norway__Norway_005982,D00,0.3307,0.001242,0.4832,FP_localization
YOLO11s,Norway__Norway_005982,D20,0.2487,0.009656,0.5812,TP
YOLO11s,Norway__Norway_005983,D00,0.7114,0.040887,0.6664,TP
YOLO11s,Norway__Norway_005996,D00,0.7956,0.057657,0.929,TP
YOLO11s,Norway__Norway_006007,D10,0.3105,0.006938,0.0,FP_background
YOLO11s,Norway__Norway_006052,D00,0.6675,0.007089,0.9088,TP
YOLO11s,Norway__Norway_006137,D00,0.2841,0.006791,0.3884,FP_background
YOLO11s,Norway__Norway_006166,D00,0.3055,0.003108,0.6848,TP
YOLO11s,Norway__Norway_006168,D00,0.5712,0.03837,0.7284,TP
YOLO11s,Norway__Norway_006168,D10,0.4595,0.004384,0.726,TP
YOLO11s,Norway__Norway_006168,D00,0.4544,0.000555,0.5909,TP
YOLO11s,Norway__Norway_006168,D00,0.4181,0.00206,0.4005,FP_localization
YOLO11s,Norway__Norway_006168,D00,0.3453,0.003543,0.5892,FP_classification
YOLO11s,Norway__Norway_006168,D10,0.3452,0.003166,0.58,TP
YOLO11s,Norway__Norway_006168,D00,0.2756,0.001348,0.6156,TP
YOLO11s,Norway__Norway_006168,D00,0.2502,0.010331,0.82,FP_classification
YOLO11s,Norway__Norway_006222,D00,0.5985,0.003633,0.5858,TP
YOLO11s,Norway__Norway_006222,D00,0.2803,0.003412,0.0,FP_background
YOLO11s,Norway__Norway_006235,D00,0.3832,0.011025,0.7666,TP
YOLO11s,Norway__Norway_006235,D00,0.2999,0.005008,0.4024,FP_localization
YOLO11s,Norway__Norway_006235,D00,0.2756,0.069621,0.1422,FP_localization
YOLO11s,Norway__Norway_006235,D00,0.2702,0.005035,0.7971,TP
YOLO11s,Norway__Norway_006235,D00,0.2581,0.062328,0.1597,FP_localization
YOLO11s,Norway__Norway_006235,D00,0.2429,0.016699,0.7101,FP_duplicate
YOLO11s,Norway__Norway_006236,D00,0.5391,0.014626,0.6378,TP
YOLO11s,Norway__Norway_006239,D00,0.3314,0.010166,0.0,FP_background
YOLO11s,Norway__Norway_006261,D00,0.6688,0.011592,0.7402,TP
YOLO11s,Norway__Norway_006271,D00,0.7028,0.004036,0.8472,TP
YOLO11s,Norway__Norway_006271,D00,0.351,0.015119,0.3943,FP_localization
YOLO11s,Norway__Norway_006319,D00,0.6826,0.00884,0.9449,TP
YOLO11s,Norway__Norway_006319,D00,0.6599,0.00743,0.9045,TP
YOLO11s,Norway__Norway_006319,D00,0.2861,0.00044,0.0,FP_background
YOLO11s,Norway__Norway_006323,D00,0.6761,0.012481,0.7461,TP
YOLO11s,Norway__Norway_006323,D00,0.5784,0.047119,0.3631,FP_localization
YOLO11s,Norway__Norway_006323,D00,0.3512,0.033989,0.2945,FP_localization
YOLO11s,Norway__Norway_006331,D20,0.6519,0.039955,0.4574,FP_localization
YOLO11s,Norway__Norway_006331,D00,0.5229,0.008592,0.4215,FP_localization
YOLO11s,Norway__Norway_006331,D00,0.3244,0.004829,0.2265,FP_localization
YOLO11s,Norway__Norway_006331,D20,0.2382,0.073775,0.7505,TP
YOLO11s,Norway__Norway_006338,D00,0.3245,0.001839,0.8267,TP
YOLO11s,Norway__Norway_006338,D00,0.2745,0.001727,0.0,FP_background
YOLO11s,Norway__Norway_006338,D00,0.2704,0.001923,0.607,TP
YOLO11s,Norway__Norway_006349,D00,0.36,0.001376,0.7262,TP
YOLO11s,Norway__Norway_006360,D00,0.6048,0.002021,0.6487,TP
YOLO11s,Norway__Norway_006360,D00,0.4101,0.003962,0.8437,TP
YOLO11s,Norway__Norway_006360,D00,0.3567,0.000451,0.4467,FP_localization
YOLO11s,Norway__Norway_006360,D00,0.3476,0.010077,0.4269,FP_localization
YOLO11s,Norway__Norway_006360,D00,0.3145,0.000889,0.6651,TP
YOLO11s,Norway__Norway_006369,D00,0.4862,0.068534,0.2163,FP_localization
YOLO11s,Norway__Norway_006379,D20,0.4846,0.031043,0.448,FP_localization
YOLO11s,Norway__Norway_006404,D00,0.4786,0.008651,0.6825,TP
YOLO11s,Norway__Norway_006404,D10,0.3961,0.020779,0.6164,TP
YOLO11s,Norway__Norway_006417,D00,0.286,0.000586,0.5863,TP
YOLO11s,Norway__Norway_006417,D00,0.258,0.00851,0.6952,TP
YOLO11s,Norway__Norway_006467,D00,0.4204,0.004624,0.0,FP_background
YOLO11s,Norway__Norway_006480,D00,0.7114,0.007091,0.8981,TP
YOLO11s,Norway__Norway_006480,D00,0.6015,0.004204,0.7982,TP
YOLO11s,Norway__Norway_006480,D00,0.5339,0.004095,0.6265,TP
YOLO11s,Norway__Norway_006482,D00,0.2866,0.005357,0.4374,FP_localization
YOLO11s,Norway__Norway_006482,D00,0.2396,0.007723,0.3088,FP_localization
YOLO11s,Norway__Norway_006528,D00,0.6851,0.002006,0.4846,FP_localization
YOLO11s,Norway__Norway_006528,D00,0.3344,0.042699,0.2216,FP_localization
YOLO11s,Norway__Norway_006550,D00,0.483,0.052949,0.9467,TP
YOLO11s,Norway__Norway_006550,D00,0.3141,0.001528,0.0357,FP_background
YOLO11s,Norway__Norway_006556,D00,0.5805,0.026549,0.9404,TP
YOLO11s,Norway__Norway_006556,D00,0.5184,0.003091,0.5935,TP
YOLO11s,Norway__Norway_006556,D00,0.4818,0.006091,0.8835,TP
YOLO11s,Norway__Norway_006556,D00,0.4642,0.005879,0.2319,FP_localization
YOLO11s,Norway__Norway_006556,D00,0.4439,0.000785,0.558,TP
YOLO11s,Norway__Norway_006556,D00,0.426,0.012584,0.7267,TP
YOLO11s,Norway__Norway_006556,D00,0.4102,0.005337,0.2111,FP_localization
YOLO11s,Norway__Norway_006556,D00,0.3699,0.003469,0.1389,FP_localization
YOLO11s,Norway__Norway_006556,D00,0.3417,0.038117,0.3381,FP_localization
YOLO11s,Norway__Norway_006556,D00,0.3244,0.018823,0.4859,FP_localization
YOLO11s,Norway__Norway_006556,D00,0.2665,0.005714,0.3625,FP_localization
YOLO11s,Norway__Norway_006556,D00,0.2405,0.001128,0.2461,FP_localization
YOLO11s,Norway__Norway_006559,D00,0.4879,0.009134,0.1828,FP_localization
YOLO11s,Norway__Norway_006559,D00,0.4106,0.001089,0.166,FP_localization
YOLO11s,Norway__Norway_006598,D00,0.2771,0.000532,0.0,FP_background
YOLO11s,Norway__Norway_006605,D20,0.6899,0.096732,0.8606,TP
YOLO11s,Norway__Norway_006627,D00,0.5244,0.004466,0.816,TP
YOLO11s,Norway__Norway_006627,D00,0.3234,0.005244,0.1015,FP_localization
YOLO11s,Norway__Norway_006627,D10,0.298,0.027763,0.6708,TP
YOLO11s,Norway__Norway_006647,D10,0.4841,0.06415,0.4585,FP_localization
YOLO11s,Norway__Norway_006647,D10,0.3276,0.040049,0.6753,TP
YOLO11s,Norway__Norway_006711,D00,0.6484,0.003611,0.7982,TP
YOLO11s,Norway__Norway_006711,D00,0.3981,0.00897,0.0,FP_background
YOLO11s,Norway__Norway_006711,D00,0.2728,0.00072,0.0321,FP_background
YOLO11s,Norway__Norway_006711,D00,0.2701,0.00148,0.0706,FP_background
YOLO11s,Norway__Norway_006711,D00,0.2658,0.001835,0.0,FP_background
YOLO11s,Norway__Norway_006739,D00,0.815,0.026224,0.909,TP
YOLO11s,Norway__Norway_006739,D00,0.5912,0.013529,0.6657,TP
YOLO11s,Norway__Norway_006739,D00,0.4702,0.069342,0.4597,FP_localization
YOLO11s,Norway__Norway_006739,D00,0.2575,0.007508,0.5602,FP_duplicate
YOLO11s,Norway__Norway_006820,D10,0.3011,0.008236,0.2932,FP_localization
YOLO11s,Norway__Norway_006823,D00,0.5783,0.02378,0.0,FP_background
YOLO11s,Norway__Norway_006823,D10,0.4032,0.005297,0.5905,TP
YOLO11s,Norway__Norway_006825,D00,0.7704,0.019348,0.9017,TP
YOLO11s,Norway__Norway_006825,D00,0.5553,0.023683,0.2617,FP_localization
YOLO11s,Norway__Norway_006825,D00,0.4536,0.008445,0.8727,TP
YOLO11s,Norway__Norway_006825,D00,0.3886,0.000855,0.7131,TP
YOLO11s,Norway__Norway_006825,D00,0.3523,0.005208,0.75,TP
YOLO11s,Norway__Norway_006825,D10,0.2889,0.005901,0.6487,TP
YOLO11s,Norway__Norway_006825,D10,0.2692,0.007477,0.547,TP
YOLO11s,Norway__Norway_006855,D00,0.2803,0.03953,0.0,FP_background
YOLO11s,Norway__Norway_006897,D00,0.2581,0.004921,0.0,FP_background
YOLO11s,Norway__Norway_006935,D10,0.2541,0.0303,0.5715,TP
YOLO11s,Norway__Norway_006937,D00,0.6243,0.00588,0.5796,TP
YOLO11s,Norway__Norway_006937,D00,0.4097,0.008341,0.7176,FP_duplicate
YOLO11s,Norway__Norway_006937,D00,0.3097,0.038151,0.7199,TP
YOLO11s,Norway__Norway_006937,D00,0.2497,0.052532,0.8551,FP_duplicate
YOLO11s,Norway__Norway_006942,D00,0.5433,0.012305,0.7155,TP
YOLO11s,Norway__Norway_006942,D00,0.4561,0.007222,0.6994,TP
YOLO11s,Norway__Norway_006942,D00,0.2779,0.002039,0.2544,FP_localization
YOLO11s,Norway__Norway_006942,D00,0.2489,0.049854,0.9043,TP
YOLO11s,Norway__Norway_006973,D00,0.67,0.028198,0.7487,TP
YOLO11s,Norway__Norway_006973,D00,0.54,0.058561,0.8447,TP
YOLO11s,Norway__Norway_006973,D00,0.4789,0.015718,0.4412,FP_localization
YOLO11s,Norway__Norway_006973,D00,0.3395,0.019292,0.348,FP_localization
YOLO11s,Norway__Norway_006973,D00,0.244,0.002478,0.0375,FP_background
YOLO11s,Norway__Norway_006994,D00,0.2373,0.000448,0.0,FP_background
YOLO11s,Norway__Norway_007040,D00,0.3667,0.00244,0.7855,TP
YOLO11s,Norway__Norway_007047,D00,0.6185,0.026614,0.8734,TP
YOLO11s,Norway__Norway_007053,D00,0.6831,0.061077,0.6815,TP
YOLO11s,Norway__Norway_007099,D00,0.382,0.045318,0.9244,TP
YOLO11s,Norway__Norway_007124,D00,0.5984,0.012453,0.0,FP_background
YOLO11s,Norway__Norway_007124,D00,0.3656,0.001729,0.0,FP_background
YOLO11s,Norway__Norway_007124,D00,0.3096,0.082871,0.0,FP_background
YOLO11s,Norway__Norway_007129,D00,0.2438,0.000556,0.0,FP_background
YOLO11s,Norway__Norway_007138,D00,0.5786,0.041546,0.7103,TP
YOLO11s,Norway__Norway_007138,D00,0.2512,0.060498,0.7749,FP_duplicate
YOLO11s,Norway__Norway_007142,D00,0.4427,0.01983,0.7936,TP
YOLO11s,Norway__Norway_007148,D00,0.4162,0.000354,0.7105,TP
YOLO11s,Norway__Norway_007148,D00,0.3869,0.001248,0.651,TP
YOLO11s,Norway__Norway_007158,D00,0.3638,0.009984,0.0,FP_background
YOLO11s,Norway__Norway_007224,D10,0.2668,0.02722,0.0,FP_background
YOLO11s,Norway__Norway_007231,D00,0.3439,0.004503,0.5754,FP_classification
YOLO11s,Norway__Norway_007264,D00,0.606,0.019277,0.3454,FP_localization
YOLO11s,Norway__Norway_007264,D00,0.5214,0.0018,0.6853,TP
YOLO11s,Norway__Norway_007264,D00,0.388,0.031898,0.9403,TP
YOLO11s,Norway__Norway_007267,D00,0.3786,0.019673,0.3485,FP_localization
YOLO11s,Norway__Norway_007267,D00,0.29,0.018868,0.5167,TP
YOLO11s,Norway__Norway_007292,D00,0.701,0.00183,0.756,TP
YOLO11s,Norway__Norway_007292,D10,0.5312,0.003727,0.7677,TP
YOLO11s,Norway__Norway_007292,D00,0.3947,0.001513,0.369,FP_localization
YOLO11s,Norway__Norway_007292,D00,0.3548,0.003653,0.5818,TP
YOLO11s,Norway__Norway_007292,D00,0.3491,0.001159,0.2365,FP_localization
YOLO11s,Norway__Norway_007292,D10,0.2913,0.003952,0.3903,FP_localization
YOLO11s,Norway__Norway_007292,D00,0.2688,0.010012,0.3519,FP_localization
YOLO11s,Norway__Norway_007292,D00,0.266,0.003971,0.7077,TP
YOLO11s,Norway__Norway_007329,D00,0.3638,0.000944,0.0817,FP_background
YOLO11s,Norway__Norway_007329,D00,0.3577,0.00238,0.2082,FP_localization
YOLO11s,Norway__Norway_007329,D40,0.2584,0.001035,0.3373,FP_localization
YOLO11s,Norway__Norway_007329,D40,0.2503,0.000777,0.4495,FP_localization
YOLO11s,Norway__Norway_007355,D00,0.5977,0.005542,0.6837,TP
YOLO11s,Norway__Norway_007356,D00,0.5014,0.001641,0.2657,FP_localization
YOLO11s,Norway__Norway_007356,D00,0.4282,0.003521,0.7411,TP
YOLO11s,Norway__Norway_007356,D00,0.276,0.002131,0.4749,FP_localization
YOLO11s,Norway__Norway_007372,D00,0.7366,0.007003,0.935,TP
YOLO11s,Norway__Norway_007372,D00,0.6842,0.00653,0.6595,TP
YOLO11s,Norway__Norway_007372,D00,0.4683,0.003486,0.8528,TP
YOLO11s,Norway__Norway_007372,D00,0.4289,0.003706,0.7611,TP
YOLO11s,Norway__Norway_007372,D00,0.3132,0.002006,0.4561,FP_localization
YOLO11s,Norway__Norway_007372,D00,0.251,0.001321,0.2788,FP_localization
YOLO11s,Norway__Norway_007373,D00,0.246,0.001257,0.0,FP_background
YOLO11s,Norway__Norway_007398,D00,0.6561,0.00252,0.7284,TP
YOLO11s,Norway__Norway_007417,D00,0.6993,0.008963,0.8656,TP
YOLO11s,Norway__Norway_007428,D00,0.5621,0.002407,0.6103,TP
YOLO11s,Norway__Norway_007498,D20,0.7769,0.127362,0.871,TP
YOLO11s,Norway__Norway_007520,D00,0.2645,0.018698,0.7165,TP
YOLO11s,Norway__Norway_007520,D00,0.2611,0.010194,0.2489,FP_localization
YOLO11s,Norway__Norway_007535,D20,0.467,0.005265,0.5892,TP
YOLO11s,Norway__Norway_007536,D00,0.3563,0.016988,0.0,FP_background
YOLO11s,Norway__Norway_007589,D00,0.494,0.042399,0.8069,TP
YOLO11s,Norway__Norway_007589,D00,0.3376,0.052543,0.6242,FP_duplicate
YOLO11s,Norway__Norway_007704,D00,0.7728,0.007187,0.8848,TP
YOLO11s,Norway__Norway_007704,D00,0.4898,0.045049,0.8724,TP
YOLO11s,Norway__Norway_007704,D00,0.3246,0.001992,0.0392,FP_background
YOLO11s,Norway__Norway_007707,D00,0.3462,0.009697,0.0,FP_background
YOLO11s,Norway__Norway_007707,D00,0.242,0.012186,0.0,FP_background
YOLO11s,Norway__Norway_007718,D00,0.6581,0.032746,0.9634,TP
YOLO11s,Norway__Norway_007718,D00,0.5295,0.001419,0.6708,TP
YOLO11s,Norway__Norway_007718,D00,0.4366,0.033328,0.2896,FP_localization
YOLO11s,Norway__Norway_007718,D00,0.3139,0.013841,0.361,FP_localization
YOLO11s,Norway__Norway_007718,D00,0.2955,0.006511,0.2011,FP_localization
YOLO11s,Norway__Norway_007718,D00,0.2629,0.008401,0.0,FP_background
YOLO11s,Norway__Norway_007780,D00,0.5897,0.059902,0.9346,TP
YOLO11s,Norway__Norway_007784,D00,0.3264,0.003219,0.0,FP_background
YOLO11s,Norway__Norway_007799,D00,0.5156,0.030348,0.8895,TP
YOLO11s,Norway__Norway_007799,D00,0.4553,0.0048,0.9038,TP
YOLO11s,Norway__Norway_007799,D00,0.4547,0.000578,0.6604,TP
YOLO11s,Norway__Norway_007799,D00,0.4511,0.002135,0.5891,TP
YOLO11s,Norway__Norway_007799,D00,0.3902,0.00205,0.3619,FP_localization
YOLO11s,Norway__Norway_007799,D00,0.3815,0.001788,0.3226,FP_localization
YOLO11s,Norway__Norway_007799,D00,0.3754,0.002657,0.5032,TP
YOLO11s,Norway__Norway_007799,D00,0.3746,0.001228,0.5729,TP
YOLO11s,Norway__Norway_007799,D00,0.2852,0.00104,0.6112,FP_duplicate
YOLO11s,Norway__Norway_007799,D00,0.2699,0.001716,0.7766,TP
YOLO11s,Norway__Norway_007799,D00,0.2681,0.004392,0.6141,TP
YOLO11s,Norway__Norway_007799,D40,0.2614,0.001189,0.7182,TP
YOLO11s,Norway__Norway_007799,D00,0.2576,0.001246,0.4642,FP_localization
YOLO11s,Norway__Norway_007799,D00,0.2446,0.002481,0.2144,FP_localization
YOLO11s,Norway__Norway_007824,D40,0.3193,0.001062,0.9019,TP
YOLO11s,Norway__Norway_007828,D10,0.3021,0.018879,0.0,FP_background
YOLO11s,Norway__Norway_007861,D00,0.3036,0.051257,0.1079,FP_localization
YOLO11s,Norway__Norway_007861,D00,0.2752,0.007642,0.7372,TP
YOLO11s,Norway__Norway_007861,D00,0.2496,0.00189,0.3356,FP_localization
YOLO11s,Norway__Norway_007940,D00,0.5715,0.014053,0.8708,TP
YOLO11s,Norway__Norway_007965,D20,0.5347,0.007494,0.6892,TP
YOLO11s,Norway__Norway_007965,D00,0.5141,0.007611,0.7882,TP
YOLO11s,Norway__Norway_007965,D10,0.3078,0.008664,0.3752,FP_localization
YOLO11s,Norway__Norway_007965,D00,0.2945,0.001632,0.0602,FP_background
YOLO11s,Norway__Norway_007970,D00,0.3865,0.040691,0.0,FP_background
YOLO11s,Norway__Norway_007982,D00,0.5207,0.008469,0.8624,TP
YOLO11s,Norway__Norway_007982,D00,0.4777,0.002039,0.6724,TP
YOLO11s,Norway__Norway_007982,D00,0.4065,0.005499,0.7298,TP
YOLO11s,Norway__Norway_007982,D00,0.271,0.003682,0.3637,FP_localization
YOLO11s,Norway__Norway_007982,D00,0.2375,0.026865,0.335,FP_localization
YOLO11s,Norway__Norway_008000,D00,0.6902,0.005757,0.8568,TP
YOLO11s,Norway__Norway_008100,D20,0.3783,0.094104,0.8983,TP
YOLO11s,Norway__Norway_008100,D20,0.3047,0.007807,0.0828,FP_background
YOLO11s,Norway__Norway_008137,D00,0.4845,0.001767,0.8419,TP
YOLO11s,Norway__Norway_008137,D00,0.3626,0.030624,0.3659,FP_localization
YOLO11s,Norway__Norway_008156,D00,0.7183,0.061389,0.9507,TP
YOLO11s,United_States__United_States_000005,D00,0.4774,0.011939,0.8375,TP
YOLO11s,United_States__United_States_000005,D00,0.2749,0.017403,0.5613,FP_duplicate
YOLO11s,United_States__United_States_000009,D00,0.5303,0.008686,0.2939,FP_localization
YOLO11s,United_States__United_States_000009,D00,0.4946,0.004618,0.0559,FP_background
YOLO11s,United_States__United_States_000009,D00,0.3865,0.021221,0.6156,TP
YOLO11s,United_States__United_States_000009,D00,0.3203,0.016171,0.0,FP_background
YOLO11s,United_States__United_States_000022,D00,0.5305,0.050229,0.441,FP_localization
YOLO11s,United_States__United_States_000022,D10,0.4272,0.011504,0.921,TP
YOLO11s,United_States__United_States_000022,D10,0.3418,0.012302,0.6149,TP
YOLO11s,United_States__United_States_000022,D00,0.283,0.026635,0.7704,TP
YOLO11s,United_States__United_States_000023,D00,0.5926,0.025622,0.9404,TP
YOLO11s,United_States__United_States_000023,D10,0.2387,0.005775,0.1312,FP_background
YOLO11s,United_States__United_States_000028,D10,0.5351,0.005611,0.6736,TP
YOLO11s,United_States__United_States_000028,D10,0.3528,0.0068,0.8858,TP
YOLO11s,United_States__United_States_000031,D10,0.6393,0.029535,0.6797,TP
YOLO11s,United_States__United_States_000031,D00,0.4815,0.048542,0.9246,TP
YOLO11s,United_States__United_States_000031,D00,0.4012,0.01829,0.4048,FP_localization
YOLO11s,United_States__United_States_000031,D10,0.3858,0.024171,0.6182,FP_duplicate
YOLO11s,United_States__United_States_000031,D00,0.3192,0.077761,0.5811,TP
YOLO11s,United_States__United_States_000031,D00,0.2819,0.019334,0.0,FP_background
YOLO11s,United_States__United_States_000043,D00,0.382,0.018673,0.2594,FP_localization
YOLO11s,United_States__United_States_000043,D00,0.3672,0.017155,0.9008,TP
YOLO11s,United_States__United_States_000052,D10,0.4605,0.039043,0.6417,TP
YOLO11s,United_States__United_States_000052,D10,0.3515,0.022659,0.4273,FP_localization
YOLO11s,United_States__United_States_000061,D00,0.6805,0.080933,0.9659,TP
YOLO11s,United_States__United_States_000061,D00,0.6383,0.01272,0.875,TP
YOLO11s,United_States__United_States_000061,D00,0.4831,0.024851,0.2966,FP_localization
YOLO11s,United_States__United_States_000061,D00,0.2754,0.020482,0.5511,FP_duplicate
YOLO11s,United_States__United_States_000062,D10,0.4852,0.012646,0.6727,TP
YOLO11s,United_States__United_States_000062,D10,0.3583,0.0139,0.177,FP_background
YOLO11s,United_States__United_States_000062,D00,0.284,0.05035,0.8368,TP
YOLO11s,United_States__United_States_000078,D00,0.5795,0.023702,0.9294,TP
YOLO11s,United_States__United_States_000078,D00,0.5425,0.005221,0.0,FP_background
YOLO11s,United_States__United_States_000078,D10,0.3459,0.005655,0.0,FP_background
YOLO11s,United_States__United_States_000078,D00,0.2781,0.01028,0.0916,FP_background
YOLO11s,United_States__United_States_000078,D10,0.2756,0.005554,0.0,FP_background
YOLO11s,United_States__United_States_000100,D10,0.4656,0.004872,0.8224,TP
YOLO11s,United_States__United_States_000100,D00,0.3038,0.038151,0.4037,FP_localization
YOLO11s,United_States__United_States_000100,D00,0.2668,0.020544,0.7496,TP
YOLO11s,United_States__United_States_000100,D10,0.2415,0.019012,0.5783,TP
YOLO11s,United_States__United_States_000103,D00,0.3814,0.020541,0.8008,TP
YOLO11s,United_States__United_States_000107,D00,0.683,0.005306,0.8936,TP
YOLO11s,United_States__United_States_000107,D00,0.6501,0.005183,0.8233,TP
YOLO11s,United_States__United_States_000107,D10,0.4907,0.005752,0.8467,TP
YOLO11s,United_States__United_States_000107,D00,0.4893,0.009598,0.9056,TP
YOLO11s,United_States__United_States_000107,D00,0.302,0.052564,0.7926,TP
YOLO11s,United_States__United_States_000110,D00,0.5995,0.01137,0.7351,TP
YOLO11s,United_States__United_States_000110,D00,0.5234,0.015869,0.8318,FP_duplicate
YOLO11s,United_States__United_States_000125,D00,0.6181,0.046531,0.349,FP_localization
YOLO11s,United_States__United_States_000125,D00,0.3799,0.042314,0.0,FP_background
YOLO11s,United_States__United_States_000125,D00,0.3704,0.141475,0.7654,TP
YOLO11s,United_States__United_States_000127,D10,0.3528,0.015352,0.7011,TP
YOLO11s,United_States__United_States_000127,D10,0.3001,0.009863,0.8016,TP
YOLO11s,United_States__United_States_000127,D10,0.2428,0.01295,0.6879,FP_duplicate
YOLO11s,United_States__United_States_000129,D00,0.4002,0.010739,0.9587,TP
YOLO11s,United_States__United_States_000132,D00,0.6436,0.022601,0.7453,TP
YOLO11s,United_States__United_States_000158,D00,0.5964,0.023563,0.3635,FP_localization
YOLO11s,United_States__United_States_000158,D00,0.5267,0.088527,0.0776,FP_background
YOLO11s,United_States__United_States_000158,D10,0.3554,0.009975,0.7055,TP
YOLO11s,United_States__United_States_000158,D10,0.315,0.01427,0.7114,FP_duplicate
YOLO11s,United_States__United_States_000171,D00,0.465,0.001825,0.0,FP_background
YOLO11s,United_States__United_States_000171,D00,0.4185,0.004736,0.8863,TP
YOLO11s,United_States__United_States_000171,D00,0.3427,0.011898,0.7808,TP
YOLO11s,United_States__United_States_000171,D00,0.3127,0.00797,0.7027,FP_duplicate
YOLO11s,United_States__United_States_000180,D10,0.6764,0.026648,0.9507,TP
YOLO11s,United_States__United_States_000180,D00,0.644,0.062501,0.8287,TP
YOLO11s,United_States__United_States_000180,D10,0.544,0.007619,0.7825,TP
YOLO11s,United_States__United_States_000180,D10,0.4331,0.027093,0.8315,TP
YOLO11s,United_States__United_States_000180,D00,0.2806,0.103304,0.7727,TP
YOLO11s,United_States__United_States_000180,D00,0.2714,0.016239,0.2353,FP_localization
YOLO11s,United_States__United_States_000191,D00,0.4826,0.023696,0.7682,TP
YOLO11s,United_States__United_States_000191,D00,0.4306,0.013357,0.8856,TP
YOLO11s,United_States__United_States_000191,D00,0.4008,0.008936,0.7516,FP_duplicate
YOLO11s,United_States__United_States_000191,D00,0.3038,0.00429,0.203,FP_localization
YOLO11s,United_States__United_States_000191,D00,0.2738,0.003825,0.022,FP_background
YOLO11s,United_States__United_States_000194,D20,0.5932,0.338126,0.6358,TP
YOLO11s,United_States__United_States_000194,D10,0.2804,0.005853,0.0194,FP_background
YOLO11s,United_States__United_States_000197,D10,0.499,0.02069,0.3872,FP_localization
YOLO11s,United_States__United_States_000197,D00,0.3811,0.006312,0.6121,TP
YOLO11s,United_States__United_States_000197,D00,0.3346,0.010437,0.642,FP_duplicate
YOLO11s,United_States__United_States_000198,D00,0.6544,0.016574,0.6737,TP
YOLO11s,United_States__United_States_000198,D00,0.2601,0.021928,0.0,FP_background
YOLO11s,United_States__United_States_000202,D00,0.666,0.014547,0.9264,TP
YOLO11s,United_States__United_States_000202,D00,0.245,0.008749,0.0,FP_background
YOLO11s,United_States__United_States_000203,D00,0.7709,0.01123,0.9132,TP
YOLO11s,United_States__United_States_000211,D00,0.3332,0.003347,0.0578,FP_background
YOLO11s,United_States__United_States_000213,D00,0.6984,0.157969,0.0857,FP_background
YOLO11s,United_States__United_States_000213,D00,0.4553,0.004633,0.3061,FP_localization
YOLO11s,United_States__United_States_000213,D00,0.4347,0.094085,0.081,FP_background
YOLO11s,United_States__United_States_000213,D10,0.415,0.035566,0.5699,TP
YOLO11s,United_States__United_States_000213,D10,0.3554,0.004712,0.8186,TP
YOLO11s,United_States__United_States_000213,D10,0.3007,0.044846,0.6905,FP_duplicate
YOLO11s,United_States__United_States_000214,D00,0.5868,0.074228,0.3233,FP_localization
YOLO11s,United_States__United_States_000214,D10,0.4035,0.008427,0.9481,TP
YOLO11s,United_States__United_States_000214,D00,0.2553,0.047537,0.2342,FP_localization
YOLO11s,United_States__United_States_000219,D10,0.4881,0.012905,0.8305,TP
YOLO11s,United_States__United_States_000219,D00,0.43,0.002404,0.8579,TP
YOLO11s,United_States__United_States_000219,D10,0.3391,0.009827,0.6291,FP_duplicate
YOLO11s,United_States__United_States_000227,D00,0.2992,0.080296,0.7522,TP
YOLO11s,United_States__United_States_000227,D00,0.2431,0.037233,0.5693,FP_duplicate
YOLO11s,United_States__United_States_000234,D20,0.7302,0.079328,0.9328,TP
YOLO11s,United_States__United_States_000255,D00,0.8121,0.023537,0.9413,TP
YOLO11s,United_States__United_States_000255,D00,0.7176,0.013248,0.9367,TP
YOLO11s,United_States__United_States_000263,D00,0.5347,0.011772,0.3264,FP_localization
YOLO11s,United_States__United_States_000263,D00,0.3738,0.030316,0.0,FP_background
YOLO11s,United_States__United_States_000263,D00,0.3438,0.054248,0.0,FP_background
YOLO11s,United_States__United_States_000263,D00,0.3275,0.045127,0.7319,TP
YOLO11s,United_States__United_States_000263,D10,0.2938,0.011091,0.7875,TP
YOLO11s,United_States__United_States_000263,D00,0.2801,0.005023,0.6336,TP
YOLO11s,United_States__United_States_000279,D00,0.795,0.026766,0.885,TP
YOLO11s,United_States__United_States_000279,D00,0.5205,0.007765,0.9037,TP
YOLO11s,United_States__United_States_000279,D00,0.461,0.004278,0.6442,TP
YOLO11s,United_States__United_States_000279,D10,0.2926,0.061235,0.3658,FP_localization
YOLO11s,United_States__United_States_000279,D10,0.2688,0.022525,0.8343,TP
YOLO11s,United_States__United_States_000281,D00,0.5293,0.002192,0.8144,TP
YOLO11s,United_States__United_States_000281,D10,0.2626,0.003593,0.0,FP_background
YOLO11s,United_States__United_States_000281,D10,0.2592,0.042397,0.4871,FP_localization
YOLO11s,United_States__United_States_000285,D10,0.3309,0.003631,0.0,FP_background
YOLO11s,United_States__United_States_000294,D00,0.4806,0.028354,0.9543,TP
YOLO11s,United_States__United_States_000302,D00,0.5406,0.006934,0.7866,TP
YOLO11s,United_States__United_States_000302,D00,0.5253,0.031748,0.7373,TP
YOLO11s,United_States__United_States_000302,D00,0.4009,0.001781,0.7598,TP
YOLO11s,United_States__United_States_000302,D00,0.3471,0.053602,0.4367,FP_localization
YOLO11s,United_States__United_States_000302,D20,0.3434,0.096201,0.0,FP_background
YOLO11s,United_States__United_States_000319,D00,0.5593,0.084671,0.8114,TP
YOLO11s,United_States__United_States_000319,D00,0.554,0.022826,0.8829,TP
YOLO11s,United_States__United_States_000319,D00,0.5436,0.016292,0.512,TP
YOLO11s,United_States__United_States_000319,D00,0.4851,0.014733,0.1802,FP_localization
YOLO11s,United_States__United_States_000319,D00,0.4734,0.004227,0.8684,TP
YOLO11s,United_States__United_States_000319,D10,0.311,0.001495,0.0371,FP_background
YOLO11s,United_States__United_States_000343,D00,0.5719,0.006032,0.2753,FP_localization
YOLO11s,United_States__United_States_000343,D00,0.3629,0.020592,0.8141,TP
YOLO11s,United_States__United_States_000343,D00,0.3226,0.003109,0.7225,TP
YOLO11s,United_States__United_States_000343,D00,0.2874,0.017986,0.8094,TP
YOLO11s,United_States__United_States_000343,D00,0.2649,0.002302,0.1262,FP_localization
YOLO11s,United_States__United_States_000349,D10,0.3706,0.007591,0.7657,TP
YOLO11s,United_States__United_States_000349,D00,0.359,0.019499,0.527,TP
YOLO11s,United_States__United_States_000349,D00,0.2515,0.025277,0.7437,TP
YOLO11s,United_States__United_States_000349,D00,0.2398,0.024287,0.3798,FP_localization
YOLO11s,United_States__United_States_000350,D00,0.4546,0.016128,0.4697,FP_localization
YOLO11s,United_States__United_States_000350,D00,0.2799,0.033041,0.877,TP
YOLO11s,United_States__United_States_000353,D00,0.3181,0.016991,0.2071,FP_background
YOLO11s,United_States__United_States_000358,D00,0.6921,0.02864,0.7774,TP
YOLO11s,United_States__United_States_000358,D10,0.4847,0.015441,0.783,TP
YOLO11s,United_States__United_States_000358,D20,0.3019,0.08608,0.8688,TP
YOLO11s,United_States__United_States_000370,D00,0.4931,0.012092,0.9138,TP
YOLO11s,United_States__United_States_000370,D00,0.4216,0.020717,0.7982,FP_classification
YOLO11s,United_States__United_States_000370,D00,0.3493,0.009059,0.3577,FP_background
YOLO11s,United_States__United_States_000370,D10,0.2762,0.010953,0.7792,TP
YOLO11s,United_States__United_States_000372,D20,0.4543,0.128027,0.9701,TP
YOLO11s,United_States__United_States_000372,D00,0.2704,0.12262,0.8215,FP_classification
YOLO11s,United_States__United_States_000374,D00,0.4515,0.017513,0.8237,TP
YOLO11s,United_States__United_States_000374,D00,0.2636,0.02596,0.53,FP_duplicate
YOLO11s,United_States__United_States_000375,D10,0.6237,0.008197,0.6111,TP
YOLO11s,United_States__United_States_000375,D40,0.4775,0.002357,0.0,FP_background
YOLO11s,United_States__United_States_000375,D00,0.4697,0.069817,0.0492,FP_background
YOLO11s,United_States__United_States_000375,D10,0.2534,0.005183,0.8577,TP
YOLO11s,United_States__United_States_000376,D00,0.7387,0.014125,0.8407,TP
YOLO11s,United_States__United_States_000376,D00,0.5412,0.027511,0.4631,FP_localization
YOLO11s,United_States__United_States_000376,D00,0.3863,0.129255,0.2835,FP_localization
YOLO11s,United_States__United_States_000376,D00,0.3862,0.065673,0.2082,FP_localization
YOLO11s,United_States__United_States_000376,D10,0.3605,0.008343,0.9171,TP
YOLO11s,United_States__United_States_000376,D00,0.2512,0.063089,0.564,TP
YOLO11s,United_States__United_States_000376,D00,0.2441,0.090376,0.3317,FP_localization
YOLO11s,United_States__United_States_000382,D00,0.6686,0.062043,0.8055,TP
YOLO11s,United_States__United_States_000382,D00,0.5856,0.085156,0.3914,FP_localization
YOLO11s,United_States__United_States_000382,D00,0.4725,0.098356,0.5112,FP_duplicate
YOLO11s,United_States__United_States_000382,D00,0.4039,0.04243,0.7871,TP
YOLO11s,United_States__United_States_000384,D20,0.2577,0.199903,0.5271,FP_classification
YOLO11s,United_States__United_States_000407,D00,0.5989,0.005385,0.8558,TP
YOLO11s,United_States__United_States_000411,D00,0.5481,0.023447,0.8591,TP
YOLO11s,United_States__United_States_000415,D10,0.6355,0.035357,0.8783,TP
YOLO11s,United_States__United_States_000415,D10,0.5715,0.007713,0.182,FP_localization
YOLO11s,United_States__United_States_000415,D00,0.5011,0.022959,0.8387,TP
YOLO11s,United_States__United_States_000415,D10,0.3183,0.016566,0.323,FP_localization
YOLO11s,United_States__United_States_000415,D00,0.3136,0.005764,0.2643,FP_localization
YOLO11s,United_States__United_States_000415,D10,0.2987,0.004255,0.7918,TP
YOLO11s,United_States__United_States_000415,D10,0.2935,0.004728,0.6177,TP
YOLO11s,United_States__United_States_000441,D00,0.4954,0.032316,0.8442,TP
YOLO11s,United_States__United_States_000441,D00,0.4115,0.00774,0.215,FP_localization
YOLO11s,United_States__United_States_000441,D00,0.4098,0.038103,0.9349,TP
YOLO11s,United_States__United_States_000441,D00,0.2534,0.055718,0.511,FP_duplicate
YOLO11s,United_States__United_States_000447,D00,0.4454,0.007692,0.8463,TP
YOLO11s,United_States__United_States_000447,D00,0.2689,0.01116,0.7277,FP_duplicate
YOLO11s,United_States__United_States_000452,D00,0.6729,0.004979,0.5912,TP
YOLO11s,United_States__United_States_000452,D00,0.2932,0.007324,0.6869,FP_duplicate
YOLO11s,United_States__United_States_000456,D00,0.284,0.00153,0.0,FP_background
YOLO11s,United_States__United_States_000456,D10,0.2776,0.119027,0.4237,FP_localization
YOLO11s,United_States__United_States_000456,D00,0.2735,0.001908,0.0,FP_background
YOLO11s,United_States__United_States_000465,D10,0.4638,0.005015,0.601,TP
YOLO11s,United_States__United_States_000473,D20,0.7215,0.097007,0.8997,TP
YOLO11s,United_States__United_States_000476,D00,0.7365,0.023462,0.9328,TP
YOLO11s,United_States__United_States_000476,D00,0.5849,0.085956,0.9274,FP_classification
YOLO11s,United_States__United_States_000476,D00,0.3771,0.028554,0.857,TP
YOLO11s,United_States__United_States_000476,D20,0.3014,0.085505,0.9272,TP
YOLO11s,United_States__United_States_000478,D00,0.4748,0.020519,0.3641,FP_localization
YOLO11s,United_States__United_States_000478,D00,0.4075,0.039131,0.6662,TP
YOLO11s,United_States__United_States_000485,D00,0.672,0.029021,0.9435,TP
YOLO11s,United_States__United_States_000492,D10,0.4556,0.006296,0.902,TP
YOLO11s,United_States__United_States_000492,D00,0.4467,0.041631,0.9507,TP
YOLO11s,United_States__United_States_000492,D00,0.3736,0.022437,0.0,FP_background
YOLO11s,United_States__United_States_000494,D00,0.4324,0.007617,0.5926,TP
YOLO11s,United_States__United_States_000494,D00,0.406,0.012217,0.9315,FP_duplicate
YOLO11s,United_States__United_States_000494,D10,0.3812,0.014994,0.6535,TP
YOLO11s,United_States__United_States_000494,D10,0.3739,0.010499,0.5998,FP_duplicate
YOLO11s,United_States__United_States_000512,D00,0.4436,0.042611,0.4946,FP_localization
YOLO11s,United_States__United_States_000512,D00,0.3916,0.029835,0.7064,TP
YOLO11s,United_States__United_States_000512,D00,0.373,0.002392,0.7789,TP
YOLO11s,United_States__United_States_000528,D00,0.4804,0.030419,0.5037,TP
YOLO11s,United_States__United_States_000528,D00,0.334,0.006918,0.9297,TP
YOLO11s,United_States__United_States_000528,D10,0.2779,0.009724,0.7658,TP
YOLO11s,United_States__United_States_000528,D00,0.2602,0.026567,0.4075,FP_localization
YOLO11s,United_States__United_States_000528,D10,0.253,0.018099,0.4835,FP_localization
YOLO11s,United_States__United_States_000537,D00,0.4477,0.008963,0.0,FP_background
YOLO11s,United_States__United_States_000537,D10,0.3716,0.015436,0.6983,TP
YOLO11s,United_States__United_States_000537,D00,0.3445,0.012871,0.0,FP_background
YOLO11s,United_States__United_States_000537,D10,0.2949,0.027032,0.7354,FP_duplicate
YOLO11s,United_States__United_States_000546,D00,0.659,0.007078,0.924,TP
YOLO11s,United_States__United_States_000546,D00,0.3978,0.021629,0.338,FP_localization
YOLO11s,United_States__United_States_000546,D00,0.3767,0.072442,0.3467,FP_localization
YOLO11s,United_States__United_States_000547,D10,0.6712,0.022057,0.8036,FP_classification
YOLO11s,United_States__United_States_000547,D00,0.594,0.00168,0.8327,TP
YOLO11s,United_States__United_States_000547,D00,0.4349,0.08761,0.8669,TP
YOLO11s,United_States__United_States_000547,D10,0.3976,0.016612,0.9368,TP
YOLO11s,United_States__United_States_000547,D10,0.3115,0.042034,0.383,FP_localization
YOLO11s,United_States__United_States_000547,D00,0.2719,0.115648,0.6007,FP_duplicate
YOLO11s,United_States__United_States_000560,D00,0.7216,0.042178,0.7965,TP
YOLO11s,United_States__United_States_000560,D10,0.5582,0.014066,0.5686,TP
YOLO11s,United_States__United_States_000560,D00,0.5452,0.064997,0.7552,FP_duplicate
YOLO11s,United_States__United_States_000560,D10,0.4804,0.011605,0.8113,TP
YOLO11s,United_States__United_States_000560,D00,0.4022,0.085534,0.792,TP
YOLO11s,United_States__United_States_000560,D00,0.3633,0.103145,0.4804,FP_localization
YOLO11s,United_States__United_States_000560,D10,0.2772,0.005249,0.0064,FP_background
YOLO11s,United_States__United_States_000560,D10,0.2727,0.009802,0.6628,FP_duplicate
YOLO11s,United_States__United_States_000563,D00,0.3401,0.020459,0.0,FP_background
YOLO11s,United_States__United_States_000563,D00,0.3162,0.003356,0.6346,TP
YOLO11s,United_States__United_States_000563,D00,0.2847,0.042949,0.0861,FP_background
YOLO11s,United_States__United_States_000563,D00,0.2443,0.063594,0.0588,FP_background
YOLO11s,United_States__United_States_000569,D00,0.7357,0.087223,0.0,FP_background
YOLO11s,United_States__United_States_000569,D10,0.2839,0.024701,0.6241,TP
YOLO11s,United_States__United_States_000569,D10,0.2711,0.061184,0.2519,FP_localization
YOLO11s,United_States__United_States_000569,D10,0.2603,0.073986,0.1827,FP_localization
YOLO11s,United_States__United_States_000570,D00,0.8127,0.005717,0.8996,TP
YOLO11s,United_States__United_States_000570,D00,0.4678,0.004769,0.7741,TP
YOLO11s,United_States__United_States_000572,D00,0.7201,0.043158,0.9456,TP
YOLO11s,United_States__United_States_000572,D10,0.503,0.011886,0.1859,FP_localization
YOLO11s,United_States__United_States_000572,D00,0.4787,0.004869,0.0203,FP_background
YOLO11s,United_States__United_States_000572,D00,0.3504,0.02027,0.9178,TP
YOLO11s,United_States__United_States_000572,D10,0.2953,0.006044,0.0992,FP_background
YOLO11s,United_States__United_States_000572,D10,0.2788,0.024111,0.3744,FP_localization
YOLO11s,United_States__United_States_000594,D00,0.5444,0.03472,0.6881,TP
YOLO11s,United_States__United_States_000594,D00,0.4237,0.05669,0.5911,TP
YOLO11s,United_States__United_States_000594,D10,0.2903,0.056599,0.5589,TP
YOLO11s,United_States__United_States_000594,D10,0.2833,0.00556,0.6868,TP
YOLO11s,United_States__United_States_000597,D00,0.6167,0.027019,0.4442,FP_localization
YOLO11s,United_States__United_States_000598,D00,0.6275,0.120463,0.7626,TP
YOLO11s,United_States__United_States_000598,D10,0.4901,0.003647,0.8802,TP
YOLO11s,United_States__United_States_000598,D00,0.2932,0.020125,0.7428,TP
YOLO11s,United_States__United_States_000598,D20,0.25,0.317837,0.3999,FP_background
YOLO11s,United_States__United_States_000602,D00,0.8035,0.010775,0.75,TP
YOLO11s,United_States__United_States_000602,D00,0.5415,0.001886,0.0,FP_background
YOLO11s,United_States__United_States_000602,D00,0.2919,0.030492,0.4561,FP_localization
YOLO11s,United_States__United_States_000613,D00,0.5096,0.008348,0.8586,TP
YOLO11s,United_States__United_States_000633,D00,0.519,0.018605,0.3772,FP_localization
YOLO11s,United_States__United_States_000633,D00,0.3697,0.008595,0.5354,TP
YOLO11s,United_States__United_States_000634,D10,0.538,0.083884,0.8108,TP
YOLO11s,United_States__United_States_000634,D00,0.465,0.006502,0.9,TP
YOLO11s,United_States__United_States_000634,D10,0.308,0.083495,0.661,FP_duplicate
YOLO11s,United_States__United_States_000637,D20,0.5116,0.337604,0.8893,TP
YOLO11s,United_States__United_States_000637,D10,0.4297,0.007344,0.7898,TP
YOLO11s,United_States__United_States_000637,D00,0.3243,0.037123,0.0982,FP_background
YOLO11s,United_States__United_States_000642,D00,0.6218,0.089193,0.4378,FP_localization
YOLO11s,United_States__United_States_000642,D10,0.552,0.011724,0.3193,FP_localization
YOLO11s,United_States__United_States_000643,D00,0.2893,0.026131,0.9709,TP
YOLO11s,United_States__United_States_000643,D10,0.2853,0.018424,0.7151,TP
YOLO11s,United_States__United_States_000644,D10,0.3094,0.00924,0.733,TP
YOLO11s,United_States__United_States_000644,D20,0.3014,0.052208,0.8354,FP_classification
YOLO11s,United_States__United_States_000644,D00,0.2603,0.060925,0.8435,TP
YOLO11s,United_States__United_States_000658,D00,0.4645,0.032198,0.817,TP
YOLO11s,United_States__United_States_000658,D00,0.4444,0.005954,0.914,TP
YOLO11s,United_States__United_States_000658,D00,0.2946,0.009498,0.6858,FP_duplicate
YOLO11s,United_States__United_States_000661,D00,0.6563,0.143967,0.6037,TP
YOLO11s,United_States__United_States_000661,D00,0.538,0.119541,0.9442,FP_classification
YOLO11s,United_States__United_States_000661,D00,0.4649,0.007882,0.887,TP
YOLO11s,United_States__United_States_000661,D00,0.3833,0.005934,0.5971,TP
YOLO11s,United_States__United_States_000661,D10,0.34,0.014226,0.7294,TP
YOLO11s,United_States__United_States_000661,D10,0.3359,0.003645,0.4326,FP_localization
YOLO11s,United_States__United_States_000661,D10,0.3081,0.008911,0.7773,FP_duplicate
YOLO11s,United_States__United_States_000668,D10,0.4508,0.015711,0.8236,TP
YOLO11s,United_States__United_States_000668,D10,0.2934,0.009284,0.5968,FP_duplicate
YOLO11s,United_States__United_States_000672,D00,0.7047,0.017227,0.8355,FP_classification
YOLO11s,United_States__United_States_000672,D00,0.6536,0.085926,0.9228,TP
YOLO11s,United_States__United_States_000672,D00,0.5,0.00338,0.7935,TP
YOLO11s,United_States__United_States_000674,D00,0.3042,0.005336,0.8711,TP
YOLO11s,United_States__United_States_000684,D00,0.691,0.155781,0.7729,TP
YOLO11s,United_States__United_States_000684,D00,0.5799,0.016984,0.8736,TP
YOLO11s,United_States__United_States_000684,D00,0.3114,0.005112,0.7502,FP_classification
YOLO11s,United_States__United_States_000684,D00,0.2906,0.025395,0.8147,FP_classification
YOLO11s,United_States__United_States_000685,D00,0.5626,0.079621,0.7286,TP
YOLO11s,United_States__United_States_000685,D00,0.292,0.005081,0.4701,FP_localization
YOLO11s,United_States__United_States_000685,D10,0.2673,0.005556,0.0,FP_background
YOLO11s,United_States__United_States_000692,D00,0.6233,0.049959,0.9154,TP
YOLO11s,United_States__United_States_000692,D00,0.4915,0.013488,0.8654,TP
YOLO11s,United_States__United_States_000708,D10,0.5234,0.003321,0.0,FP_background
YOLO11s,United_States__United_States_000708,D20,0.4837,0.104114,0.7564,TP
YOLO11s,United_States__United_States_000709,D00,0.6474,0.061993,0.9342,TP
YOLO11s,United_States__United_States_000709,D00,0.5237,0.035492,0.6636,TP
YOLO11s,United_States__United_States_000709,D00,0.4025,0.012408,0.2123,FP_localization
YOLO11s,United_States__United_States_000709,D00,0.3711,0.026219,0.3835,FP_localization
YOLO11s,United_States__United_States_000709,D00,0.2528,0.057095,0.9014,FP_duplicate
YOLO11s,United_States__United_States_000710,D00,0.3946,0.025418,0.9574,TP
YOLO11s,United_States__United_States_000710,D00,0.2724,0.039965,0.6571,FP_duplicate
YOLO11s,United_States__United_States_000711,D00,0.6784,0.037116,0.881,TP
YOLO11s,United_States__United_States_000711,D00,0.665,0.10704,0.9373,TP
YOLO11s,United_States__United_States_000711,D00,0.5927,0.015524,0.7582,TP
YOLO11s,United_States__United_States_000711,D00,0.493,0.010995,0.9384,TP
YOLO11s,United_States__United_States_000711,D00,0.3866,0.010748,0.7277,FP_duplicate
YOLO11s,United_States__United_States_000711,D00,0.2735,0.027666,0.9325,TP
YOLO11s,United_States__United_States_000713,D00,0.6293,0.016188,0.6674,TP
YOLO11s,United_States__United_States_000713,D00,0.6131,0.003341,0.6316,TP
YOLO11s,United_States__United_States_000713,D00,0.5424,0.027388,0.6788,TP
YOLO11s,United_States__United_States_000713,D00,0.3485,0.049321,0.1928,FP_localization
YOLO11s,United_States__United_States_000725,D10,0.2997,0.008232,0.3457,FP_localization
YOLO11s,United_States__United_States_000728,D00,0.5437,0.053508,0.9314,TP
YOLO11s,United_States__United_States_000733,D00,0.5382,0.049479,0.4776,FP_localization
YOLO11s,United_States__United_States_000733,D00,0.399,0.003474,0.13,FP_background
YOLO11s,United_States__United_States_000733,D00,0.3251,0.089223,0.9289,TP
YOLO11s,United_States__United_States_000733,D00,0.3165,0.00698,0.0711,FP_background
YOLO11s,United_States__United_States_000739,D00,0.6359,0.002106,0.7835,TP
YOLO11s,United_States__United_States_000739,D10,0.5577,0.012273,0.7877,TP
YOLO11s,United_States__United_States_000739,D10,0.3393,0.019174,0.6355,FP_duplicate
YOLO11s,United_States__United_States_000739,D00,0.2727,0.02254,0.7025,TP
YOLO11s,United_States__United_States_000741,D20,0.6038,0.107872,0.6492,FP_classification
YOLO11s,United_States__United_States_000741,D00,0.5812,0.021857,0.3891,FP_localization
YOLO11s,United_States__United_States_000741,D00,0.4558,0.070329,0.6498,TP
YOLO11s,United_States__United_States_000741,D20,0.3202,0.156247,0.476,FP_background
YOLO11s,United_States__United_States_000743,D10,0.562,0.025979,0.6926,TP
YOLO11s,United_States__United_States_000745,D00,0.545,0.06219,0.786,TP
YOLO11s,United_States__United_States_000745,D00,0.3572,0.003864,0.8875,TP
YOLO11s,United_States__United_States_000746,D00,0.3297,0.026002,0.6616,TP
YOLO11s,United_States__United_States_000749,D00,0.5086,0.051766,0.8309,TP
YOLO11s,United_States__United_States_000749,D00,0.4595,0.011787,0.1903,FP_localization
YOLO11s,United_States__United_States_000749,D10,0.347,0.048654,0.7543,TP
YOLO11s,United_States__United_States_000751,D00,0.557,0.059655,0.8265,TP
YOLO11s,United_States__United_States_000751,D00,0.5065,0.15825,0.6706,TP
YOLO11s,United_States__United_States_000751,D00,0.4079,0.083416,0.5648,TP
YOLO11s,United_States__United_States_000751,D00,0.3734,0.053138,0.8214,FP_duplicate
YOLO11s,United_States__United_States_000751,D00,0.3102,0.125036,0.4983,FP_localization
YOLO11s,United_States__United_States_000755,D00,0.328,0.033976,0.7122,TP
YOLO11s,United_States__United_States_000755,D00,0.2843,0.006195,0.7593,TP
YOLO11s,United_States__United_States_000763,D20,0.7326,0.115569,0.9205,TP
YOLO11s,United_States__United_States_000763,D10,0.241,0.008222,0.0221,FP_background
YOLO11s,United_States__United_States_000765,D00,0.6753,0.020846,0.3,FP_localization
YOLO11s,United_States__United_States_000765,D00,0.5396,0.072018,0.8371,TP
YOLO11s,United_States__United_States_000765,D10,0.4804,0.008363,0.4922,FP_localization
YOLO11s,United_States__United_States_000765,D00,0.2762,0.015773,0.152,FP_localization
YOLO11s,United_States__United_States_000765,D10,0.2532,0.015392,0.6099,TP
YOLO11s,United_States__United_States_000771,D00,0.4874,0.046824,0.4267,FP_localization
YOLO11s,United_States__United_States_000774,D00,0.4225,0.067022,0.2806,FP_localization
YOLO11s,United_States__United_States_000776,D00,0.4222,0.116878,0.711,TP
YOLO11s,United_States__United_States_000792,D00,0.6546,0.016196,0.4024,FP_localization
YOLO11s,United_States__United_States_000792,D10,0.5738,0.006181,0.6194,TP
YOLO11s,United_States__United_States_000792,D10,0.4089,0.017909,0.3214,FP_localization
YOLO11s,United_States__United_States_000792,D10,0.2828,0.047083,0.6214,TP
YOLO11s,United_States__United_States_000794,D00,0.39,0.051083,0.9353,TP
YOLO11s,United_States__United_States_000794,D00,0.3457,0.035683,0.6657,FP_duplicate
YOLO11s,United_States__United_States_000796,D00,0.7045,0.015936,0.7452,TP
YOLO11s,United_States__United_States_000803,D10,0.3252,0.040248,0.6583,TP
YOLO11s,United_States__United_States_000805,D00,0.729,0.029446,0.4895,FP_localization
YOLO11s,United_States__United_States_000805,D00,0.4839,0.018214,0.6898,TP
YOLO11s,United_States__United_States_000806,D00,0.7355,0.027527,0.8721,TP
YOLO11s,United_States__United_States_000806,D00,0.368,0.019694,0.5159,TP
YOLO11s,United_States__United_States_000806,D00,0.2699,0.011288,0.9334,FP_duplicate
YOLO11s,United_States__United_States_000818,D10,0.5411,0.007963,0.8593,TP
YOLO11s,United_States__United_States_000818,D00,0.2467,0.005312,0.4818,FP_background
YOLO11s,United_States__United_States_000818,D10,0.2456,0.006242,0.611,FP_duplicate
YOLO11s,United_States__United_States_000818,D10,0.2402,0.01459,0.5224,FP_duplicate
YOLO11s,United_States__United_States_000828,D00,0.4221,0.001814,0.7823,TP
YOLO11s,United_States__United_States_000831,D00,0.5772,0.020524,0.8,TP
YOLO11s,United_States__United_States_000835,D00,0.7885,0.01551,0.8826,TP
YOLO11s,United_States__United_States_000835,D00,0.3747,0.004457,0.6108,TP
YOLO11s,United_States__United_States_000835,D00,0.321,0.00245,0.3223,FP_localization
YOLO11s,United_States__United_States_000846,D10,0.3867,0.004374,0.8655,TP
YOLO11s,United_States__United_States_000846,D00,0.2459,0.109113,0.0,FP_background
YOLO11s,United_States__United_States_000860,D00,0.4356,0.029069,0.6773,TP
YOLO11s,United_States__United_States_000871,D00,0.486,0.079524,0.812,TP
YOLO11s,United_States__United_States_000871,D00,0.2407,0.050774,0.5107,TP
YOLO11s,United_States__United_States_000879,D00,0.4879,0.02249,0.6773,TP
YOLO11s,United_States__United_States_000879,D00,0.4298,0.013076,0.4503,FP_localization
YOLO11s,United_States__United_States_000879,D00,0.4109,0.009179,0.475,FP_localization
YOLO11s,United_States__United_States_000879,D00,0.3111,0.004574,0.2765,FP_localization
YOLO11s,United_States__United_States_000879,D10,0.3086,0.047587,0.4222,FP_localization
YOLO11s,United_States__United_States_000879,D10,0.2539,0.016809,0.342,FP_localization
YOLO11s,United_States__United_States_000879,D10,0.2406,0.027457,0.3882,FP_localization
YOLO11s,United_States__United_States_000883,D00,0.4959,0.012173,0.3782,FP_localization
YOLO11s,United_States__United_States_000883,D00,0.4802,0.023165,0.574,TP
YOLO11s,United_States__United_States_000883,D10,0.3694,0.008875,0.902,TP
YOLO11s,United_States__United_States_000883,D00,0.2559,0.005637,0.8169,TP
YOLO11s,United_States__United_States_000887,D00,0.6632,0.021169,0.0,FP_background
YOLO11s,United_States__United_States_000887,D00,0.3455,0.001601,0.777,TP
YOLO11s,United_States__United_States_000903,D10,0.2836,0.002738,0.8171,TP
YOLO11s,United_States__United_States_000905,D00,0.5115,0.134413,0.5844,TP
YOLO11s,United_States__United_States_000905,D00,0.4672,0.006622,0.2183,FP_localization
YOLO11s,United_States__United_States_000905,D10,0.4094,0.024295,0.6016,TP
YOLO11s,United_States__United_States_000905,D20,0.3998,0.046425,0.3914,FP_background
YOLO11s,United_States__United_States_000905,D10,0.2729,0.032033,0.8533,FP_duplicate
YOLO11s,United_States__United_States_000905,D00,0.2659,0.024325,0.7619,TP
YOLO11s,United_States__United_States_000905,D00,0.2489,0.010551,0.3301,FP_localization
YOLO11s,United_States__United_States_000928,D00,0.6779,0.089665,0.5116,TP
YOLO11s,United_States__United_States_000928,D00,0.6296,0.004977,0.0,FP_background
YOLO11s,United_States__United_States_000928,D00,0.5707,0.008759,0.6999,TP
YOLO11s,United_States__United_States_000928,D00,0.4831,0.018598,0.755,TP
YOLO11s,United_States__United_States_000934,D10,0.3995,0.006574,0.815,TP
YOLO11s,United_States__United_States_000934,D00,0.2627,0.019662,0.1897,FP_background
YOLO11s,United_States__United_States_000941,D00,0.5227,0.020963,0.5023,TP
YOLO11s,United_States__United_States_000941,D00,0.3999,0.003312,0.0794,FP_background
YOLO11s,United_States__United_States_000941,D10,0.3515,0.0044,0.8403,TP
YOLO11s,United_States__United_States_000958,D00,0.7382,0.100741,0.7247,TP
YOLO11s,United_States__United_States_000963,D00,0.6646,0.080852,0.7999,TP
YOLO11s,United_States__United_States_000963,D10,0.5396,0.006152,0.3297,FP_localization
YOLO11s,United_States__United_States_000963,D10,0.4113,0.005002,0.3993,FP_localization
YOLO11s,United_States__United_States_000963,D10,0.4005,0.004384,0.2349,FP_localization
YOLO11s,United_States__United_States_000963,D00,0.2601,0.138037,0.5008,TP
YOLO11s,United_States__United_States_000971,D00,0.5874,0.003732,0.8229,TP
YOLO11s,United_States__United_States_000971,D00,0.4278,0.012258,0.9224,TP
YOLO11s,United_States__United_States_000994,D00,0.3426,0.038863,0.5466,TP
YOLO11s,United_States__United_States_001025,D00,0.6461,0.030059,0.6978,TP
YOLO11s,United_States__United_States_001025,D00,0.6057,0.082524,0.4698,FP_localization
YOLO11s,United_States__United_States_001025,D00,0.4897,0.003193,0.0,FP_background
YOLO11s,United_States__United_States_001034,D00,0.5727,0.011051,0.2893,FP_localization
YOLO11s,United_States__United_States_001034,D00,0.3069,0.051374,0.7436,TP
YOLO11s,United_States__United_States_001034,D00,0.2571,0.01808,0.1781,FP_localization
YOLO11s,United_States__United_States_001041,D00,0.3141,0.003127,0.0,FP_background
YOLO11s,United_States__United_States_001041,D00,0.2597,0.003672,0.0,FP_background
YOLO11s,United_States__United_States_001043,D00,0.779,0.089621,0.9097,TP
YOLO11s,United_States__United_States_001043,D00,0.2478,0.004761,0.0,FP_background
YOLO11s,United_States__United_States_001049,D10,0.3654,0.009896,0.8054,TP
YOLO11s,United_States__United_States_001057,D10,0.3737,0.021123,0.3555,FP_localization
YOLO11s,United_States__United_States_001057,D00,0.3161,0.093803,0.1082,FP_background
YOLO11s,United_States__United_States_001058,D00,0.7045,0.007322,0.8303,TP
YOLO11s,United_States__United_States_001063,D10,0.6175,0.024396,0.6725,TP
YOLO11s,United_States__United_States_001070,D20,0.4644,0.277684,0.8716,TP
YOLO11s,United_States__United_States_001070,D20,0.37,0.103984,0.3681,FP_localization
YOLO11s,United_States__United_States_001075,D00,0.5689,0.020975,0.0498,FP_background
YOLO11s,United_States__United_States_001075,D10,0.5037,0.025564,0.3093,FP_localization
YOLO11s,United_States__United_States_001075,D00,0.4335,0.010995,0.5285,TP
YOLO11s,United_States__United_States_001075,D00,0.3776,0.00599,0.7428,TP
YOLO11s,United_States__United_States_001075,D10,0.3374,0.076252,0.5853,TP
YOLO11s,United_States__United_States_001075,D00,0.2756,0.029301,0.1045,FP_background
YOLO11s,United_States__United_States_001075,D10,0.2387,0.038221,0.4041,FP_localization
YOLO11s,United_States__United_States_001079,D00,0.6237,0.072918,0.7366,TP
YOLO11s,United_States__United_States_001088,D00,0.8128,0.084707,0.7056,TP
YOLO11s,United_States__United_States_001095,D10,0.3672,0.013198,0.6382,TP
YOLO11s,United_States__United_States_001095,D10,0.33,0.019639,0.4289,FP_localization
YOLO11s,United_States__United_States_001100,D00,0.6275,0.029873,0.7601,TP
YOLO11s,United_States__United_States_001100,D20,0.6228,0.030564,0.8727,TP
YOLO11s,United_States__United_States_001100,D00,0.4647,0.04342,0.5229,FP_duplicate
YOLO11s,United_States__United_States_001100,D10,0.2786,0.004297,0.7738,TP
YOLO11s,United_States__United_States_001100,D10,0.2682,0.006328,0.8332,TP
YOLO11s,United_States__United_States_001102,D00,0.5497,0.028468,0.8486,TP
YOLO11s,United_States__United_States_001102,D00,0.2947,0.015111,0.4425,FP_localization
YOLO11s,United_States__United_States_001102,D00,0.2536,0.049214,0.5026,FP_duplicate
YOLO11s,United_States__United_States_001105,D00,0.6964,0.025849,0.9172,TP
YOLO11s,United_States__United_States_001105,D00,0.2405,0.039601,0.6406,FP_duplicate
YOLO11s,United_States__United_States_001112,D00,0.5225,0.107752,0.4111,FP_localization
YOLO11s,United_States__United_States_001112,D00,0.4279,0.002026,0.8087,TP
YOLO11s,United_States__United_States_001112,D00,0.3522,0.034864,0.0,FP_background
YOLO11s,United_States__United_States_001112,D00,0.2495,0.048831,0.867,TP
YOLO11s,United_States__United_States_001115,D00,0.7817,0.050956,0.4385,FP_localization
YOLO11s,United_States__United_States_001115,D00,0.7686,0.077945,0.7201,TP
YOLO11s,United_States__United_States_001118,D00,0.7821,0.023304,0.3285,FP_localization
YOLO11s,United_States__United_States_001119,D00,0.5048,0.031448,0.8712,TP
YOLO11s,United_States__United_States_001119,D00,0.4736,0.002267,0.0,FP_background
YOLO11s,United_States__United_States_001119,D10,0.3953,0.010439,0.4408,FP_localization
YOLO11s,United_States__United_States_001119,D40,0.2756,0.002862,0.0,FP_background
YOLO11s,United_States__United_States_001121,D20,0.8396,0.316067,0.8601,TP
YOLO11s,United_States__United_States_001121,D10,0.5602,0.012332,0.0155,FP_background
YOLO11s,United_States__United_States_001121,D00,0.2386,0.002749,0.0086,FP_background
YOLO11s,United_States__United_States_001137,D00,0.3857,0.008933,0.7682,TP
YOLO11s,United_States__United_States_001138,D00,0.5588,0.043786,0.3193,FP_localization
YOLO11s,United_States__United_States_001142,D20,0.5129,0.192039,0.8233,TP
YOLO11s,United_States__United_States_001147,D10,0.5429,0.01447,0.2224,FP_localization
YOLO11s,United_States__United_States_001147,D00,0.3364,0.024651,0.9025,FP_classification
YOLO11s,United_States__United_States_001160,D00,0.6243,0.04493,0.7941,TP
YOLO11s,United_States__United_States_001160,D00,0.534,0.008236,0.1958,FP_localization
YOLO11s,United_States__United_States_001160,D00,0.2373,0.009445,0.1577,FP_localization
YOLO11s,United_States__United_States_001162,D00,0.601,0.017955,0.8968,TP
YOLO11s,United_States__United_States_001162,D00,0.3675,0.023195,0.5036,FP_classification
YOLO11s,United_States__United_States_001162,D00,0.3251,0.069681,0.2511,FP_localization
YOLO11s,United_States__United_States_001163,D20,0.3961,0.077027,0.8109,TP
YOLO11s,United_States__United_States_001163,D20,0.3253,0.052471,0.6781,FP_duplicate
YOLO11s,United_States__United_States_001168,D00,0.2978,0.003258,0.0,FP_background
YOLO11s,United_States__United_States_001173,D10,0.5074,0.032561,0.5831,TP
YOLO11s,United_States__United_States_001173,D10,0.3534,0.056288,0.3569,FP_localization
YOLO11s,United_States__United_States_001173,D10,0.3489,0.007263,0.711,TP
YOLO11s,United_States__United_States_001178,D00,0.7035,0.052981,0.8144,TP
YOLO11s,United_States__United_States_001178,D00,0.6032,0.099603,0.7477,TP
YOLO11s,United_States__United_States_001178,D00,0.3785,0.007507,0.8516,TP
YOLO11s,United_States__United_States_001181,D00,0.3917,0.01022,0.5548,TP
YOLO11s,United_States__United_States_001181,D00,0.2554,0.006422,0.493,FP_localization
YOLO11s,United_States__United_States_001190,D00,0.6274,0.021384,0.9478,TP
YOLO11s,United_States__United_States_001192,D00,0.3346,0.082032,0.87,FP_classification
YOLO11s,United_States__United_States_001192,D20,0.2587,0.082938,0.8728,TP
YOLO11s,United_States__United_States_001199,D00,0.4466,0.060832,0.3478,FP_background
YOLO11s,United_States__United_States_001199,D00,0.433,0.005941,0.8449,TP
YOLO11s,United_States__United_States_001199,D10,0.3657,0.019634,0.1345,FP_background
YOLO11s,United_States__United_States_001216,D10,0.6001,0.011935,0.8841,TP
YOLO11s,United_States__United_States_001216,D00,0.5433,0.076869,0.6933,TP
YOLO11s,United_States__United_States_001216,D10,0.5105,0.004823,0.7968,TP
YOLO11s,United_States__United_States_001216,D20,0.484,0.223557,0.8037,TP
YOLO11s,United_States__United_States_001216,D20,0.3351,0.050209,0.2543,FP_localization
YOLO11s,United_States__United_States_001216,D00,0.3333,0.053558,0.7925,FP_duplicate
YOLO11s,United_States__United_States_001216,D10,0.3261,0.004687,0.863,TP
YOLO11s,United_States__United_States_001219,D00,0.6814,0.017543,0.8489,TP
YOLO11s,United_States__United_States_001230,D00,0.3717,0.003741,0.6734,TP
YOLO11s,United_States__United_States_001230,D10,0.2852,0.01759,0.0,FP_background
YOLO11s,United_States__United_States_001238,D10,0.5581,0.00348,0.8274,TP
YOLO11s,United_States__United_States_001276,D00,0.5222,0.028018,0.7319,TP
YOLO11s,United_States__United_States_001288,D00,0.3001,0.082277,0.7647,FP_classification
YOLO11s,United_States__United_States_001288,D00,0.2835,0.002613,0.0131,FP_background
YOLO11s,United_States__United_States_001289,D10,0.7132,0.027845,0.8076,TP
YOLO11s,United_States__United_States_001289,D00,0.4676,0.008255,0.0721,FP_background
YOLO11s,United_States__United_States_001289,D00,0.4306,0.046933,0.0343,FP_background
YOLO11s,United_States__United_States_001295,D00,0.4914,0.028848,0.7819,TP
YOLO11s,United_States__United_States_001295,D00,0.4515,0.014403,0.482,FP_localization
YOLO11s,United_States__United_States_001295,D00,0.3417,0.001345,0.0,FP_background
YOLO11s,United_States__United_States_001298,D00,0.5532,0.037981,0.8246,TP
YOLO11s,United_States__United_States_001298,D10,0.5511,0.049607,0.8091,TP
YOLO11s,United_States__United_States_001298,D00,0.4989,0.005329,0.8673,TP
YOLO11s,United_States__United_States_001298,D10,0.401,0.046792,0.6306,FP_duplicate
YOLO11s,United_States__United_States_001298,D10,0.3516,0.071905,0.7384,FP_duplicate
YOLO11s,United_States__United_States_001322,D10,0.57,0.063724,0.9452,TP
YOLO11s,United_States__United_States_001322,D00,0.412,0.080768,0.8718,TP
YOLO11s,United_States__United_States_001322,D10,0.3514,0.034207,0.5184,FP_duplicate
YOLO11s,United_States__United_States_001330,D00,0.6309,0.004528,0.8992,TP
YOLO11s,United_States__United_States_001330,D10,0.3208,0.00465,0.8135,TP
YOLO11s,United_States__United_States_001330,D00,0.2391,0.002901,0.0,FP_background
YOLO11s,United_States__United_States_001330,D00,0.238,0.002414,0.5205,FP_duplicate
YOLO11s,United_States__United_States_001336,D00,0.6644,0.09665,0.6918,TP
YOLO11s,United_States__United_States_001336,D00,0.4836,0.002894,0.0356,FP_background
YOLO11s,United_States__United_States_001336,D00,0.4376,0.029122,0.5523,TP
YOLO11s,United_States__United_States_001336,D10,0.3579,0.008014,0.2664,FP_localization
YOLO11s,United_States__United_States_001336,D00,0.2965,0.162989,0.4129,FP_localization
YOLO11s,United_States__United_States_001336,D00,0.2896,0.07743,0.2077,FP_localization
YOLO11s,United_States__United_States_001336,D00,0.2435,0.03661,0.2065,FP_localization
YOLO11s,United_States__United_States_001354,D00,0.2921,0.011678,0.1641,FP_localization
YOLO11s,United_States__United_States_001376,D00,0.6125,0.013901,0.7652,TP
YOLO11s,United_States__United_States_001376,D00,0.4101,0.003272,0.7194,TP
YOLO11s,United_States__United_States_001376,D10,0.3608,0.017303,0.3783,FP_localization
YOLO11s,United_States__United_States_001376,D10,0.2846,0.006559,0.0,FP_background
YOLO11s,United_States__United_States_001376,D10,0.2416,0.027015,0.476,FP_localization
YOLO11s,United_States__United_States_001377,D10,0.5748,0.009462,0.8145,TP
YOLO11s,United_States__United_States_001377,D00,0.4025,0.01259,0.7969,TP
YOLO11s,United_States__United_States_001398,D00,0.6333,0.074611,0.9279,TP
YOLO11s,United_States__United_States_001398,D00,0.5398,0.023914,0.8961,TP
YOLO11s,United_States__United_States_001398,D00,0.3538,0.026859,0.5099,FP_classification
YOLO11s,United_States__United_States_001398,D00,0.3411,0.017862,0.3391,FP_background
YOLO11s,United_States__United_States_001398,D00,0.2992,0.005744,0.8794,TP
YOLO11s,United_States__United_States_001401,D00,0.3489,0.003029,0.869,TP
YOLO11s,United_States__United_States_001423,D00,0.3763,0.005893,0.807,TP
YOLO11s,United_States__United_States_001423,D00,0.2406,0.003121,0.5541,FP_duplicate
YOLO11s,United_States__United_States_001427,D10,0.3805,0.004182,0.6873,TP
YOLO11s,United_States__United_States_001432,D10,0.4935,0.019797,0.567,TP
YOLO11s,United_States__United_States_001432,D00,0.3761,0.087293,0.5721,TP
YOLO11s,United_States__United_States_001438,D00,0.8089,0.020249,0.788,TP
YOLO11s,United_States__United_States_001438,D00,0.4838,0.008565,0.0138,FP_background
YOLO11s,United_States__United_States_001438,D00,0.4066,0.055907,0.6638,TP
YOLO11s,United_States__United_States_001438,D10,0.3305,0.016194,0.5703,TP
YOLO11s,United_States__United_States_001453,D00,0.5645,0.050467,0.7128,TP
YOLO11s,United_States__United_States_001453,D00,0.4721,0.028556,0.8494,FP_classification
YOLO11s,United_States__United_States_001453,D00,0.2602,0.010971,0.2498,FP_localization
YOLO11s,United_States__United_States_001460,D00,0.6085,0.059793,0.248,FP_localization
YOLO11s,United_States__United_States_001460,D10,0.3422,0.007749,0.3124,FP_localization
YOLO11s,United_States__United_States_001460,D00,0.3027,0.02482,0.6362,TP
YOLO11s,United_States__United_States_001481,D00,0.4678,0.023832,0.4979,FP_localization
YOLO11s,United_States__United_States_001481,D00,0.2548,0.008878,0.0,FP_background
YOLO11s,United_States__United_States_001483,D00,0.458,0.030296,0.8264,TP
YOLO11s,United_States__United_States_001497,D10,0.2644,0.006852,0.0,FP_background
YOLO11s,United_States__United_States_001499,D00,0.5767,0.003077,0.6982,TP
YOLO11s,United_States__United_States_001499,D00,0.4243,0.010804,0.7308,TP
YOLO11s,United_States__United_States_001502,D00,0.2552,0.037913,0.728,TP
YOLO11s,United_States__United_States_001511,D10,0.2851,0.012039,0.5216,TP
YOLO11s,United_States__United_States_001511,D00,0.2685,0.007926,0.1711,FP_background
YOLO11s,United_States__United_States_001511,D10,0.2655,0.006803,0.7191,FP_duplicate
YOLO11s,United_States__United_States_001513,D00,0.2816,0.004875,0.0,FP_background
YOLO11s,United_States__United_States_001518,D00,0.3907,0.00445,0.1775,FP_localization
YOLO11s,United_States__United_States_001518,D00,0.3668,0.025747,0.8404,TP
YOLO11s,United_States__United_States_001523,D10,0.4906,0.027611,0.7014,TP
YOLO11s,United_States__United_States_001523,D00,0.4504,0.102243,0.4039,FP_localization
YOLO11s,United_States__United_States_001523,D10,0.377,0.006635,0.6305,TP
YOLO11s,United_States__United_States_001523,D00,0.3282,0.014882,0.1033,FP_localization
YOLO11s,United_States__United_States_001523,D00,0.2646,0.005,0.1057,FP_background
YOLO11s,United_States__United_States_001523,D10,0.2628,0.008833,0.8405,TP
YOLO11s,United_States__United_States_001523,D00,0.241,0.045255,0.8358,TP
YOLO11s,United_States__United_States_001524,D10,0.2961,0.01743,0.3783,FP_localization
YOLO11s,United_States__United_States_001535,D00,0.5084,0.019961,0.8806,TP
YOLO11s,United_States__United_States_001535,D00,0.2472,0.030363,0.578,FP_duplicate
YOLO11s,United_States__United_States_001536,D00,0.6269,0.015063,0.9035,TP
YOLO11s,United_States__United_States_001536,D00,0.2698,0.045962,0.4111,FP_localization
YOLO11s,United_States__United_States_001536,D00,0.2568,0.031194,0.6058,TP
YOLO11s,United_States__United_States_001553,D00,0.4348,0.015732,0.2919,FP_localization
YOLO11s,United_States__United_States_001553,D00,0.246,0.004044,0.8764,TP
YOLO11s,United_States__United_States_001557,D00,0.2597,0.050304,0.0,FP_background
YOLO11s,United_States__United_States_001570,D10,0.4519,0.003573,0.7779,TP
YOLO11s,United_States__United_States_001572,D00,0.6331,0.026197,0.9054,TP
YOLO11s,United_States__United_States_001573,D00,0.3489,0.076824,0.8214,TP
YOLO11s,United_States__United_States_001575,D00,0.6659,0.021295,0.7515,TP
YOLO11s,United_States__United_States_001575,D10,0.4659,0.142991,0.6612,TP
YOLO11s,United_States__United_States_001575,D10,0.4088,0.004003,0.7611,TP
YOLO11s,United_States__United_States_001575,D10,0.2798,0.12853,0.5551,FP_duplicate
YOLO11s,United_States__United_States_001575,D10,0.2773,0.098837,0.753,FP_duplicate
YOLO11s,United_States__United_States_001575,D10,0.2508,0.057951,0.5047,FP_duplicate
YOLO11s,United_States__United_States_001578,D10,0.5734,0.007218,0.8901,TP
YOLO11s,United_States__United_States_001578,D10,0.5386,0.024041,0.4179,FP_localization
YOLO11s,United_States__United_States_001578,D00,0.5021,0.001663,0.5962,TP
YOLO11s,United_States__United_States_001578,D10,0.3829,0.005772,0.8816,TP
YOLO11s,United_States__United_States_001578,D10,0.3824,0.010507,0.8983,TP
YOLO11s,United_States__United_States_001585,D20,0.684,0.197488,0.7838,TP
YOLO11s,United_States__United_States_001589,D00,0.6991,0.008232,0.8772,TP
YOLO11s,United_States__United_States_001589,D10,0.3148,0.005716,0.0,FP_background
YOLO11s,United_States__United_States_001591,D00,0.763,0.019024,0.8699,TP
YOLO11s,United_States__United_States_001614,D00,0.7981,0.022249,0.9415,TP
YOLO11s,United_States__United_States_001614,D10,0.6911,0.007379,0.8926,TP
YOLO11s,United_States__United_States_001614,D10,0.6448,0.005822,0.892,TP
YOLO11s,United_States__United_States_001614,D00,0.3827,0.019772,0.0895,FP_background
YOLO11s,United_States__United_States_001614,D00,0.2836,0.005361,0.0,FP_background
YOLO11s,United_States__United_States_001616,D20,0.3853,0.074326,0.8325,TP
YOLO11s,United_States__United_States_001616,D10,0.3765,0.00675,0.8102,TP
YOLO11s,United_States__United_States_001616,D20,0.3648,0.205026,0.3018,FP_localization
YOLO11s,United_States__United_States_001618,D00,0.2565,0.040938,0.5034,TP
YOLO11s,United_States__United_States_001639,D00,0.8318,0.031921,0.3425,FP_localization
YOLO11s,United_States__United_States_001639,D00,0.703,0.010208,0.3436,FP_localization
YOLO11s,United_States__United_States_001639,D00,0.4978,0.092178,0.9139,TP
YOLO11s,United_States__United_States_001639,D10,0.3247,0.005766,0.0,FP_background
YOLO11s,United_States__United_States_001654,D10,0.2969,0.019895,0.368,FP_localization
YOLO11s,United_States__United_States_001656,D00,0.6027,0.023713,0.6742,TP
YOLO11s,United_States__United_States_001656,D00,0.5563,0.044146,0.8322,TP
YOLO11s,United_States__United_States_001661,D00,0.7514,0.087918,0.7158,TP
YOLO11s,United_States__United_States_001661,D00,0.2401,0.046067,0.8154,TP
YOLO11s,United_States__United_States_001666,D00,0.3485,0.004186,0.4098,FP_localization
YOLO11s,United_States__United_States_001669,D00,0.4743,0.054096,0.6692,TP
YOLO11s,United_States__United_States_001669,D10,0.3398,0.042511,0.5851,TP
YOLO11s,United_States__United_States_001671,D00,0.5807,0.012081,0.8651,TP
YOLO11s,United_States__United_States_001671,D00,0.576,0.014424,0.842,TP
YOLO11s,United_States__United_States_001677,D00,0.6489,0.005095,0.8985,TP
YOLO11s,United_States__United_States_001681,D20,0.5399,0.102928,0.5093,FP_classification
YOLO11s,United_States__United_States_001681,D20,0.3966,0.145188,0.6679,TP
YOLO11s,United_States__United_States_001695,D00,0.4848,0.003399,0.8487,TP
YOLO11s,United_States__United_States_001700,D00,0.7685,0.100111,0.7837,TP
YOLO11s,United_States__United_States_001700,D00,0.6964,0.101329,0.8583,TP
YOLO11s,United_States__United_States_001700,D00,0.3305,0.157607,0.7249,FP_duplicate
YOLO11s,United_States__United_States_001700,D00,0.2803,0.000989,0.0,FP_background
YOLO11s,United_States__United_States_001707,D00,0.4484,0.069313,0.8136,TP
YOLO11s,United_States__United_States_001707,D00,0.4346,0.064034,0.7636,TP
YOLO11s,United_States__United_States_001707,D00,0.4323,0.024961,0.4057,FP_localization
YOLO11s,United_States__United_States_001707,D10,0.4244,0.004598,0.4971,FP_localization
YOLO11s,United_States__United_States_001707,D10,0.3222,0.002589,0.7819,TP
YOLO11s,United_States__United_States_001707,D00,0.2663,0.047791,0.561,FP_duplicate
YOLO11s,United_States__United_States_001711,D10,0.3151,0.04393,0.7136,TP
YOLO11s,United_States__United_States_001711,D10,0.256,0.080839,0.3878,FP_localization
YOLO11s,United_States__United_States_001720,D20,0.7911,0.348485,0.8567,TP
YOLO11s,United_States__United_States_001721,D10,0.6305,0.021534,0.8031,TP
YOLO11s,United_States__United_States_001722,D00,0.7194,0.030947,0.3629,FP_localization
YOLO11s,United_States__United_States_001722,D00,0.4254,0.075084,0.901,TP
YOLO11s,United_States__United_States_001722,D00,0.4247,0.022459,0.8526,TP
YOLO11s,United_States__United_States_001722,D10,0.3182,0.006694,0.7616,TP
YOLO11s,United_States__United_States_001722,D10,0.2598,0.009775,0.4834,FP_localization
YOLO11s,United_States__United_States_001738,D00,0.439,0.032617,0.6649,TP
YOLO11s,United_States__United_States_001743,D00,0.4597,0.014875,0.8362,TP
YOLO11s,United_States__United_States_001762,D00,0.6108,0.016363,0.5849,TP
YOLO11s,United_States__United_States_001762,D00,0.5142,0.010294,0.8472,TP
YOLO11s,United_States__United_States_001762,D00,0.2701,0.050025,0.1755,FP_localization
YOLO11s,United_States__United_States_001768,D10,0.2387,0.014262,0.6629,TP
YOLO11s,United_States__United_States_001772,D00,0.5151,0.074438,0.1491,FP_localization
YOLO11s,United_States__United_States_001772,D10,0.4666,0.026865,0.4507,FP_localization
YOLO11s,United_States__United_States_001772,D00,0.384,0.050881,0.2507,FP_localization
YOLO11s,United_States__United_States_001772,D10,0.3154,0.003881,0.0651,FP_background
YOLO11s,United_States__United_States_001772,D10,0.2878,0.013025,0.2613,FP_localization
YOLO11s,United_States__United_States_001775,D10,0.584,0.014502,0.8922,TP
YOLO11s,United_States__United_States_001775,D00,0.4216,0.006587,0.0,FP_background
YOLO11s,United_States__United_States_001775,D00,0.2985,0.050878,0.0798,FP_background
YOLO11s,United_States__United_States_001779,D20,0.5062,0.154287,0.8665,TP
YOLO11s,United_States__United_States_001779,D00,0.4579,0.062009,0.6734,TP
YOLO11s,United_States__United_States_001779,D00,0.4498,0.061531,0.481,FP_localization
YOLO11s,United_States__United_States_001779,D10,0.4081,0.007482,0.8309,TP
YOLO11s,United_States__United_States_001779,D00,0.2995,0.094025,0.7382,FP_duplicate
YOLO11s,United_States__United_States_001779,D00,0.2942,0.036108,0.8138,TP
YOLO11s,United_States__United_States_001786,D00,0.4275,0.006896,0.6285,TP
YOLO11s,United_States__United_States_001786,D10,0.3944,0.004646,0.6268,TP
YOLO11s,United_States__United_States_001786,D00,0.3466,0.065857,0.5408,TP
YOLO11s,United_States__United_States_001786,D20,0.3281,0.117507,0.5363,FP_classification
YOLO11s,United_States__United_States_001786,D10,0.2965,0.01233,0.534,TP
YOLO11s,United_States__United_States_001786,D00,0.2592,0.108258,0.5718,FP_duplicate
YOLO11s,United_States__United_States_001788,D10,0.4531,0.007583,0.5953,TP
YOLO11s,United_States__United_States_001788,D10,0.3501,0.006894,0.667,TP
YOLO11s,United_States__United_States_001788,D20,0.2863,0.046984,0.5184,FP_classification
YOLO11s,United_States__United_States_001788,D10,0.2706,0.005785,0.6531,TP
YOLO11s,United_States__United_States_001796,D00,0.6128,0.078385,0.0,FP_background
YOLO11s,United_States__United_States_001796,D00,0.5363,0.003285,0.6154,TP
YOLO11s,United_States__United_States_001796,D10,0.3384,0.012263,0.7256,TP
YOLO11s,United_States__United_States_001796,D10,0.2684,0.00276,0.0,FP_background
YOLO11s,United_States__United_States_001822,D00,0.5033,0.065738,0.9415,TP
YOLO11s,United_States__United_States_001822,D20,0.3983,0.061911,0.9295,FP_classification
YOLO11s,United_States__United_States_001823,D10,0.5047,0.017664,0.8425,TP
YOLO11s,United_States__United_States_001825,D00,0.363,0.020701,0.0527,FP_background
YOLO11s,United_States__United_States_001825,D10,0.2836,0.017941,0.5049,TP
YOLO11s,United_States__United_States_001825,D10,0.2636,0.010135,0.3938,FP_localization
YOLO11s,United_States__United_States_001828,D00,0.765,0.01041,0.9113,TP
YOLO11s,United_States__United_States_001828,D00,0.5431,0.012616,0.8674,TP
YOLO11s,United_States__United_States_001833,D00,0.5898,0.023527,0.927,TP
YOLO11s,United_States__United_States_001840,D00,0.7997,0.079295,0.5914,TP
YOLO11s,United_States__United_States_001840,D00,0.3316,0.054155,0.8728,FP_duplicate
YOLO11s,United_States__United_States_001840,D00,0.2499,0.011891,0.7114,TP
YOLO11s,United_States__United_States_001847,D10,0.2806,0.007245,0.8087,TP
YOLO11s,United_States__United_States_001852,D10,0.4746,0.025913,0.3111,FP_localization
YOLO11s,United_States__United_States_001852,D10,0.3559,0.021791,0.2626,FP_localization
YOLO11s,United_States__United_States_001852,D10,0.3148,0.007286,0.555,TP
YOLO11s,United_States__United_States_001852,D10,0.2622,0.071517,0.6587,TP
YOLO11s,United_States__United_States_001877,D00,0.4572,0.001796,0.8435,TP
YOLO11s,United_States__United_States_001877,D00,0.4446,0.140031,0.8431,TP
YOLO11s,United_States__United_States_001877,D00,0.3965,0.002651,0.8126,TP
YOLO11s,United_States__United_States_001877,D00,0.3801,0.009525,0.2911,FP_localization
YOLO11s,United_States__United_States_001877,D10,0.3146,0.008285,0.4993,FP_localization
YOLO11s,United_States__United_States_001877,D00,0.2918,0.15973,0.5565,FP_duplicate
YOLO11s,United_States__United_States_001877,D00,0.2405,0.000867,0.8354,TP
YOLO11s,United_States__United_States_001879,D20,0.4346,0.063834,0.7799,TP
YOLO11s,United_States__United_States_001879,D20,0.2777,0.020675,0.9368,TP
YOLO11s,United_States__United_States_001880,D10,0.4173,0.006755,0.0,FP_background
YOLO11s,United_States__United_States_001880,D10,0.3547,0.059399,0.5026,TP
YOLO11s,United_States__United_States_001880,D00,0.3378,0.008221,0.6699,TP
YOLO11s,United_States__United_States_001880,D10,0.2906,0.072926,0.4885,FP_localization
YOLO11s,United_States__United_States_001880,D10,0.2709,0.024121,0.4689,FP_localization
YOLO11s,United_States__United_States_001886,D00,0.6691,0.060562,0.7091,TP
YOLO11s,United_States__United_States_001886,D10,0.4697,0.008455,0.8316,TP
YOLO11s,United_States__United_States_001886,D00,0.3822,0.113398,0.4801,FP_localization
YOLO11s,United_States__United_States_001886,D00,0.378,0.0035,0.9048,TP
YOLO11s,United_States__United_States_001886,D10,0.3202,0.013155,0.8976,TP
YOLO11s,United_States__United_States_001886,D00,0.3031,0.053274,0.1965,FP_localization
YOLO11s,United_States__United_States_001886,D10,0.264,0.013501,0.5208,FP_duplicate
YOLO11s,United_States__United_States_001886,D10,0.2536,0.019194,0.3663,FP_localization
YOLO11s,United_States__United_States_001886,D20,0.253,0.049279,0.7346,TP
YOLO11s,United_States__United_States_001896,D00,0.6472,0.054873,0.7846,TP
YOLO11s,United_States__United_States_001896,D00,0.4141,0.033784,0.8845,FP_classification
YOLO11s,United_States__United_States_001896,D20,0.3413,0.214676,0.4551,FP_localization
YOLO11s,United_States__United_States_001896,D00,0.3089,0.089716,0.8139,FP_classification
YOLO11s,United_States__United_States_001907,D00,0.5688,0.051722,0.8519,TP
YOLO11s,United_States__United_States_001907,D00,0.425,0.041074,0.7154,TP
YOLO11s,United_States__United_States_001907,D10,0.409,0.013196,0.838,TP
YOLO11s,United_States__United_States_001907,D10,0.4064,0.061049,0.4357,FP_localization
YOLO11s,United_States__United_States_001907,D10,0.3817,0.005214,0.5063,TP
YOLO11s,United_States__United_States_001910,D00,0.4419,0.037309,0.7224,TP
YOLO11s,United_States__United_States_001910,D00,0.2873,0.029525,0.5054,FP_duplicate
YOLO11s,United_States__United_States_001910,D00,0.2582,0.00988,0.0,FP_background
YOLO11s,United_States__United_States_001917,D10,0.3884,0.017853,0.4132,FP_localization
YOLO11s,United_States__United_States_001926,D00,0.5238,0.001487,0.8548,TP
YOLO11s,United_States__United_States_001926,D00,0.3413,0.01073,0.7044,TP
YOLO11s,United_States__United_States_001926,D10,0.2794,0.002053,0.8288,TP
YOLO11s,United_States__United_States_001926,D00,0.2754,0.014685,0.9257,FP_duplicate
YOLO11s,United_States__United_States_001943,D00,0.4858,0.068074,0.6397,TP
YOLO11s,United_States__United_States_001944,D00,0.623,0.019014,0.8766,TP
YOLO11s,United_States__United_States_001944,D00,0.2537,0.022487,0.0,FP_background
YOLO11s,United_States__United_States_001949,D00,0.5765,0.001627,0.84,TP
YOLO11s,United_States__United_States_001961,D00,0.5635,0.158074,0.6919,TP
YOLO11s,United_States__United_States_001961,D10,0.4725,0.025984,0.3106,FP_localization
YOLO11s,United_States__United_States_001961,D00,0.3987,0.015492,0.1267,FP_localization
YOLO11s,United_States__United_States_001961,D00,0.2397,0.022886,0.1869,FP_localization
YOLO11s,United_States__United_States_001964,D00,0.6472,0.0529,0.6136,TP
YOLO11s,United_States__United_States_001964,D00,0.4313,0.013612,0.8584,TP
YOLO11s,United_States__United_States_001964,D10,0.3653,0.006012,0.0,FP_background
YOLO11s,United_States__United_States_001978,D00,0.5977,0.042604,0.8522,TP
YOLO11s,United_States__United_States_001978,D00,0.2423,0.0565,0.6896,FP_duplicate
YOLO11s,United_States__United_States_001981,D00,0.517,0.044403,0.5652,TP
YOLO11s,United_States__United_States_001981,D00,0.497,0.072199,0.8804,FP_duplicate
YOLO11s,United_States__United_States_001981,D00,0.3451,0.010536,0.0219,FP_background
YOLO11s,United_States__United_States_001991,D00,0.7617,0.057335,0.9543,TP
YOLO11s,United_States__United_States_001997,D00,0.5477,0.066766,0.9026,TP
YOLO11s,United_States__United_States_001997,D10,0.3823,0.004648,0.6262,TP
YOLO11s,United_States__United_States_002009,D00,0.6331,0.005713,0.3024,FP_localization
YOLO11s,United_States__United_States_002009,D00,0.4523,0.007518,0.7148,TP
YOLO11s,United_States__United_States_002009,D10,0.4055,0.007346,0.1022,FP_localization
YOLO11s,United_States__United_States_002009,D20,0.3585,0.146405,0.6503,FP_classification
YOLO11s,United_States__United_States_002009,D00,0.2978,0.121988,0.7804,TP
YOLO11s,United_States__United_States_002009,D10,0.281,0.039639,0.504,TP
YOLO11s,United_States__United_States_002017,D00,0.5554,0.116605,0.7694,TP
YOLO11s,United_States__United_States_002017,D10,0.4731,0.003627,0.0139,FP_background
YOLO11s,United_States__United_States_002017,D00,0.3388,0.008231,0.0767,FP_background
YOLO11s,United_States__United_States_002021,D00,0.652,0.090612,0.81,TP
YOLO11s,United_States__United_States_002021,D00,0.4856,0.004046,0.0279,FP_background
YOLO11s,United_States__United_States_002021,D20,0.4389,0.034505,0.721,FP_classification
YOLO11s,United_States__United_States_002030,D00,0.641,0.10129,0.8298,TP
YOLO11s,United_States__United_States_002030,D10,0.2834,0.009517,0.0,FP_background
YOLO11s,United_States__United_States_002030,D10,0.2702,0.007834,0.5198,TP
YOLO11s,United_States__United_States_002032,D20,0.3163,0.053615,0.7843,TP
YOLO11s,United_States__United_States_002035,D20,0.7553,0.377053,0.8579,TP
YOLO11s,United_States__United_States_002035,D40,0.3374,0.002231,0.8931,TP
YOLO11s,United_States__United_States_002044,D00,0.4113,0.046377,0.5024,TP
YOLO11s,United_States__United_States_002048,D10,0.563,0.005257,0.8752,TP
YOLO11s,United_States__United_States_002048,D00,0.43,0.043272,0.9176,TP
YOLO11s,United_States__United_States_002048,D00,0.3737,0.038591,0.4091,FP_localization
YOLO11s,United_States__United_States_002048,D10,0.3319,0.010369,0.8117,TP
YOLO11s,United_States__United_States_002048,D00,0.2806,0.101569,0.6304,TP
YOLO11s,United_States__United_States_002061,D00,0.6894,0.009126,0.8834,TP
YOLO11s,United_States__United_States_002061,D00,0.3029,0.001272,0.8307,TP
YOLO11s,United_States__United_States_002064,D00,0.4877,0.082941,0.7855,TP
YOLO11s,United_States__United_States_002064,D20,0.2827,0.086864,0.7545,FP_classification
YOLO11s,United_States__United_States_002064,D10,0.2576,0.008122,0.0273,FP_background
YOLO11s,United_States__United_States_002064,D00,0.239,0.002562,0.0,FP_background
YOLO11s,United_States__United_States_002076,D00,0.5949,0.048972,0.5858,TP
YOLO11s,United_States__United_States_002076,D00,0.4205,0.029817,0.3562,FP_localization
YOLO11s,United_States__United_States_002076,D00,0.4064,0.059414,0.0,FP_background
YOLO11s,United_States__United_States_002076,D10,0.3698,0.002823,0.023,FP_background
YOLO11s,United_States__United_States_002084,D00,0.4079,0.00363,0.8754,TP
YOLO11s,United_States__United_States_002084,D00,0.2575,0.035438,0.4478,FP_localization
YOLO11s,United_States__United_States_002088,D00,0.5304,0.003355,0.8732,TP
YOLO11s,United_States__United_States_002089,D00,0.5259,0.009333,0.9327,TP
YOLO11s,United_States__United_States_002095,D00,0.7449,0.017901,0.8257,TP
YOLO11s,United_States__United_States_002095,D00,0.689,0.061583,0.8229,TP
YOLO11s,United_States__United_States_002095,D00,0.6878,0.056166,0.6834,TP
YOLO11s,United_States__United_States_002095,D00,0.3576,0.016685,0.6417,TP
YOLO11s,United_States__United_States_002095,D00,0.3346,0.088495,0.5726,FP_duplicate
YOLO11s,United_States__United_States_002099,D00,0.5623,0.081911,0.253,FP_localization
YOLO11s,United_States__United_States_002099,D00,0.4229,0.004456,0.1552,FP_localization
YOLO11s,United_States__United_States_002100,D10,0.6669,0.010372,0.8381,TP
YOLO11s,United_States__United_States_002100,D10,0.6508,0.00619,0.8237,TP
YOLO11s,United_States__United_States_002100,D10,0.6123,0.016375,0.7894,TP
YOLO11s,United_States__United_States_002100,D10,0.3452,0.034402,0.4111,FP_localization
YOLO11s,United_States__United_States_002102,D00,0.3871,0.007266,0.4421,FP_background
YOLO11s,United_States__United_States_002102,D00,0.2698,0.013918,0.8505,FP_classification
YOLO11s,United_States__United_States_002109,D00,0.6555,0.081431,0.2213,FP_localization
YOLO11s,United_States__United_States_002109,D00,0.3437,0.010488,0.5927,TP
YOLO11s,United_States__United_States_002126,D10,0.5348,0.012636,0.2712,FP_localization
YOLO11s,United_States__United_States_002126,D00,0.3042,0.00642,0.0,FP_background
YOLO11s,United_States__United_States_002126,D10,0.2984,0.069955,0.5778,TP
YOLO11s,United_States__United_States_002131,D10,0.4132,0.006271,0.8438,TP
YOLO11s,United_States__United_States_002131,D00,0.3047,0.045427,0.7618,TP
YOLO11s,United_States__United_States_002138,D00,0.6338,0.030696,0.7617,TP
YOLO11s,United_States__United_States_002138,D00,0.6111,0.015174,0.9014,TP
YOLO11s,United_States__United_States_002138,D00,0.3784,0.024935,0.9755,TP
YOLO11s,United_States__United_States_002138,D10,0.332,0.010657,0.0741,FP_background
YOLO11s,United_States__United_States_002138,D00,0.2538,0.022546,0.6132,FP_duplicate
YOLO11s,United_States__United_States_002139,D00,0.5974,0.025199,0.8732,TP
YOLO11s,United_States__United_States_002139,D00,0.4667,0.001849,0.7901,TP
YOLO11s,United_States__United_States_002143,D00,0.745,0.09233,0.0,FP_background
YOLO11s,United_States__United_States_002143,D10,0.3055,0.002572,0.0,FP_background
YOLO11s,United_States__United_States_002144,D00,0.6819,0.149093,0.7728,TP
YOLO11s,United_States__United_States_002144,D00,0.4034,0.02032,0.5308,FP_classification
YOLO11s,United_States__United_States_002144,D00,0.276,0.03847,0.8836,FP_classification
YOLO11s,United_States__United_States_002148,D00,0.5409,0.036061,0.0,FP_background
YOLO11s,United_States__United_States_002148,D00,0.5233,0.021635,0.2515,FP_localization
YOLO11s,United_States__United_States_002148,D10,0.3686,0.022373,0.2558,FP_localization
YOLO11s,United_States__United_States_002148,D00,0.3332,0.087168,0.9209,TP
YOLO11s,United_States__United_States_002154,D10,0.3514,0.01157,0.2105,FP_localization
YOLO11s,United_States__United_States_002154,D10,0.291,0.023039,0.2328,FP_localization
YOLO11s,United_States__United_States_002154,D10,0.2445,0.026444,0.482,FP_localization
YOLO11s,United_States__United_States_002161,D10,0.587,0.017757,0.5833,TP
YOLO11s,United_States__United_States_002161,D00,0.5508,0.023951,0.3994,FP_localization
YOLO11s,United_States__United_States_002161,D00,0.5496,0.015912,0.28,FP_localization
YOLO11s,United_States__United_States_002161,D10,0.4534,0.017764,0.4127,FP_localization
YOLO11s,United_States__United_States_002161,D00,0.4361,0.061914,0.7564,TP
YOLO11s,United_States__United_States_002161,D10,0.4186,0.012639,0.7591,FP_duplicate
YOLO11s,United_States__United_States_002161,D10,0.3457,0.003104,0.4656,FP_localization
YOLO11s,United_States__United_States_002166,D00,0.6561,0.041338,0.7493,TP
YOLO11s,United_States__United_States_002166,D10,0.274,0.004427,0.8473,TP
YOLO11s,United_States__United_States_002168,D00,0.6502,0.103229,0.5819,TP
YOLO11s,United_States__United_States_002168,D00,0.5388,0.010703,0.8623,TP
YOLO11s,United_States__United_States_002168,D00,0.2422,0.080213,0.7179,TP
YOLO11s,United_States__United_States_002184,D00,0.5773,0.042385,0.553,TP
YOLO11s,United_States__United_States_002184,D10,0.4686,0.008825,0.8642,TP
YOLO11s,United_States__United_States_002184,D00,0.3991,0.016103,0.5827,FP_duplicate
YOLO11s,United_States__United_States_002184,D10,0.311,0.022809,0.524,TP
YOLO11s,United_States__United_States_002184,D10,0.2747,0.013414,0.8834,FP_duplicate
YOLO11s,United_States__United_States_002186,D00,0.6913,0.006863,0.8989,TP
YOLO11s,United_States__United_States_002186,D00,0.5616,0.009403,0.5021,TP
YOLO11s,United_States__United_States_002186,D00,0.3442,0.005636,0.8422,FP_duplicate
YOLO11s,United_States__United_States_002190,D00,0.5331,0.002577,0.832,TP
YOLO11s,United_States__United_States_002190,D00,0.3234,0.017634,0.1553,FP_localization
YOLO11s,United_States__United_States_002196,D20,0.4054,0.054438,0.4729,FP_localization
YOLO11s,United_States__United_States_002208,D20,0.6692,0.30628,0.7339,TP
YOLO11s,United_States__United_States_002208,D20,0.5718,0.108753,0.4605,FP_localization
YOLO11s,United_States__United_States_002208,D40,0.2797,0.00195,0.0087,FP_background
YOLO11s,United_States__United_States_002209,D00,0.7426,0.132911,0.8907,TP
YOLO11s,United_States__United_States_002209,D00,0.5971,0.018107,0.7475,TP
YOLO11s,United_States__United_States_002209,D00,0.4523,0.084553,0.6507,TP
YOLO11s,United_States__United_States_002209,D00,0.4061,0.033229,0.5007,FP_duplicate
YOLO11s,United_States__United_States_002217,D10,0.6357,0.069736,0.7237,TP
YOLO11s,United_States__United_States_002217,D00,0.3603,0.007844,0.0191,FP_background
YOLO11s,United_States__United_States_002217,D10,0.2849,0.08175,0.6174,FP_duplicate
YOLO11s,United_States__United_States_002217,D00,0.2724,0.014713,0.0218,FP_background
YOLO11s,United_States__United_States_002233,D00,0.4925,0.092352,0.7146,TP
YOLO11s,United_States__United_States_002245,D00,0.4743,0.001268,0.0,FP_background
YOLO11s,United_States__United_States_002245,D00,0.3919,0.03324,0.884,TP
YOLO11s,United_States__United_States_002245,D10,0.3717,0.013608,0.5523,TP
YOLO11s,United_States__United_States_002245,D00,0.3338,0.012068,0.0,FP_background
YOLO11s,United_States__United_States_002245,D00,0.3163,0.000857,0.8842,TP
YOLO11s,United_States__United_States_002245,D00,0.2577,0.015058,0.3406,FP_localization
YOLO11s,United_States__United_States_002245,D00,0.24,0.006988,0.2132,FP_localization
YOLO11s,United_States__United_States_002246,D00,0.619,0.004174,0.6617,TP
YOLO11s,United_States__United_States_002246,D10,0.4647,0.046668,0.695,TP
YOLO11s,United_States__United_States_002246,D00,0.3226,0.042102,0.3429,FP_localization
YOLO11s,United_States__United_States_002246,D00,0.3211,0.006001,0.5164,TP
YOLO11s,United_States__United_States_002246,D00,0.2559,0.024766,0.5655,TP
YOLO11s,United_States__United_States_002246,D00,0.2401,0.013188,0.7653,FP_duplicate
YOLO11s,United_States__United_States_002249,D10,0.4974,0.01093,0.3887,FP_localization
YOLO11s,United_States__United_States_002249,D00,0.4896,0.093386,0.7226,TP
YOLO11s,United_States__United_States_002249,D00,0.4743,0.014916,0.47,FP_localization
YOLO11s,United_States__United_States_002249,D10,0.4108,0.007029,0.8117,TP
YOLO11s,United_States__United_States_002249,D00,0.2667,0.028179,0.8608,TP
YOLO11s,United_States__United_States_002255,D00,0.4815,0.019609,0.0,FP_background
YOLO11s,United_States__United_States_002255,D00,0.3126,0.071658,0.415,FP_localization
YOLO11s,United_States__United_States_002258,D20,0.355,0.028392,0.8404,TP
YOLO11s,United_States__United_States_002258,D00,0.2656,0.003795,0.1194,FP_background
YOLO11s,United_States__United_States_002265,D20,0.6286,0.135838,0.8286,TP
YOLO11s,United_States__United_States_002265,D00,0.5343,0.012612,0.3624,FP_localization
YOLO11s,United_States__United_States_002272,D00,0.4597,0.07454,0.8179,FP_classification
YOLO11s,United_States__United_States_002272,D10,0.352,0.009832,0.8457,TP
YOLO11s,United_States__United_States_002283,D00,0.8257,0.125639,0.6975,TP
YOLO11s,United_States__United_States_002283,D00,0.3482,0.016905,0.0,FP_background
YOLO11s,United_States__United_States_002292,D10,0.6232,0.024353,0.8057,TP
YOLO11s,United_States__United_States_002292,D00,0.5784,0.080883,0.838,TP
YOLO11s,United_States__United_States_002292,D00,0.4008,0.129846,0.5301,FP_duplicate
YOLO11s,United_States__United_States_002292,D00,0.3584,0.011369,0.8802,TP
YOLO11s,United_States__United_States_002294,D00,0.7458,0.012742,0.7603,TP
YOLO11s,United_States__United_States_002299,D00,0.628,0.03704,0.8126,TP
YOLO11s,United_States__United_States_002302,D10,0.4551,0.010915,0.8739,TP
YOLO11s,United_States__United_States_002302,D10,0.3249,0.015671,0.6483,FP_duplicate
YOLO11s,United_States__United_States_002302,D10,0.2922,0.017775,0.0,FP_background
YOLO11s,United_States__United_States_002303,D00,0.6334,0.023511,0.8873,TP
YOLO11s,United_States__United_States_002303,D10,0.4108,0.01781,0.7514,TP
YOLO11s,United_States__United_States_002303,D10,0.2617,0.011931,0.5438,TP
YOLO11s,United_States__United_States_002309,D20,0.4786,0.297036,0.2662,FP_background
YOLO11s,United_States__United_States_002309,D00,0.3718,0.024703,0.2985,FP_localization
YOLO11s,United_States__United_States_002312,D10,0.4485,0.012185,0.8185,TP
YOLO11s,United_States__United_States_002312,D00,0.2854,0.004881,0.0703,FP_background
YOLO11s,United_States__United_States_002315,D00,0.3423,0.00436,0.0,FP_background
YOLO11s,United_States__United_States_002315,D20,0.3382,0.045264,0.3838,FP_background
YOLO11s,United_States__United_States_002322,D00,0.4792,0.009859,0.874,TP
YOLO11s,United_States__United_States_002322,D00,0.3636,0.004981,0.6628,TP
YOLO11s,United_States__United_States_002322,D00,0.3482,0.009394,0.5982,TP
YOLO11s,United_States__United_States_002322,D00,0.3274,0.01747,0.7714,FP_duplicate
YOLO11s,United_States__United_States_002322,D00,0.3235,0.003578,0.8601,FP_duplicate
YOLO11s,United_States__United_States_002322,D00,0.3211,0.018188,0.7751,FP_duplicate
YOLO11s,United_States__United_States_002322,D00,0.2745,0.026797,0.5745,FP_duplicate
YOLO11s,United_States__United_States_002327,D00,0.6209,0.003607,0.623,TP
YOLO11s,United_States__United_States_002327,D10,0.3839,0.014347,0.1864,FP_localization
YOLO11s,United_States__United_States_002327,D10,0.3581,0.024431,0.3383,FP_localization
YOLO11s,United_States__United_States_002327,D10,0.3147,0.021855,0.2842,FP_localization
YOLO11s,United_States__United_States_002327,D00,0.2479,0.004129,0.0,FP_background
YOLO11s,United_States__United_States_002328,D00,0.5847,0.062646,0.6664,TP
YOLO11s,United_States__United_States_002328,D00,0.4717,0.044084,0.9108,FP_duplicate
YOLO11s,United_States__United_States_002328,D00,0.3098,0.080015,0.4981,FP_localization
YOLO11s,United_States__United_States_002332,D20,0.3325,0.124986,0.7097,TP
YOLO11s,United_States__United_States_002334,D00,0.2919,0.007001,0.3848,FP_localization
YOLO11s,United_States__United_States_002337,D00,0.4197,0.013574,0.1216,FP_localization
YOLO11s,United_States__United_States_002337,D00,0.3862,0.04917,0.3581,FP_localization
YOLO11s,United_States__United_States_002337,D00,0.2831,0.09239,0.3524,FP_localization
YOLO11s,United_States__United_States_002337,D10,0.2645,0.007964,0.2193,FP_background
YOLO11s,United_States__United_States_002339,D00,0.5351,0.059951,0.81,TP
YOLO11s,United_States__United_States_002339,D00,0.4616,0.016456,0.22,FP_localization
YOLO11s,United_States__United_States_002359,D00,0.4179,0.057211,0.68,FP_classification
YOLO11s,United_States__United_States_002359,D00,0.2543,0.001955,0.0,FP_background
YOLO11s,United_States__United_States_002359,D10,0.2497,0.05831,0.6771,TP
YOLO11s,United_States__United_States_002361,D00,0.725,0.037677,0.8498,TP
YOLO11s,United_States__United_States_002368,D00,0.7574,0.101971,0.6507,TP
YOLO11s,United_States__United_States_002368,D00,0.7255,0.033508,0.293,FP_localization
YOLO11s,United_States__United_States_002368,D00,0.478,0.005203,0.932,TP
YOLO11s,United_States__United_States_002370,D00,0.7157,0.070043,0.7564,TP
YOLO11s,United_States__United_States_002370,D00,0.5762,0.064903,0.9211,TP
YOLO11s,United_States__United_States_002388,D00,0.722,0.030425,0.9116,TP
YOLO11s,United_States__United_States_002388,D10,0.4149,0.007447,0.8979,TP
YOLO11s,United_States__United_States_002390,D00,0.7343,0.011225,0.167,FP_localization
YOLO11s,United_States__United_States_002390,D00,0.3614,0.083397,0.719,TP
YOLO11s,United_States__United_States_002391,D10,0.3556,0.050765,0.7042,TP
YOLO11s,United_States__United_States_002391,D10,0.2653,0.031389,0.4843,FP_localization
YOLO11s,United_States__United_States_002394,D10,0.455,0.01483,0.5048,TP
YOLO11s,United_States__United_States_002403,D20,0.6448,0.004939,0.5397,TP
YOLO11s,United_States__United_States_002403,D20,0.5686,0.052072,0.4817,FP_background
YOLO11s,United_States__United_States_002403,D00,0.2898,0.12247,0.6889,TP
YOLO11s,United_States__United_States_002405,D00,0.5275,0.01107,0.8166,TP
YOLO11s,United_States__United_States_002405,D10,0.4317,0.022108,0.3021,FP_background
YOLO11s,United_States__United_States_002405,D00,0.3489,0.012602,0.9107,TP
YOLO11s,United_States__United_States_002405,D00,0.3464,0.008698,0.8322,FP_duplicate
YOLO11s,United_States__United_States_002405,D10,0.2523,0.051183,0.6218,FP_classification
YOLO11s,United_States__United_States_002410,D10,0.3214,0.091273,0.7523,TP
YOLO11s,United_States__United_States_002410,D10,0.3122,0.02702,0.3055,FP_localization
YOLO11s,United_States__United_States_002410,D10,0.2742,0.079071,0.9005,FP_duplicate
YOLO11s,United_States__United_States_002410,D10,0.2699,0.027898,0.3241,FP_localization
YOLO11s,United_States__United_States_002412,D10,0.4477,0.008499,0.8253,TP
YOLO11s,United_States__United_States_002412,D10,0.3512,0.010379,0.8642,TP
YOLO11s,United_States__United_States_002412,D10,0.2939,0.016323,0.503,FP_duplicate
YOLO11s,United_States__United_States_002417,D00,0.5182,0.05755,0.765,TP
YOLO11s,United_States__United_States_002417,D00,0.4847,0.025455,0.5135,FP_duplicate
YOLO11s,United_States__United_States_002420,D00,0.6626,0.074834,0.6268,TP
YOLO11s,United_States__United_States_002420,D00,0.6509,0.010425,0.8389,TP
YOLO11s,United_States__United_States_002420,D00,0.494,0.009626,0.8702,TP
YOLO11s,United_States__United_States_002428,D00,0.4478,0.03232,0.7342,TP
YOLO11s,United_States__United_States_002428,D00,0.4475,0.00502,0.6434,TP
YOLO11s,United_States__United_States_002428,D10,0.4041,0.007243,0.9006,TP
YOLO11s,United_States__United_States_002428,D00,0.2828,0.007432,0.4346,FP_localization
YOLO11s,United_States__United_States_002432,D00,0.6983,0.028605,0.8787,TP
YOLO11s,United_States__United_States_002435,D00,0.7533,0.018643,0.8468,TP
YOLO11s,United_States__United_States_002435,D10,0.526,0.013055,0.9009,TP
YOLO11s,United_States__United_States_002435,D00,0.381,0.054848,0.0,FP_background
YOLO11s,United_States__United_States_002444,D00,0.3939,0.001457,0.928,TP
YOLO11s,United_States__United_States_002444,D00,0.3201,0.00431,0.7841,TP
YOLO11s,United_States__United_States_002448,D00,0.768,0.059586,0.8686,TP
YOLO11s,United_States__United_States_002448,D00,0.517,0.00508,0.8938,TP
YOLO11s,United_States__United_States_002448,D10,0.4526,0.015584,0.6368,TP
YOLO11s,United_States__United_States_002448,D00,0.2949,0.001379,0.0,FP_background
YOLO11s,United_States__United_States_002451,D10,0.5109,0.019932,0.7908,TP
YOLO11s,United_States__United_States_002451,D00,0.3258,0.084297,0.7025,TP
YOLO11s,United_States__United_States_002451,D00,0.3032,0.009441,0.3247,FP_localization
YOLO11s,United_States__United_States_002451,D00,0.2689,0.022443,0.6994,TP
YOLO11s,United_States__United_States_002451,D00,0.2667,0.038939,0.5276,FP_duplicate
YOLO11s,United_States__United_States_002460,D00,0.5525,0.030092,0.6748,TP
YOLO11s,United_States__United_States_002460,D10,0.4837,0.018555,0.4845,FP_localization
YOLO11s,United_States__United_States_002460,D00,0.3905,0.041488,0.483,FP_localization
YOLO11s,United_States__United_States_002460,D10,0.2711,0.010581,0.0,FP_background
YOLO11s,United_States__United_States_002462,D00,0.5671,0.020877,0.8745,TP
YOLO11s,United_States__United_States_002462,D00,0.3309,0.005824,0.0,FP_background
YOLO11s,United_States__United_States_002495,D00,0.6278,0.069607,0.6843,TP
YOLO11s,United_States__United_States_002495,D00,0.5429,0.005799,0.908,TP
YOLO11s,United_States__United_States_002502,D00,0.4174,0.012683,0.5154,TP
YOLO11s,United_States__United_States_002502,D20,0.3544,0.040051,0.6394,TP
YOLO11s,United_States__United_States_002502,D10,0.2599,0.020533,0.0,FP_background
YOLO11s,United_States__United_States_002504,D00,0.5748,0.002674,0.8741,TP
YOLO11s,United_States__United_States_002510,D00,0.2641,0.023191,0.8907,FP_classification
YOLO11s,United_States__United_States_002518,D00,0.6551,0.007867,0.9074,TP
YOLO11s,United_States__United_States_002518,D20,0.4247,0.093432,0.9151,TP
YOLO11s,United_States__United_States_002518,D20,0.2476,0.232597,0.3338,FP_localization
YOLO11s,United_States__United_States_002518,D10,0.2465,0.008288,0.0437,FP_background
YOLO11s,United_States__United_States_002522,D10,0.6527,0.022189,0.7435,TP
YOLO11s,United_States__United_States_002522,D00,0.2631,0.024464,0.1618,FP_background
YOLO11s,United_States__United_States_002531,D00,0.3161,0.033636,0.4161,FP_localization
YOLO11s,United_States__United_States_002536,D00,0.5868,0.011653,0.9192,TP
YOLO11s,United_States__United_States_002536,D00,0.3219,0.018473,0.5689,FP_duplicate
YOLO11s,United_States__United_States_002541,D10,0.5006,0.018892,0.7843,TP
YOLO11s,United_States__United_States_002541,D00,0.4722,0.016849,0.4813,FP_localization
YOLO11s,United_States__United_States_002541,D00,0.4698,0.034051,0.9537,TP
YOLO11s,United_States__United_States_002541,D10,0.4634,0.011129,0.4663,FP_localization
YOLO11s,United_States__United_States_002541,D00,0.2999,0.003951,0.0,FP_background
YOLO11s,United_States__United_States_002541,D00,0.2516,0.010129,0.2972,FP_localization
YOLO11s,United_States__United_States_002542,D00,0.7417,0.151298,0.0749,FP_background
YOLO11s,United_States__United_States_002542,D20,0.6354,0.086824,0.49,FP_localization
YOLO11s,United_States__United_States_002542,D10,0.5809,0.009779,0.8585,TP
YOLO11s,United_States__United_States_002542,D10,0.3524,0.015012,0.3967,FP_localization
YOLO11s,United_States__United_States_002542,D10,0.2516,0.008381,0.2215,FP_localization
YOLO11s,United_States__United_States_002548,D00,0.6701,0.172944,0.8361,TP
YOLO11s,United_States__United_States_002548,D00,0.6571,0.006083,0.9021,TP
YOLO11s,United_States__United_States_002560,D00,0.6225,0.015012,0.2407,FP_localization
YOLO11s,United_States__United_States_002560,D00,0.3645,0.040569,0.0,FP_background
YOLO11s,United_States__United_States_002560,D00,0.3505,0.062633,0.7974,TP
YOLO11s,United_States__United_States_002560,D20,0.272,0.050218,0.4785,FP_background
YOLO11s,United_States__United_States_002560,D00,0.2629,0.034735,0.5278,TP
YOLO11s,United_States__United_States_002561,D00,0.4527,0.013166,0.8333,TP
YOLO11s,United_States__United_States_002561,D00,0.2544,0.022827,0.155,FP_localization
YOLO11s,United_States__United_States_002566,D00,0.6863,0.005203,0.0,FP_background
YOLO11s,United_States__United_States_002566,D00,0.25,0.023703,0.5731,TP
YOLO11s,United_States__United_States_002566,D00,0.2499,0.048811,0.5736,TP
YOLO11s,United_States__United_States_002566,D10,0.2432,0.005428,0.4764,FP_localization
YOLO11s,United_States__United_States_002575,D10,0.6113,0.009792,0.9341,TP
YOLO11s,United_States__United_States_002577,D20,0.7205,0.191142,0.8703,TP
YOLO11s,United_States__United_States_002577,D00,0.3772,0.004959,0.0,FP_background
YOLO11s,United_States__United_States_002577,D00,0.2619,0.068175,0.0,FP_background
YOLO11s,United_States__United_States_002602,D10,0.5665,0.018344,0.5472,TP
YOLO11s,United_States__United_States_002603,D00,0.3928,0.033159,0.8435,TP
YOLO11s,United_States__United_States_002603,D10,0.2623,0.002096,0.0,FP_background
YOLO11s,United_States__United_States_002603,D10,0.2388,0.04718,0.8173,TP
YOLO11s,United_States__United_States_002609,D00,0.6861,0.004069,0.6379,TP
YOLO11s,United_States__United_States_002609,D00,0.4434,0.011992,0.549,TP
YOLO11s,United_States__United_States_002610,D20,0.4489,0.206993,0.6702,TP
YOLO11s,United_States__United_States_002610,D10,0.3229,0.004243,0.7878,TP
YOLO11s,United_States__United_States_002610,D20,0.2494,0.277389,0.819,FP_duplicate
YOLO11s,United_States__United_States_002610,D10,0.2401,0.015446,0.0497,FP_background
YOLO11s,United_States__United_States_002611,D00,0.7264,0.01511,0.889,TP
YOLO11s,United_States__United_States_002611,D00,0.3115,0.002186,0.6944,TP
YOLO11s,United_States__United_States_002612,D00,0.7521,0.105137,0.8776,TP
YOLO11s,United_States__United_States_002612,D00,0.4305,0.041089,0.7146,TP
YOLO11s,United_States__United_States_002613,D00,0.5339,0.02083,0.8019,TP
YOLO11s,United_States__United_States_002613,D40,0.348,0.001723,0.7463,TP
YOLO11s,United_States__United_States_002649,D00,0.5729,0.007888,0.5538,TP
YOLO11s,United_States__United_States_002649,D00,0.2957,0.046999,0.0,FP_background
YOLO11s,United_States__United_States_002652,D20,0.6927,0.135175,0.8483,TP
YOLO11s,United_States__United_States_002652,D20,0.5153,0.097159,0.6136,TP
YOLO11s,United_States__United_States_002655,D10,0.3422,0.015634,0.6683,TP
YOLO11s,United_States__United_States_002655,D10,0.2653,0.008497,0.0,FP_background
YOLO11s,United_States__United_States_002668,D00,0.4289,0.033232,0.8884,TP
YOLO11s,United_States__United_States_002668,D10,0.3933,0.031951,0.7424,TP
YOLO11s,United_States__United_States_002668,D10,0.3843,0.032927,0.8346,FP_duplicate
YOLO11s,United_States__United_States_002668,D10,0.2645,0.005408,0.8458,TP
YOLO11s,United_States__United_States_002669,D10,0.5159,0.022887,0.8771,TP
YOLO11s,United_States__United_States_002669,D00,0.371,0.064611,0.8135,TP
YOLO11s,United_States__United_States_002677,D00,0.7525,0.067222,0.9096,TP
YOLO11s,United_States__United_States_002677,D00,0.6169,0.005649,0.6622,TP
YOLO11s,United_States__United_States_002677,D10,0.3173,0.015025,0.0457,FP_background
YOLO11s,United_States__United_States_002677,D00,0.2566,0.023914,0.3518,FP_localization
YOLO11s,United_States__United_States_002678,D00,0.7121,0.019822,0.9033,TP
YOLO11s,United_States__United_States_002678,D10,0.4335,0.007336,0.0,FP_background
YOLO11s,United_States__United_States_002678,D20,0.4112,0.031668,0.0,FP_background
YOLO11s,United_States__United_States_002678,D20,0.2732,0.042081,0.0,FP_background
YOLO11s,United_States__United_States_002681,D10,0.7258,0.027984,0.938,TP
YOLO11s,United_States__United_States_002692,D00,0.4801,0.025733,0.0,FP_background
YOLO11s,United_States__United_States_002692,D10,0.4196,0.015127,0.8331,TP
YOLO11s,United_States__United_States_002695,D00,0.3642,0.004381,0.8182,TP
YOLO11s,United_States__United_States_002711,D00,0.547,0.012892,0.6216,TP
YOLO11s,United_States__United_States_002711,D00,0.3406,0.02203,0.853,FP_duplicate
YOLO11s,United_States__United_States_002711,D00,0.3395,0.036895,0.7054,TP
YOLO11s,United_States__United_States_002718,D00,0.2647,0.071173,0.1745,FP_localization
YOLO11s,United_States__United_States_002734,D00,0.6647,0.067647,0.6961,TP
YOLO11s,United_States__United_States_002734,D00,0.2586,0.003351,0.8332,TP
YOLO11s,United_States__United_States_002738,D00,0.3781,0.011134,0.858,TP
YOLO11s,United_States__United_States_002740,D00,0.3956,0.041753,0.5866,TP
YOLO11s,United_States__United_States_002740,D00,0.3009,0.026641,0.8959,FP_duplicate
YOLO11s,United_States__United_States_002740,D00,0.2727,0.035494,0.0,FP_background
YOLO11s,United_States__United_States_002740,D00,0.2377,0.03587,0.6766,FP_duplicate
YOLO11s,United_States__United_States_002749,D10,0.4009,0.002444,0.5071,TP
YOLO11s,United_States__United_States_002749,D00,0.2844,0.001521,0.868,TP
YOLO11s,United_States__United_States_002779,D00,0.4782,0.173097,0.3804,FP_localization
YOLO11s,United_States__United_States_002779,D00,0.4384,0.100854,0.66,TP
YOLO11s,United_States__United_States_002779,D00,0.3062,0.064098,0.8091,FP_duplicate
YOLO11s,United_States__United_States_002794,D00,0.7954,0.137853,0.9338,TP
YOLO11s,United_States__United_States_002794,D00,0.4449,0.018631,0.8586,TP
YOLO11s,United_States__United_States_002794,D10,0.3701,0.003519,0.8828,TP
YOLO11s,United_States__United_States_002797,D00,0.5853,0.034997,0.821,TP
YOLO11s,United_States__United_States_002798,D10,0.4134,0.035765,0.8369,TP
YOLO11s,United_States__United_States_002798,D00,0.2634,0.011886,0.6627,TP
YOLO11s,United_States__United_States_002798,D00,0.26,0.0191,0.7567,FP_duplicate
YOLO11s,United_States__United_States_002799,D10,0.553,0.018585,0.8304,TP
YOLO11s,United_States__United_States_002799,D10,0.4459,0.006227,0.0,FP_background
YOLO11s,United_States__United_States_002799,D10,0.2948,0.012416,0.7692,FP_duplicate
YOLO11s,United_States__United_States_002807,D00,0.4157,0.00266,0.7751,TP
YOLO11s,United_States__United_States_002807,D00,0.4026,0.042069,0.8648,TP
YOLO11s,United_States__United_States_002807,D00,0.3755,0.058099,0.6688,FP_duplicate
YOLO11s,United_States__United_States_002838,D00,0.4004,0.008991,0.8603,TP
YOLO11s,United_States__United_States_002839,D00,0.7059,0.020416,0.9573,TP
YOLO11s,United_States__United_States_002849,D00,0.6603,0.042919,0.8102,TP
YOLO11s,United_States__United_States_002849,D00,0.3235,0.065824,0.737,TP
YOLO11s,United_States__United_States_002849,D00,0.245,0.01325,0.2579,FP_localization
YOLO11s,United_States__United_States_002849,D00,0.2446,0.047577,0.5091,FP_duplicate
YOLO11s,United_States__United_States_002851,D10,0.5497,0.007483,0.8907,TP
YOLO11s,United_States__United_States_002851,D00,0.5133,0.069925,0.9063,TP
YOLO11s,United_States__United_States_002851,D00,0.4445,0.049916,0.6086,FP_duplicate
YOLO11s,United_States__United_States_002851,D00,0.2742,0.028203,0.0,FP_background
YOLO11s,United_States__United_States_002855,D00,0.4705,0.00519,0.8649,TP
YOLO11s,United_States__United_States_002858,D10,0.3244,0.006481,0.0,FP_background
YOLO11s,United_States__United_States_002858,D10,0.3037,0.007787,0.834,TP
YOLO11s,United_States__United_States_002870,D00,0.6531,0.006787,0.8961,TP
YOLO11s,United_States__United_States_002870,D00,0.3321,0.007663,0.904,TP
YOLO11s,United_States__United_States_002870,D10,0.2698,0.050633,0.0388,FP_background
YOLO11s,United_States__United_States_002887,D00,0.4886,0.017045,0.5554,TP
YOLO11s,United_States__United_States_002891,D00,0.4256,0.029737,0.6161,TP
YOLO11s,United_States__United_States_002891,D00,0.2391,0.003643,0.0,FP_background
YOLO11s,United_States__United_States_002895,D00,0.5172,0.047154,0.8656,TP
YOLO11s,United_States__United_States_002895,D10,0.4265,0.011087,0.8473,TP
YOLO11s,United_States__United_States_002895,D00,0.3448,0.042928,0.0,FP_background
YOLO11s,United_States__United_States_002895,D10,0.3086,0.009331,0.0758,FP_background
YOLO11s,United_States__United_States_002895,D00,0.2454,0.013561,0.0,FP_background
YOLO11s,United_States__United_States_002903,D00,0.7839,0.035881,0.5109,TP
YOLO11s,United_States__United_States_002903,D00,0.7815,0.111216,0.8441,TP
YOLO11s,United_States__United_States_002903,D00,0.5876,0.075903,0.7267,FP_duplicate
YOLO11s,United_States__United_States_002903,D10,0.3729,0.005798,0.001,FP_background
YOLO11s,United_States__United_States_002905,D00,0.6948,0.101679,0.8235,TP
YOLO11s,United_States__United_States_002905,D00,0.4316,0.014375,0.1412,FP_localization
YOLO11s,United_States__United_States_002905,D00,0.3946,0.065257,0.5396,FP_duplicate
YOLO11s,United_States__United_States_002905,D00,0.3901,0.008128,0.6164,TP
YOLO11s,United_States__United_States_002905,D10,0.3478,0.007678,0.0,FP_background
YOLO11s,United_States__United_States_002908,D00,0.6148,0.003237,0.825,TP
YOLO11s,United_States__United_States_002908,D00,0.4267,0.069641,0.7564,TP
YOLO11s,United_States__United_States_002908,D10,0.3804,0.00709,0.2788,FP_localization
YOLO11s,United_States__United_States_002908,D10,0.2381,0.008232,0.3622,FP_localization
YOLO11s,United_States__United_States_002911,D10,0.3133,0.020267,0.4763,FP_localization
YOLO11s,United_States__United_States_002911,D10,0.271,0.033027,0.8036,TP
YOLO11s,United_States__United_States_002930,D00,0.6842,0.012876,0.4001,FP_localization
YOLO11s,United_States__United_States_002930,D00,0.6383,0.009508,0.8412,TP
YOLO11s,United_States__United_States_002930,D00,0.4986,0.032226,0.9304,TP
YOLO11s,United_States__United_States_002931,D00,0.5797,0.061128,0.7734,TP
YOLO11s,United_States__United_States_002931,D00,0.4116,0.018869,0.9111,TP
YOLO11s,United_States__United_States_002931,D00,0.3664,0.004191,0.2104,FP_localization
YOLO11s,United_States__United_States_002931,D10,0.3533,0.008672,0.8894,TP
YOLO11s,United_States__United_States_002931,D00,0.3167,0.0089,0.1355,FP_localization
YOLO11s,United_States__United_States_002936,D00,0.582,0.07753,0.8314,FP_classification
YOLO11s,United_States__United_States_002936,D00,0.3254,0.008069,0.0381,FP_background
YOLO11s,United_States__United_States_002949,D00,0.5937,0.003291,0.8343,TP
YOLO11s,United_States__United_States_002949,D00,0.3871,0.003407,0.7154,TP
YOLO11s,United_States__United_States_002949,D10,0.3321,0.00613,0.8889,TP
YOLO11s,United_States__United_States_002950,D10,0.2854,0.004324,0.7417,TP
YOLO11s,United_States__United_States_002968,D00,0.7103,0.041345,0.9294,TP
YOLO11s,United_States__United_States_002968,D00,0.3276,0.06288,0.656,FP_duplicate
YOLO11s,United_States__United_States_002976,D00,0.5187,0.032873,0.163,FP_localization
YOLO11s,United_States__United_States_002987,D00,0.4561,0.034775,0.8712,TP
YOLO11s,United_States__United_States_002987,D00,0.3779,0.018126,0.4754,FP_localization
YOLO11s,United_States__United_States_002989,D00,0.345,0.02263,0.476,FP_localization
YOLO11s,United_States__United_States_002994,D10,0.2549,0.01966,0.5432,FP_classification
YOLO11s,United_States__United_States_002995,D00,0.4176,0.054795,0.529,TP
YOLO11s,United_States__United_States_002995,D00,0.3488,0.030901,0.7435,FP_duplicate
YOLO11s,United_States__United_States_002995,D00,0.2533,0.016222,0.0,FP_background
YOLO11s,United_States__United_States_002996,D00,0.5675,0.00445,0.0,FP_background
YOLO11s,United_States__United_States_002996,D00,0.4596,0.041222,0.6988,TP
YOLO11s,United_States__United_States_002996,D10,0.3476,0.008057,0.0,FP_background
YOLO11s,United_States__United_States_003012,D00,0.5821,0.057646,0.5922,TP
YOLO11s,United_States__United_States_003012,D10,0.5064,0.042687,0.857,TP
YOLO11s,United_States__United_States_003012,D10,0.3679,0.012372,0.5807,TP
YOLO11s,United_States__United_States_003012,D00,0.2881,0.048021,0.7654,FP_classification
YOLO11s,United_States__United_States_003012,D10,0.2483,0.016192,0.4406,FP_localization
YOLO11s,United_States__United_States_003026,D00,0.5256,0.031598,0.4733,FP_localization
YOLO11s,United_States__United_States_003026,D00,0.3449,0.001343,0.7095,TP
YOLO11s,United_States__United_States_003026,D10,0.2978,0.01363,0.3423,FP_localization
YOLO11s,United_States__United_States_003026,D00,0.2771,0.008289,0.0,FP_background
YOLO11s,United_States__United_States_003033,D10,0.5067,0.008095,0.8256,TP
YOLO11s,United_States__United_States_003033,D00,0.3086,0.029201,0.3456,FP_localization
YOLO11s,United_States__United_States_003033,D00,0.2956,0.010604,0.9212,TP
YOLO11s,United_States__United_States_003033,D10,0.289,0.010968,0.7885,FP_duplicate
YOLO11s,United_States__United_States_003033,D00,0.2545,0.062749,0.1548,FP_localization
YOLO11s,United_States__United_States_003036,D00,0.7446,0.025568,0.9368,TP
YOLO11s,United_States__United_States_003037,D00,0.6645,0.006301,0.804,TP
YOLO11s,United_States__United_States_003037,D10,0.4587,0.035863,0.617,TP
YOLO11s,United_States__United_States_003037,D00,0.3704,0.001623,0.1005,FP_localization
YOLO11s,United_States__United_States_003037,D00,0.3144,0.024237,0.6759,TP
YOLO11s,United_States__United_States_003037,D10,0.2437,0.081683,0.2709,FP_localization
YOLO11s,United_States__United_States_003047,D10,0.4805,0.009556,0.1906,FP_localization
YOLO11s,United_States__United_States_003047,D00,0.4439,0.061999,0.5582,TP
YOLO11s,United_States__United_States_003047,D10,0.4294,0.017124,0.3157,FP_localization
YOLO11s,United_States__United_States_003047,D10,0.4143,0.025112,0.7891,TP
YOLO11s,United_States__United_States_003047,D10,0.3314,0.008502,0.4693,FP_localization
YOLO11s,United_States__United_States_003047,D10,0.3181,0.014434,0.4302,FP_localization
YOLO11s,United_States__United_States_003047,D10,0.2719,0.024732,0.2422,FP_localization
YOLO11s,United_States__United_States_003047,D10,0.261,0.041031,0.3844,FP_localization
YOLO11s,United_States__United_States_003055,D00,0.4656,0.002681,0.0,FP_background
YOLO11s,United_States__United_States_003055,D00,0.3849,0.004108,0.0,FP_background
YOLO11s,United_States__United_States_003055,D00,0.2746,0.076905,0.6985,TP
YOLO11s,United_States__United_States_003055,D00,0.2631,0.118197,0.4666,FP_localization
YOLO11s,United_States__United_States_003059,D10,0.5222,0.065153,0.5885,TP
YOLO11s,United_States__United_States_003059,D10,0.4483,0.044582,0.86,FP_duplicate
YOLO11s,United_States__United_States_003059,D10,0.3994,0.006671,0.3314,FP_localization
YOLO11s,United_States__United_States_003059,D00,0.3369,0.012111,0.4395,FP_localization
YOLO11s,United_States__United_States_003059,D00,0.2916,0.037293,0.3712,FP_localization
YOLO11s,United_States__United_States_003061,D10,0.6625,0.047003,0.6499,TP
YOLO11s,United_States__United_States_003061,D10,0.6077,0.06384,0.8874,FP_duplicate
YOLO11s,United_States__United_States_003061,D10,0.4942,0.027824,0.4166,FP_localization
YOLO11s,United_States__United_States_003062,D00,0.6566,0.016186,0.8691,TP
YOLO11s,United_States__United_States_003062,D00,0.6513,0.053031,0.6624,TP
YOLO11s,United_States__United_States_003062,D00,0.511,0.037126,0.9461,FP_duplicate
YOLO11s,United_States__United_States_003062,D00,0.2795,0.003283,0.1831,FP_localization
YOLO11s,United_States__United_States_003062,D00,0.2399,0.018064,0.0,FP_background
YOLO11s,United_States__United_States_003067,D10,0.458,0.00298,0.0456,FP_background
YOLO11s,United_States__United_States_003067,D00,0.4318,0.060086,0.896,TP
YOLO11s,United_States__United_States_003067,D00,0.3351,0.082693,0.6151,FP_duplicate
YOLO11s,United_States__United_States_003067,D10,0.3119,0.004175,0.0428,FP_background
YOLO11s,United_States__United_States_003067,D00,0.2609,0.039001,0.3005,FP_localization
YOLO11s,United_States__United_States_003074,D00,0.4881,0.014519,0.7203,TP
YOLO11s,United_States__United_States_003074,D20,0.4582,0.028429,0.6732,TP
YOLO11s,United_States__United_States_003074,D00,0.3971,0.079607,0.641,TP
YOLO11s,United_States__United_States_003074,D00,0.3135,0.010879,0.7235,TP
YOLO11s,United_States__United_States_003074,D00,0.2838,0.009165,0.0,FP_background
YOLO11s,United_States__United_States_003074,D00,0.2737,0.021804,0.361,FP_localization
YOLO11s,United_States__United_States_003074,D20,0.2696,0.041595,0.3626,FP_background
YOLO11s,United_States__United_States_003074,D20,0.2681,0.104399,0.1856,FP_localization
YOLO11s,United_States__United_States_003074,D20,0.259,0.039276,0.4932,FP_localization
YOLO11s,United_States__United_States_003076,D10,0.5112,0.016107,0.6912,TP
YOLO11s,United_States__United_States_003076,D00,0.4349,0.006146,0.0,FP_background
YOLO11s,United_States__United_States_003076,D00,0.4328,0.01577,0.0,FP_background
YOLO11s,United_States__United_States_003076,D10,0.3242,0.023778,0.4682,FP_localization
YOLO11s,United_States__United_States_003078,D00,0.561,0.007698,0.8508,TP
YOLO11s,United_States__United_States_003081,D00,0.5539,0.016064,0.3902,FP_localization
YOLO11s,United_States__United_States_003081,D10,0.2904,0.130694,0.9569,TP
YOLO11s,United_States__United_States_003081,D10,0.2799,0.059516,0.4465,FP_localization
YOLO11s,United_States__United_States_003081,D00,0.2688,0.135368,0.9334,FP_classification
YOLO11s,United_States__United_States_003084,D10,0.5562,0.010695,0.6569,TP
YOLO11s,United_States__United_States_003084,D20,0.5008,0.106219,0.5982,TP
YOLO11s,United_States__United_States_003084,D20,0.3201,0.071568,0.6742,FP_duplicate
YOLO11s,United_States__United_States_003085,D10,0.3398,0.007674,0.5597,TP
YOLO11s,United_States__United_States_003085,D00,0.2618,0.028615,0.7807,TP
YOLO11s,United_States__United_States_003085,D10,0.2391,0.012746,0.47,FP_localization
YOLO11s,United_States__United_States_003093,D20,0.5291,0.139711,0.308,FP_background
YOLO11s,United_States__United_States_003093,D20,0.3315,0.100976,0.7452,FP_classification
YOLO11s,United_States__United_States_003119,D10,0.4863,0.004374,0.9462,TP
YOLO11s,United_States__United_States_003119,D10,0.2373,0.020153,0.0,FP_background
YOLO11s,United_States__United_States_003127,D00,0.3399,0.009469,0.0,FP_background
YOLO11s,United_States__United_States_003127,D00,0.2711,0.060013,0.6696,FP_classification
YOLO11s,United_States__United_States_003127,D00,0.2573,0.102046,0.5022,FP_classification
YOLO11s,United_States__United_States_003142,D00,0.5093,0.00416,0.9333,TP
YOLO11s,United_States__United_States_003148,D00,0.3426,0.020911,0.7284,TP
YOLO11s,United_States__United_States_003172,D00,0.4755,0.004222,0.0,FP_background
YOLO11s,United_States__United_States_003172,D00,0.3165,0.00372,0.0,FP_background
YOLO11s,United_States__United_States_003175,D20,0.8015,0.283969,0.6938,TP
YOLO11s,United_States__United_States_003178,D00,0.566,0.018176,0.8454,TP
YOLO11s,United_States__United_States_003178,D00,0.5546,0.122363,0.7248,TP
YOLO11s,United_States__United_States_003178,D00,0.3067,0.011394,0.613,TP
YOLO11s,United_States__United_States_003178,D00,0.2627,0.008536,0.9082,FP_duplicate
YOLO11s,United_States__United_States_003189,D00,0.5817,0.01184,0.7981,TP
YOLO11s,United_States__United_States_003189,D10,0.5105,0.023585,0.7758,TP
YOLO11s,United_States__United_States_003189,D10,0.4498,0.030731,0.6267,FP_duplicate
YOLO11s,United_States__United_States_003214,D20,0.4288,0.023007,0.3175,FP_localization
YOLO11s,United_States__United_States_003215,D00,0.6253,0.035166,0.9276,TP
YOLO11s,United_States__United_States_003220,D10,0.3397,0.019207,0.0004,FP_background
YOLO11s,United_States__United_States_003220,D00,0.3252,0.00256,0.8693,TP
YOLO11s,United_States__United_States_003230,D00,0.3497,0.005435,0.8061,TP
YOLO11s,United_States__United_States_003231,D00,0.8231,0.120243,0.9579,TP
YOLO11s,United_States__United_States_003231,D00,0.6953,0.031949,0.466,FP_localization
YOLO11s,United_States__United_States_003240,D00,0.6698,0.018953,0.8937,TP
YOLO11s,United_States__United_States_003240,D10,0.4979,0.01192,0.9791,TP
YOLO11s,United_States__United_States_003240,D10,0.4711,0.11007,0.631,TP
YOLO11s,United_States__United_States_003240,D10,0.4118,0.074137,0.57,FP_duplicate
YOLO11s,United_States__United_States_003240,D00,0.3601,0.012658,0.0208,FP_background
YOLO11s,United_States__United_States_003240,D00,0.2852,0.118952,0.6597,TP
YOLO11s,United_States__United_States_003240,D10,0.2608,0.011889,0.7557,TP
YOLO11s,United_States__United_States_003250,D00,0.2921,0.04477,0.7311,TP
YOLO11s,United_States__United_States_003251,D00,0.4909,0.002663,0.6766,TP
YOLO11s,United_States__United_States_003251,D00,0.3522,0.020297,0.7962,TP
YOLO11s,United_States__United_States_003251,D00,0.3447,0.025526,0.9215,TP
YOLO11s,United_States__United_States_003258,D00,0.8092,0.155399,0.8111,TP
YOLO11s,United_States__United_States_003258,D20,0.3573,0.152693,0.7482,TP
YOLO11s,United_States__United_States_003258,D10,0.3418,0.006083,0.0114,FP_background
YOLO11s,United_States__United_States_003258,D20,0.2872,0.049162,0.24,FP_localization
YOLO11s,United_States__United_States_003264,D20,0.5434,0.25966,0.8188,TP
YOLO11s,United_States__United_States_003266,D00,0.6206,0.017616,0.7877,TP
YOLO11s,United_States__United_States_003266,D00,0.3586,0.04661,0.6486,TP
YOLO11s,United_States__United_States_003266,D00,0.3237,0.069014,0.8548,FP_duplicate
YOLO11s,United_States__United_States_003266,D00,0.2734,0.060502,0.2294,FP_localization
YOLO11s,United_States__United_States_003272,D00,0.7612,0.02535,0.8587,TP
YOLO11s,United_States__United_States_003272,D10,0.5522,0.013933,0.876,TP
YOLO11s,United_States__United_States_003272,D00,0.5424,0.034878,0.77,TP
YOLO11s,United_States__United_States_003279,D00,0.5853,0.039686,0.8806,TP
YOLO11s,United_States__United_States_003279,D00,0.2718,0.004009,0.0,FP_background
YOLO11s,United_States__United_States_003283,D20,0.4047,0.043893,0.5328,TP
YOLO11s,United_States__United_States_003283,D10,0.3059,0.009735,0.0,FP_background
YOLO11s,United_States__United_States_003283,D00,0.2892,0.029472,0.0,FP_background
YOLO11s,United_States__United_States_003284,D00,0.6491,0.017599,0.9513,TP
YOLO11s,United_States__United_States_003284,D00,0.4778,0.050794,0.8291,TP
YOLO11s,United_States__United_States_003289,D00,0.7571,0.009903,0.8321,TP
YOLO11s,United_States__United_States_003289,D00,0.702,0.01767,0.8299,TP
YOLO11s,United_States__United_States_003289,D00,0.6121,0.00824,0.8792,TP
YOLO11s,United_States__United_States_003320,D00,0.6071,0.033229,0.6866,TP
YOLO11s,United_States__United_States_003320,D00,0.4854,0.01179,0.747,TP
YOLO11s,United_States__United_States_003320,D20,0.3165,0.061953,0.3045,FP_background
YOLO11s,United_States__United_States_003320,D00,0.2692,0.008412,0.6879,FP_duplicate
YOLO11s,United_States__United_States_003321,D00,0.8202,0.01401,0.9251,TP
YOLO11s,United_States__United_States_003321,D00,0.3436,0.025022,0.1569,FP_localization
YOLO11s,United_States__United_States_003321,D20,0.307,0.120084,0.8251,TP
YOLO11s,United_States__United_States_003321,D00,0.2501,0.003799,0.9077,TP
YOLO11s,United_States__United_States_003336,D00,0.4376,0.005545,0.4479,FP_localization
YOLO11s,United_States__United_States_003336,D00,0.3252,0.01101,0.836,TP
YOLO11s,United_States__United_States_003336,D00,0.2729,0.054839,0.2735,FP_localization
YOLO11s,United_States__United_States_003340,D10,0.3509,0.017237,0.197,FP_background
YOLO11s,United_States__United_States_003340,D10,0.3411,0.003532,0.7217,TP
YOLO11s,United_States__United_States_003340,D10,0.3333,0.004932,0.0869,FP_background
YOLO11s,United_States__United_States_003340,D00,0.2637,0.003937,0.136,FP_localization
YOLO11s,United_States__United_States_003340,D00,0.2447,0.016614,0.288,FP_localization
YOLO11s,United_States__United_States_003356,D00,0.4627,0.025201,0.2862,FP_localization
YOLO11s,United_States__United_States_003356,D10,0.3528,0.008035,0.0912,FP_background
YOLO11s,United_States__United_States_003356,D20,0.3142,0.078163,0.8876,TP
YOLO11s,United_States__United_States_003356,D10,0.2776,0.014987,0.1134,FP_background
YOLO11s,United_States__United_States_003356,D10,0.2727,0.008774,0.0996,FP_background
YOLO11s,United_States__United_States_003356,D00,0.2475,0.005888,0.8828,TP
YOLO11s,United_States__United_States_003358,D00,0.6204,0.020416,0.7849,TP
YOLO11s,United_States__United_States_003358,D10,0.3105,0.014075,0.6706,TP
YOLO11s,United_States__United_States_003358,D10,0.2544,0.021813,0.7131,FP_duplicate
YOLO11s,United_States__United_States_003358,D10,0.2481,0.018409,0.7019,TP
YOLO11s,United_States__United_States_003362,D00,0.8358,0.119496,0.8998,TP
YOLO11s,United_States__United_States_003364,D00,0.3833,0.011684,0.7728,TP
YOLO11s,United_States__United_States_003364,D00,0.2658,0.013376,0.6731,TP
YOLO11s,United_States__United_States_003375,D00,0.686,0.049702,0.9376,TP
YOLO11s,United_States__United_States_003375,D00,0.2999,0.070473,0.7154,FP_duplicate
YOLO11s,United_States__United_States_003394,D00,0.4763,0.050928,0.7347,TP
YOLO11s,United_States__United_States_003394,D00,0.4617,0.03755,0.7701,TP
YOLO11s,United_States__United_States_003394,D00,0.2885,0.061947,0.4668,FP_localization
YOLO11s,United_States__United_States_003395,D00,0.466,0.019781,0.5791,TP
YOLO11s,United_States__United_States_003395,D00,0.3104,0.01079,0.7875,FP_duplicate
YOLO11s,United_States__United_States_003428,D20,0.6688,0.029632,0.8076,TP
YOLO11s,United_States__United_States_003446,D00,0.6954,0.046266,0.693,TP
YOLO11s,United_States__United_States_003446,D00,0.6728,0.036935,0.8511,TP
YOLO11s,United_States__United_States_003446,D00,0.4951,0.090442,0.3357,FP_localization
YOLO11s,United_States__United_States_003453,D10,0.3479,0.00447,0.9063,TP
YOLO11s,United_States__United_States_003453,D00,0.3409,0.099112,0.4406,FP_localization
YOLO11s,United_States__United_States_003453,D00,0.3177,0.004341,0.7929,TP
YOLO11s,United_States__United_States_003454,D00,0.6064,0.020372,0.3622,FP_localization
YOLO11s,United_States__United_States_003454,D00,0.372,0.01939,0.6119,TP
YOLO11s,United_States__United_States_003454,D00,0.2891,0.016569,0.064,FP_background
YOLO11s,United_States__United_States_003455,D00,0.5578,0.009304,0.846,TP
YOLO11s,United_States__United_States_003455,D00,0.4985,0.004292,0.853,TP
YOLO11s,United_States__United_States_003455,D10,0.3057,0.00526,0.1875,FP_localization
YOLO11s,United_States__United_States_003455,D10,0.2522,0.037567,0.6782,TP
YOLO11s,United_States__United_States_003460,D00,0.6924,0.049094,0.9405,TP
YOLO11s,United_States__United_States_003460,D00,0.392,0.021858,0.0,FP_background
YOLO11s,United_States__United_States_003481,D00,0.694,0.118842,0.9091,TP
YOLO11s,United_States__United_States_003483,D00,0.4483,0.014997,0.8349,TP
YOLO11s,United_States__United_States_003486,D00,0.5077,0.017191,0.4861,FP_localization
YOLO11s,United_States__United_States_003494,D00,0.378,0.006631,0.8888,TP
YOLO11s,United_States__United_States_003494,D00,0.2505,0.011266,0.6242,FP_duplicate
YOLO11s,United_States__United_States_003502,D00,0.4613,0.065239,0.8972,TP
YOLO11s,United_States__United_States_003513,D00,0.3742,0.038223,0.7424,TP
YOLO11s,United_States__United_States_003513,D10,0.3069,0.00309,0.4669,FP_localization
YOLO11s,United_States__United_States_003516,D00,0.6281,0.084069,0.0191,FP_background
YOLO11s,United_States__United_States_003516,D00,0.5733,0.123703,0.4176,FP_localization
YOLO11s,United_States__United_States_003516,D10,0.3249,0.006209,0.8761,TP
YOLO11s,United_States__United_States_003516,D10,0.2492,0.005537,0.0,FP_background
YOLO11s,United_States__United_States_003518,D00,0.3454,0.00671,0.8191,TP
YOLO11s,United_States__United_States_003518,D10,0.2773,0.01385,0.0,FP_background
YOLO11s,United_States__United_States_003519,D00,0.4943,0.018322,0.8606,TP
YOLO11s,United_States__United_States_003526,D00,0.5398,0.002875,0.7914,TP
YOLO11s,United_States__United_States_003530,D00,0.3791,0.05704,0.7773,TP
YOLO11s,United_States__United_States_003530,D20,0.353,0.172173,0.3994,FP_background
YOLO11s,United_States__United_States_003530,D10,0.341,0.004589,0.8437,TP
YOLO11s,United_States__United_States_003533,D00,0.6498,0.117705,0.9266,TP
YOLO11s,United_States__United_States_003533,D00,0.6252,0.174925,0.8724,TP
YOLO11s,United_States__United_States_003533,D00,0.5108,0.014814,0.607,TP
YOLO11s,United_States__United_States_003533,D00,0.4772,0.023984,0.9085,FP_duplicate
YOLO11s,United_States__United_States_003533,D10,0.4057,0.004578,0.8398,TP
YOLO11s,United_States__United_States_003533,D00,0.2539,0.00772,0.0505,FP_background
YOLO11s,United_States__United_States_003543,D00,0.8306,0.112849,0.4649,FP_localization
YOLO11s,United_States__United_States_003543,D00,0.3115,0.008366,0.3985,FP_localization
YOLO11s,United_States__United_States_003544,D10,0.4716,0.009828,0.3566,FP_localization
YOLO11s,United_States__United_States_003544,D10,0.4449,0.013036,0.3757,FP_localization
YOLO11s,United_States__United_States_003544,D00,0.3253,0.040178,0.664,TP
YOLO11s,United_States__United_States_003544,D00,0.2412,0.067556,0.8836,TP
YOLO11s,United_States__United_States_003548,D00,0.5693,0.115301,0.7873,TP
YOLO11s,United_States__United_States_003548,D00,0.3168,0.039994,0.2844,FP_localization
YOLO11s,United_States__United_States_003555,D00,0.3668,0.007118,0.4258,FP_localization
YOLO11s,United_States__United_States_003573,D00,0.3498,0.010388,0.8304,TP
YOLO11s,United_States__United_States_003576,D10,0.5562,0.016932,0.6124,TP
YOLO11s,United_States__United_States_003576,D20,0.3961,0.110136,0.6713,FP_classification
YOLO11s,United_States__United_States_003576,D20,0.2701,0.063424,0.7452,FP_classification
YOLO11s,United_States__United_States_003576,D10,0.2628,0.0099,0.3595,FP_localization
YOLO11s,United_States__United_States_003576,D10,0.2591,0.046819,0.4912,FP_localization
YOLO11s,United_States__United_States_003586,D00,0.8133,0.021979,0.847,TP
YOLO11s,United_States__United_States_003586,D00,0.3451,0.039987,0.6031,FP_duplicate
YOLO11s,United_States__United_States_003586,D00,0.2505,0.023802,0.0007,FP_background
YOLO11s,United_States__United_States_003587,D00,0.6246,0.031703,0.937,TP
YOLO11s,United_States__United_States_003587,D10,0.55,0.015989,0.8828,TP
YOLO11s,United_States__United_States_003595,D00,0.3821,0.042743,0.517,TP
YOLO11s,United_States__United_States_003595,D10,0.3249,0.005836,0.0,FP_background
YOLO11s,United_States__United_States_003595,D20,0.2631,0.092289,0.8267,TP
YOLO11s,United_States__United_States_003600,D00,0.5278,0.023239,0.832,TP
YOLO11s,United_States__United_States_003617,D10,0.4891,0.018701,0.6621,TP
YOLO11s,United_States__United_States_003617,D00,0.4291,0.024783,0.0237,FP_background
YOLO11s,United_States__United_States_003617,D10,0.3536,0.009723,0.6214,TP
YOLO11s,United_States__United_States_003619,D00,0.3667,0.038958,0.703,TP
YOLO11s,United_States__United_States_003619,D00,0.3276,0.057857,0.4734,FP_localization
YOLO11s,United_States__United_States_003619,D00,0.2975,0.004757,0.7781,TP
YOLO11s,United_States__United_States_003619,D10,0.2765,0.017145,0.7745,TP
YOLO11s,United_States__United_States_003619,D10,0.2597,0.027288,0.4319,FP_localization
YOLO11s,United_States__United_States_003624,D00,0.7793,0.025656,0.7754,TP
YOLO11s,United_States__United_States_003624,D00,0.6232,0.074322,0.5923,TP
YOLO11s,United_States__United_States_003633,D00,0.7686,0.06291,0.9052,TP
YOLO11s,United_States__United_States_003633,D10,0.3185,0.003388,0.0,FP_background
YOLO11s,United_States__United_States_003642,D00,0.6823,0.007109,0.9596,TP
YOLO11s,United_States__United_States_003642,D00,0.6113,0.082711,0.7091,TP
YOLO11s,United_States__United_States_003642,D10,0.4575,0.004179,0.4201,FP_localization
YOLO11s,United_States__United_States_003642,D00,0.303,0.052961,0.903,FP_duplicate
YOLO11s,United_States__United_States_003642,D00,0.2689,0.038182,0.4478,FP_localization
YOLO11s,United_States__United_States_003642,D10,0.24,0.003976,0.3183,FP_localization
YOLO11s,United_States__United_States_003648,D10,0.3199,0.009906,0.8578,TP
YOLO11s,United_States__United_States_003648,D10,0.2521,0.015792,0.6666,FP_duplicate
YOLO11s,United_States__United_States_003653,D00,0.4275,0.014973,0.5912,TP
YOLO11s,United_States__United_States_003653,D00,0.2799,0.054061,0.1675,FP_localization
YOLO11s,United_States__United_States_003653,D00,0.2417,0.008185,0.8729,FP_duplicate
YOLO11s,United_States__United_States_003667,D00,0.7629,0.053785,0.8963,TP
YOLO11s,United_States__United_States_003667,D00,0.5563,0.112429,0.6535,TP
YOLO11s,United_States__United_States_003667,D10,0.3606,0.003052,0.7586,TP
YOLO11s,United_States__United_States_003667,D00,0.357,0.072179,0.9678,FP_duplicate
YOLO11s,United_States__United_States_003667,D00,0.2449,0.008574,0.0,FP_background
YOLO11s,United_States__United_States_003672,D20,0.4006,0.103179,0.6224,TP
YOLO11s,United_States__United_States_003672,D20,0.3507,0.147747,0.4691,FP_localization
YOLO11s,United_States__United_States_003672,D20,0.3345,0.187701,0.5525,FP_duplicate
YOLO11s,United_States__United_States_003672,D00,0.272,0.014563,0.0,FP_background
YOLO11s,United_States__United_States_003683,D00,0.6529,0.073207,0.7521,TP
YOLO11s,United_States__United_States_003683,D00,0.2773,0.007439,0.0342,FP_background
YOLO11s,United_States__United_States_003690,D10,0.4971,0.008979,0.6594,TP
YOLO11s,United_States__United_States_003690,D10,0.312,0.014626,0.5452,FP_duplicate
YOLO11s,United_States__United_States_003690,D00,0.2968,0.008358,0.0,FP_background
YOLO11s,United_States__United_States_003690,D10,0.2623,0.004434,0.4006,FP_localization
YOLO11s,United_States__United_States_003701,D20,0.7774,0.370085,0.9277,TP
YOLO11s,United_States__United_States_003706,D00,0.6497,0.036129,0.8628,TP
YOLO11s,United_States__United_States_003706,D00,0.3257,0.054369,0.5733,FP_duplicate
YOLO11s,United_States__United_States_003722,D00,0.509,0.00677,0.1307,FP_localization
YOLO11s,United_States__United_States_003722,D10,0.3529,0.008069,0.3272,FP_localization
YOLO11s,United_States__United_States_003722,D00,0.3176,0.03972,0.613,TP
YOLO11s,United_States__United_States_003728,D10,0.6451,0.008469,0.6502,TP
YOLO11s,United_States__United_States_003728,D00,0.5751,0.011064,0.2891,FP_localization
YOLO11s,United_States__United_States_003728,D00,0.3649,0.00745,0.1947,FP_localization
YOLO11s,United_States__United_States_003728,D00,0.3002,0.030684,0.7199,TP
YOLO11s,United_States__United_States_003729,D00,0.6043,0.033949,0.8759,TP
YOLO11s,United_States__United_States_003740,D00,0.6786,0.013343,0.9246,TP
YOLO11s,United_States__United_States_003740,D00,0.5161,0.009954,0.2391,FP_localization
YOLO11s,United_States__United_States_003740,D00,0.4638,0.003305,0.853,TP
YOLO11s,United_States__United_States_003740,D00,0.3968,0.001481,0.8251,TP
YOLO11s,United_States__United_States_003744,D10,0.4581,0.003866,0.6775,TP
YOLO11s,United_States__United_States_003744,D00,0.3782,0.055747,0.7458,FP_classification
YOLO11s,United_States__United_States_003744,D10,0.376,0.009005,0.7318,TP
YOLO11s,United_States__United_States_003744,D10,0.3698,0.013014,0.87,FP_duplicate
YOLO11s,United_States__United_States_003744,D00,0.3668,0.001187,0.0,FP_background
YOLO11s,United_States__United_States_003744,D10,0.2496,0.02578,0.4773,FP_localization
YOLO11s,United_States__United_States_003760,D10,0.411,0.01282,0.5884,TP
YOLO11s,United_States__United_States_003760,D10,0.2396,0.03173,0.6804,FP_duplicate
YOLO11s,United_States__United_States_003764,D10,0.2968,0.009128,0.4232,FP_localization
YOLO11s,United_States__United_States_003764,D10,0.2839,0.028434,0.7135,TP
YOLO11s,United_States__United_States_003765,D00,0.797,0.026654,0.9376,TP
YOLO11s,United_States__United_States_003775,D10,0.2665,0.037921,0.768,TP
YOLO11s,United_States__United_States_003788,D00,0.53,0.073558,0.8576,TP
YOLO11s,United_States__United_States_003788,D00,0.3713,0.020167,0.563,TP
YOLO11s,United_States__United_States_003788,D20,0.2909,0.049473,0.0,FP_background
YOLO11s,United_States__United_States_003788,D00,0.241,0.027221,0.4101,FP_localization
YOLO11s,United_States__United_States_003792,D00,0.6702,0.025785,0.8419,TP
YOLO11s,United_States__United_States_003792,D10,0.6093,0.022486,0.8865,TP
YOLO11s,United_States__United_States_003792,D10,0.4113,0.033206,0.7088,FP_duplicate
YOLO11s,United_States__United_States_003792,D00,0.3882,0.002932,0.4988,FP_localization
YOLO11s,United_States__United_States_003792,D10,0.3051,0.007217,0.8309,TP
YOLO11s,United_States__United_States_003792,D00,0.274,0.026284,0.3354,FP_localization
YOLO11s,United_States__United_States_003792,D00,0.24,0.003931,0.8872,TP
YOLO11s,United_States__United_States_003793,D10,0.4151,0.002602,0.0181,FP_background
YOLO11s,United_States__United_States_003793,D10,0.4136,0.027531,0.5105,TP
YOLO11s,United_States__United_States_003793,D10,0.2765,0.069966,0.4861,FP_localization
YOLO11s,United_States__United_States_003801,D00,0.7243,0.091846,0.7606,TP
YOLO11s,United_States__United_States_003808,D00,0.5939,0.068944,0.7759,TP
YOLO11s,United_States__United_States_003808,D00,0.4687,0.026909,0.3642,FP_localization
YOLO11s,United_States__United_States_003820,D10,0.359,0.034886,0.6786,TP
YOLO11s,United_States__United_States_003820,D00,0.3116,0.026705,0.758,TP
YOLO11s,United_States__United_States_003820,D10,0.2451,0.015753,0.5065,FP_duplicate
YOLO11s,United_States__United_States_003821,D00,0.7689,0.038029,0.7217,TP
YOLO11s,United_States__United_States_003821,D00,0.6731,0.058098,0.7017,TP
YOLO11s,United_States__United_States_003821,D10,0.5689,0.008238,0.3552,FP_localization
YOLO11s,United_States__United_States_003821,D10,0.4103,0.005858,0.0116,FP_background
YOLO11s,United_States__United_States_003833,D00,0.6885,0.157326,0.6544,TP
YOLO11s,United_States__United_States_003833,D00,0.633,0.012154,0.8317,TP
YOLO11s,United_States__United_States_003833,D20,0.3795,0.152187,0.6349,FP_classification
YOLO11s,United_States__United_States_003834,D00,0.4629,0.012188,0.6661,TP
YOLO11s,United_States__United_States_003834,D00,0.3223,0.005378,0.0,FP_background
YOLO11s,United_States__United_States_003834,D00,0.2564,0.017811,0.4471,FP_localization
YOLO11s,United_States__United_States_003836,D00,0.5221,0.014691,0.6475,TP
YOLO11s,United_States__United_States_003836,D00,0.2956,0.009362,0.9089,FP_duplicate
YOLO11s,United_States__United_States_003842,D00,0.6287,0.022185,0.9331,TP
YOLO11s,United_States__United_States_003845,D10,0.2422,0.015598,0.7905,TP
YOLO11s,United_States__United_States_003845,D00,0.2417,0.045127,0.0,FP_background
YOLO11s,United_States__United_States_003859,D20,0.5989,0.240328,0.3752,FP_localization
YOLO11s,United_States__United_States_003859,D00,0.3772,0.105167,0.7674,FP_classification
YOLO11s,United_States__United_States_003859,D20,0.302,0.09774,0.905,TP
YOLO11s,United_States__United_States_003859,D00,0.2617,0.008215,0.0,FP_background
YOLO11s,United_States__United_States_003870,D00,0.5792,0.066342,0.5956,TP
YOLO11s,United_States__United_States_003870,D00,0.3634,0.020496,0.1676,FP_localization
YOLO11s,United_States__United_States_003870,D00,0.3334,0.007131,0.8119,TP
YOLO11s,United_States__United_States_003874,D00,0.455,0.007607,0.3547,FP_localization
YOLO11s,United_States__United_States_003874,D00,0.2829,0.004363,0.5862,TP
YOLO11s,United_States__United_States_003879,D00,0.4494,0.017839,0.0,FP_background
YOLO11s,United_States__United_States_003879,D00,0.3188,0.021522,0.7825,TP
YOLO11s,United_States__United_States_003910,D00,0.7886,0.032295,0.8975,TP
YOLO11s,United_States__United_States_003910,D00,0.3175,0.006931,0.8389,TP
YOLO11s,United_States__United_States_003915,D00,0.7547,0.013892,0.887,TP
YOLO11s,United_States__United_States_003915,D00,0.2845,0.014534,0.7422,TP
YOLO11s,United_States__United_States_003940,D00,0.6613,0.083288,0.0,FP_background
YOLO11s,United_States__United_States_003940,D20,0.4275,0.082525,0.5009,FP_classification
YOLO11s,United_States__United_States_003942,D20,0.5669,0.178485,0.8381,TP
YOLO11s,United_States__United_States_003943,D20,0.7128,0.126385,0.8781,TP
YOLO11s,United_States__United_States_003943,D20,0.6344,0.326993,0.3394,FP_localization
YOLO11s,United_States__United_States_003945,D00,0.4461,0.019794,0.8773,TP
YOLO11s,United_States__United_States_003945,D10,0.3242,0.003625,0.7759,TP
YOLO11s,United_States__United_States_003945,D00,0.2509,0.00968,0.5192,FP_duplicate
YOLO11s,United_States__United_States_003947,D00,0.4409,0.017973,0.1834,FP_localization
YOLO11s,United_States__United_States_003964,D10,0.4298,0.009831,0.7605,TP
YOLO11s,United_States__United_States_003966,D00,0.7157,0.033625,0.2845,FP_localization
YOLO11s,United_States__United_States_003966,D10,0.3522,0.007803,0.0529,FP_background
YOLO11s,United_States__United_States_003966,D00,0.247,0.103285,0.8654,TP
YOLO11s,United_States__United_States_003972,D10,0.699,0.015237,0.8088,TP
YOLO11s,United_States__United_States_003972,D00,0.2972,0.076655,0.3217,FP_localization
YOLO11s,United_States__United_States_003985,D00,0.6917,0.079547,0.9398,TP
YOLO11s,United_States__United_States_003985,D20,0.3992,0.138462,0.7243,TP
YOLO11s,United_States__United_States_003985,D40,0.2516,0.012182,0.6459,TP
YOLO11s,United_States__United_States_003985,D00,0.2449,0.038255,0.1899,FP_background
YOLO11s,United_States__United_States_004003,D10,0.4967,0.01994,0.874,TP
YOLO11s,United_States__United_States_004003,D00,0.3847,0.011998,0.3691,FP_localization
YOLO11s,United_States__United_States_004003,D10,0.3755,0.007092,0.534,FP_classification
YOLO11s,United_States__United_States_004004,D00,0.6483,0.049381,0.8413,TP
YOLO11s,United_States__United_States_004004,D00,0.4454,0.029103,0.7896,TP
YOLO11s,United_States__United_States_004004,D00,0.409,0.113219,0.6818,TP
YOLO11s,United_States__United_States_004004,D00,0.2821,0.119159,0.0427,FP_background
YOLO11s,United_States__United_States_004004,D20,0.2778,0.075308,0.5549,FP_classification
YOLO11s,United_States__United_States_004004,D20,0.2661,0.177938,0.2728,FP_background
YOLO11s,United_States__United_States_004004,D20,0.2413,0.112744,0.6898,FP_classification
YOLO11s,United_States__United_States_004005,D00,0.5033,0.035625,0.7424,TP
YOLO11s,United_States__United_States_004013,D10,0.5396,0.062205,0.7848,TP
YOLO11s,United_States__United_States_004013,D00,0.461,0.009968,0.1586,FP_localization
YOLO11s,United_States__United_States_004013,D10,0.388,0.039819,0.6099,FP_duplicate
YOLO11s,United_States__United_States_004013,D10,0.3692,0.027855,0.4267,FP_localization
YOLO11s,United_States__United_States_004020,D00,0.6056,0.082139,0.5051,TP
YOLO11s,United_States__United_States_004020,D00,0.4058,0.01974,0.5033,TP
YOLO11s,United_States__United_States_004020,D00,0.2621,0.001446,0.0532,FP_background
YOLO11s,United_States__United_States_004023,D00,0.5532,0.006594,0.8431,TP
YOLO11s,United_States__United_States_004023,D20,0.5387,0.03539,0.8251,TP
YOLO11s,United_States__United_States_004024,D00,0.455,0.009221,0.8443,TP
YOLO11s,United_States__United_States_004024,D10,0.4228,0.009427,0.7455,TP
YOLO11s,United_States__United_States_004029,D10,0.4154,0.015766,0.6361,TP
YOLO11s,United_States__United_States_004029,D10,0.4088,0.008226,0.8202,FP_duplicate
YOLO11s,United_States__United_States_004029,D00,0.394,0.006874,0.6819,TP
YOLO11s,United_States__United_States_004053,D00,0.7658,0.017025,0.8801,TP
YOLO11s,United_States__United_States_004053,D10,0.653,0.022038,0.7071,TP
YOLO11s,United_States__United_States_004053,D10,0.442,0.006089,0.0136,FP_background
YOLO11s,United_States__United_States_004064,D00,0.4784,0.02603,0.9004,TP
YOLO11s,United_States__United_States_004064,D00,0.3988,0.004947,0.6811,TP
YOLO11s,United_States__United_States_004064,D00,0.3711,0.016408,0.7876,TP
YOLO11s,United_States__United_States_004064,D00,0.3657,0.001129,0.6996,TP
YOLO11s,United_States__United_States_004064,D00,0.299,0.046989,0.4988,FP_localization
YOLO11s,United_States__United_States_004065,D00,0.3745,0.009258,0.7028,TP
YOLO11s,United_States__United_States_004071,D00,0.6508,0.035999,0.7125,TP
YOLO11s,United_States__United_States_004071,D00,0.2536,0.050318,0.5844,FP_duplicate
YOLO11s,United_States__United_States_004072,D10,0.485,0.117795,0.484,FP_localization
YOLO11s,United_States__United_States_004086,D00,0.4823,0.033847,0.7284,TP
YOLO11s,United_States__United_States_004086,D00,0.2896,0.026999,0.7297,TP
YOLO11s,United_States__United_States_004091,D10,0.6125,0.009057,0.0303,FP_background
YOLO11s,United_States__United_States_004091,D00,0.4396,0.017237,0.6095,TP
YOLO11s,United_States__United_States_004091,D00,0.239,0.026208,0.8571,FP_duplicate
YOLO11s,United_States__United_States_004103,D00,0.6493,0.013674,0.8976,TP
YOLO11s,United_States__United_States_004103,D00,0.6355,0.075769,0.0,FP_background
YOLO11s,United_States__United_States_004103,D00,0.3788,0.004957,0.0,FP_background
YOLO11s,United_States__United_States_004103,D00,0.3261,0.044942,0.0,FP_background
YOLO11s,United_States__United_States_004103,D00,0.2534,0.019642,0.6562,FP_duplicate
YOLO11s,United_States__United_States_004127,D00,0.4123,0.058792,0.5956,TP
YOLO11s,United_States__United_States_004127,D00,0.2482,0.003781,0.7005,TP
YOLO11s,United_States__United_States_004128,D00,0.4004,0.061806,0.7378,TP
YOLO11s,United_States__United_States_004128,D00,0.3987,0.02531,0.6914,TP
YOLO11s,United_States__United_States_004131,D10,0.4461,0.030972,0.6795,TP
YOLO11s,United_States__United_States_004131,D10,0.4376,0.051665,0.7852,FP_duplicate
YOLO11s,United_States__United_States_004131,D00,0.3403,0.004337,0.0389,FP_background
YOLO11s,United_States__United_States_004131,D10,0.251,0.06224,0.5625,FP_duplicate
YOLO11s,United_States__United_States_004136,D20,0.8352,0.142961,0.8822,TP
YOLO11s,United_States__United_States_004136,D40,0.412,0.000927,0.007,FP_background
YOLO11s,United_States__United_States_004136,D40,0.3932,0.001361,0.0102,FP_background
YOLO11s,United_States__United_States_004136,D00,0.2383,0.009962,0.3856,FP_localization
YOLO11s,United_States__United_States_004139,D00,0.5234,0.003806,0.9052,TP
YOLO11s,United_States__United_States_004139,D00,0.4553,0.005515,0.6917,FP_duplicate
YOLO11s,United_States__United_States_004139,D00,0.3099,0.00667,0.8266,TP
YOLO11s,United_States__United_States_004139,D00,0.2479,0.001336,0.0,FP_background
YOLO11s,United_States__United_States_004142,D00,0.4869,0.046119,0.7766,TP
YOLO11s,United_States__United_States_004142,D10,0.3989,0.009638,0.7997,TP
YOLO11s,United_States__United_States_004142,D00,0.2975,0.026464,0.5914,FP_duplicate
YOLO11s,United_States__United_States_004153,D00,0.7479,0.055986,0.9221,TP
YOLO11s,United_States__United_States_004155,D00,0.7385,0.030591,0.5372,TP
YOLO11s,United_States__United_States_004155,D00,0.4649,0.00517,0.0,FP_background
YOLO11s,United_States__United_States_004157,D00,0.4922,0.018105,0.9203,TP
YOLO11s,United_States__United_States_004157,D00,0.4895,0.005963,0.762,TP
YOLO11s,United_States__United_States_004157,D10,0.299,0.010173,0.6593,TP
YOLO11s,United_States__United_States_004157,D00,0.2596,0.00697,0.0881,FP_background
YOLO11s,United_States__United_States_004159,D10,0.5324,0.008304,0.9028,TP
YOLO11s,United_States__United_States_004159,D00,0.412,0.033237,0.4813,FP_background
YOLO11s,United_States__United_States_004159,D10,0.3177,0.004777,0.4536,FP_localization
YOLO11s,United_States__United_States_004163,D00,0.593,0.016295,0.6877,TP
YOLO11s,United_States__United_States_004163,D10,0.3723,0.014915,0.7723,TP
YOLO11s,United_States__United_States_004165,D10,0.4027,0.042711,0.7321,TP
YOLO11s,United_States__United_States_004165,D40,0.3046,0.000786,0.0,FP_background
YOLO11s,United_States__United_States_004165,D10,0.2458,0.024079,0.5488,FP_duplicate
YOLO11s,United_States__United_States_004168,D00,0.7697,0.036452,0.9553,TP
YOLO11s,United_States__United_States_004168,D00,0.3568,0.008233,0.9167,TP
YOLO11s,United_States__United_States_004168,D10,0.3422,0.008024,0.8526,TP
YOLO11s,United_States__United_States_004174,D00,0.4713,0.029234,0.818,TP
YOLO11s,United_States__United_States_004174,D00,0.3437,0.043941,0.5553,FP_duplicate
YOLO11s,United_States__United_States_004176,D00,0.6945,0.037109,0.824,TP
YOLO11s,United_States__United_States_004194,D00,0.6941,0.036034,0.5966,TP
YOLO11s,United_States__United_States_004194,D00,0.2433,0.080783,0.5838,FP_duplicate
YOLO11s,United_States__United_States_004198,D00,0.3032,0.030384,0.6581,TP
YOLO11s,United_States__United_States_004198,D10,0.2709,0.016337,0.7194,TP
YOLO11s,United_States__United_States_004198,D10,0.2539,0.011423,0.8449,FP_duplicate
YOLO11s,United_States__United_States_004200,D00,0.2767,0.025456,0.7577,TP
YOLO11s,United_States__United_States_004203,D20,0.4995,0.087873,0.8838,TP
YOLO11s,United_States__United_States_004203,D20,0.3309,0.238712,0.3605,FP_localization
YOLO11s,United_States__United_States_004203,D10,0.2779,0.0127,0.5722,TP
YOLO11s,United_States__United_States_004206,D10,0.5601,0.014887,0.7035,TP
YOLO11s,United_States__United_States_004206,D20,0.2479,0.027673,0.0,FP_background
YOLO11s,United_States__United_States_004207,D00,0.7587,0.130111,0.8924,TP
YOLO11s,United_States__United_States_004207,D10,0.6246,0.006642,0.5959,TP
YOLO11s,United_States__United_States_004207,D10,0.4747,0.006466,0.6733,TP
YOLO11s,United_States__United_States_004207,D00,0.4675,0.003769,0.0309,FP_background
YOLO11s,United_States__United_States_004207,D00,0.3065,0.083555,0.4597,FP_localization
YOLO11s,United_States__United_States_004207,D10,0.2755,0.005955,0.4743,FP_localization
YOLO11s,United_States__United_States_004228,D20,0.5,0.076936,0.6839,TP
YOLO11s,United_States__United_States_004228,D20,0.2459,0.05083,0.4608,FP_localization
YOLO11s,United_States__United_States_004250,D00,0.2728,0.006666,0.0343,FP_background
YOLO11s,United_States__United_States_004250,D10,0.2496,0.006984,0.7399,TP
YOLO11s,United_States__United_States_004251,D00,0.7899,0.090193,0.7836,TP
YOLO11s,United_States__United_States_004257,D00,0.6735,0.149675,0.6531,TP
YOLO11s,United_States__United_States_004257,D00,0.3687,0.001925,0.0,FP_background
YOLO11s,United_States__United_States_004258,D00,0.6842,0.006013,0.8361,TP
YOLO11s,United_States__United_States_004268,D00,0.4357,0.04843,0.61,TP
YOLO11s,United_States__United_States_004276,D20,0.5435,0.136997,0.6978,TP
YOLO11s,United_States__United_States_004276,D20,0.5304,0.095467,0.6346,TP
YOLO11s,United_States__United_States_004276,D40,0.3233,0.001918,0.0,FP_background
YOLO11s,United_States__United_States_004279,D20,0.3719,0.088225,0.714,TP
YOLO11s,United_States__United_States_004280,D10,0.6613,0.055789,0.856,TP
YOLO11s,United_States__United_States_004280,D00,0.3327,0.022286,0.015,FP_background
YOLO11s,United_States__United_States_004280,D10,0.3292,0.048908,0.7716,FP_duplicate
YOLO11s,United_States__United_States_004280,D00,0.2909,0.003347,0.8974,TP
YOLO11s,United_States__United_States_004280,D00,0.2561,0.002187,0.6942,TP
YOLO11s,United_States__United_States_004309,D00,0.4358,0.004508,0.865,TP
YOLO11s,United_States__United_States_004326,D00,0.5961,0.006276,0.9529,TP
YOLO11s,United_States__United_States_004326,D00,0.4753,0.063027,0.8654,TP
YOLO11s,United_States__United_States_004326,D00,0.2463,0.001888,0.0,FP_background
YOLO11s,United_States__United_States_004331,D10,0.4596,0.012364,0.749,TP
YOLO11s,United_States__United_States_004331,D00,0.4278,0.026422,0.9425,TP
YOLO11s,United_States__United_States_004331,D10,0.3201,0.018064,0.5412,FP_duplicate
YOLO11s,United_States__United_States_004331,D10,0.3122,0.008208,0.693,TP
YOLO11s,United_States__United_States_004331,D00,0.3077,0.001385,0.874,TP
YOLO11s,United_States__United_States_004331,D00,0.2389,0.039317,0.6014,FP_duplicate
YOLO11s,United_States__United_States_004356,D20,0.7472,0.302421,0.7751,TP
YOLO11s,United_States__United_States_004356,D00,0.3837,0.122274,0.2584,FP_background
YOLO11s,United_States__United_States_004356,D00,0.3104,0.102412,0.4162,FP_background
YOLO11s,United_States__United_States_004357,D00,0.6077,0.049584,0.9011,TP
YOLO11s,United_States__United_States_004357,D20,0.3363,0.222685,0.2006,FP_localization
YOLO11s,United_States__United_States_004360,D10,0.5607,0.044386,0.8348,TP
YOLO11s,United_States__United_States_004360,D00,0.5251,0.009478,0.9674,TP
YOLO11s,United_States__United_States_004360,D00,0.365,0.040032,0.2927,FP_localization
YOLO11s,United_States__United_States_004360,D10,0.3139,0.008712,0.2848,FP_background
YOLO11s,United_States__United_States_004360,D10,0.3076,0.003917,0.1411,FP_background
YOLO11s,United_States__United_States_004360,D00,0.2386,0.075754,0.2366,FP_localization
YOLO11s,United_States__United_States_004368,D00,0.4868,0.07476,0.0,FP_background
YOLO11s,United_States__United_States_004368,D00,0.2916,0.040645,0.4644,FP_localization
YOLO11s,United_States__United_States_004371,D20,0.6255,0.232239,0.3475,FP_background
YOLO11s,United_States__United_States_004374,D00,0.6499,0.059457,0.8961,TP
YOLO11s,United_States__United_States_004374,D20,0.4372,0.054434,0.8427,TP
YOLO11s,United_States__United_States_004374,D20,0.3948,0.152674,0.8387,TP
YOLO11s,United_States__United_States_004374,D10,0.2899,0.008602,0.0672,FP_background
YOLO11s,United_States__United_States_004376,D00,0.4413,0.029281,0.7204,TP
YOLO11s,United_States__United_States_004385,D10,0.3748,0.024426,0.8793,TP
YOLO11s,United_States__United_States_004385,D10,0.2965,0.01551,0.4628,FP_localization
YOLO11s,United_States__United_States_004386,D00,0.4164,0.051663,0.4826,FP_localization
YOLO11s,United_States__United_States_004386,D20,0.2605,0.050813,0.4907,FP_background
YOLO11s,United_States__United_States_004387,D00,0.5241,0.010337,0.6501,TP
YOLO11s,United_States__United_States_004387,D00,0.3955,0.006059,0.1888,FP_localization
YOLO11s,United_States__United_States_004387,D00,0.2704,0.004293,0.0,FP_background
YOLO11s,United_States__United_States_004387,D00,0.2622,0.030849,0.8065,TP
YOLO11s,United_States__United_States_004388,D10,0.5996,0.054823,0.8679,TP
YOLO11s,United_States__United_States_004388,D10,0.3624,0.010191,0.1946,FP_localization
YOLO11s,United_States__United_States_004388,D10,0.2925,0.032669,0.571,FP_duplicate
YOLO11s,United_States__United_States_004388,D00,0.2433,0.005214,0.0729,FP_background
YOLO11s,United_States__United_States_004398,D00,0.253,0.00787,0.0791,FP_background
YOLO11s,United_States__United_States_004400,D10,0.5397,0.019615,0.9197,TP
YOLO11s,United_States__United_States_004400,D00,0.3563,0.014764,0.7957,TP
YOLO11s,United_States__United_States_004400,D20,0.2907,0.011954,0.6892,TP
YOLO11s,United_States__United_States_004402,D00,0.6362,0.032631,0.88,TP
YOLO11s,United_States__United_States_004402,D00,0.539,0.071454,0.3795,FP_localization
YOLO11s,United_States__United_States_004402,D00,0.4861,0.016845,0.8366,TP
YOLO11s,United_States__United_States_004402,D10,0.3797,0.021389,0.3899,FP_localization
YOLO11s,United_States__United_States_004402,D00,0.362,0.00463,0.0544,FP_background
YOLO11s,United_States__United_States_004402,D00,0.3474,0.027309,0.8341,TP
YOLO11s,United_States__United_States_004402,D00,0.315,0.014487,0.1807,FP_localization
YOLO11s,United_States__United_States_004402,D00,0.3107,0.025178,0.7383,FP_duplicate
YOLO11s,United_States__United_States_004402,D00,0.2811,0.005057,0.9193,TP
YOLO11s,United_States__United_States_004407,D00,0.8385,0.108825,0.9338,TP
YOLO11s,United_States__United_States_004407,D00,0.5914,0.0023,0.8973,TP
YOLO11s,United_States__United_States_004407,D10,0.5423,0.018403,0.6004,TP
YOLO11s,United_States__United_States_004407,D10,0.3261,0.028751,0.7478,FP_duplicate
YOLO11s,United_States__United_States_004410,D20,0.2513,0.016973,0.8009,TP
YOLO11s,United_States__United_States_004412,D20,0.7152,0.323291,0.424,FP_localization
YOLO11s,United_States__United_States_004412,D20,0.5274,0.163088,0.8399,TP
YOLO11s,United_States__United_States_004412,D20,0.2844,0.114868,0.5473,TP
YOLO11s,United_States__United_States_004422,D00,0.7541,0.011494,0.6542,TP
YOLO11s,United_States__United_States_004422,D00,0.6055,0.005701,0.7451,TP
YOLO11s,United_States__United_States_004422,D00,0.3153,0.004932,0.0,FP_background
YOLO11s,United_States__United_States_004422,D00,0.265,0.007494,0.0,FP_background
YOLO11s,United_States__United_States_004423,D00,0.6843,0.064823,0.8358,TP
YOLO11s,United_States__United_States_004423,D10,0.4289,0.024842,0.8692,TP
YOLO11s,United_States__United_States_004423,D00,0.4096,0.023626,0.9027,TP
YOLO11s,United_States__United_States_004423,D00,0.2519,0.117351,0.5082,FP_duplicate
YOLO11s,United_States__United_States_004424,D00,0.3852,0.075894,0.7261,TP
YOLO11s,United_States__United_States_004424,D10,0.2427,0.003413,0.0386,FP_background
YOLO11s,United_States__United_States_004430,D00,0.4596,0.066872,0.8516,TP
YOLO11s,United_States__United_States_004437,D00,0.6414,0.01015,0.45,FP_localization
YOLO11s,United_States__United_States_004437,D00,0.5185,0.016377,0.0,FP_background
YOLO11s,United_States__United_States_004437,D00,0.4775,0.04562,0.5651,TP
YOLO11s,United_States__United_States_004437,D00,0.45,0.038286,0.0,FP_background
YOLO11s,United_States__United_States_004437,D00,0.3125,0.012682,0.0,FP_background
YOLO11s,United_States__United_States_004438,D10,0.3671,0.006384,0.5591,TP
YOLO11s,United_States__United_States_004438,D00,0.2778,0.002511,0.7683,TP
YOLO11s,United_States__United_States_004442,D10,0.2884,0.036522,0.6934,TP
YOLO11s,United_States__United_States_004442,D10,0.2844,0.058795,0.6587,FP_duplicate
YOLO11s,United_States__United_States_004442,D10,0.2372,0.031617,0.4732,FP_localization
YOLO11s,United_States__United_States_004443,D10,0.5064,0.034803,0.7359,TP
YOLO11s,United_States__United_States_004443,D00,0.3281,0.021699,0.7797,TP
YOLO11s,United_States__United_States_004443,D10,0.2714,0.02933,0.8072,FP_duplicate
YOLO11s,United_States__United_States_004455,D00,0.7383,0.014153,0.9347,TP
YOLO11s,United_States__United_States_004455,D20,0.4568,0.076333,0.928,TP
YOLO11s,United_States__United_States_004455,D00,0.296,0.009598,0.921,TP
YOLO11s,United_States__United_States_004455,D00,0.2426,0.014913,0.5787,FP_duplicate
YOLO11s,United_States__United_States_004456,D00,0.5496,0.035121,0.3487,FP_localization
YOLO11s,United_States__United_States_004456,D10,0.3783,0.062037,0.5594,TP
YOLO11s,United_States__United_States_004456,D10,0.369,0.012364,0.0142,FP_background
YOLO11s,United_States__United_States_004456,D10,0.35,0.010579,0.0,FP_background
YOLO11s,United_States__United_States_004456,D10,0.2845,0.041132,0.7842,FP_duplicate
YOLO11s,United_States__United_States_004457,D00,0.7166,0.028638,0.8839,TP
YOLO11s,United_States__United_States_004457,D00,0.3797,0.092912,0.2724,FP_localization
YOLO11s,United_States__United_States_004458,D00,0.6286,0.014404,0.9223,TP
YOLO11s,United_States__United_States_004460,D10,0.5104,0.043563,0.8012,TP
YOLO11s,United_States__United_States_004460,D00,0.4636,0.070022,0.9009,TP
YOLO11s,United_States__United_States_004460,D10,0.3862,0.008858,0.171,FP_localization
YOLO11s,United_States__United_States_004460,D00,0.3207,0.009682,0.1389,FP_localization
YOLO11s,United_States__United_States_004460,D00,0.2388,0.009228,0.0042,FP_background
YOLO11s,United_States__United_States_004472,D10,0.4777,0.021647,0.0117,FP_background
YOLO11s,United_States__United_States_004472,D40,0.3365,0.001333,0.6152,TP
YOLO11s,United_States__United_States_004472,D00,0.3231,0.020367,0.6921,TP
YOLO11s,United_States__United_States_004478,D00,0.3683,0.006352,0.2721,FP_background
YOLO11s,United_States__United_States_004480,D00,0.6178,0.010254,0.8723,TP
YOLO11s,United_States__United_States_004480,D00,0.3691,0.002911,0.7096,TP
YOLO11s,United_States__United_States_004480,D00,0.3684,0.002018,0.0,FP_background
YOLO11s,United_States__United_States_004488,D10,0.5338,0.080765,0.3229,FP_localization
YOLO11s,United_States__United_States_004488,D00,0.3907,0.00908,0.7633,TP
YOLO11s,United_States__United_States_004488,D00,0.3813,0.001907,0.0,FP_background
YOLO11s,United_States__United_States_004488,D10,0.359,0.029501,0.7914,TP
YOLO11s,United_States__United_States_004488,D10,0.2877,0.07959,0.2458,FP_localization
YOLO11s,United_States__United_States_004503,D00,0.5835,0.007298,0.9053,TP
YOLO11s,United_States__United_States_004503,D00,0.423,0.02038,0.2259,FP_localization
YOLO11s,United_States__United_States_004503,D10,0.378,0.021561,0.7562,TP
YOLO11s,United_States__United_States_004503,D00,0.3563,0.083945,0.7845,TP
YOLO11s,United_States__United_States_004503,D00,0.2426,0.028055,0.1927,FP_localization
YOLO11s,United_States__United_States_004507,D00,0.4618,0.009688,0.3516,FP_localization
YOLO11s,United_States__United_States_004517,D00,0.6859,0.003303,0.8407,TP
YOLO11s,United_States__United_States_004517,D00,0.5818,0.027057,0.9293,TP
YOLO11s,United_States__United_States_004517,D10,0.4344,0.04931,0.7979,TP
YOLO11s,United_States__United_States_004517,D10,0.3951,0.034492,0.7274,FP_duplicate
YOLO11s,United_States__United_States_004517,D00,0.2657,0.015179,0.0,FP_background
YOLO11s,United_States__United_States_004520,D00,0.8448,0.053575,0.8481,TP
YOLO11s,United_States__United_States_004520,D00,0.726,0.007073,0.8835,TP
YOLO11s,United_States__United_States_004520,D00,0.5581,0.008524,0.9498,TP
YOLO11s,United_States__United_States_004520,D00,0.3937,0.007452,0.8315,TP
YOLO11s,United_States__United_States_004526,D00,0.6865,0.0238,0.8654,TP
YOLO11s,United_States__United_States_004526,D00,0.5471,0.043567,0.9271,TP
YOLO11s,United_States__United_States_004526,D00,0.3437,0.002899,0.7432,TP
YOLO11s,United_States__United_States_004526,D00,0.2557,0.011588,0.2508,FP_localization
YOLO11s,United_States__United_States_004532,D00,0.6714,0.069045,0.869,TP
YOLO11s,United_States__United_States_004532,D00,0.4641,0.028811,0.1887,FP_background
YOLO11s,United_States__United_States_004532,D10,0.3931,0.01159,0.8355,TP
YOLO11s,United_States__United_States_004532,D10,0.3903,0.101888,0.685,TP
YOLO11s,United_States__United_States_004532,D00,0.2798,0.113508,0.5092,FP_duplicate
YOLO11s,United_States__United_States_004536,D20,0.2799,0.021038,0.7558,TP
YOLO11s,United_States__United_States_004538,D00,0.5297,0.013293,0.2294,FP_localization
YOLO11s,United_States__United_States_004538,D20,0.4759,0.15235,0.7044,TP
YOLO11s,United_States__United_States_004538,D00,0.2841,0.047141,0.4739,FP_localization
YOLO11s,United_States__United_States_004545,D00,0.6555,0.122278,0.777,TP
YOLO11s,United_States__United_States_004545,D10,0.5051,0.013914,0.342,FP_localization
YOLO11s,United_States__United_States_004545,D00,0.4381,0.092356,0.6837,TP
YOLO11s,United_States__United_States_004545,D10,0.2584,0.04017,0.8715,TP
YOLO11s,United_States__United_States_004545,D00,0.2374,0.009747,0.7089,TP
YOLO11s,United_States__United_States_004546,D20,0.6727,0.373488,0.8106,TP
YOLO11s,United_States__United_States_004548,D00,0.7293,0.01475,0.8988,TP
YOLO11s,United_States__United_States_004548,D00,0.5347,0.048873,0.8904,TP
YOLO11s,United_States__United_States_004548,D10,0.3786,0.00905,0.0,FP_background
YOLO11s,United_States__United_States_004548,D00,0.348,0.031723,0.0,FP_background
YOLO11s,United_States__United_States_004549,D00,0.4574,0.015074,0.9297,TP
YOLO11s,United_States__United_States_004549,D00,0.2451,0.021482,0.6476,FP_duplicate
YOLO11s,United_States__United_States_004555,D00,0.7334,0.096823,0.9127,TP
YOLO11s,United_States__United_States_004555,D00,0.5775,0.001176,0.8492,TP
YOLO11s,United_States__United_States_004555,D00,0.5446,0.017811,0.6618,TP
YOLO11s,United_States__United_States_004555,D00,0.4472,0.011031,0.4099,FP_localization
YOLO11s,United_States__United_States_004555,D10,0.3659,0.010356,0.0,FP_background
YOLO11s,United_States__United_States_004555,D00,0.3477,0.054046,0.5053,FP_duplicate
YOLO11s,United_States__United_States_004556,D00,0.4234,0.01828,0.6264,TP
YOLO11s,United_States__United_States_004558,D20,0.7422,0.27325,0.851,TP
YOLO11s,United_States__United_States_004558,D00,0.2775,0.051002,0.3705,FP_localization
YOLO11s,United_States__United_States_004575,D00,0.6415,0.090907,0.2922,FP_localization
YOLO11s,United_States__United_States_004575,D00,0.3011,0.003578,0.844,TP
YOLO11s,United_States__United_States_004575,D00,0.2591,0.050126,0.2416,FP_localization
YOLO11s,United_States__United_States_004577,D10,0.4072,0.011626,0.8871,TP
YOLO11s,United_States__United_States_004625,D00,0.6339,0.110447,0.2651,FP_localization
YOLO11s,United_States__United_States_004625,D00,0.3779,0.008078,0.2402,FP_localization
YOLO11s,United_States__United_States_004625,D00,0.2707,0.109641,0.1856,FP_localization
YOLO11s,United_States__United_States_004625,D00,0.2481,0.039892,0.3048,FP_localization
YOLO11s,United_States__United_States_004625,D10,0.2454,0.018336,0.3541,FP_localization
YOLO11s,United_States__United_States_004628,D10,0.4449,0.00859,0.7333,TP
YOLO11s,United_States__United_States_004634,D00,0.5279,0.0621,0.5155,TP
YOLO11s,United_States__United_States_004634,D00,0.4773,0.116415,0.8033,FP_duplicate
YOLO11s,United_States__United_States_004634,D10,0.252,0.014049,0.1502,FP_background
YOLO11s,United_States__United_States_004639,D10,0.5202,0.007754,0.6473,TP
YOLO11s,United_States__United_States_004646,D10,0.6154,0.014278,0.9033,TP
YOLO11s,United_States__United_States_004646,D00,0.4413,0.031902,0.9266,TP
YOLO11s,United_States__United_States_004646,D10,0.4048,0.019389,0.7623,TP
YOLO11s,United_States__United_States_004646,D00,0.3603,0.069532,0.4817,FP_localization
YOLO11s,United_States__United_States_004646,D00,0.2739,0.002957,0.6332,TP
YOLO11s,United_States__United_States_004646,D10,0.2619,0.027414,0.6869,FP_duplicate
YOLO11s,United_States__United_States_004654,D00,0.5134,0.032402,0.9262,TP
YOLO11s,United_States__United_States_004654,D10,0.2638,0.003425,0.2563,FP_localization
YOLO11s,United_States__United_States_004654,D10,0.2515,0.020104,0.6564,TP
YOLO11s,United_States__United_States_004670,D20,0.7744,0.300959,0.3986,FP_background
YOLO11s,United_States__United_States_004670,D10,0.4599,0.008459,0.6493,TP
YOLO11s,United_States__United_States_004678,D10,0.3284,0.021446,0.2091,FP_localization
YOLO11s,United_States__United_States_004682,D00,0.5956,0.008106,0.917,TP
YOLO11s,United_States__United_States_004682,D00,0.4026,0.005584,0.8268,TP
YOLO11s,United_States__United_States_004682,D00,0.2957,0.022222,0.8461,TP
YOLO11s,United_States__United_States_004685,D40,0.5113,0.001396,0.0,FP_background
YOLO11s,United_States__United_States_004685,D10,0.252,0.015044,0.4653,FP_localization
YOLO11s,United_States__United_States_004685,D10,0.2483,0.06027,0.5365,TP
YOLO11s,United_States__United_States_004686,D00,0.6048,0.086412,0.5633,TP
YOLO11s,United_States__United_States_004686,D00,0.6015,0.05698,0.8775,FP_duplicate
YOLO11s,United_States__United_States_004692,D00,0.6971,0.043073,0.5577,TP
YOLO11s,United_States__United_States_004692,D10,0.4464,0.004249,0.0881,FP_background
YOLO11s,United_States__United_States_004692,D00,0.3117,0.005846,0.3216,FP_localization
YOLO11s,United_States__United_States_004692,D00,0.2588,0.006769,0.0575,FP_background
YOLO11s,United_States__United_States_004704,D00,0.2499,0.001539,0.0,FP_background
YOLO11s,United_States__United_States_004708,D00,0.7617,0.016632,0.8693,TP
YOLO11s,United_States__United_States_004708,D00,0.4742,0.004362,0.0,FP_background
YOLO11s,United_States__United_States_004708,D00,0.2711,0.007193,0.0,FP_background
YOLO11s,United_States__United_States_004711,D00,0.5437,0.003962,0.855,TP
YOLO11s,United_States__United_States_004711,D00,0.3931,0.002166,0.8229,TP
YOLO11s,United_States__United_States_004714,D20,0.8484,0.137352,0.8864,TP
YOLO11s,United_States__United_States_004714,D10,0.4815,0.009635,0.0,FP_background
YOLO11s,United_States__United_States_004726,D00,0.7338,0.116038,0.6585,TP
YOLO11s,United_States__United_States_004726,D00,0.2629,0.01046,0.0814,FP_background
YOLO11s,United_States__United_States_004726,D00,0.2451,0.073008,0.4077,FP_localization
YOLO11s,United_States__United_States_004730,D10,0.3501,0.022742,0.7445,TP
YOLO11s,United_States__United_States_004730,D00,0.3219,0.002211,0.0788,FP_background
YOLO11s,United_States__United_States_004738,D00,0.5607,0.018597,0.868,TP
YOLO11s,United_States__United_States_004738,D00,0.4086,0.062082,0.2431,FP_localization
YOLO11s,United_States__United_States_004738,D10,0.3443,0.003304,0.0,FP_background
YOLO11s,United_States__United_States_004751,D00,0.3679,0.007964,0.7796,TP
YOLO11s,United_States__United_States_004751,D00,0.2577,0.037591,0.8297,TP
YOLO11s,United_States__United_States_004751,D00,0.2506,0.034414,0.2127,FP_background
YOLO11s,United_States__United_States_004754,D00,0.2824,0.005049,0.8868,TP
YOLO11s,United_States__United_States_004766,D00,0.432,0.091538,0.7144,FP_classification
YOLO11s,United_States__United_States_004766,D10,0.3751,0.140641,0.6821,TP
YOLO11s,United_States__United_States_004766,D10,0.2784,0.045105,0.3737,FP_localization
YOLO11s,United_States__United_States_004767,D10,0.4944,0.012592,0.709,TP
YOLO11s,United_States__United_States_004774,D00,0.5578,0.037623,0.546,TP
YOLO11s,United_States__United_States_004774,D10,0.4527,0.014605,0.7634,TP
YOLO11s,United_States__United_States_004784,D00,0.4847,0.004438,0.9215,TP
YOLO11s,United_States__United_States_004784,D00,0.4258,0.103542,0.83,TP
YOLO11s,United_States__United_States_004784,D00,0.3654,0.008286,0.6099,TP
YOLO11s,United_States__United_States_004784,D00,0.3028,0.025091,0.7691,TP
YOLO11s,United_States__United_States_004784,D00,0.2923,0.162963,0.5273,FP_duplicate
YOLO11s,United_States__United_States_004784,D00,0.2901,0.006974,0.4087,FP_localization
YOLO11s,United_States__United_States_004784,D00,0.2643,0.004374,0.222,FP_localization
YOLO11s,United_States__United_States_004784,D00,0.2406,0.004869,0.9164,TP
