model,stem,cls,rel_area,detected
YOLO11n,China_Drone__China_Drone_000008,D10,0.115585,True
YOLO11n,China_Drone__China_Drone_000017,D10,0.014099,True
YOLO11n,China_Drone__China_Drone_000032,D10,0.014935,True
YOLO11n,China_Drone__China_Drone_000032,D00,0.007725,False
YOLO11n,China_Drone__China_Drone_000038,D00,0.03392,False
YOLO11n,China_Drone__China_Drone_000046,D00,0.026779,True
YOLO11n,China_Drone__China_Drone_000051,D10,0.09306,True
YOLO11n,China_Drone__China_Drone_000053,D20,0.050869,False
YOLO11n,China_Drone__China_Drone_000054,D10,0.052567,True
YOLO11n,China_Drone__China_Drone_000064,D40,0.024414,False
YOLO11n,China_Drone__China_Drone_000069,D10,0.026367,True
YOLO11n,China_Drone__China_Drone_000075,D10,0.005089,True
YOLO11n,China_Drone__China_Drone_000079,D00,0.138401,True
YOLO11n,China_Drone__China_Drone_000079,D10,0.011444,True
YOLO11n,China_Drone__China_Drone_000079,D00,0.087166,False
YOLO11n,China_Drone__China_Drone_000082,D10,0.003662,False
YOLO11n,China_Drone__China_Drone_000082,D00,0.018349,False
YOLO11n,China_Drone__China_Drone_000082,D10,0.008926,True
YOLO11n,China_Drone__China_Drone_000082,D10,0.004364,False
YOLO11n,China_Drone__China_Drone_000092,D00,0.037743,True
YOLO11n,China_Drone__China_Drone_000092,D00,0.019394,True
YOLO11n,China_Drone__China_Drone_000092,D00,0.011395,False
YOLO11n,China_Drone__China_Drone_000093,D00,0.024872,True
YOLO11n,China_Drone__China_Drone_000095,D10,0.005836,False
YOLO11n,China_Drone__China_Drone_000102,D10,0.01181,True
YOLO11n,China_Drone__China_Drone_000113,D00,0.044518,True
YOLO11n,China_Drone__China_Drone_000113,D00,0.032684,False
YOLO11n,China_Drone__China_Drone_000113,D10,0.015987,True
YOLO11n,China_Drone__China_Drone_000113,D00,0.03479,True
YOLO11n,China_Drone__China_Drone_000135,D10,0.112984,True
YOLO11n,China_Drone__China_Drone_000140,D00,0.007721,False
YOLO11n,China_Drone__China_Drone_000140,D10,0.009537,True
YOLO11n,China_Drone__China_Drone_000179,D10,0.013802,True
YOLO11n,China_Drone__China_Drone_000179,D00,0.005726,False
YOLO11n,China_Drone__China_Drone_000180,D00,0.118908,True
YOLO11n,China_Drone__China_Drone_000184,D00,0.036942,True
YOLO11n,China_Drone__China_Drone_000184,D10,0.00705,True
YOLO11n,China_Drone__China_Drone_000184,D10,0.018826,True
YOLO11n,China_Drone__China_Drone_000184,D10,0.011669,False
YOLO11n,China_Drone__China_Drone_000194,D20,0.499626,True
YOLO11n,China_Drone__China_Drone_000207,D20,0.370235,True
YOLO11n,China_Drone__China_Drone_000207,D10,0.028038,False
YOLO11n,China_Drone__China_Drone_000235,D20,0.040749,False
YOLO11n,China_Drone__China_Drone_000247,D00,0.586761,True
YOLO11n,China_Drone__China_Drone_000254,D00,0.028427,False
YOLO11n,China_Drone__China_Drone_000254,D00,0.047905,True
YOLO11n,China_Drone__China_Drone_000264,D10,0.016388,False
YOLO11n,China_Drone__China_Drone_000264,D00,0.0093,True
YOLO11n,China_Drone__China_Drone_000267,D10,0.004539,False
YOLO11n,China_Drone__China_Drone_000267,D10,0.001602,False
YOLO11n,China_Drone__China_Drone_000268,D10,0.00935,False
YOLO11n,China_Drone__China_Drone_000279,D20,0.10025,False
YOLO11n,China_Drone__China_Drone_000287,D00,0.076904,True
YOLO11n,China_Drone__China_Drone_000299,D10,0.036087,True
YOLO11n,China_Drone__China_Drone_000299,D10,0.016491,False
YOLO11n,China_Drone__China_Drone_000300,D00,0.072124,True
YOLO11n,China_Drone__China_Drone_000317,D10,0.005959,True
YOLO11n,China_Drone__China_Drone_000317,D10,0.010994,True
YOLO11n,China_Drone__China_Drone_000318,D00,0.03624,True
YOLO11n,China_Drone__China_Drone_000345,D00,0.006695,False
YOLO11n,China_Drone__China_Drone_000345,D20,0.154877,False
YOLO11n,China_Drone__China_Drone_000357,D00,0.083656,False
YOLO11n,China_Drone__China_Drone_000360,D00,0.014282,True
YOLO11n,China_Drone__China_Drone_000363,D10,0.36042,False
YOLO11n,China_Drone__China_Drone_000392,D10,0.049164,True
YOLO11n,China_Drone__China_Drone_000392,D00,0.036186,False
YOLO11n,China_Drone__China_Drone_000392,D10,0.010609,False
YOLO11n,China_Drone__China_Drone_000392,D10,0.021172,True
YOLO11n,China_Drone__China_Drone_000404,D40,0.0149,True
YOLO11n,China_Drone__China_Drone_000404,D40,0.002136,False
YOLO11n,China_Drone__China_Drone_000405,D00,0.117897,True
YOLO11n,China_Drone__China_Drone_000406,D00,0.025658,True
YOLO11n,China_Drone__China_Drone_000410,D00,0.016983,True
YOLO11n,China_Drone__China_Drone_000411,D00,0.010681,True
YOLO11n,China_Drone__China_Drone_000411,D10,0.010216,False
YOLO11n,China_Drone__China_Drone_000411,D00,0.011009,False
YOLO11n,China_Drone__China_Drone_000416,D10,0.002529,True
YOLO11n,China_Drone__China_Drone_000416,D10,0.031242,True
YOLO11n,China_Drone__China_Drone_000429,D10,0.018478,True
YOLO11n,China_Drone__China_Drone_000429,D00,0.010441,True
YOLO11n,China_Drone__China_Drone_000430,D10,0.008518,True
YOLO11n,China_Drone__China_Drone_000431,D10,0.062943,True
YOLO11n,China_Drone__China_Drone_000440,D00,0.052929,True
YOLO11n,China_Drone__China_Drone_000442,D10,0.009224,True
YOLO11n,China_Drone__China_Drone_000452,D10,0.035622,False
YOLO11n,China_Drone__China_Drone_000454,D10,0.034218,True
YOLO11n,China_Drone__China_Drone_000471,D00,0.013504,True
YOLO11n,China_Drone__China_Drone_000481,D00,0.01722,True
YOLO11n,China_Drone__China_Drone_000493,D00,0.064224,False
YOLO11n,China_Drone__China_Drone_000503,D40,0.013718,False
YOLO11n,China_Drone__China_Drone_000503,D40,0.004326,True
YOLO11n,China_Drone__China_Drone_000503,D40,0.008789,False
YOLO11n,China_Drone__China_Drone_000506,D10,0.023415,False
YOLO11n,China_Drone__China_Drone_000515,D10,0.086334,False
YOLO11n,China_Drone__China_Drone_000515,D00,0.013481,False
YOLO11n,China_Drone__China_Drone_000515,D10,0.005447,False
YOLO11n,China_Drone__China_Drone_000563,D10,0.020931,True
YOLO11n,China_Drone__China_Drone_000589,D00,0.060635,True
YOLO11n,China_Drone__China_Drone_000595,D10,0.094757,True
YOLO11n,China_Drone__China_Drone_000605,D10,0.304092,True
YOLO11n,China_Drone__China_Drone_000615,D00,0.013126,True
YOLO11n,China_Drone__China_Drone_000615,D00,0.021606,True
YOLO11n,China_Drone__China_Drone_000615,D00,0.020607,True
YOLO11n,China_Drone__China_Drone_000620,D10,0.096771,False
YOLO11n,China_Drone__China_Drone_000620,D10,0.032616,False
YOLO11n,China_Drone__China_Drone_000622,D10,0.035355,True
YOLO11n,China_Drone__China_Drone_000634,D00,0.040516,True
YOLO11n,China_Drone__China_Drone_000640,D20,0.089607,False
YOLO11n,China_Drone__China_Drone_000648,D00,0.013779,True
YOLO11n,China_Drone__China_Drone_000650,D10,0.084274,True
YOLO11n,China_Drone__China_Drone_000650,D00,0.006409,False
YOLO11n,China_Drone__China_Drone_000653,D00,0.038395,False
YOLO11n,China_Drone__China_Drone_000656,D00,0.073853,True
YOLO11n,China_Drone__China_Drone_000662,D10,0.036575,True
YOLO11n,China_Drone__China_Drone_000695,D40,0.010117,True
YOLO11n,China_Drone__China_Drone_000695,D20,0.021149,True
YOLO11n,China_Drone__China_Drone_000708,D00,0.08382,True
YOLO11n,China_Drone__China_Drone_000708,D20,0.037292,False
YOLO11n,China_Drone__China_Drone_000711,D00,0.037575,False
YOLO11n,China_Drone__China_Drone_000711,D00,0.013924,True
YOLO11n,China_Drone__China_Drone_000711,D10,0.012131,True
YOLO11n,China_Drone__China_Drone_000715,D10,0.018211,True
YOLO11n,China_Drone__China_Drone_000717,D10,0.097198,False
YOLO11n,China_Drone__China_Drone_000733,D00,0.064201,True
YOLO11n,China_Drone__China_Drone_000738,D10,0.002678,True
YOLO11n,China_Drone__China_Drone_000738,D10,0.028027,False
YOLO11n,China_Drone__China_Drone_000738,D00,0.060448,False
YOLO11n,China_Drone__China_Drone_000745,D10,0.036438,True
YOLO11n,China_Drone__China_Drone_000759,D00,0.113434,True
YOLO11n,China_Drone__China_Drone_000763,D00,0.070896,True
YOLO11n,China_Drone__China_Drone_000767,D10,0.104004,True
YOLO11n,China_Drone__China_Drone_000768,D00,0.082123,True
YOLO11n,China_Drone__China_Drone_000802,D10,0.027946,True
YOLO11n,China_Drone__China_Drone_000808,D10,0.089493,True
YOLO11n,China_Drone__China_Drone_000826,D00,0.038086,True
YOLO11n,China_Drone__China_Drone_000831,D10,0.044731,False
YOLO11n,China_Drone__China_Drone_000853,D10,0.016136,True
YOLO11n,China_Drone__China_Drone_000865,D00,0.017223,True
YOLO11n,China_Drone__China_Drone_000865,D00,0.005703,True
YOLO11n,China_Drone__China_Drone_000866,D10,0.004021,True
YOLO11n,China_Drone__China_Drone_000867,D00,0.01936,True
YOLO11n,China_Drone__China_Drone_000867,D10,0.014351,True
YOLO11n,China_Drone__China_Drone_000867,D10,0.005013,False
YOLO11n,China_Drone__China_Drone_000867,D00,0.026436,True
YOLO11n,China_Drone__China_Drone_000871,D20,0.073898,True
YOLO11n,China_Drone__China_Drone_000881,D00,0.030586,True
YOLO11n,China_Drone__China_Drone_000889,D00,0.070175,True
YOLO11n,China_Drone__China_Drone_000906,D10,0.048786,True
YOLO11n,China_Drone__China_Drone_000919,D00,0.007282,False
YOLO11n,China_Drone__China_Drone_000919,D00,0.008972,True
YOLO11n,China_Drone__China_Drone_000932,D20,0.038849,False
YOLO11n,China_Drone__China_Drone_000932,D00,0.026928,True
YOLO11n,China_Drone__China_Drone_000945,D10,0.003319,True
YOLO11n,China_Drone__China_Drone_000945,D10,0.017456,False
YOLO11n,China_Drone__China_Drone_000945,D00,0.020576,False
YOLO11n,China_Drone__China_Drone_000945,D00,0.01474,False
YOLO11n,China_Drone__China_Drone_000947,D20,0.331036,True
YOLO11n,China_Drone__China_Drone_000947,D00,0.019501,False
YOLO11n,China_Drone__China_Drone_000952,D20,0.101814,False
YOLO11n,China_Drone__China_Drone_000980,D00,0.111111,True
YOLO11n,China_Drone__China_Drone_000993,D00,0.077911,True
YOLO11n,China_Drone__China_Drone_000994,D10,0.046257,False
YOLO11n,China_Drone__China_Drone_000995,D00,0.029526,True
YOLO11n,China_Drone__China_Drone_001018,D20,0.148979,True
YOLO11n,China_Drone__China_Drone_001024,D00,0.024567,True
YOLO11n,China_Drone__China_Drone_001024,D00,0.038383,False
YOLO11n,China_Drone__China_Drone_001024,D00,0.350876,True
YOLO11n,China_Drone__China_Drone_001025,D00,0.095516,False
YOLO11n,China_Drone__China_Drone_001030,D10,0.070816,False
YOLO11n,China_Drone__China_Drone_001040,D10,0.013363,True
YOLO11n,China_Drone__China_Drone_001040,D10,0.039734,True
YOLO11n,China_Drone__China_Drone_001040,D10,0.009342,True
YOLO11n,China_Drone__China_Drone_001040,D00,0.011669,True
YOLO11n,China_Drone__China_Drone_001043,D10,0.00663,True
YOLO11n,China_Drone__China_Drone_001048,D00,0.065155,True
YOLO11n,China_Drone__China_Drone_001067,D10,0.038086,True
YOLO11n,China_Drone__China_Drone_001067,D40,0.013275,True
YOLO11n,China_Drone__China_Drone_001069,D10,0.005871,True
YOLO11n,China_Drone__China_Drone_001081,D00,0.08382,True
YOLO11n,China_Drone__China_Drone_001091,D00,0.235336,False
YOLO11n,China_Drone__China_Drone_001104,D00,0.016861,True
YOLO11n,China_Drone__China_Drone_001104,D00,0.012177,False
YOLO11n,China_Drone__China_Drone_001108,D20,0.012043,False
YOLO11n,China_Drone__China_Drone_001108,D00,0.025749,False
YOLO11n,China_Drone__China_Drone_001129,D10,0.005402,True
YOLO11n,China_Drone__China_Drone_001129,D10,0.022644,True
YOLO11n,China_Drone__China_Drone_001129,D00,0.022823,False
YOLO11n,China_Drone__China_Drone_001136,D10,0.105293,True
YOLO11n,China_Drone__China_Drone_001136,D00,0.084934,False
YOLO11n,China_Drone__China_Drone_001141,D20,0.422913,True
YOLO11n,China_Drone__China_Drone_001152,D00,0.043526,True
YOLO11n,China_Drone__China_Drone_001152,D00,0.027088,True
YOLO11n,China_Drone__China_Drone_001157,D10,0.191032,True
YOLO11n,China_Drone__China_Drone_001159,D10,0.011581,True
YOLO11n,China_Drone__China_Drone_001159,D00,0.006256,False
YOLO11n,China_Drone__China_Drone_001166,D10,0.007507,True
YOLO11n,China_Drone__China_Drone_001182,D00,0.006447,False
YOLO11n,China_Drone__China_Drone_001182,D20,0.061684,False
YOLO11n,China_Drone__China_Drone_001190,D00,0.021458,True
YOLO11n,China_Drone__China_Drone_001190,D00,0.011707,False
YOLO11n,China_Drone__China_Drone_001192,D00,0.021648,False
YOLO11n,China_Drone__China_Drone_001200,D10,0.13488,True
YOLO11n,China_Drone__China_Drone_001217,D10,0.041058,True
YOLO11n,China_Drone__China_Drone_001217,D10,0.005508,False
YOLO11n,China_Drone__China_Drone_001222,D10,0.025681,False
YOLO11n,China_Drone__China_Drone_001222,D00,0.069214,False
YOLO11n,China_Drone__China_Drone_001222,D00,0.029907,False
YOLO11n,China_Drone__China_Drone_001229,D00,0.019836,False
YOLO11n,China_Drone__China_Drone_001229,D00,0.106934,True
YOLO11n,China_Drone__China_Drone_001238,D00,0.021523,False
YOLO11n,China_Drone__China_Drone_001238,D00,0.0261,False
YOLO11n,China_Drone__China_Drone_001246,D10,0.003605,True
YOLO11n,China_Drone__China_Drone_001246,D10,0.016937,True
YOLO11n,China_Drone__China_Drone_001247,D10,0.095516,True
YOLO11n,China_Drone__China_Drone_001250,D00,0.005943,False
YOLO11n,China_Drone__China_Drone_001250,D10,0.011902,True
YOLO11n,China_Drone__China_Drone_001263,D00,0.021229,False
YOLO11n,China_Drone__China_Drone_001263,D00,0.162506,False
YOLO11n,China_Drone__China_Drone_001263,D00,0.053291,True
YOLO11n,China_Drone__China_Drone_001263,D00,0.012199,False
YOLO11n,China_Drone__China_Drone_001263,D00,0.013046,True
YOLO11n,China_Drone__China_Drone_001271,D10,0.015106,True
YOLO11n,China_Drone__China_Drone_001271,D00,0.006931,False
YOLO11n,China_Drone__China_Drone_001272,D10,0.230606,True
YOLO11n,China_Drone__China_Drone_001283,D10,0.034607,False
YOLO11n,China_Drone__China_Drone_001305,D00,0.032192,False
YOLO11n,China_Drone__China_Drone_001317,D10,0.118908,True
YOLO11n,China_Drone__China_Drone_001317,D10,0.006676,False
YOLO11n,China_Drone__China_Drone_001356,D10,0.012451,False
YOLO11n,China_Drone__China_Drone_001356,D20,0.011406,False
YOLO11n,China_Drone__China_Drone_001367,D00,0.082989,True
YOLO11n,China_Drone__China_Drone_001368,D20,0.011742,False
YOLO11n,China_Drone__China_Drone_001368,D10,0.02166,False
YOLO11n,China_Drone__China_Drone_001374,D10,0.038429,True
YOLO11n,China_Drone__China_Drone_001380,D00,0.121525,False
YOLO11n,China_Drone__China_Drone_001382,D00,0.016769,True
YOLO11n,China_Drone__China_Drone_001382,D00,0.08139,True
YOLO11n,China_Drone__China_Drone_001382,D10,0.06102,False
YOLO11n,China_Drone__China_Drone_001415,D10,0.249512,False
YOLO11n,China_Drone__China_Drone_001424,D10,0.023037,True
YOLO11n,China_Drone__China_Drone_001429,D00,0.062405,False
YOLO11n,China_Drone__China_Drone_001430,D10,0.204758,False
YOLO11n,China_Drone__China_Drone_001433,D10,0.013138,True
YOLO11n,China_Drone__China_Drone_001433,D00,0.042431,False
YOLO11n,China_Drone__China_Drone_001452,D10,0.041588,True
YOLO11n,China_Drone__China_Drone_001477,D00,0.014687,True
YOLO11n,China_Drone__China_Drone_001478,D00,0.020695,True
YOLO11n,China_Drone__China_Drone_001479,D10,0.025101,True
YOLO11n,China_Drone__China_Drone_001479,D10,0.020222,True
YOLO11n,China_Drone__China_Drone_001479,D00,0.037132,True
YOLO11n,China_Drone__China_Drone_001489,D00,0.011139,False
YOLO11n,China_Drone__China_Drone_001489,D00,0.026184,True
YOLO11n,China_Drone__China_Drone_001493,D10,0.035503,True
YOLO11n,China_Drone__China_Drone_001502,D00,0.010094,False
YOLO11n,China_Drone__China_Drone_001502,D00,0.018585,True
YOLO11n,China_Drone__China_Drone_001503,D00,0.065163,False
YOLO11n,China_Drone__China_Drone_001511,D40,0.016449,False
YOLO11n,China_Drone__China_Drone_001521,D00,0.237816,True
YOLO11n,China_Drone__China_Drone_001526,D20,0.025463,True
YOLO11n,China_Drone__China_Drone_001530,D20,0.00972,False
YOLO11n,China_Drone__China_Drone_001540,D00,0.088367,False
YOLO11n,China_Drone__China_Drone_001546,D00,0.024242,True
YOLO11n,China_Drone__China_Drone_001566,D00,0.045288,True
YOLO11n,China_Drone__China_Drone_001590,D20,0.007721,False
YOLO11n,China_Drone__China_Drone_001591,D10,0.025589,True
YOLO11n,China_Drone__China_Drone_001591,D10,0.010864,True
YOLO11n,China_Drone__China_Drone_001592,D00,0.026455,False
YOLO11n,China_Drone__China_Drone_001608,D00,0.047066,True
YOLO11n,China_Drone__China_Drone_001608,D10,0.014099,True
YOLO11n,China_Drone__China_Drone_001608,D00,0.010727,True
YOLO11n,China_Drone__China_Drone_001623,D10,0.075699,False
YOLO11n,China_Drone__China_Drone_001632,D10,0.030468,False
YOLO11n,China_Drone__China_Drone_001632,D10,0.050537,False
YOLO11n,China_Drone__China_Drone_001632,D00,0.021515,True
YOLO11n,China_Drone__China_Drone_001637,D00,0.013824,False
YOLO11n,China_Drone__China_Drone_001637,D00,0.020485,False
YOLO11n,China_Drone__China_Drone_001638,D10,0.08493,False
YOLO11n,China_Drone__China_Drone_001653,D00,0.053375,True
YOLO11n,China_Drone__China_Drone_001653,D00,0.046421,True
YOLO11n,China_Drone__China_Drone_001672,D00,0.033051,True
YOLO11n,China_Drone__China_Drone_001686,D10,0.011505,True
YOLO11n,China_Drone__China_Drone_001686,D10,0.005119,False
YOLO11n,China_Drone__China_Drone_001686,D00,0.023952,False
YOLO11n,China_Drone__China_Drone_001692,D00,0.08065,True
YOLO11n,China_Drone__China_Drone_001693,D10,0.010731,True
YOLO11n,China_Drone__China_Drone_001713,D10,0.005005,True
YOLO11n,China_Drone__China_Drone_001713,D10,0.001991,False
YOLO11n,China_Drone__China_Drone_001721,D00,0.012634,False
YOLO11n,China_Drone__China_Drone_001721,D00,0.017502,False
YOLO11n,China_Drone__China_Drone_001722,D20,0.344849,False
YOLO11n,China_Drone__China_Drone_001727,D10,0.004395,True
YOLO11n,China_Drone__China_Drone_001727,D10,0.019878,True
YOLO11n,China_Drone__China_Drone_001727,D00,0.01976,False
YOLO11n,China_Drone__China_Drone_001731,D00,0.081055,True
YOLO11n,China_Drone__China_Drone_001757,D00,0.075668,False
YOLO11n,China_Drone__China_Drone_001757,D00,0.006943,False
YOLO11n,China_Drone__China_Drone_001757,D00,0.015076,False
YOLO11n,China_Drone__China_Drone_001760,D10,0.089233,True
YOLO11n,China_Drone__China_Drone_001765,D00,0.004887,True
YOLO11n,China_Drone__China_Drone_001765,D10,0.019897,True
YOLO11n,China_Drone__China_Drone_001777,D10,0.054359,True
YOLO11n,China_Drone__China_Drone_001782,D00,0.110409,False
YOLO11n,China_Drone__China_Drone_001795,D10,0.033989,True
YOLO11n,China_Drone__China_Drone_001809,D10,0.015106,True
YOLO11n,China_Drone__China_Drone_001822,D10,0.012703,False
YOLO11n,China_Drone__China_Drone_001827,D10,0.027832,True
YOLO11n,China_Drone__China_Drone_001827,D00,0.059814,True
YOLO11n,China_Drone__China_Drone_001827,D20,0.015442,False
YOLO11n,China_Drone__China_Drone_001827,D00,0.011108,False
YOLO11n,China_Drone__China_Drone_001831,D20,0.049667,True
YOLO11n,China_Drone__China_Drone_001831,D20,0.093006,False
YOLO11n,China_Drone__China_Drone_001832,D10,0.004494,True
YOLO11n,China_Drone__China_Drone_001832,D10,0.011845,False
YOLO11n,China_Drone__China_Drone_001836,D10,0.048637,True
YOLO11n,China_Drone__China_Drone_001837,D00,0.017731,True
YOLO11n,China_Drone__China_Drone_001837,D20,0.012524,False
YOLO11n,China_Drone__China_Drone_001837,D00,0.015564,False
YOLO11n,China_Drone__China_Drone_001837,D00,0.003696,False
YOLO11n,China_Drone__China_Drone_001837,D10,0.006317,False
YOLO11n,China_Drone__China_Drone_001838,D10,0.153996,True
YOLO11n,China_Drone__China_Drone_001844,D20,0.048306,False
YOLO11n,China_Drone__China_Drone_001846,D00,0.017769,False
YOLO11n,China_Drone__China_Drone_001851,D20,0.197021,False
YOLO11n,China_Drone__China_Drone_001852,D20,0.022278,False
YOLO11n,China_Drone__China_Drone_001892,D10,0.015793,True
YOLO11n,China_Drone__China_Drone_001903,D00,0.019386,False
YOLO11n,China_Drone__China_Drone_001905,D00,0.013672,True
YOLO11n,China_Drone__China_Drone_001905,D00,0.026611,True
YOLO11n,China_Drone__China_Drone_001905,D10,0.041237,False
YOLO11n,China_Drone__China_Drone_001913,D10,0.026958,False
YOLO11n,China_Drone__China_Drone_001923,D20,0.399609,False
YOLO11n,China_Drone__China_Drone_001932,D10,0.020027,False
YOLO11n,China_Drone__China_Drone_001939,D10,0.099415,True
YOLO11n,China_Drone__China_Drone_001939,D00,0.020695,False
YOLO11n,China_Drone__China_Drone_001953,D00,0.058365,True
YOLO11n,China_Drone__China_Drone_001953,D00,0.022751,False
YOLO11n,China_Drone__China_Drone_001975,D10,0.179337,True
YOLO11n,China_Drone__China_Drone_001978,D20,0.038151,False
YOLO11n,China_Drone__China_Drone_001978,D20,0.049484,False
YOLO11n,China_Drone__China_Drone_001995,D00,0.021919,True
YOLO11n,China_Drone__China_Drone_002006,D00,0.038548,True
YOLO11n,China_Drone__China_Drone_002016,D00,0.204678,True
YOLO11n,China_Drone__China_Drone_002034,D00,0.017246,True
YOLO11n,China_Drone__China_Drone_002034,D00,0.014282,True
YOLO11n,China_Drone__China_Drone_002038,D10,0.008583,False
YOLO11n,China_Drone__China_Drone_002039,D00,0.023365,True
YOLO11n,China_Drone__China_Drone_002039,D00,0.027767,True
YOLO11n,China_Drone__China_Drone_002039,D00,0.003769,True
YOLO11n,China_Drone__China_Drone_002039,D10,0.008553,True
YOLO11n,China_Drone__China_Drone_002039,D00,0.029209,True
YOLO11n,China_Drone__China_Drone_002042,D10,0.032578,False
YOLO11n,China_Drone__China_Drone_002044,D00,0.030533,True
YOLO11n,China_Drone__China_Drone_002044,D20,0.005199,False
YOLO11n,China_Drone__China_Drone_002065,D00,0.061497,False
YOLO11n,China_Drone__China_Drone_002065,D20,0.009541,False
YOLO11n,China_Drone__China_Drone_002065,D10,0.006485,False
YOLO11n,China_Drone__China_Drone_002065,D00,0.033245,False
YOLO11n,China_Drone__China_Drone_002069,D20,0.394039,True
YOLO11n,China_Drone__China_Drone_002070,D10,0.012817,False
YOLO11n,China_Drone__China_Drone_002070,D00,0.040466,False
YOLO11n,China_Drone__China_Drone_002070,D00,0.113964,False
YOLO11n,China_Drone__China_Drone_002070,D10,0.01228,False
YOLO11n,China_Drone__China_Drone_002070,D00,0.008926,False
YOLO11n,China_Drone__China_Drone_002070,D10,0.012535,True
YOLO11n,China_Drone__China_Drone_002072,D10,0.050529,True
YOLO11n,China_Drone__China_Drone_002072,D10,0.003235,False
YOLO11n,China_Drone__China_Drone_002072,D00,0.040375,False
YOLO11n,China_Drone__China_Drone_002072,D10,0.006958,True
YOLO11n,China_Drone__China_Drone_002090,D00,0.018372,False
YOLO11n,China_Drone__China_Drone_002100,D10,0.002853,True
YOLO11n,China_Drone__China_Drone_002100,D10,0.013287,False
YOLO11n,China_Drone__China_Drone_002105,D20,0.071354,True
YOLO11n,China_Drone__China_Drone_002115,D10,0.078571,True
YOLO11n,China_Drone__China_Drone_002115,D10,0.018547,True
YOLO11n,China_Drone__China_Drone_002117,D10,0.073875,True
YOLO11n,China_Drone__China_Drone_002117,D00,0.035706,False
YOLO11n,China_Drone__China_Drone_002127,D10,0.098587,True
YOLO11n,China_Drone__China_Drone_002137,D40,0.01236,False
YOLO11n,China_Drone__China_Drone_002140,D00,0.018311,True
YOLO11n,China_Drone__China_Drone_002140,D00,0.019394,True
YOLO11n,China_Drone__China_Drone_002142,D10,0.148148,True
YOLO11n,China_Drone__China_Drone_002145,D40,0.005264,True
YOLO11n,China_Drone__China_Drone_002145,D00,0.012299,False
YOLO11n,China_Drone__China_Drone_002149,D10,0.016407,True
YOLO11n,China_Drone__China_Drone_002149,D10,0.056458,True
YOLO11n,China_Drone__China_Drone_002150,D00,0.039833,True
YOLO11n,China_Drone__China_Drone_002153,D10,0.027042,True
YOLO11n,China_Drone__China_Drone_002159,D00,0.018715,True
YOLO11n,China_Drone__China_Drone_002159,D00,0.018906,True
YOLO11n,China_Drone__China_Drone_002159,D10,0.012283,True
YOLO11n,China_Drone__China_Drone_002173,D00,0.02581,True
YOLO11n,China_Drone__China_Drone_002173,D10,0.018051,True
YOLO11n,China_Drone__China_Drone_002182,D10,0.007587,True
YOLO11n,China_Drone__China_Drone_002183,D10,0.105263,True
YOLO11n,China_Drone__China_Drone_002183,D00,0.060844,True
YOLO11n,China_Drone__China_Drone_002192,D00,0.025818,False
YOLO11n,China_Drone__China_Drone_002209,D20,0.48148,True
YOLO11n,China_Drone__China_Drone_002213,D10,0.037308,True
YOLO11n,China_Drone__China_Drone_002213,D10,0.066681,True
YOLO11n,China_Drone__China_Drone_002215,D00,0.020428,False
YOLO11n,China_Drone__China_Drone_002222,D20,0.021744,False
YOLO11n,China_Drone__China_Drone_002236,D10,0.069752,False
YOLO11n,China_Drone__China_Drone_002236,D00,0.012463,False
YOLO11n,China_Drone__China_Drone_002242,D10,0.069443,False
YOLO11n,China_Drone__China_Drone_002245,D40,0.005493,False
YOLO11n,China_Drone__China_Drone_002245,D40,0.005768,False
YOLO11n,China_Drone__China_Drone_002245,D10,0.030006,True
YOLO11n,China_Drone__China_Drone_002245,D10,0.014847,False
YOLO11n,China_Drone__China_Drone_002245,D00,0.008232,False
YOLO11n,China_Drone__China_Drone_002245,D10,0.01712,True
YOLO11n,China_Drone__China_Drone_002249,D10,0.016663,True
YOLO11n,China_Drone__China_Drone_002267,D00,0.011536,False
YOLO11n,China_Drone__China_Drone_002267,D00,0.016861,False
YOLO11n,China_Drone__China_Drone_002275,D00,0.066597,True
YOLO11n,China_Drone__China_Drone_002275,D00,0.069523,False
YOLO11n,China_Drone__China_Drone_002275,D10,0.036072,True
YOLO11n,China_Drone__China_Drone_002275,D10,0.013046,False
YOLO11n,China_Drone__China_Drone_002275,D20,0.020531,False
YOLO11n,China_Drone__China_Drone_002276,D10,0.177387,True
YOLO11n,China_Drone__China_Drone_002277,D10,0.008644,False
YOLO11n,China_Drone__China_Drone_002279,D10,0.054932,True
YOLO11n,China_Drone__China_Drone_002279,D00,0.007835,False
YOLO11n,China_Drone__China_Drone_002284,D00,0.075874,True
YOLO11n,China_Drone__China_Drone_002285,D10,0.071869,False
YOLO11n,China_Drone__China_Drone_002289,D10,0.025875,True
YOLO11n,China_Drone__China_Drone_002289,D10,0.027637,False
YOLO11n,China_Drone__China_Drone_002294,D00,0.012589,False
YOLO11n,China_Drone__China_Drone_002294,D00,0.02243,True
YOLO11n,China_Drone__China_Drone_002297,D00,0.010254,False
YOLO11n,China_Drone__China_Drone_002297,D10,0.012207,True
YOLO11n,China_Drone__China_Drone_002305,D10,0.036316,True
YOLO11n,China_Drone__China_Drone_002315,D00,0.135132,True
YOLO11n,China_Drone__China_Drone_002332,D00,0.015526,False
YOLO11n,China_Drone__China_Drone_002336,D00,0.009323,True
YOLO11n,China_Drone__China_Drone_002357,D10,0.198029,False
YOLO11n,China_Drone__China_Drone_002358,D00,0.008331,False
YOLO11n,China_Drone__China_Drone_002360,D00,0.066948,True
YOLO11n,China_Drone__China_Drone_002360,D10,0.007797,True
YOLO11n,China_Drone__China_Drone_002365,D10,0.02478,True
YOLO11n,China_Drone__China_Drone_002381,D10,0.053673,False
YOLO11n,China_Drone__China_Drone_002383,D10,0.025085,False
YOLO11n,China_MotorBike__China_MotorBike_000002,D00,0.052071,True
YOLO11n,China_MotorBike__China_MotorBike_000002,D00,0.029907,True
YOLO11n,China_MotorBike__China_MotorBike_000003,D00,0.076416,True
YOLO11n,China_MotorBike__China_MotorBike_000003,D00,0.03418,False
YOLO11n,China_MotorBike__China_MotorBike_000003,D00,0.009945,True
YOLO11n,China_MotorBike__China_MotorBike_000003,D00,0.023666,True
YOLO11n,China_MotorBike__China_MotorBike_000003,D00,0.012512,False
YOLO11n,China_MotorBike__China_MotorBike_000005,D10,0.014771,False
YOLO11n,China_MotorBike__China_MotorBike_000005,D10,0.014664,True
YOLO11n,China_MotorBike__China_MotorBike_000005,D10,0.025421,True
YOLO11n,China_MotorBike__China_MotorBike_000005,D10,0.017857,False
YOLO11n,China_MotorBike__China_MotorBike_000012,D00,0.168243,True
YOLO11n,China_MotorBike__China_MotorBike_000012,D00,0.267143,True
YOLO11n,China_MotorBike__China_MotorBike_000019,D10,0.004639,False
YOLO11n,China_MotorBike__China_MotorBike_000019,D00,0.157387,True
YOLO11n,China_MotorBike__China_MotorBike_000019,D10,0.005722,False
YOLO11n,China_MotorBike__China_MotorBike_000033,D00,0.01173,False
YOLO11n,China_MotorBike__China_MotorBike_000033,D00,0.023865,False
YOLO11n,China_MotorBike__China_MotorBike_000033,D00,0.458885,True
YOLO11n,China_MotorBike__China_MotorBike_000033,D10,0.007637,False
YOLO11n,China_MotorBike__China_MotorBike_000034,D10,0.118908,True
YOLO11n,China_MotorBike__China_MotorBike_000042,D00,0.079994,True
YOLO11n,China_MotorBike__China_MotorBike_000042,D10,0.089264,True
YOLO11n,China_MotorBike__China_MotorBike_000042,D00,0.030251,True
YOLO11n,China_MotorBike__China_MotorBike_000042,D00,0.028198,False
YOLO11n,China_MotorBike__China_MotorBike_000042,D00,0.024567,True
YOLO11n,China_MotorBike__China_MotorBike_000042,D00,0.002083,False
YOLO11n,China_MotorBike__China_MotorBike_000050,D40,0.005554,True
YOLO11n,China_MotorBike__China_MotorBike_000051,D20,0.159077,False
YOLO11n,China_MotorBike__China_MotorBike_000053,D00,0.027023,True
YOLO11n,China_MotorBike__China_MotorBike_000056,D10,0.025635,True
YOLO11n,China_MotorBike__China_MotorBike_000057,D00,0.099415,True
YOLO11n,China_MotorBike__China_MotorBike_000058,D00,0.031761,True
YOLO11n,China_MotorBike__China_MotorBike_000058,D10,0.007935,True
YOLO11n,China_MotorBike__China_MotorBike_000058,D10,0.003845,False
YOLO11n,China_MotorBike__China_MotorBike_000059,D00,0.036983,True
YOLO11n,China_MotorBike__China_MotorBike_000059,D00,0.008289,False
YOLO11n,China_MotorBike__China_MotorBike_000061,D00,0.023041,True
YOLO11n,China_MotorBike__China_MotorBike_000072,D00,0.226448,True
YOLO11n,China_MotorBike__China_MotorBike_000072,D00,0.380222,True
YOLO11n,China_MotorBike__China_MotorBike_000079,D20,0.403198,True
YOLO11n,China_MotorBike__China_MotorBike_000079,D00,0.153137,False
YOLO11n,China_MotorBike__China_MotorBike_000086,D00,0.101555,True
YOLO11n,China_MotorBike__China_MotorBike_000086,D10,0.023365,True
YOLO11n,China_MotorBike__China_MotorBike_000086,D00,0.026894,False
YOLO11n,China_MotorBike__China_MotorBike_000086,D10,0.04364,True
YOLO11n,China_MotorBike__China_MotorBike_000086,D00,0.044861,False
YOLO11n,China_MotorBike__China_MotorBike_000086,D00,0.009293,False
YOLO11n,China_MotorBike__China_MotorBike_000089,D00,0.08844,True
YOLO11n,China_MotorBike__China_MotorBike_000089,D10,0.018688,True
YOLO11n,China_MotorBike__China_MotorBike_000108,D00,0.035877,False
YOLO11n,China_MotorBike__China_MotorBike_000108,D20,0.074707,True
YOLO11n,China_MotorBike__China_MotorBike_000108,D20,0.066338,False
YOLO11n,China_MotorBike__China_MotorBike_000108,D20,0.039864,True
YOLO11n,China_MotorBike__China_MotorBike_000112,D00,0.188255,True
YOLO11n,China_MotorBike__China_MotorBike_000112,D00,0.007553,False
YOLO11n,China_MotorBike__China_MotorBike_000112,D00,0.002609,False
YOLO11n,China_MotorBike__China_MotorBike_000112,D00,0.008354,True
YOLO11n,China_MotorBike__China_MotorBike_000112,D00,0.008011,False
YOLO11n,China_MotorBike__China_MotorBike_000112,D00,0.022461,True
YOLO11n,China_MotorBike__China_MotorBike_000112,D10,0.017853,True
YOLO11n,China_MotorBike__China_MotorBike_000113,D40,0.039604,True
YOLO11n,China_MotorBike__China_MotorBike_000115,D10,0.089668,True
YOLO11n,China_MotorBike__China_MotorBike_000125,D20,0.528603,True
YOLO11n,China_MotorBike__China_MotorBike_000127,D40,0.000893,False
YOLO11n,China_MotorBike__China_MotorBike_000143,D00,0.052738,False
YOLO11n,China_MotorBike__China_MotorBike_000143,D00,0.009293,True
YOLO11n,China_MotorBike__China_MotorBike_000143,D00,0.017548,False
YOLO11n,China_MotorBike__China_MotorBike_000146,D00,0.065063,True
YOLO11n,China_MotorBike__China_MotorBike_000148,D20,0.126705,True
YOLO11n,China_MotorBike__China_MotorBike_000148,D10,0.057011,False
YOLO11n,China_MotorBike__China_MotorBike_000164,D00,0.070496,True
YOLO11n,China_MotorBike__China_MotorBike_000164,D00,0.100647,True
YOLO11n,China_MotorBike__China_MotorBike_000164,D00,0.327484,True
YOLO11n,China_MotorBike__China_MotorBike_000164,D00,0.026985,False
YOLO11n,China_MotorBike__China_MotorBike_000168,D20,0.024967,False
YOLO11n,China_MotorBike__China_MotorBike_000181,D00,0.380539,True
YOLO11n,China_MotorBike__China_MotorBike_000181,D00,0.25795,True
YOLO11n,China_MotorBike__China_MotorBike_000201,D00,0.167046,True
YOLO11n,China_MotorBike__China_MotorBike_000201,D00,0.271397,True
YOLO11n,China_MotorBike__China_MotorBike_000215,D20,0.541908,True
YOLO11n,China_MotorBike__China_MotorBike_000215,D20,0.245026,False
YOLO11n,China_MotorBike__China_MotorBike_000218,D00,0.319164,True
YOLO11n,China_MotorBike__China_MotorBike_000218,D10,0.043755,True
YOLO11n,China_MotorBike__China_MotorBike_000221,D00,0.357056,True
YOLO11n,China_MotorBike__China_MotorBike_000226,D00,0.098438,True
YOLO11n,China_MotorBike__China_MotorBike_000226,D00,0.011162,True
YOLO11n,China_MotorBike__China_MotorBike_000226,D00,0.008263,False
YOLO11n,China_MotorBike__China_MotorBike_000232,D00,0.038132,True
YOLO11n,China_MotorBike__China_MotorBike_000232,D00,0.006809,True
YOLO11n,China_MotorBike__China_MotorBike_000232,D00,0.034744,False
YOLO11n,China_MotorBike__China_MotorBike_000232,D00,0.003845,True
YOLO11n,China_MotorBike__China_MotorBike_000247,D00,0.19202,True
YOLO11n,China_MotorBike__China_MotorBike_000247,D00,0.077759,False
YOLO11n,China_MotorBike__China_MotorBike_000259,D00,0.074074,True
YOLO11n,China_MotorBike__China_MotorBike_000262,D00,0.026608,False
YOLO11n,China_MotorBike__China_MotorBike_000269,D20,0.333332,True
YOLO11n,China_MotorBike__China_MotorBike_000269,D00,0.043697,False
YOLO11n,China_MotorBike__China_MotorBike_000269,D00,0.020027,False
YOLO11n,China_MotorBike__China_MotorBike_000290,D00,0.119549,True
YOLO11n,China_MotorBike__China_MotorBike_000290,D00,0.005341,False
YOLO11n,China_MotorBike__China_MotorBike_000301,D00,0.194355,True
YOLO11n,China_MotorBike__China_MotorBike_000301,D00,0.061523,True
YOLO11n,China_MotorBike__China_MotorBike_000304,D40,0.007664,True
YOLO11n,China_MotorBike__China_MotorBike_000304,D40,0.001099,False
YOLO11n,China_MotorBike__China_MotorBike_000307,D20,0.1642,True
YOLO11n,China_MotorBike__China_MotorBike_000307,D00,0.005531,True
YOLO11n,China_MotorBike__China_MotorBike_000318,D20,0.151211,True
YOLO11n,China_MotorBike__China_MotorBike_000318,D20,0.373215,False
YOLO11n,China_MotorBike__China_MotorBike_000318,D00,0.240761,True
YOLO11n,China_MotorBike__China_MotorBike_000327,D00,0.128014,True
YOLO11n,China_MotorBike__China_MotorBike_000327,D00,0.168228,True
YOLO11n,China_MotorBike__China_MotorBike_000328,D40,0.00248,True
YOLO11n,China_MotorBike__China_MotorBike_000328,D40,0.000378,False
YOLO11n,China_MotorBike__China_MotorBike_000333,D00,0.032761,True
YOLO11n,China_MotorBike__China_MotorBike_000346,D00,0.241241,True
YOLO11n,China_MotorBike__China_MotorBike_000351,D10,0.107212,True
YOLO11n,China_MotorBike__China_MotorBike_000361,D00,0.048119,True
YOLO11n,China_MotorBike__China_MotorBike_000361,D10,0.008041,True
YOLO11n,China_MotorBike__China_MotorBike_000361,D00,0.028603,False
YOLO11n,China_MotorBike__China_MotorBike_000376,D00,0.125,True
YOLO11n,China_MotorBike__China_MotorBike_000376,D00,0.106861,True
YOLO11n,China_MotorBike__China_MotorBike_000376,D00,0.047775,False
YOLO11n,China_MotorBike__China_MotorBike_000394,D40,0.002003,True
YOLO11n,China_MotorBike__China_MotorBike_000420,D10,0.022587,True
YOLO11n,China_MotorBike__China_MotorBike_000420,D00,0.245613,True
YOLO11n,China_MotorBike__China_MotorBike_000420,D00,0.069839,False
YOLO11n,China_MotorBike__China_MotorBike_000420,D10,0.008514,False
YOLO11n,China_MotorBike__China_MotorBike_000431,D00,0.010506,True
YOLO11n,China_MotorBike__China_MotorBike_000431,D00,0.006302,True
YOLO11n,China_MotorBike__China_MotorBike_000432,D10,0.072792,True
YOLO11n,China_MotorBike__China_MotorBike_000432,D10,0.067711,True
YOLO11n,China_MotorBike__China_MotorBike_000440,D00,0.002644,False
YOLO11n,China_MotorBike__China_MotorBike_000440,D10,0.010445,True
YOLO11n,China_MotorBike__China_MotorBike_000440,D10,0.00882,True
YOLO11n,China_MotorBike__China_MotorBike_000445,D20,0.3983,True
YOLO11n,China_MotorBike__China_MotorBike_000448,D20,0.090309,True
YOLO11n,China_MotorBike__China_MotorBike_000448,D40,0.001492,False
YOLO11n,China_MotorBike__China_MotorBike_000448,D20,0.028564,True
YOLO11n,China_MotorBike__China_MotorBike_000448,D00,0.005127,False
YOLO11n,China_MotorBike__China_MotorBike_000452,D10,0.086597,True
YOLO11n,China_MotorBike__China_MotorBike_000452,D10,0.034813,False
YOLO11n,China_MotorBike__China_MotorBike_000458,D10,0.187134,True
YOLO11n,China_MotorBike__China_MotorBike_000459,D20,0.098877,True
YOLO11n,China_MotorBike__China_MotorBike_000459,D10,0.029247,False
YOLO11n,China_MotorBike__China_MotorBike_000459,D10,0.040627,True
YOLO11n,China_MotorBike__China_MotorBike_000463,D10,0.091248,True
YOLO11n,China_MotorBike__China_MotorBike_000466,D10,0.012978,True
YOLO11n,China_MotorBike__China_MotorBike_000466,D10,0.060196,False
YOLO11n,China_MotorBike__China_MotorBike_000466,D10,0.020027,False
YOLO11n,China_MotorBike__China_MotorBike_000473,D40,0.000778,False
YOLO11n,China_MotorBike__China_MotorBike_000477,D00,0.069489,True
YOLO11n,China_MotorBike__China_MotorBike_000483,D00,0.050186,True
YOLO11n,China_MotorBike__China_MotorBike_000484,D20,0.323586,True
YOLO11n,China_MotorBike__China_MotorBike_000490,D10,0.063286,True
YOLO11n,China_MotorBike__China_MotorBike_000490,D10,0.036144,False
YOLO11n,China_MotorBike__China_MotorBike_000492,D20,0.067383,True
YOLO11n,China_MotorBike__China_MotorBike_000492,D00,0.010765,False
YOLO11n,China_MotorBike__China_MotorBike_000513,D10,0.015373,True
YOLO11n,China_MotorBike__China_MotorBike_000513,D00,0.009033,False
YOLO11n,China_MotorBike__China_MotorBike_000513,D20,0.460037,True
YOLO11n,China_MotorBike__China_MotorBike_000523,D00,0.109467,True
YOLO11n,China_MotorBike__China_MotorBike_000523,D00,0.002537,False
YOLO11n,China_MotorBike__China_MotorBike_000523,D00,0.011749,True
YOLO11n,China_MotorBike__China_MotorBike_000523,D00,0.037193,False
YOLO11n,China_MotorBike__China_MotorBike_000530,D10,0.075371,True
YOLO11n,China_MotorBike__China_MotorBike_000530,D10,0.032463,False
YOLO11n,China_MotorBike__China_MotorBike_000544,D20,0.269577,True
YOLO11n,China_MotorBike__China_MotorBike_000544,D00,0.062683,False
YOLO11n,China_MotorBike__China_MotorBike_000546,D00,0.14006,True
YOLO11n,China_MotorBike__China_MotorBike_000546,D00,0.052643,True
YOLO11n,China_MotorBike__China_MotorBike_000546,D00,0.105743,True
YOLO11n,China_MotorBike__China_MotorBike_000550,D20,0.485378,True
YOLO11n,China_MotorBike__China_MotorBike_000550,D20,0.302734,True
YOLO11n,China_MotorBike__China_MotorBike_000552,D40,0.058723,False
YOLO11n,China_MotorBike__China_MotorBike_000552,D00,0.085587,True
YOLO11n,China_MotorBike__China_MotorBike_000552,D00,0.020142,False
YOLO11n,China_MotorBike__China_MotorBike_000552,D00,0.012531,False
YOLO11n,China_MotorBike__China_MotorBike_000552,D20,0.003471,False
YOLO11n,China_MotorBike__China_MotorBike_000553,D00,0.046387,True
YOLO11n,China_MotorBike__China_MotorBike_000553,D40,0.000748,False
YOLO11n,China_MotorBike__China_MotorBike_000553,D20,0.133667,True
YOLO11n,China_MotorBike__China_MotorBike_000553,D20,0.018131,True
YOLO11n,China_MotorBike__China_MotorBike_000556,D00,0.026772,False
YOLO11n,China_MotorBike__China_MotorBike_000556,D00,0.028854,False
YOLO11n,China_MotorBike__China_MotorBike_000556,D10,0.01899,False
YOLO11n,China_MotorBike__China_MotorBike_000556,D00,0.054474,False
YOLO11n,China_MotorBike__China_MotorBike_000557,D00,0.19883,False
YOLO11n,China_MotorBike__China_MotorBike_000557,D00,0.059586,True
YOLO11n,China_MotorBike__China_MotorBike_000557,D10,0.024124,True
YOLO11n,China_MotorBike__China_MotorBike_000564,D00,0.030003,True
YOLO11n,China_MotorBike__China_MotorBike_000564,D00,0.00824,False
YOLO11n,China_MotorBike__China_MotorBike_000564,D00,0.161499,True
YOLO11n,China_MotorBike__China_MotorBike_000564,D00,0.01701,True
YOLO11n,China_MotorBike__China_MotorBike_000572,D00,0.073784,True
YOLO11n,China_MotorBike__China_MotorBike_000574,D00,0.203705,True
YOLO11n,China_MotorBike__China_MotorBike_000582,D40,0.000824,False
YOLO11n,China_MotorBike__China_MotorBike_000585,D00,0.019012,False
YOLO11n,China_MotorBike__China_MotorBike_000585,D00,0.018158,False
YOLO11n,China_MotorBike__China_MotorBike_000585,D00,0.005791,False
YOLO11n,China_MotorBike__China_MotorBike_000585,D00,0.026276,False
YOLO11n,China_MotorBike__China_MotorBike_000585,D10,0.027664,False
YOLO11n,China_MotorBike__China_MotorBike_000585,D00,0.043701,False
YOLO11n,China_MotorBike__China_MotorBike_000585,D00,0.013607,False
YOLO11n,China_MotorBike__China_MotorBike_000603,D00,0.193634,True
YOLO11n,China_MotorBike__China_MotorBike_000606,D10,0.08054,False
YOLO11n,China_MotorBike__China_MotorBike_000606,D00,0.005875,False
YOLO11n,China_MotorBike__China_MotorBike_000606,D00,0.021896,True
YOLO11n,China_MotorBike__China_MotorBike_000606,D00,0.006493,False
YOLO11n,China_MotorBike__China_MotorBike_000621,D10,0.076023,True
YOLO11n,China_MotorBike__China_MotorBike_000624,D00,0.066277,True
YOLO11n,China_MotorBike__China_MotorBike_000624,D10,0.03511,True
YOLO11n,China_MotorBike__China_MotorBike_000632,D10,0.103313,True
YOLO11n,China_MotorBike__China_MotorBike_000637,D00,0.103313,True
YOLO11n,China_MotorBike__China_MotorBike_000655,D10,0.029449,False
YOLO11n,China_MotorBike__China_MotorBike_000655,D00,0.112778,True
YOLO11n,China_MotorBike__China_MotorBike_000655,D20,0.038452,False
YOLO11n,China_MotorBike__China_MotorBike_000661,D00,0.022724,False
YOLO11n,China_MotorBike__China_MotorBike_000661,D00,0.213596,True
YOLO11n,China_MotorBike__China_MotorBike_000667,D00,0.063034,True
YOLO11n,China_MotorBike__China_MotorBike_000669,D00,0.142525,True
YOLO11n,China_MotorBike__China_MotorBike_000669,D00,0.014557,False
YOLO11n,China_MotorBike__China_MotorBike_000672,D00,0.034241,True
YOLO11n,China_MotorBike__China_MotorBike_000681,D00,0.159164,True
YOLO11n,China_MotorBike__China_MotorBike_000681,D00,0.131161,True
YOLO11n,China_MotorBike__China_MotorBike_000681,D00,0.093384,True
YOLO11n,China_MotorBike__China_MotorBike_000681,D00,0.006615,False
YOLO11n,China_MotorBike__China_MotorBike_000682,D00,0.239822,True
YOLO11n,China_MotorBike__China_MotorBike_000684,D00,0.074074,True
YOLO11n,China_MotorBike__China_MotorBike_000684,D10,0.035759,True
YOLO11n,China_MotorBike__China_MotorBike_000686,D00,0.197556,True
YOLO11n,China_MotorBike__China_MotorBike_000686,D00,0.08606,False
YOLO11n,China_MotorBike__China_MotorBike_000697,D00,0.195267,True
YOLO11n,China_MotorBike__China_MotorBike_000697,D00,0.338139,True
YOLO11n,China_MotorBike__China_MotorBike_000699,D00,0.035004,True
YOLO11n,China_MotorBike__China_MotorBike_000699,D10,0.077393,True
YOLO11n,China_MotorBike__China_MotorBike_000713,D00,0.165634,True
YOLO11n,China_MotorBike__China_MotorBike_000713,D00,0.221497,False
YOLO11n,China_MotorBike__China_MotorBike_000713,D00,0.078964,False
YOLO11n,China_MotorBike__China_MotorBike_000721,D00,0.335564,True
YOLO11n,China_MotorBike__China_MotorBike_000725,D00,0.088768,False
YOLO11n,China_MotorBike__China_MotorBike_000725,D00,0.022095,False
YOLO11n,China_MotorBike__China_MotorBike_000725,D00,0.022522,False
YOLO11n,China_MotorBike__China_MotorBike_000725,D00,0.041428,False
YOLO11n,China_MotorBike__China_MotorBike_000738,D00,0.024719,True
YOLO11n,China_MotorBike__China_MotorBike_000738,D20,0.176239,True
YOLO11n,China_MotorBike__China_MotorBike_000750,D20,0.350876,True
YOLO11n,China_MotorBike__China_MotorBike_000757,D00,0.019363,False
YOLO11n,China_MotorBike__China_MotorBike_000757,D00,0.085545,True
YOLO11n,China_MotorBike__China_MotorBike_000757,D00,0.00972,False
YOLO11n,China_MotorBike__China_MotorBike_000757,D10,0.010803,False
YOLO11n,China_MotorBike__China_MotorBike_000765,D00,0.260185,True
YOLO11n,China_MotorBike__China_MotorBike_000765,D10,0.020439,True
YOLO11n,China_MotorBike__China_MotorBike_000769,D00,0.021149,True
YOLO11n,China_MotorBike__China_MotorBike_000769,D00,0.024113,False
YOLO11n,China_MotorBike__China_MotorBike_000769,D00,0.004784,False
YOLO11n,China_MotorBike__China_MotorBike_000769,D00,0.006409,False
YOLO11n,China_MotorBike__China_MotorBike_000769,D00,0.006729,False
YOLO11n,China_MotorBike__China_MotorBike_000769,D00,0.00761,False
YOLO11n,China_MotorBike__China_MotorBike_000769,D00,0.22287,True
YOLO11n,China_MotorBike__China_MotorBike_000777,D10,0.030499,False
YOLO11n,China_MotorBike__China_MotorBike_000777,D10,0.079102,False
YOLO11n,China_MotorBike__China_MotorBike_000777,D10,0.022049,False
YOLO11n,China_MotorBike__China_MotorBike_000779,D00,0.048786,True
YOLO11n,China_MotorBike__China_MotorBike_000779,D00,0.009819,False
YOLO11n,China_MotorBike__China_MotorBike_000779,D00,0.073509,False
YOLO11n,China_MotorBike__China_MotorBike_000779,D00,0.037384,False
YOLO11n,China_MotorBike__China_MotorBike_000779,D00,0.046326,False
YOLO11n,China_MotorBike__China_MotorBike_000786,D40,0.00843,True
YOLO11n,China_MotorBike__China_MotorBike_000790,D00,0.050049,True
YOLO11n,China_MotorBike__China_MotorBike_000790,D20,0.356163,True
YOLO11n,China_MotorBike__China_MotorBike_000790,D20,0.026543,False
YOLO11n,China_MotorBike__China_MotorBike_000790,D20,0.039227,True
YOLO11n,China_MotorBike__China_MotorBike_000796,D00,0.067841,True
YOLO11n,China_MotorBike__China_MotorBike_000800,D10,0.134239,True
YOLO11n,China_MotorBike__China_MotorBike_000800,D00,0.040382,False
YOLO11n,China_MotorBike__China_MotorBike_000809,D00,0.091618,True
YOLO11n,China_MotorBike__China_MotorBike_000814,D00,0.173008,True
YOLO11n,China_MotorBike__China_MotorBike_000814,D00,0.015091,True
YOLO11n,China_MotorBike__China_MotorBike_000814,D00,0.048962,True
YOLO11n,China_MotorBike__China_MotorBike_000814,D00,0.009861,False
YOLO11n,China_MotorBike__China_MotorBike_000828,D00,0.026016,True
YOLO11n,China_MotorBike__China_MotorBike_000828,D00,0.028114,False
YOLO11n,China_MotorBike__China_MotorBike_000828,D00,0.029709,False
YOLO11n,China_MotorBike__China_MotorBike_000828,D00,0.031822,False
YOLO11n,China_MotorBike__China_MotorBike_000838,D00,0.104588,True
YOLO11n,China_MotorBike__China_MotorBike_000841,D40,0.003075,True
YOLO11n,China_MotorBike__China_MotorBike_000841,D40,0.000412,False
YOLO11n,China_MotorBike__China_MotorBike_000844,D20,0.364521,True
YOLO11n,China_MotorBike__China_MotorBike_000851,D10,0.095329,True
YOLO11n,China_MotorBike__China_MotorBike_000855,D00,0.044975,True
YOLO11n,China_MotorBike__China_MotorBike_000855,D10,0.049667,True
YOLO11n,China_MotorBike__China_MotorBike_000855,D10,0.007507,True
YOLO11n,China_MotorBike__China_MotorBike_000856,D10,0.009468,True
YOLO11n,China_MotorBike__China_MotorBike_000856,D00,0.013351,False
YOLO11n,China_MotorBike__China_MotorBike_000856,D00,0.000801,False
YOLO11n,China_MotorBike__China_MotorBike_000856,D10,0.018951,True
YOLO11n,China_MotorBike__China_MotorBike_000856,D40,0.003773,False
YOLO11n,China_MotorBike__China_MotorBike_000856,D20,0.031281,False
YOLO11n,China_MotorBike__China_MotorBike_000856,D00,0.009727,False
YOLO11n,China_MotorBike__China_MotorBike_000856,D10,0.026917,True
YOLO11n,China_MotorBike__China_MotorBike_000860,D10,0.138401,True
YOLO11n,China_MotorBike__China_MotorBike_000872,D00,0.08963,True
YOLO11n,China_MotorBike__China_MotorBike_000872,D00,0.068287,False
YOLO11n,China_MotorBike__China_MotorBike_000872,D00,0.061798,False
YOLO11n,China_MotorBike__China_MotorBike_000872,D10,0.05558,True
YOLO11n,China_MotorBike__China_MotorBike_000882,D40,0.000916,False
YOLO11n,China_MotorBike__China_MotorBike_000882,D20,0.008072,False
YOLO11n,China_MotorBike__China_MotorBike_000882,D20,0.02063,False
YOLO11n,China_MotorBike__China_MotorBike_000882,D00,0.022888,True
YOLO11n,China_MotorBike__China_MotorBike_000883,D00,0.225346,False
YOLO11n,China_MotorBike__China_MotorBike_000883,D00,0.052471,True
YOLO11n,China_MotorBike__China_MotorBike_000887,D00,0.031952,True
YOLO11n,China_MotorBike__China_MotorBike_000895,D00,0.102539,True
YOLO11n,China_MotorBike__China_MotorBike_000895,D10,0.031891,True
YOLO11n,China_MotorBike__China_MotorBike_000895,D00,0.012695,False
YOLO11n,China_MotorBike__China_MotorBike_000895,D00,0.029526,False
YOLO11n,China_MotorBike__China_MotorBike_000895,D10,0.028847,True
YOLO11n,China_MotorBike__China_MotorBike_000895,D00,0.020355,True
YOLO11n,China_MotorBike__China_MotorBike_000895,D10,0.015667,True
YOLO11n,China_MotorBike__China_MotorBike_000896,D10,0.122925,True
YOLO11n,China_MotorBike__China_MotorBike_000896,D00,0.036152,True
YOLO11n,China_MotorBike__China_MotorBike_000896,D00,0.065174,True
YOLO11n,China_MotorBike__China_MotorBike_000904,D10,0.053959,True
YOLO11n,China_MotorBike__China_MotorBike_000904,D00,0.084915,True
YOLO11n,China_MotorBike__China_MotorBike_000911,D10,0.126068,True
YOLO11n,China_MotorBike__China_MotorBike_000911,D00,0.046051,True
YOLO11n,China_MotorBike__China_MotorBike_000911,D10,0.009827,True
YOLO11n,China_MotorBike__China_MotorBike_000911,D00,0.008602,False
YOLO11n,China_MotorBike__China_MotorBike_000911,D00,0.007351,False
YOLO11n,China_MotorBike__China_MotorBike_000921,D10,0.187134,True
YOLO11n,China_MotorBike__China_MotorBike_000926,D20,0.301552,True
YOLO11n,China_MotorBike__China_MotorBike_000928,D10,0.189083,True
YOLO11n,China_MotorBike__China_MotorBike_000930,D20,0.412415,True
YOLO11n,China_MotorBike__China_MotorBike_000931,D20,0.11282,False
YOLO11n,China_MotorBike__China_MotorBike_000931,D00,0.011063,False
YOLO11n,China_MotorBike__China_MotorBike_000942,D00,0.024101,True
YOLO11n,China_MotorBike__China_MotorBike_000942,D00,0.525875,True
YOLO11n,China_MotorBike__China_MotorBike_000942,D10,0.005917,False
YOLO11n,China_MotorBike__China_MotorBike_000942,D10,0.008678,False
YOLO11n,China_MotorBike__China_MotorBike_000969,D00,0.132553,True
YOLO11n,China_MotorBike__China_MotorBike_000969,D10,0.006298,True
YOLO11n,China_MotorBike__China_MotorBike_000969,D00,0.002937,False
YOLO11n,China_MotorBike__China_MotorBike_000971,D10,0.056931,True
YOLO11n,China_MotorBike__China_MotorBike_000971,D40,0.001957,True
YOLO11n,China_MotorBike__China_MotorBike_000971,D00,0.008789,False
YOLO11n,China_MotorBike__China_MotorBike_000971,D10,0.003418,False
YOLO11n,China_MotorBike__China_MotorBike_000971,D40,0.000587,False
YOLO11n,China_MotorBike__China_MotorBike_000971,D20,0.021271,True
YOLO11n,China_MotorBike__China_MotorBike_000973,D00,0.081295,True
YOLO11n,China_MotorBike__China_MotorBike_000973,D10,0.053493,True
YOLO11n,China_MotorBike__China_MotorBike_000979,D00,0.105644,True
YOLO11n,China_MotorBike__China_MotorBike_000979,D10,0.027649,True
YOLO11n,China_MotorBike__China_MotorBike_000979,D00,0.001099,True
YOLO11n,China_MotorBike__China_MotorBike_000981,D00,0.095367,True
YOLO11n,China_MotorBike__China_MotorBike_000981,D00,0.145947,False
YOLO11n,China_MotorBike__China_MotorBike_000981,D00,0.02948,False
YOLO11n,China_MotorBike__China_MotorBike_000989,D00,0.040321,True
YOLO11n,China_MotorBike__China_MotorBike_000989,D10,0.075806,True
YOLO11n,China_MotorBike__China_MotorBike_000989,D00,0.02438,False
YOLO11n,China_MotorBike__China_MotorBike_000989,D00,0.00705,False
YOLO11n,China_MotorBike__China_MotorBike_000991,D00,0.007622,False
YOLO11n,China_MotorBike__China_MotorBike_000991,D00,0.011028,False
YOLO11n,China_MotorBike__China_MotorBike_000991,D00,0.101349,False
YOLO11n,China_MotorBike__China_MotorBike_000996,D00,0.089287,True
YOLO11n,China_MotorBike__China_MotorBike_000996,D00,0.005119,False
YOLO11n,China_MotorBike__China_MotorBike_000996,D00,0.004326,False
YOLO11n,China_MotorBike__China_MotorBike_000996,D40,0.00769,False
YOLO11n,China_MotorBike__China_MotorBike_000996,D00,0.199863,True
YOLO11n,China_MotorBike__China_MotorBike_001014,D00,0.097466,True
YOLO11n,China_MotorBike__China_MotorBike_001016,D40,0.001297,False
YOLO11n,China_MotorBike__China_MotorBike_001021,D10,0.014038,False
YOLO11n,China_MotorBike__China_MotorBike_001021,D00,0.005089,False
YOLO11n,China_MotorBike__China_MotorBike_001021,D10,0.013378,False
YOLO11n,China_MotorBike__China_MotorBike_001026,D00,0.085602,True
YOLO11n,China_MotorBike__China_MotorBike_001027,D10,0.029373,True
YOLO11n,China_MotorBike__China_MotorBike_001027,D10,0.014114,True
YOLO11n,China_MotorBike__China_MotorBike_001030,D10,0.146198,True
YOLO11n,China_MotorBike__China_MotorBike_001033,D10,0.022743,True
YOLO11n,China_MotorBike__China_MotorBike_001033,D40,0.000343,False
YOLO11n,China_MotorBike__China_MotorBike_001033,D00,0.001282,False
YOLO11n,China_MotorBike__China_MotorBike_001033,D10,0.008629,False
YOLO11n,China_MotorBike__China_MotorBike_001033,D40,0.000549,True
YOLO11n,China_MotorBike__China_MotorBike_001033,D40,0.000641,True
YOLO11n,China_MotorBike__China_MotorBike_001043,D00,0.000877,False
YOLO11n,China_MotorBike__China_MotorBike_001043,D00,0.023804,False
YOLO11n,China_MotorBike__China_MotorBike_001043,D00,0.014431,False
YOLO11n,China_MotorBike__China_MotorBike_001043,D00,0.006229,False
YOLO11n,China_MotorBike__China_MotorBike_001047,D40,0.000843,False
YOLO11n,China_MotorBike__China_MotorBike_001066,D00,0.101471,True
YOLO11n,China_MotorBike__China_MotorBike_001066,D00,0.013863,True
YOLO11n,China_MotorBike__China_MotorBike_001066,D00,0.03027,True
YOLO11n,China_MotorBike__China_MotorBike_001087,D00,0.114155,True
YOLO11n,China_MotorBike__China_MotorBike_001087,D00,0.162392,True
YOLO11n,China_MotorBike__China_MotorBike_001087,D00,0.015259,False
YOLO11n,China_MotorBike__China_MotorBike_001094,D10,0.194931,True
YOLO11n,China_MotorBike__China_MotorBike_001096,D00,0.006149,False
YOLO11n,China_MotorBike__China_MotorBike_001096,D20,0.09922,False
YOLO11n,China_MotorBike__China_MotorBike_001102,D00,0.17347,False
YOLO11n,China_MotorBike__China_MotorBike_001114,D00,0.073814,True
YOLO11n,China_MotorBike__China_MotorBike_001114,D10,0.026497,True
YOLO11n,China_MotorBike__China_MotorBike_001114,D00,0.000526,False
YOLO11n,China_MotorBike__China_MotorBike_001117,D20,0.38438,False
YOLO11n,China_MotorBike__China_MotorBike_001117,D00,0.022957,False
YOLO11n,China_MotorBike__China_MotorBike_001122,D00,0.106983,False
YOLO11n,China_MotorBike__China_MotorBike_001122,D10,0.058807,True
YOLO11n,China_MotorBike__China_MotorBike_001126,D20,0.186253,True
YOLO11n,China_MotorBike__China_MotorBike_001126,D20,0.046257,False
YOLO11n,China_MotorBike__China_MotorBike_001126,D00,0.005653,True
YOLO11n,China_MotorBike__China_MotorBike_001129,D00,0.027344,False
YOLO11n,China_MotorBike__China_MotorBike_001131,D00,0.221977,True
YOLO11n,China_MotorBike__China_MotorBike_001131,D00,0.026283,True
YOLO11n,China_MotorBike__China_MotorBike_001139,D10,0.011719,True
YOLO11n,China_MotorBike__China_MotorBike_001139,D00,0.00444,False
YOLO11n,China_MotorBike__China_MotorBike_001139,D10,0.018631,True
YOLO11n,China_MotorBike__China_MotorBike_001139,D40,0.002129,False
YOLO11n,China_MotorBike__China_MotorBike_001139,D10,0.00882,False
YOLO11n,China_MotorBike__China_MotorBike_001139,D00,0.011654,False
YOLO11n,China_MotorBike__China_MotorBike_001139,D00,0.001373,False
YOLO11n,China_MotorBike__China_MotorBike_001151,D20,0.226982,True
YOLO11n,China_MotorBike__China_MotorBike_001151,D00,0.004562,False
YOLO11n,China_MotorBike__China_MotorBike_001153,D20,0.59259,True
YOLO11n,China_MotorBike__China_MotorBike_001153,D20,0.195389,False
YOLO11n,China_MotorBike__China_MotorBike_001161,D10,0.105743,True
YOLO11n,China_MotorBike__China_MotorBike_001161,D10,0.015358,False
YOLO11n,China_MotorBike__China_MotorBike_001165,D00,0.092339,False
YOLO11n,China_MotorBike__China_MotorBike_001165,D10,0.124317,True
YOLO11n,China_MotorBike__China_MotorBike_001165,D00,0.00103,False
YOLO11n,China_MotorBike__China_MotorBike_001178,D00,0.200386,False
YOLO11n,China_MotorBike__China_MotorBike_001187,D00,0.065109,True
YOLO11n,China_MotorBike__China_MotorBike_001194,D10,0.055939,True
YOLO11n,China_MotorBike__China_MotorBike_001194,D20,0.064354,False
YOLO11n,China_MotorBike__China_MotorBike_001194,D00,0.02932,False
YOLO11n,China_MotorBike__China_MotorBike_001194,D00,0.005493,False
YOLO11n,China_MotorBike__China_MotorBike_001219,D00,0.316734,True
YOLO11n,China_MotorBike__China_MotorBike_001219,D00,0.192673,True
YOLO11n,China_MotorBike__China_MotorBike_001219,D00,0.048065,True
YOLO11n,China_MotorBike__China_MotorBike_001219,D00,0.050648,True
YOLO11n,China_MotorBike__China_MotorBike_001224,D20,0.169525,True
YOLO11n,China_MotorBike__China_MotorBike_001224,D10,0.021904,False
YOLO11n,China_MotorBike__China_MotorBike_001224,D00,0.023071,False
YOLO11n,China_MotorBike__China_MotorBike_001225,D00,0.034073,True
YOLO11n,China_MotorBike__China_MotorBike_001232,D10,0.115009,True
YOLO11n,China_MotorBike__China_MotorBike_001232,D10,0.026703,False
YOLO11n,China_MotorBike__China_MotorBike_001248,D10,0.210663,True
YOLO11n,China_MotorBike__China_MotorBike_001273,D10,0.200779,True
YOLO11n,China_MotorBike__China_MotorBike_001277,D10,0.007553,True
YOLO11n,China_MotorBike__China_MotorBike_001277,D10,0.04364,True
YOLO11n,China_MotorBike__China_MotorBike_001277,D00,0.002975,False
YOLO11n,China_MotorBike__China_MotorBike_001277,D00,0.002205,True
YOLO11n,China_MotorBike__China_MotorBike_001285,D20,0.859646,True
YOLO11n,China_MotorBike__China_MotorBike_001287,D00,0.12426,True
YOLO11n,China_MotorBike__China_MotorBike_001287,D10,0.004967,False
YOLO11n,China_MotorBike__China_MotorBike_001287,D00,0.00668,False
YOLO11n,China_MotorBike__China_MotorBike_001287,D00,0.029282,False
YOLO11n,China_MotorBike__China_MotorBike_001287,D00,0.015438,False
YOLO11n,China_MotorBike__China_MotorBike_001287,D10,0.00087,False
YOLO11n,China_MotorBike__China_MotorBike_001287,D00,0.000992,False
YOLO11n,China_MotorBike__China_MotorBike_001287,D10,0.06459,True
YOLO11n,China_MotorBike__China_MotorBike_001287,D00,0.021873,True
YOLO11n,China_MotorBike__China_MotorBike_001289,D10,0.090363,True
YOLO11n,China_MotorBike__China_MotorBike_001300,D40,0.007553,True
YOLO11n,China_MotorBike__China_MotorBike_001304,D00,0.146198,True
YOLO11n,China_MotorBike__China_MotorBike_001313,D00,0.081779,True
YOLO11n,China_MotorBike__China_MotorBike_001326,D20,0.500973,True
YOLO11n,China_MotorBike__China_MotorBike_001326,D10,0.011536,True
YOLO11n,China_MotorBike__China_MotorBike_001331,D00,0.078175,True
YOLO11n,China_MotorBike__China_MotorBike_001331,D00,0.010529,True
YOLO11n,China_MotorBike__China_MotorBike_001337,D10,0.144249,True
YOLO11n,China_MotorBike__China_MotorBike_001339,D00,0.135353,True
YOLO11n,China_MotorBike__China_MotorBike_001339,D10,0.152451,True
YOLO11n,China_MotorBike__China_MotorBike_001339,D00,0.037354,False
YOLO11n,China_MotorBike__China_MotorBike_001339,D10,0.018127,False
YOLO11n,China_MotorBike__China_MotorBike_001349,D10,0.009987,True
YOLO11n,China_MotorBike__China_MotorBike_001349,D10,0.047775,True
YOLO11n,China_MotorBike__China_MotorBike_001349,D00,0.002827,False
YOLO11n,China_MotorBike__China_MotorBike_001349,D00,0.003777,True
YOLO11n,China_MotorBike__China_MotorBike_001350,D40,0.004154,True
YOLO11n,China_MotorBike__China_MotorBike_001350,D40,0.000366,False
YOLO11n,China_MotorBike__China_MotorBike_001354,D00,0.075874,True
YOLO11n,China_MotorBike__China_MotorBike_001356,D20,0.507278,True
YOLO11n,China_MotorBike__China_MotorBike_001365,D00,0.298244,True
YOLO11n,China_MotorBike__China_MotorBike_001365,D00,0.008728,False
YOLO11n,China_MotorBike__China_MotorBike_001365,D20,0.028381,False
YOLO11n,China_MotorBike__China_MotorBike_001367,D00,0.085285,True
YOLO11n,China_MotorBike__China_MotorBike_001367,D20,0.08107,True
YOLO11n,China_MotorBike__China_MotorBike_001367,D20,0.019424,False
YOLO11n,China_MotorBike__China_MotorBike_001368,D00,0.187134,True
YOLO11n,China_MotorBike__China_MotorBike_001377,D20,0.19437,True
YOLO11n,China_MotorBike__China_MotorBike_001383,D20,0.633526,True
YOLO11n,China_MotorBike__China_MotorBike_001383,D20,0.175842,False
YOLO11n,China_MotorBike__China_MotorBike_001384,D00,0.117817,True
YOLO11n,China_MotorBike__China_MotorBike_001385,D00,0.004215,True
YOLO11n,China_MotorBike__China_MotorBike_001390,D00,0.284042,True
YOLO11n,China_MotorBike__China_MotorBike_001390,D10,0.039551,True
YOLO11n,China_MotorBike__China_MotorBike_001409,D00,0.230873,True
YOLO11n,China_MotorBike__China_MotorBike_001409,D20,0.168526,True
YOLO11n,China_MotorBike__China_MotorBike_001409,D20,0.309006,True
YOLO11n,China_MotorBike__China_MotorBike_001412,D00,0.111111,True
YOLO11n,China_MotorBike__China_MotorBike_001413,D00,0.051739,False
YOLO11n,China_MotorBike__China_MotorBike_001413,D00,0.0439,True
YOLO11n,China_MotorBike__China_MotorBike_001413,D10,0.054649,True
YOLO11n,China_MotorBike__China_MotorBike_001413,D20,0.033428,False
YOLO11n,China_MotorBike__China_MotorBike_001413,D00,0.01442,True
YOLO11n,China_MotorBike__China_MotorBike_001413,D00,0.019276,False
YOLO11n,China_MotorBike__China_MotorBike_001420,D10,0.024033,True
YOLO11n,China_MotorBike__China_MotorBike_001420,D10,0.0065,False
YOLO11n,China_MotorBike__China_MotorBike_001420,D10,0.01133,False
YOLO11n,China_MotorBike__China_MotorBike_001429,D00,0.11306,True
YOLO11n,China_MotorBike__China_MotorBike_001429,D10,0.018211,True
YOLO11n,China_MotorBike__China_MotorBike_001430,D20,0.249966,True
YOLO11n,China_MotorBike__China_MotorBike_001434,D00,0.112175,True
YOLO11n,China_MotorBike__China_MotorBike_001436,D20,0.058891,False
YOLO11n,China_MotorBike__China_MotorBike_001436,D20,0.14827,True
YOLO11n,China_MotorBike__China_MotorBike_001436,D00,0.005554,False
YOLO11n,China_MotorBike__China_MotorBike_001437,D40,0.003784,True
YOLO11n,China_MotorBike__China_MotorBike_001437,D40,0.000587,False
YOLO11n,China_MotorBike__China_MotorBike_001446,D10,0.161793,True
YOLO11n,China_MotorBike__China_MotorBike_001458,D10,0.013664,True
YOLO11n,China_MotorBike__China_MotorBike_001458,D00,0.066277,True
YOLO11n,China_MotorBike__China_MotorBike_001461,D10,0.173489,True
YOLO11n,China_MotorBike__China_MotorBike_001461,D10,0.124756,True
YOLO11n,China_MotorBike__China_MotorBike_001472,D10,0.272903,True
YOLO11n,China_MotorBike__China_MotorBike_001500,D00,0.337189,True
YOLO11n,China_MotorBike__China_MotorBike_001505,D10,0.088928,True
YOLO11n,China_MotorBike__China_MotorBike_001508,D40,0.016342,True
YOLO11n,China_MotorBike__China_MotorBike_001519,D00,0.11792,True
YOLO11n,China_MotorBike__China_MotorBike_001519,D10,0.038437,True
YOLO11n,China_MotorBike__China_MotorBike_001519,D00,0.013885,True
YOLO11n,China_MotorBike__China_MotorBike_001519,D00,0.004326,False
YOLO11n,China_MotorBike__China_MotorBike_001519,D00,0.00705,False
YOLO11n,China_MotorBike__China_MotorBike_001519,D00,0.002167,False
YOLO11n,China_MotorBike__China_MotorBike_001520,D00,0.101089,False
YOLO11n,China_MotorBike__China_MotorBike_001520,D00,0.028667,False
YOLO11n,China_MotorBike__China_MotorBike_001520,D00,0.009232,False
YOLO11n,China_MotorBike__China_MotorBike_001520,D40,0.034019,False
YOLO11n,China_MotorBike__China_MotorBike_001520,D00,0.048882,True
YOLO11n,China_MotorBike__China_MotorBike_001520,D20,0.002323,False
YOLO11n,China_MotorBike__China_MotorBike_001540,D00,0.114258,True
YOLO11n,China_MotorBike__China_MotorBike_001540,D10,0.118584,True
YOLO11n,China_MotorBike__China_MotorBike_001553,D00,0.068115,True
YOLO11n,China_MotorBike__China_MotorBike_001553,D00,0.004406,False
YOLO11n,China_MotorBike__China_MotorBike_001553,D00,0.00351,False
YOLO11n,China_MotorBike__China_MotorBike_001553,D40,0.006104,False
YOLO11n,China_MotorBike__China_MotorBike_001553,D00,0.273918,True
YOLO11n,China_MotorBike__China_MotorBike_001554,D10,0.140564,True
YOLO11n,China_MotorBike__China_MotorBike_001568,D20,0.842651,True
YOLO11n,China_MotorBike__China_MotorBike_001573,D00,0.074158,False
YOLO11n,China_MotorBike__China_MotorBike_001573,D10,0.036163,True
YOLO11n,China_MotorBike__China_MotorBike_001573,D00,0.000343,False
YOLO11n,China_MotorBike__China_MotorBike_001574,D00,0.006798,False
YOLO11n,China_MotorBike__China_MotorBike_001574,D00,0.011749,False
YOLO11n,China_MotorBike__China_MotorBike_001574,D00,0.033302,True
YOLO11n,China_MotorBike__China_MotorBike_001574,D00,0.091892,True
YOLO11n,China_MotorBike__China_MotorBike_001575,D10,0.005264,True
YOLO11n,China_MotorBike__China_MotorBike_001575,D00,0.141785,True
YOLO11n,China_MotorBike__China_MotorBike_001575,D10,0.007484,True
YOLO11n,China_MotorBike__China_MotorBike_001582,D10,0.111111,True
YOLO11n,China_MotorBike__China_MotorBike_001600,D00,0.023529,True
YOLO11n,China_MotorBike__China_MotorBike_001600,D20,0.147591,True
YOLO11n,China_MotorBike__China_MotorBike_001605,D20,0.313763,True
YOLO11n,China_MotorBike__China_MotorBike_001607,D40,0.000854,False
YOLO11n,China_MotorBike__China_MotorBike_001613,D00,0.183395,True
YOLO11n,China_MotorBike__China_MotorBike_001613,D00,0.09388,False
YOLO11n,China_MotorBike__China_MotorBike_001613,D20,0.007477,False
YOLO11n,China_MotorBike__China_MotorBike_001614,D00,0.021309,True
YOLO11n,China_MotorBike__China_MotorBike_001614,D00,0.143013,True
YOLO11n,China_MotorBike__China_MotorBike_001614,D00,0.014179,True
YOLO11n,China_MotorBike__China_MotorBike_001614,D00,0.007622,False
YOLO11n,China_MotorBike__China_MotorBike_001614,D00,0.028618,True
YOLO11n,China_MotorBike__China_MotorBike_001616,D00,0.033981,True
YOLO11n,China_MotorBike__China_MotorBike_001616,D00,0.017876,False
YOLO11n,China_MotorBike__China_MotorBike_001616,D00,0.006859,False
YOLO11n,China_MotorBike__China_MotorBike_001616,D00,0.186405,True
YOLO11n,China_MotorBike__China_MotorBike_001616,D00,0.01236,True
YOLO11n,China_MotorBike__China_MotorBike_001618,D00,0.107285,True
YOLO11n,China_MotorBike__China_MotorBike_001618,D00,0.0401,False
YOLO11n,China_MotorBike__China_MotorBike_001618,D00,0.013298,True
YOLO11n,China_MotorBike__China_MotorBike_001622,D00,0.002747,False
YOLO11n,China_MotorBike__China_MotorBike_001622,D10,0.11351,True
YOLO11n,China_MotorBike__China_MotorBike_001662,D00,0.001804,False
YOLO11n,China_MotorBike__China_MotorBike_001662,D00,0.01004,False
YOLO11n,China_MotorBike__China_MotorBike_001662,D10,0.010967,True
YOLO11n,China_MotorBike__China_MotorBike_001662,D10,0.031334,True
YOLO11n,China_MotorBike__China_MotorBike_001662,D40,0.00267,True
YOLO11n,China_MotorBike__China_MotorBike_001662,D20,0.047775,False
YOLO11n,China_MotorBike__China_MotorBike_001662,D00,0.004822,True
YOLO11n,China_MotorBike__China_MotorBike_001662,D10,0.013409,True
YOLO11n,China_MotorBike__China_MotorBike_001679,D00,0.178242,True
YOLO11n,China_MotorBike__China_MotorBike_001686,D00,0.21941,False
YOLO11n,China_MotorBike__China_MotorBike_001700,D10,0.087719,True
YOLO11n,China_MotorBike__China_MotorBike_001707,D00,0.054474,True
YOLO11n,China_MotorBike__China_MotorBike_001708,D00,0.217896,True
YOLO11n,China_MotorBike__China_MotorBike_001712,D00,0.081871,True
YOLO11n,China_MotorBike__China_MotorBike_001724,D10,0.018585,False
YOLO11n,China_MotorBike__China_MotorBike_001724,D00,0.221252,True
YOLO11n,China_MotorBike__China_MotorBike_001724,D20,0.026733,False
YOLO11n,China_MotorBike__China_MotorBike_001727,D20,0.260651,True
YOLO11n,China_MotorBike__China_MotorBike_001733,D20,0.879822,True
YOLO11n,China_MotorBike__China_MotorBike_001741,D00,0.375767,True
YOLO11n,China_MotorBike__China_MotorBike_001741,D00,0.242462,True
YOLO11n,China_MotorBike__China_MotorBike_001749,D10,0.192982,True
YOLO11n,China_MotorBike__China_MotorBike_001749,D00,0.056313,True
YOLO11n,China_MotorBike__China_MotorBike_001749,D10,0.070286,True
YOLO11n,China_MotorBike__China_MotorBike_001751,D00,0.044594,False
YOLO11n,China_MotorBike__China_MotorBike_001751,D00,0.099792,True
YOLO11n,China_MotorBike__China_MotorBike_001751,D00,0.074253,False
YOLO11n,China_MotorBike__China_MotorBike_001753,D00,0.33062,True
YOLO11n,China_MotorBike__China_MotorBike_001753,D00,0.09317,True
YOLO11n,China_MotorBike__China_MotorBike_001758,D00,0.033165,True
YOLO11n,China_MotorBike__China_MotorBike_001760,D10,0.004219,False
YOLO11n,China_MotorBike__China_MotorBike_001760,D00,0.105858,True
YOLO11n,China_MotorBike__China_MotorBike_001760,D00,0.008366,False
YOLO11n,China_MotorBike__China_MotorBike_001760,D10,0.005074,False
YOLO11n,China_MotorBike__China_MotorBike_001765,D00,0.009842,False
YOLO11n,China_MotorBike__China_MotorBike_001765,D20,0.339722,True
YOLO11n,China_MotorBike__China_MotorBike_001765,D20,0.030556,False
YOLO11n,China_MotorBike__China_MotorBike_001773,D20,0.066696,False
YOLO11n,China_MotorBike__China_MotorBike_001773,D10,0.015377,False
YOLO11n,China_MotorBike__China_MotorBike_001773,D10,0.07914,True
YOLO11n,China_MotorBike__China_MotorBike_001782,D00,0.072124,True
YOLO11n,China_MotorBike__China_MotorBike_001786,D00,0.016632,False
YOLO11n,China_MotorBike__China_MotorBike_001786,D00,0.083633,True
YOLO11n,China_MotorBike__China_MotorBike_001786,D10,0.013771,False
YOLO11n,China_MotorBike__China_MotorBike_001810,D00,0.360661,True
YOLO11n,China_MotorBike__China_MotorBike_001811,D40,0.004005,True
YOLO11n,China_MotorBike__China_MotorBike_001811,D40,0.000755,False
YOLO11n,China_MotorBike__China_MotorBike_001829,D00,0.08617,True
YOLO11n,China_MotorBike__China_MotorBike_001838,D00,0.127029,False
YOLO11n,China_MotorBike__China_MotorBike_001840,D00,0.161964,False
YOLO11n,China_MotorBike__China_MotorBike_001842,D10,0.046417,True
YOLO11n,China_MotorBike__China_MotorBike_001842,D40,0.002136,True
YOLO11n,China_MotorBike__China_MotorBike_001842,D40,0.000793,False
YOLO11n,China_MotorBike__China_MotorBike_001842,D00,0.006405,False
YOLO11n,China_MotorBike__China_MotorBike_001842,D20,0.022602,False
YOLO11n,China_MotorBike__China_MotorBike_001846,D00,0.105759,True
YOLO11n,China_MotorBike__China_MotorBike_001846,D10,0.010635,True
YOLO11n,China_MotorBike__China_MotorBike_001859,D10,0.097023,True
YOLO11n,China_MotorBike__China_MotorBike_001879,D00,0.057697,True
YOLO11n,China_MotorBike__China_MotorBike_001879,D20,0.122345,True
YOLO11n,China_MotorBike__China_MotorBike_001881,D00,0.382977,True
YOLO11n,China_MotorBike__China_MotorBike_001881,D10,0.082031,True
YOLO11n,China_MotorBike__China_MotorBike_001881,D00,0.001183,True
YOLO11n,China_MotorBike__China_MotorBike_001918,D20,0.217407,True
YOLO11n,China_MotorBike__China_MotorBike_001921,D10,0.114784,True
YOLO11n,China_MotorBike__China_MotorBike_001921,D00,0.123901,False
YOLO11n,China_MotorBike__China_MotorBike_001921,D00,0.001648,True
YOLO11n,China_MotorBike__China_MotorBike_001929,D00,0.064487,True
YOLO11n,China_MotorBike__China_MotorBike_001929,D00,0.014317,False
YOLO11n,China_MotorBike__China_MotorBike_001929,D00,0.02277,False
YOLO11n,China_MotorBike__China_MotorBike_001929,D00,0.033981,False
YOLO11n,China_MotorBike__China_MotorBike_001929,D00,0.025177,False
YOLO11n,China_MotorBike__China_MotorBike_001961,D10,0.14035,True
YOLO11n,China_MotorBike__China_MotorBike_001966,D00,0.153217,True
YOLO11n,China_MotorBike__China_MotorBike_001966,D00,0.050983,True
YOLO11n,China_MotorBike__China_MotorBike_001966,D00,0.084076,False
YOLO11n,China_MotorBike__China_MotorBike_001967,D00,0.021164,True
YOLO11n,China_MotorBike__China_MotorBike_001967,D00,0.011673,False
YOLO11n,China_MotorBike__China_MotorBike_001972,D00,0.154236,False
YOLO11n,China_MotorBike__China_MotorBike_001973,D00,0.059807,True
YOLO11n,China_MotorBike__China_MotorBike_001973,D10,0.179176,False
YOLO11n,China_MotorBike__China_MotorBike_001973,D00,0.053642,True
YOLO11n,China_MotorBike__China_MotorBike_001973,D00,0.048485,False
YOLO11n,Czech__Czech_000031,D20,0.008944,False
YOLO11n,Czech__Czech_000031,D20,0.0055,False
YOLO11n,Czech__Czech_000031,D00,0.004442,False
YOLO11n,Czech__Czech_000092,D10,0.008161,False
YOLO11n,Czech__Czech_000092,D20,0.038156,False
YOLO11n,Czech__Czech_000092,D20,0.040122,False
YOLO11n,Czech__Czech_000103,D40,0.00125,False
YOLO11n,Czech__Czech_000118,D00,0.0082,False
YOLO11n,Czech__Czech_000204,D00,0.031644,True
YOLO11n,Czech__Czech_000204,D00,0.010847,False
YOLO11n,Czech__Czech_000248,D20,0.015461,False
YOLO11n,Czech__Czech_000248,D20,0.0378,False
YOLO11n,Czech__Czech_000249,D10,0.008983,False
YOLO11n,Czech__Czech_000273,D00,0.0078,False
YOLO11n,Czech__Czech_000293,D40,0.009431,False
YOLO11n,Czech__Czech_000293,D40,0.0042,False
YOLO11n,Czech__Czech_000293,D40,0.002722,False
YOLO11n,Czech__Czech_000296,D00,0.054861,False
YOLO11n,Czech__Czech_000296,D40,0.004861,False
YOLO11n,Czech__Czech_000305,D00,0.01085,False
YOLO11n,Czech__Czech_000305,D00,0.009319,False
YOLO11n,Czech__Czech_000325,D00,0.01265,False
YOLO11n,Czech__Czech_000332,D00,0.006222,False
YOLO11n,Czech__Czech_000355,D00,0.010478,False
YOLO11n,Czech__Czech_000355,D00,0.013417,False
YOLO11n,Czech__Czech_000389,D00,0.0035,False
YOLO11n,Czech__Czech_000398,D10,0.00455,False
YOLO11n,Czech__Czech_000402,D20,0.0328,True
YOLO11n,Czech__Czech_000426,D00,0.007294,False
YOLO11n,Czech__Czech_000459,D00,0.003075,True
YOLO11n,Czech__Czech_000472,D10,0.014175,True
YOLO11n,Czech__Czech_000526,D00,0.0266,False
YOLO11n,Czech__Czech_000553,D10,0.014208,False
YOLO11n,Czech__Czech_000553,D10,0.013067,False
YOLO11n,Czech__Czech_000569,D00,0.0368,False
YOLO11n,Czech__Czech_000594,D20,0.034883,True
YOLO11n,Czech__Czech_000596,D40,0.004133,False
YOLO11n,Czech__Czech_000599,D20,0.01845,False
YOLO11n,Czech__Czech_000662,D00,0.002292,False
YOLO11n,Czech__Czech_000677,D00,0.006889,False
YOLO11n,Czech__Czech_000725,D00,0.01015,False
YOLO11n,Czech__Czech_000737,D00,0.009083,False
YOLO11n,Czech__Czech_000737,D00,0.007194,True
YOLO11n,Czech__Czech_000738,D00,0.017,False
YOLO11n,Czech__Czech_000738,D00,0.016975,False
YOLO11n,Czech__Czech_000742,D20,0.097139,False
YOLO11n,Czech__Czech_000768,D40,0.006333,False
YOLO11n,Czech__Czech_000814,D00,0.010133,True
YOLO11n,Czech__Czech_000814,D40,0.020278,False
YOLO11n,Czech__Czech_000817,D00,0.005694,False
YOLO11n,Czech__Czech_000817,D00,0.017917,False
YOLO11n,Czech__Czech_000817,D00,0.027436,False
YOLO11n,Czech__Czech_000853,D40,0.006356,False
YOLO11n,Czech__Czech_000853,D00,0.006578,False
YOLO11n,Czech__Czech_000853,D00,0.007214,False
YOLO11n,Czech__Czech_000900,D00,0.009675,True
YOLO11n,Czech__Czech_000928,D00,0.030692,True
YOLO11n,Czech__Czech_000937,D40,0.0153,False
YOLO11n,Czech__Czech_000937,D40,0.0096,False
YOLO11n,Czech__Czech_000948,D00,0.013211,False
YOLO11n,Czech__Czech_000950,D00,0.0116,False
YOLO11n,Czech__Czech_000973,D20,0.017078,True
YOLO11n,Czech__Czech_000973,D40,0.0036,False
YOLO11n,Czech__Czech_000973,D40,0.002708,False
YOLO11n,Czech__Czech_000996,D00,0.012097,False
YOLO11n,Czech__Czech_000996,D00,0.006658,False
YOLO11n,Czech__Czech_001003,D00,0.010133,True
YOLO11n,Czech__Czech_001005,D10,0.00855,False
YOLO11n,Czech__Czech_001017,D00,0.0228,True
YOLO11n,Czech__Czech_001023,D10,0.004486,False
YOLO11n,Czech__Czech_001023,D00,0.007111,False
YOLO11n,Czech__Czech_001023,D00,0.004533,False
YOLO11n,Czech__Czech_001028,D00,0.008667,True
YOLO11n,Czech__Czech_001028,D10,0.027217,False
YOLO11n,Czech__Czech_001054,D10,0.004133,False
YOLO11n,Czech__Czech_001054,D40,0.008392,False
YOLO11n,Czech__Czech_001054,D40,0.003533,False
YOLO11n,Czech__Czech_001058,D00,0.004628,True
YOLO11n,Czech__Czech_001058,D00,0.017556,False
YOLO11n,Czech__Czech_001058,D00,0.004628,False
YOLO11n,Czech__Czech_001090,D10,0.019708,True
YOLO11n,Czech__Czech_001090,D40,0.007583,False
YOLO11n,Czech__Czech_001107,D40,0.003867,False
YOLO11n,Czech__Czech_001107,D40,0.001,False
YOLO11n,Czech__Czech_001107,D40,0.002261,False
YOLO11n,Czech__Czech_001108,D00,0.01815,True
YOLO11n,Czech__Czech_001108,D10,0.0155,False
YOLO11n,Czech__Czech_001113,D00,0.014361,False
YOLO11n,Czech__Czech_001120,D00,0.013317,False
YOLO11n,Czech__Czech_001120,D20,0.009908,False
YOLO11n,Czech__Czech_001120,D10,0.0119,False
YOLO11n,Czech__Czech_001120,D10,0.0119,False
YOLO11n,Czech__Czech_001152,D00,0.010478,False
YOLO11n,Czech__Czech_001159,D00,0.025511,False
YOLO11n,Czech__Czech_001236,D00,0.008,False
YOLO11n,Czech__Czech_001236,D00,0.003003,False
YOLO11n,Czech__Czech_001236,D00,0.002456,False
YOLO11n,Czech__Czech_001256,D00,0.016292,True
YOLO11n,Czech__Czech_001264,D20,0.020139,False
YOLO11n,Czech__Czech_001296,D00,0.0052,False
YOLO11n,Czech__Czech_001296,D10,0.006386,True
YOLO11n,Czech__Czech_001302,D20,0.085433,True
YOLO11n,Czech__Czech_001302,D20,0.011367,False
YOLO11n,Czech__Czech_001383,D00,0.011189,True
YOLO11n,Czech__Czech_001383,D00,0.0099,False
YOLO11n,Czech__Czech_001391,D00,0.012133,True
YOLO11n,Czech__Czech_001424,D00,0.0234,True
YOLO11n,Czech__Czech_001440,D10,0.004889,False
YOLO11n,Czech__Czech_001457,D00,0.009828,False
YOLO11n,Czech__Czech_001457,D00,0.009828,False
YOLO11n,Czech__Czech_001496,D10,0.004275,False
YOLO11n,Czech__Czech_001514,D40,0.000897,False
YOLO11n,Czech__Czech_001546,D00,0.009989,False
YOLO11n,Czech__Czech_001546,D00,0.0171,False
YOLO11n,Czech__Czech_001546,D00,0.009989,False
YOLO11n,Czech__Czech_001546,D10,0.00685,False
YOLO11n,Czech__Czech_001546,D10,0.010511,False
YOLO11n,Czech__Czech_001546,D10,0.00685,False
YOLO11n,Czech__Czech_001573,D10,0.0057,False
YOLO11n,Czech__Czech_001573,D00,0.005572,False
YOLO11n,Czech__Czech_001573,D00,0.002133,False
YOLO11n,Czech__Czech_001573,D00,0.002133,False
YOLO11n,Czech__Czech_001596,D00,0.0275,False
YOLO11n,Czech__Czech_001596,D00,0.033567,False
YOLO11n,Czech__Czech_001596,D10,0.014311,False
YOLO11n,Czech__Czech_001648,D00,0.002722,False
YOLO11n,Czech__Czech_001648,D10,0.023289,True
YOLO11n,Czech__Czech_001648,D10,0.012356,False
YOLO11n,Czech__Czech_001648,D10,0.008264,False
YOLO11n,Czech__Czech_001648,D10,0.006906,False
YOLO11n,Czech__Czech_001658,D00,0.022594,False
YOLO11n,Czech__Czech_001658,D20,0.014356,False
YOLO11n,Czech__Czech_001662,D00,0.019169,True
YOLO11n,Czech__Czech_001726,D00,0.054933,False
YOLO11n,Czech__Czech_001727,D00,0.010333,False
YOLO11n,Czech__Czech_001789,D10,0.0045,False
YOLO11n,Czech__Czech_001823,D00,0.007933,False
YOLO11n,Czech__Czech_001825,D00,0.009333,False
YOLO11n,Czech__Czech_001825,D40,0.012,False
YOLO11n,Czech__Czech_001825,D40,0.002817,False
YOLO11n,Czech__Czech_001825,D40,0.002817,False
YOLO11n,Czech__Czech_001849,D00,0.012456,False
YOLO11n,Czech__Czech_001860,D00,0.025067,True
YOLO11n,Czech__Czech_001882,D00,0.005689,False
YOLO11n,Czech__Czech_001882,D10,0.0075,False
YOLO11n,Czech__Czech_001886,D00,0.00645,False
YOLO11n,Czech__Czech_001934,D00,0.015672,False
YOLO11n,Czech__Czech_001940,D40,0.020589,False
YOLO11n,Czech__Czech_002003,D00,0.006722,False
YOLO11n,Czech__Czech_002014,D00,0.012567,True
YOLO11n,Czech__Czech_002021,D00,0.009392,True
YOLO11n,Czech__Czech_002028,D00,0.039667,False
YOLO11n,Czech__Czech_002028,D00,0.015186,False
YOLO11n,Czech__Czech_002041,D00,0.032064,True
YOLO11n,Czech__Czech_002041,D00,0.0106,False
YOLO11n,Czech__Czech_002041,D10,0.0105,True
YOLO11n,Czech__Czech_002145,D00,0.014183,False
YOLO11n,Czech__Czech_002145,D20,0.026039,False
YOLO11n,Czech__Czech_002163,D00,0.007875,False
YOLO11n,Czech__Czech_002176,D00,0.0036,False
YOLO11n,Czech__Czech_002242,D00,0.005331,False
YOLO11n,Czech__Czech_002242,D00,0.012133,False
YOLO11n,Czech__Czech_002255,D00,0.033375,True
YOLO11n,Czech__Czech_002265,D10,0.006,False
YOLO11n,Czech__Czech_002285,D00,0.02535,False
YOLO11n,Czech__Czech_002294,D00,0.005167,True
YOLO11n,Czech__Czech_002294,D00,0.039667,False
YOLO11n,Czech__Czech_002294,D00,0.005167,False
YOLO11n,Czech__Czech_002300,D00,0.024258,False
YOLO11n,Czech__Czech_002300,D00,0.032,False
YOLO11n,Czech__Czech_002328,D00,0.016792,True
YOLO11n,Czech__Czech_002361,D00,0.032142,False
YOLO11n,Czech__Czech_002410,D00,0.029483,False
YOLO11n,Czech__Czech_002424,D10,0.012975,False
YOLO11n,Czech__Czech_002424,D00,0.013372,True
YOLO11n,Czech__Czech_002442,D00,0.014778,True
YOLO11n,Czech__Czech_002444,D40,0.004736,False
YOLO11n,Czech__Czech_002444,D20,0.049867,False
YOLO11n,Czech__Czech_002456,D00,0.020533,False
YOLO11n,Czech__Czech_002463,D00,0.00915,True
YOLO11n,Czech__Czech_002463,D00,0.007178,False
YOLO11n,Czech__Czech_002513,D00,0.0076,False
YOLO11n,Czech__Czech_002513,D00,0.010111,False
YOLO11n,Czech__Czech_002516,D10,0.0214,False
YOLO11n,Czech__Czech_002555,D10,0.003956,False
YOLO11n,Czech__Czech_002612,D40,0.002236,False
YOLO11n,Czech__Czech_002612,D00,0.014017,False
YOLO11n,Czech__Czech_002640,D00,0.014167,True
YOLO11n,Czech__Czech_002647,D10,0.0066,False
YOLO11n,Czech__Czech_002647,D00,0.00495,False
YOLO11n,Czech__Czech_002658,D00,0.018239,False
YOLO11n,Czech__Czech_002662,D00,0.009111,False
YOLO11n,Czech__Czech_002662,D10,0.00345,False
YOLO11n,Czech__Czech_002662,D10,0.005722,False
YOLO11n,Czech__Czech_002673,D10,0.028625,False
YOLO11n,Czech__Czech_002677,D10,0.0187,True
YOLO11n,Czech__Czech_002677,D10,0.003494,False
YOLO11n,Czech__Czech_002689,D10,0.004522,False
YOLO11n,Czech__Czech_002694,D00,0.018472,True
YOLO11n,Czech__Czech_002701,D10,0.019917,False
YOLO11n,Czech__Czech_002713,D20,0.020472,False
YOLO11n,Czech__Czech_002715,D00,0.014492,True
YOLO11n,Czech__Czech_002746,D00,0.018428,False
YOLO11n,Czech__Czech_002746,D10,0.040192,False
YOLO11n,Czech__Czech_002747,D00,0.012778,True
YOLO11n,Czech__Czech_002794,D10,0.0186,True
YOLO11n,Czech__Czech_002811,D00,0.003825,False
YOLO11n,Czech__Czech_002868,D00,0.003344,False
YOLO11n,Czech__Czech_002892,D10,0.012444,False
YOLO11n,Czech__Czech_002924,D00,0.011522,False
YOLO11n,Czech__Czech_002924,D00,0.017158,False
YOLO11n,Czech__Czech_002924,D00,0.026333,False
YOLO11n,Czech__Czech_002951,D10,0.005778,False
YOLO11n,Czech__Czech_002958,D00,0.017494,True
YOLO11n,Czech__Czech_002998,D00,0.016856,False
YOLO11n,Czech__Czech_002998,D00,0.006967,True
YOLO11n,Czech__Czech_002998,D10,0.006261,True
YOLO11n,Czech__Czech_002998,D40,0.005083,False
YOLO11n,Czech__Czech_002998,D10,0.006261,False
YOLO11n,Czech__Czech_002998,D00,0.014467,False
YOLO11n,Czech__Czech_003016,D00,0.0129,False
YOLO11n,Czech__Czech_003058,D00,0.013417,False
YOLO11n,Czech__Czech_003069,D10,0.011181,False
YOLO11n,Czech__Czech_003069,D00,0.009533,False
YOLO11n,Czech__Czech_003100,D00,0.015447,False
YOLO11n,Czech__Czech_003121,D00,0.018083,True
YOLO11n,Czech__Czech_003151,D00,0.0143,True
YOLO11n,Czech__Czech_003183,D00,0.036789,False
YOLO11n,Czech__Czech_003185,D00,0.0234,False
YOLO11n,Czech__Czech_003217,D00,0.004356,False
YOLO11n,Czech__Czech_003217,D10,0.01365,False
YOLO11n,Czech__Czech_003231,D00,0.011917,False
YOLO11n,Czech__Czech_003243,D00,0.008011,False
YOLO11n,Czech__Czech_003246,D00,0.007867,False
YOLO11n,Czech__Czech_003331,D00,0.0113,False
YOLO11n,Czech__Czech_003345,D20,0.0528,False
YOLO11n,Czech__Czech_003345,D10,0.010489,False
YOLO11n,Czech__Czech_003362,D00,0.032778,False
YOLO11n,Czech__Czech_003377,D10,0.008533,False
YOLO11n,Czech__Czech_003377,D10,0.0201,False
YOLO11n,Czech__Czech_003444,D00,0.026578,True
YOLO11n,Czech__Czech_003444,D00,0.017767,True
YOLO11n,Czech__Czech_003444,D00,0.0128,False
YOLO11n,Czech__Czech_003448,D00,0.011978,True
YOLO11n,Czech__Czech_003479,D00,0.015667,False
YOLO11n,Czech__Czech_003479,D00,0.003917,False
YOLO11n,Czech__Czech_003481,D10,0.007367,False
YOLO11n,Czech__Czech_003512,D10,0.0068,True
YOLO11n,Czech__Czech_003536,D40,0.0034,False
YOLO11n,Czech__Czech_003543,D00,0.010106,False
YOLO11n,Czech__Czech_003543,D00,0.006533,False
YOLO11n,Czech__Czech_003544,D00,0.006625,False
YOLO11n,Czech__Czech_003544,D10,0.002811,False
YOLO11n,Czech__Czech_003565,D20,0.091056,False
YOLO11n,Czech__Czech_003565,D40,0.002708,False
YOLO11n,Czech__Czech_003584,D00,0.00665,False
YOLO11n,Czech__Czech_003584,D40,0.002833,False
YOLO11n,India__India_000005,D40,0.069144,True
YOLO11n,India__India_000052,D20,0.061871,False
YOLO11n,India__India_000052,D00,0.042245,False
YOLO11n,India__India_000052,D00,0.010417,False
YOLO11n,India__India_000052,D40,0.004618,False
YOLO11n,India__India_000052,D40,0.002843,False
YOLO11n,India__India_000052,D40,0.006362,False
YOLO11n,India__India_000052,D40,0.003268,False
YOLO11n,India__India_000052,D40,0.001316,False
YOLO11n,India__India_000052,D40,0.001576,False
YOLO11n,India__India_000055,D40,0.00598,False
YOLO11n,India__India_000099,D20,0.19963,True
YOLO11n,India__India_000102,D00,0.037431,False
YOLO11n,India__India_000102,D00,0.021227,False
YOLO11n,India__India_000184,D20,0.075185,False
YOLO11n,India__India_000193,D40,0.03125,False
YOLO11n,India__India_000193,D10,0.081528,False
YOLO11n,India__India_000193,D40,0.014356,False
YOLO11n,India__India_000224,D00,0.016042,False
YOLO11n,India__India_000261,D40,0.020158,False
YOLO11n,India__India_000270,D20,0.22571,False
YOLO11n,India__India_000270,D00,0.060687,False
YOLO11n,India__India_000272,D20,0.193287,True
YOLO11n,India__India_000283,D20,0.218912,True
YOLO11n,India__India_000285,D20,0.127037,False
YOLO11n,India__India_000288,D40,0.036159,False
YOLO11n,India__India_000288,D40,0.006478,False
YOLO11n,India__India_000368,D40,0.001943,True
YOLO11n,India__India_000368,D40,0.012346,False
YOLO11n,India__India_000368,D40,0.001943,True
YOLO11n,India__India_000368,D00,0.008727,False
YOLO11n,India__India_000368,D00,0.014931,False
YOLO11n,India__India_000392,D40,0.007639,False
YOLO11n,India__India_000412,D00,0.016933,False
YOLO11n,India__India_000412,D20,0.013289,False
YOLO11n,India__India_000428,D00,0.007969,False
YOLO11n,India__India_000455,D20,0.171782,True
YOLO11n,India__India_000471,D20,0.054919,False
YOLO11n,India__India_000483,D20,0.219473,True
YOLO11n,India__India_000494,D00,0.00679,False
YOLO11n,India__India_000494,D00,0.0125,False
YOLO11n,India__India_000532,D00,0.012944,False
YOLO11n,India__India_000532,D00,0.055957,False
YOLO11n,India__India_000548,D20,0.17336,False
YOLO11n,India__India_000561,D00,0.002392,False
YOLO11n,India__India_000563,D20,0.194437,False
YOLO11n,India__India_000563,D40,0.040613,False
YOLO11n,India__India_000575,D40,0.011779,True
YOLO11n,India__India_000575,D40,0.007099,False
YOLO11n,India__India_000576,D20,0.033603,False
YOLO11n,India__India_000576,D20,0.188515,True
YOLO11n,India__India_000576,D40,0.003009,False
YOLO11n,India__India_000580,D20,0.112153,False
YOLO11n,India__India_000580,D40,0.020903,False
YOLO11n,India__India_000595,D40,0.013611,False
YOLO11n,India__India_000595,D40,0.007637,False
YOLO11n,India__India_000595,D40,0.011574,False
YOLO11n,India__India_000609,D20,0.176013,True
YOLO11n,India__India_000609,D00,0.014954,False
YOLO11n,India__India_000627,D40,0.008669,False
YOLO11n,India__India_000646,D20,0.106202,True
YOLO11n,India__India_000646,D00,0.009429,False
YOLO11n,India__India_000646,D40,0.001678,False
YOLO11n,India__India_000684,D40,0.084877,False
YOLO11n,India__India_000684,D40,0.088202,True
YOLO11n,India__India_000732,D40,0.003987,False
YOLO11n,India__India_000742,D00,0.052431,False
YOLO11n,India__India_000744,D40,0.01466,False
YOLO11n,India__India_000744,D40,0.006144,False
YOLO11n,India__India_000775,D20,0.140046,True
YOLO11n,India__India_000808,D40,0.031748,True
YOLO11n,India__India_000808,D40,0.013889,True
YOLO11n,India__India_000808,D40,0.003812,False
YOLO11n,India__India_000808,D40,0.004552,False
YOLO11n,India__India_000808,D20,0.039198,False
YOLO11n,India__India_000833,D00,0.023171,False
YOLO11n,India__India_000833,D00,0.002909,False
YOLO11n,India__India_000839,D00,0.011848,False
YOLO11n,India__India_000839,D20,0.011848,False
YOLO11n,India__India_000891,D20,0.264444,True
YOLO11n,India__India_000917,D20,0.08724,False
YOLO11n,India__India_000917,D20,0.120324,False
YOLO11n,India__India_000919,D20,0.040799,False
YOLO11n,India__India_000919,D20,0.045191,False
YOLO11n,India__India_000922,D20,0.236806,True
YOLO11n,India__India_000936,D20,0.089877,True
YOLO11n,India__India_000946,D00,0.05739,False
YOLO11n,India__India_000946,D40,0.136782,False
YOLO11n,India__India_000949,D00,0.085556,False
YOLO11n,India__India_000949,D20,0.233594,False
YOLO11n,India__India_000964,D00,0.004294,True
YOLO11n,India__India_000964,D00,0.098333,True
YOLO11n,India__India_000964,D00,0.011019,False
YOLO11n,India__India_000971,D20,0.066836,False
YOLO11n,India__India_000991,D20,0.217577,True
YOLO11n,India__India_000994,D20,0.024373,True
YOLO11n,India__India_000994,D20,0.023185,False
YOLO11n,India__India_000994,D40,0.003086,True
YOLO11n,India__India_000994,D40,0.0061,False
YOLO11n,India__India_000994,D40,0.009761,False
YOLO11n,India__India_000994,D40,0.0061,False
YOLO11n,India__India_000994,D40,0.017392,False
YOLO11n,India__India_000994,D40,0.015328,False
YOLO11n,India__India_000994,D40,0.011883,False
YOLO11n,India__India_001023,D20,0.090567,False
YOLO11n,India__India_001042,D20,0.042762,True
YOLO11n,India__India_001042,D20,0.012099,False
YOLO11n,India__India_001056,D00,0.026628,False
YOLO11n,India__India_001056,D40,0.1563,True
YOLO11n,India__India_001056,D40,0.004691,False
YOLO11n,India__India_001069,D00,0.004051,False
YOLO11n,India__India_001069,D40,0.053897,False
YOLO11n,India__India_001069,D40,0.151341,True
YOLO11n,India__India_001077,D00,0.007824,False
YOLO11n,India__India_001103,D00,0.007639,True
YOLO11n,India__India_001103,D40,0.03608,False
YOLO11n,India__India_001125,D40,0.042824,False
YOLO11n,India__India_001125,D40,0.01565,False
YOLO11n,India__India_001138,D20,0.041696,True
YOLO11n,India__India_001141,D40,0.006134,True
YOLO11n,India__India_001141,D40,0.024676,False
YOLO11n,India__India_001141,D40,0.001713,False
YOLO11n,India__India_001141,D20,0.180064,True
YOLO11n,India__India_001143,D20,0.112963,True
YOLO11n,India__India_001168,D40,0.009767,False
YOLO11n,India__India_001176,D40,0.066435,True
YOLO11n,India__India_001187,D20,0.252025,True
YOLO11n,India__India_001232,D20,0.182222,True
YOLO11n,India__India_001232,D40,0.028735,False
YOLO11n,India__India_001241,D20,0.034857,False
YOLO11n,India__India_001253,D20,0.207697,True
YOLO11n,India__India_001266,D40,0.01488,False
YOLO11n,India__India_001266,D40,0.004429,True
YOLO11n,India__India_001266,D10,0.006559,False
YOLO11n,India__India_001266,D00,0.005625,False
YOLO11n,India__India_001291,D20,0.096921,False
YOLO11n,India__India_001368,D20,0.213997,True
YOLO11n,India__India_001424,D40,0.037751,False
YOLO11n,India__India_001432,D20,0.242384,True
YOLO11n,India__India_001450,D20,0.063465,True
YOLO11n,India__India_001450,D00,0.008976,True
YOLO11n,India__India_001478,D00,0.014132,False
YOLO11n,India__India_001478,D00,0.014132,False
YOLO11n,India__India_001478,D00,0.017253,False
YOLO11n,India__India_001493,D40,0.006157,False
YOLO11n,India__India_001493,D40,0.005845,True
YOLO11n,India__India_001541,D00,0.02577,True
YOLO11n,India__India_001541,D20,0.064919,False
YOLO11n,India__India_001553,D40,0.0061,False
YOLO11n,India__India_001574,D20,0.144163,True
YOLO11n,India__India_001580,D40,0.008854,False
YOLO11n,India__India_001585,D20,0.030644,False
YOLO11n,India__India_001585,D40,0.011811,True
YOLO11n,India__India_001585,D40,0.001846,False
YOLO11n,India__India_001599,D20,0.22592,True
YOLO11n,India__India_001611,D20,0.25566,False
YOLO11n,India__India_001623,D20,0.024884,True
YOLO11n,India__India_001625,D40,0.007193,False
YOLO11n,India__India_001625,D40,0.001534,True
YOLO11n,India__India_001630,D20,0.246991,True
YOLO11n,India__India_001630,D00,0.071497,False
YOLO11n,India__India_001669,D20,0.028175,False
YOLO11n,India__India_001687,D40,0.004167,True
YOLO11n,India__India_001687,D20,0.174167,False
YOLO11n,India__India_001687,D40,0.001466,True
YOLO11n,India__India_001687,D40,0.004167,False
YOLO11n,India__India_001687,D40,0.002716,True
YOLO11n,India__India_001687,D20,0.026887,False
YOLO11n,India__India_001709,D20,0.076111,False
YOLO11n,India__India_001716,D00,0.048611,False
YOLO11n,India__India_001723,D00,0.019456,False
YOLO11n,India__India_001744,D40,0.001389,False
YOLO11n,India__India_001744,D40,0.001389,False
YOLO11n,India__India_001744,D40,0.001389,False
YOLO11n,India__India_001744,D40,0.003125,True
YOLO11n,India__India_001746,D00,0.011179,False
YOLO11n,India__India_001755,D00,0.006154,False
YOLO11n,India__India_001786,D40,0.040664,False
YOLO11n,India__India_001787,D20,0.036748,True
YOLO11n,India__India_001787,D40,0.009761,False
YOLO11n,India__India_001803,D00,0.007812,False
YOLO11n,India__India_001821,D40,0.033333,False
YOLO11n,India__India_001821,D40,0.135503,True
YOLO11n,India__India_001821,D40,0.013542,False
YOLO11n,India__India_001821,D20,0.031597,False
YOLO11n,India__India_001832,D20,0.087946,True
YOLO11n,India__India_001844,D20,0.185957,True
YOLO11n,India__India_001844,D00,0.044252,False
YOLO11n,India__India_001853,D00,0.007384,True
YOLO11n,India__India_001865,D20,0.019608,True
YOLO11n,India__India_001865,D20,0.013773,False
YOLO11n,India__India_001865,D00,0.005874,False
YOLO11n,India__India_001865,D00,0.005995,False
YOLO11n,India__India_001865,D40,0.002658,False
YOLO11n,India__India_001881,D20,0.172596,True
YOLO11n,India__India_001887,D40,0.106563,False
YOLO11n,India__India_001887,D20,0.207934,True
YOLO11n,India__India_001907,D20,0.091497,True
YOLO11n,India__India_001907,D40,0.012963,False
YOLO11n,India__India_001958,D20,0.033542,True
YOLO11n,India__India_001970,D00,0.008657,True
YOLO11n,India__India_001982,D20,0.142593,True
YOLO11n,India__India_002007,D00,0.024361,True
YOLO11n,India__India_002007,D40,0.002025,False
YOLO11n,India__India_002007,D40,0.01402,False
YOLO11n,India__India_002020,D40,0.010833,False
YOLO11n,India__India_002020,D40,0.005571,False
YOLO11n,India__India_002020,D40,0.012315,False
YOLO11n,India__India_002020,D40,0.005571,False
YOLO11n,India__India_002020,D40,0.039539,False
YOLO11n,India__India_002020,D40,0.044687,False
YOLO11n,India__India_002020,D40,0.012037,False
YOLO11n,India__India_002020,D40,0.014082,False
YOLO11n,India__India_002025,D20,0.048698,False
YOLO11n,India__India_002030,D20,0.332377,False
YOLO11n,India__India_002067,D20,0.260293,True
YOLO11n,India__India_002105,D20,0.04696,True
YOLO11n,India__India_002105,D20,0.07988,True
YOLO11n,India__India_002184,D00,0.05435,False
YOLO11n,India__India_002184,D00,0.015463,True
YOLO11n,India__India_002201,D20,0.052245,False
YOLO11n,India__India_002201,D20,0.07397,False
YOLO11n,India__India_002201,D40,0.002135,True
YOLO11n,India__India_002201,D40,0.002135,False
YOLO11n,India__India_002201,D00,0.008056,False
YOLO11n,India__India_002227,D40,0.007321,True
YOLO11n,India__India_002227,D40,0.007321,False
YOLO11n,India__India_002227,D40,0.072664,True
YOLO11n,India__India_002279,D10,0.050264,False
YOLO11n,India__India_002344,D20,0.062085,False
YOLO11n,India__India_002376,D40,0.037147,True
YOLO11n,India__India_002376,D40,0.011406,True
YOLO11n,India__India_002376,D40,0.004498,False
YOLO11n,India__India_002376,D40,0.012413,False
YOLO11n,India__India_002390,D40,0.00224,False
YOLO11n,India__India_002390,D40,0.002865,False
YOLO11n,India__India_002426,D40,0.007963,False
YOLO11n,India__India_002426,D40,0.016385,False
YOLO11n,India__India_002426,D40,0.194172,False
YOLO11n,India__India_002437,D20,0.058754,True
YOLO11n,India__India_002437,D00,0.031044,True
YOLO11n,India__India_002447,D00,0.036312,False
YOLO11n,India__India_002447,D40,0.00678,False
YOLO11n,India__India_002459,D40,0.003349,False
YOLO11n,India__India_002466,D00,0.026022,False
YOLO11n,India__India_002553,D20,0.126794,False
YOLO11n,India__India_002553,D40,0.04456,False
YOLO11n,India__India_002573,D40,0.002346,False
YOLO11n,India__India_002582,D20,0.067622,True
YOLO11n,India__India_002594,D40,0.034757,False
YOLO11n,India__India_002594,D20,0.032101,True
YOLO11n,India__India_002594,D20,0.027037,False
YOLO11n,India__India_002616,D20,0.155401,True
YOLO11n,India__India_002616,D00,0.007523,False
YOLO11n,India__India_002652,D20,0.061453,False
YOLO11n,India__India_002652,D00,0.043436,False
YOLO11n,India__India_002664,D40,0.236952,True
YOLO11n,India__India_002666,D20,0.219097,True
YOLO11n,India__India_002668,D00,0.02228,False
YOLO11n,India__India_002668,D20,0.243731,True
YOLO11n,India__India_002673,D40,0.004583,False
YOLO11n,India__India_002681,D40,0.040278,False
YOLO11n,India__India_002681,D40,0.003468,False
YOLO11n,India__India_002681,D00,0.022704,False
YOLO11n,India__India_002713,D20,0.022153,False
YOLO11n,India__India_002713,D40,0.145505,True
YOLO11n,India__India_002716,D00,0.106667,False
YOLO11n,India__India_002726,D00,0.005444,False
YOLO11n,India__India_002726,D00,0.006667,False
YOLO11n,India__India_002735,D40,0.075478,False
YOLO11n,India__India_002759,D40,0.004329,True
YOLO11n,India__India_002771,D40,0.003164,True
YOLO11n,India__India_002787,D20,0.258796,True
YOLO11n,India__India_002795,D40,0.002853,True
YOLO11n,India__India_002795,D40,0.002853,True
YOLO11n,India__India_002795,D40,0.002853,False
YOLO11n,India__India_002795,D20,0.032407,False
YOLO11n,India__India_002804,D00,0.066705,False
YOLO11n,India__India_002804,D40,0.003187,False
YOLO11n,India__India_002804,D20,0.049377,False
YOLO11n,India__India_002860,D40,0.003148,False
YOLO11n,India__India_002901,D40,0.041211,False
YOLO11n,India__India_002921,D40,0.007022,True
YOLO11n,India__India_002925,D00,0.117843,True
YOLO11n,India__India_002925,D00,0.031057,False
YOLO11n,India__India_002925,D40,0.009167,False
YOLO11n,India__India_002954,D00,0.043056,False
YOLO11n,India__India_002954,D40,0.002377,True
YOLO11n,India__India_002954,D40,0.003461,False
YOLO11n,India__India_002954,D20,0.10966,True
YOLO11n,India__India_002976,D40,0.006566,True
YOLO11n,India__India_002995,D40,0.004985,False
YOLO11n,India__India_002995,D00,0.007512,False
YOLO11n,India__India_002995,D20,0.222058,True
YOLO11n,India__India_003013,D40,0.06669,False
YOLO11n,India__India_003013,D40,0.001833,False
YOLO11n,India__India_003013,D40,0.002876,False
YOLO11n,India__India_003013,D40,0.006395,False
YOLO11n,India__India_003013,D40,0.006395,False
YOLO11n,India__India_003013,D40,0.023322,False
YOLO11n,India__India_003013,D40,0.003819,False
YOLO11n,India__India_003013,D40,0.030341,False
YOLO11n,India__India_003034,D20,0.209144,True
YOLO11n,India__India_003049,D20,0.027654,False
YOLO11n,India__India_003049,D20,0.039786,False
YOLO11n,India__India_003049,D20,0.011406,False
YOLO11n,India__India_003056,D40,0.023225,False
YOLO11n,India__India_003056,D40,0.013146,True
YOLO11n,India__India_003056,D40,0.015096,False
YOLO11n,India__India_003056,D40,0.020417,False
YOLO11n,India__India_003056,D40,0.003819,False
YOLO11n,India__India_003056,D40,0.003819,False
YOLO11n,India__India_003100,D40,0.012625,True
YOLO11n,India__India_003100,D40,0.016397,False
YOLO11n,India__India_003100,D40,0.006198,False
YOLO11n,India__India_003100,D40,0.010864,False
YOLO11n,India__India_003100,D00,0.030104,False
YOLO11n,India__India_003120,D40,0.003472,True
YOLO11n,India__India_003120,D40,0.004525,False
YOLO11n,India__India_003143,D40,0.00331,False
YOLO11n,India__India_003143,D40,0.127604,False
YOLO11n,India__India_003152,D00,0.029334,False
YOLO11n,India__India_003152,D40,0.030405,False
YOLO11n,India__India_003152,D40,0.003765,False
YOLO11n,India__India_003153,D20,0.210986,True
YOLO11n,India__India_003153,D00,0.002411,False
YOLO11n,India__India_003186,D40,0.148619,True
YOLO11n,India__India_003186,D40,0.000623,False
YOLO11n,India__India_003214,D00,0.022429,False
YOLO11n,India__India_003214,D40,0.005266,False
YOLO11n,India__India_003236,D20,0.109172,False
YOLO11n,India__India_003236,D00,0.012031,False
YOLO11n,India__India_003239,D40,0.014178,False
YOLO11n,India__India_003256,D00,0.031563,False
YOLO11n,India__India_003256,D00,0.01284,False
YOLO11n,India__India_003272,D40,0.045787,False
YOLO11n,India__India_003310,D00,0.033272,False
YOLO11n,India__India_003310,D20,0.2386,False
YOLO11n,India__India_003312,D20,0.139091,True
YOLO11n,India__India_003312,D40,0.009174,False
YOLO11n,India__India_003318,D40,0.005498,False
YOLO11n,India__India_003318,D40,0.005498,False
YOLO11n,India__India_003320,D20,0.192704,True
YOLO11n,India__India_003368,D40,0.078086,True
YOLO11n,India__India_003368,D00,0.024498,False
YOLO11n,India__India_003376,D40,0.002199,True
YOLO11n,India__India_003376,D20,0.052041,False
YOLO11n,India__India_003376,D00,0.024784,False
YOLO11n,India__India_003391,D40,0.018744,False
YOLO11n,India__India_003412,D20,0.147454,False
YOLO11n,India__India_003412,D40,0.013542,True
YOLO11n,India__India_003414,D00,0.013665,False
YOLO11n,India__India_003414,D00,0.073333,True
YOLO11n,India__India_003414,D00,0.007373,False
YOLO11n,India__India_003414,D20,0.15321,False
YOLO11n,India__India_003426,D40,0.019182,False
YOLO11n,India__India_003431,D40,0.139815,False
YOLO11n,India__India_003431,D40,0.100311,False
YOLO11n,India__India_003443,D20,0.214444,True
YOLO11n,India__India_003443,D20,0.02934,False
YOLO11n,India__India_003444,D00,0.020583,False
YOLO11n,India__India_003445,D00,0.015278,False
YOLO11n,India__India_003482,D20,0.243981,True
YOLO11n,India__India_003482,D00,0.024792,False
YOLO11n,India__India_003491,D00,0.019545,True
YOLO11n,India__India_003491,D00,0.036944,False
YOLO11n,India__India_003491,D00,0.019545,False
YOLO11n,India__India_003494,D20,0.043547,True
YOLO11n,India__India_003496,D20,0.202002,False
YOLO11n,India__India_003496,D00,0.01331,False
YOLO11n,India__India_003507,D20,0.104821,False
YOLO11n,India__India_003522,D00,0.036381,False
YOLO11n,India__India_003535,D40,0.008542,True
YOLO11n,India__India_003535,D40,0.005469,False
YOLO11n,India__India_003535,D40,0.011786,False
YOLO11n,India__India_003535,D40,0.033056,False
YOLO11n,India__India_003535,D40,0.024479,False
YOLO11n,India__India_003535,D00,0.020332,False
YOLO11n,India__India_003556,D40,0.002238,True
YOLO11n,India__India_003556,D20,0.059028,True
YOLO11n,India__India_003561,D40,0.041879,True
YOLO11n,India__India_003561,D40,0.133407,True
YOLO11n,India__India_003561,D40,0.002604,False
YOLO11n,India__India_003561,D40,0.002604,False
YOLO11n,India__India_003568,D20,0.119136,True
YOLO11n,India__India_003569,D00,0.009529,False
YOLO11n,India__India_003592,D00,0.070123,False
YOLO11n,India__India_003592,D00,0.019298,False
YOLO11n,India__India_003599,D20,0.125521,False
YOLO11n,India__India_003601,D00,0.063993,False
YOLO11n,India__India_003601,D00,0.032292,True
YOLO11n,India__India_003601,D20,0.061354,False
YOLO11n,India__India_003605,D20,0.066015,True
YOLO11n,India__India_003610,D00,0.020451,False
YOLO11n,India__India_003610,D40,0.033704,False
YOLO11n,India__India_003610,D00,0.017855,False
YOLO11n,India__India_003652,D20,0.200212,True
YOLO11n,India__India_003674,D20,0.087654,False
YOLO11n,India__India_003674,D00,0.05679,True
YOLO11n,India__India_003674,D00,0.010625,False
YOLO11n,India__India_003683,D20,0.023873,False
YOLO11n,India__India_003697,D20,0.020494,False
YOLO11n,India__India_003697,D40,0.004012,False
YOLO11n,India__India_003742,D00,0.00276,False
YOLO11n,India__India_003757,D20,0.209576,False
YOLO11n,India__India_003760,D20,0.196811,True
YOLO11n,India__India_003761,D40,0.019356,False
YOLO11n,India__India_003766,D20,0.035712,True
YOLO11n,India__India_003766,D20,0.027618,False
YOLO11n,India__India_003784,D00,0.007897,True
YOLO11n,India__India_003789,D20,0.034236,False
YOLO11n,India__India_003814,D20,0.18125,False
YOLO11n,India__India_003831,D20,0.193472,False
YOLO11n,India__India_003842,D20,0.12037,False
YOLO11n,India__India_003842,D00,0.0087,False
YOLO11n,India__India_003842,D00,0.009965,False
YOLO11n,India__India_003842,D00,0.005177,False
YOLO11n,India__India_003857,D40,0.012963,True
YOLO11n,India__India_003857,D40,0.002751,True
YOLO11n,India__India_003857,D40,0.002517,True
YOLO11n,India__India_003857,D40,0.001464,True
YOLO11n,India__India_003857,D40,0.018715,False
YOLO11n,India__India_003857,D00,0.022245,False
YOLO11n,India__India_003857,D20,0.047639,True
YOLO11n,India__India_003857,D20,0.044444,False
YOLO11n,India__India_003917,D20,0.015085,False
YOLO11n,India__India_003925,D40,0.040509,False
YOLO11n,India__India_003925,D40,0.021667,True
YOLO11n,India__India_003925,D40,0.003349,False
YOLO11n,India__India_003929,D00,0.031184,True
YOLO11n,India__India_003944,D00,0.016811,False
YOLO11n,India__India_004081,D00,0.022145,False
YOLO11n,India__India_004092,D20,0.112039,False
YOLO11n,India__India_004092,D20,0.107938,True
YOLO11n,India__India_004100,D40,0.054321,False
YOLO11n,India__India_004100,D40,0.001734,True
YOLO11n,India__India_004138,D20,0.094946,True
YOLO11n,India__India_004154,D00,0.015673,False
YOLO11n,India__India_004157,D00,0.039398,False
YOLO11n,India__India_004157,D00,0.005469,False
YOLO11n,India__India_004176,D40,0.012245,False
YOLO11n,India__India_004176,D40,0.012245,False
YOLO11n,India__India_004185,D40,0.007209,False
YOLO11n,India__India_004185,D20,0.104722,False
YOLO11n,India__India_004199,D20,0.214892,True
YOLO11n,India__India_004199,D00,0.023968,True
YOLO11n,India__India_004199,D00,0.057662,False
YOLO11n,India__India_004226,D40,0.035907,False
YOLO11n,India__India_004226,D40,0.022097,False
YOLO11n,India__India_004243,D40,0.069435,False
YOLO11n,India__India_004256,D00,0.040073,False
YOLO11n,India__India_004256,D00,0.019167,False
YOLO11n,India__India_004256,D40,0.003827,True
YOLO11n,India__India_004256,D40,0.005793,False
YOLO11n,India__India_004256,D40,0.014429,False
YOLO11n,India__India_004256,D40,0.002037,False
YOLO11n,India__India_004256,D40,0.0014,False
YOLO11n,India__India_004256,D40,0.01538,False
YOLO11n,India__India_004290,D40,0.02375,False
YOLO11n,India__India_004290,D40,0.009792,False
YOLO11n,India__India_004298,D40,0.001613,True
YOLO11n,India__India_004315,D20,0.101065,True
YOLO11n,India__India_004352,D00,0.014367,False
YOLO11n,India__India_004352,D20,0.031215,False
YOLO11n,India__India_004352,D20,0.076422,False
YOLO11n,India__India_004359,D20,0.065741,False
YOLO11n,India__India_004374,D00,0.02755,True
YOLO11n,India__India_004421,D20,0.445972,False
YOLO11n,India__India_004430,D40,0.055683,False
YOLO11n,India__India_004449,D40,0.00858,False
YOLO11n,India__India_004449,D40,0.002971,False
YOLO11n,India__India_004449,D40,0.002971,False
YOLO11n,India__India_004465,D20,0.08265,True
YOLO11n,India__India_004468,D20,0.09511,False
YOLO11n,India__India_004472,D40,0.008895,True
YOLO11n,India__India_004472,D40,0.006138,False
YOLO11n,India__India_004472,D40,0.007041,False
YOLO11n,India__India_004472,D40,0.010833,False
YOLO11n,India__India_004472,D40,0.010833,False
YOLO11n,India__India_004472,D20,0.057292,False
YOLO11n,India__India_004482,D20,0.015448,False
YOLO11n,India__India_004489,D20,0.059159,False
YOLO11n,India__India_004489,D20,0.055015,False
YOLO11n,India__India_004489,D20,0.055015,False
YOLO11n,India__India_004508,D20,0.07146,False
YOLO11n,India__India_004512,D40,0.063356,False
YOLO11n,India__India_004512,D40,0.018526,False
YOLO11n,India__India_004512,D40,0.011574,False
YOLO11n,India__India_004513,D00,0.037593,False
YOLO11n,India__India_004513,D00,0.034581,False
YOLO11n,India__India_004553,D40,0.031184,False
YOLO11n,India__India_004562,D20,0.272454,True
YOLO11n,India__India_004565,D00,0.01233,False
YOLO11n,India__India_004565,D00,0.016296,False
YOLO11n,India__India_004565,D00,0.013272,False
YOLO11n,India__India_004565,D00,0.009047,False
YOLO11n,India__India_004565,D00,0.009047,False
YOLO11n,India__India_004592,D00,0.021935,False
YOLO11n,India__India_004592,D40,0.002025,False
YOLO11n,India__India_004592,D40,0.002025,False
YOLO11n,India__India_004592,D20,0.053472,False
YOLO11n,India__India_004599,D20,0.096314,True
YOLO11n,India__India_004655,D40,0.035417,False
YOLO11n,India__India_004655,D40,0.025625,False
YOLO11n,India__India_004671,D20,0.211983,True
YOLO11n,India__India_004690,D20,0.145313,True
YOLO11n,India__India_004700,D20,0.150521,True
YOLO11n,India__India_004715,D20,0.025625,False
YOLO11n,India__India_004721,D20,0.125278,True
YOLO11n,India__India_004726,D40,0.008432,False
YOLO11n,India__India_004727,D20,0.109834,True
YOLO11n,India__India_004743,D20,0.064892,False
YOLO11n,India__India_004743,D20,0.07571,False
YOLO11n,India__India_004755,D20,0.105845,True
YOLO11n,India__India_004755,D00,0.050793,False
YOLO11n,India__India_004755,D00,0.012139,False
YOLO11n,India__India_004755,D00,0.03586,False
YOLO11n,India__India_004755,D40,0.008794,True
YOLO11n,India__India_004755,D40,0.002377,False
YOLO11n,India__India_004755,D40,0.002377,False
YOLO11n,India__India_004755,D40,0.002377,False
YOLO11n,India__India_004758,D00,0.006173,False
YOLO11n,India__India_004759,D40,0.005203,True
YOLO11n,India__India_004759,D20,0.240179,True
YOLO11n,India__India_004798,D20,0.097253,True
YOLO11n,India__India_004819,D20,0.105849,True
YOLO11n,India__India_004828,D20,0.169622,True
YOLO11n,India__India_004828,D40,0.002122,False
YOLO11n,India__India_004828,D40,0.006564,True
YOLO11n,India__India_004876,D40,0.014769,False
YOLO11n,India__India_004876,D40,0.010683,False
YOLO11n,India__India_004887,D40,0.009228,True
YOLO11n,India__India_004887,D40,0.009128,True
YOLO11n,India__India_004887,D40,0.00598,False
YOLO11n,India__India_004887,D20,0.21403,True
YOLO11n,India__India_004911,D20,0.19735,True
YOLO11n,India__India_004944,D40,0.053472,False
YOLO11n,India__India_004944,D40,0.053472,True
YOLO11n,India__India_004944,D00,0.057037,False
YOLO11n,India__India_004982,D20,0.36081,False
YOLO11n,India__India_005014,D40,0.004389,False
YOLO11n,India__India_005022,D40,0.001458,False
YOLO11n,India__India_005022,D40,0.002257,False
YOLO11n,India__India_005022,D40,0.001458,False
YOLO11n,India__India_005022,D40,0.001458,False
YOLO11n,India__India_005022,D00,0.005266,False
YOLO11n,India__India_005036,D20,0.034589,False
YOLO11n,India__India_005036,D00,0.029977,False
YOLO11n,India__India_005036,D00,0.029977,False
YOLO11n,India__India_005081,D40,0.00217,False
YOLO11n,India__India_005081,D40,0.005278,False
YOLO11n,India__India_005081,D40,0.026821,False
YOLO11n,India__India_005081,D20,0.052099,False
YOLO11n,India__India_005090,D20,0.187807,True
YOLO11n,India__India_005129,D20,0.176736,True
YOLO11n,India__India_005129,D40,0.002951,True
YOLO11n,India__India_005138,D20,0.178501,True
YOLO11n,India__India_005138,D40,0.047647,False
YOLO11n,India__India_005186,D00,0.031944,False
YOLO11n,India__India_005214,D20,0.110735,True
YOLO11n,India__India_005219,D40,0.019907,True
YOLO11n,India__India_005219,D40,0.009786,False
YOLO11n,India__India_005219,D40,0.004618,False
YOLO11n,India__India_005219,D20,0.077953,False
YOLO11n,India__India_005219,D40,0.01718,False
YOLO11n,India__India_005219,D20,0.138117,False
YOLO11n,India__India_005254,D20,0.221651,True
YOLO11n,India__India_005260,D40,0.009336,True
YOLO11n,India__India_005260,D40,0.018333,True
YOLO11n,India__India_005277,D00,0.146499,False
YOLO11n,India__India_005278,D20,0.22858,True
YOLO11n,India__India_005284,D40,0.010451,True
YOLO11n,India__India_005284,D40,0.024846,False
YOLO11n,India__India_005284,D00,0.004113,False
YOLO11n,India__India_005284,D00,0.023769,False
YOLO11n,India__India_005284,D00,0.00488,False
YOLO11n,India__India_005284,D20,0.079375,False
YOLO11n,India__India_005302,D20,0.092988,False
YOLO11n,India__India_005316,D20,0.217978,True
YOLO11n,India__India_005369,D20,0.08777,False
YOLO11n,India__India_005394,D20,0.232465,True
YOLO11n,India__India_005394,D00,0.033229,False
YOLO11n,India__India_005394,D00,0.016487,False
YOLO11n,India__India_005411,D40,0.042442,False
YOLO11n,India__India_005411,D20,0.027124,False
YOLO11n,India__India_005422,D20,0.07081,False
YOLO11n,India__India_005439,D40,0.029815,False
YOLO11n,India__India_005439,D40,0.020544,False
YOLO11n,India__India_005439,D40,0.006833,False
YOLO11n,India__India_005458,D20,0.067095,False
YOLO11n,India__India_005519,D00,0.010741,False
YOLO11n,India__India_005519,D00,0.010741,False
YOLO11n,India__India_005519,D40,0.008765,False
YOLO11n,India__India_005519,D40,0.008765,False
YOLO11n,India__India_005543,D20,0.161838,True
YOLO11n,India__India_005543,D40,0.00446,False
YOLO11n,India__India_005545,D20,0.146339,False
YOLO11n,India__India_005545,D00,0.008341,False
YOLO11n,India__India_005545,D00,0.00625,False
YOLO11n,India__India_005545,D40,0.014703,False
YOLO11n,India__India_005569,D20,0.130656,True
YOLO11n,India__India_005569,D40,0.002558,False
YOLO11n,India__India_005593,D20,0.10343,True
YOLO11n,India__India_005636,D20,0.093499,False
YOLO11n,India__India_005656,D40,0.05787,True
YOLO11n,India__India_005656,D40,0.013872,False
YOLO11n,India__India_005656,D40,0.002965,False
YOLO11n,India__India_005656,D40,0.002965,False
YOLO11n,India__India_005672,D20,0.095147,False
YOLO11n,India__India_005672,D20,0.043889,False
YOLO11n,India__India_005681,D20,0.097639,False
YOLO11n,India__India_005681,D00,0.04,False
YOLO11n,India__India_005699,D20,0.08966,False
YOLO11n,India__India_005699,D00,0.086649,False
YOLO11n,India__India_005702,D00,0.036834,False
YOLO11n,India__India_005715,D20,0.045448,False
YOLO11n,India__India_005715,D40,0.015262,False
YOLO11n,India__India_005746,D20,0.006269,False
YOLO11n,India__India_005746,D20,0.00305,False
YOLO11n,India__India_005775,D40,0.006441,False
YOLO11n,India__India_005788,D20,0.170193,False
YOLO11n,India__India_005839,D20,0.083781,False
YOLO11n,India__India_005847,D20,0.11912,False
YOLO11n,India__India_005847,D00,0.049398,True
YOLO11n,India__India_005847,D00,0.005625,False
YOLO11n,India__India_005849,D20,0.024657,False
YOLO11n,India__India_005853,D00,0.035351,True
YOLO11n,India__India_005853,D00,0.008466,False
YOLO11n,India__India_005853,D20,0.105,False
YOLO11n,India__India_005875,D00,0.017963,False
YOLO11n,India__India_005875,D10,0.014221,False
YOLO11n,India__India_005878,D40,0.006441,False
YOLO11n,India__India_005878,D40,0.006441,False
YOLO11n,India__India_005878,D40,0.009508,False
YOLO11n,India__India_005881,D20,0.063403,True
YOLO11n,India__India_005881,D20,0.012924,False
YOLO11n,India__India_005905,D20,0.219616,True
YOLO11n,India__India_005921,D20,0.422037,False
YOLO11n,India__India_005949,D20,0.249132,True
YOLO11n,India__India_005974,D20,0.251574,True
YOLO11n,India__India_005994,D20,0.165191,True
YOLO11n,India__India_005994,D20,0.065914,False
YOLO11n,India__India_006014,D20,0.045992,False
YOLO11n,India__India_006014,D20,0.030544,False
YOLO11n,India__India_006014,D00,0.01592,False
YOLO11n,India__India_006026,D00,0.004263,False
YOLO11n,India__India_006026,D20,0.173891,True
YOLO11n,India__India_006063,D20,0.112778,True
YOLO11n,India__India_006076,D40,0.02941,False
YOLO11n,India__India_006094,D20,0.0325,False
YOLO11n,India__India_006100,D40,0.01918,False
YOLO11n,India__India_006100,D40,0.042562,False
YOLO11n,India__India_006100,D20,0.04875,False
YOLO11n,India__India_006121,D20,0.254213,False
YOLO11n,India__India_006121,D00,0.06146,False
YOLO11n,India__India_006128,D20,0.180127,True
YOLO11n,India__India_006201,D20,0.193229,False
YOLO11n,India__India_006201,D40,0.003796,True
YOLO11n,India__India_006201,D40,0.003796,False
YOLO11n,India__India_006201,D40,0.003796,False
YOLO11n,India__India_006201,D40,0.002188,False
YOLO11n,India__India_006201,D40,0.012413,False
YOLO11n,India__India_006215,D00,0.127969,True
YOLO11n,India__India_006219,D20,0.136698,True
YOLO11n,India__India_006238,D00,0.005903,False
YOLO11n,India__India_006238,D00,0.050174,False
YOLO11n,India__India_006238,D20,0.032662,False
YOLO11n,India__India_006238,D20,0.019842,False
YOLO11n,India__India_006241,D20,0.017461,False
YOLO11n,India__India_006248,D40,0.035253,False
YOLO11n,India__India_006248,D40,0.00553,False
YOLO11n,India__India_006248,D40,0.008791,True
YOLO11n,India__India_006248,D40,0.007373,False
YOLO11n,India__India_006260,D20,0.111337,True
YOLO11n,India__India_006260,D00,0.021055,False
YOLO11n,India__India_006275,D40,0.001784,True
YOLO11n,India__India_006275,D40,0.00564,False
YOLO11n,India__India_006275,D20,0.261867,False
YOLO11n,India__India_006286,D20,0.046698,True
YOLO11n,India__India_006297,D40,0.205372,True
YOLO11n,India__India_006310,D20,0.106337,True
YOLO11n,India__India_006325,D00,0.009884,False
YOLO11n,India__India_006325,D40,0.015312,False
YOLO11n,India__India_006325,D20,0.025721,False
YOLO11n,India__India_006325,D20,0.035301,False
YOLO11n,India__India_006325,D40,0.040949,False
YOLO11n,India__India_006328,D40,0.00174,False
YOLO11n,India__India_006336,D40,0.011559,False
YOLO11n,India__India_006381,D20,0.22897,True
YOLO11n,India__India_006395,D00,0.007147,False
YOLO11n,India__India_006395,D00,0.002407,False
YOLO11n,India__India_006395,D00,0.002407,False
YOLO11n,India__India_006395,D20,0.033758,False
YOLO11n,India__India_006395,D20,0.113395,True
YOLO11n,India__India_006398,D20,0.076834,False
YOLO11n,India__India_006462,D40,0.001563,True
YOLO11n,India__India_006473,D20,0.168017,False
YOLO11n,India__India_006473,D40,0.003372,False
YOLO11n,India__India_006473,D40,0.004444,False
YOLO11n,India__India_006473,D40,0.017297,False
YOLO11n,India__India_006473,D40,0.00659,False
YOLO11n,India__India_006493,D00,0.026181,False
YOLO11n,India__India_006493,D00,0.017512,False
YOLO11n,India__India_006493,D20,0.020469,False
YOLO11n,India__India_006502,D40,0.020409,False
YOLO11n,India__India_006545,D20,0.185214,True
YOLO11n,India__India_006633,D20,0.223426,True
YOLO11n,India__India_006633,D40,0.031335,False
YOLO11n,India__India_006633,D40,0.046094,False
YOLO11n,India__India_006640,D40,0.007888,False
YOLO11n,India__India_006640,D40,0.057564,False
YOLO11n,India__India_006640,D40,0.001784,False
YOLO11n,India__India_006640,D40,0.001784,False
YOLO11n,India__India_006640,D20,0.057564,False
YOLO11n,India__India_006643,D20,0.100201,False
YOLO11n,India__India_006643,D20,0.096038,False
YOLO11n,India__India_006645,D20,0.215226,True
YOLO11n,India__India_006665,D40,0.255594,True
YOLO11n,India__India_006665,D40,0.001273,False
YOLO11n,India__India_006690,D00,0.068241,False
YOLO11n,India__India_006692,D20,0.305941,True
YOLO11n,India__India_006698,D00,0.023958,False
YOLO11n,India__India_006715,D20,0.20559,True
YOLO11n,India__India_006730,D20,0.214028,True
YOLO11n,India__India_006773,D00,0.022097,False
YOLO11n,India__India_006813,D00,0.028287,False
YOLO11n,India__India_006820,D20,0.214043,True
YOLO11n,India__India_006851,D40,0.097724,True
YOLO11n,India__India_006851,D40,0.071019,False
YOLO11n,India__India_006867,D00,0.091433,False
YOLO11n,India__India_006920,D40,0.001782,False
YOLO11n,India__India_006920,D40,0.001782,False
YOLO11n,India__India_006920,D40,0.012747,False
YOLO11n,India__India_006973,D40,0.018538,False
YOLO11n,India__India_006973,D40,0.013326,False
YOLO11n,India__India_006973,D40,0.00179,False
YOLO11n,India__India_006973,D40,0.00179,False
YOLO11n,India__India_006973,D40,0.020824,False
YOLO11n,India__India_006998,D40,0.002294,False
YOLO11n,India__India_006999,D40,0.014691,True
YOLO11n,India__India_006999,D40,0.003187,False
YOLO11n,India__India_006999,D40,0.003187,False
YOLO11n,India__India_007007,D40,0.044512,False
YOLO11n,India__India_007024,D20,0.173148,True
YOLO11n,India__India_007037,D20,0.240604,True
YOLO11n,India__India_007071,D20,0.027691,False
YOLO11n,India__India_007071,D40,0.010243,True
YOLO11n,India__India_007071,D40,0.003472,True
YOLO11n,India__India_007071,D40,0.003472,False
YOLO11n,India__India_007071,D40,0.008943,False
YOLO11n,India__India_007071,D40,0.008943,False
YOLO11n,India__India_007071,D40,0.0299,False
YOLO11n,India__India_007072,D00,0.018306,True
YOLO11n,India__India_007088,D20,0.098478,False
YOLO11n,India__India_007132,D10,0.023823,False
YOLO11n,India__India_007132,D10,0.013843,False
YOLO11n,India__India_007138,D20,0.124539,True
YOLO11n,India__India_007148,D20,0.065961,True
YOLO11n,India__India_007159,D40,0.070052,False
YOLO11n,India__India_007159,D20,0.034606,True
YOLO11n,India__India_007159,D20,0.024298,False
YOLO11n,India__India_007172,D40,0.002469,False
YOLO11n,India__India_007172,D20,0.051389,False
YOLO11n,India__India_007178,D20,0.187002,True
YOLO11n,India__India_007194,D20,0.060966,True
YOLO11n,India__India_007224,D20,0.230741,True
YOLO11n,India__India_007246,D40,0.039062,False
YOLO11n,India__India_007281,D00,0.06669,False
YOLO11n,India__India_007281,D40,0.014275,False
YOLO11n,India__India_007309,D40,0.002164,False
YOLO11n,India__India_007309,D40,0.003704,False
YOLO11n,India__India_007309,D40,0.002164,False
YOLO11n,India__India_007323,D20,0.011887,False
YOLO11n,India__India_007357,D40,0.004259,False
YOLO11n,India__India_007377,D20,0.137515,True
YOLO11n,India__India_007383,D40,0.027708,False
YOLO11n,India__India_007418,D00,0.015648,False
YOLO11n,India__India_007418,D00,0.00973,False
YOLO11n,India__India_007418,D40,0.001566,False
YOLO11n,India__India_007431,D20,0.044462,False
YOLO11n,India__India_007457,D00,0.018229,True
YOLO11n,India__India_007457,D00,0.018634,False
YOLO11n,India__India_007463,D20,0.289722,True
YOLO11n,India__India_007470,D20,0.06847,False
YOLO11n,India__India_007470,D00,0.03159,False
YOLO11n,India__India_007478,D20,0.095646,False
YOLO11n,India__India_007491,D40,0.002951,False
YOLO11n,India__India_007491,D40,0.005874,False
YOLO11n,India__India_007492,D20,0.03261,False
YOLO11n,India__India_007492,D20,0.03261,False
YOLO11n,India__India_007511,D00,0.005557,False
YOLO11n,India__India_007511,D00,0.011713,False
YOLO11n,India__India_007529,D00,0.026703,False
YOLO11n,India__India_007529,D00,0.017446,True
YOLO11n,India__India_007529,D40,0.00652,False
YOLO11n,India__India_007533,D00,0.004051,False
YOLO11n,India__India_007533,D00,0.013735,False
YOLO11n,India__India_007539,D00,0.025899,False
YOLO11n,India__India_007539,D20,0.047622,True
YOLO11n,India__India_007565,D20,0.481377,False
YOLO11n,India__India_007565,D00,0.152436,True
YOLO11n,India__India_007584,D40,0.003333,False
YOLO11n,India__India_007618,D20,0.043615,False
YOLO11n,India__India_007618,D00,0.051667,False
YOLO11n,India__India_007618,D00,0.051906,False
YOLO11n,India__India_007627,D20,0.049375,False
YOLO11n,India__India_007627,D20,0.044128,True
YOLO11n,India__India_007627,D40,0.003704,False
YOLO11n,India__India_007647,D40,0.044722,False
YOLO11n,India__India_007647,D40,0.019097,False
YOLO11n,India__India_007688,D00,0.004525,False
YOLO11n,India__India_007689,D20,0.169647,False
YOLO11n,India__India_007706,D00,0.012238,False
YOLO11n,India__India_007706,D00,0.001287,False
YOLO11n,India__India_007706,D40,0.002751,False
YOLO11n,India__India_007706,D40,0.002751,False
YOLO11n,India__India_007706,D20,0.127334,True
YOLO11n,India__India_007706,D20,0.047033,False
YOLO11n,India__India_007720,D20,0.125085,True
YOLO11n,India__India_007720,D40,0.001188,False
YOLO11n,India__India_007720,D40,0.002853,False
YOLO11n,India__India_007720,D00,0.052814,False
YOLO11n,India__India_007722,D40,0.040135,False
YOLO11n,India__India_007735,D20,0.096017,True
YOLO11n,India__India_007735,D00,0.014234,False
YOLO11n,India__India_007735,D20,0.034722,False
YOLO11n,India__India_007735,D40,0.031481,False
YOLO11n,India__India_007740,D20,0.196674,True
YOLO11n,India__India_007740,D40,0.03858,False
YOLO11n,India__India_007741,D20,0.090081,False
YOLO11n,India__India_007769,D20,0.155496,True
YOLO11n,India__India_007781,D40,0.004983,True
YOLO11n,India__India_007781,D40,0.035486,False
YOLO11n,India__India_007781,D40,0.007625,False
YOLO11n,India__India_007781,D40,0.013646,False
YOLO11n,India__India_007781,D40,0.004983,False
YOLO11n,India__India_007791,D40,0.01765,False
YOLO11n,India__India_007791,D40,0.012004,False
YOLO11n,India__India_007791,D40,0.005853,False
YOLO11n,India__India_007844,D20,0.278356,True
YOLO11n,India__India_007849,D20,0.061493,False
YOLO11n,India__India_007849,D20,0.019699,False
YOLO11n,India__India_007863,D20,0.13526,False
YOLO11n,India__India_007863,D40,0.003333,False
YOLO11n,India__India_007863,D40,0.027093,False
YOLO11n,India__India_007906,D20,0.189888,True
YOLO11n,India__India_007911,D20,0.092159,False
YOLO11n,India__India_007911,D20,0.009491,False
YOLO11n,India__India_007964,D20,0.178538,True
YOLO11n,India__India_007998,D40,0.015428,False
YOLO11n,India__India_007998,D40,0.001454,True
YOLO11n,India__India_007998,D40,0.001863,False
YOLO11n,India__India_007998,D40,0.001454,False
YOLO11n,India__India_007998,D20,0.135098,True
YOLO11n,India__India_007998,D20,0.038021,False
YOLO11n,India__India_007998,D00,0.005284,False
YOLO11n,India__India_008007,D20,0.022859,False
YOLO11n,India__India_008007,D40,0.010694,False
YOLO11n,India__India_008012,D40,0.006279,True
YOLO11n,India__India_008012,D40,0.008463,False
YOLO11n,India__India_008012,D20,0.042517,False
YOLO11n,India__India_008017,D00,0.064772,True
YOLO11n,India__India_008017,D00,0.032386,True
YOLO11n,India__India_008017,D20,0.041262,False
YOLO11n,India__India_008017,D10,0.027064,False
YOLO11n,India__India_008017,D40,0.032386,False
YOLO11n,India__India_008022,D40,0.00401,True
YOLO11n,India__India_008022,D40,0.009128,False
YOLO11n,India__India_008022,D40,0.002222,False
YOLO11n,India__India_008022,D20,0.186528,False
YOLO11n,India__India_008022,D00,0.018148,False
YOLO11n,India__India_008022,D00,0.006173,False
YOLO11n,India__India_008022,D40,0.001574,False
YOLO11n,India__India_008027,D00,0.005739,False
YOLO11n,India__India_008027,D40,0.0136,False
YOLO11n,India__India_008037,D40,0.002512,True
YOLO11n,India__India_008037,D20,0.103636,False
YOLO11n,India__India_008068,D20,0.167296,True
YOLO11n,India__India_008079,D20,0.163027,True
YOLO11n,India__India_008084,D00,0.013287,False
YOLO11n,India__India_008084,D20,0.092442,True
YOLO11n,India__India_008084,D40,0.001755,False
YOLO11n,India__India_008099,D40,0.007211,False
YOLO11n,India__India_008099,D20,0.083681,False
YOLO11n,India__India_008103,D20,0.224549,True
YOLO11n,India__India_008154,D40,0.036121,False
YOLO11n,India__India_008154,D40,0.017662,False
YOLO11n,India__India_008154,D40,0.009649,False
YOLO11n,India__India_008159,D20,0.194107,True
YOLO11n,India__India_008162,D20,0.034857,False
YOLO11n,India__India_008190,D20,0.174412,True
YOLO11n,India__India_008250,D20,0.193565,True
YOLO11n,India__India_008250,D40,0.003333,False
YOLO11n,India__India_008254,D00,0.014645,False
YOLO11n,India__India_008254,D00,0.011713,False
YOLO11n,India__India_008254,D20,0.120185,False
YOLO11n,India__India_008257,D00,0.009182,False
YOLO11n,India__India_008257,D00,0.008657,False
YOLO11n,India__India_008257,D00,0.007099,False
YOLO11n,India__India_008257,D20,0.036944,False
YOLO11n,India__India_008257,D20,0.045579,False
YOLO11n,India__India_008266,D20,0.204414,True
YOLO11n,India__India_008280,D00,0.005604,False
YOLO11n,India__India_008280,D00,0.015309,False
YOLO11n,India__India_008280,D00,0.091264,False
YOLO11n,India__India_008284,D20,0.078837,True
YOLO11n,India__India_008313,D20,0.083268,False
YOLO11n,India__India_008322,D00,0.001719,False
YOLO11n,India__India_008322,D00,0.001719,False
YOLO11n,India__India_008329,D20,0.239016,True
YOLO11n,India__India_008333,D00,0.010758,False
YOLO11n,India__India_008333,D00,0.01037,False
YOLO11n,India__India_008333,D20,0.085839,False
YOLO11n,India__India_008340,D00,0.022344,False
YOLO11n,India__India_008340,D20,0.124815,True
YOLO11n,India__India_008374,D00,0.033478,False
YOLO11n,India__India_008374,D20,0.13782,False
YOLO11n,India__India_008374,D00,0.011667,False
YOLO11n,India__India_008400,D20,0.052245,False
YOLO11n,India__India_008400,D00,0.038773,False
YOLO11n,India__India_008400,D40,0.004147,False
YOLO11n,India__India_008407,D20,0.092448,True
YOLO11n,India__India_008407,D00,0.033727,False
YOLO11n,India__India_008430,D20,0.172448,True
YOLO11n,India__India_008436,D40,0.01191,False
YOLO11n,India__India_008440,D20,0.192438,True
YOLO11n,India__India_008440,D40,0.009965,True
YOLO11n,India__India_008446,D40,0.002971,False
YOLO11n,India__India_008458,D40,0.010822,False
YOLO11n,India__India_008458,D40,0.010822,False
YOLO11n,India__India_008471,D20,0.170509,True
YOLO11n,India__India_008471,D40,0.040912,False
YOLO11n,India__India_008496,D20,0.248148,True
YOLO11n,India__India_008557,D40,0.004321,True
YOLO11n,India__India_008565,D20,0.211022,True
YOLO11n,India__India_008574,D20,0.08162,False
YOLO11n,India__India_008575,D00,0.003783,False
YOLO11n,India__India_008582,D20,0.105247,False
YOLO11n,India__India_008582,D00,0.032465,False
YOLO11n,India__India_008582,D00,0.004159,False
YOLO11n,India__India_008584,D20,0.133873,True
YOLO11n,India__India_008588,D20,0.096296,True
YOLO11n,India__India_008588,D00,0.023704,False
YOLO11n,India__India_008610,D00,0.043534,False
YOLO11n,India__India_008623,D20,0.126393,False
YOLO11n,India__India_008657,D20,0.065644,False
YOLO11n,India__India_008657,D20,0.039647,False
YOLO11n,India__India_008673,D40,0.005185,False
YOLO11n,India__India_008673,D40,0.01412,False
YOLO11n,India__India_008673,D40,0.002573,True
YOLO11n,India__India_008673,D40,0.002573,False
YOLO11n,India__India_008673,D40,0.002629,False
YOLO11n,India__India_008676,D20,0.242674,False
YOLO11n,India__India_008676,D40,0.002122,False
YOLO11n,India__India_008676,D40,0.002122,False
YOLO11n,India__India_008677,D40,0.006771,True
YOLO11n,India__India_008682,D20,0.063499,False
YOLO11n,India__India_008682,D00,0.013349,False
YOLO11n,India__India_008682,D40,0.048634,False
YOLO11n,India__India_008682,D40,0.073949,False
YOLO11n,India__India_008682,D40,0.100791,True
YOLO11n,India__India_008711,D20,0.073765,False
YOLO11n,India__India_008726,D40,0.011034,True
YOLO11n,India__India_008739,D00,0.019242,False
YOLO11n,India__India_008745,D20,0.096084,True
YOLO11n,India__India_008745,D20,0.064687,False
YOLO11n,India__India_008745,D20,0.051771,False
YOLO11n,India__India_008752,D40,0.001283,False
YOLO11n,India__India_008752,D00,0.037292,False
YOLO11n,India__India_008752,D20,0.107639,False
YOLO11n,India__India_008755,D00,0.006968,False
YOLO11n,India__India_008792,D20,0.135903,True
YOLO11n,India__India_008839,D00,0.044263,False
YOLO11n,India__India_008853,D20,0.243549,True
YOLO11n,India__India_008867,D40,0.009182,True
YOLO11n,India__India_008867,D40,0.003385,True
YOLO11n,India__India_008867,D40,0.003385,False
YOLO11n,India__India_008886,D20,0.124884,False
YOLO11n,India__India_008906,D40,0.002357,True
YOLO11n,India__India_008906,D00,0.106406,True
YOLO11n,India__India_008906,D20,0.060694,False
YOLO11n,India__India_008909,D20,0.067083,True
YOLO11n,India__India_008918,D20,0.223592,True
YOLO11n,India__India_008928,D20,0.044878,False
YOLO11n,India__India_008928,D20,0.044878,False
YOLO11n,India__India_008960,D20,0.068704,True
YOLO11n,India__India_008969,D40,0.02445,True
YOLO11n,India__India_008969,D00,0.04478,False
YOLO11n,India__India_008969,D20,0.027083,False
YOLO11n,India__India_008969,D20,0.02363,False
YOLO11n,India__India_009004,D20,0.06713,False
YOLO11n,India__India_009039,D20,0.221991,True
YOLO11n,India__India_009041,D40,0.006389,True
YOLO11n,India__India_009041,D40,0.0063,False
YOLO11n,India__India_009041,D40,0.006389,False
YOLO11n,India__India_009041,D20,0.239429,True
YOLO11n,India__India_009041,D40,0.006562,False
YOLO11n,India__India_009063,D20,0.119761,True
YOLO11n,India__India_009096,D20,0.027392,False
YOLO11n,India__India_009122,D40,0.001655,True
YOLO11n,India__India_009122,D00,0.022346,False
YOLO11n,India__India_009133,D00,0.050467,False
YOLO11n,India__India_009133,D20,0.068503,True
YOLO11n,India__India_009133,D00,0.024549,False
YOLO11n,India__India_009138,D40,0.002797,False
YOLO11n,India__India_009138,D40,0.002797,False
YOLO11n,India__India_009138,D40,0.002797,False
YOLO11n,India__India_009157,D40,0.009693,False
YOLO11n,India__India_009157,D00,0.020231,False
YOLO11n,India__India_009167,D20,0.059689,False
YOLO11n,India__India_009167,D00,0.020145,True
YOLO11n,India__India_009167,D00,0.038619,True
YOLO11n,India__India_009212,D20,0.102917,True
YOLO11n,India__India_009212,D00,0.045739,False
YOLO11n,India__India_009214,D20,0.065245,False
YOLO11n,India__India_009214,D00,0.010469,False
YOLO11n,India__India_009214,D00,0.002405,False
YOLO11n,India__India_009221,D20,0.164603,True
YOLO11n,India__India_009221,D40,0.034074,False
YOLO11n,India__India_009226,D40,0.006591,False
YOLO11n,India__India_009226,D40,0.006591,True
YOLO11n,India__India_009226,D40,0.0087,True
YOLO11n,India__India_009226,D40,0.043476,False
YOLO11n,India__India_009226,D40,0.019533,True
YOLO11n,India__India_009226,D40,0.016933,False
YOLO11n,India__India_009226,D40,0.008777,False
YOLO11n,India__India_009226,D40,0.018634,False
YOLO11n,India__India_009245,D40,0.051584,True
YOLO11n,India__India_009245,D20,0.070633,False
YOLO11n,India__India_009245,D00,0.006821,False
YOLO11n,India__India_009254,D40,0.024846,False
YOLO11n,India__India_009254,D40,0.072025,False
YOLO11n,India__India_009254,D40,0.044045,False
YOLO11n,India__India_009254,D40,0.010914,False
YOLO11n,India__India_009281,D40,0.018503,False
YOLO11n,India__India_009284,D20,0.117321,True
YOLO11n,India__India_009297,D00,0.024537,False
YOLO11n,India__India_009297,D20,0.11294,False
YOLO11n,India__India_009297,D20,0.033073,False
YOLO11n,India__India_009320,D00,0.016397,False
YOLO11n,India__India_009359,D40,0.008488,True
YOLO11n,India__India_009381,D40,0.002529,False
YOLO11n,India__India_009381,D40,0.006165,False
YOLO11n,India__India_009381,D00,0.008831,False
YOLO11n,India__India_009381,D40,0.001728,False
YOLO11n,India__India_009391,D40,0.032813,False
YOLO11n,India__India_009391,D40,0.01114,False
YOLO11n,India__India_009394,D20,0.193065,True
YOLO11n,India__India_009406,D40,0.106736,False
YOLO11n,India__India_009406,D40,0.073872,False
YOLO11n,India__India_009428,D20,0.063426,True
YOLO11n,India__India_009428,D00,0.041427,False
YOLO11n,India__India_009445,D20,0.018495,False
YOLO11n,India__India_009446,D00,0.030502,False
YOLO11n,India__India_009505,D00,0.020156,True
YOLO11n,India__India_009505,D00,0.028519,False
YOLO11n,India__India_009541,D20,0.231574,True
YOLO11n,India__India_009564,D40,0.221053,True
YOLO11n,India__India_009564,D00,0.015122,False
YOLO11n,India__India_009564,D00,0.032612,False
YOLO11n,India__India_009579,D40,0.0189,True
YOLO11n,India__India_009583,D00,0.002315,False
YOLO11n,India__India_009583,D00,0.003704,False
YOLO11n,India__India_009595,D20,0.04456,True
YOLO11n,India__India_009595,D20,0.073758,True
YOLO11n,India__India_009600,D20,0.068899,False
YOLO11n,India__India_009600,D20,0.077066,True
YOLO11n,India__India_009625,D00,0.045833,False
YOLO11n,India__India_009640,D20,0.178881,True
YOLO11n,India__India_009640,D40,0.003318,False
YOLO11n,India__India_009656,D00,0.024549,False
YOLO11n,India__India_009656,D40,0.008102,False
YOLO11n,India__India_009656,D40,0.1612,True
YOLO11n,India__India_009666,D00,0.039091,False
YOLO11n,India__India_009666,D20,0.229456,True
YOLO11n,India__India_009675,D20,0.008652,False
YOLO11n,India__India_009719,D20,0.117052,True
YOLO11n,India__India_009723,D40,0.001833,False
YOLO11n,India__India_009723,D20,0.0261,False
YOLO11n,India__India_009751,D20,0.244473,True
YOLO11n,India__India_009752,D40,0.004963,False
YOLO11n,India__India_009793,D20,0.207778,False
YOLO11n,India__India_009794,D40,0.015017,False
YOLO11n,India__India_009794,D40,0.00414,False
YOLO11n,India__India_009794,D40,0.004699,False
YOLO11n,India__India_009813,D40,0.001823,False
YOLO11n,India__India_009834,D00,0.012525,False
YOLO11n,India__India_009842,D10,0.013349,False
YOLO11n,India__India_009842,D10,0.025729,False
YOLO11n,India__India_009842,D00,0.00537,False
YOLO11n,India__India_009847,D00,0.138889,False
YOLO11n,India__India_009856,D40,0.002257,False
YOLO11n,India__India_009856,D40,0.002917,True
YOLO11n,India__India_009856,D40,0.007668,False
YOLO11n,India__India_009856,D40,0.005818,False
YOLO11n,India__India_009856,D40,0.008922,False
YOLO11n,India__India_009856,D40,0.035177,False
YOLO11n,India__India_009856,D40,0.008519,False
YOLO11n,India__India_009856,D40,0.019433,False
YOLO11n,India__India_009880,D20,0.178227,True
YOLO11n,Japan__Japan_000001,D10,0.05865,False
YOLO11n,Japan__Japan_000001,D10,0.006125,False
YOLO11n,Japan__Japan_000004,D20,0.379919,False
YOLO11n,Japan__Japan_000020,D20,0.040347,False
YOLO11n,Japan__Japan_000020,D10,0.005928,True
YOLO11n,Japan__Japan_000020,D10,0.003072,False
YOLO11n,Japan__Japan_000020,D10,0.008125,True
YOLO11n,Japan__Japan_000020,D10,0.005172,False
YOLO11n,Japan__Japan_000020,D10,0.0049,False
YOLO11n,Japan__Japan_000028,D00,0.011375,True
YOLO11n,Japan__Japan_000042,D20,0.1273,True
YOLO11n,Japan__Japan_000042,D20,0.0048,False
YOLO11n,Japan__Japan_000051,D10,0.0085,True
YOLO11n,Japan__Japan_000051,D00,0.001933,False
YOLO11n,Japan__Japan_000058,D20,0.275614,False
YOLO11n,Japan__Japan_000063,D00,0.0407,True
YOLO11n,Japan__Japan_000070,D10,0.005814,True
YOLO11n,Japan__Japan_000070,D10,0.001367,False
YOLO11n,Japan__Japan_000073,D40,0.002217,False
YOLO11n,Japan__Japan_000080,D20,0.3536,True
YOLO11n,Japan__Japan_000089,D20,0.026283,False
YOLO11n,Japan__Japan_000089,D10,0.009525,False
YOLO11n,Japan__Japan_000090,D40,0.00855,True
YOLO11n,Japan__Japan_000091,D00,0.003786,True
YOLO11n,Japan__Japan_000097,D20,0.031244,True
YOLO11n,Japan__Japan_000097,D10,0.013864,False
YOLO11n,Japan__Japan_000097,D10,0.005989,False
YOLO11n,Japan__Japan_000113,D00,0.018706,True
YOLO11n,Japan__Japan_000113,D00,0.003694,True
YOLO11n,Japan__Japan_000117,D40,0.009306,True
YOLO11n,Japan__Japan_000117,D40,0.003681,False
YOLO11n,Japan__Japan_000117,D20,0.153303,True
YOLO11n,Japan__Japan_000126,D00,0.012708,False
YOLO11n,Japan__Japan_000127,D10,0.011122,True
YOLO11n,Japan__Japan_000129,D40,0.034744,False
YOLO11n,Japan__Japan_000144,D20,0.096611,True
YOLO11n,Japan__Japan_000144,D10,0.010206,False
YOLO11n,Japan__Japan_000144,D10,0.012278,True
YOLO11n,Japan__Japan_000146,D10,0.06435,True
YOLO11n,Japan__Japan_000146,D00,0.015111,False
YOLO11n,Japan__Japan_000151,D20,0.133322,True
YOLO11n,Japan__Japan_000152,D00,0.038644,True
YOLO11n,Japan__Japan_000171,D10,0.0441,False
YOLO11n,Japan__Japan_000179,D20,0.021022,False
YOLO11n,Japan__Japan_000179,D20,0.019822,False
YOLO11n,Japan__Japan_000188,D20,0.292578,True
YOLO11n,Japan__Japan_000224,D20,0.019933,False
YOLO11n,Japan__Japan_000234,D00,0.008889,False
YOLO11n,Japan__Japan_000234,D00,0.003942,False
YOLO11n,Japan__Japan_000246,D00,0.017767,False
YOLO11n,Japan__Japan_000246,D00,0.018911,True
YOLO11n,Japan__Japan_000246,D10,0.006,False
YOLO11n,Japan__Japan_000246,D10,0.02235,False
YOLO11n,Japan__Japan_000246,D00,0.003033,False
YOLO11n,Japan__Japan_000258,D00,0.010767,True
YOLO11n,Japan__Japan_000260,D20,0.18275,False
YOLO11n,Japan__Japan_000270,D20,0.230917,True
YOLO11n,Japan__Japan_000270,D40,0.003617,True
YOLO11n,Japan__Japan_000271,D20,0.125183,False
YOLO11n,Japan__Japan_000281,D20,0.364392,True
YOLO11n,Japan__Japan_000281,D40,0.001867,False
YOLO11n,Japan__Japan_000281,D40,0.00115,False
YOLO11n,Japan__Japan_000281,D40,0.001167,False
YOLO11n,Japan__Japan_000281,D40,0.00115,False
YOLO11n,Japan__Japan_000281,D40,0.001167,False
YOLO11n,Japan__Japan_000281,D40,0.001167,False
YOLO11n,Japan__Japan_000312,D00,0.033883,False
YOLO11n,Japan__Japan_000312,D00,0.034833,False
YOLO11n,Japan__Japan_000315,D20,0.233542,True
YOLO11n,Japan__Japan_000332,D40,0.002811,True
YOLO11n,Japan__Japan_000332,D40,0.005639,True
YOLO11n,Japan__Japan_000332,D20,0.049472,False
YOLO11n,Japan__Japan_000332,D40,0.000831,True
YOLO11n,Japan__Japan_000338,D20,0.138356,True
YOLO11n,Japan__Japan_000338,D20,0.06435,False
YOLO11n,Japan__Japan_000364,D20,0.044083,True
YOLO11n,Japan__Japan_000364,D40,0.007361,False
YOLO11n,Japan__Japan_000365,D00,0.029333,False
YOLO11n,Japan__Japan_000366,D20,0.073403,True
YOLO11n,Japan__Japan_000371,D20,0.02135,False
YOLO11n,Japan__Japan_000371,D10,0.050433,False
YOLO11n,Japan__Japan_000371,D10,0.00595,False
YOLO11n,Japan__Japan_000371,D10,0.003589,False
YOLO11n,Japan__Japan_000385,D20,0.156825,True
YOLO11n,Japan__Japan_000385,D20,0.018783,True
YOLO11n,Japan__Japan_000385,D00,0.003383,False
YOLO11n,Japan__Japan_000393,D10,0.04445,True
YOLO11n,Japan__Japan_000393,D10,0.01485,False
YOLO11n,Japan__Japan_000399,D00,0.016875,False
YOLO11n,Japan__Japan_000407,D20,0.234333,True
YOLO11n,Japan__Japan_000409,D20,0.254964,True
YOLO11n,Japan__Japan_000409,D00,0.078014,True
YOLO11n,Japan__Japan_000410,D20,0.080239,True
YOLO11n,Japan__Japan_000415,D20,0.2144,True
YOLO11n,Japan__Japan_000418,D20,0.030839,False
YOLO11n,Japan__Japan_000418,D20,0.0646,False
YOLO11n,Japan__Japan_000428,D20,0.077356,True
YOLO11n,Japan__Japan_000428,D20,0.014742,True
YOLO11n,Japan__Japan_000428,D20,0.007461,False
YOLO11n,Japan__Japan_000433,D20,0.036689,False
YOLO11n,Japan__Japan_000433,D10,0.015111,False
YOLO11n,Japan__Japan_000433,D20,0.015614,False
YOLO11n,Japan__Japan_000434,D00,0.008556,False
YOLO11n,Japan__Japan_000434,D00,0.0022,False
YOLO11n,Japan__Japan_000435,D20,0.039967,True
YOLO11n,Japan__Japan_000438,D20,0.179347,True
YOLO11n,Japan__Japan_000449,D40,0.002444,True
YOLO11n,Japan__Japan_000449,D40,0.005592,False
YOLO11n,Japan__Japan_000449,D20,0.1885,True
YOLO11n,Japan__Japan_000449,D40,0.000992,False
YOLO11n,Japan__Japan_000453,D40,0.002842,False
YOLO11n,Japan__Japan_000453,D20,0.026833,False
YOLO11n,Japan__Japan_000453,D20,0.091017,False
YOLO11n,Japan__Japan_000453,D20,0.091939,True
YOLO11n,Japan__Japan_000453,D00,0.021583,True
YOLO11n,Japan__Japan_000471,D20,0.0207,False
YOLO11n,Japan__Japan_000471,D00,0.006808,False
YOLO11n,Japan__Japan_000478,D10,0.03585,False
YOLO11n,Japan__Japan_000488,D20,0.281889,True
YOLO11n,Japan__Japan_000492,D00,0.006631,False
YOLO11n,Japan__Japan_000511,D20,0.088933,False
YOLO11n,Japan__Japan_000511,D00,0.031397,False
YOLO11n,Japan__Japan_000515,D00,0.007333,False
YOLO11n,Japan__Japan_000528,D00,0.024797,True
YOLO11n,Japan__Japan_000528,D00,0.008983,False
YOLO11n,Japan__Japan_000528,D20,0.028033,False
YOLO11n,Japan__Japan_000545,D20,0.052117,True
YOLO11n,Japan__Japan_000545,D20,0.014308,True
YOLO11n,Japan__Japan_000547,D00,0.004033,False
YOLO11n,Japan__Japan_000552,D40,0.003,True
YOLO11n,Japan__Japan_000552,D20,0.099181,True
YOLO11n,Japan__Japan_000567,D10,0.004161,True
YOLO11n,Japan__Japan_000567,D00,0.012278,True
YOLO11n,Japan__Japan_000583,D10,0.027,False
YOLO11n,Japan__Japan_000586,D10,0.008083,False
YOLO11n,Japan__Japan_000587,D00,0.009456,True
YOLO11n,Japan__Japan_000608,D20,0.111825,True
YOLO11n,Japan__Japan_000633,D20,0.025244,True
YOLO11n,Japan__Japan_000639,D40,0.005875,True
YOLO11n,Japan__Japan_000639,D40,0.008656,True
YOLO11n,Japan__Japan_000639,D20,0.382694,True
YOLO11n,Japan__Japan_000639,D40,0.002256,False
YOLO11n,Japan__Japan_000658,D10,0.007,True
YOLO11n,Japan__Japan_000658,D10,0.004061,True
YOLO11n,Japan__Japan_000664,D20,0.223667,False
YOLO11n,Japan__Japan_000684,D10,0.012367,True
YOLO11n,Japan__Japan_000717,D10,0.015,False
YOLO11n,Japan__Japan_000717,D00,0.022886,False
YOLO11n,Japan__Japan_000717,D00,0.02225,False
YOLO11n,Japan__Japan_000728,D20,0.143689,True
YOLO11n,Japan__Japan_000728,D10,0.0034,False
YOLO11n,Japan__Japan_000728,D10,0.007,False
YOLO11n,Japan__Japan_000728,D10,0.0022,False
YOLO11n,Japan__Japan_000776,D00,0.013017,False
YOLO11n,Japan__Japan_000781,D20,0.073194,False
YOLO11n,Japan__Japan_000790,D20,0.210328,True
YOLO11n,Japan__Japan_000790,D40,0.023078,False
YOLO11n,Japan__Japan_000793,D00,0.0023,False
YOLO11n,Japan__Japan_000807,D20,0.063175,False
YOLO11n,Japan__Japan_000807,D10,0.002875,False
YOLO11n,Japan__Japan_000808,D20,0.211575,True
YOLO11n,Japan__Japan_000810,D20,0.0442,False
YOLO11n,Japan__Japan_000810,D20,0.010889,False
YOLO11n,Japan__Japan_000810,D20,0.079567,False
YOLO11n,Japan__Japan_000825,D40,0.003296,True
YOLO11n,Japan__Japan_000825,D40,0.005082,False
YOLO11n,Japan__Japan_000825,D40,0.007041,False
YOLO11n,Japan__Japan_000825,D00,0.014778,False
YOLO11n,Japan__Japan_000825,D20,0.418221,False
YOLO11n,Japan__Japan_000829,D20,0.322794,True
YOLO11n,Japan__Japan_000852,D10,0.05445,False
YOLO11n,Japan__Japan_000852,D00,0.023075,True
YOLO11n,Japan__Japan_000852,D10,0.0226,True
YOLO11n,Japan__Japan_000852,D00,0.008356,False
YOLO11n,Japan__Japan_000859,D20,0.330533,True
YOLO11n,Japan__Japan_000867,D20,0.372211,True
YOLO11n,Japan__Japan_000889,D20,0.3354,True
YOLO11n,Japan__Japan_000891,D10,0.0025,False
YOLO11n,Japan__Japan_000891,D10,0.007178,False
YOLO11n,Japan__Japan_000895,D20,0.108294,False
YOLO11n,Japan__Japan_000895,D00,0.011167,False
YOLO11n,Japan__Japan_000910,D20,0.092808,True
YOLO11n,Japan__Japan_000910,D20,0.085944,False
YOLO11n,Japan__Japan_000910,D20,0.02805,False
YOLO11n,Japan__Japan_000918,D10,0.006944,False
YOLO11n,Japan__Japan_000918,D10,0.0054,False
YOLO11n,Japan__Japan_000918,D10,0.002961,False
YOLO11n,Japan__Japan_000929,D20,0.117347,True
YOLO11n,Japan__Japan_000929,D20,0.117875,False
YOLO11n,Japan__Japan_000933,D00,0.003125,False
YOLO11n,Japan__Japan_000933,D10,0.002958,False
YOLO11n,Japan__Japan_000933,D00,0.014914,False
YOLO11n,Japan__Japan_000933,D10,0.0205,False
YOLO11n,Japan__Japan_000933,D10,0.008067,False
YOLO11n,Japan__Japan_000933,D20,0.01225,False
YOLO11n,Japan__Japan_000945,D20,0.2747,True
YOLO11n,Japan__Japan_000949,D40,0.00525,False
YOLO11n,Japan__Japan_000949,D40,0.003133,False
YOLO11n,Japan__Japan_000949,D40,0.003542,False
YOLO11n,Japan__Japan_000949,D20,0.050219,False
YOLO11n,Japan__Japan_000980,D20,0.044728,False
YOLO11n,Japan__Japan_001000,D20,0.296867,True
YOLO11n,Japan__Japan_001024,D00,0.002928,False
YOLO11n,Japan__Japan_001038,D20,0.0221,True
YOLO11n,Japan__Japan_001043,D00,0.003178,True
YOLO11n,Japan__Japan_001043,D20,0.006125,False
YOLO11n,Japan__Japan_001044,D10,0.003111,False
YOLO11n,Japan__Japan_001044,D10,0.002792,False
YOLO11n,Japan__Japan_001044,D10,0.002917,False
YOLO11n,Japan__Japan_001044,D10,0.000528,False
YOLO11n,Japan__Japan_001058,D20,0.054625,True
YOLO11n,Japan__Japan_001058,D10,0.009567,False
YOLO11n,Japan__Japan_001058,D10,0.0048,True
YOLO11n,Japan__Japan_001058,D10,0.003447,False
YOLO11n,Japan__Japan_001071,D20,0.194528,True
YOLO11n,Japan__Japan_001071,D10,0.022489,True
YOLO11n,Japan__Japan_001071,D10,0.0072,True
YOLO11n,Japan__Japan_001071,D20,0.086333,False
YOLO11n,Japan__Japan_001079,D20,0.195572,True
YOLO11n,Japan__Japan_001079,D00,0.006989,False
YOLO11n,Japan__Japan_001079,D20,0.026833,False
YOLO11n,Japan__Japan_001079,D00,0.007367,False
YOLO11n,Japan__Japan_001087,D00,0.040119,True
YOLO11n,Japan__Japan_001087,D40,0.005067,False
YOLO11n,Japan__Japan_001087,D40,0.004667,False
YOLO11n,Japan__Japan_001099,D20,0.319444,True
YOLO11n,Japan__Japan_001104,D10,0.0144,False
YOLO11n,Japan__Japan_001112,D20,0.137258,True
YOLO11n,Japan__Japan_001112,D20,0.016192,False
YOLO11n,Japan__Japan_001129,D00,0.069886,False
YOLO11n,Japan__Japan_001130,D20,0.348578,True
YOLO11n,Japan__Japan_001145,D10,0.0098,False
YOLO11n,Japan__Japan_001145,D10,0.005272,False
YOLO11n,Japan__Japan_001145,D00,0.015925,True
YOLO11n,Japan__Japan_001145,D10,0.0102,False
YOLO11n,Japan__Japan_001159,D20,0.021,False
YOLO11n,Japan__Japan_001159,D20,0.071319,True
YOLO11n,Japan__Japan_001159,D10,0.019528,False
YOLO11n,Japan__Japan_001185,D20,0.095317,True
YOLO11n,Japan__Japan_001185,D10,0.048056,True
YOLO11n,Japan__Japan_001185,D00,0.043917,False
YOLO11n,Japan__Japan_001219,D00,0.013978,True
YOLO11n,Japan__Japan_001219,D00,0.006525,False
YOLO11n,Japan__Japan_001219,D00,0.002375,False
YOLO11n,Japan__Japan_001219,D00,0.011244,False
YOLO11n,Japan__Japan_001219,D00,0.004783,False
YOLO11n,Japan__Japan_001219,D10,0.005022,False
YOLO11n,Japan__Japan_001228,D40,0.007794,False
YOLO11n,Japan__Japan_001228,D40,0.003611,True
YOLO11n,Japan__Japan_001228,D40,0.0506,False
YOLO11n,Japan__Japan_001228,D40,0.001089,False
YOLO11n,Japan__Japan_001228,D40,0.000639,False
YOLO11n,Japan__Japan_001228,D20,0.015708,False
YOLO11n,Japan__Japan_001238,D10,0.061011,False
YOLO11n,Japan__Japan_001239,D00,0.008217,True
YOLO11n,Japan__Japan_001239,D10,0.007761,True
YOLO11n,Japan__Japan_001241,D40,0.008306,True
YOLO11n,Japan__Japan_001242,D20,0.258533,True
YOLO11n,Japan__Japan_001245,D00,0.018017,True
YOLO11n,Japan__Japan_001252,D40,0.008158,True
YOLO11n,Japan__Japan_001252,D40,0.003644,True
YOLO11n,Japan__Japan_001252,D20,0.198817,False
YOLO11n,Japan__Japan_001252,D20,0.191217,False
YOLO11n,Japan__Japan_001257,D20,0.3717,True
YOLO11n,Japan__Japan_001257,D40,0.005194,True
YOLO11n,Japan__Japan_001257,D40,0.001944,False
YOLO11n,Japan__Japan_001257,D10,0.005439,False
YOLO11n,Japan__Japan_001264,D20,0.13685,True
YOLO11n,Japan__Japan_001264,D20,0.110847,False
YOLO11n,Japan__Japan_001266,D10,0.031533,True
YOLO11n,Japan__Japan_001278,D00,0.049347,True
YOLO11n,Japan__Japan_001287,D20,0.040422,True
YOLO11n,Japan__Japan_001295,D00,0.015406,False
YOLO11n,Japan__Japan_001304,D20,0.075167,True
YOLO11n,Japan__Japan_001304,D20,0.027083,True
YOLO11n,Japan__Japan_001304,D00,0.007792,False
YOLO11n,Japan__Japan_001319,D40,0.009244,False
YOLO11n,Japan__Japan_001319,D40,0.013019,False
YOLO11n,Japan__Japan_001319,D20,0.022694,False
YOLO11n,Japan__Japan_001319,D20,0.015442,False
YOLO11n,Japan__Japan_001319,D40,0.0017,False
YOLO11n,Japan__Japan_001320,D10,0.00795,False
YOLO11n,Japan__Japan_001325,D20,0.2088,True
YOLO11n,Japan__Japan_001325,D20,0.022,True
YOLO11n,Japan__Japan_001325,D10,0.041875,True
YOLO11n,Japan__Japan_001327,D40,0.004792,False
YOLO11n,Japan__Japan_001327,D20,0.190122,True
YOLO11n,Japan__Japan_001362,D40,0.002444,True
YOLO11n,Japan__Japan_001362,D40,0.001056,True
YOLO11n,Japan__Japan_001362,D40,0.001833,False
YOLO11n,Japan__Japan_001362,D20,0.206933,True
YOLO11n,Japan__Japan_001386,D10,0.002203,True
YOLO11n,Japan__Japan_001396,D10,0.0124,True
YOLO11n,Japan__Japan_001396,D00,0.020322,False
YOLO11n,Japan__Japan_001396,D10,0.003675,False
YOLO11n,Japan__Japan_001396,D10,0.001567,False
YOLO11n,Japan__Japan_001396,D10,0.00075,False
YOLO11n,Japan__Japan_001396,D10,0.000689,False
YOLO11n,Japan__Japan_001396,D10,0.000389,False
YOLO11n,Japan__Japan_001423,D10,0.010039,True
YOLO11n,Japan__Japan_001423,D10,0.004667,True
YOLO11n,Japan__Japan_001432,D00,0.02025,False
YOLO11n,Japan__Japan_001439,D20,0.434483,True
YOLO11n,Japan__Japan_001441,D40,0.009778,False
YOLO11n,Japan__Japan_001441,D40,0.0017,False
YOLO11n,Japan__Japan_001441,D40,0.003267,False
YOLO11n,Japan__Japan_001441,D10,0.033692,True
YOLO11n,Japan__Japan_001457,D00,0.008783,True
YOLO11n,Japan__Japan_001457,D10,0.014,True
YOLO11n,Japan__Japan_001459,D20,0.158122,False
YOLO11n,Japan__Japan_001485,D00,0.012744,False
YOLO11n,Japan__Japan_001486,D00,0.053658,True
YOLO11n,Japan__Japan_001486,D00,0.046006,False
YOLO11n,Japan__Japan_001502,D40,0.039356,False
YOLO11n,Japan__Japan_001507,D20,0.324711,True
YOLO11n,Japan__Japan_001530,D20,0.076633,False
YOLO11n,Japan__Japan_001533,D20,0.051956,True
YOLO11n,Japan__Japan_001533,D10,0.027361,True
YOLO11n,Japan__Japan_001533,D10,0.006528,False
YOLO11n,Japan__Japan_001534,D20,0.01075,False
YOLO11n,Japan__Japan_001534,D20,0.063933,True
YOLO11n,Japan__Japan_001534,D10,0.006167,True
YOLO11n,Japan__Japan_001534,D10,0.029133,True
YOLO11n,Japan__Japan_001537,D40,0.003625,True
YOLO11n,Japan__Japan_001537,D20,0.103233,True
YOLO11n,Japan__Japan_001537,D10,0.00625,False
YOLO11n,Japan__Japan_001557,D00,0.0207,True
YOLO11n,Japan__Japan_001557,D10,0.014983,False
YOLO11n,Japan__Japan_001558,D00,0.012344,False
YOLO11n,Japan__Japan_001559,D20,0.373667,True
YOLO11n,Japan__Japan_001560,D20,0.204733,True
YOLO11n,Japan__Japan_001570,D20,0.492017,True
YOLO11n,Japan__Japan_001570,D00,0.015167,False
YOLO11n,Japan__Japan_001570,D20,0.115933,True
YOLO11n,Japan__Japan_001570,D20,0.32585,True
YOLO11n,Japan__Japan_001576,D00,0.023917,False
YOLO11n,Japan__Japan_001576,D20,0.0468,True
YOLO11n,Japan__Japan_001576,D00,0.016033,False
YOLO11n,Japan__Japan_001616,D20,0.301556,True
YOLO11n,Japan__Japan_001616,D10,0.011528,True
YOLO11n,Japan__Japan_001616,D10,0.015094,False
YOLO11n,Japan__Japan_001627,D20,0.235417,True
YOLO11n,Japan__Japan_001640,D20,0.315167,True
YOLO11n,Japan__Japan_001652,D10,0.0224,True
YOLO11n,Japan__Japan_001656,D20,0.322472,True
YOLO11n,Japan__Japan_001656,D40,0.003872,False
YOLO11n,Japan__Japan_001664,D00,0.015289,False
YOLO11n,Japan__Japan_001664,D00,0.0048,False
YOLO11n,Japan__Japan_001664,D00,0.026875,False
YOLO11n,Japan__Japan_001664,D10,0.011583,True
YOLO11n,Japan__Japan_001666,D20,0.220625,True
YOLO11n,Japan__Japan_001669,D20,0.043542,True
YOLO11n,Japan__Japan_001669,D20,0.022003,True
YOLO11n,Japan__Japan_001677,D20,0.085372,True
YOLO11n,Japan__Japan_001677,D20,0.020611,True
YOLO11n,Japan__Japan_001677,D20,0.044286,False
YOLO11n,Japan__Japan_001677,D20,0.040119,False
YOLO11n,Japan__Japan_001680,D40,0.0034,False
YOLO11n,Japan__Japan_001683,D20,0.101383,True
YOLO11n,Japan__Japan_001690,D20,0.122069,False
YOLO11n,Japan__Japan_001690,D10,0.087075,True
YOLO11n,Japan__Japan_001690,D10,0.003106,True
YOLO11n,Japan__Japan_001690,D10,0.007653,True
YOLO11n,Japan__Japan_001690,D10,0.011711,False
YOLO11n,Japan__Japan_001690,D10,0.011358,False
YOLO11n,Japan__Japan_001692,D00,0.01395,False
YOLO11n,Japan__Japan_001694,D20,0.019067,False
YOLO11n,Japan__Japan_001696,D20,0.0976,True
YOLO11n,Japan__Japan_001696,D10,0.018569,True
YOLO11n,Japan__Japan_001696,D10,0.002933,True
YOLO11n,Japan__Japan_001696,D10,0.006017,False
YOLO11n,Japan__Japan_001708,D20,0.109767,True
YOLO11n,Japan__Japan_001708,D20,0.096056,True
YOLO11n,Japan__Japan_001708,D10,0.005561,False
YOLO11n,Japan__Japan_001713,D20,0.026944,True
YOLO11n,Japan__Japan_001713,D00,0.060558,False
YOLO11n,Japan__Japan_001724,D40,0.003656,True
YOLO11n,Japan__Japan_001724,D40,0.005467,True
YOLO11n,Japan__Japan_001724,D40,0.002528,True
YOLO11n,Japan__Japan_001724,D40,0.0148,False
YOLO11n,Japan__Japan_001724,D40,0.009567,False
YOLO11n,Japan__Japan_001733,D00,0.023,True
YOLO11n,Japan__Japan_001733,D10,0.003642,False
YOLO11n,Japan__Japan_001736,D20,0.402489,True
YOLO11n,Japan__Japan_001742,D00,0.009822,False
YOLO11n,Japan__Japan_001742,D00,0.007175,False
YOLO11n,Japan__Japan_001791,D40,0.0056,False
YOLO11n,Japan__Japan_001791,D40,0.005583,False
YOLO11n,Japan__Japan_001802,D20,0.183069,True
YOLO11n,Japan__Japan_001802,D40,0.003733,False
YOLO11n,Japan__Japan_001804,D10,0.016236,True
YOLO11n,Japan__Japan_001809,D20,0.116167,True
YOLO11n,Japan__Japan_001809,D10,0.006356,False
YOLO11n,Japan__Japan_001817,D00,0.010472,False
YOLO11n,Japan__Japan_001817,D10,0.011167,False
YOLO11n,Japan__Japan_001817,D10,0.008233,False
YOLO11n,Japan__Japan_001857,D10,0.008342,True
YOLO11n,Japan__Japan_001857,D10,0.004153,False
YOLO11n,Japan__Japan_001857,D00,0.05035,True
YOLO11n,Japan__Japan_001857,D00,0.026542,False
YOLO11n,Japan__Japan_001868,D20,0.168583,True
YOLO11n,Japan__Japan_001868,D20,0.208022,True
YOLO11n,Japan__Japan_001879,D00,0.021883,True
YOLO11n,Japan__Japan_001881,D00,0.014,False
YOLO11n,Japan__Japan_001881,D10,0.0315,True
YOLO11n,Japan__Japan_001881,D00,0.0087,False
YOLO11n,Japan__Japan_001881,D10,0.007394,False
YOLO11n,Japan__Japan_001881,D10,0.013411,False
YOLO11n,Japan__Japan_001889,D00,0.027806,False
YOLO11n,Japan__Japan_001889,D00,0.0161,False
YOLO11n,Japan__Japan_001889,D00,0.00875,False
YOLO11n,Japan__Japan_001896,D20,0.087153,True
YOLO11n,Japan__Japan_001896,D20,0.022508,False
YOLO11n,Japan__Japan_001897,D10,0.009894,True
YOLO11n,Japan__Japan_001897,D10,0.005111,False
YOLO11n,Japan__Japan_001898,D20,0.076922,True
YOLO11n,Japan__Japan_001898,D40,0.001464,False
YOLO11n,Japan__Japan_001898,D10,0.00475,False
YOLO11n,Japan__Japan_001898,D10,0.007292,True
YOLO11n,Japan__Japan_001898,D10,0.004117,False
YOLO11n,Japan__Japan_001916,D40,0.014025,True
YOLO11n,Japan__Japan_001916,D20,0.3456,True
YOLO11n,Japan__Japan_001926,D10,0.013533,True
YOLO11n,Japan__Japan_001926,D10,0.01485,True
YOLO11n,Japan__Japan_001926,D10,0.012911,False
YOLO11n,Japan__Japan_001938,D20,0.135508,True
YOLO11n,Japan__Japan_001938,D20,0.308525,True
YOLO11n,Japan__Japan_001944,D20,0.062333,False
YOLO11n,Japan__Japan_001944,D00,0.004217,True
YOLO11n,Japan__Japan_001953,D20,0.070361,False
YOLO11n,Japan__Japan_001957,D00,0.013597,True
YOLO11n,Japan__Japan_001969,D20,0.096806,True
YOLO11n,Japan__Japan_001975,D20,0.029403,False
YOLO11n,Japan__Japan_001977,D20,0.079978,False
YOLO11n,Japan__Japan_001977,D20,0.1608,True
YOLO11n,Japan__Japan_001984,D40,0.012278,True
YOLO11n,Japan__Japan_001989,D00,0.082242,False
YOLO11n,Japan__Japan_001989,D10,0.008353,False
YOLO11n,Japan__Japan_001989,D00,0.028528,False
YOLO11n,Japan__Japan_001989,D00,0.1068,False
YOLO11n,Japan__Japan_001989,D10,0.0205,False
YOLO11n,Japan__Japan_001989,D00,0.012425,False
YOLO11n,Japan__Japan_001991,D20,0.019583,False
YOLO11n,Japan__Japan_001999,D00,0.024475,True
YOLO11n,Japan__Japan_002009,D20,0.153222,True
YOLO11n,Japan__Japan_002009,D20,0.072833,True
YOLO11n,Japan__Japan_002042,D20,0.091,True
YOLO11n,Japan__Japan_002042,D20,0.101158,False
YOLO11n,Japan__Japan_002047,D20,0.2076,True
YOLO11n,Japan__Japan_002055,D10,0.050656,False
YOLO11n,Japan__Japan_002055,D10,0.0258,True
YOLO11n,Japan__Japan_002055,D10,0.007222,False
YOLO11n,Japan__Japan_002055,D10,0.001417,False
YOLO11n,Japan__Japan_002086,D00,0.1313,True
YOLO11n,Japan__Japan_002102,D00,0.092433,False
YOLO11n,Japan__Japan_002102,D00,0.013211,False
YOLO11n,Japan__Japan_002103,D00,0.002408,True
YOLO11n,Japan__Japan_002103,D00,0.000958,False
YOLO11n,Japan__Japan_002103,D00,0.002217,False
YOLO11n,Japan__Japan_002115,D20,0.102922,True
YOLO11n,Japan__Japan_002121,D40,0.01815,True
YOLO11n,Japan__Japan_002121,D40,0.047378,True
YOLO11n,Japan__Japan_002121,D20,0.187,True
YOLO11n,Japan__Japan_002146,D20,0.164586,True
YOLO11n,Japan__Japan_002146,D20,0.202667,False
YOLO11n,Japan__Japan_002146,D10,0.006186,False
YOLO11n,Japan__Japan_002146,D10,0.004056,False
YOLO11n,Japan__Japan_002146,D10,0.003792,False
YOLO11n,Japan__Japan_002168,D20,0.211236,True
YOLO11n,Japan__Japan_002168,D20,0.083625,True
YOLO11n,Japan__Japan_002168,D20,0.03375,False
YOLO11n,Japan__Japan_002168,D20,0.006783,False
YOLO11n,Japan__Japan_002182,D20,0.062611,False
YOLO11n,Japan__Japan_002188,D40,0.018859,False
YOLO11n,Japan__Japan_002213,D20,0.096267,True
YOLO11n,Japan__Japan_002213,D20,0.0329,True
YOLO11n,Japan__Japan_002237,D20,0.102222,True
YOLO11n,Japan__Japan_002237,D20,0.052442,False
YOLO11n,Japan__Japan_002237,D20,0.026833,True
YOLO11n,Japan__Japan_002239,D20,0.305467,True
YOLO11n,Japan__Japan_002239,D40,0.006825,False
YOLO11n,Japan__Japan_002239,D40,0.003533,True
YOLO11n,Japan__Japan_002239,D40,0.007556,True
YOLO11n,Japan__Japan_002250,D20,0.139894,True
YOLO11n,Japan__Japan_002257,D00,0.007283,True
YOLO11n,Japan__Japan_002273,D20,0.022456,False
YOLO11n,Japan__Japan_002273,D20,0.016489,False
YOLO11n,Japan__Japan_002276,D40,0.002006,True
YOLO11n,Japan__Japan_002276,D20,0.03675,False
YOLO11n,Japan__Japan_002276,D00,0.009833,False
YOLO11n,Japan__Japan_002276,D20,0.033583,False
YOLO11n,Japan__Japan_002276,D00,0.027111,False
YOLO11n,Japan__Japan_002276,D00,0.007008,False
YOLO11n,Japan__Japan_002276,D20,0.029592,False
YOLO11n,Japan__Japan_002295,D40,0.007311,True
YOLO11n,Japan__Japan_002295,D40,0.003378,True
YOLO11n,Japan__Japan_002295,D20,0.163644,True
YOLO11n,Japan__Japan_002299,D00,0.029514,False
YOLO11n,Japan__Japan_002317,D40,0.013844,False
YOLO11n,Japan__Japan_002317,D00,0.006475,True
YOLO11n,Japan__Japan_002323,D20,0.040956,False
YOLO11n,Japan__Japan_002323,D00,0.0095,False
YOLO11n,Japan__Japan_002324,D00,0.033733,False
YOLO11n,Japan__Japan_002324,D00,0.004736,False
YOLO11n,Japan__Japan_002339,D40,0.006416,True
YOLO11n,Japan__Japan_002344,D00,0.004467,False
YOLO11n,Japan__Japan_002344,D00,0.015067,False
YOLO11n,Japan__Japan_002344,D00,0.002,False
YOLO11n,Japan__Japan_002358,D20,0.163661,True
YOLO11n,Japan__Japan_002358,D40,0.0077,False
YOLO11n,Japan__Japan_002358,D00,0.010606,False
YOLO11n,Japan__Japan_002365,D40,0.003722,False
YOLO11n,Japan__Japan_002365,D40,0.002975,False
YOLO11n,Japan__Japan_002365,D20,0.2895,True
YOLO11n,Japan__Japan_002365,D20,0.012833,False
YOLO11n,Japan__Japan_002380,D20,0.167333,True
YOLO11n,Japan__Japan_002387,D00,0.005011,False
YOLO11n,Japan__Japan_002392,D20,0.127186,False
YOLO11n,Japan__Japan_002394,D00,0.061836,False
YOLO11n,Japan__Japan_002394,D20,0.1955,True
YOLO11n,Japan__Japan_002394,D20,0.0192,False
YOLO11n,Japan__Japan_002394,D00,0.0237,False
YOLO11n,Japan__Japan_002394,D10,0.009533,False
YOLO11n,Japan__Japan_002395,D00,0.005367,False
YOLO11n,Japan__Japan_002408,D20,0.141742,True
YOLO11n,Japan__Japan_002420,D40,0.002689,True
YOLO11n,Japan__Japan_002428,D00,0.028611,True
YOLO11n,Japan__Japan_002428,D00,0.0123,False
YOLO11n,Japan__Japan_002428,D10,0.007833,True
YOLO11n,Japan__Japan_002428,D00,0.0024,False
YOLO11n,Japan__Japan_002446,D40,0.008653,False
YOLO11n,Japan__Japan_002446,D40,0.001533,False
YOLO11n,Japan__Japan_002446,D40,0.000764,False
YOLO11n,Japan__Japan_002506,D20,0.0328,False
YOLO11n,Japan__Japan_002511,D20,0.010889,False
YOLO11n,Japan__Japan_002511,D20,0.180522,True
YOLO11n,Japan__Japan_002511,D00,0.019067,False
YOLO11n,Japan__Japan_002545,D00,0.006581,False
YOLO11n,Japan__Japan_002547,D20,0.09515,True
YOLO11n,Japan__Japan_002547,D20,0.184067,True
YOLO11n,Japan__Japan_002553,D20,0.010794,True
YOLO11n,Japan__Japan_002553,D20,0.017694,False
YOLO11n,Japan__Japan_002558,D00,0.070961,False
YOLO11n,Japan__Japan_002560,D00,0.002333,True
YOLO11n,Japan__Japan_002574,D20,0.021322,False
YOLO11n,Japan__Japan_002585,D20,0.108456,False
YOLO11n,Japan__Japan_002614,D40,0.007467,False
YOLO11n,Japan__Japan_002614,D40,0.001378,False
YOLO11n,Japan__Japan_002634,D40,0.003322,True
YOLO11n,Japan__Japan_002634,D40,0.003525,False
YOLO11n,Japan__Japan_002634,D20,0.328389,True
YOLO11n,Japan__Japan_002634,D40,0.007944,False
YOLO11n,Japan__Japan_002638,D20,0.073178,False
YOLO11n,Japan__Japan_002642,D20,0.194003,True
YOLO11n,Japan__Japan_002661,D10,0.102919,True
YOLO11n,Japan__Japan_002666,D20,0.313386,True
YOLO11n,Japan__Japan_002675,D20,0.0644,False
YOLO11n,Japan__Japan_002675,D20,0.040889,False
YOLO11n,Japan__Japan_002689,D40,0.011756,True
YOLO11n,Japan__Japan_002689,D40,0.002336,True
YOLO11n,Japan__Japan_002689,D40,0.002,True
YOLO11n,Japan__Japan_002689,D40,0.002667,False
YOLO11n,Japan__Japan_002694,D00,0.035728,True
YOLO11n,Japan__Japan_002694,D00,0.00875,False
YOLO11n,Japan__Japan_002694,D00,0.004778,False
YOLO11n,Japan__Japan_002716,D00,0.031306,False
YOLO11n,Japan__Japan_002720,D20,0.106167,False
YOLO11n,Japan__Japan_002723,D00,0.085333,True
YOLO11n,Japan__Japan_002723,D00,0.009317,False
YOLO11n,Japan__Japan_002724,D00,0.005881,False
YOLO11n,Japan__Japan_002724,D10,0.016811,True
YOLO11n,Japan__Japan_002724,D10,0.006222,False
YOLO11n,Japan__Japan_002724,D00,0.024022,True
YOLO11n,Japan__Japan_002724,D00,0.015556,False
YOLO11n,Japan__Japan_002724,D00,0.005833,False
YOLO11n,Japan__Japan_002726,D20,0.05565,True
YOLO11n,Japan__Japan_002729,D20,0.165625,True
YOLO11n,Japan__Japan_002729,D20,0.173356,True
YOLO11n,Japan__Japan_002732,D00,0.016,False
YOLO11n,Japan__Japan_002732,D00,0.059244,True
YOLO11n,Japan__Japan_002732,D00,0.034133,True
YOLO11n,Japan__Japan_002739,D20,0.010222,False
YOLO11n,Japan__Japan_002743,D00,0.037767,True
YOLO11n,Japan__Japan_002771,D20,0.292136,True
YOLO11n,Japan__Japan_002771,D10,0.00165,False
YOLO11n,Japan__Japan_002794,D20,0.319978,True
YOLO11n,Japan__Japan_002806,D20,0.01485,True
YOLO11n,Japan__Japan_002806,D20,0.059933,True
YOLO11n,Japan__Japan_002806,D20,0.0145,False
YOLO11n,Japan__Japan_002807,D00,0.004267,True
YOLO11n,Japan__Japan_002829,D10,0.009675,False
YOLO11n,Japan__Japan_002829,D10,0.005833,False
YOLO11n,Japan__Japan_002838,D20,0.305408,True
YOLO11n,Japan__Japan_002861,D20,0.021497,False
YOLO11n,Japan__Japan_002861,D00,0.020847,False
YOLO11n,Japan__Japan_002865,D20,0.100225,True
YOLO11n,Japan__Japan_002874,D40,0.006044,True
YOLO11n,Japan__Japan_002875,D00,0.025836,False
YOLO11n,Japan__Japan_002875,D00,0.041144,True
YOLO11n,Japan__Japan_002889,D20,0.080056,False
YOLO11n,Japan__Japan_002911,D00,0.001478,False
YOLO11n,Japan__Japan_002911,D00,0.002083,False
YOLO11n,Japan__Japan_002914,D20,0.345972,True
YOLO11n,Japan__Japan_002943,D40,0.001944,True
YOLO11n,Japan__Japan_002943,D40,0.002625,True
YOLO11n,Japan__Japan_002943,D20,0.331767,True
YOLO11n,Japan__Japan_002943,D40,0.00175,False
YOLO11n,Japan__Japan_002997,D00,0.028889,True
YOLO11n,Japan__Japan_003000,D10,0.013689,True
YOLO11n,Japan__Japan_003009,D00,0.023594,True
YOLO11n,Japan__Japan_003016,D20,0.1649,True
YOLO11n,Japan__Japan_003026,D00,0.007656,True
YOLO11n,Japan__Japan_003030,D00,0.043694,True
YOLO11n,Japan__Japan_003030,D00,0.022717,False
YOLO11n,Japan__Japan_003030,D00,0.010072,False
YOLO11n,Japan__Japan_003030,D00,0.004478,False
YOLO11n,Japan__Japan_003030,D00,0.001083,False
YOLO11n,Japan__Japan_003030,D00,0.006706,False
YOLO11n,Japan__Japan_003030,D00,0.021867,False
YOLO11n,Japan__Japan_003030,D00,0.003733,False
YOLO11n,Japan__Japan_003030,D00,0.018294,False
YOLO11n,Japan__Japan_003033,D00,0.005067,False
YOLO11n,Japan__Japan_003033,D00,0.006378,False
YOLO11n,Japan__Japan_003033,D20,0.021825,False
YOLO11n,Japan__Japan_003038,D40,0.004753,False
YOLO11n,Japan__Japan_003038,D20,0.3009,True
YOLO11n,Japan__Japan_003039,D10,0.0054,False
YOLO11n,Japan__Japan_003057,D10,0.078944,True
YOLO11n,Japan__Japan_003057,D10,0.014567,False
YOLO11n,Japan__Japan_003057,D20,0.021825,False
YOLO11n,Japan__Japan_003058,D00,0.026653,True
YOLO11n,Japan__Japan_003064,D20,0.0464,False
YOLO11n,Japan__Japan_003064,D10,0.014419,True
YOLO11n,Japan__Japan_003076,D20,0.719433,True
YOLO11n,Japan__Japan_003088,D40,0.007802,False
YOLO11n,Japan__Japan_003088,D40,0.011175,False
YOLO11n,Japan__Japan_003095,D20,0.162542,True
YOLO11n,Japan__Japan_003104,D00,0.095211,True
YOLO11n,Japan__Japan_003111,D20,0.404806,True
YOLO11n,Japan__Japan_003115,D40,0.003906,True
YOLO11n,Japan__Japan_003124,D10,0.034378,True
YOLO11n,Japan__Japan_003124,D40,0.003617,False
YOLO11n,Japan__Japan_003125,D10,0.011389,True
YOLO11n,Japan__Japan_003125,D10,0.008833,True
YOLO11n,Japan__Japan_003125,D20,0.003617,False
YOLO11n,Japan__Japan_003156,D00,0.037472,False
YOLO11n,Japan__Japan_003157,D20,0.120506,False
YOLO11n,Japan__Japan_003157,D20,0.142858,True
YOLO11n,Japan__Japan_003163,D20,0.2555,True
YOLO11n,Japan__Japan_003181,D20,0.238486,True
YOLO11n,Japan__Japan_003181,D20,0.297667,False
YOLO11n,Japan__Japan_003219,D00,0.008125,False
YOLO11n,Japan__Japan_003220,D00,0.020478,False
YOLO11n,Japan__Japan_003241,D20,0.296842,False
YOLO11n,Japan__Japan_003242,D10,0.006883,False
YOLO11n,Japan__Japan_003263,D00,0.004889,False
YOLO11n,Japan__Japan_003263,D00,0.005256,False
YOLO11n,Japan__Japan_003267,D00,0.051556,False
YOLO11n,Japan__Japan_003267,D00,0.006233,False
YOLO11n,Japan__Japan_003272,D20,0.337067,True
YOLO11n,Japan__Japan_003272,D10,0.01275,False
YOLO11n,Japan__Japan_003282,D20,0.236744,True
YOLO11n,Japan__Japan_003304,D00,0.0175,True
YOLO11n,Japan__Japan_003321,D20,0.022594,False
YOLO11n,Japan__Japan_003342,D40,0.006233,False
YOLO11n,Japan__Japan_003342,D10,0.011522,True
YOLO11n,Japan__Japan_003342,D10,0.01805,False
YOLO11n,Japan__Japan_003342,D10,0.0077,False
YOLO11n,Japan__Japan_003357,D00,0.005111,False
YOLO11n,Japan__Japan_003357,D10,0.019892,True
YOLO11n,Japan__Japan_003381,D20,0.372992,True
YOLO11n,Japan__Japan_003381,D00,0.015211,True
YOLO11n,Japan__Japan_003381,D10,0.014756,True
YOLO11n,Japan__Japan_003381,D10,0.008783,False
YOLO11n,Japan__Japan_003389,D40,0.006264,False
YOLO11n,Japan__Japan_003389,D40,0.011692,False
YOLO11n,Japan__Japan_003389,D40,0.002986,False
YOLO11n,Japan__Japan_003390,D20,0.169867,True
YOLO11n,Japan__Japan_003403,D40,0.078361,False
YOLO11n,Japan__Japan_003421,D20,0.571022,True
YOLO11n,Japan__Japan_003461,D10,0.018403,False
YOLO11n,Japan__Japan_003461,D10,0.003828,False
YOLO11n,Japan__Japan_003461,D10,0.002133,False
YOLO11n,Japan__Japan_003461,D10,0.00635,False
YOLO11n,Japan__Japan_003470,D40,0.0053,False
YOLO11n,Japan__Japan_003470,D20,0.164697,True
YOLO11n,Japan__Japan_003486,D40,0.005006,False
YOLO11n,Japan__Japan_003486,D40,0.001833,False
YOLO11n,Japan__Japan_003486,D40,0.003239,False
YOLO11n,Japan__Japan_003486,D40,0.004767,False
YOLO11n,Japan__Japan_003486,D40,0.00345,False
YOLO11n,Japan__Japan_003486,D40,0.0022,False
YOLO11n,Japan__Japan_003486,D40,0.001889,False
YOLO11n,Japan__Japan_003496,D00,0.030489,True
YOLO11n,Japan__Japan_003520,D40,0.001778,False
YOLO11n,Japan__Japan_003520,D40,0.002,False
YOLO11n,Japan__Japan_003520,D20,0.118292,True
YOLO11n,Japan__Japan_003529,D20,0.125428,False
YOLO11n,Japan__Japan_003529,D20,0.074744,True
YOLO11n,Japan__Japan_003529,D20,0.0551,True
YOLO11n,Japan__Japan_003533,D10,0.024197,False
YOLO11n,Japan__Japan_003533,D10,0.012975,False
YOLO11n,Japan__Japan_003537,D00,0.0078,False
YOLO11n,Japan__Japan_003576,D00,0.044,False
YOLO11n,Japan__Japan_003589,D00,0.007272,False
YOLO11n,Japan__Japan_003589,D00,0.005167,True
YOLO11n,Japan__Japan_003589,D10,0.007603,False
YOLO11n,Japan__Japan_003599,D10,0.004142,False
YOLO11n,Japan__Japan_003604,D20,0.197847,True
YOLO11n,Japan__Japan_003604,D00,0.009022,False
YOLO11n,Japan__Japan_003604,D20,0.235111,True
YOLO11n,Japan__Japan_003613,D20,0.29965,True
YOLO11n,Japan__Japan_003624,D20,0.643059,True
YOLO11n,Japan__Japan_003638,D00,0.014819,True
YOLO11n,Japan__Japan_003638,D20,0.016594,False
YOLO11n,Japan__Japan_003643,D20,0.129131,True
YOLO11n,Japan__Japan_003643,D00,0.019467,False
YOLO11n,Japan__Japan_003648,D00,0.002819,False
YOLO11n,Japan__Japan_003670,D40,0.011121,False
YOLO11n,Japan__Japan_003670,D00,0.025953,False
YOLO11n,Japan__Japan_003670,D00,0.027449,True
YOLO11n,Japan__Japan_003670,D40,0.006286,False
YOLO11n,Japan__Japan_003670,D40,0.004314,False
YOLO11n,Japan__Japan_003682,D40,0.0047,True
YOLO11n,Japan__Japan_003682,D40,0.001119,False
YOLO11n,Japan__Japan_003689,D40,0.006783,True
YOLO11n,Japan__Japan_003689,D10,0.00215,False
YOLO11n,Japan__Japan_003690,D40,0.005667,True
YOLO11n,Japan__Japan_003690,D20,0.162983,True
YOLO11n,Japan__Japan_003694,D00,0.046375,False
YOLO11n,Japan__Japan_003697,D00,0.078944,True
YOLO11n,Japan__Japan_003697,D20,0.068656,False
YOLO11n,Japan__Japan_003697,D00,0.0038,False
YOLO11n,Japan__Japan_003697,D10,0.0161,False
YOLO11n,Japan__Japan_003697,D10,0.020378,False
YOLO11n,Japan__Japan_003701,D20,0.021,True
YOLO11n,Japan__Japan_003713,D20,0.028417,True
YOLO11n,Japan__Japan_003741,D20,0.154878,False
YOLO11n,Japan__Japan_003741,D10,0.011928,True
YOLO11n,Japan__Japan_003741,D10,0.005017,True
YOLO11n,Japan__Japan_003741,D10,0.003833,False
YOLO11n,Japan__Japan_003759,D20,0.202722,True
YOLO11n,Japan__Japan_003793,D20,0.220422,True
YOLO11n,Japan__Japan_003798,D20,0.146458,True
YOLO11n,Japan__Japan_003798,D20,0.045122,False
YOLO11n,Japan__Japan_003801,D20,0.096,True
YOLO11n,Japan__Japan_003801,D40,0.002847,False
YOLO11n,Japan__Japan_003806,D20,0.034775,True
YOLO11n,Japan__Japan_003813,D20,0.636303,True
YOLO11n,Japan__Japan_003822,D00,0.088111,True
YOLO11n,Japan__Japan_003832,D00,0.01045,False
YOLO11n,Japan__Japan_003832,D10,0.019844,False
YOLO11n,Japan__Japan_003834,D10,0.048767,True
YOLO11n,Japan__Japan_003834,D10,0.010083,False
YOLO11n,Japan__Japan_003834,D10,0.016622,False
YOLO11n,Japan__Japan_003836,D00,0.005961,False
YOLO11n,Japan__Japan_003850,D40,0.023289,True
YOLO11n,Japan__Japan_003850,D40,0.004628,False
YOLO11n,Japan__Japan_003861,D20,0.330036,True
YOLO11n,Japan__Japan_003861,D10,0.0028,False
YOLO11n,Japan__Japan_003861,D10,0.004539,True
YOLO11n,Japan__Japan_003867,D00,0.086625,True
YOLO11n,Japan__Japan_003872,D10,0.020622,True
YOLO11n,Japan__Japan_003872,D10,0.024153,False
YOLO11n,Japan__Japan_003878,D40,0.00595,False
YOLO11n,Japan__Japan_003878,D40,0.001067,False
YOLO11n,Japan__Japan_003878,D20,0.029967,False
YOLO11n,Japan__Japan_003880,D20,0.162067,True
YOLO11n,Japan__Japan_003888,D00,0.051556,False
YOLO11n,Japan__Japan_003888,D10,0.076556,False
YOLO11n,Japan__Japan_003888,D20,0.003392,False
YOLO11n,Japan__Japan_003888,D10,0.008025,True
YOLO11n,Japan__Japan_003888,D10,0.007333,False
YOLO11n,Japan__Japan_003888,D10,0.015667,False
YOLO11n,Japan__Japan_003888,D10,0.010111,True
YOLO11n,Japan__Japan_003888,D10,0.005133,False
YOLO11n,Japan__Japan_003908,D20,0.15015,True
YOLO11n,Japan__Japan_003908,D20,0.056706,False
YOLO11n,Japan__Japan_003927,D20,0.070908,True
YOLO11n,Japan__Japan_003927,D10,0.01715,False
YOLO11n,Japan__Japan_003927,D10,0.003694,False
YOLO11n,Japan__Japan_003927,D10,0.008494,False
YOLO11n,Japan__Japan_003952,D10,0.012561,True
YOLO11n,Japan__Japan_003952,D20,0.036733,False
YOLO11n,Japan__Japan_003962,D20,0.019117,False
YOLO11n,Japan__Japan_003962,D10,0.0021,False
YOLO11n,Japan__Japan_003972,D00,0.0345,False
YOLO11n,Japan__Japan_003972,D10,0.014944,False
YOLO11n,Japan__Japan_003972,D10,0.006517,False
YOLO11n,Japan__Japan_003973,D20,0.056936,True
YOLO11n,Japan__Japan_003973,D20,0.013217,False
YOLO11n,Japan__Japan_003973,D40,0.000472,False
YOLO11n,Japan__Japan_003978,D40,0.004133,False
YOLO11n,Japan__Japan_003978,D40,0.014578,False
YOLO11n,Japan__Japan_003978,D20,0.174044,True
YOLO11n,Japan__Japan_003998,D20,0.104644,True
YOLO11n,Japan__Japan_003998,D40,0.0023,False
YOLO11n,Japan__Japan_004009,D00,0.189125,True
YOLO11n,Japan__Japan_004019,D20,0.025967,False
YOLO11n,Japan__Japan_004026,D40,0.004583,True
YOLO11n,Japan__Japan_004052,D00,0.005769,False
YOLO11n,Japan__Japan_004052,D10,0.017422,False
YOLO11n,Japan__Japan_004055,D00,0.005858,True
YOLO11n,Japan__Japan_004059,D00,0.030411,False
YOLO11n,Japan__Japan_004059,D00,0.0078,False
YOLO11n,Japan__Japan_004067,D00,0.0384,True
YOLO11n,Japan__Japan_004079,D20,0.221658,True
YOLO11n,Japan__Japan_004080,D20,0.420567,True
YOLO11n,Japan__Japan_004096,D00,0.020511,False
YOLO11n,Japan__Japan_004100,D40,0.020511,False
YOLO11n,Japan__Japan_004100,D40,0.006111,False
YOLO11n,Japan__Japan_004136,D40,0.003483,True
YOLO11n,Japan__Japan_004136,D40,0.0031,True
YOLO11n,Japan__Japan_004136,D40,0.006183,False
YOLO11n,Japan__Japan_004174,D10,0.005489,False
YOLO11n,Japan__Japan_004174,D10,0.034189,False
YOLO11n,Japan__Japan_004176,D00,0.015411,False
YOLO11n,Japan__Japan_004179,D40,0.02565,False
YOLO11n,Japan__Japan_004182,D20,0.042122,True
YOLO11n,Japan__Japan_004182,D20,0.066917,True
YOLO11n,Japan__Japan_004189,D00,0.004583,False
YOLO11n,Japan__Japan_004190,D20,0.138631,False
YOLO11n,Japan__Japan_004197,D40,0.016991,True
YOLO11n,Japan__Japan_004218,D20,0.107858,True
YOLO11n,Japan__Japan_004218,D40,0.003142,True
YOLO11n,Japan__Japan_004218,D20,0.010167,False
YOLO11n,Japan__Japan_004218,D20,0.005683,False
YOLO11n,Japan__Japan_004230,D20,0.164478,True
YOLO11n,Japan__Japan_004246,D20,0.0065,False
YOLO11n,Japan__Japan_004246,D00,0.044444,True
YOLO11n,Japan__Japan_004266,D20,0.158625,True
YOLO11n,Japan__Japan_004290,D10,0.006783,False
YOLO11n,Japan__Japan_004290,D10,0.002333,False
YOLO11n,Japan__Japan_004290,D10,0.003689,False
YOLO11n,Japan__Japan_004296,D40,0.001689,False
YOLO11n,Japan__Japan_004304,D20,0.058172,False
YOLO11n,Japan__Japan_004304,D20,0.179928,True
YOLO11n,Japan__Japan_004304,D20,0.036,False
YOLO11n,Japan__Japan_004327,D00,0.040133,False
YOLO11n,Japan__Japan_004327,D20,0.051122,False
YOLO11n,Japan__Japan_004327,D10,0.016,False
YOLO11n,Japan__Japan_004344,D00,0.004783,False
YOLO11n,Japan__Japan_004346,D00,0.006269,True
YOLO11n,Japan__Japan_004346,D00,0.008708,True
YOLO11n,Japan__Japan_004347,D20,0.353806,True
YOLO11n,Japan__Japan_004351,D10,0.002672,False
YOLO11n,Japan__Japan_004370,D00,0.017625,False
YOLO11n,Japan__Japan_004370,D00,0.024144,False
YOLO11n,Japan__Japan_004370,D00,0.0082,False
YOLO11n,Japan__Japan_004380,D10,0.032533,True
YOLO11n,Japan__Japan_004381,D20,0.444033,True
YOLO11n,Japan__Japan_004381,D20,0.06203,False
YOLO11n,Japan__Japan_004381,D00,0.042246,False
YOLO11n,Japan__Japan_004392,D40,0.00165,False
YOLO11n,Japan__Japan_004392,D20,0.037056,False
YOLO11n,Japan__Japan_004392,D00,0.013475,False
YOLO11n,Japan__Japan_004392,D20,0.020022,True
YOLO11n,Japan__Japan_004392,D20,0.006167,False
YOLO11n,Japan__Japan_004392,D10,0.0276,False
YOLO11n,Japan__Japan_004392,D10,0.007722,False
YOLO11n,Japan__Japan_004392,D10,0.054306,False
YOLO11n,Japan__Japan_004394,D40,0.069167,False
YOLO11n,Japan__Japan_004405,D20,0.094356,True
YOLO11n,Japan__Japan_004407,D20,0.0388,False
YOLO11n,Japan__Japan_004422,D10,0.013694,False
YOLO11n,Japan__Japan_004434,D00,0.059956,False
YOLO11n,Japan__Japan_004502,D20,0.033683,False
YOLO11n,Japan__Japan_004507,D00,0.00765,True
YOLO11n,Japan__Japan_004516,D10,0.009456,False
YOLO11n,Japan__Japan_004516,D10,0.00165,False
YOLO11n,Japan__Japan_004516,D10,0.024444,False
YOLO11n,Japan__Japan_004531,D20,0.088889,True
YOLO11n,Japan__Japan_004537,D20,0.233819,True
YOLO11n,Japan__Japan_004537,D40,0.005139,False
YOLO11n,Japan__Japan_004544,D20,0.083133,False
YOLO11n,Japan__Japan_004547,D00,0.032356,False
YOLO11n,Japan__Japan_004547,D00,0.009711,True
YOLO11n,Japan__Japan_004567,D20,0.087425,False
YOLO11n,Japan__Japan_004567,D40,0.009839,True
YOLO11n,Japan__Japan_004567,D40,0.0023,False
YOLO11n,Japan__Japan_004567,D40,0.013586,False
YOLO11n,Japan__Japan_004569,D20,0.665432,True
YOLO11n,Japan__Japan_004569,D20,0.039304,False
YOLO11n,Japan__Japan_004569,D20,0.05177,False
YOLO11n,Japan__Japan_004569,D20,0.035384,False
YOLO11n,Japan__Japan_004573,D40,0.00435,True
YOLO11n,Japan__Japan_004573,D20,0.182172,True
YOLO11n,Japan__Japan_004573,D20,0.0152,False
YOLO11n,Japan__Japan_004573,D20,0.003531,False
YOLO11n,Japan__Japan_004578,D00,0.146097,False
YOLO11n,Japan__Japan_004578,D10,0.011778,False
YOLO11n,Japan__Japan_004578,D10,0.003778,False
YOLO11n,Japan__Japan_004578,D10,0.02325,False
YOLO11n,Japan__Japan_004578,D10,0.0075,False
YOLO11n,Japan__Japan_004597,D20,0.077469,False
YOLO11n,Japan__Japan_004597,D00,0.0179,False
YOLO11n,Japan__Japan_004607,D10,0.014167,True
YOLO11n,Japan__Japan_004613,D00,0.033917,False
YOLO11n,Japan__Japan_004613,D20,0.070369,False
YOLO11n,Japan__Japan_004613,D10,0.011733,False
YOLO11n,Japan__Japan_004613,D10,0.006111,False
YOLO11n,Japan__Japan_004613,D10,0.002817,False
YOLO11n,Japan__Japan_004617,D10,0.021992,False
YOLO11n,Japan__Japan_004617,D10,0.020208,False
YOLO11n,Japan__Japan_004618,D20,0.021,False
YOLO11n,Japan__Japan_004618,D00,0.027058,True
YOLO11n,Japan__Japan_004643,D10,0.011458,True
YOLO11n,Japan__Japan_004652,D10,0.013033,False
YOLO11n,Japan__Japan_004652,D10,0.00445,False
YOLO11n,Japan__Japan_004652,D00,0.010889,True
YOLO11n,Japan__Japan_004658,D20,0.190556,True
YOLO11n,Japan__Japan_004665,D00,0.024267,True
YOLO11n,Japan__Japan_004665,D00,0.0048,False
YOLO11n,Japan__Japan_004665,D00,0.003033,True
YOLO11n,Japan__Japan_004667,D20,0.129214,True
YOLO11n,Japan__Japan_004667,D40,0.010617,False
YOLO11n,Japan__Japan_004667,D20,0.0354,False
YOLO11n,Japan__Japan_004687,D20,0.1463,True
YOLO11n,Japan__Japan_004691,D00,0.019833,True
YOLO11n,Japan__Japan_004691,D20,0.1936,True
YOLO11n,Japan__Japan_004694,D00,0.022383,True
YOLO11n,Japan__Japan_004700,D20,0.081953,True
YOLO11n,Japan__Japan_004720,D20,0.043317,False
YOLO11n,Japan__Japan_004720,D20,0.057522,True
YOLO11n,Japan__Japan_004720,D40,0.001333,True
YOLO11n,Japan__Japan_004720,D20,0.016644,True
YOLO11n,Japan__Japan_004720,D20,0.033944,True
YOLO11n,Japan__Japan_004720,D00,0.004028,False
YOLO11n,Japan__Japan_004720,D10,0.0036,True
YOLO11n,Japan__Japan_004726,D20,0.36725,True
YOLO11n,Japan__Japan_004751,D20,0.01365,False
YOLO11n,Japan__Japan_004751,D00,0.002275,False
YOLO11n,Japan__Japan_004758,D20,0.006222,False
YOLO11n,Japan__Japan_004774,D20,0.049333,True
YOLO11n,Japan__Japan_004776,D20,0.018647,False
YOLO11n,Japan__Japan_004800,D20,0.798813,True
YOLO11n,Japan__Japan_004830,D20,0.085711,False
YOLO11n,Japan__Japan_004835,D40,0.002556,False
YOLO11n,Japan__Japan_004835,D20,0.0418,True
YOLO11n,Japan__Japan_004835,D20,0.018517,False
YOLO11n,Japan__Japan_004835,D40,0.00195,True
YOLO11n,Japan__Japan_004840,D20,0.077856,True
YOLO11n,Japan__Japan_004841,D20,0.105558,False
YOLO11n,Japan__Japan_004854,D10,0.0022,False
YOLO11n,Japan__Japan_004868,D20,0.032344,True
YOLO11n,Japan__Japan_004868,D20,0.028564,True
YOLO11n,Japan__Japan_004868,D00,0.017761,True
YOLO11n,Japan__Japan_004868,D10,0.00385,False
YOLO11n,Japan__Japan_004868,D10,0.005889,False
YOLO11n,Japan__Japan_004868,D10,0.005167,False
YOLO11n,Japan__Japan_004872,D20,0.010733,False
YOLO11n,Japan__Japan_004872,D20,0.06745,False
YOLO11n,Japan__Japan_004885,D20,0.237933,True
YOLO11n,Japan__Japan_004885,D40,0.0028,False
YOLO11n,Japan__Japan_004885,D10,0.0025,False
YOLO11n,Japan__Japan_004885,D10,0.003825,False
YOLO11n,Japan__Japan_004900,D20,0.060833,True
YOLO11n,Japan__Japan_004900,D10,0.005742,False
YOLO11n,Japan__Japan_004910,D10,0.001767,False
YOLO11n,Japan__Japan_004920,D20,0.486914,True
YOLO11n,Japan__Japan_004920,D20,0.111094,False
YOLO11n,Japan__Japan_004923,D20,0.080656,False
YOLO11n,Japan__Japan_004923,D10,0.009511,True
YOLO11n,Japan__Japan_004924,D20,0.3585,True
YOLO11n,Japan__Japan_004933,D00,0.021858,True
YOLO11n,Japan__Japan_004933,D10,0.023631,False
YOLO11n,Japan__Japan_004933,D10,0.01075,True
YOLO11n,Japan__Japan_004933,D10,0.007319,False
YOLO11n,Japan__Japan_004933,D10,0.019889,True
YOLO11n,Japan__Japan_004941,D20,0.210139,True
YOLO11n,Japan__Japan_004988,D40,0.0268,False
YOLO11n,Japan__Japan_004988,D40,0.079072,False
YOLO11n,Japan__Japan_005007,D00,0.014725,False
YOLO11n,Japan__Japan_005007,D20,0.0635,False
YOLO11n,Japan__Japan_005007,D20,0.07875,False
YOLO11n,Japan__Japan_005008,D20,0.087839,False
YOLO11n,Japan__Japan_005026,D20,0.325722,True
YOLO11n,Japan__Japan_005041,D00,0.005083,True
YOLO11n,Japan__Japan_005049,D20,0.053444,False
YOLO11n,Japan__Japan_005049,D20,0.090292,True
YOLO11n,Japan__Japan_005068,D10,0.054167,False
YOLO11n,Japan__Japan_005068,D10,0.014122,False
YOLO11n,Japan__Japan_005068,D10,0.021275,True
YOLO11n,Japan__Japan_005077,D20,0.029419,True
YOLO11n,Japan__Japan_005084,D00,0.0046,True
YOLO11n,Japan__Japan_005085,D00,0.033761,False
YOLO11n,Japan__Japan_005085,D00,0.022958,False
YOLO11n,Japan__Japan_005089,D00,0.002819,False
YOLO11n,Japan__Japan_005106,D40,0.001,False
YOLO11n,Japan__Japan_005106,D40,0.001733,False
YOLO11n,Japan__Japan_005106,D20,0.041483,False
YOLO11n,Japan__Japan_005106,D20,0.056875,False
YOLO11n,Japan__Japan_005106,D20,0.031008,True
YOLO11n,Japan__Japan_005106,D10,0.017825,True
YOLO11n,Japan__Japan_005114,D10,0.021533,False
YOLO11n,Japan__Japan_005114,D00,0.009817,True
YOLO11n,Japan__Japan_005114,D00,0.008861,False
YOLO11n,Japan__Japan_005114,D00,0.0042,False
YOLO11n,Japan__Japan_005119,D20,0.005622,False
YOLO11n,Japan__Japan_005119,D20,0.145128,True
YOLO11n,Japan__Japan_005119,D10,0.001567,True
YOLO11n,Japan__Japan_005129,D00,0.0044,False
YOLO11n,Japan__Japan_005144,D00,0.054083,True
YOLO11n,Japan__Japan_005152,D20,0.012083,True
YOLO11n,Japan__Japan_005154,D20,0.111661,False
YOLO11n,Japan__Japan_005180,D10,0.010083,True
YOLO11n,Japan__Japan_005190,D00,0.019667,False
YOLO11n,Japan__Japan_005190,D00,0.006286,True
YOLO11n,Japan__Japan_005193,D40,0.018933,False
YOLO11n,Japan__Japan_005193,D20,0.187033,False
YOLO11n,Japan__Japan_005216,D00,0.010417,True
YOLO11n,Japan__Japan_005216,D00,0.0056,False
YOLO11n,Japan__Japan_005216,D00,0.014575,False
YOLO11n,Japan__Japan_005216,D10,0.027225,False
YOLO11n,Japan__Japan_005216,D10,0.040333,True
YOLO11n,Japan__Japan_005222,D20,0.0297,False
YOLO11n,Japan__Japan_005222,D20,0.031467,True
YOLO11n,Japan__Japan_005238,D00,0.042472,True
YOLO11n,Japan__Japan_005238,D00,0.004856,False
YOLO11n,Japan__Japan_005238,D00,0.001733,False
YOLO11n,Japan__Japan_005238,D10,0.0057,False
YOLO11n,Japan__Japan_005262,D00,0.053856,True
YOLO11n,Japan__Japan_005262,D00,0.006397,True
YOLO11n,Japan__Japan_005290,D00,0.020144,True
YOLO11n,Japan__Japan_005290,D10,0.0264,True
YOLO11n,Japan__Japan_005290,D10,0.037083,True
YOLO11n,Japan__Japan_005290,D10,0.010875,True
YOLO11n,Japan__Japan_005290,D10,0.010667,False
YOLO11n,Japan__Japan_005293,D20,0.2696,True
YOLO11n,Japan__Japan_005317,D20,0.199883,True
YOLO11n,Japan__Japan_005318,D00,0.175375,True
YOLO11n,Japan__Japan_005318,D20,0.035733,True
YOLO11n,Japan__Japan_005318,D00,0.01995,True
YOLO11n,Japan__Japan_005326,D20,0.110881,True
YOLO11n,Japan__Japan_005326,D10,0.022361,True
YOLO11n,Japan__Japan_005326,D10,0.014667,True
YOLO11n,Japan__Japan_005326,D20,0.011022,False
YOLO11n,Japan__Japan_005326,D00,0.029167,True
YOLO11n,Japan__Japan_005328,D10,0.046764,True
YOLO11n,Japan__Japan_005330,D00,0.003958,False
YOLO11n,Japan__Japan_005330,D00,0.004833,False
YOLO11n,Japan__Japan_005330,D00,0.001228,False
YOLO11n,Japan__Japan_005330,D00,0.005153,False
YOLO11n,Japan__Japan_005330,D00,0.00175,False
YOLO11n,Japan__Japan_005338,D40,0.000817,True
YOLO11n,Japan__Japan_005338,D40,0.001806,False
YOLO11n,Japan__Japan_005338,D40,0.006625,True
YOLO11n,Japan__Japan_005338,D20,0.033075,True
YOLO11n,Japan__Japan_005338,D20,0.047056,True
YOLO11n,Japan__Japan_005354,D00,0.01625,True
YOLO11n,Japan__Japan_005355,D20,0.040994,False
YOLO11n,Japan__Japan_005355,D20,0.044467,True
YOLO11n,Japan__Japan_005355,D10,0.010472,False
YOLO11n,Japan__Japan_005421,D00,0.002153,False
YOLO11n,Japan__Japan_005422,D20,0.20735,True
YOLO11n,Japan__Japan_005422,D20,0.207542,True
YOLO11n,Japan__Japan_005422,D10,0.017306,True
YOLO11n,Japan__Japan_005425,D00,0.074444,True
YOLO11n,Japan__Japan_005425,D00,0.007283,False
YOLO11n,Japan__Japan_005425,D10,0.079158,True
YOLO11n,Japan__Japan_005438,D40,0.004875,False
YOLO11n,Japan__Japan_005438,D20,0.017,False
YOLO11n,Japan__Japan_005439,D00,0.0045,False
YOLO11n,Japan__Japan_005461,D00,0.041328,False
YOLO11n,Japan__Japan_005472,D20,0.137592,True
YOLO11n,Japan__Japan_005472,D10,0.012486,False
YOLO11n,Japan__Japan_005472,D10,0.010792,True
YOLO11n,Japan__Japan_005478,D00,0.009333,False
YOLO11n,Japan__Japan_005478,D10,0.009333,False
YOLO11n,Japan__Japan_005494,D20,0.055461,False
YOLO11n,Japan__Japan_005501,D20,0.22834,False
YOLO11n,Japan__Japan_005513,D40,0.006028,True
YOLO11n,Japan__Japan_005513,D20,0.25025,True
YOLO11n,Japan__Japan_005519,D40,0.0068,False
YOLO11n,Japan__Japan_005526,D00,0.04025,False
YOLO11n,Japan__Japan_005533,D10,0.012133,True
YOLO11n,Japan__Japan_005533,D10,0.003067,False
YOLO11n,Japan__Japan_005533,D20,0.004908,False
YOLO11n,Japan__Japan_005537,D10,0.029333,True
YOLO11n,Japan__Japan_005537,D20,0.0776,True
YOLO11n,Japan__Japan_005559,D40,0.006333,True
YOLO11n,Japan__Japan_005570,D10,0.004167,True
YOLO11n,Japan__Japan_005570,D10,0.008792,False
YOLO11n,Japan__Japan_005570,D10,0.015489,True
YOLO11n,Japan__Japan_005582,D40,0.001667,False
YOLO11n,Japan__Japan_005582,D20,0.081633,True
YOLO11n,Japan__Japan_005582,D40,0.001283,False
YOLO11n,Japan__Japan_005582,D10,0.003917,False
YOLO11n,Japan__Japan_005582,D10,0.002694,False
YOLO11n,Japan__Japan_005586,D40,0.009275,False
YOLO11n,Japan__Japan_005599,D40,0.00495,True
YOLO11n,Japan__Japan_005622,D40,0.0024,False
YOLO11n,Japan__Japan_005622,D20,0.105333,False
YOLO11n,Japan__Japan_005635,D20,0.346267,True
YOLO11n,Japan__Japan_005647,D20,0.069886,True
YOLO11n,Japan__Japan_005647,D20,0.034611,False
YOLO11n,Japan__Japan_005661,D40,0.015867,False
YOLO11n,Japan__Japan_005675,D20,0.024228,False
YOLO11n,Japan__Japan_005678,D20,0.424112,True
YOLO11n,Japan__Japan_005683,D40,0.006704,False
YOLO11n,Japan__Japan_005683,D40,0.011116,True
YOLO11n,Japan__Japan_005683,D40,0.03665,False
YOLO11n,Japan__Japan_005683,D40,0.061329,False
YOLO11n,Japan__Japan_005683,D40,0.006315,False
YOLO11n,Japan__Japan_005683,D20,0.067225,False
YOLO11n,Japan__Japan_005690,D20,0.076767,False
YOLO11n,Japan__Japan_005690,D20,0.010794,False
YOLO11n,Japan__Japan_005693,D40,0.009167,False
YOLO11n,Japan__Japan_005705,D20,0.208917,True
YOLO11n,Japan__Japan_005713,D20,0.369875,True
YOLO11n,Japan__Japan_005733,D20,0.147181,True
YOLO11n,Japan__Japan_005733,D20,0.371533,True
YOLO11n,Japan__Japan_005741,D20,0.097884,True
YOLO11n,Japan__Japan_005741,D40,0.003361,False
YOLO11n,Japan__Japan_005743,D00,0.068444,True
YOLO11n,Japan__Japan_005760,D10,0.015528,False
YOLO11n,Japan__Japan_005760,D00,0.0077,False
YOLO11n,Japan__Japan_005780,D20,0.502298,True
YOLO11n,Japan__Japan_005780,D40,0.008505,False
YOLO11n,Japan__Japan_005783,D20,0.212311,True
YOLO11n,Japan__Japan_005783,D20,0.013444,False
YOLO11n,Japan__Japan_005789,D10,0.015078,True
YOLO11n,Japan__Japan_005789,D20,0.015417,False
YOLO11n,Japan__Japan_005789,D00,0.01105,True
YOLO11n,Japan__Japan_005800,D00,0.018056,False
YOLO11n,Japan__Japan_005803,D20,0.303172,True
YOLO11n,Japan__Japan_005803,D20,0.02695,False
YOLO11n,Japan__Japan_005827,D20,0.460897,True
YOLO11n,Japan__Japan_005836,D20,0.01825,True
YOLO11n,Japan__Japan_005836,D10,0.0238,False
YOLO11n,Japan__Japan_005836,D20,0.057272,False
YOLO11n,Japan__Japan_005842,D20,0.255653,True
YOLO11n,Japan__Japan_005842,D00,0.102367,False
YOLO11n,Japan__Japan_005844,D20,0.020889,True
YOLO11n,Japan__Japan_005854,D10,0.078833,True
YOLO11n,Japan__Japan_005855,D20,0.114133,True
YOLO11n,Japan__Japan_005855,D20,0.002722,False
YOLO11n,Japan__Japan_005855,D10,0.004,False
YOLO11n,Japan__Japan_005875,D20,0.3498,True
YOLO11n,Japan__Japan_005904,D20,0.105333,False
YOLO11n,Japan__Japan_005904,D20,0.035292,True
YOLO11n,Japan__Japan_005917,D20,0.068,True
YOLO11n,Japan__Japan_005917,D20,0.029739,False
YOLO11n,Japan__Japan_005944,D40,0.005622,False
YOLO11n,Japan__Japan_005944,D40,0.006578,False
YOLO11n,Japan__Japan_005944,D40,0.005733,True
YOLO11n,Japan__Japan_005944,D40,0.006767,False
YOLO11n,Japan__Japan_005946,D10,0.002222,False
YOLO11n,Japan__Japan_005946,D10,0.000867,False
YOLO11n,Japan__Japan_005953,D10,0.016706,False
YOLO11n,Japan__Japan_005953,D10,0.00515,False
YOLO11n,Japan__Japan_005956,D10,0.014983,True
YOLO11n,Japan__Japan_005965,D20,0.475569,True
YOLO11n,Japan__Japan_005966,D40,0.003733,True
YOLO11n,Japan__Japan_005966,D20,0.200081,True
YOLO11n,Japan__Japan_005966,D20,0.014625,False
YOLO11n,Japan__Japan_005966,D00,0.025592,False
YOLO11n,Japan__Japan_005966,D20,0.013047,False
YOLO11n,Japan__Japan_005983,D20,0.13225,True
YOLO11n,Japan__Japan_005986,D20,0.130014,True
YOLO11n,Japan__Japan_005986,D10,0.007,False
YOLO11n,Japan__Japan_005994,D20,0.217506,False
YOLO11n,Japan__Japan_005994,D20,0.11385,False
YOLO11n,Japan__Japan_005995,D20,0.0273,False
YOLO11n,Japan__Japan_005995,D20,0.011333,False
YOLO11n,Japan__Japan_005995,D10,0.017375,True
YOLO11n,Japan__Japan_006007,D00,0.010753,False
YOLO11n,Japan__Japan_006013,D20,0.213069,True
YOLO11n,Japan__Japan_006013,D10,0.009425,False
YOLO11n,Japan__Japan_006013,D10,0.006478,False
YOLO11n,Japan__Japan_006027,D20,0.330178,True
YOLO11n,Japan__Japan_006027,D10,0.011833,True
YOLO11n,Japan__Japan_006027,D10,0.0199,True
YOLO11n,Japan__Japan_006035,D40,0.001778,True
YOLO11n,Japan__Japan_006038,D00,0.004958,True
YOLO11n,Japan__Japan_006042,D00,0.009225,False
YOLO11n,Japan__Japan_006042,D00,0.004125,True
YOLO11n,Japan__Japan_006057,D20,0.021494,False
YOLO11n,Japan__Japan_006057,D10,0.015764,False
YOLO11n,Japan__Japan_006057,D00,0.012467,False
YOLO11n,Japan__Japan_006062,D20,0.074422,True
YOLO11n,Japan__Japan_006065,D20,0.036836,False
YOLO11n,Japan__Japan_006065,D00,0.01155,False
YOLO11n,Japan__Japan_006071,D20,0.079153,True
YOLO11n,Japan__Japan_006071,D00,0.0385,True
YOLO11n,Japan__Japan_006071,D10,0.007578,False
YOLO11n,Japan__Japan_006079,D10,0.043267,True
YOLO11n,Japan__Japan_006081,D00,0.00735,True
YOLO11n,Japan__Japan_006083,D20,0.029683,False
YOLO11n,Japan__Japan_006101,D00,0.004047,False
YOLO11n,Japan__Japan_006105,D20,0.040444,True
YOLO11n,Japan__Japan_006105,D20,0.093444,True
YOLO11n,Japan__Japan_006105,D10,0.00845,False
YOLO11n,Japan__Japan_006105,D10,0.008306,True
YOLO11n,Japan__Japan_006105,D10,0.004,False
YOLO11n,Japan__Japan_006115,D20,0.1625,False
YOLO11n,Japan__Japan_006115,D10,0.068756,False
YOLO11n,Japan__Japan_006115,D00,0.026075,True
YOLO11n,Japan__Japan_006130,D20,0.131417,True
YOLO11n,Japan__Japan_006131,D00,0.009683,True
YOLO11n,Japan__Japan_006134,D20,0.137069,True
YOLO11n,Japan__Japan_006136,D20,0.213967,False
YOLO11n,Japan__Japan_006136,D00,0.025122,False
YOLO11n,Japan__Japan_006145,D00,0.066956,False
YOLO11n,Japan__Japan_006145,D20,0.0442,False
YOLO11n,Japan__Japan_006145,D10,0.007411,False
YOLO11n,Japan__Japan_006154,D20,0.10925,True
YOLO11n,Japan__Japan_006154,D10,0.003733,False
YOLO11n,Japan__Japan_006154,D10,0.004278,False
YOLO11n,Japan__Japan_006164,D20,0.087008,True
YOLO11n,Japan__Japan_006168,D20,0.011706,False
YOLO11n,Japan__Japan_006168,D10,0.011625,True
YOLO11n,Japan__Japan_006168,D10,0.003642,False
YOLO11n,Japan__Japan_006170,D20,0.266875,True
YOLO11n,Japan__Japan_006189,D20,0.144064,False
YOLO11n,Japan__Japan_006216,D40,0.003333,False
YOLO11n,Japan__Japan_006216,D20,0.331878,True
YOLO11n,Japan__Japan_006216,D40,0.003525,True
YOLO11n,Japan__Japan_006218,D20,0.009156,False
YOLO11n,Japan__Japan_006218,D10,0.006278,False
YOLO11n,Japan__Japan_006218,D10,0.009683,True
YOLO11n,Japan__Japan_006218,D10,0.00315,False
YOLO11n,Japan__Japan_006218,D10,0.001408,False
YOLO11n,Japan__Japan_006227,D20,0.373389,True
YOLO11n,Japan__Japan_006227,D40,0.001847,True
YOLO11n,Japan__Japan_006248,D20,0.076972,False
YOLO11n,Japan__Japan_006248,D10,0.032394,True
YOLO11n,Japan__Japan_006248,D10,0.01425,False
YOLO11n,Japan__Japan_006259,D00,0.023111,False
YOLO11n,Japan__Japan_006269,D20,0.075292,True
YOLO11n,Japan__Japan_006269,D20,0.070369,True
YOLO11n,Japan__Japan_006307,D20,0.215333,False
YOLO11n,Japan__Japan_006344,D10,0.018889,True
YOLO11n,Japan__Japan_006354,D40,0.009567,True
YOLO11n,Japan__Japan_006354,D40,0.003333,False
YOLO11n,Japan__Japan_006354,D40,0.00165,False
YOLO11n,Japan__Japan_006354,D00,0.0047,False
YOLO11n,Japan__Japan_006354,D00,0.003542,False
YOLO11n,Japan__Japan_006387,D20,0.037314,True
YOLO11n,Japan__Japan_006424,D00,0.013725,False
YOLO11n,Japan__Japan_006424,D00,0.014144,False
YOLO11n,Japan__Japan_006424,D00,0.025283,False
YOLO11n,Japan__Japan_006424,D10,0.005533,False
YOLO11n,Japan__Japan_006428,D20,0.1508,True
YOLO11n,Japan__Japan_006452,D20,0.098389,True
YOLO11n,Japan__Japan_006454,D10,0.118333,False
YOLO11n,Japan__Japan_006454,D00,0.010633,False
YOLO11n,Japan__Japan_006454,D10,0.005639,True
YOLO11n,Japan__Japan_006454,D10,0.007917,False
YOLO11n,Japan__Japan_006454,D10,0.023522,False
YOLO11n,Japan__Japan_006466,D20,0.01365,False
YOLO11n,Japan__Japan_006466,D40,0.0209,False
YOLO11n,Japan__Japan_006466,D20,0.054786,True
YOLO11n,Japan__Japan_006471,D20,0.2954,True
YOLO11n,Japan__Japan_006484,D20,0.101267,True
YOLO11n,Japan__Japan_006484,D00,0.006544,False
YOLO11n,Japan__Japan_006512,D00,0.008633,False
YOLO11n,Japan__Japan_006517,D20,0.1104,False
YOLO11n,Japan__Japan_006517,D10,0.0065,False
YOLO11n,Japan__Japan_006517,D00,0.023139,False
YOLO11n,Japan__Japan_006517,D10,0.006133,False
YOLO11n,Japan__Japan_006528,D20,0.07935,True
YOLO11n,Japan__Japan_006528,D10,0.013456,False
YOLO11n,Japan__Japan_006528,D10,0.008739,True
YOLO11n,Japan__Japan_006529,D20,0.041778,True
YOLO11n,Japan__Japan_006529,D20,0.0046,False
YOLO11n,Japan__Japan_006529,D20,0.0196,False
YOLO11n,Japan__Japan_006566,D00,0.010847,True
YOLO11n,Japan__Japan_006566,D00,0.005494,False
YOLO11n,Japan__Japan_006566,D00,0.005744,False
YOLO11n,Japan__Japan_006566,D10,0.009072,False
YOLO11n,Japan__Japan_006574,D20,0.047,False
YOLO11n,Japan__Japan_006587,D20,0.118667,True
YOLO11n,Japan__Japan_006587,D20,0.141853,True
YOLO11n,Japan__Japan_006616,D40,0.017014,False
YOLO11n,Japan__Japan_006617,D00,0.003125,False
YOLO11n,Japan__Japan_006619,D20,0.054167,False
YOLO11n,Japan__Japan_006623,D20,0.055,False
YOLO11n,Japan__Japan_006628,D40,0.008089,False
YOLO11n,Japan__Japan_006628,D20,0.068292,False
YOLO11n,Japan__Japan_006632,D40,0.006767,False
YOLO11n,Japan__Japan_006632,D40,0.0069,False
YOLO11n,Japan__Japan_006632,D40,0.001167,True
YOLO11n,Japan__Japan_006632,D20,0.231061,True
YOLO11n,Japan__Japan_006650,D00,0.012,True
YOLO11n,Japan__Japan_006650,D20,0.017539,False
YOLO11n,Japan__Japan_006650,D10,0.001283,False
YOLO11n,Japan__Japan_006654,D00,0.038514,False
YOLO11n,Japan__Japan_006674,D20,0.058069,True
YOLO11n,Japan__Japan_006676,D20,0.28,True
YOLO11n,Japan__Japan_006679,D20,0.171947,False
YOLO11n,Japan__Japan_006685,D10,0.045556,True
YOLO11n,Japan__Japan_006685,D00,0.0102,True
YOLO11n,Japan__Japan_006685,D00,0.038678,False
YOLO11n,Japan__Japan_006685,D10,0.0054,False
YOLO11n,Japan__Japan_006689,D40,0.00105,False
YOLO11n,Japan__Japan_006699,D40,0.007644,False
YOLO11n,Japan__Japan_006699,D20,0.008486,False
YOLO11n,Japan__Japan_006724,D00,0.0039,True
YOLO11n,Japan__Japan_006732,D20,0.036692,False
YOLO11n,Japan__Japan_006732,D20,0.04655,True
YOLO11n,Japan__Japan_006732,D10,0.009722,True
YOLO11n,Japan__Japan_006732,D10,0.00855,True
YOLO11n,Japan__Japan_006732,D10,0.003542,True
YOLO11n,Japan__Japan_006732,D10,0.003667,False
YOLO11n,Japan__Japan_006732,D10,0.003578,True
YOLO11n,Japan__Japan_006732,D10,0.005997,False
YOLO11n,Japan__Japan_006732,D10,0.002528,True
YOLO11n,Japan__Japan_006732,D10,0.002456,False
YOLO11n,Japan__Japan_006732,D40,0.000867,False
YOLO11n,Japan__Japan_006737,D40,0.024957,True
YOLO11n,Japan__Japan_006740,D10,0.00455,True
YOLO11n,Japan__Japan_006740,D10,0.003292,True
YOLO11n,Japan__Japan_006744,D00,0.004839,True
YOLO11n,Japan__Japan_006748,D00,0.030761,False
YOLO11n,Japan__Japan_006754,D40,0.005139,False
YOLO11n,Japan__Japan_006760,D00,0.012222,True
YOLO11n,Japan__Japan_006760,D00,0.011964,False
YOLO11n,Japan__Japan_006760,D10,0.0805,True
YOLO11n,Japan__Japan_006808,D00,0.017378,True
YOLO11n,Japan__Japan_006819,D10,0.013403,False
YOLO11n,Japan__Japan_006819,D10,0.022664,False
YOLO11n,Japan__Japan_006825,D40,0.002556,True
YOLO11n,Japan__Japan_006825,D20,0.008992,False
YOLO11n,Japan__Japan_006825,D20,0.133322,False
YOLO11n,Japan__Japan_006847,D00,0.0713,True
YOLO11n,Japan__Japan_006865,D10,0.008083,True
YOLO11n,Japan__Japan_006940,D00,0.00215,False
YOLO11n,Japan__Japan_006956,D10,0.0216,True
YOLO11n,Japan__Japan_006961,D20,0.336394,True
YOLO11n,Japan__Japan_006961,D20,0.269078,True
YOLO11n,Japan__Japan_006965,D00,0.032094,True
YOLO11n,Japan__Japan_007003,D40,0.003811,True
YOLO11n,Japan__Japan_007003,D20,0.0726,True
YOLO11n,Japan__Japan_007003,D20,0.086767,True
YOLO11n,Japan__Japan_007003,D20,0.017058,False
YOLO11n,Japan__Japan_007017,D20,0.010756,False
YOLO11n,Japan__Japan_007017,D10,0.020111,True
YOLO11n,Japan__Japan_007017,D20,0.024022,False
YOLO11n,Japan__Japan_007018,D20,0.60915,True
YOLO11n,Japan__Japan_007029,D00,0.020519,True
YOLO11n,Japan__Japan_007036,D00,0.00165,False
YOLO11n,Japan__Japan_007053,D20,0.14125,True
YOLO11n,Japan__Japan_007062,D40,0.0034,True
YOLO11n,Japan__Japan_007062,D40,0.00455,False
YOLO11n,Japan__Japan_007082,D00,0.026994,False
YOLO11n,Japan__Japan_007083,D20,0.108194,False
YOLO11n,Japan__Japan_007084,D20,0.036075,False
YOLO11n,Japan__Japan_007092,D10,0.010069,False
YOLO11n,Japan__Japan_007093,D20,0.239633,True
YOLO11n,Japan__Japan_007093,D20,0.011,False
YOLO11n,Japan__Japan_007106,D00,0.055417,False
YOLO11n,Japan__Japan_007106,D00,0.028597,True
YOLO11n,Japan__Japan_007106,D00,0.117478,True
YOLO11n,Japan__Japan_007107,D00,0.010667,False
YOLO11n,Japan__Japan_007118,D00,0.00195,True
YOLO11n,Japan__Japan_007128,D20,0.163689,True
YOLO11n,Japan__Japan_007149,D20,0.149508,True
YOLO11n,Japan__Japan_007154,D00,0.0084,True
YOLO11n,Japan__Japan_007161,D10,0.024806,False
YOLO11n,Japan__Japan_007161,D00,0.0017,False
YOLO11n,Japan__Japan_007228,D20,0.264892,True
YOLO11n,Japan__Japan_007233,D40,0.008433,False
YOLO11n,Japan__Japan_007233,D40,0.00455,False
YOLO11n,Japan__Japan_007233,D40,0.004044,False
YOLO11n,Japan__Japan_007233,D40,0.001039,False
YOLO11n,Japan__Japan_007233,D20,0.094958,False
YOLO11n,Japan__Japan_007259,D20,0.1734,True
YOLO11n,Japan__Japan_007259,D20,0.039142,True
YOLO11n,Japan__Japan_007266,D20,0.077689,False
YOLO11n,Japan__Japan_007266,D20,0.02065,False
YOLO11n,Japan__Japan_007266,D10,0.005289,False
YOLO11n,Japan__Japan_007280,D10,0.0143,True
YOLO11n,Japan__Japan_007280,D40,0.001133,False
YOLO11n,Japan__Japan_007280,D00,0.01925,False
YOLO11n,Japan__Japan_007280,D10,0.010417,True
YOLO11n,Japan__Japan_007287,D20,0.135778,True
YOLO11n,Japan__Japan_007293,D20,0.205181,True
YOLO11n,Japan__Japan_007311,D20,0.099411,True
YOLO11n,Japan__Japan_007334,D00,0.05695,True
YOLO11n,Japan__Japan_007343,D20,0.162006,True
YOLO11n,Japan__Japan_007344,D20,0.120944,False
YOLO11n,Japan__Japan_007344,D20,0.085922,False
YOLO11n,Japan__Japan_007347,D20,0.027,True
YOLO11n,Japan__Japan_007359,D20,0.020967,False
YOLO11n,Japan__Japan_007359,D20,0.028778,False
YOLO11n,Japan__Japan_007360,D20,0.123306,True
YOLO11n,Japan__Japan_007360,D10,0.00475,True
YOLO11n,Japan__Japan_007360,D10,0.004675,True
YOLO11n,Japan__Japan_007362,D20,0.382694,True
YOLO11n,Japan__Japan_007393,D20,0.276222,True
YOLO11n,Japan__Japan_007409,D20,0.173114,False
YOLO11n,Japan__Japan_007409,D40,0.001425,False
YOLO11n,Japan__Japan_007409,D20,0.033356,False
YOLO11n,Japan__Japan_007410,D20,0.430006,True
YOLO11n,Japan__Japan_007412,D20,0.029133,False
YOLO11n,Japan__Japan_007415,D20,0.312578,True
YOLO11n,Japan__Japan_007433,D20,0.114369,True
YOLO11n,Japan__Japan_007434,D20,0.077844,True
YOLO11n,Japan__Japan_007434,D00,0.0195,False
YOLO11n,Japan__Japan_007437,D00,0.095,False
YOLO11n,Japan__Japan_007450,D20,0.348558,True
YOLO11n,Japan__Japan_007454,D20,0.182722,True
YOLO11n,Japan__Japan_007454,D10,0.007267,False
YOLO11n,Japan__Japan_007454,D20,0.02485,False
YOLO11n,Japan__Japan_007464,D20,0.081749,False
YOLO11n,Japan__Japan_007464,D00,0.022243,False
YOLO11n,Japan__Japan_007464,D00,0.009846,True
YOLO11n,Japan__Japan_007474,D10,0.048733,False
YOLO11n,Japan__Japan_007477,D10,0.011439,False
YOLO11n,Japan__Japan_007477,D10,0.037617,False
YOLO11n,Japan__Japan_007477,D10,0.006175,True
YOLO11n,Japan__Japan_007477,D00,0.023486,True
YOLO11n,Japan__Japan_007477,D00,0.021642,False
YOLO11n,Japan__Japan_007485,D20,0.048044,False
YOLO11n,Japan__Japan_007485,D20,0.011711,False
YOLO11n,Japan__Japan_007495,D00,0.009528,False
YOLO11n,Japan__Japan_007495,D10,0.00255,False
YOLO11n,Japan__Japan_007495,D10,0.009861,False
YOLO11n,Japan__Japan_007495,D10,0.026636,True
YOLO11n,Japan__Japan_007495,D10,0.002111,True
YOLO11n,Japan__Japan_007495,D10,0.017394,True
YOLO11n,Japan__Japan_007500,D20,0.560802,True
YOLO11n,Japan__Japan_007500,D10,0.013937,False
YOLO11n,Japan__Japan_007502,D20,0.025925,False
YOLO11n,Japan__Japan_007502,D10,0.010167,False
YOLO11n,Japan__Japan_007502,D10,0.006922,False
YOLO11n,Japan__Japan_007502,D10,0.012711,True
YOLO11n,Japan__Japan_007502,D20,0.015167,False
YOLO11n,Japan__Japan_007503,D40,0.003056,True
YOLO11n,Japan__Japan_007503,D20,0.078967,True
YOLO11n,Japan__Japan_007527,D20,0.12975,False
YOLO11n,Japan__Japan_007527,D00,0.007733,False
YOLO11n,Japan__Japan_007527,D10,0.0044,True
YOLO11n,Japan__Japan_007537,D20,0.113147,False
YOLO11n,Japan__Japan_007537,D20,0.158125,True
YOLO11n,Japan__Japan_007539,D20,0.238467,True
YOLO11n,Japan__Japan_007549,D20,0.0066,False
YOLO11n,Japan__Japan_007550,D40,0.002683,False
YOLO11n,Japan__Japan_007550,D40,0.001444,True
YOLO11n,Japan__Japan_007550,D40,0.000897,False
YOLO11n,Japan__Japan_007550,D40,0.005222,False
YOLO11n,Japan__Japan_007550,D40,0.000722,False
YOLO11n,Japan__Japan_007552,D40,0.000661,False
YOLO11n,Japan__Japan_007552,D40,0.001422,False
YOLO11n,Japan__Japan_007552,D40,0.001722,False
YOLO11n,Japan__Japan_007558,D00,0.065358,False
YOLO11n,Japan__Japan_007558,D00,0.007608,False
YOLO11n,Japan__Japan_007562,D10,0.0462,False
YOLO11n,Japan__Japan_007562,D10,0.009172,False
YOLO11n,Japan__Japan_007562,D00,0.002417,False
YOLO11n,Japan__Japan_007562,D10,0.001833,False
YOLO11n,Japan__Japan_007567,D20,0.465889,True
YOLO11n,Japan__Japan_007575,D10,0.013406,True
YOLO11n,Japan__Japan_007575,D10,0.00775,False
YOLO11n,Japan__Japan_007575,D10,0.0037,False
YOLO11n,Japan__Japan_007575,D10,0.002094,False
YOLO11n,Japan__Japan_007579,D40,0.001467,False
YOLO11n,Japan__Japan_007579,D40,0.0065,True
YOLO11n,Japan__Japan_007579,D40,0.0055,False
YOLO11n,Japan__Japan_007579,D40,0.002153,False
YOLO11n,Japan__Japan_007579,D20,0.026242,False
YOLO11n,Japan__Japan_007579,D40,0.003617,False
YOLO11n,Japan__Japan_007588,D10,0.002575,False
YOLO11n,Japan__Japan_007588,D10,0.01155,False
YOLO11n,Japan__Japan_007595,D20,0.062144,False
YOLO11n,Japan__Japan_007604,D40,0.012425,False
YOLO11n,Japan__Japan_007604,D40,0.004044,False
YOLO11n,Japan__Japan_007604,D40,0.0018,False
YOLO11n,Japan__Japan_007604,D40,0.004167,False
YOLO11n,Japan__Japan_007604,D40,0.002058,False
YOLO11n,Japan__Japan_007606,D00,0.008217,False
YOLO11n,Japan__Japan_007618,D00,0.071069,True
YOLO11n,Japan__Japan_007618,D10,0.007708,True
YOLO11n,Japan__Japan_007618,D00,0.122311,False
YOLO11n,Japan__Japan_007618,D10,0.003539,False
YOLO11n,Japan__Japan_007618,D10,0.009956,True
YOLO11n,Japan__Japan_007622,D20,0.057,False
YOLO11n,Japan__Japan_007625,D20,0.02975,True
YOLO11n,Japan__Japan_007633,D40,0.003975,True
YOLO11n,Japan__Japan_007633,D20,0.025278,False
YOLO11n,Japan__Japan_007643,D00,0.008875,False
YOLO11n,Japan__Japan_007643,D00,0.001458,False
YOLO11n,Japan__Japan_007649,D20,0.05405,True
YOLO11n,Japan__Japan_007649,D10,0.006944,True
YOLO11n,Japan__Japan_007649,D10,0.00375,False
YOLO11n,Japan__Japan_007649,D00,0.017514,False
YOLO11n,Japan__Japan_007655,D20,0.203533,True
YOLO11n,Japan__Japan_007655,D40,0.016467,False
YOLO11n,Japan__Japan_007655,D40,0.006883,False
YOLO11n,Japan__Japan_007672,D20,0.129403,False
YOLO11n,Japan__Japan_007673,D00,0.005775,True
YOLO11n,Japan__Japan_007692,D20,0.001772,False
YOLO11n,Japan__Japan_007692,D10,0.001283,False
YOLO11n,Japan__Japan_007692,D10,0.001619,False
YOLO11n,Japan__Japan_007692,D20,0.002867,False
YOLO11n,Japan__Japan_007698,D00,0.031236,True
YOLO11n,Japan__Japan_007698,D20,0.025858,False
YOLO11n,Japan__Japan_007698,D10,0.007533,False
YOLO11n,Japan__Japan_007722,D10,0.007319,False
YOLO11n,Japan__Japan_007722,D10,0.005292,False
YOLO11n,Japan__Japan_007722,D00,0.00585,True
YOLO11n,Japan__Japan_007722,D00,0.005667,True
YOLO11n,Japan__Japan_007722,D00,0.003872,False
YOLO11n,Japan__Japan_007722,D00,0.00305,False
YOLO11n,Japan__Japan_007728,D20,0.184375,True
YOLO11n,Japan__Japan_007728,D20,0.083136,True
YOLO11n,Japan__Japan_007733,D00,0.033514,True
YOLO11n,Japan__Japan_007746,D10,0.00525,False
YOLO11n,Japan__Japan_007755,D20,0.02475,False
YOLO11n,Japan__Japan_007755,D00,0.007311,False
YOLO11n,Japan__Japan_007755,D10,0.006667,False
YOLO11n,Japan__Japan_007755,D20,0.0088,False
YOLO11n,Japan__Japan_007755,D10,0.003458,False
YOLO11n,Japan__Japan_007756,D20,0.115267,True
YOLO11n,Japan__Japan_007756,D10,0.004222,True
YOLO11n,Japan__Japan_007756,D10,0.006783,True
YOLO11n,Japan__Japan_007768,D10,0.053278,False
YOLO11n,Japan__Japan_007768,D10,0.045167,False
YOLO11n,Japan__Japan_007768,D10,0.022303,False
YOLO11n,Japan__Japan_007768,D10,0.016667,False
YOLO11n,Japan__Japan_007768,D10,0.020556,False
YOLO11n,Japan__Japan_007768,D10,0.033978,False
YOLO11n,Japan__Japan_007775,D20,0.026114,True
YOLO11n,Japan__Japan_007775,D00,0.037778,True
YOLO11n,Japan__Japan_007780,D20,0.163411,True
YOLO11n,Japan__Japan_007781,D40,0.022292,True
YOLO11n,Japan__Japan_007784,D00,0.023767,True
YOLO11n,Japan__Japan_007784,D20,0.02665,False
YOLO11n,Japan__Japan_007814,D10,0.020175,False
YOLO11n,Japan__Japan_007823,D10,0.0085,True
YOLO11n,Japan__Japan_007823,D00,0.006608,False
YOLO11n,Japan__Japan_007823,D10,0.013481,False
YOLO11n,Japan__Japan_007823,D00,0.001322,False
YOLO11n,Japan__Japan_007823,D00,0.054986,True
YOLO11n,Japan__Japan_007834,D20,0.316953,True
YOLO11n,Japan__Japan_007841,D40,0.004306,True
YOLO11n,Japan__Japan_007849,D20,0.041167,False
YOLO11n,Japan__Japan_007852,D40,0.0026,False
YOLO11n,Japan__Japan_007852,D20,0.166111,False
YOLO11n,Japan__Japan_007858,D20,0.0351,False
YOLO11n,Japan__Japan_007858,D20,0.048292,False
YOLO11n,Japan__Japan_007860,D20,0.01815,True
YOLO11n,Japan__Japan_007900,D20,0.060975,True
YOLO11n,Japan__Japan_007900,D20,0.073242,True
YOLO11n,Japan__Japan_007900,D40,0.004028,True
YOLO11n,Japan__Japan_007903,D40,0.0296,False
YOLO11n,Japan__Japan_007903,D40,0.025617,False
YOLO11n,Japan__Japan_007916,D20,0.137517,True
YOLO11n,Japan__Japan_007916,D20,0.014444,True
YOLO11n,Japan__Japan_007916,D10,0.036847,True
YOLO11n,Japan__Japan_007922,D40,0.005689,False
YOLO11n,Japan__Japan_007922,D40,0.002333,False
YOLO11n,Japan__Japan_007933,D10,0.01125,True
YOLO11n,Japan__Japan_007954,D20,0.194808,True
YOLO11n,Japan__Japan_007964,D10,0.00525,True
YOLO11n,Japan__Japan_007964,D10,0.006825,True
YOLO11n,Japan__Japan_007965,D20,0.244317,True
YOLO11n,Japan__Japan_007965,D10,0.03475,False
YOLO11n,Japan__Japan_007965,D10,0.019939,False
YOLO11n,Japan__Japan_007995,D20,0.027767,False
YOLO11n,Japan__Japan_007995,D10,0.006767,False
YOLO11n,Japan__Japan_008008,D20,0.058561,True
YOLO11n,Japan__Japan_008012,D00,0.085575,False
YOLO11n,Japan__Japan_008013,D00,0.016678,False
YOLO11n,Japan__Japan_008022,D10,0.018375,True
YOLO11n,Japan__Japan_008023,D00,0.028,True
YOLO11n,Japan__Japan_008031,D40,0.001667,False
YOLO11n,Japan__Japan_008047,D00,0.049875,False
YOLO11n,Japan__Japan_008060,D00,0.003392,True
YOLO11n,Japan__Japan_008097,D20,0.136077,False
YOLO11n,Japan__Japan_008097,D10,0.007545,False
YOLO11n,Japan__Japan_008099,D20,0.007486,False
YOLO11n,Japan__Japan_008099,D20,0.0088,False
YOLO11n,Japan__Japan_008130,D20,0.30705,True
YOLO11n,Japan__Japan_008156,D40,0.005736,True
YOLO11n,Japan__Japan_008156,D20,0.083333,True
YOLO11n,Japan__Japan_008156,D00,0.007875,False
YOLO11n,Japan__Japan_008168,D40,0.000778,True
YOLO11n,Japan__Japan_008179,D20,0.230125,True
YOLO11n,Japan__Japan_008184,D20,0.321028,True
YOLO11n,Japan__Japan_008190,D20,0.041944,False
YOLO11n,Japan__Japan_008190,D20,0.039608,False
YOLO11n,Japan__Japan_008196,D40,0.005622,False
YOLO11n,Japan__Japan_008211,D20,0.065,True
YOLO11n,Japan__Japan_008218,D20,0.385428,True
YOLO11n,Japan__Japan_008230,D10,0.008533,True
YOLO11n,Japan__Japan_008233,D00,0.011733,False
YOLO11n,Japan__Japan_008247,D20,0.280217,True
YOLO11n,Japan__Japan_008272,D20,0.328667,True
YOLO11n,Japan__Japan_008279,D20,0.684811,True
YOLO11n,Japan__Japan_008300,D00,0.010767,False
YOLO11n,Japan__Japan_008307,D20,0.080514,True
YOLO11n,Japan__Japan_008324,D20,0.273181,True
YOLO11n,Japan__Japan_008345,D10,0.005022,False
YOLO11n,Japan__Japan_008345,D10,0.005572,False
YOLO11n,Japan__Japan_008345,D10,0.006444,False
YOLO11n,Japan__Japan_008356,D20,0.008189,True
YOLO11n,Japan__Japan_008359,D00,0.062828,False
YOLO11n,Japan__Japan_008375,D20,0.25365,True
YOLO11n,Japan__Japan_008375,D10,0.002917,True
YOLO11n,Japan__Japan_008376,D40,0.085327,False
YOLO11n,Japan__Japan_008388,D00,0.042883,True
YOLO11n,Japan__Japan_008388,D00,0.005267,True
YOLO11n,Japan__Japan_008388,D00,0.003544,False
YOLO11n,Japan__Japan_008388,D00,0.002739,False
YOLO11n,Japan__Japan_008394,D20,0.236925,True
YOLO11n,Japan__Japan_008394,D20,0.095025,True
YOLO11n,Japan__Japan_008402,D10,0.007986,False
YOLO11n,Japan__Japan_008410,D40,0.031944,False
YOLO11n,Japan__Japan_008410,D40,0.005026,False
YOLO11n,Japan__Japan_008511,D00,0.023383,False
YOLO11n,Japan__Japan_008511,D00,0.007147,False
YOLO11n,Japan__Japan_008511,D00,0.004067,False
YOLO11n,Japan__Japan_008516,D20,0.068872,True
YOLO11n,Japan__Japan_008516,D10,0.001833,False
YOLO11n,Japan__Japan_008523,D00,0.030833,True
YOLO11n,Japan__Japan_008523,D20,0.0832,False
YOLO11n,Japan__Japan_008523,D00,0.008944,True
YOLO11n,Japan__Japan_008523,D10,0.004044,False
YOLO11n,Japan__Japan_008523,D10,0.005256,False
YOLO11n,Japan__Japan_008529,D20,0.197511,True
YOLO11n,Japan__Japan_008539,D20,0.395014,True
YOLO11n,Japan__Japan_008547,D20,0.361342,True
YOLO11n,Japan__Japan_008547,D20,0.129525,True
YOLO11n,Japan__Japan_008584,D00,0.0338,True
YOLO11n,Japan__Japan_008584,D20,0.605422,True
YOLO11n,Japan__Japan_008606,D00,0.0084,True
YOLO11n,Japan__Japan_008606,D10,0.00665,False
YOLO11n,Japan__Japan_008615,D20,0.130417,True
YOLO11n,Japan__Japan_008627,D20,0.017675,False
YOLO11n,Japan__Japan_008627,D00,0.0068,False
YOLO11n,Japan__Japan_008629,D00,0.019503,True
YOLO11n,Japan__Japan_008629,D00,0.023689,False
YOLO11n,Japan__Japan_008634,D20,0.113758,True
YOLO11n,Japan__Japan_008634,D10,0.020917,False
YOLO11n,Japan__Japan_008634,D00,0.012533,False
YOLO11n,Japan__Japan_008688,D20,0.197417,True
YOLO11n,Japan__Japan_008708,D20,0.247,True
YOLO11n,Japan__Japan_008721,D40,0.02047,False
YOLO11n,Japan__Japan_008726,D10,0.054172,False
YOLO11n,Japan__Japan_008726,D00,0.016467,False
YOLO11n,Japan__Japan_008726,D10,0.014578,False
YOLO11n,Japan__Japan_008735,D10,0.007028,True
YOLO11n,Japan__Japan_008735,D10,0.0105,False
YOLO11n,Japan__Japan_008735,D20,0.107139,True
YOLO11n,Japan__Japan_008739,D20,0.234367,True
YOLO11n,Japan__Japan_008756,D20,0.1681,True
YOLO11n,Japan__Japan_008759,D20,0.049939,True
YOLO11n,Japan__Japan_008759,D10,0.014661,False
YOLO11n,Japan__Japan_008770,D00,0.046344,True
YOLO11n,Japan__Japan_008780,D20,0.254533,True
YOLO11n,Japan__Japan_008780,D00,0.018192,False
YOLO11n,Japan__Japan_008794,D20,0.3962,True
YOLO11n,Japan__Japan_008807,D10,0.004064,True
YOLO11n,Japan__Japan_008815,D00,0.012622,True
YOLO11n,Japan__Japan_008815,D10,0.042467,False
YOLO11n,Japan__Japan_008815,D00,0.007517,False
YOLO11n,Japan__Japan_008815,D00,0.005006,True
YOLO11n,Japan__Japan_008837,D00,0.017733,False
YOLO11n,Japan__Japan_008837,D00,0.010208,False
YOLO11n,Japan__Japan_008837,D00,0.005622,True
YOLO11n,Japan__Japan_008837,D00,0.011122,False
YOLO11n,Japan__Japan_008837,D10,0.002,False
YOLO11n,Japan__Japan_008846,D00,0.01025,True
YOLO11n,Japan__Japan_008846,D00,0.041342,True
YOLO11n,Japan__Japan_008846,D00,0.017825,False
YOLO11n,Japan__Japan_008846,D00,0.107431,False
YOLO11n,Japan__Japan_008846,D20,0.028019,False
YOLO11n,Japan__Japan_008846,D00,0.002658,False
YOLO11n,Japan__Japan_008846,D00,0.001611,False
YOLO11n,Japan__Japan_008846,D10,0.004708,False
YOLO11n,Japan__Japan_008846,D10,0.002667,False
YOLO11n,Japan__Japan_008848,D20,0.6556,True
YOLO11n,Japan__Japan_008854,D00,0.041889,True
YOLO11n,Japan__Japan_008854,D10,0.006067,True
YOLO11n,Japan__Japan_008855,D20,0.344561,True
YOLO11n,Japan__Japan_008872,D20,0.1162,True
YOLO11n,Japan__Japan_008878,D20,0.386022,True
YOLO11n,Japan__Japan_008880,D00,0.0328,True
YOLO11n,Japan__Japan_008880,D00,0.002744,False
YOLO11n,Japan__Japan_008880,D10,0.012844,False
YOLO11n,Japan__Japan_008898,D20,0.303181,True
YOLO11n,Japan__Japan_008898,D20,0.232619,True
YOLO11n,Japan__Japan_008900,D40,0.003789,False
YOLO11n,Japan__Japan_008900,D40,0.006525,False
YOLO11n,Japan__Japan_008900,D20,0.268778,True
YOLO11n,Japan__Japan_008900,D20,0.007556,False
YOLO11n,Japan__Japan_008926,D10,0.005208,False
YOLO11n,Japan__Japan_008926,D20,0.005,False
YOLO11n,Japan__Japan_008927,D00,0.052228,True
YOLO11n,Japan__Japan_008933,D20,0.040444,True
YOLO11n,Japan__Japan_008939,D00,0.097731,False
YOLO11n,Japan__Japan_008947,D10,0.004064,False
YOLO11n,Japan__Japan_008949,D00,0.028367,False
YOLO11n,Japan__Japan_008962,D20,0.084,False
YOLO11n,Japan__Japan_008963,D20,0.3212,True
YOLO11n,Japan__Japan_008968,D40,0.001611,False
YOLO11n,Japan__Japan_008968,D20,0.035833,True
YOLO11n,Japan__Japan_008968,D20,0.064025,False
YOLO11n,Japan__Japan_008968,D00,0.010489,True
YOLO11n,Japan__Japan_008968,D00,0.0075,False
YOLO11n,Japan__Japan_008968,D00,0.004344,False
YOLO11n,Japan__Japan_008968,D00,0.0052,False
YOLO11n,Japan__Japan_008968,D00,0.044722,True
YOLO11n,Japan__Japan_008968,D20,0.052533,False
YOLO11n,Japan__Japan_008970,D20,0.051933,False
YOLO11n,Japan__Japan_008970,D20,0.201956,True
YOLO11n,Japan__Japan_008976,D00,0.012825,False
YOLO11n,Japan__Japan_008991,D00,0.006933,False
YOLO11n,Japan__Japan_008991,D00,0.001208,True
YOLO11n,Japan__Japan_009001,D00,0.009022,False
YOLO11n,Japan__Japan_009001,D20,0.097167,False
YOLO11n,Japan__Japan_009001,D00,0.022967,False
YOLO11n,Japan__Japan_009001,D00,0.047278,False
YOLO11n,Japan__Japan_009021,D20,0.166367,True
YOLO11n,Japan__Japan_009026,D00,0.066322,False
YOLO11n,Japan__Japan_009026,D10,0.036711,True
YOLO11n,Japan__Japan_009026,D10,0.007778,False
YOLO11n,Japan__Japan_009026,D10,0.004667,False
YOLO11n,Japan__Japan_009026,D20,0.031775,False
YOLO11n,Japan__Japan_009030,D20,0.067667,False
YOLO11n,Japan__Japan_009041,D20,0.185611,True
YOLO11n,Japan__Japan_009041,D10,0.020444,False
YOLO11n,Japan__Japan_009044,D10,0.006067,True
YOLO11n,Japan__Japan_009044,D20,0.021378,False
YOLO11n,Japan__Japan_009044,D00,0.035156,False
YOLO11n,Japan__Japan_009049,D40,0.002292,False
YOLO11n,Japan__Japan_009049,D10,0.013842,False
YOLO11n,Japan__Japan_009049,D10,0.00885,False
YOLO11n,Japan__Japan_009049,D00,0.010333,False
YOLO11n,Japan__Japan_009053,D20,0.119025,True
YOLO11n,Japan__Japan_009053,D20,0.035156,False
YOLO11n,Japan__Japan_009053,D10,0.007233,True
YOLO11n,Japan__Japan_009067,D00,0.005683,True
YOLO11n,Japan__Japan_009085,D40,0.004167,True
YOLO11n,Japan__Japan_009085,D20,0.086972,False
YOLO11n,Japan__Japan_009085,D20,0.031944,False
YOLO11n,Japan__Japan_009085,D20,0.018322,False
YOLO11n,Japan__Japan_009085,D20,0.0169,False
YOLO11n,Japan__Japan_009085,D20,0.0081,False
YOLO11n,Japan__Japan_009085,D20,0.032331,False
YOLO11n,Japan__Japan_009088,D20,0.198561,True
YOLO11n,Japan__Japan_009097,D20,0.105,False
YOLO11n,Japan__Japan_009105,D00,0.002644,False
YOLO11n,Japan__Japan_009116,D00,0.021375,False
YOLO11n,Japan__Japan_009122,D20,0.065294,True
YOLO11n,Japan__Japan_009144,D00,0.005417,True
YOLO11n,Japan__Japan_009146,D20,0.029167,False
YOLO11n,Japan__Japan_009146,D10,0.015961,False
YOLO11n,Japan__Japan_009147,D40,0.0056,False
YOLO11n,Japan__Japan_009147,D40,0.002933,True
YOLO11n,Japan__Japan_009153,D20,0.077067,True
YOLO11n,Japan__Japan_009174,D40,0.002,True
YOLO11n,Japan__Japan_009174,D10,0.006333,False
YOLO11n,Japan__Japan_009174,D10,0.0124,False
YOLO11n,Japan__Japan_009174,D10,0.009289,False
YOLO11n,Japan__Japan_009184,D40,0.003606,False
YOLO11n,Japan__Japan_009184,D20,0.28015,True
YOLO11n,Japan__Japan_009220,D20,0.138389,True
YOLO11n,Japan__Japan_009220,D20,0.034028,True
YOLO11n,Japan__Japan_009220,D20,0.063917,False
YOLO11n,Japan__Japan_009223,D20,0.050133,False
YOLO11n,Japan__Japan_009223,D00,0.002667,False
YOLO11n,Japan__Japan_009223,D10,0.016133,False
YOLO11n,Japan__Japan_009223,D10,0.007664,False
YOLO11n,Japan__Japan_009294,D00,0.047542,False
YOLO11n,Japan__Japan_009294,D10,0.037122,False
YOLO11n,Japan__Japan_009294,D10,0.0302,False
YOLO11n,Japan__Japan_009294,D10,0.0088,False
YOLO11n,Japan__Japan_009294,D00,0.004111,False
YOLO11n,Japan__Japan_009294,D00,0.003033,False
YOLO11n,Japan__Japan_009299,D20,0.064153,False
YOLO11n,Japan__Japan_009299,D20,0.011439,False
YOLO11n,Japan__Japan_009299,D20,0.043267,False
YOLO11n,Japan__Japan_009299,D10,0.0126,False
YOLO11n,Japan__Japan_009310,D00,0.034122,False
YOLO11n,Japan__Japan_009312,D20,0.071867,False
YOLO11n,Japan__Japan_009312,D20,0.022556,False
YOLO11n,Japan__Japan_009340,D20,0.075078,True
YOLO11n,Japan__Japan_009340,D10,0.004958,True
YOLO11n,Japan__Japan_009343,D20,0.147325,True
YOLO11n,Japan__Japan_009350,D20,0.116025,True
YOLO11n,Japan__Japan_009350,D20,0.2384,True
YOLO11n,Japan__Japan_009353,D20,0.108889,False
YOLO11n,Japan__Japan_009353,D20,0.020222,False
YOLO11n,Japan__Japan_009355,D20,0.164811,True
YOLO11n,Japan__Japan_009355,D10,0.003778,False
YOLO11n,Japan__Japan_009355,D10,0.003733,False
YOLO11n,Japan__Japan_009360,D20,0.017642,False
YOLO11n,Japan__Japan_009360,D20,0.029822,False
YOLO11n,Japan__Japan_009378,D10,0.0054,True
YOLO11n,Japan__Japan_009378,D10,0.012133,True
YOLO11n,Japan__Japan_009378,D10,0.007222,False
YOLO11n,Japan__Japan_009379,D20,0.158694,False
YOLO11n,Japan__Japan_009383,D00,0.095861,True
YOLO11n,Japan__Japan_009383,D00,0.0132,True
YOLO11n,Japan__Japan_009383,D00,0.019367,True
YOLO11n,Japan__Japan_009404,D00,0.026878,True
YOLO11n,Japan__Japan_009404,D20,0.136028,False
YOLO11n,Japan__Japan_009415,D20,0.084389,True
YOLO11n,Japan__Japan_009415,D10,0.013139,False
YOLO11n,Japan__Japan_009415,D10,0.017814,False
YOLO11n,Japan__Japan_009415,D10,0.005444,False
YOLO11n,Japan__Japan_009415,D10,0.001556,False
YOLO11n,Japan__Japan_009415,D10,0.003867,False
YOLO11n,Japan__Japan_009450,D00,0.095578,True
YOLO11n,Japan__Japan_009450,D10,0.031244,False
YOLO11n,Japan__Japan_009463,D20,0.168056,True
YOLO11n,Japan__Japan_009463,D20,0.038608,False
YOLO11n,Japan__Japan_009464,D20,0.307114,True
YOLO11n,Japan__Japan_009492,D40,0.024239,False
YOLO11n,Japan__Japan_009492,D20,0.300051,False
YOLO11n,Japan__Japan_009492,D20,0.031111,False
YOLO11n,Japan__Japan_009499,D20,0.110439,False
YOLO11n,Japan__Japan_009523,D20,0.0722,True
YOLO11n,Japan__Japan_009523,D00,0.016133,False
YOLO11n,Japan__Japan_009524,D20,0.021958,False
YOLO11n,Japan__Japan_009524,D00,0.011158,True
YOLO11n,Japan__Japan_009524,D00,0.074436,False
YOLO11n,Japan__Japan_009524,D00,0.008167,False
YOLO11n,Japan__Japan_009547,D20,0.314972,True
YOLO11n,Japan__Japan_009547,D20,0.020486,True
YOLO11n,Japan__Japan_009552,D20,0.016889,False
YOLO11n,Japan__Japan_009552,D10,0.01375,False
YOLO11n,Japan__Japan_009586,D20,0.30345,True
YOLO11n,Japan__Japan_009586,D40,0.002658,False
YOLO11n,Japan__Japan_009614,D20,0.254725,True
YOLO11n,Japan__Japan_009630,D40,0.001806,False
YOLO11n,Japan__Japan_009630,D40,0.003403,True
YOLO11n,Japan__Japan_009630,D20,0.45175,True
YOLO11n,Japan__Japan_009641,D20,0.069875,True
YOLO11n,Japan__Japan_009641,D20,0.0188,False
YOLO11n,Japan__Japan_009641,D20,0.024444,False
YOLO11n,Japan__Japan_009651,D20,0.016611,False
YOLO11n,Japan__Japan_009652,D00,0.039433,True
YOLO11n,Japan__Japan_009652,D10,0.007858,False
YOLO11n,Japan__Japan_009656,D20,0.165939,True
YOLO11n,Japan__Japan_009656,D20,0.147222,True
YOLO11n,Japan__Japan_009672,D40,0.003383,False
YOLO11n,Japan__Japan_009672,D20,0.007,False
YOLO11n,Japan__Japan_009672,D40,0.025458,True
YOLO11n,Japan__Japan_009672,D10,0.018242,True
YOLO11n,Japan__Japan_009672,D20,0.004911,False
YOLO11n,Japan__Japan_009677,D20,0.058333,True
YOLO11n,Japan__Japan_009678,D20,0.080533,True
YOLO11n,Japan__Japan_009681,D40,0.003828,True
YOLO11n,Japan__Japan_009684,D20,0.07,True
YOLO11n,Japan__Japan_009684,D40,0.001636,True
YOLO11n,Japan__Japan_009684,D20,0.006719,False
YOLO11n,Japan__Japan_009684,D20,0.0387,False
YOLO11n,Japan__Japan_009698,D20,0.076297,True
YOLO11n,Japan__Japan_009698,D20,0.082667,False
YOLO11n,Japan__Japan_009698,D40,0.00175,False
YOLO11n,Japan__Japan_009698,D40,0.001533,False
YOLO11n,Japan__Japan_009698,D40,0.001208,True
YOLO11n,Japan__Japan_009707,D20,0.056622,False
YOLO11n,Japan__Japan_009707,D00,0.05795,False
YOLO11n,Japan__Japan_009717,D20,0.3198,True
YOLO11n,Japan__Japan_009743,D20,0.0873,True
YOLO11n,Japan__Japan_009746,D20,0.008433,False
YOLO11n,Japan__Japan_009746,D20,0.486528,True
YOLO11n,Japan__Japan_009785,D00,0.015094,True
YOLO11n,Japan__Japan_009785,D10,0.02775,False
YOLO11n,Japan__Japan_009785,D10,0.0275,True
YOLO11n,Japan__Japan_009785,D10,0.015089,True
YOLO11n,Japan__Japan_009785,D10,0.010325,False
YOLO11n,Japan__Japan_009785,D00,0.0058,True
YOLO11n,Japan__Japan_009818,D20,0.01515,False
YOLO11n,Japan__Japan_009822,D00,0.034,True
YOLO11n,Japan__Japan_009822,D00,0.008642,True
YOLO11n,Japan__Japan_009822,D10,0.013433,False
YOLO11n,Japan__Japan_009831,D20,0.136708,True
YOLO11n,Japan__Japan_009831,D20,0.044956,True
YOLO11n,Japan__Japan_009850,D20,0.079167,True
YOLO11n,Japan__Japan_009863,D00,0.007442,True
YOLO11n,Japan__Japan_009863,D00,0.002139,False
YOLO11n,Japan__Japan_009874,D20,0.117681,True
YOLO11n,Japan__Japan_009882,D40,0.002556,True
YOLO11n,Japan__Japan_009882,D20,0.089456,True
YOLO11n,Japan__Japan_009922,D20,0.071947,True
YOLO11n,Japan__Japan_009922,D20,0.01225,True
YOLO11n,Japan__Japan_009922,D20,0.029828,False
YOLO11n,Japan__Japan_009922,D20,0.023,False
YOLO11n,Japan__Japan_009922,D20,0.015217,False
YOLO11n,Japan__Japan_009935,D40,0.010267,True
YOLO11n,Japan__Japan_009935,D40,0.002889,True
YOLO11n,Japan__Japan_009935,D40,0.006133,False
YOLO11n,Japan__Japan_009935,D20,0.086078,False
YOLO11n,Japan__Japan_009960,D40,0.009867,True
YOLO11n,Japan__Japan_009968,D20,0.142458,True
YOLO11n,Japan__Japan_009968,D20,0.015158,False
YOLO11n,Japan__Japan_009968,D20,0.011333,False
YOLO11n,Japan__Japan_009968,D20,0.007667,False
YOLO11n,Japan__Japan_009968,D20,0.014397,False
YOLO11n,Japan__Japan_009981,D20,0.167803,True
YOLO11n,Japan__Japan_009997,D40,0.007875,False
YOLO11n,Japan__Japan_009997,D40,0.001667,False
YOLO11n,Japan__Japan_009997,D40,0.070933,False
YOLO11n,Japan__Japan_009997,D40,0.018608,False
YOLO11n,Japan__Japan_009997,D40,0.003003,False
YOLO11n,Japan__Japan_009997,D40,0.018858,False
YOLO11n,Japan__Japan_009997,D40,0.002428,False
YOLO11n,Japan__Japan_010002,D00,0.020508,False
YOLO11n,Japan__Japan_010002,D00,0.0162,False
YOLO11n,Japan__Japan_010018,D20,0.036167,False
YOLO11n,Japan__Japan_010028,D00,0.0106,False
YOLO11n,Japan__Japan_010028,D00,0.002533,True
YOLO11n,Japan__Japan_010033,D00,0.001808,False
YOLO11n,Japan__Japan_010037,D00,0.015075,True
YOLO11n,Japan__Japan_010045,D00,0.017444,False
YOLO11n,Japan__Japan_010045,D20,0.066292,True
YOLO11n,Japan__Japan_010048,D20,0.227672,True
YOLO11n,Japan__Japan_010069,D40,0.005042,True
YOLO11n,Japan__Japan_010069,D20,0.378583,True
YOLO11n,Japan__Japan_010069,D40,0.001517,False
YOLO11n,Japan__Japan_010075,D20,0.035769,False
YOLO11n,Japan__Japan_010075,D00,0.045325,False
YOLO11n,Japan__Japan_010104,D00,0.022431,False
YOLO11n,Japan__Japan_010105,D10,0.011278,True
YOLO11n,Japan__Japan_010108,D20,0.389467,True
YOLO11n,Japan__Japan_010108,D10,0.022892,False
YOLO11n,Japan__Japan_010121,D00,0.100889,True
YOLO11n,Japan__Japan_010121,D00,0.010872,False
YOLO11n,Japan__Japan_010121,D00,0.041325,False
YOLO11n,Japan__Japan_010121,D00,0.058067,False
YOLO11n,Japan__Japan_010121,D00,0.005011,False
YOLO11n,Japan__Japan_010121,D10,0.005892,False
YOLO11n,Japan__Japan_010158,D20,0.066875,True
YOLO11n,Japan__Japan_010158,D20,0.202578,False
YOLO11n,Japan__Japan_010158,D20,0.015583,False
YOLO11n,Japan__Japan_010158,D20,0.012856,False
YOLO11n,Japan__Japan_010172,D00,0.0129,True
YOLO11n,Japan__Japan_010174,D20,0.148225,True
YOLO11n,Japan__Japan_010188,D20,0.143125,True
YOLO11n,Japan__Japan_010188,D10,0.014517,False
YOLO11n,Japan__Japan_010188,D10,0.004511,False
YOLO11n,Japan__Japan_010231,D40,0.003464,True
YOLO11n,Japan__Japan_010231,D20,0.303475,True
YOLO11n,Japan__Japan_010231,D20,0.045644,False
YOLO11n,Japan__Japan_010245,D20,0.211556,True
YOLO11n,Japan__Japan_010245,D40,0.007233,False
YOLO11n,Japan__Japan_010267,D00,0.110133,False
YOLO11n,Japan__Japan_010267,D20,0.025,False
YOLO11n,Japan__Japan_010267,D10,0.002125,False
YOLO11n,Japan__Japan_010267,D10,0.005378,False
YOLO11n,Japan__Japan_010279,D00,0.002817,True
YOLO11n,Japan__Japan_010279,D20,0.05,True
YOLO11n,Japan__Japan_010286,D20,0.243147,True
YOLO11n,Japan__Japan_010286,D20,0.131775,True
YOLO11n,Japan__Japan_010309,D20,0.100867,True
YOLO11n,Japan__Japan_010309,D20,0.055739,True
YOLO11n,Japan__Japan_010319,D40,0.0038,False
YOLO11n,Japan__Japan_010319,D20,0.163822,True
YOLO11n,Japan__Japan_010319,D20,0.0093,False
YOLO11n,Japan__Japan_010319,D20,0.0219,False
YOLO11n,Japan__Japan_010319,D40,0.002917,False
YOLO11n,Japan__Japan_010319,D40,0.001822,False
YOLO11n,Japan__Japan_010320,D10,0.0098,False
YOLO11n,Japan__Japan_010320,D10,0.028072,False
YOLO11n,Japan__Japan_010341,D00,0.0222,False
YOLO11n,Japan__Japan_010341,D00,0.016625,False
YOLO11n,Japan__Japan_010341,D10,0.014933,False
YOLO11n,Japan__Japan_010341,D00,0.006144,False
YOLO11n,Japan__Japan_010341,D00,0.005467,True
YOLO11n,Japan__Japan_010349,D20,0.243333,True
YOLO11n,Japan__Japan_010353,D00,0.00715,True
YOLO11n,Japan__Japan_010353,D10,0.007583,False
YOLO11n,Japan__Japan_010357,D00,0.019475,False
YOLO11n,Japan__Japan_010373,D20,0.334825,True
YOLO11n,Japan__Japan_010385,D20,0.003067,False
YOLO11n,Japan__Japan_010392,D00,0.018433,False
YOLO11n,Japan__Japan_010396,D00,0.0225,True
YOLO11n,Japan__Japan_010396,D00,0.057272,False
YOLO11n,Japan__Japan_010396,D00,0.047533,False
YOLO11n,Japan__Japan_010396,D10,0.011917,False
YOLO11n,Japan__Japan_010396,D10,0.005806,False
YOLO11n,Japan__Japan_010396,D10,0.010333,False
YOLO11n,Japan__Japan_010400,D00,0.0121,False
YOLO11n,Japan__Japan_010407,D20,0.0364,False
YOLO11n,Japan__Japan_010407,D10,0.00555,False
YOLO11n,Japan__Japan_010417,D20,0.067375,True
YOLO11n,Japan__Japan_010421,D10,0.018444,False
YOLO11n,Japan__Japan_010421,D00,0.0049,False
YOLO11n,Japan__Japan_010442,D20,0.023981,False
YOLO11n,Japan__Japan_010442,D00,0.009794,True
YOLO11n,Japan__Japan_010445,D10,0.003944,False
YOLO11n,Japan__Japan_010445,D00,0.015867,False
YOLO11n,Japan__Japan_010445,D20,0.022717,False
YOLO11n,Japan__Japan_010445,D10,0.008839,False
YOLO11n,Japan__Japan_010449,D00,0.029483,True
YOLO11n,Japan__Japan_010449,D00,0.024022,False
YOLO11n,Japan__Japan_010451,D00,0.002125,False
YOLO11n,Japan__Japan_010451,D00,0.0039,False
YOLO11n,Japan__Japan_010451,D10,0.017078,False
YOLO11n,Japan__Japan_010455,D20,0.226997,True
YOLO11n,Japan__Japan_010463,D00,0.016889,False
YOLO11n,Japan__Japan_010463,D10,0.007111,False
YOLO11n,Japan__Japan_010463,D10,0.024933,False
YOLO11n,Japan__Japan_010463,D00,0.01815,True
YOLO11n,Japan__Japan_010463,D00,0.005353,False
YOLO11n,Japan__Japan_010467,D20,0.477261,True
YOLO11n,Japan__Japan_010468,D00,0.005139,True
YOLO11n,Japan__Japan_010470,D00,0.026578,True
YOLO11n,Japan__Japan_010479,D20,0.012369,False
YOLO11n,Japan__Japan_010501,D20,0.087083,True
YOLO11n,Japan__Japan_010502,D00,0.021403,False
YOLO11n,Japan__Japan_010502,D00,0.017867,False
YOLO11n,Japan__Japan_010502,D00,0.0219,False
YOLO11n,Japan__Japan_010504,D20,0.102493,False
YOLO11n,Japan__Japan_010514,D20,0.0417,True
YOLO11n,Japan__Japan_010514,D10,0.012486,True
YOLO11n,Japan__Japan_010525,D00,0.034306,True
YOLO11n,Japan__Japan_010525,D00,0.021911,False
YOLO11n,Japan__Japan_010528,D20,0.1809,True
YOLO11n,Japan__Japan_010528,D40,0.002042,False
YOLO11n,Japan__Japan_010528,D40,0.002994,False
YOLO11n,Japan__Japan_010553,D40,0.001583,True
YOLO11n,Japan__Japan_010553,D40,0.001808,False
YOLO11n,Japan__Japan_010553,D20,0.051622,False
YOLO11n,Japan__Japan_010555,D20,0.497289,True
YOLO11n,Japan__Japan_010555,D00,0.006331,False
YOLO11n,Japan__Japan_010556,D20,0.157756,False
YOLO11n,Japan__Japan_010575,D00,0.029517,False
YOLO11n,Japan__Japan_010575,D00,0.003022,False
YOLO11n,Japan__Japan_010585,D20,0.231628,True
YOLO11n,Japan__Japan_010596,D20,0.085036,False
YOLO11n,Japan__Japan_010597,D10,0.003667,False
YOLO11n,Japan__Japan_010597,D20,0.010392,False
YOLO11n,Japan__Japan_010622,D20,0.0525,False
YOLO11n,Japan__Japan_010622,D20,0.091467,False
YOLO11n,Japan__Japan_010622,D20,0.0675,True
YOLO11n,Japan__Japan_010643,D00,0.002219,True
YOLO11n,Japan__Japan_010645,D00,0.087211,False
YOLO11n,Japan__Japan_010650,D00,0.016711,True
YOLO11n,Japan__Japan_010650,D20,0.014,True
YOLO11n,Japan__Japan_010653,D20,0.399178,True
YOLO11n,Japan__Japan_010657,D20,0.280867,True
YOLO11n,Japan__Japan_010657,D00,0.008339,False
YOLO11n,Japan__Japan_010657,D10,0.002372,False
YOLO11n,Japan__Japan_010657,D10,0.004778,False
YOLO11n,Japan__Japan_010657,D10,0.00455,False
YOLO11n,Japan__Japan_010658,D20,0.512633,True
YOLO11n,Japan__Japan_010661,D20,0.029742,False
YOLO11n,Japan__Japan_010668,D20,0.301356,True
YOLO11n,Japan__Japan_010675,D20,0.0308,True
YOLO11n,Japan__Japan_010695,D40,0.009567,False
YOLO11n,Japan__Japan_010695,D20,0.017378,True
YOLO11n,Japan__Japan_010695,D10,0.0051,False
YOLO11n,Japan__Japan_010695,D10,0.006333,False
YOLO11n,Japan__Japan_010706,D20,0.12625,True
YOLO11n,Japan__Japan_010710,D00,0.074111,True
YOLO11n,Japan__Japan_010714,D40,0.002125,True
YOLO11n,Japan__Japan_010747,D10,0.004911,True
YOLO11n,Japan__Japan_010747,D10,0.031433,False
YOLO11n,Japan__Japan_010747,D10,0.006517,False
YOLO11n,Japan__Japan_010747,D00,0.052867,False
YOLO11n,Japan__Japan_010756,D20,0.033411,True
YOLO11n,Japan__Japan_010756,D20,0.051378,True
YOLO11n,Japan__Japan_010761,D00,0.01925,False
YOLO11n,Japan__Japan_010764,D40,0.018883,False
YOLO11n,Japan__Japan_010764,D20,0.110489,False
YOLO11n,Japan__Japan_010766,D40,0.004764,True
YOLO11n,Japan__Japan_010766,D10,0.008667,False
YOLO11n,Japan__Japan_010766,D10,0.005011,True
YOLO11n,Japan__Japan_010769,D20,0.051639,True
YOLO11n,Japan__Japan_010769,D40,0.019092,False
YOLO11n,Japan__Japan_010772,D20,0.418792,True
YOLO11n,Japan__Japan_010772,D20,0.227756,False
YOLO11n,Japan__Japan_010777,D00,0.011539,False
YOLO11n,Japan__Japan_010833,D00,0.0156,False
YOLO11n,Japan__Japan_010837,D00,0.00285,True
YOLO11n,Japan__Japan_010837,D20,0.049656,True
YOLO11n,Japan__Japan_010837,D00,0.106672,False
YOLO11n,Japan__Japan_010837,D10,0.006225,False
YOLO11n,Japan__Japan_010837,D10,0.010125,True
YOLO11n,Japan__Japan_010837,D00,0.004889,False
YOLO11n,Japan__Japan_010837,D10,0.005439,False
YOLO11n,Japan__Japan_010837,D10,0.004667,False
YOLO11n,Japan__Japan_010839,D40,0.003322,False
YOLO11n,Japan__Japan_010839,D20,0.364806,True
YOLO11n,Japan__Japan_010851,D40,0.019226,False
YOLO11n,Japan__Japan_010866,D00,0.020314,True
YOLO11n,Japan__Japan_010866,D00,0.009197,True
YOLO11n,Japan__Japan_010890,D20,0.286733,True
YOLO11n,Japan__Japan_010900,D20,0.150161,True
YOLO11n,Japan__Japan_010903,D20,0.130467,False
YOLO11n,Japan__Japan_010920,D20,0.1914,True
YOLO11n,Japan__Japan_010921,D20,0.016783,False
YOLO11n,Japan__Japan_010921,D20,0.119022,False
YOLO11n,Japan__Japan_010927,D20,0.0462,False
YOLO11n,Japan__Japan_010936,D20,0.0546,True
YOLO11n,Japan__Japan_010937,D20,0.272533,True
YOLO11n,Japan__Japan_010942,D10,0.0119,True
YOLO11n,Japan__Japan_010942,D10,0.017889,False
YOLO11n,Japan__Japan_010954,D00,0.076767,False
YOLO11n,Japan__Japan_010963,D40,0.002492,False
YOLO11n,Japan__Japan_010963,D20,0.227333,True
YOLO11n,Japan__Japan_010963,D40,0.002533,False
YOLO11n,Japan__Japan_010968,D00,0.009917,False
YOLO11n,Japan__Japan_010976,D20,0.026775,False
YOLO11n,Japan__Japan_010982,D00,0.198261,True
YOLO11n,Japan__Japan_010982,D00,0.014083,True
YOLO11n,Japan__Japan_010982,D10,0.01155,True
YOLO11n,Japan__Japan_010982,D10,0.013978,True
YOLO11n,Japan__Japan_010999,D00,0.001319,False
YOLO11n,Japan__Japan_011022,D20,0.038044,False
YOLO11n,Japan__Japan_011022,D00,0.051528,True
YOLO11n,Japan__Japan_011033,D10,0.021333,True
YOLO11n,Japan__Japan_011034,D00,0.004492,False
YOLO11n,Japan__Japan_011041,D00,0.002925,False
YOLO11n,Japan__Japan_011041,D10,0.007706,False
YOLO11n,Japan__Japan_011041,D10,0.025875,False
YOLO11n,Japan__Japan_011048,D20,0.015347,False
YOLO11n,Japan__Japan_011048,D10,0.020314,False
YOLO11n,Japan__Japan_011051,D20,0.264522,True
YOLO11n,Japan__Japan_011051,D20,0.131892,False
YOLO11n,Japan__Japan_011051,D10,0.007222,False
YOLO11n,Japan__Japan_011056,D20,0.1887,True
YOLO11n,Japan__Japan_011067,D20,0.011306,False
YOLO11n,Japan__Japan_011067,D00,0.018822,False
YOLO11n,Japan__Japan_011067,D40,0.003067,False
YOLO11n,Japan__Japan_011067,D40,0.000325,False
YOLO11n,Japan__Japan_011067,D40,0.001042,False
YOLO11n,Japan__Japan_011075,D00,0.06975,True
YOLO11n,Japan__Japan_011075,D10,0.004711,False
YOLO11n,Japan__Japan_011075,D10,0.00505,False
YOLO11n,Japan__Japan_011075,D10,0.012842,False
YOLO11n,Japan__Japan_011077,D40,0.001314,False
YOLO11n,Japan__Japan_011078,D10,0.005222,True
YOLO11n,Japan__Japan_011082,D20,0.275917,True
YOLO11n,Japan__Japan_011089,D20,0.066797,True
YOLO11n,Japan__Japan_011090,D20,0.330778,True
YOLO11n,Japan__Japan_011105,D20,0.068978,False
YOLO11n,Japan__Japan_011110,D20,0.518879,True
YOLO11n,Japan__Japan_011110,D40,0.007016,False
YOLO11n,Japan__Japan_011118,D10,0.005331,False
YOLO11n,Japan__Japan_011122,D20,0.098994,False
YOLO11n,Japan__Japan_011122,D20,0.157147,True
YOLO11n,Japan__Japan_011145,D10,0.011319,True
YOLO11n,Japan__Japan_011162,D00,0.052275,False
YOLO11n,Japan__Japan_011162,D20,0.067008,True
YOLO11n,Japan__Japan_011162,D00,0.019875,False
YOLO11n,Japan__Japan_011162,D00,0.026744,False
YOLO11n,Japan__Japan_011162,D00,0.002044,False
YOLO11n,Japan__Japan_011172,D20,0.013867,False
YOLO11n,Japan__Japan_011172,D00,0.0176,True
YOLO11n,Japan__Japan_011172,D20,0.016225,True
YOLO11n,Japan__Japan_011172,D10,0.007333,False
YOLO11n,Japan__Japan_011174,D20,0.614211,True
YOLO11n,Japan__Japan_011195,D00,0.1008,False
YOLO11n,Japan__Japan_011216,D10,0.042344,False
YOLO11n,Japan__Japan_011216,D00,0.028661,False
YOLO11n,Japan__Japan_011244,D10,0.0077,False
YOLO11n,Japan__Japan_011244,D10,0.009042,False
YOLO11n,Japan__Japan_011244,D10,0.002333,False
YOLO11n,Japan__Japan_011246,D40,0.004225,True
YOLO11n,Japan__Japan_011254,D20,0.049833,True
YOLO11n,Japan__Japan_011254,D10,0.0086,False
YOLO11n,Japan__Japan_011254,D00,0.005525,False
YOLO11n,Japan__Japan_011254,D00,0.001794,False
YOLO11n,Japan__Japan_011254,D00,0.003056,False
YOLO11n,Japan__Japan_011258,D00,0.015517,False
YOLO11n,Japan__Japan_011258,D10,0.013936,False
YOLO11n,Japan__Japan_011258,D10,0.017197,False
YOLO11n,Japan__Japan_011263,D40,0.00495,False
YOLO11n,Japan__Japan_011263,D20,0.113028,True
YOLO11n,Japan__Japan_011263,D20,0.1239,False
YOLO11n,Japan__Japan_011284,D00,0.030722,True
YOLO11n,Japan__Japan_011286,D20,0.017236,False
YOLO11n,Japan__Japan_011299,D00,0.028575,False
YOLO11n,Japan__Japan_011299,D10,0.013222,False
YOLO11n,Japan__Japan_011299,D10,0.028358,True
YOLO11n,Japan__Japan_011299,D10,0.003208,False
YOLO11n,Japan__Japan_011327,D00,0.011375,False
YOLO11n,Japan__Japan_011355,D20,0.189617,True
YOLO11n,Japan__Japan_011359,D20,0.1043,True
YOLO11n,Japan__Japan_011359,D00,0.032739,False
YOLO11n,Japan__Japan_011388,D00,0.079508,False
YOLO11n,Japan__Japan_011390,D00,0.013986,False
YOLO11n,Japan__Japan_011390,D00,0.0034,False
YOLO11n,Japan__Japan_011390,D40,0.000903,False
YOLO11n,Japan__Japan_011410,D20,0.008,False
YOLO11n,Japan__Japan_011439,D20,0.16835,True
YOLO11n,Japan__Japan_011439,D00,0.113819,False
YOLO11n,Japan__Japan_011446,D40,0.017476,False
YOLO11n,Japan__Japan_011446,D20,0.554403,False
YOLO11n,Japan__Japan_011449,D40,0.002108,True
YOLO11n,Japan__Japan_011449,D20,0.063,False
YOLO11n,Japan__Japan_011449,D10,0.024369,False
YOLO11n,Japan__Japan_011449,D00,0.021267,False
YOLO11n,Japan__Japan_011449,D00,0.0066,False
YOLO11n,Japan__Japan_011479,D20,0.1265,False
YOLO11n,Japan__Japan_011479,D40,0.002819,True
YOLO11n,Japan__Japan_011486,D20,0.597586,True
YOLO11n,Japan__Japan_011487,D00,0.023747,False
YOLO11n,Japan__Japan_011489,D10,0.068633,True
YOLO11n,Japan__Japan_011489,D00,0.037667,True
YOLO11n,Japan__Japan_011495,D20,0.317289,True
YOLO11n,Japan__Japan_011497,D00,0.00525,False
YOLO11n,Japan__Japan_011499,D00,0.003975,True
YOLO11n,Japan__Japan_011499,D00,0.025556,False
YOLO11n,Japan__Japan_011499,D10,0.006875,False
YOLO11n,Japan__Japan_011499,D10,0.008189,False
YOLO11n,Japan__Japan_011499,D10,0.004792,False
YOLO11n,Japan__Japan_011521,D20,0.08525,False
YOLO11n,Japan__Japan_011521,D40,0.00245,False
YOLO11n,Japan__Japan_011539,D20,0.088889,False
YOLO11n,Japan__Japan_011539,D20,0.129622,False
YOLO11n,Japan__Japan_011552,D00,0.006144,True
YOLO11n,Japan__Japan_011552,D00,0.003706,False
YOLO11n,Japan__Japan_011552,D10,0.007725,False
YOLO11n,Japan__Japan_011564,D20,0.112214,True
YOLO11n,Japan__Japan_011564,D10,0.00365,False
YOLO11n,Japan__Japan_011564,D10,0.001472,False
YOLO11n,Japan__Japan_011564,D10,0.001481,False
YOLO11n,Japan__Japan_011564,D10,0.000622,False
YOLO11n,Japan__Japan_011564,D10,0.000972,False
YOLO11n,Japan__Japan_011564,D10,0.000947,False
YOLO11n,Japan__Japan_011564,D10,0.0004,False
YOLO11n,Japan__Japan_011564,D10,0.002333,False
YOLO11n,Japan__Japan_011579,D20,0.093606,True
YOLO11n,Japan__Japan_011590,D40,0.0033,True
YOLO11n,Japan__Japan_011590,D20,0.255733,True
YOLO11n,Japan__Japan_011611,D00,0.002383,False
YOLO11n,Japan__Japan_011628,D00,0.027556,True
YOLO11n,Japan__Japan_011628,D40,0.001086,True
YOLO11n,Japan__Japan_011628,D00,0.00195,False
YOLO11n,Japan__Japan_011642,D20,0.224908,True
YOLO11n,Japan__Japan_011642,D10,0.003708,True
YOLO11n,Japan__Japan_011642,D00,0.0032,True
YOLO11n,Japan__Japan_011642,D20,0.035156,False
YOLO11n,Japan__Japan_011643,D20,0.188356,True
YOLO11n,Japan__Japan_011670,D00,0.003819,True
YOLO11n,Japan__Japan_011670,D00,0.026428,False
YOLO11n,Japan__Japan_011714,D20,0.010417,False
YOLO11n,Japan__Japan_011728,D40,0.010267,False
YOLO11n,Japan__Japan_011728,D20,0.218867,True
YOLO11n,Japan__Japan_011728,D20,0.0168,False
YOLO11n,Japan__Japan_011728,D10,0.009519,False
YOLO11n,Japan__Japan_011728,D20,0.016875,False
YOLO11n,Japan__Japan_011731,D10,0.00975,False
YOLO11n,Japan__Japan_011778,D00,0.002322,False
YOLO11n,Japan__Japan_011778,D00,0.013397,False
YOLO11n,Japan__Japan_011783,D20,0.127064,True
YOLO11n,Japan__Japan_011809,D20,0.108208,True
YOLO11n,Japan__Japan_011834,D00,0.0054,False
YOLO11n,Japan__Japan_011847,D20,0.036261,False
YOLO11n,Japan__Japan_011849,D20,0.181178,False
YOLO11n,Japan__Japan_011849,D20,0.157922,False
YOLO11n,Japan__Japan_011849,D20,0.085675,False
YOLO11n,Japan__Japan_011849,D10,0.017839,False
YOLO11n,Japan__Japan_011854,D40,0.003333,False
YOLO11n,Japan__Japan_011854,D20,0.252922,True
YOLO11n,Japan__Japan_011860,D00,0.02465,False
YOLO11n,Japan__Japan_011872,D00,0.004083,False
YOLO11n,Japan__Japan_011885,D00,0.018608,True
YOLO11n,Japan__Japan_011885,D10,0.05635,True
YOLO11n,Japan__Japan_011885,D10,0.006386,False
YOLO11n,Japan__Japan_011885,D00,0.01725,True
YOLO11n,Japan__Japan_011885,D00,0.013361,False
YOLO11n,Japan__Japan_011915,D20,0.282731,True
YOLO11n,Japan__Japan_011917,D00,0.00935,False
YOLO11n,Japan__Japan_011944,D40,0.052206,False
YOLO11n,Japan__Japan_011948,D20,0.029644,False
YOLO11n,Japan__Japan_011948,D20,0.013969,False
YOLO11n,Japan__Japan_011976,D00,0.198075,True
YOLO11n,Japan__Japan_012006,D20,0.081806,True
YOLO11n,Japan__Japan_012009,D20,0.227444,True
YOLO11n,Japan__Japan_012010,D20,0.085739,True
YOLO11n,Japan__Japan_012011,D00,0.017267,True
YOLO11n,Japan__Japan_012025,D20,0.097036,False
YOLO11n,Japan__Japan_012025,D40,0.003,False
YOLO11n,Japan__Japan_012025,D40,0.0021,False
YOLO11n,Japan__Japan_012047,D20,0.2384,True
YOLO11n,Japan__Japan_012066,D20,0.425833,True
YOLO11n,Japan__Japan_012084,D20,0.138,True
YOLO11n,Japan__Japan_012101,D20,0.179911,True
YOLO11n,Japan__Japan_012101,D40,0.003186,False
YOLO11n,Japan__Japan_012101,D10,0.010472,True
YOLO11n,Japan__Japan_012122,D10,0.02775,True
YOLO11n,Japan__Japan_012122,D10,0.013567,False
YOLO11n,Japan__Japan_012136,D10,0.00975,False
YOLO11n,Japan__Japan_012136,D00,0.044967,False
YOLO11n,Japan__Japan_012136,D00,0.002411,False
YOLO11n,Japan__Japan_012136,D00,0.002739,False
YOLO11n,Japan__Japan_012160,D20,0.203042,True
YOLO11n,Japan__Japan_012172,D20,0.283706,True
YOLO11n,Japan__Japan_012178,D20,0.394758,True
YOLO11n,Japan__Japan_012178,D00,0.0113,False
YOLO11n,Japan__Japan_012178,D20,0.201308,True
YOLO11n,Japan__Japan_012178,D10,0.005317,False
YOLO11n,Japan__Japan_012178,D10,0.038644,False
YOLO11n,Japan__Japan_012184,D20,0.173469,True
YOLO11n,Japan__Japan_012184,D10,0.014672,False
YOLO11n,Japan__Japan_012184,D10,0.014333,True
YOLO11n,Japan__Japan_012184,D10,0.016239,False
YOLO11n,Japan__Japan_012184,D10,0.015678,False
YOLO11n,Japan__Japan_012188,D00,0.022267,False
YOLO11n,Japan__Japan_012200,D00,0.063189,False
YOLO11n,Japan__Japan_012200,D10,0.0134,False
YOLO11n,Japan__Japan_012200,D10,0.007758,False
YOLO11n,Japan__Japan_012200,D00,0.007456,False
YOLO11n,Japan__Japan_012214,D20,0.010325,False
YOLO11n,Japan__Japan_012216,D20,0.239631,True
YOLO11n,Japan__Japan_012228,D00,0.0242,False
YOLO11n,Japan__Japan_012228,D00,0.006928,False
YOLO11n,Japan__Japan_012244,D20,0.118733,True
YOLO11n,Japan__Japan_012244,D10,0.015,True
YOLO11n,Japan__Japan_012244,D10,0.003811,False
YOLO11n,Japan__Japan_012244,D10,0.0043,False
YOLO11n,Japan__Japan_012259,D40,0.001533,False
YOLO11n,Japan__Japan_012259,D40,0.002467,False
YOLO11n,Japan__Japan_012263,D20,0.101267,False
YOLO11n,Japan__Japan_012271,D00,0.009989,False
YOLO11n,Japan__Japan_012328,D10,0.008681,True
YOLO11n,Japan__Japan_012328,D00,0.022383,False
YOLO11n,Japan__Japan_012328,D10,0.021378,True
YOLO11n,Japan__Japan_012328,D00,0.034089,False
YOLO11n,Japan__Japan_012329,D00,0.0198,False
YOLO11n,Japan__Japan_012329,D20,0.0198,False
YOLO11n,Japan__Japan_012329,D00,0.0388,True
YOLO11n,Japan__Japan_012329,D10,0.040089,True
YOLO11n,Japan__Japan_012329,D10,0.002528,False
YOLO11n,Japan__Japan_012330,D00,0.138,True
YOLO11n,Japan__Japan_012352,D00,0.024,True
YOLO11n,Japan__Japan_012354,D20,0.050089,True
YOLO11n,Japan__Japan_012354,D20,0.036167,False
YOLO11n,Japan__Japan_012354,D10,0.008178,True
YOLO11n,Japan__Japan_012355,D00,0.011189,True
YOLO11n,Japan__Japan_012358,D20,0.324233,True
YOLO11n,Japan__Japan_012358,D10,0.019333,False
YOLO11n,Japan__Japan_012381,D40,0.003758,False
YOLO11n,Japan__Japan_012381,D10,0.0175,True
YOLO11n,Japan__Japan_012381,D10,0.003431,False
YOLO11n,Japan__Japan_012381,D00,0.00605,True
YOLO11n,Japan__Japan_012390,D40,0.002889,True
YOLO11n,Japan__Japan_012393,D20,0.085522,False
YOLO11n,Japan__Japan_012403,D20,0.300283,True
YOLO11n,Japan__Japan_012403,D10,0.0045,True
YOLO11n,Japan__Japan_012403,D00,0.04005,False
YOLO11n,Japan__Japan_012403,D10,0.002672,False
YOLO11n,Japan__Japan_012406,D20,0.054039,True
YOLO11n,Japan__Japan_012411,D20,0.223644,True
YOLO11n,Japan__Japan_012411,D20,0.014889,False
YOLO11n,Japan__Japan_012422,D20,0.147775,True
YOLO11n,Japan__Japan_012438,D40,0.010336,False
YOLO11n,Japan__Japan_012438,D20,0.186031,True
YOLO11n,Japan__Japan_012438,D20,0.075839,True
YOLO11n,Japan__Japan_012438,D40,0.001633,False
YOLO11n,Japan__Japan_012444,D20,0.044881,False
YOLO11n,Japan__Japan_012453,D00,0.17511,True
YOLO11n,Japan__Japan_012476,D00,0.011439,False
YOLO11n,Japan__Japan_012476,D00,0.042625,False
YOLO11n,Japan__Japan_012476,D10,0.008369,False
YOLO11n,Japan__Japan_012482,D40,0.001275,False
YOLO11n,Japan__Japan_012482,D20,0.008094,False
YOLO11n,Japan__Japan_012482,D20,0.011736,False
YOLO11n,Japan__Japan_012482,D20,0.009625,False
YOLO11n,Japan__Japan_012495,D20,0.180231,True
YOLO11n,Japan__Japan_012495,D40,0.00385,False
YOLO11n,Japan__Japan_012505,D20,0.28892,False
YOLO11n,Japan__Japan_012505,D40,0.003392,False
YOLO11n,Japan__Japan_012505,D40,0.009938,False
YOLO11n,Japan__Japan_012509,D20,0.320322,True
YOLO11n,Japan__Japan_012536,D20,0.199006,True
YOLO11n,Japan__Japan_012536,D10,0.081442,False
YOLO11n,Japan__Japan_012537,D20,0.04675,False
YOLO11n,Japan__Japan_012537,D00,0.005922,False
YOLO11n,Japan__Japan_012549,D20,0.116111,True
YOLO11n,Japan__Japan_012549,D40,0.002267,True
YOLO11n,Japan__Japan_012553,D20,0.288261,True
YOLO11n,Japan__Japan_012568,D20,0.087792,True
YOLO11n,Japan__Japan_012568,D10,0.027217,False
YOLO11n,Japan__Japan_012580,D20,0.031758,True
YOLO11n,Japan__Japan_012602,D20,0.069708,False
YOLO11n,Japan__Japan_012602,D10,0.007292,False
YOLO11n,Japan__Japan_012607,D40,0.002,True
YOLO11n,Japan__Japan_012607,D20,0.023544,False
YOLO11n,Japan__Japan_012612,D20,0.186233,True
YOLO11n,Japan__Japan_012614,D00,0.011511,False
YOLO11n,Japan__Japan_012618,D20,0.247722,True
YOLO11n,Japan__Japan_012618,D10,0.0056,False
YOLO11n,Japan__Japan_012618,D10,0.004472,False
YOLO11n,Japan__Japan_012622,D20,0.043206,True
YOLO11n,Japan__Japan_012626,D20,0.128794,True
YOLO11n,Japan__Japan_012626,D00,0.008378,False
YOLO11n,Japan__Japan_012628,D10,0.018058,True
YOLO11n,Japan__Japan_012634,D10,0.012406,False
YOLO11n,Japan__Japan_012652,D20,0.085167,False
YOLO11n,Japan__Japan_012652,D20,0.104,False
YOLO11n,Japan__Japan_012657,D00,0.003958,False
YOLO11n,Japan__Japan_012657,D00,0.007411,False
YOLO11n,Japan__Japan_012661,D20,0.058722,False
YOLO11n,Japan__Japan_012661,D00,0.0075,False
YOLO11n,Japan__Japan_012661,D00,0.005289,False
YOLO11n,Japan__Japan_012661,D00,0.004908,False
YOLO11n,Japan__Japan_012661,D20,0.020286,False
YOLO11n,Japan__Japan_012666,D10,0.014417,True
YOLO11n,Japan__Japan_012666,D10,0.020125,False
YOLO11n,Japan__Japan_012666,D10,0.023625,False
YOLO11n,Japan__Japan_012666,D00,0.020889,False
YOLO11n,Japan__Japan_012666,D00,0.017844,False
YOLO11n,Japan__Japan_012706,D20,0.359644,True
YOLO11n,Japan__Japan_012727,D00,0.023689,True
YOLO11n,Japan__Japan_012727,D10,0.00585,False
YOLO11n,Japan__Japan_012727,D10,0.02075,False
YOLO11n,Japan__Japan_012734,D40,0.0076,True
YOLO11n,Japan__Japan_012734,D40,0.002275,True
YOLO11n,Japan__Japan_012734,D20,0.340267,True
YOLO11n,Japan__Japan_012735,D00,0.034961,False
YOLO11n,Japan__Japan_012735,D20,0.14365,True
YOLO11n,Japan__Japan_012735,D10,0.018489,False
YOLO11n,Japan__Japan_012743,D00,0.0165,True
YOLO11n,Japan__Japan_012743,D00,0.00095,False
YOLO11n,Japan__Japan_012743,D00,0.003022,False
YOLO11n,Japan__Japan_012743,D00,0.009669,False
YOLO11n,Japan__Japan_012743,D00,0.0013,False
YOLO11n,Japan__Japan_012765,D00,0.021083,False
YOLO11n,Japan__Japan_012765,D00,0.002325,False
YOLO11n,Japan__Japan_012772,D00,0.001528,False
YOLO11n,Japan__Japan_012784,D20,0.0456,False
YOLO11n,Japan__Japan_012784,D40,0.015556,False
YOLO11n,Japan__Japan_012784,D00,0.0075,False
YOLO11n,Japan__Japan_012784,D00,0.003033,True
YOLO11n,Japan__Japan_012784,D00,0.0028,True
YOLO11n,Japan__Japan_012784,D00,0.011706,False
YOLO11n,Japan__Japan_012790,D10,0.000681,False
YOLO11n,Japan__Japan_012790,D10,0.001044,False
YOLO11n,Japan__Japan_012790,D10,0.001528,False
YOLO11n,Japan__Japan_012807,D20,0.030894,False
YOLO11n,Japan__Japan_012807,D20,0.060667,True
YOLO11n,Japan__Japan_012807,D20,0.017336,False
YOLO11n,Japan__Japan_012807,D10,0.006722,True
YOLO11n,Japan__Japan_012813,D20,0.121031,True
YOLO11n,Japan__Japan_012813,D20,0.089578,False
YOLO11n,Japan__Japan_012813,D10,0.019833,True
YOLO11n,Japan__Japan_012829,D20,0.0672,True
YOLO11n,Japan__Japan_012829,D20,0.025083,False
YOLO11n,Japan__Japan_012829,D40,0.013772,False
YOLO11n,Japan__Japan_012829,D20,0.01575,False
YOLO11n,Japan__Japan_012889,D10,0.023489,True
YOLO11n,Japan__Japan_012923,D20,0.080947,True
YOLO11n,Japan__Japan_012923,D20,0.03895,False
YOLO11n,Japan__Japan_012933,D20,0.336844,True
YOLO11n,Japan__Japan_012940,D10,0.020533,False
YOLO11n,Japan__Japan_012940,D10,0.015278,True
YOLO11n,Japan__Japan_012940,D10,0.0034,False
YOLO11n,Japan__Japan_012940,D10,0.00215,False
YOLO11n,Japan__Japan_012947,D10,0.006783,True
YOLO11n,Japan__Japan_012954,D10,0.012133,True
YOLO11n,Japan__Japan_012954,D10,0.014667,False
YOLO11n,Japan__Japan_012954,D00,0.032861,False
YOLO11n,Japan__Japan_012957,D20,0.156542,True
YOLO11n,Japan__Japan_012970,D20,0.183933,True
YOLO11n,Japan__Japan_012970,D00,0.0366,True
YOLO11n,Japan__Japan_012970,D10,0.003958,True
YOLO11n,Japan__Japan_012970,D10,0.01015,True
YOLO11n,Japan__Japan_012975,D20,0.242233,True
YOLO11n,Japan__Japan_012975,D40,0.003022,False
YOLO11n,Japan__Japan_012975,D10,0.004944,False
YOLO11n,Japan__Japan_012978,D00,0.005556,True
YOLO11n,Japan__Japan_012978,D10,0.009264,False
YOLO11n,Japan__Japan_012978,D10,0.007517,False
YOLO11n,Japan__Japan_012978,D10,0.037167,False
YOLO11n,Japan__Japan_013005,D00,0.289983,True
YOLO11n,Japan__Japan_013005,D00,0.129267,True
YOLO11n,Japan__Japan_013005,D20,0.377183,True
YOLO11n,Japan__Japan_013005,D00,0.004536,False
YOLO11n,Japan__Japan_013005,D10,0.00935,False
YOLO11n,Japan__Japan_013005,D10,0.027472,False
YOLO11n,Japan__Japan_013015,D20,0.0608,False
YOLO11n,Japan__Japan_013015,D10,0.006478,False
YOLO11n,Japan__Japan_013015,D10,0.005903,False
YOLO11n,Japan__Japan_013015,D10,0.002533,False
YOLO11n,Japan__Japan_013015,D10,0.005647,False
YOLO11n,Japan__Japan_013025,D10,0.011367,False
YOLO11n,Japan__Japan_013026,D40,0.018969,False
YOLO11n,Japan__Japan_013037,D00,0.002733,False
YOLO11n,Japan__Japan_013047,D00,0.013986,True
YOLO11n,Japan__Japan_013058,D20,0.262083,True
YOLO11n,Japan__Japan_013058,D20,0.151678,True
YOLO11n,Japan__Japan_013058,D10,0.011917,False
YOLO11n,Japan__Japan_013092,D00,0.04095,True
YOLO11n,Japan__Japan_013109,D40,0.007556,False
YOLO11n,Japan__Japan_013109,D40,0.001633,False
YOLO11n,Japan__Japan_013109,D40,0.0058,False
YOLO11n,Japan__Japan_013109,D40,0.003828,False
YOLO11n,Japan__Japan_013110,D20,0.235197,True
YOLO11n,Japan__Japan_013110,D10,0.016528,False
YOLO11n,Japan__Japan_013132,D00,0.009828,False
YOLO11n,Japan__Japan_013132,D20,0.065167,False
YOLO11n,Norway__Norway_000041,D00,0.00214,False
YOLO11n,Norway__Norway_000044,D10,0.086968,True
YOLO11n,Norway__Norway_000050,D00,0.015475,False
YOLO11n,Norway__Norway_000050,D00,6.3e-05,False
YOLO11n,Norway__Norway_000066,D00,0.094508,True
YOLO11n,Norway__Norway_000066,D00,0.009605,False
YOLO11n,Norway__Norway_000078,D00,0.003286,False
YOLO11n,Norway__Norway_000088,D10,0.008724,True
YOLO11n,Norway__Norway_000090,D00,0.005124,False
YOLO11n,Norway__Norway_000090,D00,0.006111,False
YOLO11n,Norway__Norway_000090,D00,0.002191,False
YOLO11n,Norway__Norway_000090,D00,0.002842,False
YOLO11n,Norway__Norway_000090,D00,0.009962,False
YOLO11n,Norway__Norway_000090,D00,0.002829,False
YOLO11n,Norway__Norway_000090,D00,0.00193,True
YOLO11n,Norway__Norway_000090,D10,0.005184,False
YOLO11n,Norway__Norway_000099,D00,0.006013,False
YOLO11n,Norway__Norway_000099,D00,0.004645,False
YOLO11n,Norway__Norway_000099,D00,0.038506,False
YOLO11n,Norway__Norway_000099,D00,0.000194,False
YOLO11n,Norway__Norway_000099,D00,0.003083,False
YOLO11n,Norway__Norway_000099,D00,0.003373,False
YOLO11n,Norway__Norway_000099,D00,0.00678,True
YOLO11n,Norway__Norway_000099,D00,0.001665,True
YOLO11n,Norway__Norway_000099,D00,0.021182,False
YOLO11n,Norway__Norway_000099,D00,0.000181,False
YOLO11n,Norway__Norway_000099,D00,0.013147,True
YOLO11n,Norway__Norway_000103,D00,0.007499,False
YOLO11n,Norway__Norway_000149,D20,0.005913,False
YOLO11n,Norway__Norway_000149,D00,0.017499,True
YOLO11n,Norway__Norway_000149,D00,0.006907,True
YOLO11n,Norway__Norway_000176,D00,0.020006,True
YOLO11n,Norway__Norway_000176,D00,0.005304,False
YOLO11n,Norway__Norway_000176,D00,0.009753,True
YOLO11n,Norway__Norway_000176,D00,0.054453,True
YOLO11n,Norway__Norway_000205,D00,0.001488,True
YOLO11n,Norway__Norway_000205,D00,0.003902,False
YOLO11n,Norway__Norway_000215,D00,0.001914,False
YOLO11n,Norway__Norway_000255,D00,0.000158,False
YOLO11n,Norway__Norway_000255,D00,0.000103,False
YOLO11n,Norway__Norway_000255,D00,7.1e-05,False
YOLO11n,Norway__Norway_000255,D00,6.5e-05,False
YOLO11n,Norway__Norway_000255,D00,0.000143,False
YOLO11n,Norway__Norway_000262,D00,0.001814,False
YOLO11n,Norway__Norway_000281,D10,0.018533,True
YOLO11n,Norway__Norway_000288,D00,0.021169,True
YOLO11n,Norway__Norway_000351,D00,0.029927,True
YOLO11n,Norway__Norway_000351,D00,0.037673,False
YOLO11n,Norway__Norway_000353,D00,0.014552,False
YOLO11n,Norway__Norway_000366,D10,0.020719,False
YOLO11n,Norway__Norway_000366,D00,0.000211,False
YOLO11n,Norway__Norway_000367,D00,0.00537,False
YOLO11n,Norway__Norway_000367,D10,0.000293,False
YOLO11n,Norway__Norway_000367,D00,9.1e-05,False
YOLO11n,Norway__Norway_000416,D00,0.000391,False
YOLO11n,Norway__Norway_000416,D00,0.001718,True
YOLO11n,Norway__Norway_000416,D00,0.002833,True
YOLO11n,Norway__Norway_000416,D00,0.001004,False
YOLO11n,Norway__Norway_000416,D00,0.000729,False
YOLO11n,Norway__Norway_000509,D00,0.012727,True
YOLO11n,Norway__Norway_000509,D00,0.000445,False
YOLO11n,Norway__Norway_000512,D10,0.003467,False
YOLO11n,Norway__Norway_000512,D10,0.003196,False
YOLO11n,Norway__Norway_000512,D00,0.004901,False
YOLO11n,Norway__Norway_000512,D00,0.009231,False
YOLO11n,Norway__Norway_000512,D00,0.004116,True
YOLO11n,Norway__Norway_000512,D10,0.024029,False
YOLO11n,Norway__Norway_000512,D10,0.015153,False
YOLO11n,Norway__Norway_000512,D10,0.001043,False
YOLO11n,Norway__Norway_000512,D00,0.001157,False
YOLO11n,Norway__Norway_000512,D10,0.000777,False
YOLO11n,Norway__Norway_000512,D00,0.006129,False
YOLO11n,Norway__Norway_000597,D00,0.009787,True
YOLO11n,Norway__Norway_000604,D10,0.025785,False
YOLO11n,Norway__Norway_000620,D00,0.003193,False
YOLO11n,Norway__Norway_000620,D00,0.007489,False
YOLO11n,Norway__Norway_000620,D00,0.001444,False
YOLO11n,Norway__Norway_000620,D00,0.002811,False
YOLO11n,Norway__Norway_000632,D00,0.000981,True
YOLO11n,Norway__Norway_000632,D10,0.01269,False
YOLO11n,Norway__Norway_000632,D00,0.000233,False
YOLO11n,Norway__Norway_000678,D00,0.002417,True
YOLO11n,Norway__Norway_000678,D00,0.003018,False
YOLO11n,Norway__Norway_000678,D20,0.008824,False
YOLO11n,Norway__Norway_000678,D10,0.001077,False
YOLO11n,Norway__Norway_000678,D00,0.013859,False
YOLO11n,Norway__Norway_000678,D10,0.002553,False
YOLO11n,Norway__Norway_000678,D00,0.000355,True
YOLO11n,Norway__Norway_000678,D40,7.2e-05,False
YOLO11n,Norway__Norway_000678,D00,0.000308,False
YOLO11n,Norway__Norway_000678,D00,0.001451,False
YOLO11n,Norway__Norway_000678,D00,0.001632,False
YOLO11n,Norway__Norway_000678,D00,0.000161,False
YOLO11n,Norway__Norway_000678,D00,0.002638,False
YOLO11n,Norway__Norway_000678,D20,0.045927,False
YOLO11n,Norway__Norway_000681,D10,0.019509,False
YOLO11n,Norway__Norway_000698,D00,0.001664,False
YOLO11n,Norway__Norway_000698,D10,0.011468,False
YOLO11n,Norway__Norway_000698,D00,0.01338,False
YOLO11n,Norway__Norway_000698,D10,0.013998,False
YOLO11n,Norway__Norway_000699,D00,0.000582,False
YOLO11n,Norway__Norway_000702,D00,0.000223,False
YOLO11n,Norway__Norway_000702,D00,0.005902,True
YOLO11n,Norway__Norway_000702,D00,7.7e-05,False
YOLO11n,Norway__Norway_000702,D00,5.5e-05,False
YOLO11n,Norway__Norway_000702,D00,9.8e-05,False
YOLO11n,Norway__Norway_000702,D00,0.000246,False
YOLO11n,Norway__Norway_000702,D10,0.002676,False
YOLO11n,Norway__Norway_000702,D00,0.002542,True
YOLO11n,Norway__Norway_000702,D00,0.02445,True
YOLO11n,Norway__Norway_000702,D40,6.2e-05,False
YOLO11n,Norway__Norway_000702,D00,0.001156,False
YOLO11n,Norway__Norway_000705,D00,0.001434,False
YOLO11n,Norway__Norway_000705,D00,0.005729,False
YOLO11n,Norway__Norway_000705,D00,0.001087,False
YOLO11n,Norway__Norway_000705,D00,0.019281,False
YOLO11n,Norway__Norway_000705,D00,0.006236,False
YOLO11n,Norway__Norway_000705,D00,0.000707,False
YOLO11n,Norway__Norway_000705,D00,0.000308,False
YOLO11n,Norway__Norway_000705,D00,0.002019,False
YOLO11n,Norway__Norway_000705,D00,0.007583,False
YOLO11n,Norway__Norway_000705,D00,0.000839,False
YOLO11n,Norway__Norway_000705,D00,0.001763,False
YOLO11n,Norway__Norway_000705,D20,0.000841,False
YOLO11n,Norway__Norway_000736,D00,0.000485,False
YOLO11n,Norway__Norway_000736,D00,0.003195,True
YOLO11n,Norway__Norway_000746,D00,0.014571,False
YOLO11n,Norway__Norway_000746,D00,0.00362,False
YOLO11n,Norway__Norway_000746,D00,0.015103,False
YOLO11n,Norway__Norway_000759,D00,0.113349,True
YOLO11n,Norway__Norway_000759,D00,0.004066,False
YOLO11n,Norway__Norway_000759,D00,0.046526,True
YOLO11n,Norway__Norway_000775,D00,0.004278,False
YOLO11n,Norway__Norway_000775,D00,0.000572,False
YOLO11n,Norway__Norway_000831,D20,0.022305,True
YOLO11n,Norway__Norway_000831,D10,0.038924,False
YOLO11n,Norway__Norway_000853,D00,0.105535,True
YOLO11n,Norway__Norway_000853,D10,0.026067,False
YOLO11n,Norway__Norway_000853,D00,0.011435,True
YOLO11n,Norway__Norway_000853,D00,0.004613,False
YOLO11n,Norway__Norway_000868,D00,0.002016,False
YOLO11n,Norway__Norway_000868,D00,0.00155,False
YOLO11n,Norway__Norway_000868,D00,0.000266,False
YOLO11n,Norway__Norway_000868,D10,0.002581,False
YOLO11n,Norway__Norway_000868,D20,0.003155,False
YOLO11n,Norway__Norway_000868,D00,0.00444,False
YOLO11n,Norway__Norway_000868,D00,0.012592,False
YOLO11n,Norway__Norway_000868,D00,0.001804,False
YOLO11n,Norway__Norway_000868,D00,0.002576,False
YOLO11n,Norway__Norway_000922,D00,0.000981,False
YOLO11n,Norway__Norway_000922,D00,0.001578,False
YOLO11n,Norway__Norway_000922,D00,0.001725,False
YOLO11n,Norway__Norway_000922,D00,0.000866,False
YOLO11n,Norway__Norway_000922,D00,0.000262,False
YOLO11n,Norway__Norway_000922,D10,0.000625,False
YOLO11n,Norway__Norway_000922,D00,0.002014,False
YOLO11n,Norway__Norway_000922,D20,0.079583,False
YOLO11n,Norway__Norway_000922,D40,0.000566,False
YOLO11n,Norway__Norway_000922,D10,0.001349,False
YOLO11n,Norway__Norway_000922,D00,0.000471,False
YOLO11n,Norway__Norway_000922,D10,0.028801,True
YOLO11n,Norway__Norway_000922,D10,0.011001,True
YOLO11n,Norway__Norway_000922,D00,6.9e-05,False
YOLO11n,Norway__Norway_000922,D00,0.00103,False
YOLO11n,Norway__Norway_000922,D00,0.000363,False
YOLO11n,Norway__Norway_000922,D00,0.000222,False
YOLO11n,Norway__Norway_000922,D00,0.000438,False
YOLO11n,Norway__Norway_000922,D00,0.001485,False
YOLO11n,Norway__Norway_000922,D10,0.017286,True
YOLO11n,Norway__Norway_000922,D00,0.000745,False
YOLO11n,Norway__Norway_000922,D10,0.002819,False
YOLO11n,Norway__Norway_000922,D00,0.002769,True
YOLO11n,Norway__Norway_000922,D00,0.000304,False
YOLO11n,Norway__Norway_000922,D00,0.00107,False
YOLO11n,Norway__Norway_000922,D10,0.000838,False
YOLO11n,Norway__Norway_000922,D00,0.001847,False
YOLO11n,Norway__Norway_000922,D20,0.017119,False
YOLO11n,Norway__Norway_000922,D00,0.000298,False
YOLO11n,Norway__Norway_000922,D10,0.002015,False
YOLO11n,Norway__Norway_000943,D00,0.00482,False
YOLO11n,Norway__Norway_000943,D00,0.011041,False
YOLO11n,Norway__Norway_000943,D00,0.002736,True
YOLO11n,Norway__Norway_000943,D00,0.00031,False
YOLO11n,Norway__Norway_000943,D00,0.028602,True
YOLO11n,Norway__Norway_000943,D00,0.000355,False
YOLO11n,Norway__Norway_000943,D00,9.3e-05,False
YOLO11n,Norway__Norway_000943,D00,0.000234,False
YOLO11n,Norway__Norway_000943,D00,0.001459,False
YOLO11n,Norway__Norway_000943,D00,0.00406,False
YOLO11n,Norway__Norway_000943,D00,8.8e-05,False
YOLO11n,Norway__Norway_000943,D00,0.00441,False
YOLO11n,Norway__Norway_000943,D00,0.000116,False
YOLO11n,Norway__Norway_000943,D00,0.005182,False
YOLO11n,Norway__Norway_000943,D00,4.1e-05,False
YOLO11n,Norway__Norway_000943,D00,0.00046,False
YOLO11n,Norway__Norway_000943,D20,0.002067,False
YOLO11n,Norway__Norway_000943,D10,0.001748,False
YOLO11n,Norway__Norway_000943,D00,3.1e-05,False
YOLO11n,Norway__Norway_000943,D00,0.000141,False
YOLO11n,Norway__Norway_000947,D00,0.016629,True
YOLO11n,Norway__Norway_000963,D00,0.010583,True
YOLO11n,Norway__Norway_000963,D00,0.003414,False
YOLO11n,Norway__Norway_000963,D00,0.005116,False
YOLO11n,Norway__Norway_000967,D40,0.000186,False
YOLO11n,Norway__Norway_000967,D10,0.001839,False
YOLO11n,Norway__Norway_000967,D00,0.000814,False
YOLO11n,Norway__Norway_000986,D00,0.065356,True
YOLO11n,Norway__Norway_000986,D40,0.000234,False
YOLO11n,Norway__Norway_000989,D00,0.00353,False
YOLO11n,Norway__Norway_000989,D10,0.020003,True
YOLO11n,Norway__Norway_000989,D00,0.017646,False
YOLO11n,Norway__Norway_000991,D00,0.056071,False
YOLO11n,Norway__Norway_001001,D00,0.005863,False
YOLO11n,Norway__Norway_001019,D20,0.038829,True
YOLO11n,Norway__Norway_001019,D00,0.000555,False
YOLO11n,Norway__Norway_001019,D10,0.003321,False
YOLO11n,Norway__Norway_001019,D00,0.004047,False
YOLO11n,Norway__Norway_001019,D00,0.0013,False
YOLO11n,Norway__Norway_001019,D00,0.00334,True
YOLO11n,Norway__Norway_001019,D00,0.000504,True
YOLO11n,Norway__Norway_001019,D00,0.012953,True
YOLO11n,Norway__Norway_001019,D00,0.00187,True
YOLO11n,Norway__Norway_001019,D00,0.000263,False
YOLO11n,Norway__Norway_001019,D00,0.007282,True
YOLO11n,Norway__Norway_001019,D00,0.000484,False
YOLO11n,Norway__Norway_001019,D00,0.000857,False
YOLO11n,Norway__Norway_001019,D00,0.008468,True
YOLO11n,Norway__Norway_001019,D20,0.004424,False
YOLO11n,Norway__Norway_001019,D00,0.003211,False
YOLO11n,Norway__Norway_001019,D00,0.000459,False
YOLO11n,Norway__Norway_001019,D00,0.000333,False
YOLO11n,Norway__Norway_001019,D00,0.000362,False
YOLO11n,Norway__Norway_001019,D00,0.00812,True
YOLO11n,Norway__Norway_001053,D00,0.000551,False
YOLO11n,Norway__Norway_001053,D00,0.029682,False
YOLO11n,Norway__Norway_001053,D00,0.00048,False
YOLO11n,Norway__Norway_001053,D00,0.000839,True
YOLO11n,Norway__Norway_001058,D00,0.002971,False
YOLO11n,Norway__Norway_001058,D00,0.021079,True
YOLO11n,Norway__Norway_001058,D00,0.002001,True
YOLO11n,Norway__Norway_001058,D00,0.012892,False
YOLO11n,Norway__Norway_001058,D00,0.002252,False
YOLO11n,Norway__Norway_001058,D00,0.002593,False
YOLO11n,Norway__Norway_001080,D00,0.006408,True
YOLO11n,Norway__Norway_001080,D00,0.004125,False
YOLO11n,Norway__Norway_001080,D00,0.004587,True
YOLO11n,Norway__Norway_001080,D00,0.008106,True
YOLO11n,Norway__Norway_001080,D00,0.011612,True
YOLO11n,Norway__Norway_001080,D00,0.010244,True
YOLO11n,Norway__Norway_001080,D00,0.001384,False
YOLO11n,Norway__Norway_001083,D00,0.002201,True
YOLO11n,Norway__Norway_001091,D00,0.005051,False
YOLO11n,Norway__Norway_001091,D00,0.007597,False
YOLO11n,Norway__Norway_001142,D00,0.00028,False
YOLO11n,Norway__Norway_001142,D00,0.034882,True
YOLO11n,Norway__Norway_001142,D00,0.002167,True
YOLO11n,Norway__Norway_001177,D00,0.025005,False
YOLO11n,Norway__Norway_001188,D10,0.019904,False
YOLO11n,Norway__Norway_001188,D00,0.022918,True
YOLO11n,Norway__Norway_001192,D00,0.019168,False
YOLO11n,Norway__Norway_001192,D10,0.000271,False
YOLO11n,Norway__Norway_001192,D00,0.000664,False
YOLO11n,Norway__Norway_001197,D10,0.066258,False
YOLO11n,Norway__Norway_001197,D00,0.011035,True
YOLO11n,Norway__Norway_001210,D00,8.3e-05,False
YOLO11n,Norway__Norway_001210,D00,4.2e-05,False
YOLO11n,Norway__Norway_001210,D00,0.000263,False
YOLO11n,Norway__Norway_001210,D00,0.000153,False
YOLO11n,Norway__Norway_001210,D00,0.000146,False
YOLO11n,Norway__Norway_001232,D10,0.00671,False
YOLO11n,Norway__Norway_001232,D00,0.000326,False
YOLO11n,Norway__Norway_001232,D00,0.007893,False
YOLO11n,Norway__Norway_001232,D10,0.012779,False
YOLO11n,Norway__Norway_001232,D10,0.000948,False
YOLO11n,Norway__Norway_001234,D10,0.050947,False
YOLO11n,Norway__Norway_001234,D10,0.012481,False
YOLO11n,Norway__Norway_001234,D10,0.002643,False
YOLO11n,Norway__Norway_001234,D00,0.065032,False
YOLO11n,Norway__Norway_001279,D40,0.004283,False
YOLO11n,Norway__Norway_001279,D40,0.001115,False
YOLO11n,Norway__Norway_001332,D00,0.000661,True
YOLO11n,Norway__Norway_001332,D00,0.000288,False
YOLO11n,Norway__Norway_001332,D00,0.001675,False
YOLO11n,Norway__Norway_001332,D10,0.001866,False
YOLO11n,Norway__Norway_001332,D00,0.001456,False
YOLO11n,Norway__Norway_001332,D00,0.000993,True
YOLO11n,Norway__Norway_001340,D00,0.011898,False
YOLO11n,Norway__Norway_001340,D00,0.007248,False
YOLO11n,Norway__Norway_001340,D00,0.011108,False
YOLO11n,Norway__Norway_001340,D00,0.002496,True
YOLO11n,Norway__Norway_001340,D20,0.006873,False
YOLO11n,Norway__Norway_001343,D00,0.008894,True
YOLO11n,Norway__Norway_001343,D00,0.014277,False
YOLO11n,Norway__Norway_001343,D00,0.001265,True
YOLO11n,Norway__Norway_001343,D10,0.00165,False
YOLO11n,Norway__Norway_001343,D00,0.009954,False
YOLO11n,Norway__Norway_001344,D00,0.015339,False
YOLO11n,Norway__Norway_001348,D00,0.000274,False
YOLO11n,Norway__Norway_001348,D00,0.000493,False
YOLO11n,Norway__Norway_001348,D00,0.009759,True
YOLO11n,Norway__Norway_001348,D00,0.004327,False
YOLO11n,Norway__Norway_001348,D00,0.002942,False
YOLO11n,Norway__Norway_001348,D00,0.002884,False
YOLO11n,Norway__Norway_001348,D00,0.011196,True
YOLO11n,Norway__Norway_001348,D00,0.023764,True
YOLO11n,Norway__Norway_001348,D00,0.007484,True
YOLO11n,Norway__Norway_001397,D00,0.00324,False
YOLO11n,Norway__Norway_001397,D10,0.007135,False
YOLO11n,Norway__Norway_001397,D00,0.017847,False
YOLO11n,Norway__Norway_001397,D00,0.000885,False
YOLO11n,Norway__Norway_001397,D10,0.017642,False
YOLO11n,Norway__Norway_001407,D00,0.008309,False
YOLO11n,Norway__Norway_001425,D00,0.004575,False
YOLO11n,Norway__Norway_001425,D20,0.00091,False
YOLO11n,Norway__Norway_001425,D00,0.001306,False
YOLO11n,Norway__Norway_001425,D00,0.120351,False
YOLO11n,Norway__Norway_001425,D10,0.007057,False
YOLO11n,Norway__Norway_001425,D00,0.003454,False
YOLO11n,Norway__Norway_001425,D10,0.011967,False
YOLO11n,Norway__Norway_001425,D00,0.015643,False
YOLO11n,Norway__Norway_001425,D10,0.00057,False
YOLO11n,Norway__Norway_001440,D10,0.000623,False
YOLO11n,Norway__Norway_001440,D00,0.00023,False
YOLO11n,Norway__Norway_001440,D20,0.011184,False
YOLO11n,Norway__Norway_001440,D10,0.008541,True
YOLO11n,Norway__Norway_001440,D20,0.001731,False
YOLO11n,Norway__Norway_001440,D00,0.001172,False
YOLO11n,Norway__Norway_001440,D00,0.000458,False
YOLO11n,Norway__Norway_001448,D00,0.006239,False
YOLO11n,Norway__Norway_001466,D10,0.001138,False
YOLO11n,Norway__Norway_001468,D00,0.089195,True
YOLO11n,Norway__Norway_001494,D00,0.000416,False
YOLO11n,Norway__Norway_001494,D00,0.0026,True
YOLO11n,Norway__Norway_001494,D00,0.012271,True
YOLO11n,Norway__Norway_001494,D00,0.004509,True
YOLO11n,Norway__Norway_001494,D00,0.000211,False
YOLO11n,Norway__Norway_001494,D00,0.000742,True
YOLO11n,Norway__Norway_001494,D00,0.005055,False
YOLO11n,Norway__Norway_001496,D00,0.00084,False
YOLO11n,Norway__Norway_001496,D00,0.006494,False
YOLO11n,Norway__Norway_001496,D00,0.000811,False
YOLO11n,Norway__Norway_001498,D00,0.003899,False
YOLO11n,Norway__Norway_001507,D40,0.000592,False
YOLO11n,Norway__Norway_001507,D40,0.000488,False
YOLO11n,Norway__Norway_001507,D40,0.000319,False
YOLO11n,Norway__Norway_001507,D40,0.000214,False
YOLO11n,Norway__Norway_001507,D40,0.00012,False
YOLO11n,Norway__Norway_001507,D40,6.3e-05,False
YOLO11n,Norway__Norway_001525,D00,0.000446,False
YOLO11n,Norway__Norway_001525,D00,0.032054,True
YOLO11n,Norway__Norway_001525,D00,0.004524,True
YOLO11n,Norway__Norway_001525,D00,0.006174,False
YOLO11n,Norway__Norway_001530,D00,0.002032,False
YOLO11n,Norway__Norway_001530,D00,0.003482,False
YOLO11n,Norway__Norway_001530,D00,0.001634,True
YOLO11n,Norway__Norway_001530,D10,0.002368,False
YOLO11n,Norway__Norway_001530,D00,0.00115,False
YOLO11n,Norway__Norway_001643,D00,0.00058,False
YOLO11n,Norway__Norway_001643,D00,0.001134,True
YOLO11n,Norway__Norway_001675,D00,0.00225,True
YOLO11n,Norway__Norway_001675,D00,0.000844,False
YOLO11n,Norway__Norway_001675,D00,0.004785,True
YOLO11n,Norway__Norway_001675,D00,0.0002,False
YOLO11n,Norway__Norway_001675,D00,0.000252,False
YOLO11n,Norway__Norway_001680,D00,0.004681,False
YOLO11n,Norway__Norway_001680,D00,0.000999,False
YOLO11n,Norway__Norway_001680,D00,0.006526,True
YOLO11n,Norway__Norway_001680,D00,0.010148,False
YOLO11n,Norway__Norway_001680,D00,0.010564,False
YOLO11n,Norway__Norway_001680,D00,0.001978,False
YOLO11n,Norway__Norway_001680,D00,0.002897,False
YOLO11n,Norway__Norway_001680,D00,0.008334,False
YOLO11n,Norway__Norway_001680,D00,0.011332,False
YOLO11n,Norway__Norway_001680,D00,0.010621,False
YOLO11n,Norway__Norway_001680,D00,0.000205,False
YOLO11n,Norway__Norway_001680,D20,0.001943,False
YOLO11n,Norway__Norway_001680,D20,0.039737,False
YOLO11n,Norway__Norway_001688,D00,0.001259,False
YOLO11n,Norway__Norway_001688,D00,0.001607,False
YOLO11n,Norway__Norway_001688,D00,0.000745,False
YOLO11n,Norway__Norway_001688,D00,0.00162,True
YOLO11n,Norway__Norway_001688,D00,0.00126,False
YOLO11n,Norway__Norway_001688,D20,0.007352,False
YOLO11n,Norway__Norway_001694,D00,0.010644,False
YOLO11n,Norway__Norway_001694,D00,0.004002,True
YOLO11n,Norway__Norway_001696,D00,0.021577,False
YOLO11n,Norway__Norway_001705,D00,0.016256,True
YOLO11n,Norway__Norway_001705,D00,0.002595,False
YOLO11n,Norway__Norway_001705,D10,0.003683,False
YOLO11n,Norway__Norway_001705,D00,0.002016,False
YOLO11n,Norway__Norway_001706,D00,0.000256,False
YOLO11n,Norway__Norway_001706,D00,0.000467,False
YOLO11n,Norway__Norway_001706,D00,0.00762,False
YOLO11n,Norway__Norway_001706,D00,6.2e-05,False
YOLO11n,Norway__Norway_001706,D10,0.001534,False
YOLO11n,Norway__Norway_001706,D00,0.000885,False
YOLO11n,Norway__Norway_001720,D40,0.000103,False
YOLO11n,Norway__Norway_001726,D00,0.037249,True
YOLO11n,Norway__Norway_001726,D00,0.007316,False
YOLO11n,Norway__Norway_001726,D00,0.005276,True
YOLO11n,Norway__Norway_001726,D00,0.00123,True
YOLO11n,Norway__Norway_001740,D00,0.010038,False
YOLO11n,Norway__Norway_001740,D00,0.057511,True
YOLO11n,Norway__Norway_001770,D40,0.003196,False
YOLO11n,Norway__Norway_001770,D10,0.001442,False
YOLO11n,Norway__Norway_001770,D40,0.002799,False
YOLO11n,Norway__Norway_001770,D40,0.000239,False
YOLO11n,Norway__Norway_001770,D40,0.010579,False
YOLO11n,Norway__Norway_001770,D40,0.000485,False
YOLO11n,Norway__Norway_001770,D40,0.0005,False
YOLO11n,Norway__Norway_001770,D40,0.001837,False
YOLO11n,Norway__Norway_001770,D40,0.001994,True
YOLO11n,Norway__Norway_001782,D00,0.003964,False
YOLO11n,Norway__Norway_001821,D00,0.012391,False
YOLO11n,Norway__Norway_001846,D00,0.000177,False
YOLO11n,Norway__Norway_001847,D00,0.002417,True
YOLO11n,Norway__Norway_001847,D00,0.00325,False
YOLO11n,Norway__Norway_001847,D00,0.000122,False
YOLO11n,Norway__Norway_001847,D00,0.000195,False
YOLO11n,Norway__Norway_001847,D00,0.000366,False
YOLO11n,Norway__Norway_001863,D00,0.044022,False
YOLO11n,Norway__Norway_001872,D00,0.000749,False
YOLO11n,Norway__Norway_001872,D00,0.004622,False
YOLO11n,Norway__Norway_001872,D00,0.006646,False
YOLO11n,Norway__Norway_001935,D00,0.002179,False
YOLO11n,Norway__Norway_001935,D00,0.006009,True
YOLO11n,Norway__Norway_001935,D00,0.000874,False
YOLO11n,Norway__Norway_001935,D00,0.001053,False
YOLO11n,Norway__Norway_001935,D00,0.010075,True
YOLO11n,Norway__Norway_001935,D00,0.019216,True
YOLO11n,Norway__Norway_001935,D00,0.001993,False
YOLO11n,Norway__Norway_001935,D00,0.0036,False
YOLO11n,Norway__Norway_001935,D00,0.000526,False
YOLO11n,Norway__Norway_001935,D00,0.001244,False
YOLO11n,Norway__Norway_001935,D00,0.017973,False
YOLO11n,Norway__Norway_001935,D00,0.003451,False
YOLO11n,Norway__Norway_001935,D00,0.001561,False
YOLO11n,Norway__Norway_001935,D00,0.049191,True
YOLO11n,Norway__Norway_001936,D00,0.002558,True
YOLO11n,Norway__Norway_001941,D00,0.000497,False
YOLO11n,Norway__Norway_001941,D00,0.006542,False
YOLO11n,Norway__Norway_001953,D00,0.007769,False
YOLO11n,Norway__Norway_001962,D00,0.005902,False
YOLO11n,Norway__Norway_001966,D00,0.001005,False
YOLO11n,Norway__Norway_001966,D00,0.074971,False
YOLO11n,Norway__Norway_001968,D00,0.000105,False
YOLO11n,Norway__Norway_001968,D00,0.001502,False
YOLO11n,Norway__Norway_001978,D00,0.000203,False
YOLO11n,Norway__Norway_001978,D00,0.009851,False
YOLO11n,Norway__Norway_001979,D00,0.0016,False
YOLO11n,Norway__Norway_001979,D00,0.013563,True
YOLO11n,Norway__Norway_001979,D00,0.000591,False
YOLO11n,Norway__Norway_001979,D00,0.027146,True
YOLO11n,Norway__Norway_001979,D00,0.008737,True
YOLO11n,Norway__Norway_001979,D00,0.001662,False
YOLO11n,Norway__Norway_001979,D00,0.00011,False
YOLO11n,Norway__Norway_001979,D00,0.005171,True
YOLO11n,Norway__Norway_001979,D00,0.005216,False
YOLO11n,Norway__Norway_001979,D10,0.023313,True
YOLO11n,Norway__Norway_001979,D10,0.014819,True
YOLO11n,Norway__Norway_001979,D10,0.003552,False
YOLO11n,Norway__Norway_001979,D10,0.000729,False
YOLO11n,Norway__Norway_001979,D00,0.001688,False
YOLO11n,Norway__Norway_001979,D00,0.000285,False
YOLO11n,Norway__Norway_001979,D00,0.002778,True
YOLO11n,Norway__Norway_001979,D00,0.000979,False
YOLO11n,Norway__Norway_001979,D00,0.001309,False
YOLO11n,Norway__Norway_001979,D00,0.001516,False
YOLO11n,Norway__Norway_001979,D00,0.010866,True
YOLO11n,Norway__Norway_001979,D00,0.000653,False
YOLO11n,Norway__Norway_001979,D00,0.003019,False
YOLO11n,Norway__Norway_001979,D00,0.001974,False
YOLO11n,Norway__Norway_001996,D10,0.001319,False
YOLO11n,Norway__Norway_001996,D10,0.001689,False
YOLO11n,Norway__Norway_001996,D00,0.01575,False
YOLO11n,Norway__Norway_001996,D00,0.000383,False
YOLO11n,Norway__Norway_001996,D10,0.002194,False
YOLO11n,Norway__Norway_001996,D00,0.002415,False
YOLO11n,Norway__Norway_001996,D00,0.015955,False
YOLO11n,Norway__Norway_001996,D00,0.012093,False
YOLO11n,Norway__Norway_001996,D00,0.006164,False
YOLO11n,Norway__Norway_002025,D00,0.001605,False
YOLO11n,Norway__Norway_002025,D00,0.004838,True
YOLO11n,Norway__Norway_002025,D10,0.004489,False
YOLO11n,Norway__Norway_002025,D00,0.001762,False
YOLO11n,Norway__Norway_002025,D00,0.003765,False
YOLO11n,Norway__Norway_002025,D00,0.000452,False
YOLO11n,Norway__Norway_002025,D00,0.001942,False
YOLO11n,Norway__Norway_002025,D10,0.00074,False
YOLO11n,Norway__Norway_002039,D00,0.000662,False
YOLO11n,Norway__Norway_002039,D00,0.010094,True
YOLO11n,Norway__Norway_002039,D00,0.001424,True
YOLO11n,Norway__Norway_002039,D20,0.060011,False
YOLO11n,Norway__Norway_002054,D00,0.015445,False
YOLO11n,Norway__Norway_002054,D00,0.02298,False
YOLO11n,Norway__Norway_002054,D10,0.030755,True
YOLO11n,Norway__Norway_002075,D00,0.000391,False
YOLO11n,Norway__Norway_002075,D00,0.001085,False
YOLO11n,Norway__Norway_002075,D10,0.000581,False
YOLO11n,Norway__Norway_002075,D00,0.003769,False
YOLO11n,Norway__Norway_002075,D00,0.017834,False
YOLO11n,Norway__Norway_002075,D00,0.001605,False
YOLO11n,Norway__Norway_002096,D00,0.030927,False
YOLO11n,Norway__Norway_002101,D00,0.000955,False
YOLO11n,Norway__Norway_002169,D00,0.026262,True
YOLO11n,Norway__Norway_002181,D00,0.020996,False
YOLO11n,Norway__Norway_002187,D10,0.009056,False
YOLO11n,Norway__Norway_002190,D00,0.002326,False
YOLO11n,Norway__Norway_002190,D00,0.000123,False
YOLO11n,Norway__Norway_002190,D10,0.02308,False
YOLO11n,Norway__Norway_002190,D00,0.000118,False
YOLO11n,Norway__Norway_002190,D10,0.000886,False
YOLO11n,Norway__Norway_002190,D00,0.000295,False
YOLO11n,Norway__Norway_002190,D10,0.014444,False
YOLO11n,Norway__Norway_002198,D00,0.020176,True
YOLO11n,Norway__Norway_002198,D00,0.006553,False
YOLO11n,Norway__Norway_002198,D00,0.003611,False
YOLO11n,Norway__Norway_002198,D00,0.002301,False
YOLO11n,Norway__Norway_002198,D00,0.001667,True
YOLO11n,Norway__Norway_002198,D00,0.000836,False
YOLO11n,Norway__Norway_002198,D00,0.006497,False
YOLO11n,Norway__Norway_002198,D00,0.001798,False
YOLO11n,Norway__Norway_002213,D00,0.077861,False
YOLO11n,Norway__Norway_002226,D00,0.025646,True
YOLO11n,Norway__Norway_002240,D00,0.000398,False
YOLO11n,Norway__Norway_002240,D00,0.001519,False
YOLO11n,Norway__Norway_002240,D00,0.005449,False
YOLO11n,Norway__Norway_002240,D00,0.010097,False
YOLO11n,Norway__Norway_002240,D00,0.009823,False
YOLO11n,Norway__Norway_002240,D10,0.004485,True
YOLO11n,Norway__Norway_002281,D10,0.001916,False
YOLO11n,Norway__Norway_002281,D00,0.006872,True
YOLO11n,Norway__Norway_002281,D00,0.001387,False
YOLO11n,Norway__Norway_002281,D00,0.002411,False
YOLO11n,Norway__Norway_002281,D00,0.000493,False
YOLO11n,Norway__Norway_002281,D00,0.003774,False
YOLO11n,Norway__Norway_002281,D10,0.00426,False
YOLO11n,Norway__Norway_002281,D00,0.0004,False
YOLO11n,Norway__Norway_002281,D00,0.002711,False
YOLO11n,Norway__Norway_002293,D00,0.011357,False
YOLO11n,Norway__Norway_002299,D40,0.000507,False
YOLO11n,Norway__Norway_002299,D40,0.000645,False
YOLO11n,Norway__Norway_002310,D00,0.000466,False
YOLO11n,Norway__Norway_002310,D00,0.005472,False
YOLO11n,Norway__Norway_002345,D00,0.010354,False
YOLO11n,Norway__Norway_002363,D00,0.000696,False
YOLO11n,Norway__Norway_002407,D00,0.008344,True
YOLO11n,Norway__Norway_002417,D00,0.005523,True
YOLO11n,Norway__Norway_002450,D00,0.043092,False
YOLO11n,Norway__Norway_002450,D00,0.012229,False
YOLO11n,Norway__Norway_002450,D00,0.000364,False
YOLO11n,Norway__Norway_002450,D00,0.003193,False
YOLO11n,Norway__Norway_002450,D00,0.000269,False
YOLO11n,Norway__Norway_002450,D00,0.000787,False
YOLO11n,Norway__Norway_002463,D00,0.014241,True
YOLO11n,Norway__Norway_002485,D00,0.002663,False
YOLO11n,Norway__Norway_002485,D00,0.023479,True
YOLO11n,Norway__Norway_002504,D10,0.001895,False
YOLO11n,Norway__Norway_002504,D00,0.000134,False
YOLO11n,Norway__Norway_002504,D10,0.002037,False
YOLO11n,Norway__Norway_002504,D00,0.001087,False
YOLO11n,Norway__Norway_002515,D00,0.135188,False
YOLO11n,Norway__Norway_002515,D00,0.000154,False
YOLO11n,Norway__Norway_002515,D00,0.059875,True
YOLO11n,Norway__Norway_002515,D00,0.000272,False
YOLO11n,Norway__Norway_002515,D00,0.000618,False
YOLO11n,Norway__Norway_002542,D00,0.0159,True
YOLO11n,Norway__Norway_002603,D10,0.001201,False
YOLO11n,Norway__Norway_002603,D10,0.015091,False
YOLO11n,Norway__Norway_002603,D00,0.000303,False
YOLO11n,Norway__Norway_002624,D00,0.013254,True
YOLO11n,Norway__Norway_002641,D00,0.007496,False
YOLO11n,Norway__Norway_002641,D00,0.006325,False
YOLO11n,Norway__Norway_002641,D00,0.00047,False
YOLO11n,Norway__Norway_002641,D00,0.002383,False
YOLO11n,Norway__Norway_002641,D00,0.001164,False
YOLO11n,Norway__Norway_002641,D00,0.003764,True
YOLO11n,Norway__Norway_002657,D00,0.001026,False
YOLO11n,Norway__Norway_002663,D00,0.00622,False
YOLO11n,Norway__Norway_002681,D00,0.006426,False
YOLO11n,Norway__Norway_002681,D00,0.000181,False
YOLO11n,Norway__Norway_002681,D00,0.000144,False
YOLO11n,Norway__Norway_002681,D00,0.000263,False
YOLO11n,Norway__Norway_002681,D00,0.000158,False
YOLO11n,Norway__Norway_002681,D00,0.009494,True
YOLO11n,Norway__Norway_002681,D20,0.053482,True
YOLO11n,Norway__Norway_002683,D00,0.025321,False
YOLO11n,Norway__Norway_002683,D10,0.005938,False
YOLO11n,Norway__Norway_002683,D10,0.008975,True
YOLO11n,Norway__Norway_002699,D10,0.002462,False
YOLO11n,Norway__Norway_002724,D00,0.008189,False
YOLO11n,Norway__Norway_002755,D00,0.002334,False
YOLO11n,Norway__Norway_002755,D00,0.005519,False
YOLO11n,Norway__Norway_002755,D20,0.027097,True
YOLO11n,Norway__Norway_002755,D00,0.000278,False
YOLO11n,Norway__Norway_002755,D00,0.000404,False
YOLO11n,Norway__Norway_002755,D10,0.00018,False
YOLO11n,Norway__Norway_002755,D00,0.001416,False
YOLO11n,Norway__Norway_002755,D00,0.009783,False
YOLO11n,Norway__Norway_002755,D00,0.004815,False
YOLO11n,Norway__Norway_002755,D00,0.005308,False
YOLO11n,Norway__Norway_002755,D00,0.028002,False
YOLO11n,Norway__Norway_002755,D00,0.044168,True
YOLO11n,Norway__Norway_002768,D10,0.008319,True
YOLO11n,Norway__Norway_002768,D00,0.000154,False
YOLO11n,Norway__Norway_002828,D00,0.012134,False
YOLO11n,Norway__Norway_002835,D10,0.039415,False
YOLO11n,Norway__Norway_002853,D00,0.000367,False
YOLO11n,Norway__Norway_002853,D00,0.021092,False
YOLO11n,Norway__Norway_002853,D00,0.000196,False
YOLO11n,Norway__Norway_002853,D00,0.000183,False
YOLO11n,Norway__Norway_002853,D00,0.00016,False
YOLO11n,Norway__Norway_002853,D00,0.016847,True
YOLO11n,Norway__Norway_002853,D20,0.003664,False
YOLO11n,Norway__Norway_002853,D00,0.00045,False
YOLO11n,Norway__Norway_002853,D00,0.000288,False
YOLO11n,Norway__Norway_002853,D00,0.002312,False
YOLO11n,Norway__Norway_002853,D00,0.000219,False
YOLO11n,Norway__Norway_002853,D00,0.003268,False
YOLO11n,Norway__Norway_002853,D00,0.006392,False
YOLO11n,Norway__Norway_002853,D00,0.000131,False
YOLO11n,Norway__Norway_002853,D00,0.00042,False
YOLO11n,Norway__Norway_002853,D00,0.000238,False
YOLO11n,Norway__Norway_002853,D10,0.000185,False
YOLO11n,Norway__Norway_002853,D00,0.004216,False
YOLO11n,Norway__Norway_002853,D10,0.001628,False
YOLO11n,Norway__Norway_002853,D00,0.00045,False
YOLO11n,Norway__Norway_002853,D00,0.00126,False
YOLO11n,Norway__Norway_002853,D00,0.002376,False
YOLO11n,Norway__Norway_002853,D00,0.000292,False
YOLO11n,Norway__Norway_002853,D00,0.000455,False
YOLO11n,Norway__Norway_002853,D20,0.000689,False
YOLO11n,Norway__Norway_002853,D10,0.001119,False
YOLO11n,Norway__Norway_002889,D00,0.012479,False
YOLO11n,Norway__Norway_002947,D00,0.015183,True
YOLO11n,Norway__Norway_002955,D00,0.009853,False
YOLO11n,Norway__Norway_002955,D00,0.017262,False
YOLO11n,Norway__Norway_002955,D00,0.003616,False
YOLO11n,Norway__Norway_002992,D00,0.000241,False
YOLO11n,Norway__Norway_002992,D20,0.004086,False
YOLO11n,Norway__Norway_002992,D00,0.07951,True
YOLO11n,Norway__Norway_002992,D00,8.6e-05,False
YOLO11n,Norway__Norway_002992,D00,0.002227,False
YOLO11n,Norway__Norway_002992,D00,0.026797,True
YOLO11n,Norway__Norway_002992,D00,0.002194,False
YOLO11n,Norway__Norway_002992,D00,0.018547,True
YOLO11n,Norway__Norway_002992,D00,0.000865,False
YOLO11n,Norway__Norway_002992,D00,8.1e-05,False
YOLO11n,Norway__Norway_003004,D00,0.011466,True
YOLO11n,Norway__Norway_003004,D00,0.010949,False
YOLO11n,Norway__Norway_003004,D00,0.004614,True
YOLO11n,Norway__Norway_003004,D00,0.013216,True
YOLO11n,Norway__Norway_003004,D00,0.000341,False
YOLO11n,Norway__Norway_003004,D00,0.001389,False
YOLO11n,Norway__Norway_003004,D20,0.001476,False
YOLO11n,Norway__Norway_003004,D20,0.002005,False
YOLO11n,Norway__Norway_003050,D00,0.009705,False
YOLO11n,Norway__Norway_003101,D00,0.005623,True
YOLO11n,Norway__Norway_003101,D00,0.010865,True
YOLO11n,Norway__Norway_003101,D10,0.018531,True
YOLO11n,Norway__Norway_003101,D00,0.00279,False
YOLO11n,Norway__Norway_003101,D00,0.018931,True
YOLO11n,Norway__Norway_003101,D10,0.022447,False
YOLO11n,Norway__Norway_003122,D00,0.012765,False
YOLO11n,Norway__Norway_003122,D00,0.010199,False
YOLO11n,Norway__Norway_003122,D00,0.001617,False
YOLO11n,Norway__Norway_003122,D10,0.006499,False
YOLO11n,Norway__Norway_003122,D00,0.005927,False
YOLO11n,Norway__Norway_003122,D10,0.000682,False
YOLO11n,Norway__Norway_003122,D00,0.008859,False
YOLO11n,Norway__Norway_003122,D00,0.004713,False
YOLO11n,Norway__Norway_003122,D00,0.004146,False
YOLO11n,Norway__Norway_003122,D10,0.005553,False
YOLO11n,Norway__Norway_003122,D00,0.00707,True
YOLO11n,Norway__Norway_003122,D00,0.000985,False
YOLO11n,Norway__Norway_003122,D00,0.001958,False
YOLO11n,Norway__Norway_003122,D00,0.000981,True
YOLO11n,Norway__Norway_003122,D00,0.00252,True
YOLO11n,Norway__Norway_003122,D00,0.007651,False
YOLO11n,Norway__Norway_003129,D00,0.001039,False
YOLO11n,Norway__Norway_003129,D00,0.000247,False
YOLO11n,Norway__Norway_003138,D00,0.024351,True
YOLO11n,Norway__Norway_003138,D00,0.018268,False
YOLO11n,Norway__Norway_003192,D00,0.000423,False
YOLO11n,Norway__Norway_003192,D00,0.023989,True
YOLO11n,Norway__Norway_003195,D10,0.02425,True
YOLO11n,Norway__Norway_003246,D10,0.011167,False
YOLO11n,Norway__Norway_003262,D00,0.000742,False
YOLO11n,Norway__Norway_003263,D00,0.021117,False
YOLO11n,Norway__Norway_003284,D00,0.000426,False
YOLO11n,Norway__Norway_003284,D00,0.000464,False
YOLO11n,Norway__Norway_003295,D00,0.001339,True
YOLO11n,Norway__Norway_003295,D00,0.000324,False
YOLO11n,Norway__Norway_003295,D10,0.000357,False
YOLO11n,Norway__Norway_003295,D10,0.00203,False
YOLO11n,Norway__Norway_003308,D00,0.000128,False
YOLO11n,Norway__Norway_003308,D10,0.002429,False
YOLO11n,Norway__Norway_003308,D00,0.000194,False
YOLO11n,Norway__Norway_003308,D10,0.00054,False
YOLO11n,Norway__Norway_003308,D00,0.000124,False
YOLO11n,Norway__Norway_003308,D00,0.000367,False
YOLO11n,Norway__Norway_003346,D00,3.5e-05,False
YOLO11n,Norway__Norway_003346,D00,0.00011,False
YOLO11n,Norway__Norway_003346,D00,0.004619,False
YOLO11n,Norway__Norway_003346,D10,0.047898,False
YOLO11n,Norway__Norway_003346,D00,0.000295,False
YOLO11n,Norway__Norway_003346,D00,0.015223,False
YOLO11n,Norway__Norway_003348,D00,0.055013,True
YOLO11n,Norway__Norway_003357,D10,0.013013,False
YOLO11n,Norway__Norway_003357,D10,0.005411,False
YOLO11n,Norway__Norway_003359,D00,0.002369,True
YOLO11n,Norway__Norway_003359,D00,0.001967,False
YOLO11n,Norway__Norway_003363,D40,0.000541,False
YOLO11n,Norway__Norway_003396,D00,0.000712,False
YOLO11n,Norway__Norway_003443,D00,0.019904,False
YOLO11n,Norway__Norway_003446,D00,0.017246,True
YOLO11n,Norway__Norway_003446,D00,0.006804,False
YOLO11n,Norway__Norway_003446,D00,0.02285,True
YOLO11n,Norway__Norway_003448,D40,0.000352,False
YOLO11n,Norway__Norway_003448,D00,0.019523,False
YOLO11n,Norway__Norway_003448,D00,0.000519,False
YOLO11n,Norway__Norway_003448,D00,0.000841,False
YOLO11n,Norway__Norway_003448,D00,0.001266,False
YOLO11n,Norway__Norway_003448,D00,0.000997,False
YOLO11n,Norway__Norway_003448,D40,0.000211,False
YOLO11n,Norway__Norway_003490,D00,0.038993,False
YOLO11n,Norway__Norway_003502,D00,0.0097,False
YOLO11n,Norway__Norway_003503,D00,0.0045,True
YOLO11n,Norway__Norway_003542,D00,0.001394,False
YOLO11n,Norway__Norway_003542,D10,0.003635,False
YOLO11n,Norway__Norway_003542,D00,0.002483,True
YOLO11n,Norway__Norway_003542,D40,0.001129,False
YOLO11n,Norway__Norway_003542,D40,0.000409,False
YOLO11n,Norway__Norway_003558,D00,0.000931,False
YOLO11n,Norway__Norway_003558,D00,0.005619,True
YOLO11n,Norway__Norway_003558,D00,0.011161,True
YOLO11n,Norway__Norway_003601,D00,0.002608,False
YOLO11n,Norway__Norway_003601,D00,0.038736,False
YOLO11n,Norway__Norway_003601,D40,9.5e-05,False
YOLO11n,Norway__Norway_003617,D00,0.000402,False
YOLO11n,Norway__Norway_003617,D00,0.001075,False
YOLO11n,Norway__Norway_003617,D00,0.00239,False
YOLO11n,Norway__Norway_003617,D10,0.002295,False
YOLO11n,Norway__Norway_003641,D40,0.000188,False
YOLO11n,Norway__Norway_003641,D00,0.025606,False
YOLO11n,Norway__Norway_003641,D40,0.000113,False
YOLO11n,Norway__Norway_003641,D00,0.018831,False
YOLO11n,Norway__Norway_003669,D00,0.000655,False
YOLO11n,Norway__Norway_003669,D00,0.001505,False
YOLO11n,Norway__Norway_003708,D10,0.000988,False
YOLO11n,Norway__Norway_003708,D10,0.001941,False
YOLO11n,Norway__Norway_003708,D10,0.001455,False
YOLO11n,Norway__Norway_003722,D00,0.001124,False
YOLO11n,Norway__Norway_003730,D10,0.00101,False
YOLO11n,Norway__Norway_003730,D00,0.007367,True
YOLO11n,Norway__Norway_003730,D00,0.009131,True
YOLO11n,Norway__Norway_003730,D00,0.004111,True
YOLO11n,Norway__Norway_003730,D00,0.000607,False
YOLO11n,Norway__Norway_003730,D00,0.020341,False
YOLO11n,Norway__Norway_003730,D00,0.003432,False
YOLO11n,Norway__Norway_003730,D00,0.023176,False
YOLO11n,Norway__Norway_003730,D10,0.001131,False
YOLO11n,Norway__Norway_003730,D10,0.00013,False
YOLO11n,Norway__Norway_003730,D00,0.000708,False
YOLO11n,Norway__Norway_003730,D00,0.001075,False
YOLO11n,Norway__Norway_003730,D00,0.000637,False
YOLO11n,Norway__Norway_003730,D00,0.000529,False
YOLO11n,Norway__Norway_003730,D00,0.000845,False
YOLO11n,Norway__Norway_003730,D00,0.028646,True
YOLO11n,Norway__Norway_003730,D10,0.001619,False
YOLO11n,Norway__Norway_003730,D10,0.000453,False
YOLO11n,Norway__Norway_003730,D00,0.000403,False
YOLO11n,Norway__Norway_003730,D00,0.029799,True
YOLO11n,Norway__Norway_003730,D10,0.000513,False
YOLO11n,Norway__Norway_003730,D00,0.001239,False
YOLO11n,Norway__Norway_003730,D00,0.000262,False
YOLO11n,Norway__Norway_003730,D00,0.000115,False
YOLO11n,Norway__Norway_003730,D10,0.001519,False
YOLO11n,Norway__Norway_003730,D00,0.001748,False
YOLO11n,Norway__Norway_003730,D00,0.00254,False
YOLO11n,Norway__Norway_003771,D00,0.000553,False
YOLO11n,Norway__Norway_003771,D10,0.019397,False
YOLO11n,Norway__Norway_003771,D00,0.004974,False
YOLO11n,Norway__Norway_003776,D10,0.013756,False
YOLO11n,Norway__Norway_003776,D10,0.023336,False
YOLO11n,Norway__Norway_003836,D00,0.053168,True
YOLO11n,Norway__Norway_003856,D10,0.051136,True
YOLO11n,Norway__Norway_003856,D10,0.026787,False
YOLO11n,Norway__Norway_003856,D10,0.015184,False
YOLO11n,Norway__Norway_003905,D20,0.000851,False
YOLO11n,Norway__Norway_003921,D00,0.026817,False
YOLO11n,Norway__Norway_003922,D00,0.00154,False
YOLO11n,Norway__Norway_003922,D00,0.01408,True
YOLO11n,Norway__Norway_003933,D00,0.006169,False
YOLO11n,Norway__Norway_003933,D00,0.001443,False
YOLO11n,Norway__Norway_003962,D00,0.094733,False
YOLO11n,Norway__Norway_004032,D00,0.000176,False
YOLO11n,Norway__Norway_004032,D10,0.000439,False
YOLO11n,Norway__Norway_004032,D00,0.00068,False
YOLO11n,Norway__Norway_004032,D00,0.000398,False
YOLO11n,Norway__Norway_004032,D10,0.007169,False
YOLO11n,Norway__Norway_004032,D10,0.002119,False
YOLO11n,Norway__Norway_004032,D00,0.007314,True
YOLO11n,Norway__Norway_004032,D00,0.000626,False
YOLO11n,Norway__Norway_004032,D00,0.000156,False
YOLO11n,Norway__Norway_004046,D00,0.074608,True
YOLO11n,Norway__Norway_004046,D00,0.001714,False
YOLO11n,Norway__Norway_004046,D00,0.010866,True
YOLO11n,Norway__Norway_004095,D00,0.000418,False
YOLO11n,Norway__Norway_004095,D00,0.036455,True
YOLO11n,Norway__Norway_004095,D10,0.000242,False
YOLO11n,Norway__Norway_004095,D00,0.000286,False
YOLO11n,Norway__Norway_004097,D00,0.03006,False
YOLO11n,Norway__Norway_004097,D00,0.022199,False
YOLO11n,Norway__Norway_004118,D10,0.001188,False
YOLO11n,Norway__Norway_004118,D10,0.000415,False
YOLO11n,Norway__Norway_004118,D10,0.001131,False
YOLO11n,Norway__Norway_004118,D00,0.000116,False
YOLO11n,Norway__Norway_004118,D10,0.00108,False
YOLO11n,Norway__Norway_004118,D00,0.012846,True
YOLO11n,Norway__Norway_004118,D10,0.000319,False
YOLO11n,Norway__Norway_004118,D10,0.000295,False
YOLO11n,Norway__Norway_004118,D10,0.006988,True
YOLO11n,Norway__Norway_004118,D00,6e-05,False
YOLO11n,Norway__Norway_004118,D00,0.007023,True
YOLO11n,Norway__Norway_004118,D00,0.00011,False
YOLO11n,Norway__Norway_004118,D00,0.002798,False
YOLO11n,Norway__Norway_004118,D00,0.005966,False
YOLO11n,Norway__Norway_004118,D00,0.00024,False
YOLO11n,Norway__Norway_004118,D10,0.00085,False
YOLO11n,Norway__Norway_004131,D10,0.000643,False
YOLO11n,Norway__Norway_004131,D00,0.005144,False
YOLO11n,Norway__Norway_004131,D10,0.001999,False
YOLO11n,Norway__Norway_004131,D00,0.007367,False
YOLO11n,Norway__Norway_004196,D00,0.002507,False
YOLO11n,Norway__Norway_004196,D10,0.000485,False
YOLO11n,Norway__Norway_004196,D00,0.009297,False
YOLO11n,Norway__Norway_004196,D00,0.000381,False
YOLO11n,Norway__Norway_004196,D00,0.000444,False
YOLO11n,Norway__Norway_004196,D00,0.008188,False
YOLO11n,Norway__Norway_004196,D00,0.002225,False
YOLO11n,Norway__Norway_004196,D00,0.00604,False
YOLO11n,Norway__Norway_004196,D00,0.002487,False
YOLO11n,Norway__Norway_004196,D00,0.000966,False
YOLO11n,Norway__Norway_004196,D00,0.002958,False
YOLO11n,Norway__Norway_004196,D00,0.005582,True
YOLO11n,Norway__Norway_004237,D00,0.000548,False
YOLO11n,Norway__Norway_004241,D00,0.000106,False
YOLO11n,Norway__Norway_004241,D20,0.00469,False
YOLO11n,Norway__Norway_004241,D00,0.002513,False
YOLO11n,Norway__Norway_004241,D00,0.029118,False
YOLO11n,Norway__Norway_004241,D00,3.9e-05,False
YOLO11n,Norway__Norway_004241,D00,0.01315,False
YOLO11n,Norway__Norway_004241,D00,0.0051,False
YOLO11n,Norway__Norway_004242,D00,0.001128,False
YOLO11n,Norway__Norway_004242,D00,0.007872,True
YOLO11n,Norway__Norway_004242,D00,0.008032,True
YOLO11n,Norway__Norway_004242,D00,0.007373,False
YOLO11n,Norway__Norway_004242,D00,0.001514,True
YOLO11n,Norway__Norway_004242,D00,0.058029,False
YOLO11n,Norway__Norway_004267,D00,0.012106,False
YOLO11n,Norway__Norway_004267,D00,0.001865,False
YOLO11n,Norway__Norway_004294,D00,0.000892,False
YOLO11n,Norway__Norway_004294,D00,0.003327,False
YOLO11n,Norway__Norway_004294,D00,0.016278,False
YOLO11n,Norway__Norway_004294,D10,0.001183,False
YOLO11n,Norway__Norway_004294,D00,0.00327,False
YOLO11n,Norway__Norway_004301,D00,0.00359,False
YOLO11n,Norway__Norway_004302,D00,0.000551,False
YOLO11n,Norway__Norway_004302,D00,0.001506,False
YOLO11n,Norway__Norway_004302,D00,0.022131,True
YOLO11n,Norway__Norway_004302,D00,0.000591,True
YOLO11n,Norway__Norway_004302,D00,0.000477,False
YOLO11n,Norway__Norway_004302,D00,0.000195,False
YOLO11n,Norway__Norway_004302,D00,0.000671,False
YOLO11n,Norway__Norway_004319,D00,0.007604,False
YOLO11n,Norway__Norway_004319,D00,0.004732,False
YOLO11n,Norway__Norway_004319,D10,0.003544,False
YOLO11n,Norway__Norway_004319,D00,0.003719,False
YOLO11n,Norway__Norway_004376,D00,0.008238,True
YOLO11n,Norway__Norway_004376,D00,0.000874,False
YOLO11n,Norway__Norway_004376,D10,0.009074,False
YOLO11n,Norway__Norway_004376,D10,0.00622,False
YOLO11n,Norway__Norway_004376,D20,0.002753,False
YOLO11n,Norway__Norway_004376,D00,0.000795,False
YOLO11n,Norway__Norway_004376,D00,0.000555,False
YOLO11n,Norway__Norway_004376,D00,0.007251,False
YOLO11n,Norway__Norway_004380,D00,0.002138,False
YOLO11n,Norway__Norway_004380,D10,0.00251,False
YOLO11n,Norway__Norway_004394,D10,0.001819,False
YOLO11n,Norway__Norway_004394,D00,0.004514,True
YOLO11n,Norway__Norway_004394,D10,0.000592,False
YOLO11n,Norway__Norway_004394,D10,0.000189,False
YOLO11n,Norway__Norway_004394,D10,0.000275,False
YOLO11n,Norway__Norway_004394,D00,4.6e-05,False
YOLO11n,Norway__Norway_004394,D20,0.000371,False
YOLO11n,Norway__Norway_004394,D00,0.00061,False
YOLO11n,Norway__Norway_004394,D10,0.001789,False
YOLO11n,Norway__Norway_004394,D00,0.000317,False
YOLO11n,Norway__Norway_004432,D00,0.037848,False
YOLO11n,Norway__Norway_004448,D00,0.001526,False
YOLO11n,Norway__Norway_004453,D00,0.000949,False
YOLO11n,Norway__Norway_004453,D00,0.011632,True
YOLO11n,Norway__Norway_004453,D00,0.025549,False
YOLO11n,Norway__Norway_004453,D00,0.004695,False
YOLO11n,Norway__Norway_004453,D00,4.7e-05,False
YOLO11n,Norway__Norway_004460,D00,0.005929,False
YOLO11n,Norway__Norway_004468,D10,0.001398,False
YOLO11n,Norway__Norway_004475,D10,0.011822,False
YOLO11n,Norway__Norway_004475,D00,0.000513,False
YOLO11n,Norway__Norway_004487,D00,0.006288,False
YOLO11n,Norway__Norway_004487,D00,0.00549,False
YOLO11n,Norway__Norway_004487,D00,0.014071,False
YOLO11n,Norway__Norway_004487,D00,0.005971,False
YOLO11n,Norway__Norway_004502,D00,0.095452,True
YOLO11n,Norway__Norway_004531,D00,0.019707,False
YOLO11n,Norway__Norway_004552,D20,0.046967,False
YOLO11n,Norway__Norway_004552,D40,0.000575,True
YOLO11n,Norway__Norway_004552,D40,0.000218,False
YOLO11n,Norway__Norway_004552,D40,0.000496,False
YOLO11n,Norway__Norway_004556,D00,0.000315,False
YOLO11n,Norway__Norway_004556,D00,0.002754,False
YOLO11n,Norway__Norway_004556,D10,7.7e-05,False
YOLO11n,Norway__Norway_004556,D10,0.003038,False
YOLO11n,Norway__Norway_004557,D00,0.040602,False
YOLO11n,Norway__Norway_004561,D00,0.001581,True
YOLO11n,Norway__Norway_004561,D00,0.000199,False
YOLO11n,Norway__Norway_004566,D10,0.000725,False
YOLO11n,Norway__Norway_004566,D00,0.000109,False
YOLO11n,Norway__Norway_004566,D00,0.00188,False
YOLO11n,Norway__Norway_004566,D40,0.000412,False
YOLO11n,Norway__Norway_004591,D00,0.001049,False
YOLO11n,Norway__Norway_004591,D00,0.000288,False
YOLO11n,Norway__Norway_004591,D00,0.002476,False
YOLO11n,Norway__Norway_004591,D00,0.010417,False
YOLO11n,Norway__Norway_004591,D00,0.001343,False
YOLO11n,Norway__Norway_004619,D00,0.013731,False
YOLO11n,Norway__Norway_004619,D00,0.000589,False
YOLO11n,Norway__Norway_004619,D40,0.000482,False
YOLO11n,Norway__Norway_004626,D00,0.088519,False
YOLO11n,Norway__Norway_004628,D10,0.002576,False
YOLO11n,Norway__Norway_004638,D00,0.028318,True
YOLO11n,Norway__Norway_004640,D10,0.025762,False
YOLO11n,Norway__Norway_004657,D00,0.041458,True
YOLO11n,Norway__Norway_004674,D00,0.023576,True
YOLO11n,Norway__Norway_004674,D20,0.011234,True
YOLO11n,Norway__Norway_004674,D00,0.003465,False
YOLO11n,Norway__Norway_004674,D20,0.002453,False
YOLO11n,Norway__Norway_004679,D00,0.000282,False
YOLO11n,Norway__Norway_004679,D00,0.001432,False
YOLO11n,Norway__Norway_004679,D00,0.000808,False
YOLO11n,Norway__Norway_004679,D00,0.002321,True
YOLO11n,Norway__Norway_004679,D00,0.000272,False
YOLO11n,Norway__Norway_004679,D00,0.010254,True
YOLO11n,Norway__Norway_004693,D00,0.01788,False
YOLO11n,Norway__Norway_004693,D10,0.029127,True
YOLO11n,Norway__Norway_004693,D10,0.043875,False
YOLO11n,Norway__Norway_004738,D10,0.000457,False
YOLO11n,Norway__Norway_004738,D00,0.000365,False
YOLO11n,Norway__Norway_004738,D10,0.000314,False
YOLO11n,Norway__Norway_004755,D00,0.013503,False
YOLO11n,Norway__Norway_004755,D00,0.058016,True
YOLO11n,Norway__Norway_004755,D10,0.005768,False
YOLO11n,Norway__Norway_004755,D10,0.002091,False
YOLO11n,Norway__Norway_004755,D10,0.00065,False
YOLO11n,Norway__Norway_004755,D00,0.005002,True
YOLO11n,Norway__Norway_004756,D00,0.001866,False
YOLO11n,Norway__Norway_004756,D00,0.037937,False
YOLO11n,Norway__Norway_004771,D00,0.012639,True
YOLO11n,Norway__Norway_004771,D10,0.001515,False
YOLO11n,Norway__Norway_004771,D10,0.005173,False
YOLO11n,Norway__Norway_004854,D00,0.043123,True
YOLO11n,Norway__Norway_004854,D00,0.016268,False
YOLO11n,Norway__Norway_004854,D20,0.009364,False
YOLO11n,Norway__Norway_004854,D00,0.000668,True
YOLO11n,Norway__Norway_004854,D00,0.007019,False
YOLO11n,Norway__Norway_004854,D00,0.000825,False
YOLO11n,Norway__Norway_004878,D00,6.7e-05,False
YOLO11n,Norway__Norway_004878,D10,0.00057,False
YOLO11n,Norway__Norway_004878,D10,0.000228,False
YOLO11n,Norway__Norway_004878,D00,0.000494,False
YOLO11n,Norway__Norway_004878,D00,0.000571,False
YOLO11n,Norway__Norway_004878,D00,0.000675,False
YOLO11n,Norway__Norway_004878,D00,0.001722,False
YOLO11n,Norway__Norway_004878,D00,0.010755,True
YOLO11n,Norway__Norway_004881,D20,0.043881,False
YOLO11n,Norway__Norway_004881,D20,0.034678,False
YOLO11n,Norway__Norway_004892,D40,0.003199,False
YOLO11n,Norway__Norway_004892,D10,0.028324,False
YOLO11n,Norway__Norway_004892,D40,0.009573,False
YOLO11n,Norway__Norway_004892,D40,0.007768,False
YOLO11n,Norway__Norway_004900,D10,0.022342,False
YOLO11n,Norway__Norway_004925,D00,0.093641,False
YOLO11n,Norway__Norway_004928,D00,9.5e-05,False
YOLO11n,Norway__Norway_004928,D00,0.001271,True
YOLO11n,Norway__Norway_004931,D00,0.011269,False
YOLO11n,Norway__Norway_004931,D00,0.000968,False
YOLO11n,Norway__Norway_004931,D00,0.019633,False
YOLO11n,Norway__Norway_004931,D00,0.00022,False
YOLO11n,Norway__Norway_004931,D00,0.000127,False
YOLO11n,Norway__Norway_004931,D00,0.023627,True
YOLO11n,Norway__Norway_004931,D00,0.004096,True
YOLO11n,Norway__Norway_004931,D10,0.009209,False
YOLO11n,Norway__Norway_004931,D00,9.8e-05,False
YOLO11n,Norway__Norway_004931,D00,0.004101,True
YOLO11n,Norway__Norway_004931,D20,0.0007,False
YOLO11n,Norway__Norway_004931,D00,0.000414,True
YOLO11n,Norway__Norway_004931,D00,0.000719,False
YOLO11n,Norway__Norway_004931,D00,0.006336,False
YOLO11n,Norway__Norway_004940,D00,0.000987,True
YOLO11n,Norway__Norway_004940,D00,0.005321,False
YOLO11n,Norway__Norway_004940,D00,0.005585,True
YOLO11n,Norway__Norway_004948,D00,0.001694,False
YOLO11n,Norway__Norway_004948,D00,0.000204,False
YOLO11n,Norway__Norway_004954,D00,0.026668,True
YOLO11n,Norway__Norway_004954,D00,2.5e-05,False
YOLO11n,Norway__Norway_004954,D00,0.000733,False
YOLO11n,Norway__Norway_004954,D00,0.000206,False
YOLO11n,Norway__Norway_004954,D00,0.014151,False
YOLO11n,Norway__Norway_004954,D00,0.018711,True
YOLO11n,Norway__Norway_004954,D00,0.000983,False
YOLO11n,Norway__Norway_004954,D00,0.000748,False
YOLO11n,Norway__Norway_004954,D00,0.000565,False
YOLO11n,Norway__Norway_004954,D00,0.0085,True
YOLO11n,Norway__Norway_004966,D00,0.000246,False
YOLO11n,Norway__Norway_004966,D00,0.00056,False
YOLO11n,Norway__Norway_004966,D00,0.000279,False
YOLO11n,Norway__Norway_004966,D00,0.010002,False
YOLO11n,Norway__Norway_004969,D00,0.000675,True
YOLO11n,Norway__Norway_004969,D00,0.032056,True
YOLO11n,Norway__Norway_004969,D00,0.003191,False
YOLO11n,Norway__Norway_004969,D00,0.001393,False
YOLO11n,Norway__Norway_004971,D00,0.006651,False
YOLO11n,Norway__Norway_004971,D10,0.004459,False
YOLO11n,Norway__Norway_005032,D00,0.000394,False
YOLO11n,Norway__Norway_005032,D00,0.001386,True
YOLO11n,Norway__Norway_005044,D00,0.025157,False
YOLO11n,Norway__Norway_005044,D00,0.00288,True
YOLO11n,Norway__Norway_005051,D00,0.005205,False
YOLO11n,Norway__Norway_005055,D00,0.000872,False
YOLO11n,Norway__Norway_005055,D00,0.013887,False
YOLO11n,Norway__Norway_005055,D00,0.001975,False
YOLO11n,Norway__Norway_005055,D00,0.00122,False
YOLO11n,Norway__Norway_005055,D00,0.010101,False
YOLO11n,Norway__Norway_005075,D00,0.018847,False
YOLO11n,Norway__Norway_005096,D00,0.005708,False
YOLO11n,Norway__Norway_005108,D00,0.007985,False
YOLO11n,Norway__Norway_005108,D00,0.00376,False
YOLO11n,Norway__Norway_005108,D00,0.017443,False
YOLO11n,Norway__Norway_005108,D00,0.010562,False
YOLO11n,Norway__Norway_005121,D00,0.020642,False
YOLO11n,Norway__Norway_005121,D20,0.031743,False
YOLO11n,Norway__Norway_005140,D00,0.000261,False
YOLO11n,Norway__Norway_005168,D00,0.007708,False
YOLO11n,Norway__Norway_005197,D00,0.031956,True
YOLO11n,Norway__Norway_005238,D00,0.001642,False
YOLO11n,Norway__Norway_005238,D40,0.000596,False
YOLO11n,Norway__Norway_005238,D20,0.000858,False
YOLO11n,Norway__Norway_005238,D40,0.000161,False
YOLO11n,Norway__Norway_005238,D00,0.003444,True
YOLO11n,Norway__Norway_005238,D20,0.000259,False
YOLO11n,Norway__Norway_005238,D10,0.001505,False
YOLO11n,Norway__Norway_005238,D40,0.001653,False
YOLO11n,Norway__Norway_005238,D00,0.000309,False
YOLO11n,Norway__Norway_005238,D10,0.003168,False
YOLO11n,Norway__Norway_005238,D00,0.001471,True
YOLO11n,Norway__Norway_005238,D00,0.001272,False
YOLO11n,Norway__Norway_005238,D10,0.00185,False
YOLO11n,Norway__Norway_005238,D00,0.001183,False
YOLO11n,Norway__Norway_005238,D00,0.004283,True
YOLO11n,Norway__Norway_005238,D00,0.003275,False
YOLO11n,Norway__Norway_005238,D00,0.006958,True
YOLO11n,Norway__Norway_005238,D10,0.004178,False
YOLO11n,Norway__Norway_005242,D00,0.002759,False
YOLO11n,Norway__Norway_005242,D40,3.4e-05,False
YOLO11n,Norway__Norway_005242,D00,0.000363,False
YOLO11n,Norway__Norway_005242,D00,0.000885,False
YOLO11n,Norway__Norway_005242,D20,0.072293,True
YOLO11n,Norway__Norway_005242,D40,0.000896,False
YOLO11n,Norway__Norway_005242,D00,0.004229,True
YOLO11n,Norway__Norway_005242,D40,0.00025,False
YOLO11n,Norway__Norway_005242,D20,0.005312,False
YOLO11n,Norway__Norway_005242,D00,0.000596,False
YOLO11n,Norway__Norway_005263,D00,0.023671,False
YOLO11n,Norway__Norway_005263,D00,0.000951,False
YOLO11n,Norway__Norway_005267,D00,0.001345,False
YOLO11n,Norway__Norway_005274,D00,0.001335,False
YOLO11n,Norway__Norway_005274,D00,0.00419,False
YOLO11n,Norway__Norway_005274,D00,6.2e-05,False
YOLO11n,Norway__Norway_005274,D00,0.002942,False
YOLO11n,Norway__Norway_005274,D00,0.001962,True
YOLO11n,Norway__Norway_005274,D00,0.005505,False
YOLO11n,Norway__Norway_005274,D00,0.000877,False
YOLO11n,Norway__Norway_005341,D00,0.01362,False
YOLO11n,Norway__Norway_005363,D10,0.002556,False
YOLO11n,Norway__Norway_005363,D10,0.02498,True
YOLO11n,Norway__Norway_005392,D00,0.016009,False
YOLO11n,Norway__Norway_005400,D00,0.016908,False
YOLO11n,Norway__Norway_005415,D00,0.001531,False
YOLO11n,Norway__Norway_005415,D00,0.000159,False
YOLO11n,Norway__Norway_005441,D40,0.000365,False
YOLO11n,Norway__Norway_005441,D00,7.8e-05,False
YOLO11n,Norway__Norway_005441,D00,0.002314,False
YOLO11n,Norway__Norway_005441,D00,0.000106,False
YOLO11n,Norway__Norway_005443,D00,0.000244,False
YOLO11n,Norway__Norway_005443,D00,0.001361,False
YOLO11n,Norway__Norway_005443,D00,0.008151,True
YOLO11n,Norway__Norway_005445,D10,0.037165,True
YOLO11n,Norway__Norway_005473,D00,0.00039,False
YOLO11n,Norway__Norway_005473,D00,0.024501,False
YOLO11n,Norway__Norway_005473,D00,0.000604,False
YOLO11n,Norway__Norway_005473,D10,0.003691,False
YOLO11n,Norway__Norway_005501,D10,0.000433,False
YOLO11n,Norway__Norway_005525,D00,0.006423,False
YOLO11n,Norway__Norway_005525,D00,0.002889,True
YOLO11n,Norway__Norway_005547,D10,0.002186,False
YOLO11n,Norway__Norway_005553,D00,0.002278,True
YOLO11n,Norway__Norway_005553,D40,0.001566,False
YOLO11n,Norway__Norway_005553,D40,0.005404,False
YOLO11n,Norway__Norway_005559,D00,0.000808,False
YOLO11n,Norway__Norway_005559,D00,2.8e-05,False
YOLO11n,Norway__Norway_005559,D10,0.000333,False
YOLO11n,Norway__Norway_005559,D00,0.000193,False
YOLO11n,Norway__Norway_005559,D00,0.000177,False
YOLO11n,Norway__Norway_005559,D10,0.000186,False
YOLO11n,Norway__Norway_005559,D00,0.008338,False
YOLO11n,Norway__Norway_005559,D10,0.00013,False
YOLO11n,Norway__Norway_005559,D00,0.000743,False
YOLO11n,Norway__Norway_005559,D10,0.0026,False
YOLO11n,Norway__Norway_005559,D00,0.000527,True
YOLO11n,Norway__Norway_005559,D00,0.000382,False
YOLO11n,Norway__Norway_005559,D10,5.1e-05,False
YOLO11n,Norway__Norway_005559,D10,0.000603,False
YOLO11n,Norway__Norway_005559,D00,0.016014,True
YOLO11n,Norway__Norway_005559,D10,0.000632,False
YOLO11n,Norway__Norway_005559,D00,0.000238,False
YOLO11n,Norway__Norway_005559,D00,0.000131,False
YOLO11n,Norway__Norway_005559,D10,8.7e-05,False
YOLO11n,Norway__Norway_005559,D10,0.000303,False
YOLO11n,Norway__Norway_005559,D00,0.009673,False
YOLO11n,Norway__Norway_005596,D00,0.01105,False
YOLO11n,Norway__Norway_005596,D00,0.004894,False
YOLO11n,Norway__Norway_005596,D00,0.014885,False
YOLO11n,Norway__Norway_005596,D00,0.008345,False
YOLO11n,Norway__Norway_005610,D00,0.000632,False
YOLO11n,Norway__Norway_005617,D00,0.005904,False
YOLO11n,Norway__Norway_005619,D10,0.011051,True
YOLO11n,Norway__Norway_005632,D10,0.002207,False
YOLO11n,Norway__Norway_005632,D00,0.000544,False
YOLO11n,Norway__Norway_005632,D00,0.000337,False
YOLO11n,Norway__Norway_005652,D10,0.002507,False
YOLO11n,Norway__Norway_005652,D10,0.020739,False
YOLO11n,Norway__Norway_005652,D00,0.006713,False
YOLO11n,Norway__Norway_005661,D00,0.002104,False
YOLO11n,Norway__Norway_005661,D00,0.007309,True
YOLO11n,Norway__Norway_005661,D00,0.015508,False
YOLO11n,Norway__Norway_005667,D00,0.000214,False
YOLO11n,Norway__Norway_005686,D20,0.003384,False
YOLO11n,Norway__Norway_005711,D10,0.004713,False
YOLO11n,Norway__Norway_005716,D00,0.001305,False
YOLO11n,Norway__Norway_005727,D00,0.018595,True
YOLO11n,Norway__Norway_005727,D40,0.004774,False
YOLO11n,Norway__Norway_005727,D00,0.002711,False
YOLO11n,Norway__Norway_005727,D00,0.003378,False
YOLO11n,Norway__Norway_005727,D00,0.003187,False
YOLO11n,Norway__Norway_005727,D10,0.004231,True
YOLO11n,Norway__Norway_005754,D00,0.003596,False
YOLO11n,Norway__Norway_005754,D00,0.003856,False
YOLO11n,Norway__Norway_005754,D00,0.000148,False
YOLO11n,Norway__Norway_005754,D00,0.00053,False
YOLO11n,Norway__Norway_005754,D00,0.000217,False
YOLO11n,Norway__Norway_005754,D00,0.000308,False
YOLO11n,Norway__Norway_005754,D00,0.001798,False
YOLO11n,Norway__Norway_005754,D00,0.000557,False
YOLO11n,Norway__Norway_005754,D00,0.008662,False
YOLO11n,Norway__Norway_005760,D00,0.09485,True
YOLO11n,Norway__Norway_005793,D00,0.005431,False
YOLO11n,Norway__Norway_005793,D00,0.000364,False
YOLO11n,Norway__Norway_005793,D00,0.02454,False
YOLO11n,Norway__Norway_005810,D00,0.014805,True
YOLO11n,Norway__Norway_005820,D40,0.000198,False
YOLO11n,Norway__Norway_005820,D00,0.001982,False
YOLO11n,Norway__Norway_005820,D00,0.015718,False
YOLO11n,Norway__Norway_005826,D00,0.028382,True
YOLO11n,Norway__Norway_005829,D00,0.000747,False
YOLO11n,Norway__Norway_005829,D00,0.003445,False
YOLO11n,Norway__Norway_005835,D10,0.019029,False
YOLO11n,Norway__Norway_005835,D10,0.03605,True
YOLO11n,Norway__Norway_005835,D10,0.018517,False
YOLO11n,Norway__Norway_005835,D10,0.005485,False
YOLO11n,Norway__Norway_005835,D10,0.001481,False
YOLO11n,Norway__Norway_005866,D00,0.040941,False
YOLO11n,Norway__Norway_005898,D00,0.000231,False
YOLO11n,Norway__Norway_005898,D00,0.00125,False
YOLO11n,Norway__Norway_005898,D00,0.068359,True
YOLO11n,Norway__Norway_005898,D00,0.000634,False
YOLO11n,Norway__Norway_005930,D00,0.006893,False
YOLO11n,Norway__Norway_005930,D00,0.071765,True
YOLO11n,Norway__Norway_005930,D00,0.009375,True
YOLO11n,Norway__Norway_005930,D00,0.017186,True
YOLO11n,Norway__Norway_005964,D10,0.001713,False
YOLO11n,Norway__Norway_005964,D10,0.0065,False
YOLO11n,Norway__Norway_005964,D00,5.4e-05,False
YOLO11n,Norway__Norway_005964,D10,0.00045,False
YOLO11n,Norway__Norway_005964,D00,0.002074,True
YOLO11n,Norway__Norway_005964,D10,0.005086,False
YOLO11n,Norway__Norway_005964,D00,0.000667,False
YOLO11n,Norway__Norway_005964,D10,0.000922,False
YOLO11n,Norway__Norway_005971,D00,0.000681,False
YOLO11n,Norway__Norway_005971,D00,0.000619,False
YOLO11n,Norway__Norway_005971,D00,0.000578,False
YOLO11n,Norway__Norway_005982,D00,0.00257,False
YOLO11n,Norway__Norway_005982,D20,0.005881,False
YOLO11n,Norway__Norway_005983,D00,0.01686,False
YOLO11n,Norway__Norway_005983,D00,0.056793,True
YOLO11n,Norway__Norway_005996,D00,0.053561,True
YOLO11n,Norway__Norway_006023,D00,0.01647,False
YOLO11n,Norway__Norway_006052,D00,0.007091,True
YOLO11n,Norway__Norway_006133,D00,0.008117,False
YOLO11n,Norway__Norway_006137,D40,0.003711,False
YOLO11n,Norway__Norway_006137,D40,0.000893,False
YOLO11n,Norway__Norway_006137,D40,0.001526,False
YOLO11n,Norway__Norway_006150,D00,0.014862,False
YOLO11n,Norway__Norway_006166,D00,0.002249,True
YOLO11n,Norway__Norway_006168,D00,0.001933,False
YOLO11n,Norway__Norway_006168,D10,0.002094,False
YOLO11n,Norway__Norway_006168,D00,0.000241,False
YOLO11n,Norway__Norway_006168,D10,0.004747,False
YOLO11n,Norway__Norway_006168,D10,0.00926,False
YOLO11n,Norway__Norway_006168,D10,0.001487,False
YOLO11n,Norway__Norway_006168,D20,0.006063,False
YOLO11n,Norway__Norway_006168,D00,0.000153,False
YOLO11n,Norway__Norway_006168,D10,0.005952,True
YOLO11n,Norway__Norway_006168,D00,0.000621,False
YOLO11n,Norway__Norway_006168,D00,0.007996,False
YOLO11n,Norway__Norway_006168,D10,0.002227,False
YOLO11n,Norway__Norway_006168,D00,0.005034,False
YOLO11n,Norway__Norway_006168,D10,0.002345,False
YOLO11n,Norway__Norway_006168,D10,0.00143,False
YOLO11n,Norway__Norway_006168,D10,0.003934,False
YOLO11n,Norway__Norway_006168,D10,0.000634,False
YOLO11n,Norway__Norway_006168,D00,0.027989,True
YOLO11n,Norway__Norway_006168,D00,0.000558,False
YOLO11n,Norway__Norway_006168,D10,0.003552,False
YOLO11n,Norway__Norway_006168,D00,0.000939,False
YOLO11n,Norway__Norway_006168,D00,0.000939,False
YOLO11n,Norway__Norway_006168,D40,0.007618,False
YOLO11n,Norway__Norway_006168,D00,0.019455,False
YOLO11n,Norway__Norway_006168,D40,0.000886,False
YOLO11n,Norway__Norway_006172,D10,0.021696,False
YOLO11n,Norway__Norway_006193,D10,0.0039,False
YOLO11n,Norway__Norway_006222,D20,0.001619,False
YOLO11n,Norway__Norway_006222,D20,0.002543,False
YOLO11n,Norway__Norway_006222,D00,0.001267,False
YOLO11n,Norway__Norway_006222,D10,0.00203,False
YOLO11n,Norway__Norway_006222,D10,0.001949,False
YOLO11n,Norway__Norway_006222,D00,0.002128,True
YOLO11n,Norway__Norway_006227,D00,0.000457,False
YOLO11n,Norway__Norway_006227,D00,0.000261,False
YOLO11n,Norway__Norway_006235,D00,0.006317,False
YOLO11n,Norway__Norway_006235,D10,0.0141,True
YOLO11n,Norway__Norway_006235,D00,0.015072,True
YOLO11n,Norway__Norway_006235,D00,0.006836,True
YOLO11n,Norway__Norway_006235,D00,0.012445,True
YOLO11n,Norway__Norway_006235,D10,0.012251,False
YOLO11n,Norway__Norway_006235,D00,0.001715,False
YOLO11n,Norway__Norway_006235,D00,0.009033,False
YOLO11n,Norway__Norway_006235,D00,0.004304,False
YOLO11n,Norway__Norway_006235,D00,0.008326,False
YOLO11n,Norway__Norway_006236,D00,0.000936,False
YOLO11n,Norway__Norway_006236,D00,0.000766,False
YOLO11n,Norway__Norway_006236,D00,0.0079,False
YOLO11n,Norway__Norway_006236,D10,0.000271,False
YOLO11n,Norway__Norway_006236,D00,0.009664,True
YOLO11n,Norway__Norway_006236,D00,0.000996,False
YOLO11n,Norway__Norway_006261,D00,0.013944,True
YOLO11n,Norway__Norway_006265,D00,0.000834,False
YOLO11n,Norway__Norway_006265,D00,0.000538,False
YOLO11n,Norway__Norway_006265,D00,0.001634,False
YOLO11n,Norway__Norway_006265,D00,0.000307,False
YOLO11n,Norway__Norway_006271,D00,0.004005,True
YOLO11n,Norway__Norway_006271,D00,0.023363,False
YOLO11n,Norway__Norway_006271,D00,0.01328,False
YOLO11n,Norway__Norway_006319,D00,0.000477,False
YOLO11n,Norway__Norway_006319,D00,0.000152,False
YOLO11n,Norway__Norway_006319,D00,0.008868,True
YOLO11n,Norway__Norway_006319,D00,0.006774,True
YOLO11n,Norway__Norway_006319,D20,0.003843,False
YOLO11n,Norway__Norway_006323,D00,1.8e-05,False
YOLO11n,Norway__Norway_006323,D00,0.00039,False
YOLO11n,Norway__Norway_006323,D00,0.000261,False
YOLO11n,Norway__Norway_006323,D00,0.017108,False
YOLO11n,Norway__Norway_006323,D00,0.000185,False
YOLO11n,Norway__Norway_006323,D00,0.004927,False
YOLO11n,Norway__Norway_006323,D00,0.009428,True
YOLO11n,Norway__Norway_006323,D00,4.7e-05,False
YOLO11n,Norway__Norway_006331,D20,0.005784,False
YOLO11n,Norway__Norway_006331,D00,0.016342,False
YOLO11n,Norway__Norway_006331,D20,0.057973,True
YOLO11n,Norway__Norway_006331,D20,0.001445,False
YOLO11n,Norway__Norway_006331,D00,0.013149,False
YOLO11n,Norway__Norway_006331,D00,0.003706,False
YOLO11n,Norway__Norway_006335,D00,0.018309,False
YOLO11n,Norway__Norway_006335,D00,0.011826,False
YOLO11n,Norway__Norway_006338,D00,0.003168,False
YOLO11n,Norway__Norway_006338,D40,0.000148,False
YOLO11n,Norway__Norway_006338,D00,0.001656,False
YOLO11n,Norway__Norway_006338,D00,0.000391,False
YOLO11n,Norway__Norway_006338,D00,0.001402,False
YOLO11n,Norway__Norway_006338,D40,0.000249,False
YOLO11n,Norway__Norway_006338,D00,0.001237,False
YOLO11n,Norway__Norway_006338,D00,0.000285,False
YOLO11n,Norway__Norway_006338,D20,0.010388,False
YOLO11n,Norway__Norway_006338,D20,0.002994,False
YOLO11n,Norway__Norway_006338,D00,0.000732,False
YOLO11n,Norway__Norway_006338,D00,0.000298,False
YOLO11n,Norway__Norway_006349,D10,0.000192,False
YOLO11n,Norway__Norway_006349,D00,0.000276,False
YOLO11n,Norway__Norway_006349,D00,0.000433,False
YOLO11n,Norway__Norway_006349,D00,0.001046,False
YOLO11n,Norway__Norway_006360,D00,0.000202,False
YOLO11n,Norway__Norway_006360,D00,0.004342,True
YOLO11n,Norway__Norway_006360,D00,0.000113,False
YOLO11n,Norway__Norway_006360,D00,0.000298,False
YOLO11n,Norway__Norway_006360,D00,0.001311,True
YOLO11n,Norway__Norway_006360,D00,0.000785,False
YOLO11n,Norway__Norway_006369,D00,0.023035,False
YOLO11n,Norway__Norway_006379,D20,0.014383,False
YOLO11n,Norway__Norway_006379,D00,0.005374,False
YOLO11n,Norway__Norway_006404,D00,0.000536,False
YOLO11n,Norway__Norway_006404,D00,0.019057,False
YOLO11n,Norway__Norway_006404,D00,0.012676,True
YOLO11n,Norway__Norway_006404,D10,0.032061,True
YOLO11n,Norway__Norway_006417,D10,0.024468,False
YOLO11n,Norway__Norway_006417,D00,0.010687,False
YOLO11n,Norway__Norway_006417,D00,0.000953,False
YOLO11n,Norway__Norway_006480,D00,0.004435,True
YOLO11n,Norway__Norway_006480,D00,0.001191,False
YOLO11n,Norway__Norway_006480,D00,0.007038,True
YOLO11n,Norway__Norway_006480,D00,0.004778,False
YOLO11n,Norway__Norway_006480,D00,0.002566,False
YOLO11n,Norway__Norway_006482,D00,0.000695,False
YOLO11n,Norway__Norway_006482,D00,0.002388,False
YOLO11n,Norway__Norway_006508,D10,0.000873,False
YOLO11n,Norway__Norway_006528,D00,0.010733,False
YOLO11n,Norway__Norway_006528,D00,0.000972,True
YOLO11n,Norway__Norway_006528,D00,0.00946,False
YOLO11n,Norway__Norway_006528,D10,0.02117,False
YOLO11n,Norway__Norway_006533,D00,0.013026,False
YOLO11n,Norway__Norway_006550,D00,0.053104,True
YOLO11n,Norway__Norway_006550,D00,0.000437,False
YOLO11n,Norway__Norway_006550,D00,0.003004,False
YOLO11n,Norway__Norway_006550,D00,0.000269,False
YOLO11n,Norway__Norway_006550,D00,0.000258,False
YOLO11n,Norway__Norway_006550,D00,0.000837,False
YOLO11n,Norway__Norway_006556,D00,0.000121,False
YOLO11n,Norway__Norway_006556,D00,0.002236,False
YOLO11n,Norway__Norway_006556,D00,0.000615,False
YOLO11n,Norway__Norway_006556,D00,0.000137,False
YOLO11n,Norway__Norway_006556,D00,0.00108,False
YOLO11n,Norway__Norway_006556,D00,0.001121,False
YOLO11n,Norway__Norway_006556,D00,0.00497,False
YOLO11n,Norway__Norway_006556,D00,0.012887,False
YOLO11n,Norway__Norway_006556,D00,0.000452,False
YOLO11n,Norway__Norway_006556,D10,0.000106,False
YOLO11n,Norway__Norway_006556,D00,4.5e-05,False
YOLO11n,Norway__Norway_006556,D00,0.005573,True
YOLO11n,Norway__Norway_006556,D00,0.009146,True
YOLO11n,Norway__Norway_006556,D00,0.000253,False
YOLO11n,Norway__Norway_006556,D00,0.00195,True
YOLO11n,Norway__Norway_006556,D00,0.001338,False
YOLO11n,Norway__Norway_006556,D00,0.013557,False
YOLO11n,Norway__Norway_006556,D00,2.5e-05,False
YOLO11n,Norway__Norway_006556,D00,0.000346,False
YOLO11n,Norway__Norway_006556,D00,0.000379,False
YOLO11n,Norway__Norway_006556,D00,0.00021,False
YOLO11n,Norway__Norway_006556,D00,4.9e-05,False
YOLO11n,Norway__Norway_006556,D00,0.024968,True
YOLO11n,Norway__Norway_006556,D00,0.000536,False
YOLO11n,Norway__Norway_006556,D00,4.2e-05,False
YOLO11n,Norway__Norway_006556,D00,0.001471,False
YOLO11n,Norway__Norway_006556,D00,0.000272,False
YOLO11n,Norway__Norway_006556,D00,0.000729,False
YOLO11n,Norway__Norway_006556,D00,0.000616,False
YOLO11n,Norway__Norway_006556,D10,0.000631,False
YOLO11n,Norway__Norway_006556,D00,0.00016,False
YOLO11n,Norway__Norway_006559,D00,0.0002,False
YOLO11n,Norway__Norway_006559,D00,6e-05,False
YOLO11n,Norway__Norway_006559,D00,0.000208,False
YOLO11n,Norway__Norway_006559,D00,0.001732,False
YOLO11n,Norway__Norway_006559,D00,0.000148,False
YOLO11n,Norway__Norway_006559,D00,0.000635,False
YOLO11n,Norway__Norway_006559,D00,7.9e-05,False
YOLO11n,Norway__Norway_006559,D00,0.000208,False
YOLO11n,Norway__Norway_006559,D00,0.001988,True
YOLO11n,Norway__Norway_006559,D00,4.7e-05,False
YOLO11n,Norway__Norway_006565,D10,0.018246,True
YOLO11n,Norway__Norway_006565,D00,7.9e-05,False
YOLO11n,Norway__Norway_006565,D00,0.011776,True
YOLO11n,Norway__Norway_006565,D20,0.00578,False
YOLO11n,Norway__Norway_006565,D00,3.7e-05,False
YOLO11n,Norway__Norway_006565,D00,7.7e-05,False
YOLO11n,Norway__Norway_006565,D00,0.000182,False
YOLO11n,Norway__Norway_006565,D20,0.0039,False
YOLO11n,Norway__Norway_006565,D00,6e-05,False
YOLO11n,Norway__Norway_006565,D00,0.000221,False
YOLO11n,Norway__Norway_006565,D00,0.000105,False
YOLO11n,Norway__Norway_006583,D10,0.002159,False
YOLO11n,Norway__Norway_006583,D00,0.016054,False
YOLO11n,Norway__Norway_006605,D00,0.004625,False
YOLO11n,Norway__Norway_006605,D00,0.02517,False
YOLO11n,Norway__Norway_006605,D20,0.091025,True
YOLO11n,Norway__Norway_006605,D00,0.000995,False
YOLO11n,Norway__Norway_006626,D00,0.000861,False
YOLO11n,Norway__Norway_006627,D10,0.024664,True
YOLO11n,Norway__Norway_006627,D00,0.005474,True
YOLO11n,Norway__Norway_006647,D10,0.030905,True
YOLO11n,Norway__Norway_006655,D40,0.000246,False
YOLO11n,Norway__Norway_006711,D00,0.000219,False
YOLO11n,Norway__Norway_006711,D00,0.020965,False
YOLO11n,Norway__Norway_006711,D10,0.004003,False
YOLO11n,Norway__Norway_006711,D00,0.000802,False
YOLO11n,Norway__Norway_006711,D00,0.000854,False
YOLO11n,Norway__Norway_006711,D00,0.001634,False
YOLO11n,Norway__Norway_006711,D00,0.00036,False
YOLO11n,Norway__Norway_006711,D00,0.004211,True
YOLO11n,Norway__Norway_006739,D00,0.009006,True
YOLO11n,Norway__Norway_006739,D00,0.027029,True
YOLO11n,Norway__Norway_006739,D00,0.000236,False
YOLO11n,Norway__Norway_006739,D00,0.001403,False
YOLO11n,Norway__Norway_006739,D00,0.089079,False
YOLO11n,Norway__Norway_006739,D00,0.000494,False
YOLO11n,Norway__Norway_006739,D00,0.000474,False
YOLO11n,Norway__Norway_006742,D00,0.001254,False
YOLO11n,Norway__Norway_006820,D10,0.02809,False
YOLO11n,Norway__Norway_006823,D10,0.003891,True
YOLO11n,Norway__Norway_006825,D00,0.000949,False
YOLO11n,Norway__Norway_006825,D00,0.003909,True
YOLO11n,Norway__Norway_006825,D00,0.008468,True
YOLO11n,Norway__Norway_006825,D00,0.000959,False
YOLO11n,Norway__Norway_006825,D10,0.007347,False
YOLO11n,Norway__Norway_006825,D00,0.000177,False
YOLO11n,Norway__Norway_006825,D10,0.00409,True
YOLO11n,Norway__Norway_006825,D00,0.00126,False
YOLO11n,Norway__Norway_006825,D00,0.018002,True
YOLO11n,Norway__Norway_006825,D00,0.006944,True
YOLO11n,Norway__Norway_006897,D10,0.009238,False
YOLO11n,Norway__Norway_006897,D10,0.003805,False
YOLO11n,Norway__Norway_006897,D10,0.004621,False
YOLO11n,Norway__Norway_006935,D10,0.047737,True
YOLO11n,Norway__Norway_006937,D00,0.045315,False
YOLO11n,Norway__Norway_006937,D00,0.009915,True
YOLO11n,Norway__Norway_006937,D00,0.004113,False
YOLO11n,Norway__Norway_006942,D00,0.045082,True
YOLO11n,Norway__Norway_006942,D00,0.000991,False
YOLO11n,Norway__Norway_006942,D00,0.014779,True
YOLO11n,Norway__Norway_006942,D00,0.007611,True
YOLO11n,Norway__Norway_006973,D00,0.030746,True
YOLO11n,Norway__Norway_006973,D00,0.055442,True
YOLO11n,Norway__Norway_007023,D00,0.048071,False
YOLO11n,Norway__Norway_007023,D00,0.003055,False
YOLO11n,Norway__Norway_007040,D00,0.001806,False
YOLO11n,Norway__Norway_007040,D00,0.002741,False
YOLO11n,Norway__Norway_007040,D00,0.000563,False
YOLO11n,Norway__Norway_007040,D00,0.000577,False
YOLO11n,Norway__Norway_007040,D00,0.000303,False
YOLO11n,Norway__Norway_007047,D00,0.029194,True
YOLO11n,Norway__Norway_007053,D00,0.041626,True
YOLO11n,Norway__Norway_007099,D00,0.011356,False
YOLO11n,Norway__Norway_007099,D00,0.004634,False
YOLO11n,Norway__Norway_007099,D00,0.044037,False
YOLO11n,Norway__Norway_007124,D00,0.00047,False
YOLO11n,Norway__Norway_007125,D10,0.006295,False
YOLO11n,Norway__Norway_007138,D00,0.0096,False
YOLO11n,Norway__Norway_007138,D00,0.000443,False
YOLO11n,Norway__Norway_007138,D00,0.001618,False
YOLO11n,Norway__Norway_007138,D00,0.046877,True
YOLO11n,Norway__Norway_007138,D00,0.003729,False
YOLO11n,Norway__Norway_007138,D00,0.003062,False
YOLO11n,Norway__Norway_007140,D00,0.001675,False
YOLO11n,Norway__Norway_007140,D00,0.0008,False
YOLO11n,Norway__Norway_007142,D00,0.002239,False
YOLO11n,Norway__Norway_007142,D00,0.011365,True
YOLO11n,Norway__Norway_007142,D00,0.00018,False
YOLO11n,Norway__Norway_007142,D00,6.6e-05,False
YOLO11n,Norway__Norway_007142,D00,0.000933,True
YOLO11n,Norway__Norway_007142,D00,0.003668,False
YOLO11n,Norway__Norway_007142,D00,0.005846,False
YOLO11n,Norway__Norway_007142,D00,0.001154,False
YOLO11n,Norway__Norway_007142,D00,0.019752,False
YOLO11n,Norway__Norway_007142,D00,0.000863,False
YOLO11n,Norway__Norway_007142,D00,0.000204,False
YOLO11n,Norway__Norway_007142,D00,0.015765,True
YOLO11n,Norway__Norway_007142,D00,0.015859,False
YOLO11n,Norway__Norway_007142,D00,0.001659,False
YOLO11n,Norway__Norway_007144,D00,0.002917,False
YOLO11n,Norway__Norway_007144,D00,0.001197,False
YOLO11n,Norway__Norway_007148,D00,0.000429,False
YOLO11n,Norway__Norway_007148,D00,0.000677,False
YOLO11n,Norway__Norway_007148,D00,0.000296,False
YOLO11n,Norway__Norway_007148,D00,0.000808,False
YOLO11n,Norway__Norway_007148,D00,0.000118,False
YOLO11n,Norway__Norway_007148,D00,0.000813,True
YOLO11n,Norway__Norway_007148,D00,0.003695,False
YOLO11n,Norway__Norway_007148,D00,0.000511,False
YOLO11n,Norway__Norway_007149,D00,0.004735,False
YOLO11n,Norway__Norway_007149,D00,0.002753,False
YOLO11n,Norway__Norway_007168,D20,0.002265,False
YOLO11n,Norway__Norway_007168,D10,0.001987,False
YOLO11n,Norway__Norway_007190,D40,0.000575,False
YOLO11n,Norway__Norway_007195,D00,0.013297,False
YOLO11n,Norway__Norway_007195,D00,0.001259,False
YOLO11n,Norway__Norway_007202,D20,0.000278,False
YOLO11n,Norway__Norway_007202,D00,0.001901,False
YOLO11n,Norway__Norway_007202,D00,0.000298,False
YOLO11n,Norway__Norway_007202,D40,0.000148,False
YOLO11n,Norway__Norway_007216,D00,0.000685,False
YOLO11n,Norway__Norway_007231,D40,0.000252,False
YOLO11n,Norway__Norway_007231,D40,0.002609,False
YOLO11n,Norway__Norway_007239,D00,0.051503,False
YOLO11n,Norway__Norway_007249,D00,0.031717,False
YOLO11n,Norway__Norway_007264,D10,0.004021,False
YOLO11n,Norway__Norway_007264,D00,0.001468,False
YOLO11n,Norway__Norway_007264,D00,0.000686,False
YOLO11n,Norway__Norway_007264,D00,0.001686,False
YOLO11n,Norway__Norway_007264,D20,0.000814,False
YOLO11n,Norway__Norway_007264,D20,0.006018,False
YOLO11n,Norway__Norway_007264,D00,0.00581,False
YOLO11n,Norway__Norway_007264,D00,0.002627,True
YOLO11n,Norway__Norway_007264,D20,0.002461,False
YOLO11n,Norway__Norway_007264,D00,0.000164,False
YOLO11n,Norway__Norway_007264,D00,0.008659,False
YOLO11n,Norway__Norway_007264,D00,0.029993,True
YOLO11n,Norway__Norway_007264,D00,0.001686,False
YOLO11n,Norway__Norway_007264,D20,0.000597,False
YOLO11n,Norway__Norway_007267,D00,0.002377,True
YOLO11n,Norway__Norway_007267,D00,0.002681,False
YOLO11n,Norway__Norway_007267,D00,0.011106,False
YOLO11n,Norway__Norway_007267,D00,0.007256,False
YOLO11n,Norway__Norway_007285,D00,0.07512,False
YOLO11n,Norway__Norway_007292,D00,0.003886,True
YOLO11n,Norway__Norway_007292,D10,0.004855,True
YOLO11n,Norway__Norway_007292,D00,0.001129,True
YOLO11n,Norway__Norway_007292,D00,0.004434,True
YOLO11n,Norway__Norway_007292,D00,0.0049,True
YOLO11n,Norway__Norway_007292,D00,0.004548,True
YOLO11n,Norway__Norway_007292,D10,0.010125,False
YOLO11n,Norway__Norway_007292,D00,0.001958,True
YOLO11n,Norway__Norway_007329,D40,0.000349,False
YOLO11n,Norway__Norway_007329,D00,0.007648,False
YOLO11n,Norway__Norway_007329,D00,0.003578,False
YOLO11n,Norway__Norway_007329,D00,0.001095,False
YOLO11n,Norway__Norway_007329,D00,0.010916,False
YOLO11n,Norway__Norway_007329,D40,0.000538,False
YOLO11n,Norway__Norway_007329,D40,0.000316,False
YOLO11n,Norway__Norway_007329,D00,0.021508,False
YOLO11n,Norway__Norway_007355,D00,0.008107,True
YOLO11n,Norway__Norway_007356,D00,0.003143,False
YOLO11n,Norway__Norway_007356,D00,0.006177,False
YOLO11n,Norway__Norway_007372,D00,0.006658,True
YOLO11n,Norway__Norway_007372,D00,0.003946,True
YOLO11n,Norway__Norway_007372,D00,0.000207,False
YOLO11n,Norway__Norway_007372,D00,0.009109,True
YOLO11n,Norway__Norway_007372,D10,0.001006,False
YOLO11n,Norway__Norway_007372,D10,0.002295,False
YOLO11n,Norway__Norway_007372,D10,0.000698,False
YOLO11n,Norway__Norway_007372,D00,0.004087,True
YOLO11n,Norway__Norway_007398,D00,0.000233,False
YOLO11n,Norway__Norway_007398,D00,0.002541,True
YOLO11n,Norway__Norway_007417,D00,0.008518,True
YOLO11n,Norway__Norway_007417,D00,0.007306,False
YOLO11n,Norway__Norway_007417,D00,0.002284,False
YOLO11n,Norway__Norway_007428,D00,0.005315,False
YOLO11n,Norway__Norway_007428,D00,0.001603,True
YOLO11n,Norway__Norway_007428,D00,0.00018,False
YOLO11n,Norway__Norway_007428,D00,0.003667,False
YOLO11n,Norway__Norway_007428,D10,0.006447,False
YOLO11n,Norway__Norway_007428,D00,0.000106,False
YOLO11n,Norway__Norway_007428,D10,0.009835,False
YOLO11n,Norway__Norway_007497,D10,0.005057,False
YOLO11n,Norway__Norway_007498,D20,0.113297,True
YOLO11n,Norway__Norway_007498,D20,0.00713,False
YOLO11n,Norway__Norway_007520,D20,0.003207,False
YOLO11n,Norway__Norway_007520,D10,0.002004,False
YOLO11n,Norway__Norway_007520,D00,0.01367,False
YOLO11n,Norway__Norway_007520,D10,0.004673,False
YOLO11n,Norway__Norway_007520,D10,0.003432,False
YOLO11n,Norway__Norway_007520,D00,0.001254,False
YOLO11n,Norway__Norway_007520,D00,0.030237,False
YOLO11n,Norway__Norway_007520,D20,0.001781,False
YOLO11n,Norway__Norway_007520,D20,0.003511,False
YOLO11n,Norway__Norway_007520,D20,0.003239,False
YOLO11n,Norway__Norway_007520,D00,0.005398,False
YOLO11n,Norway__Norway_007535,D00,0.001981,False
YOLO11n,Norway__Norway_007535,D20,0.00882,False
YOLO11n,Norway__Norway_007540,D40,7.4e-05,False
YOLO11n,Norway__Norway_007540,D40,0.000175,False
YOLO11n,Norway__Norway_007540,D40,0.000224,False
YOLO11n,Norway__Norway_007540,D40,2.9e-05,False
YOLO11n,Norway__Norway_007540,D40,0.000272,False
YOLO11n,Norway__Norway_007586,D00,0.044046,True
YOLO11n,Norway__Norway_007589,D00,0.034301,True
YOLO11n,Norway__Norway_007589,D00,0.002475,False
YOLO11n,Norway__Norway_007589,D00,0.000831,False
YOLO11n,Norway__Norway_007634,D00,0.005046,False
YOLO11n,Norway__Norway_007634,D00,0.009423,False
YOLO11n,Norway__Norway_007634,D10,0.000812,False
YOLO11n,Norway__Norway_007659,D00,0.002833,False
YOLO11n,Norway__Norway_007659,D10,0.055332,True
YOLO11n,Norway__Norway_007659,D00,0.004038,False
YOLO11n,Norway__Norway_007659,D00,0.005035,False
YOLO11n,Norway__Norway_007659,D00,0.001443,False
YOLO11n,Norway__Norway_007680,D10,0.000291,False
YOLO11n,Norway__Norway_007680,D00,0.001139,False
YOLO11n,Norway__Norway_007680,D00,0.000278,False
YOLO11n,Norway__Norway_007680,D00,0.000111,False
YOLO11n,Norway__Norway_007680,D00,0.000149,False
YOLO11n,Norway__Norway_007680,D00,0.02181,False
YOLO11n,Norway__Norway_007680,D00,0.000512,False
YOLO11n,Norway__Norway_007704,D00,0.006843,True
YOLO11n,Norway__Norway_007704,D00,0.050818,True
YOLO11n,Norway__Norway_007707,D40,0.004259,False
YOLO11n,Norway__Norway_007718,D00,2.9e-05,False
YOLO11n,Norway__Norway_007718,D10,0.000149,False
YOLO11n,Norway__Norway_007718,D00,0.003762,False
YOLO11n,Norway__Norway_007718,D00,0.000243,False
YOLO11n,Norway__Norway_007718,D00,0.032371,True
YOLO11n,Norway__Norway_007718,D00,0.005228,False
YOLO11n,Norway__Norway_007718,D00,3.4e-05,False
YOLO11n,Norway__Norway_007718,D00,9.4e-05,False
YOLO11n,Norway__Norway_007718,D00,0.001546,True
YOLO11n,Norway__Norway_007718,D00,0.000242,False
YOLO11n,Norway__Norway_007718,D00,0.017813,False
YOLO11n,Norway__Norway_007747,D10,0.007329,False
YOLO11n,Norway__Norway_007747,D10,0.004526,False
YOLO11n,Norway__Norway_007747,D00,0.000783,False
YOLO11n,Norway__Norway_007780,D00,0.061212,True
YOLO11n,Norway__Norway_007780,D00,0.003023,False
YOLO11n,Norway__Norway_007780,D00,0.011893,False
YOLO11n,Norway__Norway_007799,D00,0.03076,True
YOLO11n,Norway__Norway_007799,D10,0.000866,False
YOLO11n,Norway__Norway_007799,D00,0.005142,True
YOLO11n,Norway__Norway_007799,D10,0.003717,False
YOLO11n,Norway__Norway_007799,D40,0.001339,False
YOLO11n,Norway__Norway_007799,D00,0.010593,False
YOLO11n,Norway__Norway_007799,D00,0.005112,False
YOLO11n,Norway__Norway_007799,D00,0.00438,False
YOLO11n,Norway__Norway_007799,D10,0.000547,False
YOLO11n,Norway__Norway_007799,D00,0.000875,False
YOLO11n,Norway__Norway_007799,D00,0.007343,False
YOLO11n,Norway__Norway_007799,D00,0.004877,False
YOLO11n,Norway__Norway_007799,D00,0.004013,True
YOLO11n,Norway__Norway_007799,D00,0.001406,False
YOLO11n,Norway__Norway_007799,D00,0.000945,False
YOLO11n,Norway__Norway_007799,D00,0.001217,False
YOLO11n,Norway__Norway_007799,D00,0.000756,True
YOLO11n,Norway__Norway_007799,D00,0.002089,False
YOLO11n,Norway__Norway_007812,D00,0.006261,False
YOLO11n,Norway__Norway_007812,D00,0.010875,False
YOLO11n,Norway__Norway_007824,D40,0.001177,True
YOLO11n,Norway__Norway_007832,D00,0.020715,False
YOLO11n,Norway__Norway_007834,D00,0.000363,False
YOLO11n,Norway__Norway_007834,D10,0.002457,False
YOLO11n,Norway__Norway_007834,D00,0.001348,False
YOLO11n,Norway__Norway_007861,D00,0.005633,False
YOLO11n,Norway__Norway_007861,D00,0.001995,False
YOLO11n,Norway__Norway_007902,D00,0.003285,False
YOLO11n,Norway__Norway_007902,D00,2.7e-05,False
YOLO11n,Norway__Norway_007931,D10,0.001533,False
YOLO11n,Norway__Norway_007940,D00,0.01498,True
YOLO11n,Norway__Norway_007965,D10,0.03025,False
YOLO11n,Norway__Norway_007965,D00,0.00701,False
YOLO11n,Norway__Norway_007965,D10,0.006535,False
YOLO11n,Norway__Norway_007965,D00,0.000687,False
YOLO11n,Norway__Norway_007965,D10,0.01318,False
YOLO11n,Norway__Norway_007965,D20,0.008725,True
YOLO11n,Norway__Norway_007965,D00,0.00042,False
YOLO11n,Norway__Norway_007965,D00,0.000486,False
YOLO11n,Norway__Norway_007965,D00,0.0074,True
YOLO11n,Norway__Norway_007970,D40,0.001333,False
YOLO11n,Norway__Norway_007970,D00,0.060088,False
YOLO11n,Norway__Norway_007970,D40,0.000684,False
YOLO11n,Norway__Norway_007981,D00,0.003959,False
YOLO11n,Norway__Norway_007982,D10,0.005275,False
YOLO11n,Norway__Norway_007982,D00,0.002846,True
YOLO11n,Norway__Norway_007982,D10,0.004195,True
YOLO11n,Norway__Norway_007982,D00,0.009329,True
YOLO11n,Norway__Norway_007982,D00,0.004685,True
YOLO11n,Norway__Norway_007999,D00,0.000416,False
YOLO11n,Norway__Norway_008000,D00,0.004997,True
YOLO11n,Norway__Norway_008000,D00,0.020434,False
YOLO11n,Norway__Norway_008007,D00,0.020707,False
YOLO11n,Norway__Norway_008007,D00,0.004269,False
YOLO11n,Norway__Norway_008036,D00,0.008336,False
YOLO11n,Norway__Norway_008100,D00,0.005881,False
YOLO11n,Norway__Norway_008100,D10,0.000704,False
YOLO11n,Norway__Norway_008100,D00,0.000243,False
YOLO11n,Norway__Norway_008100,D00,0.009161,False
YOLO11n,Norway__Norway_008100,D00,0.004273,False
YOLO11n,Norway__Norway_008100,D20,0.007691,False
YOLO11n,Norway__Norway_008100,D00,0.000168,False
YOLO11n,Norway__Norway_008100,D20,0.085807,False
YOLO11n,Norway__Norway_008137,D00,0.001978,True
YOLO11n,Norway__Norway_008137,D40,0.004491,False
YOLO11n,Norway__Norway_008137,D00,0.011207,False
YOLO11n,Norway__Norway_008146,D00,0.000986,False
YOLO11n,Norway__Norway_008156,D00,0.058365,True
YOLO11n,Norway__Norway_008156,D00,0.000153,False
YOLO11n,Norway__Norway_008156,D00,0.000349,False
YOLO11n,Norway__Norway_008156,D00,0.001199,False
YOLO11n,United_States__United_States_000005,D00,0.010352,True
YOLO11n,United_States__United_States_000009,D00,0.027224,True
YOLO11n,United_States__United_States_000022,D00,0.022148,False
YOLO11n,United_States__United_States_000022,D10,0.010596,True
YOLO11n,United_States__United_States_000022,D10,0.014492,True
YOLO11n,United_States__United_States_000023,D00,0.026211,True
YOLO11n,United_States__United_States_000028,D10,0.007024,False
YOLO11n,United_States__United_States_000028,D10,0.003779,True
YOLO11n,United_States__United_States_000031,D00,0.047659,True
YOLO11n,United_States__United_States_000031,D00,0.045183,True
YOLO11n,United_States__United_States_000031,D10,0.039102,True
YOLO11n,United_States__United_States_000043,D00,0.019043,True
YOLO11n,United_States__United_States_000043,D20,0.048679,False
YOLO11n,United_States__United_States_000043,D00,0.005298,False
YOLO11n,United_States__United_States_000046,D10,0.004482,False
YOLO11n,United_States__United_States_000046,D00,0.089705,False
YOLO11n,United_States__United_States_000052,D10,0.05167,True
YOLO11n,United_States__United_States_000061,D00,0.083789,True
YOLO11n,United_States__United_States_000061,D00,0.011387,True
YOLO11n,United_States__United_States_000062,D40,0.002461,False
YOLO11n,United_States__United_States_000062,D00,0.060166,False
YOLO11n,United_States__United_States_000062,D10,0.059678,False
YOLO11n,United_States__United_States_000062,D10,0.012061,True
YOLO11n,United_States__United_States_000078,D00,0.023359,True
YOLO11n,United_States__United_States_000100,D10,0.004604,True
YOLO11n,United_States__United_States_000100,D00,0.0154,True
YOLO11n,United_States__United_States_000100,D00,0.003633,False
YOLO11n,United_States__United_States_000100,D10,0.017717,False
YOLO11n,United_States__United_States_000102,D40,0.000937,False
YOLO11n,United_States__United_States_000103,D00,0.018914,True
YOLO11n,United_States__United_States_000107,D00,0.04166,True
YOLO11n,United_States__United_States_000107,D00,0.004268,True
YOLO11n,United_States__United_States_000107,D10,0.004871,True
YOLO11n,United_States__United_States_000107,D00,0.009346,True
YOLO11n,United_States__United_States_000107,D00,0.005938,True
YOLO11n,United_States__United_States_000110,D00,0.015469,True
YOLO11n,United_States__United_States_000125,D00,0.108281,True
YOLO11n,United_States__United_States_000127,D10,0.012305,True
YOLO11n,United_States__United_States_000127,D10,0.02168,False
YOLO11n,United_States__United_States_000127,D10,0.009844,False
YOLO11n,United_States__United_States_000129,D00,0.011074,True
YOLO11n,United_States__United_States_000129,D10,0.003845,False
YOLO11n,United_States__United_States_000132,D00,0.027676,True
YOLO11n,United_States__United_States_000158,D00,0.009575,False
YOLO11n,United_States__United_States_000158,D00,0.006504,False
YOLO11n,United_States__United_States_000158,D10,0.0105,True
YOLO11n,United_States__United_States_000171,D00,0.010313,True
YOLO11n,United_States__United_States_000171,D00,0.004268,True
YOLO11n,United_States__United_States_000180,D00,0.051797,True
YOLO11n,United_States__United_States_000180,D10,0.031978,True
YOLO11n,United_States__United_States_000180,D10,0.02625,True
YOLO11n,United_States__United_States_000180,D10,0.006201,True
YOLO11n,United_States__United_States_000180,D00,0.104556,True
YOLO11n,United_States__United_States_000191,D00,0.011829,False
YOLO11n,United_States__United_States_000191,D00,0.019739,True
YOLO11n,United_States__United_States_000191,D10,0.054463,False
YOLO11n,United_States__United_States_000194,D20,0.21499,True
YOLO11n,United_States__United_States_000197,D00,0.009045,True
YOLO11n,United_States__United_States_000197,D10,0.053442,True
YOLO11n,United_States__United_States_000198,D00,0.013235,True
YOLO11n,United_States__United_States_000198,D00,0.014832,False
YOLO11n,United_States__United_States_000198,D10,0.017603,False
YOLO11n,United_States__United_States_000202,D00,0.013477,True
YOLO11n,United_States__United_States_000203,D00,0.012246,True
YOLO11n,United_States__United_States_000211,D10,0.027852,False
YOLO11n,United_States__United_States_000211,D00,0.0579,False
YOLO11n,United_States__United_States_000213,D00,0.015139,False
YOLO11n,United_States__United_States_000213,D10,0.005273,False
YOLO11n,United_States__United_States_000213,D10,0.062402,True
YOLO11n,United_States__United_States_000213,D10,0.01136,False
YOLO11n,United_States__United_States_000214,D00,0.031172,False
YOLO11n,United_States__United_States_000214,D10,0.008438,False
YOLO11n,United_States__United_States_000214,D00,0.011143,False
YOLO11n,United_States__United_States_000219,D10,0.011733,True
YOLO11n,United_States__United_States_000219,D10,0.006064,True
YOLO11n,United_States__United_States_000219,D00,0.002739,True
YOLO11n,United_States__United_States_000219,D00,0.041426,True
YOLO11n,United_States__United_States_000227,D00,0.060398,True
YOLO11n,United_States__United_States_000227,D00,0.061245,False
YOLO11n,United_States__United_States_000234,D20,0.081123,True
YOLO11n,United_States__United_States_000255,D00,0.013477,True
YOLO11n,United_States__United_States_000255,D00,0.024844,True
YOLO11n,United_States__United_States_000263,D00,0.007656,True
YOLO11n,United_States__United_States_000263,D00,0.033027,True
YOLO11n,United_States__United_States_000263,D10,0.009023,True
YOLO11n,United_States__United_States_000263,D10,0.015029,False
YOLO11n,United_States__United_States_000279,D00,0.0029,True
YOLO11n,United_States__United_States_000279,D00,0.008467,True
YOLO11n,United_States__United_States_000279,D00,0.027754,True
YOLO11n,United_States__United_States_000279,D10,0.0224,True
YOLO11n,United_States__United_States_000281,D00,0.002505,True
YOLO11n,United_States__United_States_000281,D10,0.012246,False
YOLO11n,United_States__United_States_000281,D10,0.026367,True
YOLO11n,United_States__United_States_000285,D00,0.01752,False
YOLO11n,United_States__United_States_000294,D00,0.006445,False
YOLO11n,United_States__United_States_000294,D00,0.027178,True
YOLO11n,United_States__United_States_000302,D00,0.023408,True
YOLO11n,United_States__United_States_000302,D00,0.008213,True
YOLO11n,United_States__United_States_000302,D00,0.002344,True
YOLO11n,United_States__United_States_000319,D00,0.023203,True
YOLO11n,United_States__United_States_000319,D00,0.004731,True
YOLO11n,United_States__United_States_000319,D00,0.068701,True
YOLO11n,United_States__United_States_000319,D00,0.031821,True
YOLO11n,United_States__United_States_000325,D20,0.126328,True
YOLO11n,United_States__United_States_000343,D00,0.002246,False
YOLO11n,United_States__United_States_000343,D00,0.014558,True
YOLO11n,United_States__United_States_000343,D00,0.017578,True
YOLO11n,United_States__United_States_000349,D00,0.003301,False
YOLO11n,United_States__United_States_000349,D00,0.018799,False
YOLO11n,United_States__United_States_000349,D10,0.007974,True
YOLO11n,United_States__United_States_000349,D00,0.01207,False
YOLO11n,United_States__United_States_000350,D00,0.030752,True
YOLO11n,United_States__United_States_000353,D00,0.033875,True
YOLO11n,United_States__United_States_000353,D20,0.010393,False
YOLO11n,United_States__United_States_000358,D00,0.032388,True
YOLO11n,United_States__United_States_000358,D10,0.01437,True
YOLO11n,United_States__United_States_000358,D20,0.087656,False
YOLO11n,United_States__United_States_000370,D10,0.008535,False
YOLO11n,United_States__United_States_000370,D10,0.001743,False
YOLO11n,United_States__United_States_000370,D20,0.023101,False
YOLO11n,United_States__United_States_000370,D00,0.01105,True
YOLO11n,United_States__United_States_000370,D00,0.014194,True
YOLO11n,United_States__United_States_000371,D00,0.010937,False
YOLO11n,United_States__United_States_000371,D00,0.009668,False
YOLO11n,United_States__United_States_000371,D10,0.029219,False
YOLO11n,United_States__United_States_000372,D20,0.126436,True
YOLO11n,United_States__United_States_000372,D10,0.029609,False
YOLO11n,United_States__United_States_000374,D00,0.015742,True
YOLO11n,United_States__United_States_000375,D10,0.010762,True
YOLO11n,United_States__United_States_000375,D10,0.006042,False
YOLO11n,United_States__United_States_000375,D10,0.003438,False
YOLO11n,United_States__United_States_000375,D10,0.007617,False
YOLO11n,United_States__United_States_000376,D10,0.008984,True
YOLO11n,United_States__United_States_000376,D00,0.036641,False
YOLO11n,United_States__United_States_000376,D00,0.032285,True
YOLO11n,United_States__United_States_000376,D00,0.013672,True
YOLO11n,United_States__United_States_000376,D00,0.012163,False
YOLO11n,United_States__United_States_000382,D00,0.016758,False
YOLO11n,United_States__United_States_000382,D20,0.01002,False
YOLO11n,United_States__United_States_000382,D00,0.033398,True
YOLO11n,United_States__United_States_000382,D00,0.050615,True
YOLO11n,United_States__United_States_000384,D10,0.062012,False
YOLO11n,United_States__United_States_000384,D00,0.180352,False
YOLO11n,United_States__United_States_000407,D00,0.005146,True
YOLO11n,United_States__United_States_000407,D10,0.015125,True
YOLO11n,United_States__United_States_000411,D00,0.02168,True
YOLO11n,United_States__United_States_000415,D10,0.003237,True
YOLO11n,United_States__United_States_000415,D10,0.031055,True
YOLO11n,United_States__United_States_000415,D10,0.003369,True
YOLO11n,United_States__United_States_000415,D00,0.020625,True
YOLO11n,United_States__United_States_000415,D10,0.042209,False
YOLO11n,United_States__United_States_000441,D00,0.036001,True
YOLO11n,United_States__United_States_000441,D00,0.028472,False
YOLO11n,United_States__United_States_000447,D00,0.008491,True
YOLO11n,United_States__United_States_000452,D00,0.008423,True
YOLO11n,United_States__United_States_000456,D00,0.02666,False
YOLO11n,United_States__United_States_000456,D10,0.050427,False
YOLO11n,United_States__United_States_000465,D10,0.002615,False
YOLO11n,United_States__United_States_000465,D10,0.003296,True
YOLO11n,United_States__United_States_000465,D00,0.001531,False
YOLO11n,United_States__United_States_000473,D20,0.087305,True
YOLO11n,United_States__United_States_000476,D20,0.084668,False
YOLO11n,United_States__United_States_000476,D00,0.025151,True
YOLO11n,United_States__United_States_000476,D00,0.026125,True
YOLO11n,United_States__United_States_000478,D00,0.056362,True
YOLO11n,United_States__United_States_000485,D00,0.027466,True
YOLO11n,United_States__United_States_000492,D10,0.006641,True
YOLO11n,United_States__United_States_000492,D00,0.040371,True
YOLO11n,United_States__United_States_000494,D00,0.012854,True
YOLO11n,United_States__United_States_000494,D10,0.012356,True
YOLO11n,United_States__United_States_000512,D00,0.002869,False
YOLO11n,United_States__United_States_000512,D00,0.021074,True
YOLO11n,United_States__United_States_000528,D10,0.007446,False
YOLO11n,United_States__United_States_000528,D00,0.003062,False
YOLO11n,United_States__United_States_000528,D10,0.00498,False
YOLO11n,United_States__United_States_000528,D00,0.006699,False
YOLO11n,United_States__United_States_000528,D10,0.00875,True
YOLO11n,United_States__United_States_000528,D00,0.018643,True
YOLO11n,United_States__United_States_000528,D00,0.023328,False
YOLO11n,United_States__United_States_000537,D10,0.02022,True
YOLO11n,United_States__United_States_000544,D10,0.033301,False
YOLO11n,United_States__United_States_000544,D00,0.00126,False
YOLO11n,United_States__United_States_000546,D00,0.004614,False
YOLO11n,United_States__United_States_000546,D00,0.007471,True
YOLO11n,United_States__United_States_000546,D00,0.026301,False
YOLO11n,United_States__United_States_000547,D00,0.077314,True
YOLO11n,United_States__United_States_000547,D10,0.016875,True
YOLO11n,United_States__United_States_000547,D00,0.015439,False
YOLO11n,United_States__United_States_000547,D00,0.017725,False
YOLO11n,United_States__United_States_000547,D00,0.005505,False
YOLO11n,United_States__United_States_000547,D00,0.001702,True
YOLO11n,United_States__United_States_000547,D10,0.016492,False
YOLO11n,United_States__United_States_000547,D10,0.008203,True
YOLO11n,United_States__United_States_000560,D00,0.083555,True
YOLO11n,United_States__United_States_000560,D10,0.01375,True
YOLO11n,United_States__United_States_000560,D10,0.007998,True
YOLO11n,United_States__United_States_000560,D00,0.050859,True
YOLO11n,United_States__United_States_000560,D00,0.011125,False
YOLO11n,United_States__United_States_000563,D00,0.005288,False
YOLO11n,United_States__United_States_000563,D00,0.004219,False
YOLO11n,United_States__United_States_000569,D10,0.015415,False
YOLO11n,United_States__United_States_000569,D10,0.012598,False
YOLO11n,United_States__United_States_000570,D00,0.002153,True
YOLO11n,United_States__United_States_000570,D10,0.001318,False
YOLO11n,United_States__United_States_000570,D00,0.003691,True
YOLO11n,United_States__United_States_000570,D00,0.005239,True
YOLO11n,United_States__United_States_000572,D10,0.060908,True
YOLO11n,United_States__United_States_000572,D00,0.020391,True
YOLO11n,United_States__United_States_000572,D00,0.044751,True
YOLO11n,United_States__United_States_000594,D10,0.101265,True
YOLO11n,United_States__United_States_000594,D00,0.025293,True
YOLO11n,United_States__United_States_000594,D00,0.063562,True
YOLO11n,United_States__United_States_000594,D10,0.004666,False
YOLO11n,United_States__United_States_000597,D00,0.036182,False
YOLO11n,United_States__United_States_000598,D00,0.016895,True
YOLO11n,United_States__United_States_000598,D00,0.002539,False
YOLO11n,United_States__United_States_000598,D10,0.003403,True
YOLO11n,United_States__United_States_000598,D00,0.139717,False
YOLO11n,United_States__United_States_000598,D10,0.006885,False
YOLO11n,United_States__United_States_000598,D10,0.007886,True
YOLO11n,United_States__United_States_000602,D00,0.012812,True
YOLO11n,United_States__United_States_000602,D10,0.014272,False
YOLO11n,United_States__United_States_000602,D00,0.013906,False
YOLO11n,United_States__United_States_000613,D00,0.008818,True
YOLO11n,United_States__United_States_000633,D00,0.014932,False
YOLO11n,United_States__United_States_000634,D00,0.006328,True
YOLO11n,United_States__United_States_000634,D10,0.091421,True
YOLO11n,United_States__United_States_000637,D10,0.005801,False
YOLO11n,United_States__United_States_000637,D10,0.0073,False
YOLO11n,United_States__United_States_000637,D20,0.374414,True
YOLO11n,United_States__United_States_000642,D10,0.036714,False
YOLO11n,United_States__United_States_000642,D00,0.011621,False
YOLO11n,United_States__United_States_000642,D00,0.039053,False
YOLO11n,United_States__United_States_000643,D10,0.015198,True
YOLO11n,United_States__United_States_000643,D00,0.026914,False
YOLO11n,United_States__United_States_000644,D10,0.006819,True
YOLO11n,United_States__United_States_000644,D00,0.051543,True
YOLO11n,United_States__United_States_000648,D00,0.015278,False
YOLO11n,United_States__United_States_000658,D00,0.006514,True
YOLO11n,United_States__United_States_000658,D00,0.026406,True
YOLO11n,United_States__United_States_000661,D10,0.010376,True
YOLO11n,United_States__United_States_000661,D00,0.009814,True
YOLO11n,United_States__United_States_000661,D20,0.116963,False
YOLO11n,United_States__United_States_000661,D00,0.008887,False
YOLO11n,United_States__United_States_000661,D00,0.086914,True
YOLO11n,United_States__United_States_000661,D10,0.003779,False
YOLO11n,United_States__United_States_000661,D00,0.015615,False
YOLO11n,United_States__United_States_000668,D10,0.012939,True
YOLO11n,United_States__United_States_000672,D00,0.003906,True
YOLO11n,United_States__United_States_000672,D20,0.020366,False
YOLO11n,United_States__United_States_000672,D00,0.079912,True
YOLO11n,United_States__United_States_000674,D10,0.00832,False
YOLO11n,United_States__United_States_000674,D00,0.004648,False
YOLO11n,United_States__United_States_000684,D40,0.006094,False
YOLO11n,United_States__United_States_000684,D00,0.12041,True
YOLO11n,United_States__United_States_000684,D20,0.023223,False
YOLO11n,United_States__United_States_000684,D00,0.015308,True
YOLO11n,United_States__United_States_000685,D00,0.059561,True
YOLO11n,United_States__United_States_000685,D00,0.008909,False
YOLO11n,United_States__United_States_000685,D10,0.014687,False
YOLO11n,United_States__United_States_000685,D00,0.012422,False
YOLO11n,United_States__United_States_000692,D00,0.015586,False
YOLO11n,United_States__United_States_000692,D20,0.055781,False
YOLO11n,United_States__United_States_000692,D00,0.047725,True
YOLO11n,United_States__United_States_000708,D20,0.07875,True
YOLO11n,United_States__United_States_000709,D00,0.062588,True
YOLO11n,United_States__United_States_000709,D00,0.052812,True
YOLO11n,United_States__United_States_000710,D00,0.026396,True
YOLO11n,United_States__United_States_000711,D00,0.029668,False
YOLO11n,United_States__United_States_000711,D00,0.011484,True
YOLO11n,United_States__United_States_000711,D00,0.012695,True
YOLO11n,United_States__United_States_000711,D00,0.104844,True
YOLO11n,United_States__United_States_000711,D00,0.038672,True
YOLO11n,United_States__United_States_000713,D00,0.010803,True
YOLO11n,United_States__United_States_000713,D00,0.002881,True
YOLO11n,United_States__United_States_000713,D00,0.037563,True
YOLO11n,United_States__United_States_000725,D00,0.057422,False
YOLO11n,United_States__United_States_000725,D10,0.020166,True
YOLO11n,United_States__United_States_000728,D00,0.049839,True
YOLO11n,United_States__United_States_000733,D00,0.085693,True
YOLO11n,United_States__United_States_000733,D10,0.006355,False
YOLO11n,United_States__United_States_000739,D10,0.012185,True
YOLO11n,United_States__United_States_000739,D00,0.001953,True
YOLO11n,United_States__United_States_000739,D40,0.000752,False
YOLO11n,United_States__United_States_000739,D00,0.019336,False
YOLO11n,United_States__United_States_000741,D00,0.045703,True
YOLO11n,United_States__United_States_000741,D00,0.050256,False
YOLO11n,United_States__United_States_000741,D00,0.090967,False
YOLO11n,United_States__United_States_000741,D00,0.031421,False
YOLO11n,United_States__United_States_000743,D10,0.037395,True
YOLO11n,United_States__United_States_000743,D10,0.014194,False
YOLO11n,United_States__United_States_000745,D00,0.003633,False
YOLO11n,United_States__United_States_000745,D00,0.048984,True
YOLO11n,United_States__United_States_000746,D00,0.017217,True
YOLO11n,United_States__United_States_000746,D10,0.004443,False
YOLO11n,United_States__United_States_000749,D00,0.061938,True
YOLO11n,United_States__United_States_000749,D10,0.05085,True
YOLO11n,United_States__United_States_000751,D00,0.049307,True
YOLO11n,United_States__United_States_000751,D00,0.106128,True
YOLO11n,United_States__United_States_000751,D00,0.044409,True
YOLO11n,United_States__United_States_000755,D00,0.004717,False
YOLO11n,United_States__United_States_000755,D00,0.024199,True
YOLO11n,United_States__United_States_000763,D00,0.009844,False
YOLO11n,United_States__United_States_000763,D20,0.004189,False
YOLO11n,United_States__United_States_000763,D20,0.111211,True
YOLO11n,United_States__United_States_000765,D00,0.069487,True
YOLO11n,United_States__United_States_000765,D10,0.016992,True
YOLO11n,United_States__United_States_000765,D00,0.036738,False
YOLO11n,United_States__United_States_000765,D10,0.019316,False
YOLO11n,United_States__United_States_000771,D00,0.01998,True
YOLO11n,United_States__United_States_000771,D00,0.028457,False
YOLO11n,United_States__United_States_000774,D00,0.018809,True
YOLO11n,United_States__United_States_000776,D10,0.019094,False
YOLO11n,United_States__United_States_000776,D00,0.083105,False
YOLO11n,United_States__United_States_000792,D10,0.054905,True
YOLO11n,United_States__United_States_000792,D10,0.025791,False
YOLO11n,United_States__United_States_000792,D10,0.00998,False
YOLO11n,United_States__United_States_000792,D00,0.039609,False
YOLO11n,United_States__United_States_000794,D00,0.047852,True
YOLO11n,United_States__United_States_000796,D00,0.011875,True
YOLO11n,United_States__United_States_000803,D10,0.037397,True
YOLO11n,United_States__United_States_000805,D00,0.017671,True
YOLO11n,United_States__United_States_000805,D00,0.060154,False
YOLO11n,United_States__United_States_000805,D00,0.005562,True
YOLO11n,United_States__United_States_000806,D00,0.010557,False
YOLO11n,United_States__United_States_000806,D00,0.027642,True
YOLO11n,United_States__United_States_000818,D20,0.010947,False
YOLO11n,United_States__United_States_000818,D10,0.007627,True
YOLO11n,United_States__United_States_000828,D00,0.002319,True
YOLO11n,United_States__United_States_000831,D00,0.025654,True
YOLO11n,United_States__United_States_000835,D00,0.016934,True
YOLO11n,United_States__United_States_000835,D00,0.004731,True
YOLO11n,United_States__United_States_000846,D10,0.004199,True
YOLO11n,United_States__United_States_000860,D00,0.019688,True
YOLO11n,United_States__United_States_000871,D00,0.06542,True
YOLO11n,United_States__United_States_000871,D00,0.026025,True
YOLO11n,United_States__United_States_000879,D00,0.009973,False
YOLO11n,United_States__United_States_000879,D00,0.016545,True
YOLO11n,United_States__United_States_000879,D10,0.038013,False
YOLO11n,United_States__United_States_000883,D00,0.013647,True
YOLO11n,United_States__United_States_000883,D10,0.009609,True
YOLO11n,United_States__United_States_000883,D00,0.004604,False
YOLO11n,United_States__United_States_000883,D00,0.029883,False
YOLO11n,United_States__United_States_000887,D00,0.001702,False
YOLO11n,United_States__United_States_000903,D10,0.002539,False
YOLO11n,United_States__United_States_000903,D00,0.053701,True
YOLO11n,United_States__United_States_000905,D00,0.030339,False
YOLO11n,United_States__United_States_000905,D10,0.036499,True
YOLO11n,United_States__United_States_000905,D00,0.065229,False
YOLO11n,United_States__United_States_000905,D00,0.106392,False
YOLO11n,United_States__United_States_000905,D00,0.017407,False
YOLO11n,United_States__United_States_000928,D00,0.00613,False
YOLO11n,United_States__United_States_000928,D00,0.045869,True
YOLO11n,United_States__United_States_000928,D00,0.017646,True
YOLO11n,United_States__United_States_000928,D10,0.02054,False
YOLO11n,United_States__United_States_000934,D10,0.005425,True
YOLO11n,United_States__United_States_000941,D10,0.005127,True
YOLO11n,United_States__United_States_000941,D00,0.041733,False
YOLO11n,United_States__United_States_000958,D00,0.073008,True
YOLO11n,United_States__United_States_000963,D00,0.079956,True
YOLO11n,United_States__United_States_000963,D10,0.018662,False
YOLO11n,United_States__United_States_000963,D00,0.071587,True
YOLO11n,United_States__United_States_000963,D00,0.037009,False
YOLO11n,United_States__United_States_000963,D10,0.011108,False
YOLO11n,United_States__United_States_000971,D00,0.00376,True
YOLO11n,United_States__United_States_000971,D00,0.012085,False
YOLO11n,United_States__United_States_000994,D00,0.071094,True
YOLO11n,United_States__United_States_000994,D10,0.015771,False
YOLO11n,United_States__United_States_001010,D00,0.019824,True
YOLO11n,United_States__United_States_001025,D00,0.040356,True
YOLO11n,United_States__United_States_001034,D00,0.101514,False
YOLO11n,United_States__United_States_001034,D00,0.011682,False
YOLO11n,United_States__United_States_001034,D00,0.038203,True
YOLO11n,United_States__United_States_001034,D00,0.071145,True
YOLO11n,United_States__United_States_001034,D10,0.006514,False
YOLO11n,United_States__United_States_001034,D00,0.056221,True
YOLO11n,United_States__United_States_001041,D00,0.022812,False
YOLO11n,United_States__United_States_001043,D00,0.081643,True
YOLO11n,United_States__United_States_001049,D10,0.00876,True
YOLO11n,United_States__United_States_001057,D00,0.002109,False
YOLO11n,United_States__United_States_001057,D10,0.015442,False
YOLO11n,United_States__United_States_001058,D00,0.008818,True
YOLO11n,United_States__United_States_001063,D10,0.016406,True
YOLO11n,United_States__United_States_001070,D20,0.242017,True
YOLO11n,United_States__United_States_001075,D10,0.074063,True
YOLO11n,United_States__United_States_001075,D00,0.004814,False
YOLO11n,United_States__United_States_001075,D00,0.006064,False
YOLO11n,United_States__United_States_001075,D00,0.014612,False
YOLO11n,United_States__United_States_001079,D00,0.053833,True
YOLO11n,United_States__United_States_001079,D10,0.009521,False
YOLO11n,United_States__United_States_001084,D00,0.002158,False
YOLO11n,United_States__United_States_001084,D00,0.00137,False
YOLO11n,United_States__United_States_001084,D00,0.009453,False
YOLO11n,United_States__United_States_001088,D00,0.101777,True
YOLO11n,United_States__United_States_001095,D10,0.008423,True
YOLO11n,United_States__United_States_001095,D00,0.018594,False
YOLO11n,United_States__United_States_001100,D10,0.004778,False
YOLO11n,United_States__United_States_001100,D10,0.005845,True
YOLO11n,United_States__United_States_001100,D00,0.022705,True
YOLO11n,United_States__United_States_001100,D20,0.029648,False
YOLO11n,United_States__United_States_001102,D00,0.033091,True
YOLO11n,United_States__United_States_001102,D10,0.022339,False
YOLO11n,United_States__United_States_001102,D00,0.017671,False
YOLO11n,United_States__United_States_001105,D00,0.007007,False
YOLO11n,United_States__United_States_001105,D00,0.028184,True
YOLO11n,United_States__United_States_001112,D00,0.044297,True
YOLO11n,United_States__United_States_001112,D00,0.002505,False
YOLO11n,United_States__United_States_001115,D00,0.065286,True
YOLO11n,United_States__United_States_001115,D00,0.116211,True
YOLO11n,United_States__United_States_001118,D00,0.065581,False
YOLO11n,United_States__United_States_001119,D10,0.023682,True
YOLO11n,United_States__United_States_001119,D10,0.007031,False
YOLO11n,United_States__United_States_001119,D00,0.031543,True
YOLO11n,United_States__United_States_001121,D20,0.301172,True
YOLO11n,United_States__United_States_001137,D00,0.010151,True
YOLO11n,United_States__United_States_001138,D00,0.014194,False
YOLO11n,United_States__United_States_001138,D10,0.00207,False
YOLO11n,United_States__United_States_001138,D00,0.024775,True
YOLO11n,United_States__United_States_001138,D00,0.007109,False
YOLO11n,United_States__United_States_001142,D20,0.169971,True
YOLO11n,United_States__United_States_001147,D10,0.00375,False
YOLO11n,United_States__United_States_001147,D20,0.023926,False
YOLO11n,United_States__United_States_001147,D10,0.004563,False
YOLO11n,United_States__United_States_001160,D00,0.042058,True
YOLO11n,United_States__United_States_001162,D20,0.037969,False
YOLO11n,United_States__United_States_001162,D00,0.0175,True
YOLO11n,United_States__United_States_001163,D20,0.062461,True
YOLO11n,United_States__United_States_001168,D00,0.021409,False
YOLO11n,United_States__United_States_001170,D00,0.056777,False
YOLO11n,United_States__United_States_001173,D10,0.020088,True
YOLO11n,United_States__United_States_001173,D10,0.00334,False
YOLO11n,United_States__United_States_001173,D10,0.006641,True
YOLO11n,United_States__United_States_001178,D00,0.007607,True
YOLO11n,United_States__United_States_001178,D00,0.051865,True
YOLO11n,United_States__United_States_001178,D00,0.074473,True
YOLO11n,United_States__United_States_001181,D00,0.01332,False
YOLO11n,United_States__United_States_001181,D00,0.019204,False
YOLO11n,United_States__United_States_001181,D00,0.011187,True
YOLO11n,United_States__United_States_001181,D10,0.003247,False
YOLO11n,United_States__United_States_001190,D00,0.020703,True
YOLO11n,United_States__United_States_001192,D20,0.083838,True
YOLO11n,United_States__United_States_001199,D20,0.145996,False
YOLO11n,United_States__United_States_001199,D00,0.007031,True
YOLO11n,United_States__United_States_001216,D10,0.005205,True
YOLO11n,United_States__United_States_001216,D10,0.00457,True
YOLO11n,United_States__United_States_001216,D20,0.179663,True
YOLO11n,United_States__United_States_001216,D10,0.012231,True
YOLO11n,United_States__United_States_001216,D00,0.053291,True
YOLO11n,United_States__United_States_001216,D00,0.002903,False
YOLO11n,United_States__United_States_001219,D00,0.014893,True
YOLO11n,United_States__United_States_001230,D00,0.00252,True
YOLO11n,United_States__United_States_001238,D10,0.002905,True
YOLO11n,United_States__United_States_001276,D00,0.020508,True
YOLO11n,United_States__United_States_001288,D10,0.06918,True
YOLO11n,United_States__United_States_001289,D10,0.028975,True
YOLO11n,United_States__United_States_001295,D00,0.029883,True
YOLO11n,United_States__United_States_001298,D00,0.033281,True
YOLO11n,United_States__United_States_001298,D00,0.004956,True
YOLO11n,United_States__United_States_001298,D10,0.057312,True
YOLO11n,United_States__United_States_001322,D10,0.065984,True
YOLO11n,United_States__United_States_001322,D00,0.08667,True
YOLO11n,United_States__United_States_001330,D10,0.001377,False
YOLO11n,United_States__United_States_001330,D10,0.005156,True
YOLO11n,United_States__United_States_001330,D00,0.004639,False
YOLO11n,United_States__United_States_001336,D00,0.0673,True
YOLO11n,United_States__United_States_001336,D10,0.030088,False
YOLO11n,United_States__United_States_001336,D00,0.016084,False
YOLO11n,United_States__United_States_001336,D00,0.053457,False
YOLO11n,United_States__United_States_001354,D10,0.033486,False
YOLO11n,United_States__United_States_001354,D10,0.004043,True
YOLO11n,United_States__United_States_001354,D00,0.032795,False
YOLO11n,United_States__United_States_001354,D00,0.003127,False
YOLO11n,United_States__United_States_001354,D00,0.016758,False
YOLO11n,United_States__United_States_001357,D10,0.006982,False
YOLO11n,United_States__United_States_001376,D00,0.010811,True
YOLO11n,United_States__United_States_001376,D00,0.003955,False
YOLO11n,United_States__United_States_001376,D10,0.032119,False
YOLO11n,United_States__United_States_001377,D00,0.01021,True
YOLO11n,United_States__United_States_001377,D10,0.009844,True
YOLO11n,United_States__United_States_001398,D00,0.00564,False
YOLO11n,United_States__United_States_001398,D10,0.00146,False
YOLO11n,United_States__United_States_001398,D00,0.004897,False
YOLO11n,United_States__United_States_001398,D20,0.052671,False
YOLO11n,United_States__United_States_001398,D00,0.023203,True
YOLO11n,United_States__United_States_001398,D00,0.070723,True
YOLO11n,United_States__United_States_001401,D00,0.002632,False
YOLO11n,United_States__United_States_001423,D00,0.004883,True
YOLO11n,United_States__United_States_001427,D10,0.00592,False
YOLO11n,United_States__United_States_001428,D10,0.001575,False
YOLO11n,United_States__United_States_001432,D00,0.065215,True
YOLO11n,United_States__United_States_001432,D10,0.021479,False
YOLO11n,United_States__United_States_001432,D00,0.003252,False
YOLO11n,United_States__United_States_001438,D00,0.023303,True
YOLO11n,United_States__United_States_001438,D00,0.037109,True
YOLO11n,United_States__United_States_001438,D10,0.018066,True
YOLO11n,United_States__United_States_001453,D10,0.033618,False
YOLO11n,United_States__United_States_001453,D00,0.04248,True
YOLO11n,United_States__United_States_001460,D00,0.015791,True
YOLO11n,United_States__United_States_001460,D10,0.024805,False
YOLO11n,United_States__United_States_001481,D10,0.020303,False
YOLO11n,United_States__United_States_001481,D00,0.011865,True
YOLO11n,United_States__United_States_001483,D00,0.01123,False
YOLO11n,United_States__United_States_001483,D00,0.027275,True
YOLO11n,United_States__United_States_001483,D10,0.006875,False
YOLO11n,United_States__United_States_001497,D00,0.012532,True
YOLO11n,United_States__United_States_001499,D00,0.007896,True
YOLO11n,United_States__United_States_001499,D00,0.002148,True
YOLO11n,United_States__United_States_001502,D00,0.043022,False
YOLO11n,United_States__United_States_001511,D10,0.00946,False
YOLO11n,United_States__United_States_001511,D00,0.020889,False
YOLO11n,United_States__United_States_001513,D00,0.010811,True
YOLO11n,United_States__United_States_001518,D00,0.001406,False
YOLO11n,United_States__United_States_001518,D10,0.003906,False
YOLO11n,United_States__United_States_001518,D00,0.025073,True
YOLO11n,United_States__United_States_001523,D10,0.031992,True
YOLO11n,United_States__United_States_001523,D10,0.009346,False
YOLO11n,United_States__United_States_001523,D00,0.046655,False
YOLO11n,United_States__United_States_001523,D00,0.037598,False
YOLO11n,United_States__United_States_001523,D10,0.006287,False
YOLO11n,United_States__United_States_001524,D10,0.016602,False
YOLO11n,United_States__United_States_001535,D00,0.017578,True
YOLO11n,United_States__United_States_001536,D00,0.018896,True
YOLO11n,United_States__United_States_001536,D00,0.013916,True
YOLO11n,United_States__United_States_001553,D00,0.004614,False
YOLO11n,United_States__United_States_001557,D10,0.005586,True
YOLO11n,United_States__United_States_001570,D10,0.003569,True
YOLO11n,United_States__United_States_001572,D00,0.023718,True
YOLO11n,United_States__United_States_001572,D00,0.005503,False
YOLO11n,United_States__United_States_001573,D00,0.090405,False
YOLO11n,United_States__United_States_001573,D00,0.046326,False
YOLO11n,United_States__United_States_001575,D10,0.114736,True
YOLO11n,United_States__United_States_001575,D00,0.016003,True
YOLO11n,United_States__United_States_001575,D10,0.003987,True
YOLO11n,United_States__United_States_001578,D10,0.005156,True
YOLO11n,United_States__United_States_001578,D10,0.006768,True
YOLO11n,United_States__United_States_001578,D10,0.010132,False
YOLO11n,United_States__United_States_001578,D00,0.000991,True
YOLO11n,United_States__United_States_001578,D10,0.006169,False
YOLO11n,United_States__United_States_001585,D20,0.154795,True
YOLO11n,United_States__United_States_001589,D00,0.009297,True
YOLO11n,United_States__United_States_001591,D00,0.01875,True
YOLO11n,United_States__United_States_001594,D00,0.059941,False
YOLO11n,United_States__United_States_001614,D10,0.008125,True
YOLO11n,United_States__United_States_001614,D10,0.006177,True
YOLO11n,United_States__United_States_001614,D00,0.021797,True
YOLO11n,United_States__United_States_001616,D10,0.005469,True
YOLO11n,United_States__United_States_001616,D20,0.061875,True
YOLO11n,United_States__United_States_001616,D10,0.014692,True
YOLO11n,United_States__United_States_001618,D00,0.033257,False
YOLO11n,United_States__United_States_001639,D00,0.085547,True
YOLO11n,United_States__United_States_001639,D00,0.022302,False
YOLO11n,United_States__United_States_001654,D00,0.060889,False
YOLO11n,United_States__United_States_001654,D10,0.054062,False
YOLO11n,United_States__United_States_001656,D00,0.034834,True
YOLO11n,United_States__United_States_001656,D00,0.036738,True
YOLO11n,United_States__United_States_001661,D00,0.06293,False
YOLO11n,United_States__United_States_001661,D00,0.040737,False
YOLO11n,United_States__United_States_001666,D00,0.009053,False
YOLO11n,United_States__United_States_001669,D10,0.063789,False
YOLO11n,United_States__United_States_001669,D00,0.038657,True
YOLO11n,United_States__United_States_001671,D00,0.012393,True
YOLO11n,United_States__United_States_001671,D00,0.013965,True
YOLO11n,United_States__United_States_001677,D00,0.004941,True
YOLO11n,United_States__United_States_001681,D10,0.012671,True
YOLO11n,United_States__United_States_001681,D10,0.008203,False
YOLO11n,United_States__United_States_001681,D00,0.052422,False
YOLO11n,United_States__United_States_001681,D20,0.174419,False
YOLO11n,United_States__United_States_001695,D00,0.003691,True
YOLO11n,United_States__United_States_001695,D00,0.072202,False
YOLO11n,United_States__United_States_001700,D00,0.094204,True
YOLO11n,United_States__United_States_001700,D00,0.118059,True
YOLO11n,United_States__United_States_001700,D10,0.008093,False
YOLO11n,United_States__United_States_001707,D00,0.08519,True
YOLO11n,United_States__United_States_001707,D00,0.061523,False
YOLO11n,United_States__United_States_001707,D10,0.004351,False
YOLO11n,United_States__United_States_001707,D10,0.002026,False
YOLO11n,United_States__United_States_001707,D10,0.008135,True
YOLO11n,United_States__United_States_001707,D10,0.017671,False
YOLO11n,United_States__United_States_001711,D10,0.031348,True
YOLO11n,United_States__United_States_001720,D20,0.298564,True
YOLO11n,United_States__United_States_001721,D10,0.025225,True
YOLO11n,United_States__United_States_001722,D00,0.067649,True
YOLO11n,United_States__United_States_001722,D00,0.023291,True
YOLO11n,United_States__United_States_001722,D10,0.010681,False
YOLO11n,United_States__United_States_001722,D10,0.011602,False
YOLO11n,United_States__United_States_001722,D10,0.008667,True
YOLO11n,United_States__United_States_001722,D10,0.003538,False
YOLO11n,United_States__United_States_001723,D10,0.012195,False
YOLO11n,United_States__United_States_001738,D00,0.037109,False
YOLO11n,United_States__United_States_001743,D00,0.012715,True
YOLO11n,United_States__United_States_001762,D00,0.00957,True
YOLO11n,United_States__United_States_001762,D00,0.009609,True
YOLO11n,United_States__United_States_001768,D10,0.010557,False
YOLO11n,United_States__United_States_001768,D00,0.017339,False
YOLO11n,United_States__United_States_001772,D10,0.040811,True
YOLO11n,United_States__United_States_001772,D00,0.015667,False
YOLO11n,United_States__United_States_001775,D10,0.015625,True
YOLO11n,United_States__United_States_001779,D00,0.029385,False
YOLO11n,United_States__United_States_001779,D20,0.144492,True
YOLO11n,United_States__United_States_001779,D00,0.029595,False
YOLO11n,United_States__United_States_001779,D10,0.006357,True
YOLO11n,United_States__United_States_001779,D00,0.09209,True
YOLO11n,United_States__United_States_001786,D00,0.072363,True
YOLO11n,United_States__United_States_001786,D10,0.022881,False
YOLO11n,United_States__United_States_001786,D10,0.007412,True
YOLO11n,United_States__United_States_001786,D00,0.006768,True
YOLO11n,United_States__United_States_001788,D00,0.090637,False
YOLO11n,United_States__United_States_001788,D10,0.010337,True
YOLO11n,United_States__United_States_001788,D10,0.008716,True
YOLO11n,United_States__United_States_001788,D10,0.010332,True
YOLO11n,United_States__United_States_001788,D10,0.0177,False
YOLO11n,United_States__United_States_001796,D10,0.008899,False
YOLO11n,United_States__United_States_001796,D00,0.002021,True
YOLO11n,United_States__United_States_001822,D00,0.023467,False
YOLO11n,United_States__United_States_001822,D00,0.065684,True
YOLO11n,United_States__United_States_001822,D10,0.014072,False
YOLO11n,United_States__United_States_001822,D00,0.022187,False
YOLO11n,United_States__United_States_001823,D10,0.017017,True
YOLO11n,United_States__United_States_001825,D10,0.020471,True
YOLO11n,United_States__United_States_001828,D00,0.014063,False
YOLO11n,United_States__United_States_001828,D00,0.01021,True
YOLO11n,United_States__United_States_001833,D00,0.023438,True
YOLO11n,United_States__United_States_001840,D00,0.008459,False
YOLO11n,United_States__United_States_001840,D00,0.047266,True
YOLO11n,United_States__United_States_001847,D10,0.005859,True
YOLO11n,United_States__United_States_001847,D00,0.037903,False
YOLO11n,United_States__United_States_001852,D10,0.082988,True
YOLO11n,United_States__United_States_001852,D10,0.012695,False
YOLO11n,United_States__United_States_001877,D00,0.002812,False
YOLO11n,United_States__United_States_001877,D00,0.008311,False
YOLO11n,United_States__United_States_001877,D00,0.132144,True
YOLO11n,United_States__United_States_001877,D00,0.007119,False
YOLO11n,United_States__United_States_001877,D00,0.002532,True
YOLO11n,United_States__United_States_001877,D00,0.000991,False
YOLO11n,United_States__United_States_001877,D00,0.001809,True
YOLO11n,United_States__United_States_001877,D10,0.009878,False
YOLO11n,United_States__United_States_001879,D10,0.004922,False
YOLO11n,United_States__United_States_001879,D20,0.021318,True
YOLO11n,United_States__United_States_001879,D20,0.069531,True
YOLO11n,United_States__United_States_001880,D00,0.005508,False
YOLO11n,United_States__United_States_001880,D10,0.038696,False
YOLO11n,United_States__United_States_001886,D00,0.065215,True
YOLO11n,United_States__United_States_001886,D10,0.012261,True
YOLO11n,United_States__United_States_001886,D20,0.054004,False
YOLO11n,United_States__United_States_001886,D10,0.007031,True
YOLO11n,United_States__United_States_001886,D00,0.003525,True
YOLO11n,United_States__United_States_001896,D20,0.099121,True
YOLO11n,United_States__United_States_001896,D00,0.005237,False
YOLO11n,United_States__United_States_001896,D00,0.043506,True
YOLO11n,United_States__United_States_001896,D20,0.032568,False
YOLO11n,United_States__United_States_001907,D00,0.029385,True
YOLO11n,United_States__United_States_001907,D10,0.034688,False
YOLO11n,United_States__United_States_001907,D10,0.008906,False
YOLO11n,United_States__United_States_001907,D10,0.014014,True
YOLO11n,United_States__United_States_001907,D00,0.044062,True
YOLO11n,United_States__United_States_001907,D10,0.002954,True
YOLO11n,United_States__United_States_001910,D00,0.026953,True
YOLO11n,United_States__United_States_001917,D10,0.022676,False
YOLO11n,United_States__United_States_001917,D10,0.024707,True
YOLO11n,United_States__United_States_001926,D10,0.001777,False
YOLO11n,United_States__United_States_001926,D00,0.014063,True
YOLO11n,United_States__United_States_001926,D00,0.001318,True
YOLO11n,United_States__United_States_001942,D00,0.003652,False
YOLO11n,United_States__United_States_001943,D00,0.043545,False
YOLO11n,United_States__United_States_001944,D00,0.017241,True
YOLO11n,United_States__United_States_001949,D00,0.009229,False
YOLO11n,United_States__United_States_001949,D00,0.001716,True
YOLO11n,United_States__United_States_001961,D00,0.109658,True
YOLO11n,United_States__United_States_001961,D10,0.081199,False
YOLO11n,United_States__United_States_001964,D00,0.005713,False
YOLO11n,United_States__United_States_001964,D00,0.012129,True
YOLO11n,United_States__United_States_001964,D00,0.032656,True
YOLO11n,United_States__United_States_001978,D00,0.038965,True
YOLO11n,United_States__United_States_001981,D00,0.073672,True
YOLO11n,United_States__United_States_001991,D00,0.054712,True
YOLO11n,United_States__United_States_001997,D00,0.060264,True
YOLO11n,United_States__United_States_001997,D00,0.012305,True
YOLO11n,United_States__United_States_001997,D10,0.00708,True
YOLO11n,United_States__United_States_002009,D10,0.071904,False
YOLO11n,United_States__United_States_002009,D00,0.0952,True
YOLO11n,United_States__United_States_002009,D00,0.008467,True
YOLO11n,United_States__United_States_002009,D00,0.018892,False
YOLO11n,United_States__United_States_002017,D00,0.10738,True
YOLO11n,United_States__United_States_002021,D00,0.073418,True
YOLO11n,United_States__United_States_002021,D00,0.027043,False
YOLO11n,United_States__United_States_002030,D00,0.090703,True
YOLO11n,United_States__United_States_002030,D00,0.010142,False
YOLO11n,United_States__United_States_002030,D20,0.048584,False
YOLO11n,United_States__United_States_002030,D10,0.014883,False
YOLO11n,United_States__United_States_002030,D10,0.009546,False
YOLO11n,United_States__United_States_002032,D20,0.067207,True
YOLO11n,United_States__United_States_002035,D20,0.335625,True
YOLO11n,United_States__United_States_002035,D40,0.001992,False
YOLO11n,United_States__United_States_002044,D00,0.035547,True
YOLO11n,United_States__United_States_002048,D00,0.040278,True
YOLO11n,United_States__United_States_002048,D10,0.004746,True
YOLO11n,United_States__United_States_002048,D00,0.064028,False
YOLO11n,United_States__United_States_002048,D10,0.009902,True
YOLO11n,United_States__United_States_002061,D00,0.00127,True
YOLO11n,United_States__United_States_002061,D00,0.008188,True
YOLO11n,United_States__United_States_002061,D10,0.019541,False
YOLO11n,United_States__United_States_002064,D00,0.074956,True
YOLO11n,United_States__United_States_002076,D00,0.081885,True
YOLO11n,United_States__United_States_002084,D00,0.018687,True
YOLO11n,United_States__United_States_002084,D00,0.003975,True
YOLO11n,United_States__United_States_002088,D00,0.003516,False
YOLO11n,United_States__United_States_002089,D10,0.009741,False
YOLO11n,United_States__United_States_002089,D00,0.009668,True
YOLO11n,United_States__United_States_002089,D10,0.005178,False
YOLO11n,United_States__United_States_002095,D00,0.02168,True
YOLO11n,United_States__United_States_002095,D00,0.050676,True
YOLO11n,United_States__United_States_002095,D00,0.026001,False
YOLO11n,United_States__United_States_002095,D00,0.042952,True
YOLO11n,United_States__United_States_002095,D10,0.03844,False
YOLO11n,United_States__United_States_002099,D10,0.113818,False
YOLO11n,United_States__United_States_002099,D00,0.027422,False
YOLO11n,United_States__United_States_002100,D10,0.005447,True
YOLO11n,United_States__United_States_002100,D20,0.004219,False
YOLO11n,United_States__United_States_002100,D10,0.009602,True
YOLO11n,United_States__United_States_002100,D10,0.01416,True
YOLO11n,United_States__United_States_002102,D20,0.015684,False
YOLO11n,United_States__United_States_002109,D00,0.006738,False
YOLO11n,United_States__United_States_002109,D00,0.01802,False
YOLO11n,United_States__United_States_002126,D10,0.045032,True
YOLO11n,United_States__United_States_002131,D10,0.006152,True
YOLO11n,United_States__United_States_002131,D00,0.036094,True
YOLO11n,United_States__United_States_002138,D00,0.000732,False
YOLO11n,United_States__United_States_002138,D00,0.025225,False
YOLO11n,United_States__United_States_002138,D00,0.014063,True
YOLO11n,United_States__United_States_002138,D00,0.024863,True
YOLO11n,United_States__United_States_002139,D00,0.001702,True
YOLO11n,United_States__United_States_002139,D10,0.010937,False
YOLO11n,United_States__United_States_002139,D00,0.027095,True
YOLO11n,United_States__United_States_002143,D00,0.005742,True
YOLO11n,United_States__United_States_002144,D00,0.019688,False
YOLO11n,United_States__United_States_002144,D20,0.035889,False
YOLO11n,United_States__United_States_002144,D00,0.170249,True
YOLO11n,United_States__United_States_002148,D00,0.080352,False
YOLO11n,United_States__United_States_002148,D10,0.006401,False
YOLO11n,United_States__United_States_002154,D10,0.054858,True
YOLO11n,United_States__United_States_002161,D10,0.013359,True
YOLO11n,United_States__United_States_002161,D10,0.005503,True
YOLO11n,United_States__United_States_002161,D10,0.008467,False
YOLO11n,United_States__United_States_002161,D10,0.002793,True
YOLO11n,United_States__United_States_002161,D00,0.056826,True
YOLO11n,United_States__United_States_002166,D10,0.004204,True
YOLO11n,United_States__United_States_002166,D00,0.030977,True
YOLO11n,United_States__United_States_002168,D00,0.070093,True
YOLO11n,United_States__United_States_002168,D00,0.012412,True
YOLO11n,United_States__United_States_002168,D00,0.08855,True
YOLO11n,United_States__United_States_002184,D10,0.011953,True
YOLO11n,United_States__United_States_002184,D10,0.007627,True
YOLO11n,United_States__United_States_002184,D00,0.023438,True
YOLO11n,United_States__United_States_002186,D00,0.004907,True
YOLO11n,United_States__United_States_002186,D00,0.006929,True
YOLO11n,United_States__United_States_002190,D00,0.002739,True
YOLO11n,United_States__United_States_002190,D00,0.004517,True
YOLO11n,United_States__United_States_002196,D20,0.026279,True
YOLO11n,United_States__United_States_002196,D20,0.004956,True
YOLO11n,United_States__United_States_002208,D20,0.225107,True
YOLO11n,United_States__United_States_002209,D00,0.027422,True
YOLO11n,United_States__United_States_002209,D00,0.024883,True
YOLO11n,United_States__United_States_002209,D00,0.118379,True
YOLO11n,United_States__United_States_002209,D00,0.013535,True
YOLO11n,United_States__United_States_002209,D00,0.066365,True
YOLO11n,United_States__United_States_002217,D10,0.050469,True
YOLO11n,United_States__United_States_002233,D00,0.10678,True
YOLO11n,United_States__United_States_002243,D10,0.027197,True
YOLO11n,United_States__United_States_002245,D00,0.00092,False
YOLO11n,United_States__United_States_002245,D00,0.029385,True
YOLO11n,United_States__United_States_002245,D10,0.011504,True
YOLO11n,United_States__United_States_002245,D00,0.005205,False
YOLO11n,United_States__United_States_002246,D10,0.042417,True
YOLO11n,United_States__United_States_002246,D00,0.014995,False
YOLO11n,United_States__United_States_002246,D00,0.011621,True
YOLO11n,United_States__United_States_002246,D00,0.006309,True
YOLO11n,United_States__United_States_002249,D00,0.084287,False
YOLO11n,United_States__United_States_002249,D00,0.031738,True
YOLO11n,United_States__United_States_002249,D10,0.028118,True
YOLO11n,United_States__United_States_002249,D10,0.005706,True
YOLO11n,United_States__United_States_002255,D10,0.0375,False
YOLO11n,United_States__United_States_002255,D00,0.029736,False
YOLO11n,United_States__United_States_002258,D20,0.031787,False
YOLO11n,United_States__United_States_002265,D20,0.113364,True
YOLO11n,United_States__United_States_002265,D00,0.004717,False
YOLO11n,United_States__United_States_002272,D20,0.077881,False
YOLO11n,United_States__United_States_002272,D10,0.008767,False
YOLO11n,United_States__United_States_002283,D00,0.090527,True
YOLO11n,United_States__United_States_002283,D00,0.003342,False
YOLO11n,United_States__United_States_002292,D00,0.007349,True
YOLO11n,United_States__United_States_002292,D10,0.028203,True
YOLO11n,United_States__United_States_002292,D00,0.011602,False
YOLO11n,United_States__United_States_002292,D00,0.072188,True
YOLO11n,United_States__United_States_002294,D00,0.014751,True
YOLO11n,United_States__United_States_002299,D00,0.001299,False
YOLO11n,United_States__United_States_002299,D00,0.030098,True
YOLO11n,United_States__United_States_002302,D10,0.010876,True
YOLO11n,United_States__United_States_002303,D10,0.020039,True
YOLO11n,United_States__United_States_002303,D10,0.01374,False
YOLO11n,United_States__United_States_002303,D00,0.025566,True
YOLO11n,United_States__United_States_002309,D00,0.079062,True
YOLO11n,United_States__United_States_002309,D00,0.011812,False
YOLO11n,United_States__United_States_002309,D20,0.015894,False
YOLO11n,United_States__United_States_002309,D00,0.007947,False
YOLO11n,United_States__United_States_002312,D10,0.011965,False
YOLO11n,United_States__United_States_002312,D00,0.038452,True
YOLO11n,United_States__United_States_002315,D00,0.0597,False
YOLO11n,United_States__United_States_002322,D00,0.009009,True
YOLO11n,United_States__United_States_002322,D00,0.015703,True
YOLO11n,United_States__United_States_002322,D00,0.00416,False
YOLO11n,United_States__United_States_002327,D10,0.061914,False
YOLO11n,United_States__United_States_002327,D00,0.003735,True
YOLO11n,United_States__United_States_002328,D00,0.041748,True
YOLO11n,United_States__United_States_002332,D20,0.088696,True
YOLO11n,United_States__United_States_002334,D00,0.018193,False
YOLO11n,United_States__United_States_002337,D00,0.111665,False
YOLO11n,United_States__United_States_002337,D00,0.036309,True
YOLO11n,United_States__United_States_002339,D00,0.04856,True
YOLO11n,United_States__United_States_002359,D10,0.05606,False
YOLO11n,United_States__United_States_002361,D00,0.043545,True
YOLO11n,United_States__United_States_002368,D00,0.066353,True
YOLO11n,United_States__United_States_002368,D00,0.005449,True
YOLO11n,United_States__United_States_002368,D00,0.010195,True
YOLO11n,United_States__United_States_002368,D00,0.014116,False
YOLO11n,United_States__United_States_002370,D00,0.062227,True
YOLO11n,United_States__United_States_002370,D00,0.05978,True
YOLO11n,United_States__United_States_002370,D10,0.008479,False
YOLO11n,United_States__United_States_002388,D10,0.002979,False
YOLO11n,United_States__United_States_002388,D10,0.006855,True
YOLO11n,United_States__United_States_002388,D00,0.032266,True
YOLO11n,United_States__United_States_002390,D00,0.060234,True
YOLO11n,United_States__United_States_002391,D10,0.05873,True
YOLO11n,United_States__United_States_002394,D10,0.015488,True
YOLO11n,United_States__United_States_002403,D00,0.108093,False
YOLO11n,United_States__United_States_002403,D20,0.00769,True
YOLO11n,United_States__United_States_002403,D10,0.0195,False
YOLO11n,United_States__United_States_002405,D20,0.011777,False
YOLO11n,United_States__United_States_002405,D10,0.001553,False
YOLO11n,United_States__United_States_002405,D10,0.001826,False
YOLO11n,United_States__United_States_002405,D00,0.012178,True
YOLO11n,United_States__United_States_002405,D00,0.010371,True
YOLO11n,United_States__United_States_002405,D20,0.072742,True
YOLO11n,United_States__United_States_002410,D10,0.086079,True
YOLO11n,United_States__United_States_002410,D40,0.002988,False
YOLO11n,United_States__United_States_002412,D10,0.00897,True
YOLO11n,United_States__United_States_002412,D10,0.008728,True
YOLO11n,United_States__United_States_002417,D00,0.044023,True
YOLO11n,United_States__United_States_002417,D00,0.09291,False
YOLO11n,United_States__United_States_002420,D00,0.009092,True
YOLO11n,United_States__United_States_002420,D00,0.009346,True
YOLO11n,United_States__United_States_002420,D00,0.09814,False
YOLO11n,United_States__United_States_002428,D00,0.02373,True
YOLO11n,United_States__United_States_002428,D10,0.007383,True
YOLO11n,United_States__United_States_002428,D00,0.00323,True
YOLO11n,United_States__United_States_002432,D00,0.025137,True
YOLO11n,United_States__United_States_002435,D10,0.013965,True
YOLO11n,United_States__United_States_002435,D00,0.016426,True
YOLO11n,United_States__United_States_002435,D10,0.011331,False
YOLO11n,United_States__United_States_002435,D10,0.006357,False
YOLO11n,United_States__United_States_002444,D00,0.000562,False
YOLO11n,United_States__United_States_002444,D00,0.005947,True
YOLO11n,United_States__United_States_002444,D00,0.00752,True
YOLO11n,United_States__United_States_002444,D00,0.003845,False
YOLO11n,United_States__United_States_002444,D00,0.001494,True
YOLO11n,United_States__United_States_002444,D00,0.007109,False
YOLO11n,United_States__United_States_002448,D00,0.004541,True
YOLO11n,United_States__United_States_002448,D00,0.065625,True
YOLO11n,United_States__United_States_002448,D10,0.011331,True
YOLO11n,United_States__United_States_002448,D00,0.004141,False
YOLO11n,United_States__United_States_002451,D10,0.025063,True
YOLO11n,United_States__United_States_002451,D00,0.026147,True
YOLO11n,United_States__United_States_002451,D00,0.073799,True
YOLO11n,United_States__United_States_002460,D00,0.026797,True
YOLO11n,United_States__United_States_002460,D10,0.038296,False
YOLO11n,United_States__United_States_002462,D00,0.018457,True
YOLO11n,United_States__United_States_002495,D00,0.005859,True
YOLO11n,United_States__United_States_002495,D00,0.047695,True
YOLO11n,United_States__United_States_002502,D00,0.024487,True
YOLO11n,United_States__United_States_002502,D20,0.033384,True
YOLO11n,United_States__United_States_002504,D00,0.002847,True
YOLO11n,United_States__United_States_002510,D20,0.025605,False
YOLO11n,United_States__United_States_002513,D40,0.001465,False
YOLO11n,United_States__United_States_002518,D00,0.010376,True
YOLO11n,United_States__United_States_002518,D00,0.007471,True
YOLO11n,United_States__United_States_002518,D20,0.089023,False
YOLO11n,United_States__United_States_002522,D10,0.024028,True
YOLO11n,United_States__United_States_002531,D00,0.013997,False
YOLO11n,United_States__United_States_002536,D00,0.011016,True
YOLO11n,United_States__United_States_002541,D10,0.023867,True
YOLO11n,United_States__United_States_002541,D00,0.03386,True
YOLO11n,United_States__United_States_002542,D10,0.037842,False
YOLO11n,United_States__United_States_002542,D10,0.011338,True
YOLO11n,United_States__United_States_002542,D20,0.042546,True
YOLO11n,United_States__United_States_002548,D00,0.006094,True
YOLO11n,United_States__United_States_002548,D00,0.145886,True
YOLO11n,United_States__United_States_002560,D00,0.026963,False
YOLO11n,United_States__United_States_002560,D00,0.062358,False
YOLO11n,United_States__United_States_002560,D00,0.030396,False
YOLO11n,United_States__United_States_002561,D00,0.011289,True
YOLO11n,United_States__United_States_002566,D10,0.009741,True
YOLO11n,United_States__United_States_002566,D00,0.013584,True
YOLO11n,United_States__United_States_002566,D00,0.027998,False
YOLO11n,United_States__United_States_002566,D00,0.008943,True
YOLO11n,United_States__United_States_002575,D10,0.009434,True
YOLO11n,United_States__United_States_002577,D40,0.001934,False
YOLO11n,United_States__United_States_002577,D20,0.166353,True
YOLO11n,United_States__United_States_002577,D40,0.004067,False
YOLO11n,United_States__United_States_002602,D10,0.032207,False
YOLO11n,United_States__United_States_002603,D00,0.027969,True
YOLO11n,United_States__United_States_002603,D10,0.038562,False
YOLO11n,United_States__United_States_002609,D00,0.021841,True
YOLO11n,United_States__United_States_002609,D00,0.003088,True
YOLO11n,United_States__United_States_002610,D10,0.003896,True
YOLO11n,United_States__United_States_002610,D20,0.239033,True
YOLO11n,United_States__United_States_002611,D00,0.005823,False
YOLO11n,United_States__United_States_002611,D00,0.002158,False
YOLO11n,United_States__United_States_002611,D00,0.013711,True
YOLO11n,United_States__United_States_002612,D00,0.104106,True
YOLO11n,United_States__United_States_002612,D00,0.033633,True
YOLO11n,United_States__United_States_002612,D10,0.012305,False
YOLO11n,United_States__United_States_002613,D00,0.025977,True
YOLO11n,United_States__United_States_002613,D40,0.001289,False
YOLO11n,United_States__United_States_002649,D00,0.012971,True
YOLO11n,United_States__United_States_002649,D00,0.005586,True
YOLO11n,United_States__United_States_002652,D00,0.011807,False
YOLO11n,United_States__United_States_002652,D20,0.059619,True
YOLO11n,United_States__United_States_002652,D20,0.120864,True
YOLO11n,United_States__United_States_002655,D10,0.016758,True
YOLO11n,United_States__United_States_002668,D10,0.02748,True
YOLO11n,United_States__United_States_002668,D00,0.035449,True
YOLO11n,United_States__United_States_002668,D10,0.006394,False
YOLO11n,United_States__United_States_002669,D10,0.023325,True
YOLO11n,United_States__United_States_002669,D00,0.052559,True
YOLO11n,United_States__United_States_002671,D00,0.002871,False
YOLO11n,United_States__United_States_002677,D00,0.006958,True
YOLO11n,United_States__United_States_002677,D00,0.066206,True
YOLO11n,United_States__United_States_002677,D10,0.018047,False
YOLO11n,United_States__United_States_002678,D00,0.018457,True
YOLO11n,United_States__United_States_002681,D10,0.026855,True
YOLO11n,United_States__United_States_002692,D10,0.012603,True
YOLO11n,United_States__United_States_002695,D00,0.003867,False
YOLO11n,United_States__United_States_002711,D00,0.020742,True
YOLO11n,United_States__United_States_002711,D00,0.029539,True
YOLO11n,United_States__United_States_002718,D10,0.005176,False
YOLO11n,United_States__United_States_002718,D00,0.012949,True
YOLO11n,United_States__United_States_002734,D00,0.003164,False
YOLO11n,United_States__United_States_002734,D00,0.048237,True
YOLO11n,United_States__United_States_002738,D00,0.011707,True
YOLO11n,United_States__United_States_002740,D00,0.024492,True
YOLO11n,United_States__United_States_002749,D10,0.013945,True
YOLO11n,United_States__United_States_002749,D00,0.001523,False
YOLO11n,United_States__United_States_002749,D10,0.004819,False
YOLO11n,United_States__United_States_002779,D00,0.06656,True
YOLO11n,United_States__United_States_002779,D00,0.02,False
YOLO11n,United_States__United_States_002794,D10,0.003896,True
YOLO11n,United_States__United_States_002794,D00,0.015996,True
YOLO11n,United_States__United_States_002794,D00,0.13165,True
YOLO11n,United_States__United_States_002797,D00,0.042627,True
YOLO11n,United_States__United_States_002798,D00,0.014453,True
YOLO11n,United_States__United_States_002798,D10,0.032915,True
YOLO11n,United_States__United_States_002799,D10,0.016143,True
YOLO11n,United_States__United_States_002807,D00,0.039067,True
YOLO11n,United_States__United_States_002807,D00,0.002246,True
YOLO11n,United_States__United_States_002838,D00,0.00875,True
YOLO11n,United_States__United_States_002839,D10,0.010913,False
YOLO11n,United_States__United_States_002839,D00,0.021328,True
YOLO11n,United_States__United_States_002849,D00,0.051379,True
YOLO11n,United_States__United_States_002849,D00,0.018984,True
YOLO11n,United_States__United_States_002849,D00,0.057813,True
YOLO11n,United_States__United_States_002849,D00,0.004995,False
YOLO11n,United_States__United_States_002849,D10,0.01377,False
YOLO11n,United_States__United_States_002851,D00,0.066797,True
YOLO11n,United_States__United_States_002851,D10,0.006973,True
YOLO11n,United_States__United_States_002855,D00,0.005605,True
YOLO11n,United_States__United_States_002858,D10,0.006494,False
YOLO11n,United_States__United_States_002858,D00,0.008057,False
YOLO11n,United_States__United_States_002870,D00,0.006768,True
YOLO11n,United_States__United_States_002870,D00,0.007979,False
YOLO11n,United_States__United_States_002870,D00,0.008477,True
YOLO11n,United_States__United_States_002887,D00,0.02425,True
YOLO11n,United_States__United_States_002887,D10,0.023071,False
YOLO11n,United_States__United_States_002891,D00,0.01832,True
YOLO11n,United_States__United_States_002891,D00,0.020947,False
YOLO11n,United_States__United_States_002895,D00,0.047129,True
YOLO11n,United_States__United_States_002895,D10,0.012314,True
YOLO11n,United_States__United_States_002903,D00,0.093882,True
YOLO11n,United_States__United_States_002903,D00,0.056885,True
YOLO11n,United_States__United_States_002905,D00,0.097485,True
YOLO11n,United_States__United_States_002905,D00,0.00501,True
YOLO11n,United_States__United_States_002908,D10,0.020706,False
YOLO11n,United_States__United_States_002908,D00,0.003867,True
YOLO11n,United_States__United_States_002908,D00,0.052676,True
YOLO11n,United_States__United_States_002911,D10,0.003008,False
YOLO11n,United_States__United_States_002911,D10,0.002051,False
YOLO11n,United_States__United_States_002911,D10,0.032317,False
YOLO11n,United_States__United_States_002911,D20,0.013916,False
YOLO11n,United_States__United_States_002930,D00,0.030352,True
YOLO11n,United_States__United_States_002930,D00,0.007998,True
YOLO11n,United_States__United_States_002931,D00,0.019922,True
YOLO11n,United_States__United_States_002931,D00,0.047275,True
YOLO11n,United_States__United_States_002931,D10,0.00916,True
YOLO11n,United_States__United_States_002936,D10,0.002095,False
YOLO11n,United_States__United_States_002936,D20,0.092168,False
YOLO11n,United_States__United_States_002936,D00,0.020425,True
YOLO11n,United_States__United_States_002949,D10,0.005449,False
YOLO11n,United_States__United_States_002949,D00,0.00333,True
YOLO11n,United_States__United_States_002949,D00,0.004629,True
YOLO11n,United_States__United_States_002950,D00,0.034187,False
YOLO11n,United_States__United_States_002950,D10,0.004438,True
YOLO11n,United_States__United_States_002968,D00,0.04125,True
YOLO11n,United_States__United_States_002972,D00,0.017427,True
YOLO11n,United_States__United_States_002976,D00,0.005405,False
YOLO11n,United_States__United_States_002987,D00,0.008306,False
YOLO11n,United_States__United_States_002987,D00,0.034495,True
YOLO11n,United_States__United_States_002989,D00,0.017275,True
YOLO11n,United_States__United_States_002989,D10,0.012107,False
YOLO11n,United_States__United_States_002994,D00,0.015176,False
YOLO11n,United_States__United_States_002994,D20,0.036191,False
YOLO11n,United_States__United_States_002995,D00,0.028984,True
YOLO11n,United_States__United_States_002996,D00,0.028806,False
YOLO11n,United_States__United_States_003012,D10,0.007185,True
YOLO11n,United_States__United_States_003012,D10,0.038037,False
YOLO11n,United_States__United_States_003012,D00,0.034141,True
YOLO11n,United_States__United_States_003012,D10,0.005127,False
YOLO11n,United_States__United_States_003026,D00,0.01625,True
YOLO11n,United_States__United_States_003026,D00,0.001208,False
YOLO11n,United_States__United_States_003026,D10,0.004666,False
YOLO11n,United_States__United_States_003033,D10,0.008972,True
YOLO11n,United_States__United_States_003033,D00,0.010093,False
YOLO11n,United_States__United_States_003036,D00,0.0271,True
YOLO11n,United_States__United_States_003036,D10,0.026587,False
YOLO11n,United_States__United_States_003037,D10,0.007578,True
YOLO11n,United_States__United_States_003037,D00,0.016382,True
YOLO11n,United_States__United_States_003037,D00,0.014658,False
YOLO11n,United_States__United_States_003037,D00,0.005066,True
YOLO11n,United_States__United_States_003037,D40,0.002,False
YOLO11n,United_States__United_States_003037,D10,0.022129,True
YOLO11n,United_States__United_States_003037,D00,0.005049,False
YOLO11n,United_States__United_States_003047,D00,0.034607,True
YOLO11n,United_States__United_States_003047,D10,0.03916,False
YOLO11n,United_States__United_States_003047,D10,0.00624,False
YOLO11n,United_States__United_States_003047,D00,0.013735,False
YOLO11n,United_States__United_States_003047,D10,0.031824,True
YOLO11n,United_States__United_States_003055,D00,0.060828,False
YOLO11n,United_States__United_States_003059,D00,0.003867,True
YOLO11n,United_States__United_States_003059,D10,0.03834,True
YOLO11n,United_States__United_States_003059,D00,0.084243,True
YOLO11n,United_States__United_States_003059,D00,0.027559,True
YOLO11n,United_States__United_States_003059,D10,0.020132,False
YOLO11n,United_States__United_States_003061,D10,0.058279,True
YOLO11n,United_States__United_States_003062,D00,0.014067,True
YOLO11n,United_States__United_States_003062,D00,0.035127,True
YOLO11n,United_States__United_States_003067,D10,0.035547,False
YOLO11n,United_States__United_States_003067,D00,0.059883,True
YOLO11n,United_States__United_States_003067,D00,0.010557,False
YOLO11n,United_States__United_States_003074,D00,0.010459,True
YOLO11n,United_States__United_States_003074,D00,0.007871,True
YOLO11n,United_States__United_States_003074,D10,0.015107,False
YOLO11n,United_States__United_States_003074,D20,0.019373,True
YOLO11n,United_States__United_States_003074,D00,0.077791,True
YOLO11n,United_States__United_States_003076,D10,0.011133,True
YOLO11n,United_States__United_States_003078,D00,0.007505,True
YOLO11n,United_States__United_States_003081,D10,0.130781,False
YOLO11n,United_States__United_States_003081,D00,0.041169,False
YOLO11n,United_States__United_States_003084,D20,0.06354,True
YOLO11n,United_States__United_States_003084,D10,0.008213,False
YOLO11n,United_States__United_States_003084,D10,0.008379,False
YOLO11n,United_States__United_States_003085,D00,0.022339,False
YOLO11n,United_States__United_States_003085,D10,0.008911,False
YOLO11n,United_States__United_States_003085,D10,0.013711,True
YOLO11n,United_States__United_States_003093,D00,0.097075,False
YOLO11n,United_States__United_States_003093,D00,0.02467,False
YOLO11n,United_States__United_States_003093,D10,0.04303,False
YOLO11n,United_States__United_States_003093,D10,0.019329,False
YOLO11n,United_States__United_States_003119,D10,0.004199,True
YOLO11n,United_States__United_States_003127,D20,0.05125,False
YOLO11n,United_States__United_States_003142,D00,0.029385,False
YOLO11n,United_States__United_States_003142,D00,0.004189,True
YOLO11n,United_States__United_States_003148,D00,0.015586,True
YOLO11n,United_States__United_States_003172,D00,0.026448,False
YOLO11n,United_States__United_States_003172,D00,0.016328,False
YOLO11n,United_States__United_States_003175,D20,0.228271,True
YOLO11n,United_States__United_States_003175,D00,0.045439,False
YOLO11n,United_States__United_States_003178,D00,0.008032,True
YOLO11n,United_States__United_States_003178,D00,0.017275,True
YOLO11n,United_States__United_States_003178,D00,0.099868,True
YOLO11n,United_States__United_States_003189,D00,0.009575,True
YOLO11n,United_States__United_States_003189,D10,0.027646,True
YOLO11n,United_States__United_States_003214,D20,0.067698,False
YOLO11n,United_States__United_States_003215,D00,0.03375,True
YOLO11n,United_States__United_States_003220,D00,0.002246,False
YOLO11n,United_States__United_States_003222,D00,0.003894,False
YOLO11n,United_States__United_States_003230,D00,0.004956,False
YOLO11n,United_States__United_States_003231,D00,0.020947,True
YOLO11n,United_States__United_States_003231,D00,0.116602,True
YOLO11n,United_States__United_States_003240,D10,0.012061,True
YOLO11n,United_States__United_States_003240,D00,0.017363,True
YOLO11n,United_States__United_States_003240,D10,0.114485,True
YOLO11n,United_States__United_States_003240,D10,0.008984,False
YOLO11n,United_States__United_States_003240,D00,0.078677,False
YOLO11n,United_States__United_States_003250,D00,0.016758,False
YOLO11n,United_States__United_States_003250,D00,0.004297,False
YOLO11n,United_States__United_States_003250,D00,0.034668,False
YOLO11n,United_States__United_States_003250,D00,0.008203,False
YOLO11n,United_States__United_States_003251,D00,0.003936,True
YOLO11n,United_States__United_States_003251,D00,0.020742,False
YOLO11n,United_States__United_States_003251,D00,0.024785,True
YOLO11n,United_States__United_States_003251,D00,0.010408,False
YOLO11n,United_States__United_States_003258,D00,0.149365,True
YOLO11n,United_States__United_States_003258,D20,0.202822,True
YOLO11n,United_States__United_States_003264,D20,0.21293,True
YOLO11n,United_States__United_States_003266,D10,0.002344,False
YOLO11n,United_States__United_States_003266,D00,0.013877,True
YOLO11n,United_States__United_States_003266,D00,0.067944,True
YOLO11n,United_States__United_States_003272,D00,0.022012,True
YOLO11n,United_States__United_States_003272,D10,0.013115,True
YOLO11n,United_States__United_States_003272,D00,0.026855,True
YOLO11n,United_States__United_States_003272,D00,0.006951,False
YOLO11n,United_States__United_States_003279,D10,0.028301,True
YOLO11n,United_States__United_States_003279,D00,0.044336,True
YOLO11n,United_States__United_States_003283,D20,0.082383,False
YOLO11n,United_States__United_States_003284,D00,0.017681,True
YOLO11n,United_States__United_States_003284,D00,0.042114,True
YOLO11n,United_States__United_States_003289,D00,0.017256,True
YOLO11n,United_States__United_States_003289,D00,0.008496,True
YOLO11n,United_States__United_States_003289,D00,0.009346,True
YOLO11n,United_States__United_States_003320,D00,0.02373,True
YOLO11n,United_States__United_States_003320,D00,0.010054,True
YOLO11n,United_States__United_States_003320,D10,0.006914,False
YOLO11n,United_States__United_States_003320,D10,0.017344,False
YOLO11n,United_States__United_States_003320,D10,0.018867,False
YOLO11n,United_States__United_States_003320,D10,0.010029,False
YOLO11n,United_States__United_States_003321,D00,0.003457,True
YOLO11n,United_States__United_States_003321,D10,0.008423,True
YOLO11n,United_States__United_States_003321,D20,0.111211,True
YOLO11n,United_States__United_States_003321,D00,0.013447,True
YOLO11n,United_States__United_States_003336,D00,0.012246,True
YOLO11n,United_States__United_States_003336,D00,0.015,True
YOLO11n,United_States__United_States_003340,D00,0.028945,False
YOLO11n,United_States__United_States_003340,D10,0.004453,True
YOLO11n,United_States__United_States_003340,D00,0.004785,False
YOLO11n,United_States__United_States_003356,D00,0.005903,True
YOLO11n,United_States__United_States_003356,D20,0.088066,True
YOLO11n,United_States__United_States_003358,D00,0.017842,True
YOLO11n,United_States__United_States_003358,D10,0.019094,True
YOLO11n,United_States__United_States_003358,D10,0.015554,True
YOLO11n,United_States__United_States_003362,D00,0.108984,True
YOLO11n,United_States__United_States_003362,D10,0.008506,False
YOLO11n,United_States__United_States_003364,D00,0.010547,False
YOLO11n,United_States__United_States_003364,D00,0.009668,True
YOLO11n,United_States__United_States_003369,D00,0.058271,True
YOLO11n,United_States__United_States_003375,D00,0.053008,True
YOLO11n,United_States__United_States_003394,D00,0.037812,True
YOLO11n,United_States__United_States_003394,D00,0.028918,True
YOLO11n,United_States__United_States_003395,D00,0.013701,True
YOLO11n,United_States__United_States_003428,D20,0.026172,True
YOLO11n,United_States__United_States_003446,D00,0.0325,True
YOLO11n,United_States__United_States_003446,D00,0.031436,True
YOLO11n,United_States__United_States_003446,D00,0.001404,False
YOLO11n,United_States__United_States_003446,D00,0.002461,False
YOLO11n,United_States__United_States_003453,D00,0.004819,False
YOLO11n,United_States__United_States_003453,D10,0.004053,False
YOLO11n,United_States__United_States_003453,D00,0.043672,False
YOLO11n,United_States__United_States_003453,D10,0.004932,True
YOLO11n,United_States__United_States_003453,D00,0.003237,True
YOLO11n,United_States__United_States_003454,D00,0.053833,False
YOLO11n,United_States__United_States_003454,D00,0.011865,True
YOLO11n,United_States__United_States_003455,D10,0.005977,False
YOLO11n,United_States__United_States_003455,D10,0.026267,True
YOLO11n,United_States__United_States_003455,D00,0.00791,True
YOLO11n,United_States__United_States_003455,D00,0.003706,True
YOLO11n,United_States__United_States_003460,D00,0.048003,True
YOLO11n,United_States__United_States_003481,D00,0.126743,True
YOLO11n,United_States__United_States_003483,D00,0.01582,False
YOLO11n,United_States__United_States_003486,D00,0.032578,False
YOLO11n,United_States__United_States_003486,D00,0.005532,False
YOLO11n,United_States__United_States_003494,D00,0.018281,False
YOLO11n,United_States__United_States_003494,D00,0.007227,True
YOLO11n,United_States__United_States_003502,D10,0.048516,False
YOLO11n,United_States__United_States_003502,D00,0.058535,False
YOLO11n,United_States__United_States_003513,D00,0.043418,True
YOLO11n,United_States__United_States_003513,D10,0.006233,False
YOLO11n,United_States__United_States_003516,D00,0.00438,False
YOLO11n,United_States__United_States_003516,D00,0.051655,False
YOLO11n,United_States__United_States_003516,D10,0.005762,True
YOLO11n,United_States__United_States_003516,D10,0.009375,False
YOLO11n,United_States__United_States_003518,D00,0.005806,True
YOLO11n,United_States__United_States_003519,D00,0.003955,False
YOLO11n,United_States__United_States_003519,D20,0.074648,True
YOLO11n,United_States__United_States_003519,D10,0.002197,False
YOLO11n,United_States__United_States_003519,D00,0.016357,True
YOLO11n,United_States__United_States_003524,D00,0.012061,True
YOLO11n,United_States__United_States_003524,D00,0.014229,False
YOLO11n,United_States__United_States_003526,D40,0.004592,False
YOLO11n,United_States__United_States_003526,D00,0.003633,True
YOLO11n,United_States__United_States_003530,D00,0.044336,True
YOLO11n,United_States__United_States_003530,D00,0.070269,True
YOLO11n,United_States__United_States_003530,D10,0.004358,True
YOLO11n,United_States__United_States_003533,D10,0.004102,True
YOLO11n,United_States__United_States_003533,D00,0.024404,True
YOLO11n,United_States__United_States_003533,D20,0.06,False
YOLO11n,United_States__United_States_003533,D00,0.124277,True
YOLO11n,United_States__United_States_003533,D00,0.152612,False
YOLO11n,United_States__United_States_003543,D00,0.052461,True
YOLO11n,United_States__United_States_003543,D00,0.004089,False
YOLO11n,United_States__United_States_003544,D10,0.016187,True
YOLO11n,United_States__United_States_003544,D10,0.030762,False
YOLO11n,United_States__United_States_003544,D00,0.070967,False
YOLO11n,United_States__United_States_003544,D00,0.027539,True
YOLO11n,United_States__United_States_003548,D00,0.090771,True
YOLO11n,United_States__United_States_003555,D40,0.007361,False
YOLO11n,United_States__United_States_003555,D00,0.009153,False
YOLO11n,United_States__United_States_003573,D00,0.008809,True
YOLO11n,United_States__United_States_003576,D00,0.074448,True
YOLO11n,United_States__United_States_003576,D10,0.027539,True
YOLO11n,United_States__United_States_003586,D00,0.024199,True
YOLO11n,United_States__United_States_003587,D10,0.01426,True
YOLO11n,United_States__United_States_003587,D00,0.033042,True
YOLO11n,United_States__United_States_003595,D00,0.040928,True
YOLO11n,United_States__United_States_003595,D20,0.101406,False
YOLO11n,United_States__United_States_003600,D00,0.019336,True
YOLO11n,United_States__United_States_003617,D10,0.01355,True
YOLO11n,United_States__United_States_003617,D10,0.006819,True
YOLO11n,United_States__United_States_003618,D00,0.001123,False
YOLO11n,United_States__United_States_003619,D00,0.004102,False
YOLO11n,United_States__United_States_003619,D10,0.013381,True
YOLO11n,United_States__United_States_003619,D00,0.027388,True
YOLO11n,United_States__United_States_003624,D00,0.022881,True
YOLO11n,United_States__United_States_003624,D00,0.044023,True
YOLO11n,United_States__United_States_003626,D20,0.123452,False
YOLO11n,United_States__United_States_003633,D00,0.056943,True
YOLO11n,United_States__United_States_003642,D00,0.0171,False
YOLO11n,United_States__United_States_003642,D00,0.058652,True
YOLO11n,United_States__United_States_003642,D00,0.007266,True
YOLO11n,United_States__United_States_003642,D10,0.005781,False
YOLO11n,United_States__United_States_003642,D10,0.012017,False
YOLO11n,United_States__United_States_003648,D10,0.010527,True
YOLO11n,United_States__United_States_003653,D00,0.009058,False
YOLO11n,United_States__United_States_003667,D10,0.00334,False
YOLO11n,United_States__United_States_003667,D00,0.073477,True
YOLO11n,United_States__United_States_003667,D00,0.056362,True
YOLO11n,United_States__United_States_003667,D00,0.055371,False
YOLO11n,United_States__United_States_003672,D20,0.103711,True
YOLO11n,United_States__United_States_003683,D00,0.060674,True
YOLO11n,United_States__United_States_003683,D10,0.036606,True
YOLO11n,United_States__United_States_003690,D10,0.011816,True
YOLO11n,United_States__United_States_003690,D10,0.010759,False
YOLO11n,United_States__United_States_003701,D20,0.343335,True
YOLO11n,United_States__United_States_003706,D00,0.031172,True
YOLO11n,United_States__United_States_003722,D00,0.051797,False
YOLO11n,United_States__United_States_003722,D10,0.024658,False
YOLO11n,United_States__United_States_003728,D00,0.038269,True
YOLO11n,United_States__United_States_003728,D10,0.005586,False
YOLO11n,United_States__United_States_003728,D10,0.005063,False
YOLO11n,United_States__United_States_003729,D00,0.038108,True
YOLO11n,United_States__United_States_003740,D00,0.001289,True
YOLO11n,United_States__United_States_003740,D00,0.00238,False
YOLO11n,United_States__United_States_003740,D00,0.003115,True
YOLO11n,United_States__United_States_003740,D00,0.013262,True
YOLO11n,United_States__United_States_003744,D10,0.012305,True
YOLO11n,United_States__United_States_003744,D20,0.074375,False
YOLO11n,United_States__United_States_003744,D10,0.019653,False
YOLO11n,United_States__United_States_003744,D10,0.004563,True
YOLO11n,United_States__United_States_003744,D10,0.004687,False
YOLO11n,United_States__United_States_003760,D10,0.021589,False
YOLO11n,United_States__United_States_003764,D10,0.020288,True
YOLO11n,United_States__United_States_003765,D00,0.026558,True
YOLO11n,United_States__United_States_003775,D10,0.030408,False
YOLO11n,United_States__United_States_003788,D00,0.063086,True
YOLO11n,United_States__United_States_003788,D10,0.021665,False
YOLO11n,United_States__United_States_003788,D00,0.011719,True
YOLO11n,United_States__United_States_003792,D10,0.024072,True
YOLO11n,United_States__United_States_003792,D10,0.006885,False
YOLO11n,United_States__United_States_003792,D00,0.021709,True
YOLO11n,United_States__United_States_003792,D00,0.004431,False
YOLO11n,United_States__United_States_003792,D00,0.022014,False
YOLO11n,United_States__United_States_003792,D00,0.004175,True
YOLO11n,United_States__United_States_003793,D10,0.143945,False
YOLO11n,United_States__United_States_003793,D10,0.01571,True
YOLO11n,United_States__United_States_003801,D00,0.095515,False
YOLO11n,United_States__United_States_003808,D00,0.062363,True
YOLO11n,United_States__United_States_003820,D00,0.02083,False
YOLO11n,United_States__United_States_003820,D10,0.029224,False
YOLO11n,United_States__United_States_003820,D00,0.04178,True
YOLO11n,United_States__United_States_003821,D00,0.0828,True
YOLO11n,United_States__United_States_003821,D00,0.040117,True
YOLO11n,United_States__United_States_003821,D10,0.014473,False
YOLO11n,United_States__United_States_003833,D00,0.118652,True
YOLO11n,United_States__United_States_003833,D00,0.011426,True
YOLO11n,United_States__United_States_003834,D00,0.00813,False
YOLO11n,United_States__United_States_003836,D00,0.009795,True
YOLO11n,United_States__United_States_003842,D00,0.021665,True
YOLO11n,United_States__United_States_003845,D10,0.018091,True
YOLO11n,United_States__United_States_003859,D20,0.081108,False
YOLO11n,United_States__United_States_003859,D20,0.090488,False
YOLO11n,United_States__United_States_003870,D00,0.02542,False
YOLO11n,United_States__United_States_003870,D00,0.005979,False
YOLO11n,United_States__United_States_003870,D00,0.039514,True
YOLO11n,United_States__United_States_003874,D00,0.010537,True
YOLO11n,United_States__United_States_003874,D00,0.00332,False
YOLO11n,United_States__United_States_003879,D00,0.017524,True
YOLO11n,United_States__United_States_003910,D00,0.006504,False
YOLO11n,United_States__United_States_003910,D00,0.030615,True
YOLO11n,United_States__United_States_003915,D00,0.013857,True
YOLO11n,United_States__United_States_003915,D00,0.014436,True
YOLO11n,United_States__United_States_003940,D00,0.137334,True
YOLO11n,United_States__United_States_003942,D20,0.14959,True
YOLO11n,United_States__United_States_003942,D00,0.086294,False
YOLO11n,United_States__United_States_003943,D20,0.033301,False
YOLO11n,United_States__United_States_003943,D20,0.040195,False
YOLO11n,United_States__United_States_003943,D20,0.110981,True
YOLO11n,United_States__United_States_003945,D10,0.004199,True
YOLO11n,United_States__United_States_003945,D00,0.017456,True
YOLO11n,United_States__United_States_003947,D00,0.003296,True
YOLO11n,United_States__United_States_003947,D00,0.004915,False
YOLO11n,United_States__United_States_003964,D10,0.007676,True
YOLO11n,United_States__United_States_003966,D00,0.089385,True
YOLO11n,United_States__United_States_003972,D00,0.011245,False
YOLO11n,United_States__United_States_003972,D00,0.026016,True
YOLO11n,United_States__United_States_003972,D00,0.002871,False
YOLO11n,United_States__United_States_003972,D10,0.016294,True
YOLO11n,United_States__United_States_003972,D10,0.030557,False
YOLO11n,United_States__United_States_003972,D10,0.01582,False
YOLO11n,United_States__United_States_003985,D00,0.005981,False
YOLO11n,United_States__United_States_003985,D40,0.00271,False
YOLO11n,United_States__United_States_003985,D10,0.002266,True
YOLO11n,United_States__United_States_003985,D20,0.191162,True
YOLO11n,United_States__United_States_003985,D00,0.083979,True
YOLO11n,United_States__United_States_003985,D40,0.015073,False
YOLO11n,United_States__United_States_003985,D40,0.000955,False
YOLO11n,United_States__United_States_004003,D10,0.022046,True
YOLO11n,United_States__United_States_004003,D00,0.020776,False
YOLO11n,United_States__United_States_004003,D00,0.013281,False
YOLO11n,United_States__United_States_004004,D00,0.030098,True
YOLO11n,United_States__United_States_004004,D00,0.050527,True
YOLO11n,United_States__United_States_004004,D00,0.077932,True
YOLO11n,United_States__United_States_004005,D10,0.009927,True
YOLO11n,United_States__United_States_004005,D00,0.029541,True
YOLO11n,United_States__United_States_004005,D10,0.005178,False
YOLO11n,United_States__United_States_004013,D10,0.065283,True
YOLO11n,United_States__United_States_004013,D00,0.062842,False
YOLO11n,United_States__United_States_004020,D00,0.003691,False
YOLO11n,United_States__United_States_004020,D00,0.041484,True
YOLO11n,United_States__United_States_004020,D00,0.027187,False
YOLO11n,United_States__United_States_004023,D00,0.007407,True
YOLO11n,United_States__United_States_004023,D20,0.031421,False
YOLO11n,United_States__United_States_004024,D00,0.010391,True
YOLO11n,United_States__United_States_004024,D10,0.012305,True
YOLO11n,United_States__United_States_004029,D10,0.010029,True
YOLO11n,United_States__United_States_004029,D00,0.004687,False
YOLO11n,United_States__United_States_004029,D20,0.053574,False
YOLO11n,United_States__United_States_004053,D10,0.015645,True
YOLO11n,United_States__United_States_004053,D00,0.016563,True
YOLO11n,United_States__United_States_004064,D00,0.001062,False
YOLO11n,United_States__United_States_004064,D00,0.003369,True
YOLO11n,United_States__United_States_004064,D00,0.023438,True
YOLO11n,United_States__United_States_004064,D00,0.017859,False
YOLO11n,United_States__United_States_004065,D00,0.006514,True
YOLO11n,United_States__United_States_004071,D00,0.037017,True
YOLO11n,United_States__United_States_004072,D10,0.057012,True
YOLO11n,United_States__United_States_004086,D00,0.032031,True
YOLO11n,United_States__United_States_004086,D00,0.024653,True
YOLO11n,United_States__United_States_004091,D00,0.023667,True
YOLO11n,United_States__United_States_004103,D00,0.015234,True
YOLO11n,United_States__United_States_004127,D00,0.048647,True
YOLO11n,United_States__United_States_004127,D00,0.005752,False
YOLO11n,United_States__United_States_004127,D00,0.005398,True
YOLO11n,United_States__United_States_004128,D00,0.033806,True
YOLO11n,United_States__United_States_004128,D00,0.055029,True
YOLO11n,United_States__United_States_004128,D00,0.013982,False
YOLO11n,United_States__United_States_004131,D10,0.041748,True
YOLO11n,United_States__United_States_004136,D20,0.132788,True
YOLO11n,United_States__United_States_004136,D00,0.017856,False
YOLO11n,United_States__United_States_004139,D00,0.007734,True
YOLO11n,United_States__United_States_004139,D00,0.001348,False
YOLO11n,United_States__United_States_004139,D00,0.004028,True
YOLO11n,United_States__United_States_004142,D00,0.044746,True
YOLO11n,United_States__United_States_004142,D00,0.114414,False
YOLO11n,United_States__United_States_004142,D10,0.009766,False
YOLO11n,United_States__United_States_004153,D00,0.052676,True
YOLO11n,United_States__United_States_004155,D00,0.045288,True
YOLO11n,United_States__United_States_004157,D00,0.019673,True
YOLO11n,United_States__United_States_004157,D00,0.007734,True
YOLO11n,United_States__United_States_004157,D10,0.01543,False
YOLO11n,United_States__United_States_004159,D20,0.055054,False
YOLO11n,United_States__United_States_004159,D10,0.007637,True
YOLO11n,United_States__United_States_004159,D10,0.005879,True
YOLO11n,United_States__United_States_004163,D00,0.011206,True
YOLO11n,United_States__United_States_004163,D10,0.019219,True
YOLO11n,United_States__United_States_004165,D10,0.042847,True
YOLO11n,United_States__United_States_004168,D10,0.008569,True
YOLO11n,United_States__United_States_004168,D00,0.007656,True
YOLO11n,United_States__United_States_004168,D00,0.035127,True
YOLO11n,United_States__United_States_004174,D00,0.025281,True
YOLO11n,United_States__United_States_004176,D00,0.034424,True
YOLO11n,United_States__United_States_004194,D00,0.002102,False
YOLO11n,United_States__United_States_004194,D00,0.049043,True
YOLO11n,United_States__United_States_004198,D10,0.011877,True
YOLO11n,United_States__United_States_004198,D00,0.019995,True
YOLO11n,United_States__United_States_004198,D10,0.00708,False
YOLO11n,United_States__United_States_004200,D00,0.019287,False
YOLO11n,United_States__United_States_004203,D00,0.0075,True
YOLO11n,United_States__United_States_004203,D20,0.086045,True
YOLO11n,United_States__United_States_004203,D10,0.008386,True
YOLO11n,United_States__United_States_004206,D00,0.001484,False
YOLO11n,United_States__United_States_004206,D10,0.010557,True
YOLO11n,United_States__United_States_004207,D00,0.038408,False
YOLO11n,United_States__United_States_004207,D00,0.010474,False
YOLO11n,United_States__United_States_004207,D10,0.007097,True
YOLO11n,United_States__United_States_004207,D00,0.116111,True
YOLO11n,United_States__United_States_004207,D10,0.009236,True
YOLO11n,United_States__United_States_004228,D20,0.106785,True
YOLO11n,United_States__United_States_004250,D10,0.017688,False
YOLO11n,United_States__United_States_004250,D10,0.012756,False
YOLO11n,United_States__United_States_004250,D10,0.026807,False
YOLO11n,United_States__United_States_004250,D10,0.003706,False
YOLO11n,United_States__United_States_004250,D10,0.008635,True
YOLO11n,United_States__United_States_004250,D00,0.136553,False
YOLO11n,United_States__United_States_004251,D00,0.092563,True
YOLO11n,United_States__United_States_004255,D10,0.009727,False
YOLO11n,United_States__United_States_004257,D00,0.107139,True
YOLO11n,United_States__United_States_004257,D00,0.075337,True
YOLO11n,United_States__United_States_004257,D00,0.017861,False
YOLO11n,United_States__United_States_004258,D00,0.009687,False
YOLO11n,United_States__United_States_004258,D00,0.006641,True
YOLO11n,United_States__United_States_004258,D00,0.009209,False
YOLO11n,United_States__United_States_004268,D00,0.070547,True
YOLO11n,United_States__United_States_004276,D20,0.116543,True
YOLO11n,United_States__United_States_004276,D20,0.060586,True
YOLO11n,United_States__United_States_004279,D20,0.120859,True
YOLO11n,United_States__United_States_004280,D10,0.053594,True
YOLO11n,United_States__United_States_004280,D00,0.003154,False
YOLO11n,United_States__United_States_004280,D00,0.003027,True
YOLO11n,United_States__United_States_004309,D00,0.004102,True
YOLO11n,United_States__United_States_004326,D00,0.05709,True
YOLO11n,United_States__United_States_004326,D00,0.006289,True
YOLO11n,United_States__United_States_004326,D10,0.004316,False
YOLO11n,United_States__United_States_004326,D00,0.005957,False
YOLO11n,United_States__United_States_004331,D00,0.016758,False
YOLO11n,United_States__United_States_004331,D10,0.009775,True
YOLO11n,United_States__United_States_004331,D00,0.001523,False
YOLO11n,United_States__United_States_004331,D00,0.024902,True
YOLO11n,United_States__United_States_004331,D10,0.006143,False
YOLO11n,United_States__United_States_004356,D20,0.246094,True
YOLO11n,United_States__United_States_004357,D20,0.042144,False
YOLO11n,United_States__United_States_004357,D00,0.044678,True
YOLO11n,United_States__United_States_004360,D00,0.011719,True
YOLO11n,United_States__United_States_004360,D10,0.040625,False
YOLO11n,United_States__United_States_004360,D20,0.019946,False
YOLO11n,United_States__United_States_004360,D00,0.009463,True
YOLO11n,United_States__United_States_004368,D00,0.019141,True
YOLO11n,United_States__United_States_004371,D00,0.090645,False
YOLO11n,United_States__United_States_004371,D00,0.026797,False
YOLO11n,United_States__United_States_004374,D00,0.000928,False
YOLO11n,United_States__United_States_004374,D20,0.128047,False
YOLO11n,United_States__United_States_004374,D00,0.053281,True
YOLO11n,United_States__United_States_004374,D20,0.045869,False
YOLO11n,United_States__United_States_004374,D00,0.001719,False
YOLO11n,United_States__United_States_004374,D00,0.003713,False
YOLO11n,United_States__United_States_004376,D00,0.021094,True
YOLO11n,United_States__United_States_004385,D10,0.022402,True
YOLO11n,United_States__United_States_004386,D00,0.024932,True
YOLO11n,United_States__United_States_004387,D00,0.026162,False
YOLO11n,United_States__United_States_004387,D00,0.008591,True
YOLO11n,United_States__United_States_004387,D10,0.012129,False
YOLO11n,United_States__United_States_004388,D10,0.047578,True
YOLO11n,United_States__United_States_004398,D40,0.00082,False
YOLO11n,United_States__United_States_004400,D10,0.021328,True
YOLO11n,United_States__United_States_004400,D20,0.008965,False
YOLO11n,United_States__United_States_004400,D00,0.011875,False
YOLO11n,United_States__United_States_004402,D00,0.028887,True
YOLO11n,United_States__United_States_004402,D00,0.025313,False
YOLO11n,United_States__United_States_004402,D00,0.004785,False
YOLO11n,United_States__United_States_004402,D00,0.001172,False
YOLO11n,United_States__United_States_004402,D00,0.018589,True
YOLO11n,United_States__United_States_004402,D10,0.054272,False
YOLO11n,United_States__United_States_004407,D00,0.003418,False
YOLO11n,United_States__United_States_004407,D00,0.103271,True
YOLO11n,United_States__United_States_004407,D00,0.002563,True
YOLO11n,United_States__United_States_004407,D10,0.021499,True
YOLO11n,United_States__United_States_004410,D20,0.021191,False
YOLO11n,United_States__United_States_004412,D20,0.062871,False
YOLO11n,United_States__United_States_004412,D20,0.13707,True
YOLO11n,United_States__United_States_004412,D10,0.01093,True
YOLO11n,United_States__United_States_004412,D10,0.00719,False
YOLO11n,United_States__United_States_004422,D00,0.008125,True
YOLO11n,United_States__United_States_004422,D00,0.004673,True
YOLO11n,United_States__United_States_004423,D10,0.02625,False
YOLO11n,United_States__United_States_004423,D00,0.021328,True
YOLO11n,United_States__United_States_004423,D00,0.066797,True
YOLO11n,United_States__United_States_004424,D00,0.088403,False
YOLO11n,United_States__United_States_004424,D00,0.008477,False
YOLO11n,United_States__United_States_004430,D00,0.063809,True
YOLO11n,United_States__United_States_004437,D00,0.02929,True
YOLO11n,United_States__United_States_004437,D00,0.017666,True
YOLO11n,United_States__United_States_004438,D00,0.003213,True
YOLO11n,United_States__United_States_004438,D10,0.004023,True
YOLO11n,United_States__United_States_004442,D00,0.035706,False
YOLO11n,United_States__United_States_004442,D10,0.04541,False
YOLO11n,United_States__United_States_004443,D00,0.016919,True
YOLO11n,United_States__United_States_004443,D10,0.013228,False
YOLO11n,United_States__United_States_004443,D10,0.032705,True
YOLO11n,United_States__United_States_004455,D00,0.029551,True
YOLO11n,United_States__United_States_004455,D00,0.01001,False
YOLO11n,United_States__United_States_004455,D20,0.072188,True
YOLO11n,United_States__United_States_004455,D00,0.014792,True
YOLO11n,United_States__United_States_004456,D10,0.034702,True
YOLO11n,United_States__United_States_004456,D00,0.012246,True
YOLO11n,United_States__United_States_004457,D00,0.025313,True
YOLO11n,United_States__United_States_004457,D00,0.025146,False
YOLO11n,United_States__United_States_004458,D00,0.015039,True
YOLO11n,United_States__United_States_004460,D00,0.069717,True
YOLO11n,United_States__United_States_004460,D10,0.039814,True
YOLO11n,United_States__United_States_004472,D10,0.001343,False
YOLO11n,United_States__United_States_004472,D00,0.015039,True
YOLO11n,United_States__United_States_004472,D40,0.00082,False
YOLO11n,United_States__United_States_004478,D10,0.013613,False
YOLO11n,United_States__United_States_004480,D00,0.002065,False
YOLO11n,United_States__United_States_004480,D00,0.01061,True
YOLO11n,United_States__United_States_004488,D10,0.027739,True
YOLO11n,United_States__United_States_004488,D10,0.015996,False
YOLO11n,United_States__United_States_004488,D00,0.008887,True
YOLO11n,United_States__United_States_004493,D10,0.033354,False
YOLO11n,United_States__United_States_004493,D10,0.045667,False
YOLO11n,United_States__United_States_004503,D00,0.070508,True
YOLO11n,United_States__United_States_004503,D00,0.007305,True
YOLO11n,United_States__United_States_004503,D10,0.017275,True
YOLO11n,United_States__United_States_004504,D10,0.019658,False
YOLO11n,United_States__United_States_004507,D00,0.004648,False
YOLO11n,United_States__United_States_004517,D10,0.040605,True
YOLO11n,United_States__United_States_004517,D00,0.027808,True
YOLO11n,United_States__United_States_004517,D00,0.003901,True
YOLO11n,United_States__United_States_004520,D00,0.007979,False
YOLO11n,United_States__United_States_004520,D00,0.00668,True
YOLO11n,United_States__United_States_004520,D00,0.008174,True
YOLO11n,United_States__United_States_004520,D00,0.045439,True
YOLO11n,United_States__United_States_004523,D20,0.035889,False
YOLO11n,United_States__United_States_004526,D00,0.003875,False
YOLO11n,United_States__United_States_004526,D00,0.046201,True
YOLO11n,United_States__United_States_004526,D00,0.024883,True
YOLO11n,United_States__United_States_004532,D00,0.06043,True
YOLO11n,United_States__United_States_004532,D10,0.010547,True
YOLO11n,United_States__United_States_004532,D00,0.003706,False
YOLO11n,United_States__United_States_004532,D10,0.075027,True
YOLO11n,United_States__United_States_004536,D20,0.018984,False
YOLO11n,United_States__United_States_004536,D00,0.011511,True
YOLO11n,United_States__United_States_004538,D20,0.166919,True
YOLO11n,United_States__United_States_004538,D00,0.022339,False
YOLO11n,United_States__United_States_004544,D00,0.005713,True
YOLO11n,United_States__United_States_004545,D10,0.039014,False
YOLO11n,United_States__United_States_004545,D00,0.01375,False
YOLO11n,United_States__United_States_004545,D00,0.075391,True
YOLO11n,United_States__United_States_004545,D00,0.129141,True
YOLO11n,United_States__United_States_004546,D20,0.302734,True
YOLO11n,United_States__United_States_004546,D20,0.047461,False
YOLO11n,United_States__United_States_004548,D00,0.014727,True
YOLO11n,United_States__United_States_004548,D00,0.045068,True
YOLO11n,United_States__United_States_004549,D00,0.014014,True
YOLO11n,United_States__United_States_004549,D40,0.003179,False
YOLO11n,United_States__United_States_004555,D00,0.001289,False
YOLO11n,United_States__United_States_004555,D00,0.026914,True
YOLO11n,United_States__United_States_004555,D00,0.090625,True
YOLO11n,United_States__United_States_004556,D00,0.01145,True
YOLO11n,United_States__United_States_004558,D20,0.232532,True
YOLO11n,United_States__United_States_004558,D00,0.018896,False
YOLO11n,United_States__United_States_004575,D00,0.00375,True
YOLO11n,United_States__United_States_004575,D00,0.01332,False
YOLO11n,United_States__United_States_004575,D00,0.026562,False
YOLO11n,United_States__United_States_004577,D10,0.010444,True
YOLO11n,United_States__United_States_004599,D00,0.011016,True
YOLO11n,United_States__United_States_004599,D00,0.015637,True
YOLO11n,United_States__United_States_004624,D00,0.006973,False
YOLO11n,United_States__United_States_004625,D10,0.051777,False
YOLO11n,United_States__United_States_004625,D00,0.029456,True
YOLO11n,United_States__United_States_004625,D00,0.018164,False
YOLO11n,United_States__United_States_004628,D10,0.009668,True
YOLO11n,United_States__United_States_004634,D00,0.093516,False
YOLO11n,United_States__United_States_004637,D20,0.03126,False
YOLO11n,United_States__United_States_004639,D10,0.009521,True
YOLO11n,United_States__United_States_004643,D40,0.004248,False
YOLO11n,United_States__United_States_004646,D00,0.003867,False
YOLO11n,United_States__United_States_004646,D10,0.01373,True
YOLO11n,United_States__United_States_004646,D10,0.025225,True
YOLO11n,United_States__United_States_004646,D00,0.034199,False
YOLO11n,United_States__United_States_004654,D00,0.000806,False
YOLO11n,United_States__United_States_004654,D00,0.007178,False
YOLO11n,United_States__United_States_004654,D10,0.013196,True
YOLO11n,United_States__United_States_004654,D00,0.030322,True
YOLO11n,United_States__United_States_004670,D00,0.06457,False
YOLO11n,United_States__United_States_004670,D00,0.129141,True
YOLO11n,United_States__United_States_004670,D10,0.011733,True
YOLO11n,United_States__United_States_004670,D00,0.026917,False
YOLO11n,United_States__United_States_004670,D00,0.050178,False
YOLO11n,United_States__United_States_004670,D00,0.09032,False
YOLO11n,United_States__United_States_004678,D10,0.102546,True
YOLO11n,United_States__United_States_004682,D00,0.004617,True
YOLO11n,United_States__United_States_004682,D00,0.025532,True
YOLO11n,United_States__United_States_004682,D00,0.007537,True
YOLO11n,United_States__United_States_004685,D10,0.032334,True
YOLO11n,United_States__United_States_004686,D10,0.001914,False
YOLO11n,United_States__United_States_004686,D00,0.05,True
YOLO11n,United_States__United_States_004692,D00,0.015952,False
YOLO11n,United_States__United_States_004692,D10,0.039763,False
YOLO11n,United_States__United_States_004692,D00,0.053159,True
YOLO11n,United_States__United_States_004704,D20,0.015491,False
YOLO11n,United_States__United_States_004704,D00,0.004011,False
YOLO11n,United_States__United_States_004708,D00,0.014458,True
YOLO11n,United_States__United_States_004711,D00,0.005808,False
YOLO11n,United_States__United_States_004711,D00,0.001948,False
YOLO11n,United_States__United_States_004711,D00,0.003845,True
YOLO11n,United_States__United_States_004714,D20,0.04168,False
YOLO11n,United_States__United_States_004714,D20,0.121851,True
YOLO11n,United_States__United_States_004726,D00,0.128452,True
YOLO11n,United_States__United_States_004730,D10,0.030537,True
YOLO11n,United_States__United_States_004730,D00,0.028076,False
YOLO11n,United_States__United_States_004738,D00,0.016143,True
YOLO11n,United_States__United_States_004751,D00,0.043594,True
YOLO11n,United_States__United_States_004751,D10,0.024658,False
YOLO11n,United_States__United_States_004751,D00,0.006509,True
YOLO11n,United_States__United_States_004754,D00,0.004687,False
YOLO11n,United_States__United_States_004766,D20,0.065391,False
YOLO11n,United_States__United_States_004766,D10,0.112537,True
YOLO11n,United_States__United_States_004767,D10,0.010322,True
YOLO11n,United_States__United_States_004774,D10,0.013245,True
YOLO11n,United_States__United_States_004774,D00,0.020552,True
YOLO11n,United_States__United_States_004774,D00,0.026184,False
YOLO11n,United_States__United_States_004774,D00,0.007227,False
YOLO11n,United_States__United_States_004784,D00,0.005239,True
YOLO11n,United_States__United_States_004784,D00,0.007998,False
YOLO11n,United_States__United_States_004784,D00,0.011133,True
YOLO11n,United_States__United_States_004784,D00,0.004614,True
YOLO11n,United_States__United_States_004784,D00,0.019297,True
YOLO11n,United_States__United_States_004784,D00,0.085938,True
YOLO11s,China_Drone__China_Drone_000008,D10,0.115585,True
YOLO11s,China_Drone__China_Drone_000017,D10,0.014099,True
YOLO11s,China_Drone__China_Drone_000032,D10,0.014935,True
YOLO11s,China_Drone__China_Drone_000032,D00,0.007725,False
YOLO11s,China_Drone__China_Drone_000038,D00,0.03392,False
YOLO11s,China_Drone__China_Drone_000046,D00,0.026779,True
YOLO11s,China_Drone__China_Drone_000051,D10,0.09306,True
YOLO11s,China_Drone__China_Drone_000053,D20,0.050869,False
YOLO11s,China_Drone__China_Drone_000054,D10,0.052567,True
YOLO11s,China_Drone__China_Drone_000064,D40,0.024414,False
YOLO11s,China_Drone__China_Drone_000069,D10,0.026367,False
YOLO11s,China_Drone__China_Drone_000075,D10,0.005089,True
YOLO11s,China_Drone__China_Drone_000079,D00,0.138401,True
YOLO11s,China_Drone__China_Drone_000079,D10,0.011444,True
YOLO11s,China_Drone__China_Drone_000079,D00,0.087166,False
YOLO11s,China_Drone__China_Drone_000082,D10,0.003662,False
YOLO11s,China_Drone__China_Drone_000082,D00,0.018349,False
YOLO11s,China_Drone__China_Drone_000082,D10,0.008926,True
YOLO11s,China_Drone__China_Drone_000082,D10,0.004364,False
YOLO11s,China_Drone__China_Drone_000092,D00,0.037743,True
YOLO11s,China_Drone__China_Drone_000092,D00,0.019394,True
YOLO11s,China_Drone__China_Drone_000092,D00,0.011395,False
YOLO11s,China_Drone__China_Drone_000093,D00,0.024872,True
YOLO11s,China_Drone__China_Drone_000095,D10,0.005836,True
YOLO11s,China_Drone__China_Drone_000102,D10,0.01181,True
YOLO11s,China_Drone__China_Drone_000113,D00,0.044518,True
YOLO11s,China_Drone__China_Drone_000113,D00,0.032684,False
YOLO11s,China_Drone__China_Drone_000113,D10,0.015987,True
YOLO11s,China_Drone__China_Drone_000113,D00,0.03479,True
YOLO11s,China_Drone__China_Drone_000135,D10,0.112984,True
YOLO11s,China_Drone__China_Drone_000140,D00,0.007721,False
YOLO11s,China_Drone__China_Drone_000140,D10,0.009537,True
YOLO11s,China_Drone__China_Drone_000179,D10,0.013802,True
YOLO11s,China_Drone__China_Drone_000179,D00,0.005726,False
YOLO11s,China_Drone__China_Drone_000180,D00,0.118908,True
YOLO11s,China_Drone__China_Drone_000184,D00,0.036942,True
YOLO11s,China_Drone__China_Drone_000184,D10,0.00705,False
YOLO11s,China_Drone__China_Drone_000184,D10,0.018826,True
YOLO11s,China_Drone__China_Drone_000184,D10,0.011669,False
YOLO11s,China_Drone__China_Drone_000194,D20,0.499626,False
YOLO11s,China_Drone__China_Drone_000207,D20,0.370235,True
YOLO11s,China_Drone__China_Drone_000207,D10,0.028038,False
YOLO11s,China_Drone__China_Drone_000235,D20,0.040749,False
YOLO11s,China_Drone__China_Drone_000247,D00,0.586761,True
YOLO11s,China_Drone__China_Drone_000254,D00,0.028427,False
YOLO11s,China_Drone__China_Drone_000254,D00,0.047905,True
YOLO11s,China_Drone__China_Drone_000264,D10,0.016388,False
YOLO11s,China_Drone__China_Drone_000264,D00,0.0093,True
YOLO11s,China_Drone__China_Drone_000267,D10,0.004539,False
YOLO11s,China_Drone__China_Drone_000267,D10,0.001602,False
YOLO11s,China_Drone__China_Drone_000268,D10,0.00935,False
YOLO11s,China_Drone__China_Drone_000279,D20,0.10025,False
YOLO11s,China_Drone__China_Drone_000287,D00,0.076904,True
YOLO11s,China_Drone__China_Drone_000299,D10,0.036087,True
YOLO11s,China_Drone__China_Drone_000299,D10,0.016491,False
YOLO11s,China_Drone__China_Drone_000300,D00,0.072124,True
YOLO11s,China_Drone__China_Drone_000317,D10,0.005959,True
YOLO11s,China_Drone__China_Drone_000317,D10,0.010994,True
YOLO11s,China_Drone__China_Drone_000318,D00,0.03624,True
YOLO11s,China_Drone__China_Drone_000345,D00,0.006695,False
YOLO11s,China_Drone__China_Drone_000345,D20,0.154877,False
YOLO11s,China_Drone__China_Drone_000357,D00,0.083656,True
YOLO11s,China_Drone__China_Drone_000360,D00,0.014282,True
YOLO11s,China_Drone__China_Drone_000363,D10,0.36042,False
YOLO11s,China_Drone__China_Drone_000392,D10,0.049164,True
YOLO11s,China_Drone__China_Drone_000392,D00,0.036186,True
YOLO11s,China_Drone__China_Drone_000392,D10,0.010609,True
YOLO11s,China_Drone__China_Drone_000392,D10,0.021172,True
YOLO11s,China_Drone__China_Drone_000404,D40,0.0149,True
YOLO11s,China_Drone__China_Drone_000404,D40,0.002136,False
YOLO11s,China_Drone__China_Drone_000405,D00,0.117897,True
YOLO11s,China_Drone__China_Drone_000406,D00,0.025658,False
YOLO11s,China_Drone__China_Drone_000410,D00,0.016983,True
YOLO11s,China_Drone__China_Drone_000411,D00,0.010681,True
YOLO11s,China_Drone__China_Drone_000411,D10,0.010216,False
YOLO11s,China_Drone__China_Drone_000411,D00,0.011009,False
YOLO11s,China_Drone__China_Drone_000416,D10,0.002529,True
YOLO11s,China_Drone__China_Drone_000416,D10,0.031242,True
YOLO11s,China_Drone__China_Drone_000429,D10,0.018478,True
YOLO11s,China_Drone__China_Drone_000429,D00,0.010441,True
YOLO11s,China_Drone__China_Drone_000430,D10,0.008518,True
YOLO11s,China_Drone__China_Drone_000431,D10,0.062943,True
YOLO11s,China_Drone__China_Drone_000440,D00,0.052929,False
YOLO11s,China_Drone__China_Drone_000442,D10,0.009224,True
YOLO11s,China_Drone__China_Drone_000452,D10,0.035622,False
YOLO11s,China_Drone__China_Drone_000454,D10,0.034218,False
YOLO11s,China_Drone__China_Drone_000471,D00,0.013504,False
YOLO11s,China_Drone__China_Drone_000481,D00,0.01722,True
YOLO11s,China_Drone__China_Drone_000493,D00,0.064224,False
YOLO11s,China_Drone__China_Drone_000503,D40,0.013718,True
YOLO11s,China_Drone__China_Drone_000503,D40,0.004326,False
YOLO11s,China_Drone__China_Drone_000503,D40,0.008789,True
YOLO11s,China_Drone__China_Drone_000506,D10,0.023415,False
YOLO11s,China_Drone__China_Drone_000515,D10,0.086334,False
YOLO11s,China_Drone__China_Drone_000515,D00,0.013481,False
YOLO11s,China_Drone__China_Drone_000515,D10,0.005447,False
YOLO11s,China_Drone__China_Drone_000563,D10,0.020931,True
YOLO11s,China_Drone__China_Drone_000589,D00,0.060635,True
YOLO11s,China_Drone__China_Drone_000595,D10,0.094757,True
YOLO11s,China_Drone__China_Drone_000605,D10,0.304092,True
YOLO11s,China_Drone__China_Drone_000615,D00,0.013126,True
YOLO11s,China_Drone__China_Drone_000615,D00,0.021606,False
YOLO11s,China_Drone__China_Drone_000615,D00,0.020607,True
YOLO11s,China_Drone__China_Drone_000620,D10,0.096771,False
YOLO11s,China_Drone__China_Drone_000620,D10,0.032616,False
YOLO11s,China_Drone__China_Drone_000622,D10,0.035355,True
YOLO11s,China_Drone__China_Drone_000634,D00,0.040516,True
YOLO11s,China_Drone__China_Drone_000640,D20,0.089607,False
YOLO11s,China_Drone__China_Drone_000648,D00,0.013779,False
YOLO11s,China_Drone__China_Drone_000650,D10,0.084274,True
YOLO11s,China_Drone__China_Drone_000650,D00,0.006409,False
YOLO11s,China_Drone__China_Drone_000653,D00,0.038395,False
YOLO11s,China_Drone__China_Drone_000656,D00,0.073853,True
YOLO11s,China_Drone__China_Drone_000662,D10,0.036575,True
YOLO11s,China_Drone__China_Drone_000695,D40,0.010117,True
YOLO11s,China_Drone__China_Drone_000695,D20,0.021149,True
YOLO11s,China_Drone__China_Drone_000708,D00,0.08382,True
YOLO11s,China_Drone__China_Drone_000708,D20,0.037292,False
YOLO11s,China_Drone__China_Drone_000711,D00,0.037575,False
YOLO11s,China_Drone__China_Drone_000711,D00,0.013924,True
YOLO11s,China_Drone__China_Drone_000711,D10,0.012131,True
YOLO11s,China_Drone__China_Drone_000715,D10,0.018211,True
YOLO11s,China_Drone__China_Drone_000717,D10,0.097198,False
YOLO11s,China_Drone__China_Drone_000733,D00,0.064201,True
YOLO11s,China_Drone__China_Drone_000738,D10,0.002678,True
YOLO11s,China_Drone__China_Drone_000738,D10,0.028027,False
YOLO11s,China_Drone__China_Drone_000738,D00,0.060448,False
YOLO11s,China_Drone__China_Drone_000745,D10,0.036438,True
YOLO11s,China_Drone__China_Drone_000759,D00,0.113434,False
YOLO11s,China_Drone__China_Drone_000763,D00,0.070896,False
YOLO11s,China_Drone__China_Drone_000767,D10,0.104004,True
YOLO11s,China_Drone__China_Drone_000768,D00,0.082123,True
YOLO11s,China_Drone__China_Drone_000802,D10,0.027946,True
YOLO11s,China_Drone__China_Drone_000808,D10,0.089493,True
YOLO11s,China_Drone__China_Drone_000826,D00,0.038086,True
YOLO11s,China_Drone__China_Drone_000831,D10,0.044731,False
YOLO11s,China_Drone__China_Drone_000853,D10,0.016136,True
YOLO11s,China_Drone__China_Drone_000865,D00,0.017223,True
YOLO11s,China_Drone__China_Drone_000865,D00,0.005703,False
YOLO11s,China_Drone__China_Drone_000866,D10,0.004021,True
YOLO11s,China_Drone__China_Drone_000867,D00,0.01936,True
YOLO11s,China_Drone__China_Drone_000867,D10,0.014351,True
YOLO11s,China_Drone__China_Drone_000867,D10,0.005013,False
YOLO11s,China_Drone__China_Drone_000867,D00,0.026436,True
YOLO11s,China_Drone__China_Drone_000871,D20,0.073898,False
YOLO11s,China_Drone__China_Drone_000881,D00,0.030586,True
YOLO11s,China_Drone__China_Drone_000889,D00,0.070175,False
YOLO11s,China_Drone__China_Drone_000906,D10,0.048786,True
YOLO11s,China_Drone__China_Drone_000919,D00,0.007282,True
YOLO11s,China_Drone__China_Drone_000919,D00,0.008972,True
YOLO11s,China_Drone__China_Drone_000932,D20,0.038849,False
YOLO11s,China_Drone__China_Drone_000932,D00,0.026928,True
YOLO11s,China_Drone__China_Drone_000945,D10,0.003319,True
YOLO11s,China_Drone__China_Drone_000945,D10,0.017456,True
YOLO11s,China_Drone__China_Drone_000945,D00,0.020576,True
YOLO11s,China_Drone__China_Drone_000945,D00,0.01474,False
YOLO11s,China_Drone__China_Drone_000947,D20,0.331036,True
YOLO11s,China_Drone__China_Drone_000947,D00,0.019501,False
YOLO11s,China_Drone__China_Drone_000952,D20,0.101814,False
YOLO11s,China_Drone__China_Drone_000980,D00,0.111111,True
YOLO11s,China_Drone__China_Drone_000993,D00,0.077911,True
YOLO11s,China_Drone__China_Drone_000994,D10,0.046257,False
YOLO11s,China_Drone__China_Drone_000995,D00,0.029526,True
YOLO11s,China_Drone__China_Drone_001018,D20,0.148979,True
YOLO11s,China_Drone__China_Drone_001024,D00,0.024567,True
YOLO11s,China_Drone__China_Drone_001024,D00,0.038383,False
YOLO11s,China_Drone__China_Drone_001024,D00,0.350876,False
YOLO11s,China_Drone__China_Drone_001025,D00,0.095516,True
YOLO11s,China_Drone__China_Drone_001030,D10,0.070816,False
YOLO11s,China_Drone__China_Drone_001040,D10,0.013363,True
YOLO11s,China_Drone__China_Drone_001040,D10,0.039734,True
YOLO11s,China_Drone__China_Drone_001040,D10,0.009342,True
YOLO11s,China_Drone__China_Drone_001040,D00,0.011669,True
YOLO11s,China_Drone__China_Drone_001043,D10,0.00663,True
YOLO11s,China_Drone__China_Drone_001048,D00,0.065155,True
YOLO11s,China_Drone__China_Drone_001067,D10,0.038086,True
YOLO11s,China_Drone__China_Drone_001067,D40,0.013275,True
YOLO11s,China_Drone__China_Drone_001069,D10,0.005871,True
YOLO11s,China_Drone__China_Drone_001081,D00,0.08382,True
YOLO11s,China_Drone__China_Drone_001091,D00,0.235336,False
YOLO11s,China_Drone__China_Drone_001104,D00,0.016861,True
YOLO11s,China_Drone__China_Drone_001104,D00,0.012177,True
YOLO11s,China_Drone__China_Drone_001108,D20,0.012043,False
YOLO11s,China_Drone__China_Drone_001108,D00,0.025749,False
YOLO11s,China_Drone__China_Drone_001129,D10,0.005402,False
YOLO11s,China_Drone__China_Drone_001129,D10,0.022644,True
YOLO11s,China_Drone__China_Drone_001129,D00,0.022823,True
YOLO11s,China_Drone__China_Drone_001136,D10,0.105293,True
YOLO11s,China_Drone__China_Drone_001136,D00,0.084934,False
YOLO11s,China_Drone__China_Drone_001141,D20,0.422913,False
YOLO11s,China_Drone__China_Drone_001152,D00,0.043526,True
YOLO11s,China_Drone__China_Drone_001152,D00,0.027088,True
YOLO11s,China_Drone__China_Drone_001157,D10,0.191032,True
YOLO11s,China_Drone__China_Drone_001159,D10,0.011581,True
YOLO11s,China_Drone__China_Drone_001159,D00,0.006256,False
YOLO11s,China_Drone__China_Drone_001166,D10,0.007507,False
YOLO11s,China_Drone__China_Drone_001182,D00,0.006447,False
YOLO11s,China_Drone__China_Drone_001182,D20,0.061684,False
YOLO11s,China_Drone__China_Drone_001190,D00,0.021458,True
YOLO11s,China_Drone__China_Drone_001190,D00,0.011707,False
YOLO11s,China_Drone__China_Drone_001192,D00,0.021648,False
YOLO11s,China_Drone__China_Drone_001200,D10,0.13488,True
YOLO11s,China_Drone__China_Drone_001217,D10,0.041058,True
YOLO11s,China_Drone__China_Drone_001217,D10,0.005508,True
YOLO11s,China_Drone__China_Drone_001222,D10,0.025681,False
YOLO11s,China_Drone__China_Drone_001222,D00,0.069214,False
YOLO11s,China_Drone__China_Drone_001222,D00,0.029907,False
YOLO11s,China_Drone__China_Drone_001229,D00,0.019836,False
YOLO11s,China_Drone__China_Drone_001229,D00,0.106934,True
YOLO11s,China_Drone__China_Drone_001238,D00,0.021523,False
YOLO11s,China_Drone__China_Drone_001238,D00,0.0261,True
YOLO11s,China_Drone__China_Drone_001246,D10,0.003605,True
YOLO11s,China_Drone__China_Drone_001246,D10,0.016937,False
YOLO11s,China_Drone__China_Drone_001247,D10,0.095516,True
YOLO11s,China_Drone__China_Drone_001250,D00,0.005943,False
YOLO11s,China_Drone__China_Drone_001250,D10,0.011902,True
YOLO11s,China_Drone__China_Drone_001263,D00,0.021229,False
YOLO11s,China_Drone__China_Drone_001263,D00,0.162506,False
YOLO11s,China_Drone__China_Drone_001263,D00,0.053291,True
YOLO11s,China_Drone__China_Drone_001263,D00,0.012199,False
YOLO11s,China_Drone__China_Drone_001263,D00,0.013046,True
YOLO11s,China_Drone__China_Drone_001271,D10,0.015106,True
YOLO11s,China_Drone__China_Drone_001271,D00,0.006931,False
YOLO11s,China_Drone__China_Drone_001272,D10,0.230606,True
YOLO11s,China_Drone__China_Drone_001283,D10,0.034607,False
YOLO11s,China_Drone__China_Drone_001305,D00,0.032192,False
YOLO11s,China_Drone__China_Drone_001317,D10,0.118908,True
YOLO11s,China_Drone__China_Drone_001317,D10,0.006676,False
YOLO11s,China_Drone__China_Drone_001356,D10,0.012451,False
YOLO11s,China_Drone__China_Drone_001356,D20,0.011406,False
YOLO11s,China_Drone__China_Drone_001367,D00,0.082989,False
YOLO11s,China_Drone__China_Drone_001368,D20,0.011742,False
YOLO11s,China_Drone__China_Drone_001368,D10,0.02166,True
YOLO11s,China_Drone__China_Drone_001374,D10,0.038429,True
YOLO11s,China_Drone__China_Drone_001380,D00,0.121525,False
YOLO11s,China_Drone__China_Drone_001382,D00,0.016769,False
YOLO11s,China_Drone__China_Drone_001382,D00,0.08139,True
YOLO11s,China_Drone__China_Drone_001382,D10,0.06102,False
YOLO11s,China_Drone__China_Drone_001415,D10,0.249512,False
YOLO11s,China_Drone__China_Drone_001424,D10,0.023037,True
YOLO11s,China_Drone__China_Drone_001429,D00,0.062405,False
YOLO11s,China_Drone__China_Drone_001430,D10,0.204758,False
YOLO11s,China_Drone__China_Drone_001433,D10,0.013138,True
YOLO11s,China_Drone__China_Drone_001433,D00,0.042431,False
YOLO11s,China_Drone__China_Drone_001452,D10,0.041588,True
YOLO11s,China_Drone__China_Drone_001477,D00,0.014687,True
YOLO11s,China_Drone__China_Drone_001478,D00,0.020695,True
YOLO11s,China_Drone__China_Drone_001479,D10,0.025101,True
YOLO11s,China_Drone__China_Drone_001479,D10,0.020222,True
YOLO11s,China_Drone__China_Drone_001479,D00,0.037132,True
YOLO11s,China_Drone__China_Drone_001489,D00,0.011139,False
YOLO11s,China_Drone__China_Drone_001489,D00,0.026184,True
YOLO11s,China_Drone__China_Drone_001493,D10,0.035503,True
YOLO11s,China_Drone__China_Drone_001502,D00,0.010094,False
YOLO11s,China_Drone__China_Drone_001502,D00,0.018585,True
YOLO11s,China_Drone__China_Drone_001503,D00,0.065163,False
YOLO11s,China_Drone__China_Drone_001511,D40,0.016449,False
YOLO11s,China_Drone__China_Drone_001521,D00,0.237816,True
YOLO11s,China_Drone__China_Drone_001526,D20,0.025463,False
YOLO11s,China_Drone__China_Drone_001530,D20,0.00972,False
YOLO11s,China_Drone__China_Drone_001540,D00,0.088367,True
YOLO11s,China_Drone__China_Drone_001546,D00,0.024242,True
YOLO11s,China_Drone__China_Drone_001566,D00,0.045288,False
YOLO11s,China_Drone__China_Drone_001590,D20,0.007721,False
YOLO11s,China_Drone__China_Drone_001591,D10,0.025589,True
YOLO11s,China_Drone__China_Drone_001591,D10,0.010864,True
YOLO11s,China_Drone__China_Drone_001592,D00,0.026455,False
YOLO11s,China_Drone__China_Drone_001608,D00,0.047066,True
YOLO11s,China_Drone__China_Drone_001608,D10,0.014099,True
YOLO11s,China_Drone__China_Drone_001608,D00,0.010727,True
YOLO11s,China_Drone__China_Drone_001623,D10,0.075699,False
YOLO11s,China_Drone__China_Drone_001632,D10,0.030468,True
YOLO11s,China_Drone__China_Drone_001632,D10,0.050537,False
YOLO11s,China_Drone__China_Drone_001632,D00,0.021515,True
YOLO11s,China_Drone__China_Drone_001637,D00,0.013824,True
YOLO11s,China_Drone__China_Drone_001637,D00,0.020485,True
YOLO11s,China_Drone__China_Drone_001638,D10,0.08493,False
YOLO11s,China_Drone__China_Drone_001653,D00,0.053375,True
YOLO11s,China_Drone__China_Drone_001653,D00,0.046421,True
YOLO11s,China_Drone__China_Drone_001672,D00,0.033051,True
YOLO11s,China_Drone__China_Drone_001686,D10,0.011505,True
YOLO11s,China_Drone__China_Drone_001686,D10,0.005119,True
YOLO11s,China_Drone__China_Drone_001686,D00,0.023952,False
YOLO11s,China_Drone__China_Drone_001692,D00,0.08065,True
YOLO11s,China_Drone__China_Drone_001693,D10,0.010731,True
YOLO11s,China_Drone__China_Drone_001713,D10,0.005005,True
YOLO11s,China_Drone__China_Drone_001713,D10,0.001991,False
YOLO11s,China_Drone__China_Drone_001721,D00,0.012634,False
YOLO11s,China_Drone__China_Drone_001721,D00,0.017502,False
YOLO11s,China_Drone__China_Drone_001722,D20,0.344849,False
YOLO11s,China_Drone__China_Drone_001727,D10,0.004395,True
YOLO11s,China_Drone__China_Drone_001727,D10,0.019878,True
YOLO11s,China_Drone__China_Drone_001727,D00,0.01976,False
YOLO11s,China_Drone__China_Drone_001731,D00,0.081055,False
YOLO11s,China_Drone__China_Drone_001757,D00,0.075668,True
YOLO11s,China_Drone__China_Drone_001757,D00,0.006943,False
YOLO11s,China_Drone__China_Drone_001757,D00,0.015076,False
YOLO11s,China_Drone__China_Drone_001760,D10,0.089233,True
YOLO11s,China_Drone__China_Drone_001765,D00,0.004887,True
YOLO11s,China_Drone__China_Drone_001765,D10,0.019897,True
YOLO11s,China_Drone__China_Drone_001777,D10,0.054359,True
YOLO11s,China_Drone__China_Drone_001782,D00,0.110409,True
YOLO11s,China_Drone__China_Drone_001795,D10,0.033989,True
YOLO11s,China_Drone__China_Drone_001809,D10,0.015106,True
YOLO11s,China_Drone__China_Drone_001822,D10,0.012703,False
YOLO11s,China_Drone__China_Drone_001827,D10,0.027832,False
YOLO11s,China_Drone__China_Drone_001827,D00,0.059814,True
YOLO11s,China_Drone__China_Drone_001827,D20,0.015442,False
YOLO11s,China_Drone__China_Drone_001827,D00,0.011108,False
YOLO11s,China_Drone__China_Drone_001831,D20,0.049667,True
YOLO11s,China_Drone__China_Drone_001831,D20,0.093006,False
YOLO11s,China_Drone__China_Drone_001832,D10,0.004494,True
YOLO11s,China_Drone__China_Drone_001832,D10,0.011845,False
YOLO11s,China_Drone__China_Drone_001836,D10,0.048637,False
YOLO11s,China_Drone__China_Drone_001837,D00,0.017731,True
YOLO11s,China_Drone__China_Drone_001837,D20,0.012524,True
YOLO11s,China_Drone__China_Drone_001837,D00,0.015564,False
YOLO11s,China_Drone__China_Drone_001837,D00,0.003696,False
YOLO11s,China_Drone__China_Drone_001837,D10,0.006317,False
YOLO11s,China_Drone__China_Drone_001838,D10,0.153996,True
YOLO11s,China_Drone__China_Drone_001844,D20,0.048306,False
YOLO11s,China_Drone__China_Drone_001846,D00,0.017769,True
YOLO11s,China_Drone__China_Drone_001851,D20,0.197021,False
YOLO11s,China_Drone__China_Drone_001852,D20,0.022278,False
YOLO11s,China_Drone__China_Drone_001892,D10,0.015793,True
YOLO11s,China_Drone__China_Drone_001903,D00,0.019386,False
YOLO11s,China_Drone__China_Drone_001905,D00,0.013672,False
YOLO11s,China_Drone__China_Drone_001905,D00,0.026611,True
YOLO11s,China_Drone__China_Drone_001905,D10,0.041237,False
YOLO11s,China_Drone__China_Drone_001913,D10,0.026958,False
YOLO11s,China_Drone__China_Drone_001923,D20,0.399609,False
YOLO11s,China_Drone__China_Drone_001932,D10,0.020027,False
YOLO11s,China_Drone__China_Drone_001939,D10,0.099415,True
YOLO11s,China_Drone__China_Drone_001939,D00,0.020695,False
YOLO11s,China_Drone__China_Drone_001953,D00,0.058365,True
YOLO11s,China_Drone__China_Drone_001953,D00,0.022751,True
YOLO11s,China_Drone__China_Drone_001975,D10,0.179337,True
YOLO11s,China_Drone__China_Drone_001978,D20,0.038151,False
YOLO11s,China_Drone__China_Drone_001978,D20,0.049484,False
YOLO11s,China_Drone__China_Drone_001995,D00,0.021919,True
YOLO11s,China_Drone__China_Drone_002006,D00,0.038548,True
YOLO11s,China_Drone__China_Drone_002016,D00,0.204678,True
YOLO11s,China_Drone__China_Drone_002034,D00,0.017246,True
YOLO11s,China_Drone__China_Drone_002034,D00,0.014282,True
YOLO11s,China_Drone__China_Drone_002038,D10,0.008583,False
YOLO11s,China_Drone__China_Drone_002039,D00,0.023365,True
YOLO11s,China_Drone__China_Drone_002039,D00,0.027767,True
YOLO11s,China_Drone__China_Drone_002039,D00,0.003769,False
YOLO11s,China_Drone__China_Drone_002039,D10,0.008553,True
YOLO11s,China_Drone__China_Drone_002039,D00,0.029209,True
YOLO11s,China_Drone__China_Drone_002042,D10,0.032578,False
YOLO11s,China_Drone__China_Drone_002044,D00,0.030533,True
YOLO11s,China_Drone__China_Drone_002044,D20,0.005199,False
YOLO11s,China_Drone__China_Drone_002065,D00,0.061497,False
YOLO11s,China_Drone__China_Drone_002065,D20,0.009541,False
YOLO11s,China_Drone__China_Drone_002065,D10,0.006485,False
YOLO11s,China_Drone__China_Drone_002065,D00,0.033245,False
YOLO11s,China_Drone__China_Drone_002069,D20,0.394039,True
YOLO11s,China_Drone__China_Drone_002070,D10,0.012817,True
YOLO11s,China_Drone__China_Drone_002070,D00,0.040466,True
YOLO11s,China_Drone__China_Drone_002070,D00,0.113964,False
YOLO11s,China_Drone__China_Drone_002070,D10,0.01228,False
YOLO11s,China_Drone__China_Drone_002070,D00,0.008926,False
YOLO11s,China_Drone__China_Drone_002070,D10,0.012535,True
YOLO11s,China_Drone__China_Drone_002072,D10,0.050529,True
YOLO11s,China_Drone__China_Drone_002072,D10,0.003235,False
YOLO11s,China_Drone__China_Drone_002072,D00,0.040375,False
YOLO11s,China_Drone__China_Drone_002072,D10,0.006958,False
YOLO11s,China_Drone__China_Drone_002090,D00,0.018372,True
YOLO11s,China_Drone__China_Drone_002100,D10,0.002853,False
YOLO11s,China_Drone__China_Drone_002100,D10,0.013287,False
YOLO11s,China_Drone__China_Drone_002105,D20,0.071354,True
YOLO11s,China_Drone__China_Drone_002115,D10,0.078571,True
YOLO11s,China_Drone__China_Drone_002115,D10,0.018547,True
YOLO11s,China_Drone__China_Drone_002117,D10,0.073875,False
YOLO11s,China_Drone__China_Drone_002117,D00,0.035706,False
YOLO11s,China_Drone__China_Drone_002127,D10,0.098587,True
YOLO11s,China_Drone__China_Drone_002137,D40,0.01236,False
YOLO11s,China_Drone__China_Drone_002140,D00,0.018311,True
YOLO11s,China_Drone__China_Drone_002140,D00,0.019394,True
YOLO11s,China_Drone__China_Drone_002142,D10,0.148148,True
YOLO11s,China_Drone__China_Drone_002145,D40,0.005264,True
YOLO11s,China_Drone__China_Drone_002145,D00,0.012299,False
YOLO11s,China_Drone__China_Drone_002149,D10,0.016407,True
YOLO11s,China_Drone__China_Drone_002149,D10,0.056458,True
YOLO11s,China_Drone__China_Drone_002150,D00,0.039833,True
YOLO11s,China_Drone__China_Drone_002153,D10,0.027042,True
YOLO11s,China_Drone__China_Drone_002159,D00,0.018715,True
YOLO11s,China_Drone__China_Drone_002159,D00,0.018906,True
YOLO11s,China_Drone__China_Drone_002159,D10,0.012283,True
YOLO11s,China_Drone__China_Drone_002173,D00,0.02581,True
YOLO11s,China_Drone__China_Drone_002173,D10,0.018051,True
YOLO11s,China_Drone__China_Drone_002182,D10,0.007587,True
YOLO11s,China_Drone__China_Drone_002183,D10,0.105263,True
YOLO11s,China_Drone__China_Drone_002183,D00,0.060844,True
YOLO11s,China_Drone__China_Drone_002192,D00,0.025818,True
YOLO11s,China_Drone__China_Drone_002209,D20,0.48148,True
YOLO11s,China_Drone__China_Drone_002213,D10,0.037308,True
YOLO11s,China_Drone__China_Drone_002213,D10,0.066681,True
YOLO11s,China_Drone__China_Drone_002215,D00,0.020428,False
YOLO11s,China_Drone__China_Drone_002222,D20,0.021744,False
YOLO11s,China_Drone__China_Drone_002236,D10,0.069752,False
YOLO11s,China_Drone__China_Drone_002236,D00,0.012463,False
YOLO11s,China_Drone__China_Drone_002242,D10,0.069443,False
YOLO11s,China_Drone__China_Drone_002245,D40,0.005493,True
YOLO11s,China_Drone__China_Drone_002245,D40,0.005768,False
YOLO11s,China_Drone__China_Drone_002245,D10,0.030006,False
YOLO11s,China_Drone__China_Drone_002245,D10,0.014847,False
YOLO11s,China_Drone__China_Drone_002245,D00,0.008232,True
YOLO11s,China_Drone__China_Drone_002245,D10,0.01712,True
YOLO11s,China_Drone__China_Drone_002249,D10,0.016663,True
YOLO11s,China_Drone__China_Drone_002267,D00,0.011536,False
YOLO11s,China_Drone__China_Drone_002267,D00,0.016861,False
YOLO11s,China_Drone__China_Drone_002275,D00,0.066597,True
YOLO11s,China_Drone__China_Drone_002275,D00,0.069523,True
YOLO11s,China_Drone__China_Drone_002275,D10,0.036072,False
YOLO11s,China_Drone__China_Drone_002275,D10,0.013046,False
YOLO11s,China_Drone__China_Drone_002275,D20,0.020531,False
YOLO11s,China_Drone__China_Drone_002276,D10,0.177387,True
YOLO11s,China_Drone__China_Drone_002277,D10,0.008644,False
YOLO11s,China_Drone__China_Drone_002279,D10,0.054932,True
YOLO11s,China_Drone__China_Drone_002279,D00,0.007835,False
YOLO11s,China_Drone__China_Drone_002284,D00,0.075874,True
YOLO11s,China_Drone__China_Drone_002285,D10,0.071869,False
YOLO11s,China_Drone__China_Drone_002289,D10,0.025875,True
YOLO11s,China_Drone__China_Drone_002289,D10,0.027637,False
YOLO11s,China_Drone__China_Drone_002294,D00,0.012589,False
YOLO11s,China_Drone__China_Drone_002294,D00,0.02243,True
YOLO11s,China_Drone__China_Drone_002297,D00,0.010254,False
YOLO11s,China_Drone__China_Drone_002297,D10,0.012207,True
YOLO11s,China_Drone__China_Drone_002305,D10,0.036316,True
YOLO11s,China_Drone__China_Drone_002315,D00,0.135132,True
YOLO11s,China_Drone__China_Drone_002332,D00,0.015526,True
YOLO11s,China_Drone__China_Drone_002336,D00,0.009323,False
YOLO11s,China_Drone__China_Drone_002357,D10,0.198029,False
YOLO11s,China_Drone__China_Drone_002358,D00,0.008331,False
YOLO11s,China_Drone__China_Drone_002360,D00,0.066948,False
YOLO11s,China_Drone__China_Drone_002360,D10,0.007797,False
YOLO11s,China_Drone__China_Drone_002365,D10,0.02478,True
YOLO11s,China_Drone__China_Drone_002381,D10,0.053673,False
YOLO11s,China_Drone__China_Drone_002383,D10,0.025085,False
YOLO11s,China_MotorBike__China_MotorBike_000002,D00,0.052071,True
YOLO11s,China_MotorBike__China_MotorBike_000002,D00,0.029907,True
YOLO11s,China_MotorBike__China_MotorBike_000003,D00,0.076416,True
YOLO11s,China_MotorBike__China_MotorBike_000003,D00,0.03418,False
YOLO11s,China_MotorBike__China_MotorBike_000003,D00,0.009945,True
YOLO11s,China_MotorBike__China_MotorBike_000003,D00,0.023666,True
YOLO11s,China_MotorBike__China_MotorBike_000003,D00,0.012512,False
YOLO11s,China_MotorBike__China_MotorBike_000005,D10,0.014771,False
YOLO11s,China_MotorBike__China_MotorBike_000005,D10,0.014664,False
YOLO11s,China_MotorBike__China_MotorBike_000005,D10,0.025421,False
YOLO11s,China_MotorBike__China_MotorBike_000005,D10,0.017857,False
YOLO11s,China_MotorBike__China_MotorBike_000012,D00,0.168243,True
YOLO11s,China_MotorBike__China_MotorBike_000012,D00,0.267143,True
YOLO11s,China_MotorBike__China_MotorBike_000019,D10,0.004639,False
YOLO11s,China_MotorBike__China_MotorBike_000019,D00,0.157387,True
YOLO11s,China_MotorBike__China_MotorBike_000019,D10,0.005722,False
YOLO11s,China_MotorBike__China_MotorBike_000033,D00,0.01173,False
YOLO11s,China_MotorBike__China_MotorBike_000033,D00,0.023865,False
YOLO11s,China_MotorBike__China_MotorBike_000033,D00,0.458885,False
YOLO11s,China_MotorBike__China_MotorBike_000033,D10,0.007637,False
YOLO11s,China_MotorBike__China_MotorBike_000034,D10,0.118908,True
YOLO11s,China_MotorBike__China_MotorBike_000042,D00,0.079994,True
YOLO11s,China_MotorBike__China_MotorBike_000042,D10,0.089264,True
YOLO11s,China_MotorBike__China_MotorBike_000042,D00,0.030251,True
YOLO11s,China_MotorBike__China_MotorBike_000042,D00,0.028198,False
YOLO11s,China_MotorBike__China_MotorBike_000042,D00,0.024567,True
YOLO11s,China_MotorBike__China_MotorBike_000042,D00,0.002083,False
YOLO11s,China_MotorBike__China_MotorBike_000050,D40,0.005554,True
YOLO11s,China_MotorBike__China_MotorBike_000051,D20,0.159077,False
YOLO11s,China_MotorBike__China_MotorBike_000053,D00,0.027023,False
YOLO11s,China_MotorBike__China_MotorBike_000056,D10,0.025635,True
YOLO11s,China_MotorBike__China_MotorBike_000057,D00,0.099415,True
YOLO11s,China_MotorBike__China_MotorBike_000058,D00,0.031761,True
YOLO11s,China_MotorBike__China_MotorBike_000058,D10,0.007935,True
YOLO11s,China_MotorBike__China_MotorBike_000058,D10,0.003845,False
YOLO11s,China_MotorBike__China_MotorBike_000059,D00,0.036983,True
YOLO11s,China_MotorBike__China_MotorBike_000059,D00,0.008289,False
YOLO11s,China_MotorBike__China_MotorBike_000061,D00,0.023041,True
YOLO11s,China_MotorBike__China_MotorBike_000072,D00,0.226448,True
YOLO11s,China_MotorBike__China_MotorBike_000072,D00,0.380222,True
YOLO11s,China_MotorBike__China_MotorBike_000079,D20,0.403198,True
YOLO11s,China_MotorBike__China_MotorBike_000079,D00,0.153137,False
YOLO11s,China_MotorBike__China_MotorBike_000086,D00,0.101555,True
YOLO11s,China_MotorBike__China_MotorBike_000086,D10,0.023365,True
YOLO11s,China_MotorBike__China_MotorBike_000086,D00,0.026894,False
YOLO11s,China_MotorBike__China_MotorBike_000086,D10,0.04364,True
YOLO11s,China_MotorBike__China_MotorBike_000086,D00,0.044861,True
YOLO11s,China_MotorBike__China_MotorBike_000086,D00,0.009293,False
YOLO11s,China_MotorBike__China_MotorBike_000089,D00,0.08844,True
YOLO11s,China_MotorBike__China_MotorBike_000089,D10,0.018688,True
YOLO11s,China_MotorBike__China_MotorBike_000108,D00,0.035877,False
YOLO11s,China_MotorBike__China_MotorBike_000108,D20,0.074707,False
YOLO11s,China_MotorBike__China_MotorBike_000108,D20,0.066338,False
YOLO11s,China_MotorBike__China_MotorBike_000108,D20,0.039864,True
YOLO11s,China_MotorBike__China_MotorBike_000112,D00,0.188255,True
YOLO11s,China_MotorBike__China_MotorBike_000112,D00,0.007553,False
YOLO11s,China_MotorBike__China_MotorBike_000112,D00,0.002609,False
YOLO11s,China_MotorBike__China_MotorBike_000112,D00,0.008354,True
YOLO11s,China_MotorBike__China_MotorBike_000112,D00,0.008011,False
YOLO11s,China_MotorBike__China_MotorBike_000112,D00,0.022461,False
YOLO11s,China_MotorBike__China_MotorBike_000112,D10,0.017853,True
YOLO11s,China_MotorBike__China_MotorBike_000113,D40,0.039604,True
YOLO11s,China_MotorBike__China_MotorBike_000115,D10,0.089668,True
YOLO11s,China_MotorBike__China_MotorBike_000125,D20,0.528603,True
YOLO11s,China_MotorBike__China_MotorBike_000127,D40,0.000893,False
YOLO11s,China_MotorBike__China_MotorBike_000143,D00,0.052738,False
YOLO11s,China_MotorBike__China_MotorBike_000143,D00,0.009293,False
YOLO11s,China_MotorBike__China_MotorBike_000143,D00,0.017548,False
YOLO11s,China_MotorBike__China_MotorBike_000146,D00,0.065063,True
YOLO11s,China_MotorBike__China_MotorBike_000148,D20,0.126705,True
YOLO11s,China_MotorBike__China_MotorBike_000148,D10,0.057011,False
YOLO11s,China_MotorBike__China_MotorBike_000164,D00,0.070496,True
YOLO11s,China_MotorBike__China_MotorBike_000164,D00,0.100647,True
YOLO11s,China_MotorBike__China_MotorBike_000164,D00,0.327484,True
YOLO11s,China_MotorBike__China_MotorBike_000164,D00,0.026985,False
YOLO11s,China_MotorBike__China_MotorBike_000168,D20,0.024967,False
YOLO11s,China_MotorBike__China_MotorBike_000181,D00,0.380539,True
YOLO11s,China_MotorBike__China_MotorBike_000181,D00,0.25795,True
YOLO11s,China_MotorBike__China_MotorBike_000201,D00,0.167046,True
YOLO11s,China_MotorBike__China_MotorBike_000201,D00,0.271397,True
YOLO11s,China_MotorBike__China_MotorBike_000215,D20,0.541908,True
YOLO11s,China_MotorBike__China_MotorBike_000215,D20,0.245026,False
YOLO11s,China_MotorBike__China_MotorBike_000218,D00,0.319164,True
YOLO11s,China_MotorBike__China_MotorBike_000218,D10,0.043755,True
YOLO11s,China_MotorBike__China_MotorBike_000221,D00,0.357056,True
YOLO11s,China_MotorBike__China_MotorBike_000226,D00,0.098438,True
YOLO11s,China_MotorBike__China_MotorBike_000226,D00,0.011162,True
YOLO11s,China_MotorBike__China_MotorBike_000226,D00,0.008263,False
YOLO11s,China_MotorBike__China_MotorBike_000232,D00,0.038132,False
YOLO11s,China_MotorBike__China_MotorBike_000232,D00,0.006809,True
YOLO11s,China_MotorBike__China_MotorBike_000232,D00,0.034744,False
YOLO11s,China_MotorBike__China_MotorBike_000232,D00,0.003845,True
YOLO11s,China_MotorBike__China_MotorBike_000247,D00,0.19202,True
YOLO11s,China_MotorBike__China_MotorBike_000247,D00,0.077759,False
YOLO11s,China_MotorBike__China_MotorBike_000259,D00,0.074074,True
YOLO11s,China_MotorBike__China_MotorBike_000262,D00,0.026608,False
YOLO11s,China_MotorBike__China_MotorBike_000269,D20,0.333332,True
YOLO11s,China_MotorBike__China_MotorBike_000269,D00,0.043697,False
YOLO11s,China_MotorBike__China_MotorBike_000269,D00,0.020027,False
YOLO11s,China_MotorBike__China_MotorBike_000290,D00,0.119549,True
YOLO11s,China_MotorBike__China_MotorBike_000290,D00,0.005341,True
YOLO11s,China_MotorBike__China_MotorBike_000301,D00,0.194355,True
YOLO11s,China_MotorBike__China_MotorBike_000301,D00,0.061523,False
YOLO11s,China_MotorBike__China_MotorBike_000304,D40,0.007664,True
YOLO11s,China_MotorBike__China_MotorBike_000304,D40,0.001099,False
YOLO11s,China_MotorBike__China_MotorBike_000307,D20,0.1642,True
YOLO11s,China_MotorBike__China_MotorBike_000307,D00,0.005531,True
YOLO11s,China_MotorBike__China_MotorBike_000318,D20,0.151211,True
YOLO11s,China_MotorBike__China_MotorBike_000318,D20,0.373215,False
YOLO11s,China_MotorBike__China_MotorBike_000318,D00,0.240761,True
YOLO11s,China_MotorBike__China_MotorBike_000327,D00,0.128014,True
YOLO11s,China_MotorBike__China_MotorBike_000327,D00,0.168228,True
YOLO11s,China_MotorBike__China_MotorBike_000328,D40,0.00248,True
YOLO11s,China_MotorBike__China_MotorBike_000328,D40,0.000378,False
YOLO11s,China_MotorBike__China_MotorBike_000333,D00,0.032761,True
YOLO11s,China_MotorBike__China_MotorBike_000346,D00,0.241241,True
YOLO11s,China_MotorBike__China_MotorBike_000351,D10,0.107212,True
YOLO11s,China_MotorBike__China_MotorBike_000361,D00,0.048119,True
YOLO11s,China_MotorBike__China_MotorBike_000361,D10,0.008041,True
YOLO11s,China_MotorBike__China_MotorBike_000361,D00,0.028603,False
YOLO11s,China_MotorBike__China_MotorBike_000376,D00,0.125,True
YOLO11s,China_MotorBike__China_MotorBike_000376,D00,0.106861,True
YOLO11s,China_MotorBike__China_MotorBike_000376,D00,0.047775,False
YOLO11s,China_MotorBike__China_MotorBike_000394,D40,0.002003,False
YOLO11s,China_MotorBike__China_MotorBike_000420,D10,0.022587,True
YOLO11s,China_MotorBike__China_MotorBike_000420,D00,0.245613,True
YOLO11s,China_MotorBike__China_MotorBike_000420,D00,0.069839,False
YOLO11s,China_MotorBike__China_MotorBike_000420,D10,0.008514,False
YOLO11s,China_MotorBike__China_MotorBike_000431,D00,0.010506,True
YOLO11s,China_MotorBike__China_MotorBike_000431,D00,0.006302,True
YOLO11s,China_MotorBike__China_MotorBike_000432,D10,0.072792,True
YOLO11s,China_MotorBike__China_MotorBike_000432,D10,0.067711,True
YOLO11s,China_MotorBike__China_MotorBike_000440,D00,0.002644,False
YOLO11s,China_MotorBike__China_MotorBike_000440,D10,0.010445,False
YOLO11s,China_MotorBike__China_MotorBike_000440,D10,0.00882,True
YOLO11s,China_MotorBike__China_MotorBike_000445,D20,0.3983,True
YOLO11s,China_MotorBike__China_MotorBike_000448,D20,0.090309,True
YOLO11s,China_MotorBike__China_MotorBike_000448,D40,0.001492,True
YOLO11s,China_MotorBike__China_MotorBike_000448,D20,0.028564,True
YOLO11s,China_MotorBike__China_MotorBike_000448,D00,0.005127,False
YOLO11s,China_MotorBike__China_MotorBike_000452,D10,0.086597,True
YOLO11s,China_MotorBike__China_MotorBike_000452,D10,0.034813,True
YOLO11s,China_MotorBike__China_MotorBike_000458,D10,0.187134,True
YOLO11s,China_MotorBike__China_MotorBike_000459,D20,0.098877,True
YOLO11s,China_MotorBike__China_MotorBike_000459,D10,0.029247,True
YOLO11s,China_MotorBike__China_MotorBike_000459,D10,0.040627,False
YOLO11s,China_MotorBike__China_MotorBike_000463,D10,0.091248,True
YOLO11s,China_MotorBike__China_MotorBike_000466,D10,0.012978,True
YOLO11s,China_MotorBike__China_MotorBike_000466,D10,0.060196,True
YOLO11s,China_MotorBike__China_MotorBike_000466,D10,0.020027,False
YOLO11s,China_MotorBike__China_MotorBike_000473,D40,0.000778,False
YOLO11s,China_MotorBike__China_MotorBike_000477,D00,0.069489,True
YOLO11s,China_MotorBike__China_MotorBike_000483,D00,0.050186,True
YOLO11s,China_MotorBike__China_MotorBike_000484,D20,0.323586,True
YOLO11s,China_MotorBike__China_MotorBike_000490,D10,0.063286,True
YOLO11s,China_MotorBike__China_MotorBike_000490,D10,0.036144,False
YOLO11s,China_MotorBike__China_MotorBike_000492,D20,0.067383,False
YOLO11s,China_MotorBike__China_MotorBike_000492,D00,0.010765,True
YOLO11s,China_MotorBike__China_MotorBike_000513,D10,0.015373,True
YOLO11s,China_MotorBike__China_MotorBike_000513,D00,0.009033,False
YOLO11s,China_MotorBike__China_MotorBike_000513,D20,0.460037,True
YOLO11s,China_MotorBike__China_MotorBike_000523,D00,0.109467,True
YOLO11s,China_MotorBike__China_MotorBike_000523,D00,0.002537,False
YOLO11s,China_MotorBike__China_MotorBike_000523,D00,0.011749,True
YOLO11s,China_MotorBike__China_MotorBike_000523,D00,0.037193,False
YOLO11s,China_MotorBike__China_MotorBike_000530,D10,0.075371,True
YOLO11s,China_MotorBike__China_MotorBike_000530,D10,0.032463,True
YOLO11s,China_MotorBike__China_MotorBike_000544,D20,0.269577,True
YOLO11s,China_MotorBike__China_MotorBike_000544,D00,0.062683,False
YOLO11s,China_MotorBike__China_MotorBike_000546,D00,0.14006,True
YOLO11s,China_MotorBike__China_MotorBike_000546,D00,0.052643,False
YOLO11s,China_MotorBike__China_MotorBike_000546,D00,0.105743,False
YOLO11s,China_MotorBike__China_MotorBike_000550,D20,0.485378,True
YOLO11s,China_MotorBike__China_MotorBike_000550,D20,0.302734,False
YOLO11s,China_MotorBike__China_MotorBike_000552,D40,0.058723,False
YOLO11s,China_MotorBike__China_MotorBike_000552,D00,0.085587,True
YOLO11s,China_MotorBike__China_MotorBike_000552,D00,0.020142,False
YOLO11s,China_MotorBike__China_MotorBike_000552,D00,0.012531,False
YOLO11s,China_MotorBike__China_MotorBike_000552,D20,0.003471,False
YOLO11s,China_MotorBike__China_MotorBike_000553,D00,0.046387,True
YOLO11s,China_MotorBike__China_MotorBike_000553,D40,0.000748,False
YOLO11s,China_MotorBike__China_MotorBike_000553,D20,0.133667,True
YOLO11s,China_MotorBike__China_MotorBike_000553,D20,0.018131,True
YOLO11s,China_MotorBike__China_MotorBike_000556,D00,0.026772,False
YOLO11s,China_MotorBike__China_MotorBike_000556,D00,0.028854,True
YOLO11s,China_MotorBike__China_MotorBike_000556,D10,0.01899,True
YOLO11s,China_MotorBike__China_MotorBike_000556,D00,0.054474,False
YOLO11s,China_MotorBike__China_MotorBike_000557,D00,0.19883,False
YOLO11s,China_MotorBike__China_MotorBike_000557,D00,0.059586,True
YOLO11s,China_MotorBike__China_MotorBike_000557,D10,0.024124,True
YOLO11s,China_MotorBike__China_MotorBike_000564,D00,0.030003,True
YOLO11s,China_MotorBike__China_MotorBike_000564,D00,0.00824,False
YOLO11s,China_MotorBike__China_MotorBike_000564,D00,0.161499,True
YOLO11s,China_MotorBike__China_MotorBike_000564,D00,0.01701,True
YOLO11s,China_MotorBike__China_MotorBike_000572,D00,0.073784,True
YOLO11s,China_MotorBike__China_MotorBike_000574,D00,0.203705,True
YOLO11s,China_MotorBike__China_MotorBike_000582,D40,0.000824,False
YOLO11s,China_MotorBike__China_MotorBike_000585,D00,0.019012,False
YOLO11s,China_MotorBike__China_MotorBike_000585,D00,0.018158,False
YOLO11s,China_MotorBike__China_MotorBike_000585,D00,0.005791,False
YOLO11s,China_MotorBike__China_MotorBike_000585,D00,0.026276,False
YOLO11s,China_MotorBike__China_MotorBike_000585,D10,0.027664,False
YOLO11s,China_MotorBike__China_MotorBike_000585,D00,0.043701,True
YOLO11s,China_MotorBike__China_MotorBike_000585,D00,0.013607,False
YOLO11s,China_MotorBike__China_MotorBike_000603,D00,0.193634,True
YOLO11s,China_MotorBike__China_MotorBike_000606,D10,0.08054,True
YOLO11s,China_MotorBike__China_MotorBike_000606,D00,0.005875,False
YOLO11s,China_MotorBike__China_MotorBike_000606,D00,0.021896,True
YOLO11s,China_MotorBike__China_MotorBike_000606,D00,0.006493,False
YOLO11s,China_MotorBike__China_MotorBike_000621,D10,0.076023,True
YOLO11s,China_MotorBike__China_MotorBike_000624,D00,0.066277,True
YOLO11s,China_MotorBike__China_MotorBike_000624,D10,0.03511,True
YOLO11s,China_MotorBike__China_MotorBike_000632,D10,0.103313,True
YOLO11s,China_MotorBike__China_MotorBike_000637,D00,0.103313,True
YOLO11s,China_MotorBike__China_MotorBike_000655,D10,0.029449,False
YOLO11s,China_MotorBike__China_MotorBike_000655,D00,0.112778,True
YOLO11s,China_MotorBike__China_MotorBike_000655,D20,0.038452,False
YOLO11s,China_MotorBike__China_MotorBike_000661,D00,0.022724,False
YOLO11s,China_MotorBike__China_MotorBike_000661,D00,0.213596,True
YOLO11s,China_MotorBike__China_MotorBike_000667,D00,0.063034,True
YOLO11s,China_MotorBike__China_MotorBike_000669,D00,0.142525,False
YOLO11s,China_MotorBike__China_MotorBike_000669,D00,0.014557,False
YOLO11s,China_MotorBike__China_MotorBike_000672,D00,0.034241,True
YOLO11s,China_MotorBike__China_MotorBike_000681,D00,0.159164,True
YOLO11s,China_MotorBike__China_MotorBike_000681,D00,0.131161,True
YOLO11s,China_MotorBike__China_MotorBike_000681,D00,0.093384,True
YOLO11s,China_MotorBike__China_MotorBike_000681,D00,0.006615,False
YOLO11s,China_MotorBike__China_MotorBike_000682,D00,0.239822,True
YOLO11s,China_MotorBike__China_MotorBike_000684,D00,0.074074,True
YOLO11s,China_MotorBike__China_MotorBike_000684,D10,0.035759,True
YOLO11s,China_MotorBike__China_MotorBike_000686,D00,0.197556,True
YOLO11s,China_MotorBike__China_MotorBike_000686,D00,0.08606,True
YOLO11s,China_MotorBike__China_MotorBike_000697,D00,0.195267,True
YOLO11s,China_MotorBike__China_MotorBike_000697,D00,0.338139,True
YOLO11s,China_MotorBike__China_MotorBike_000699,D00,0.035004,True
YOLO11s,China_MotorBike__China_MotorBike_000699,D10,0.077393,True
YOLO11s,China_MotorBike__China_MotorBike_000713,D00,0.165634,True
YOLO11s,China_MotorBike__China_MotorBike_000713,D00,0.221497,False
YOLO11s,China_MotorBike__China_MotorBike_000713,D00,0.078964,False
YOLO11s,China_MotorBike__China_MotorBike_000721,D00,0.335564,False
YOLO11s,China_MotorBike__China_MotorBike_000725,D00,0.088768,False
YOLO11s,China_MotorBike__China_MotorBike_000725,D00,0.022095,False
YOLO11s,China_MotorBike__China_MotorBike_000725,D00,0.022522,False
YOLO11s,China_MotorBike__China_MotorBike_000725,D00,0.041428,False
YOLO11s,China_MotorBike__China_MotorBike_000738,D00,0.024719,True
YOLO11s,China_MotorBike__China_MotorBike_000738,D20,0.176239,True
YOLO11s,China_MotorBike__China_MotorBike_000750,D20,0.350876,True
YOLO11s,China_MotorBike__China_MotorBike_000757,D00,0.019363,False
YOLO11s,China_MotorBike__China_MotorBike_000757,D00,0.085545,True
YOLO11s,China_MotorBike__China_MotorBike_000757,D00,0.00972,False
YOLO11s,China_MotorBike__China_MotorBike_000757,D10,0.010803,False
YOLO11s,China_MotorBike__China_MotorBike_000765,D00,0.260185,True
YOLO11s,China_MotorBike__China_MotorBike_000765,D10,0.020439,False
YOLO11s,China_MotorBike__China_MotorBike_000769,D00,0.021149,True
YOLO11s,China_MotorBike__China_MotorBike_000769,D00,0.024113,True
YOLO11s,China_MotorBike__China_MotorBike_000769,D00,0.004784,False
YOLO11s,China_MotorBike__China_MotorBike_000769,D00,0.006409,False
YOLO11s,China_MotorBike__China_MotorBike_000769,D00,0.006729,False
YOLO11s,China_MotorBike__China_MotorBike_000769,D00,0.00761,False
YOLO11s,China_MotorBike__China_MotorBike_000769,D00,0.22287,True
YOLO11s,China_MotorBike__China_MotorBike_000777,D10,0.030499,False
YOLO11s,China_MotorBike__China_MotorBike_000777,D10,0.079102,False
YOLO11s,China_MotorBike__China_MotorBike_000777,D10,0.022049,False
YOLO11s,China_MotorBike__China_MotorBike_000779,D00,0.048786,True
YOLO11s,China_MotorBike__China_MotorBike_000779,D00,0.009819,False
YOLO11s,China_MotorBike__China_MotorBike_000779,D00,0.073509,False
YOLO11s,China_MotorBike__China_MotorBike_000779,D00,0.037384,False
YOLO11s,China_MotorBike__China_MotorBike_000779,D00,0.046326,False
YOLO11s,China_MotorBike__China_MotorBike_000786,D40,0.00843,True
YOLO11s,China_MotorBike__China_MotorBike_000790,D00,0.050049,True
YOLO11s,China_MotorBike__China_MotorBike_000790,D20,0.356163,True
YOLO11s,China_MotorBike__China_MotorBike_000790,D20,0.026543,False
YOLO11s,China_MotorBike__China_MotorBike_000790,D20,0.039227,True
YOLO11s,China_MotorBike__China_MotorBike_000796,D00,0.067841,True
YOLO11s,China_MotorBike__China_MotorBike_000800,D10,0.134239,True
YOLO11s,China_MotorBike__China_MotorBike_000800,D00,0.040382,True
YOLO11s,China_MotorBike__China_MotorBike_000809,D00,0.091618,True
YOLO11s,China_MotorBike__China_MotorBike_000814,D00,0.173008,True
YOLO11s,China_MotorBike__China_MotorBike_000814,D00,0.015091,True
YOLO11s,China_MotorBike__China_MotorBike_000814,D00,0.048962,True
YOLO11s,China_MotorBike__China_MotorBike_000814,D00,0.009861,False
YOLO11s,China_MotorBike__China_MotorBike_000828,D00,0.026016,True
YOLO11s,China_MotorBike__China_MotorBike_000828,D00,0.028114,False
YOLO11s,China_MotorBike__China_MotorBike_000828,D00,0.029709,True
YOLO11s,China_MotorBike__China_MotorBike_000828,D00,0.031822,False
YOLO11s,China_MotorBike__China_MotorBike_000838,D00,0.104588,True
YOLO11s,China_MotorBike__China_MotorBike_000841,D40,0.003075,True
YOLO11s,China_MotorBike__China_MotorBike_000841,D40,0.000412,False
YOLO11s,China_MotorBike__China_MotorBike_000844,D20,0.364521,True
YOLO11s,China_MotorBike__China_MotorBike_000851,D10,0.095329,True
YOLO11s,China_MotorBike__China_MotorBike_000855,D00,0.044975,True
YOLO11s,China_MotorBike__China_MotorBike_000855,D10,0.049667,False
YOLO11s,China_MotorBike__China_MotorBike_000855,D10,0.007507,False
YOLO11s,China_MotorBike__China_MotorBike_000856,D10,0.009468,True
YOLO11s,China_MotorBike__China_MotorBike_000856,D00,0.013351,False
YOLO11s,China_MotorBike__China_MotorBike_000856,D00,0.000801,False
YOLO11s,China_MotorBike__China_MotorBike_000856,D10,0.018951,True
YOLO11s,China_MotorBike__China_MotorBike_000856,D40,0.003773,True
YOLO11s,China_MotorBike__China_MotorBike_000856,D20,0.031281,False
YOLO11s,China_MotorBike__China_MotorBike_000856,D00,0.009727,True
YOLO11s,China_MotorBike__China_MotorBike_000856,D10,0.026917,True
YOLO11s,China_MotorBike__China_MotorBike_000860,D10,0.138401,True
YOLO11s,China_MotorBike__China_MotorBike_000872,D00,0.08963,True
YOLO11s,China_MotorBike__China_MotorBike_000872,D00,0.068287,False
YOLO11s,China_MotorBike__China_MotorBike_000872,D00,0.061798,False
YOLO11s,China_MotorBike__China_MotorBike_000872,D10,0.05558,True
YOLO11s,China_MotorBike__China_MotorBike_000882,D40,0.000916,True
YOLO11s,China_MotorBike__China_MotorBike_000882,D20,0.008072,False
YOLO11s,China_MotorBike__China_MotorBike_000882,D20,0.02063,True
YOLO11s,China_MotorBike__China_MotorBike_000882,D00,0.022888,True
YOLO11s,China_MotorBike__China_MotorBike_000883,D00,0.225346,False
YOLO11s,China_MotorBike__China_MotorBike_000883,D00,0.052471,True
YOLO11s,China_MotorBike__China_MotorBike_000887,D00,0.031952,True
YOLO11s,China_MotorBike__China_MotorBike_000895,D00,0.102539,True
YOLO11s,China_MotorBike__China_MotorBike_000895,D10,0.031891,True
YOLO11s,China_MotorBike__China_MotorBike_000895,D00,0.012695,False
YOLO11s,China_MotorBike__China_MotorBike_000895,D00,0.029526,False
YOLO11s,China_MotorBike__China_MotorBike_000895,D10,0.028847,True
YOLO11s,China_MotorBike__China_MotorBike_000895,D00,0.020355,True
YOLO11s,China_MotorBike__China_MotorBike_000895,D10,0.015667,False
YOLO11s,China_MotorBike__China_MotorBike_000896,D10,0.122925,True
YOLO11s,China_MotorBike__China_MotorBike_000896,D00,0.036152,True
YOLO11s,China_MotorBike__China_MotorBike_000896,D00,0.065174,True
YOLO11s,China_MotorBike__China_MotorBike_000904,D10,0.053959,True
YOLO11s,China_MotorBike__China_MotorBike_000904,D00,0.084915,True
YOLO11s,China_MotorBike__China_MotorBike_000911,D10,0.126068,True
YOLO11s,China_MotorBike__China_MotorBike_000911,D00,0.046051,False
YOLO11s,China_MotorBike__China_MotorBike_000911,D10,0.009827,True
YOLO11s,China_MotorBike__China_MotorBike_000911,D00,0.008602,True
YOLO11s,China_MotorBike__China_MotorBike_000911,D00,0.007351,False
YOLO11s,China_MotorBike__China_MotorBike_000921,D10,0.187134,True
YOLO11s,China_MotorBike__China_MotorBike_000926,D20,0.301552,True
YOLO11s,China_MotorBike__China_MotorBike_000928,D10,0.189083,True
YOLO11s,China_MotorBike__China_MotorBike_000930,D20,0.412415,True
YOLO11s,China_MotorBike__China_MotorBike_000931,D20,0.11282,False
YOLO11s,China_MotorBike__China_MotorBike_000931,D00,0.011063,False
YOLO11s,China_MotorBike__China_MotorBike_000942,D00,0.024101,False
YOLO11s,China_MotorBike__China_MotorBike_000942,D00,0.525875,True
YOLO11s,China_MotorBike__China_MotorBike_000942,D10,0.005917,False
YOLO11s,China_MotorBike__China_MotorBike_000942,D10,0.008678,False
YOLO11s,China_MotorBike__China_MotorBike_000969,D00,0.132553,True
YOLO11s,China_MotorBike__China_MotorBike_000969,D10,0.006298,True
YOLO11s,China_MotorBike__China_MotorBike_000969,D00,0.002937,True
YOLO11s,China_MotorBike__China_MotorBike_000971,D10,0.056931,True
YOLO11s,China_MotorBike__China_MotorBike_000971,D40,0.001957,True
YOLO11s,China_MotorBike__China_MotorBike_000971,D00,0.008789,False
YOLO11s,China_MotorBike__China_MotorBike_000971,D10,0.003418,False
YOLO11s,China_MotorBike__China_MotorBike_000971,D40,0.000587,False
YOLO11s,China_MotorBike__China_MotorBike_000971,D20,0.021271,False
YOLO11s,China_MotorBike__China_MotorBike_000973,D00,0.081295,True
YOLO11s,China_MotorBike__China_MotorBike_000973,D10,0.053493,True
YOLO11s,China_MotorBike__China_MotorBike_000979,D00,0.105644,True
YOLO11s,China_MotorBike__China_MotorBike_000979,D10,0.027649,True
YOLO11s,China_MotorBike__China_MotorBike_000979,D00,0.001099,True
YOLO11s,China_MotorBike__China_MotorBike_000981,D00,0.095367,True
YOLO11s,China_MotorBike__China_MotorBike_000981,D00,0.145947,True
YOLO11s,China_MotorBike__China_MotorBike_000981,D00,0.02948,False
YOLO11s,China_MotorBike__China_MotorBike_000989,D00,0.040321,True
YOLO11s,China_MotorBike__China_MotorBike_000989,D10,0.075806,True
YOLO11s,China_MotorBike__China_MotorBike_000989,D00,0.02438,True
YOLO11s,China_MotorBike__China_MotorBike_000989,D00,0.00705,False
YOLO11s,China_MotorBike__China_MotorBike_000991,D00,0.007622,False
YOLO11s,China_MotorBike__China_MotorBike_000991,D00,0.011028,False
YOLO11s,China_MotorBike__China_MotorBike_000991,D00,0.101349,False
YOLO11s,China_MotorBike__China_MotorBike_000996,D00,0.089287,True
YOLO11s,China_MotorBike__China_MotorBike_000996,D00,0.005119,False
YOLO11s,China_MotorBike__China_MotorBike_000996,D00,0.004326,False
YOLO11s,China_MotorBike__China_MotorBike_000996,D40,0.00769,False
YOLO11s,China_MotorBike__China_MotorBike_000996,D00,0.199863,True
YOLO11s,China_MotorBike__China_MotorBike_001014,D00,0.097466,True
YOLO11s,China_MotorBike__China_MotorBike_001016,D40,0.001297,False
YOLO11s,China_MotorBike__China_MotorBike_001021,D10,0.014038,False
YOLO11s,China_MotorBike__China_MotorBike_001021,D00,0.005089,False
YOLO11s,China_MotorBike__China_MotorBike_001021,D10,0.013378,True
YOLO11s,China_MotorBike__China_MotorBike_001026,D00,0.085602,True
YOLO11s,China_MotorBike__China_MotorBike_001027,D10,0.029373,True
YOLO11s,China_MotorBike__China_MotorBike_001027,D10,0.014114,True
YOLO11s,China_MotorBike__China_MotorBike_001030,D10,0.146198,True
YOLO11s,China_MotorBike__China_MotorBike_001033,D10,0.022743,True
YOLO11s,China_MotorBike__China_MotorBike_001033,D40,0.000343,False
YOLO11s,China_MotorBike__China_MotorBike_001033,D00,0.001282,False
YOLO11s,China_MotorBike__China_MotorBike_001033,D10,0.008629,False
YOLO11s,China_MotorBike__China_MotorBike_001033,D40,0.000549,True
YOLO11s,China_MotorBike__China_MotorBike_001033,D40,0.000641,False
YOLO11s,China_MotorBike__China_MotorBike_001043,D00,0.000877,False
YOLO11s,China_MotorBike__China_MotorBike_001043,D00,0.023804,True
YOLO11s,China_MotorBike__China_MotorBike_001043,D00,0.014431,False
YOLO11s,China_MotorBike__China_MotorBike_001043,D00,0.006229,False
YOLO11s,China_MotorBike__China_MotorBike_001047,D40,0.000843,False
YOLO11s,China_MotorBike__China_MotorBike_001066,D00,0.101471,True
YOLO11s,China_MotorBike__China_MotorBike_001066,D00,0.013863,True
YOLO11s,China_MotorBike__China_MotorBike_001066,D00,0.03027,True
YOLO11s,China_MotorBike__China_MotorBike_001087,D00,0.114155,True
YOLO11s,China_MotorBike__China_MotorBike_001087,D00,0.162392,True
YOLO11s,China_MotorBike__China_MotorBike_001087,D00,0.015259,False
YOLO11s,China_MotorBike__China_MotorBike_001094,D10,0.194931,False
YOLO11s,China_MotorBike__China_MotorBike_001096,D00,0.006149,False
YOLO11s,China_MotorBike__China_MotorBike_001096,D20,0.09922,False
YOLO11s,China_MotorBike__China_MotorBike_001102,D00,0.17347,True
YOLO11s,China_MotorBike__China_MotorBike_001114,D00,0.073814,True
YOLO11s,China_MotorBike__China_MotorBike_001114,D10,0.026497,True
YOLO11s,China_MotorBike__China_MotorBike_001114,D00,0.000526,False
YOLO11s,China_MotorBike__China_MotorBike_001117,D20,0.38438,False
YOLO11s,China_MotorBike__China_MotorBike_001117,D00,0.022957,False
YOLO11s,China_MotorBike__China_MotorBike_001122,D00,0.106983,False
YOLO11s,China_MotorBike__China_MotorBike_001122,D10,0.058807,True
YOLO11s,China_MotorBike__China_MotorBike_001126,D20,0.186253,True
YOLO11s,China_MotorBike__China_MotorBike_001126,D20,0.046257,False
YOLO11s,China_MotorBike__China_MotorBike_001126,D00,0.005653,True
YOLO11s,China_MotorBike__China_MotorBike_001129,D00,0.027344,False
YOLO11s,China_MotorBike__China_MotorBike_001131,D00,0.221977,True
YOLO11s,China_MotorBike__China_MotorBike_001131,D00,0.026283,True
YOLO11s,China_MotorBike__China_MotorBike_001139,D10,0.011719,True
YOLO11s,China_MotorBike__China_MotorBike_001139,D00,0.00444,False
YOLO11s,China_MotorBike__China_MotorBike_001139,D10,0.018631,True
YOLO11s,China_MotorBike__China_MotorBike_001139,D40,0.002129,False
YOLO11s,China_MotorBike__China_MotorBike_001139,D10,0.00882,False
YOLO11s,China_MotorBike__China_MotorBike_001139,D00,0.011654,False
YOLO11s,China_MotorBike__China_MotorBike_001139,D00,0.001373,False
YOLO11s,China_MotorBike__China_MotorBike_001151,D20,0.226982,True
YOLO11s,China_MotorBike__China_MotorBike_001151,D00,0.004562,True
YOLO11s,China_MotorBike__China_MotorBike_001153,D20,0.59259,True
YOLO11s,China_MotorBike__China_MotorBike_001153,D20,0.195389,False
YOLO11s,China_MotorBike__China_MotorBike_001161,D10,0.105743,True
YOLO11s,China_MotorBike__China_MotorBike_001161,D10,0.015358,True
YOLO11s,China_MotorBike__China_MotorBike_001165,D00,0.092339,True
YOLO11s,China_MotorBike__China_MotorBike_001165,D10,0.124317,True
YOLO11s,China_MotorBike__China_MotorBike_001165,D00,0.00103,False
YOLO11s,China_MotorBike__China_MotorBike_001178,D00,0.200386,True
YOLO11s,China_MotorBike__China_MotorBike_001187,D00,0.065109,True
YOLO11s,China_MotorBike__China_MotorBike_001194,D10,0.055939,False
YOLO11s,China_MotorBike__China_MotorBike_001194,D20,0.064354,False
YOLO11s,China_MotorBike__China_MotorBike_001194,D00,0.02932,False
YOLO11s,China_MotorBike__China_MotorBike_001194,D00,0.005493,False
YOLO11s,China_MotorBike__China_MotorBike_001219,D00,0.316734,True
YOLO11s,China_MotorBike__China_MotorBike_001219,D00,0.192673,True
YOLO11s,China_MotorBike__China_MotorBike_001219,D00,0.048065,True
YOLO11s,China_MotorBike__China_MotorBike_001219,D00,0.050648,True
YOLO11s,China_MotorBike__China_MotorBike_001224,D20,0.169525,True
YOLO11s,China_MotorBike__China_MotorBike_001224,D10,0.021904,False
YOLO11s,China_MotorBike__China_MotorBike_001224,D00,0.023071,False
YOLO11s,China_MotorBike__China_MotorBike_001225,D00,0.034073,False
YOLO11s,China_MotorBike__China_MotorBike_001232,D10,0.115009,True
YOLO11s,China_MotorBike__China_MotorBike_001232,D10,0.026703,True
YOLO11s,China_MotorBike__China_MotorBike_001248,D10,0.210663,True
YOLO11s,China_MotorBike__China_MotorBike_001273,D10,0.200779,True
YOLO11s,China_MotorBike__China_MotorBike_001277,D10,0.007553,True
YOLO11s,China_MotorBike__China_MotorBike_001277,D10,0.04364,True
YOLO11s,China_MotorBike__China_MotorBike_001277,D00,0.002975,False
YOLO11s,China_MotorBike__China_MotorBike_001277,D00,0.002205,True
YOLO11s,China_MotorBike__China_MotorBike_001285,D20,0.859646,True
YOLO11s,China_MotorBike__China_MotorBike_001287,D00,0.12426,True
YOLO11s,China_MotorBike__China_MotorBike_001287,D10,0.004967,False
YOLO11s,China_MotorBike__China_MotorBike_001287,D00,0.00668,False
YOLO11s,China_MotorBike__China_MotorBike_001287,D00,0.029282,False
YOLO11s,China_MotorBike__China_MotorBike_001287,D00,0.015438,False
YOLO11s,China_MotorBike__China_MotorBike_001287,D10,0.00087,False
YOLO11s,China_MotorBike__China_MotorBike_001287,D00,0.000992,False
YOLO11s,China_MotorBike__China_MotorBike_001287,D10,0.06459,True
YOLO11s,China_MotorBike__China_MotorBike_001287,D00,0.021873,True
YOLO11s,China_MotorBike__China_MotorBike_001289,D10,0.090363,True
YOLO11s,China_MotorBike__China_MotorBike_001300,D40,0.007553,True
YOLO11s,China_MotorBike__China_MotorBike_001304,D00,0.146198,True
YOLO11s,China_MotorBike__China_MotorBike_001313,D00,0.081779,True
YOLO11s,China_MotorBike__China_MotorBike_001326,D20,0.500973,True
YOLO11s,China_MotorBike__China_MotorBike_001326,D10,0.011536,True
YOLO11s,China_MotorBike__China_MotorBike_001331,D00,0.078175,False
YOLO11s,China_MotorBike__China_MotorBike_001331,D00,0.010529,False
YOLO11s,China_MotorBike__China_MotorBike_001337,D10,0.144249,True
YOLO11s,China_MotorBike__China_MotorBike_001339,D00,0.135353,True
YOLO11s,China_MotorBike__China_MotorBike_001339,D10,0.152451,True
YOLO11s,China_MotorBike__China_MotorBike_001339,D00,0.037354,True
YOLO11s,China_MotorBike__China_MotorBike_001339,D10,0.018127,True
YOLO11s,China_MotorBike__China_MotorBike_001349,D10,0.009987,False
YOLO11s,China_MotorBike__China_MotorBike_001349,D10,0.047775,True
YOLO11s,China_MotorBike__China_MotorBike_001349,D00,0.002827,False
YOLO11s,China_MotorBike__China_MotorBike_001349,D00,0.003777,True
YOLO11s,China_MotorBike__China_MotorBike_001350,D40,0.004154,True
YOLO11s,China_MotorBike__China_MotorBike_001350,D40,0.000366,False
YOLO11s,China_MotorBike__China_MotorBike_001354,D00,0.075874,True
YOLO11s,China_MotorBike__China_MotorBike_001356,D20,0.507278,True
YOLO11s,China_MotorBike__China_MotorBike_001365,D00,0.298244,True
YOLO11s,China_MotorBike__China_MotorBike_001365,D00,0.008728,False
YOLO11s,China_MotorBike__China_MotorBike_001365,D20,0.028381,False
YOLO11s,China_MotorBike__China_MotorBike_001367,D00,0.085285,True
YOLO11s,China_MotorBike__China_MotorBike_001367,D20,0.08107,True
YOLO11s,China_MotorBike__China_MotorBike_001367,D20,0.019424,False
YOLO11s,China_MotorBike__China_MotorBike_001368,D00,0.187134,True
YOLO11s,China_MotorBike__China_MotorBike_001377,D20,0.19437,True
YOLO11s,China_MotorBike__China_MotorBike_001383,D20,0.633526,True
YOLO11s,China_MotorBike__China_MotorBike_001383,D20,0.175842,False
YOLO11s,China_MotorBike__China_MotorBike_001384,D00,0.117817,True
YOLO11s,China_MotorBike__China_MotorBike_001385,D00,0.004215,True
YOLO11s,China_MotorBike__China_MotorBike_001390,D00,0.284042,True
YOLO11s,China_MotorBike__China_MotorBike_001390,D10,0.039551,True
YOLO11s,China_MotorBike__China_MotorBike_001409,D00,0.230873,True
YOLO11s,China_MotorBike__China_MotorBike_001409,D20,0.168526,True
YOLO11s,China_MotorBike__China_MotorBike_001409,D20,0.309006,True
YOLO11s,China_MotorBike__China_MotorBike_001412,D00,0.111111,True
YOLO11s,China_MotorBike__China_MotorBike_001413,D00,0.051739,False
YOLO11s,China_MotorBike__China_MotorBike_001413,D00,0.0439,True
YOLO11s,China_MotorBike__China_MotorBike_001413,D10,0.054649,True
YOLO11s,China_MotorBike__China_MotorBike_001413,D20,0.033428,False
YOLO11s,China_MotorBike__China_MotorBike_001413,D00,0.01442,True
YOLO11s,China_MotorBike__China_MotorBike_001413,D00,0.019276,False
YOLO11s,China_MotorBike__China_MotorBike_001420,D10,0.024033,True
YOLO11s,China_MotorBike__China_MotorBike_001420,D10,0.0065,False
YOLO11s,China_MotorBike__China_MotorBike_001420,D10,0.01133,False
YOLO11s,China_MotorBike__China_MotorBike_001429,D00,0.11306,True
YOLO11s,China_MotorBike__China_MotorBike_001429,D10,0.018211,True
YOLO11s,China_MotorBike__China_MotorBike_001430,D20,0.249966,True
YOLO11s,China_MotorBike__China_MotorBike_001434,D00,0.112175,True
YOLO11s,China_MotorBike__China_MotorBike_001436,D20,0.058891,False
YOLO11s,China_MotorBike__China_MotorBike_001436,D20,0.14827,True
YOLO11s,China_MotorBike__China_MotorBike_001436,D00,0.005554,True
YOLO11s,China_MotorBike__China_MotorBike_001437,D40,0.003784,True
YOLO11s,China_MotorBike__China_MotorBike_001437,D40,0.000587,False
YOLO11s,China_MotorBike__China_MotorBike_001446,D10,0.161793,True
YOLO11s,China_MotorBike__China_MotorBike_001458,D10,0.013664,True
YOLO11s,China_MotorBike__China_MotorBike_001458,D00,0.066277,True
YOLO11s,China_MotorBike__China_MotorBike_001461,D10,0.173489,True
YOLO11s,China_MotorBike__China_MotorBike_001461,D10,0.124756,True
YOLO11s,China_MotorBike__China_MotorBike_001472,D10,0.272903,True
YOLO11s,China_MotorBike__China_MotorBike_001500,D00,0.337189,True
YOLO11s,China_MotorBike__China_MotorBike_001505,D10,0.088928,True
YOLO11s,China_MotorBike__China_MotorBike_001508,D40,0.016342,True
YOLO11s,China_MotorBike__China_MotorBike_001519,D00,0.11792,True
YOLO11s,China_MotorBike__China_MotorBike_001519,D10,0.038437,True
YOLO11s,China_MotorBike__China_MotorBike_001519,D00,0.013885,True
YOLO11s,China_MotorBike__China_MotorBike_001519,D00,0.004326,False
YOLO11s,China_MotorBike__China_MotorBike_001519,D00,0.00705,True
YOLO11s,China_MotorBike__China_MotorBike_001519,D00,0.002167,False
YOLO11s,China_MotorBike__China_MotorBike_001520,D00,0.101089,False
YOLO11s,China_MotorBike__China_MotorBike_001520,D00,0.028667,False
YOLO11s,China_MotorBike__China_MotorBike_001520,D00,0.009232,False
YOLO11s,China_MotorBike__China_MotorBike_001520,D40,0.034019,False
YOLO11s,China_MotorBike__China_MotorBike_001520,D00,0.048882,True
YOLO11s,China_MotorBike__China_MotorBike_001520,D20,0.002323,False
YOLO11s,China_MotorBike__China_MotorBike_001540,D00,0.114258,True
YOLO11s,China_MotorBike__China_MotorBike_001540,D10,0.118584,True
YOLO11s,China_MotorBike__China_MotorBike_001553,D00,0.068115,True
YOLO11s,China_MotorBike__China_MotorBike_001553,D00,0.004406,False
YOLO11s,China_MotorBike__China_MotorBike_001553,D00,0.00351,False
YOLO11s,China_MotorBike__China_MotorBike_001553,D40,0.006104,False
YOLO11s,China_MotorBike__China_MotorBike_001553,D00,0.273918,True
YOLO11s,China_MotorBike__China_MotorBike_001554,D10,0.140564,True
YOLO11s,China_MotorBike__China_MotorBike_001568,D20,0.842651,True
YOLO11s,China_MotorBike__China_MotorBike_001573,D00,0.074158,True
YOLO11s,China_MotorBike__China_MotorBike_001573,D10,0.036163,True
YOLO11s,China_MotorBike__China_MotorBike_001573,D00,0.000343,False
YOLO11s,China_MotorBike__China_MotorBike_001574,D00,0.006798,False
YOLO11s,China_MotorBike__China_MotorBike_001574,D00,0.011749,False
YOLO11s,China_MotorBike__China_MotorBike_001574,D00,0.033302,True
YOLO11s,China_MotorBike__China_MotorBike_001574,D00,0.091892,True
YOLO11s,China_MotorBike__China_MotorBike_001575,D10,0.005264,False
YOLO11s,China_MotorBike__China_MotorBike_001575,D00,0.141785,True
YOLO11s,China_MotorBike__China_MotorBike_001575,D10,0.007484,True
YOLO11s,China_MotorBike__China_MotorBike_001582,D10,0.111111,True
YOLO11s,China_MotorBike__China_MotorBike_001600,D00,0.023529,True
YOLO11s,China_MotorBike__China_MotorBike_001600,D20,0.147591,True
YOLO11s,China_MotorBike__China_MotorBike_001605,D20,0.313763,True
YOLO11s,China_MotorBike__China_MotorBike_001607,D40,0.000854,False
YOLO11s,China_MotorBike__China_MotorBike_001613,D00,0.183395,True
YOLO11s,China_MotorBike__China_MotorBike_001613,D00,0.09388,False
YOLO11s,China_MotorBike__China_MotorBike_001613,D20,0.007477,False
YOLO11s,China_MotorBike__China_MotorBike_001614,D00,0.021309,True
YOLO11s,China_MotorBike__China_MotorBike_001614,D00,0.143013,True
YOLO11s,China_MotorBike__China_MotorBike_001614,D00,0.014179,False
YOLO11s,China_MotorBike__China_MotorBike_001614,D00,0.007622,False
YOLO11s,China_MotorBike__China_MotorBike_001614,D00,0.028618,True
YOLO11s,China_MotorBike__China_MotorBike_001616,D00,0.033981,True
YOLO11s,China_MotorBike__China_MotorBike_001616,D00,0.017876,False
YOLO11s,China_MotorBike__China_MotorBike_001616,D00,0.006859,True
YOLO11s,China_MotorBike__China_MotorBike_001616,D00,0.186405,True
YOLO11s,China_MotorBike__China_MotorBike_001616,D00,0.01236,True
YOLO11s,China_MotorBike__China_MotorBike_001618,D00,0.107285,True
YOLO11s,China_MotorBike__China_MotorBike_001618,D00,0.0401,True
YOLO11s,China_MotorBike__China_MotorBike_001618,D00,0.013298,True
YOLO11s,China_MotorBike__China_MotorBike_001622,D00,0.002747,False
YOLO11s,China_MotorBike__China_MotorBike_001622,D10,0.11351,True
YOLO11s,China_MotorBike__China_MotorBike_001662,D00,0.001804,False
YOLO11s,China_MotorBike__China_MotorBike_001662,D00,0.01004,False
YOLO11s,China_MotorBike__China_MotorBike_001662,D10,0.010967,False
YOLO11s,China_MotorBike__China_MotorBike_001662,D10,0.031334,True
YOLO11s,China_MotorBike__China_MotorBike_001662,D40,0.00267,True
YOLO11s,China_MotorBike__China_MotorBike_001662,D20,0.047775,False
YOLO11s,China_MotorBike__China_MotorBike_001662,D00,0.004822,True
YOLO11s,China_MotorBike__China_MotorBike_001662,D10,0.013409,True
YOLO11s,China_MotorBike__China_MotorBike_001679,D00,0.178242,True
YOLO11s,China_MotorBike__China_MotorBike_001686,D00,0.21941,False
YOLO11s,China_MotorBike__China_MotorBike_001700,D10,0.087719,True
YOLO11s,China_MotorBike__China_MotorBike_001707,D00,0.054474,True
YOLO11s,China_MotorBike__China_MotorBike_001708,D00,0.217896,True
YOLO11s,China_MotorBike__China_MotorBike_001712,D00,0.081871,True
YOLO11s,China_MotorBike__China_MotorBike_001724,D10,0.018585,False
YOLO11s,China_MotorBike__China_MotorBike_001724,D00,0.221252,True
YOLO11s,China_MotorBike__China_MotorBike_001724,D20,0.026733,False
YOLO11s,China_MotorBike__China_MotorBike_001727,D20,0.260651,True
YOLO11s,China_MotorBike__China_MotorBike_001733,D20,0.879822,True
YOLO11s,China_MotorBike__China_MotorBike_001741,D00,0.375767,True
YOLO11s,China_MotorBike__China_MotorBike_001741,D00,0.242462,True
YOLO11s,China_MotorBike__China_MotorBike_001749,D10,0.192982,True
YOLO11s,China_MotorBike__China_MotorBike_001749,D00,0.056313,True
YOLO11s,China_MotorBike__China_MotorBike_001749,D10,0.070286,True
YOLO11s,China_MotorBike__China_MotorBike_001751,D00,0.044594,False
YOLO11s,China_MotorBike__China_MotorBike_001751,D00,0.099792,True
YOLO11s,China_MotorBike__China_MotorBike_001751,D00,0.074253,False
YOLO11s,China_MotorBike__China_MotorBike_001753,D00,0.33062,True
YOLO11s,China_MotorBike__China_MotorBike_001753,D00,0.09317,True
YOLO11s,China_MotorBike__China_MotorBike_001758,D00,0.033165,False
YOLO11s,China_MotorBike__China_MotorBike_001760,D10,0.004219,False
YOLO11s,China_MotorBike__China_MotorBike_001760,D00,0.105858,True
YOLO11s,China_MotorBike__China_MotorBike_001760,D00,0.008366,False
YOLO11s,China_MotorBike__China_MotorBike_001760,D10,0.005074,False
YOLO11s,China_MotorBike__China_MotorBike_001765,D00,0.009842,False
YOLO11s,China_MotorBike__China_MotorBike_001765,D20,0.339722,True
YOLO11s,China_MotorBike__China_MotorBike_001765,D20,0.030556,False
YOLO11s,China_MotorBike__China_MotorBike_001773,D20,0.066696,False
YOLO11s,China_MotorBike__China_MotorBike_001773,D10,0.015377,False
YOLO11s,China_MotorBike__China_MotorBike_001773,D10,0.07914,False
YOLO11s,China_MotorBike__China_MotorBike_001782,D00,0.072124,True
YOLO11s,China_MotorBike__China_MotorBike_001786,D00,0.016632,False
YOLO11s,China_MotorBike__China_MotorBike_001786,D00,0.083633,True
YOLO11s,China_MotorBike__China_MotorBike_001786,D10,0.013771,False
YOLO11s,China_MotorBike__China_MotorBike_001810,D00,0.360661,False
YOLO11s,China_MotorBike__China_MotorBike_001811,D40,0.004005,True
YOLO11s,China_MotorBike__China_MotorBike_001811,D40,0.000755,False
YOLO11s,China_MotorBike__China_MotorBike_001829,D00,0.08617,True
YOLO11s,China_MotorBike__China_MotorBike_001838,D00,0.127029,False
YOLO11s,China_MotorBike__China_MotorBike_001840,D00,0.161964,True
YOLO11s,China_MotorBike__China_MotorBike_001842,D10,0.046417,True
YOLO11s,China_MotorBike__China_MotorBike_001842,D40,0.002136,True
YOLO11s,China_MotorBike__China_MotorBike_001842,D40,0.000793,False
YOLO11s,China_MotorBike__China_MotorBike_001842,D00,0.006405,True
YOLO11s,China_MotorBike__China_MotorBike_001842,D20,0.022602,False
YOLO11s,China_MotorBike__China_MotorBike_001846,D00,0.105759,True
YOLO11s,China_MotorBike__China_MotorBike_001846,D10,0.010635,False
YOLO11s,China_MotorBike__China_MotorBike_001859,D10,0.097023,True
YOLO11s,China_MotorBike__China_MotorBike_001879,D00,0.057697,True
YOLO11s,China_MotorBike__China_MotorBike_001879,D20,0.122345,False
YOLO11s,China_MotorBike__China_MotorBike_001881,D00,0.382977,True
YOLO11s,China_MotorBike__China_MotorBike_001881,D10,0.082031,True
YOLO11s,China_MotorBike__China_MotorBike_001881,D00,0.001183,True
YOLO11s,China_MotorBike__China_MotorBike_001918,D20,0.217407,True
YOLO11s,China_MotorBike__China_MotorBike_001921,D10,0.114784,True
YOLO11s,China_MotorBike__China_MotorBike_001921,D00,0.123901,False
YOLO11s,China_MotorBike__China_MotorBike_001921,D00,0.001648,True
YOLO11s,China_MotorBike__China_MotorBike_001929,D00,0.064487,True
YOLO11s,China_MotorBike__China_MotorBike_001929,D00,0.014317,False
YOLO11s,China_MotorBike__China_MotorBike_001929,D00,0.02277,False
YOLO11s,China_MotorBike__China_MotorBike_001929,D00,0.033981,False
YOLO11s,China_MotorBike__China_MotorBike_001929,D00,0.025177,False
YOLO11s,China_MotorBike__China_MotorBike_001961,D10,0.14035,True
YOLO11s,China_MotorBike__China_MotorBike_001966,D00,0.153217,True
YOLO11s,China_MotorBike__China_MotorBike_001966,D00,0.050983,True
YOLO11s,China_MotorBike__China_MotorBike_001966,D00,0.084076,True
YOLO11s,China_MotorBike__China_MotorBike_001967,D00,0.021164,False
YOLO11s,China_MotorBike__China_MotorBike_001967,D00,0.011673,False
YOLO11s,China_MotorBike__China_MotorBike_001972,D00,0.154236,False
YOLO11s,China_MotorBike__China_MotorBike_001973,D00,0.059807,True
YOLO11s,China_MotorBike__China_MotorBike_001973,D10,0.179176,True
YOLO11s,China_MotorBike__China_MotorBike_001973,D00,0.053642,True
YOLO11s,China_MotorBike__China_MotorBike_001973,D00,0.048485,False
YOLO11s,Czech__Czech_000031,D20,0.008944,False
YOLO11s,Czech__Czech_000031,D20,0.0055,False
YOLO11s,Czech__Czech_000031,D00,0.004442,False
YOLO11s,Czech__Czech_000092,D10,0.008161,False
YOLO11s,Czech__Czech_000092,D20,0.038156,False
YOLO11s,Czech__Czech_000092,D20,0.040122,False
YOLO11s,Czech__Czech_000103,D40,0.00125,False
YOLO11s,Czech__Czech_000118,D00,0.0082,False
YOLO11s,Czech__Czech_000204,D00,0.031644,True
YOLO11s,Czech__Czech_000204,D00,0.010847,True
YOLO11s,Czech__Czech_000248,D20,0.015461,False
YOLO11s,Czech__Czech_000248,D20,0.0378,False
YOLO11s,Czech__Czech_000249,D10,0.008983,False
YOLO11s,Czech__Czech_000273,D00,0.0078,False
YOLO11s,Czech__Czech_000293,D40,0.009431,True
YOLO11s,Czech__Czech_000293,D40,0.0042,False
YOLO11s,Czech__Czech_000293,D40,0.002722,False
YOLO11s,Czech__Czech_000296,D00,0.054861,False
YOLO11s,Czech__Czech_000296,D40,0.004861,False
YOLO11s,Czech__Czech_000305,D00,0.01085,False
YOLO11s,Czech__Czech_000305,D00,0.009319,False
YOLO11s,Czech__Czech_000325,D00,0.01265,False
YOLO11s,Czech__Czech_000332,D00,0.006222,False
YOLO11s,Czech__Czech_000355,D00,0.010478,False
YOLO11s,Czech__Czech_000355,D00,0.013417,False
YOLO11s,Czech__Czech_000389,D00,0.0035,False
YOLO11s,Czech__Czech_000398,D10,0.00455,False
YOLO11s,Czech__Czech_000402,D20,0.0328,False
YOLO11s,Czech__Czech_000426,D00,0.007294,False
YOLO11s,Czech__Czech_000459,D00,0.003075,False
YOLO11s,Czech__Czech_000472,D10,0.014175,False
YOLO11s,Czech__Czech_000526,D00,0.0266,False
YOLO11s,Czech__Czech_000553,D10,0.014208,True
YOLO11s,Czech__Czech_000553,D10,0.013067,False
YOLO11s,Czech__Czech_000569,D00,0.0368,False
YOLO11s,Czech__Czech_000594,D20,0.034883,True
YOLO11s,Czech__Czech_000596,D40,0.004133,False
YOLO11s,Czech__Czech_000599,D20,0.01845,False
YOLO11s,Czech__Czech_000662,D00,0.002292,False
YOLO11s,Czech__Czech_000677,D00,0.006889,False
YOLO11s,Czech__Czech_000725,D00,0.01015,False
YOLO11s,Czech__Czech_000737,D00,0.009083,False
YOLO11s,Czech__Czech_000737,D00,0.007194,False
YOLO11s,Czech__Czech_000738,D00,0.017,False
YOLO11s,Czech__Czech_000738,D00,0.016975,False
YOLO11s,Czech__Czech_000742,D20,0.097139,True
YOLO11s,Czech__Czech_000768,D40,0.006333,False
YOLO11s,Czech__Czech_000814,D00,0.010133,True
YOLO11s,Czech__Czech_000814,D40,0.020278,False
YOLO11s,Czech__Czech_000817,D00,0.005694,False
YOLO11s,Czech__Czech_000817,D00,0.017917,False
YOLO11s,Czech__Czech_000817,D00,0.027436,False
YOLO11s,Czech__Czech_000853,D40,0.006356,False
YOLO11s,Czech__Czech_000853,D00,0.006578,False
YOLO11s,Czech__Czech_000853,D00,0.007214,False
YOLO11s,Czech__Czech_000900,D00,0.009675,True
YOLO11s,Czech__Czech_000928,D00,0.030692,True
YOLO11s,Czech__Czech_000937,D40,0.0153,False
YOLO11s,Czech__Czech_000937,D40,0.0096,False
YOLO11s,Czech__Czech_000948,D00,0.013211,True
YOLO11s,Czech__Czech_000950,D00,0.0116,False
YOLO11s,Czech__Czech_000973,D20,0.017078,False
YOLO11s,Czech__Czech_000973,D40,0.0036,False
YOLO11s,Czech__Czech_000973,D40,0.002708,False
YOLO11s,Czech__Czech_000996,D00,0.012097,False
YOLO11s,Czech__Czech_000996,D00,0.006658,False
YOLO11s,Czech__Czech_001003,D00,0.010133,True
YOLO11s,Czech__Czech_001005,D10,0.00855,False
YOLO11s,Czech__Czech_001017,D00,0.0228,False
YOLO11s,Czech__Czech_001023,D10,0.004486,False
YOLO11s,Czech__Czech_001023,D00,0.007111,False
YOLO11s,Czech__Czech_001023,D00,0.004533,False
YOLO11s,Czech__Czech_001028,D00,0.008667,True
YOLO11s,Czech__Czech_001028,D10,0.027217,False
YOLO11s,Czech__Czech_001054,D10,0.004133,False
YOLO11s,Czech__Czech_001054,D40,0.008392,False
YOLO11s,Czech__Czech_001054,D40,0.003533,False
YOLO11s,Czech__Czech_001058,D00,0.004628,False
YOLO11s,Czech__Czech_001058,D00,0.017556,False
YOLO11s,Czech__Czech_001058,D00,0.004628,False
YOLO11s,Czech__Czech_001090,D10,0.019708,True
YOLO11s,Czech__Czech_001090,D40,0.007583,False
YOLO11s,Czech__Czech_001107,D40,0.003867,False
YOLO11s,Czech__Czech_001107,D40,0.001,False
YOLO11s,Czech__Czech_001107,D40,0.002261,False
YOLO11s,Czech__Czech_001108,D00,0.01815,True
YOLO11s,Czech__Czech_001108,D10,0.0155,False
YOLO11s,Czech__Czech_001113,D00,0.014361,False
YOLO11s,Czech__Czech_001120,D00,0.013317,False
YOLO11s,Czech__Czech_001120,D20,0.009908,False
YOLO11s,Czech__Czech_001120,D10,0.0119,False
YOLO11s,Czech__Czech_001120,D10,0.0119,False
YOLO11s,Czech__Czech_001152,D00,0.010478,True
YOLO11s,Czech__Czech_001159,D00,0.025511,False
YOLO11s,Czech__Czech_001236,D00,0.008,False
YOLO11s,Czech__Czech_001236,D00,0.003003,False
YOLO11s,Czech__Czech_001236,D00,0.002456,False
YOLO11s,Czech__Czech_001256,D00,0.016292,True
YOLO11s,Czech__Czech_001264,D20,0.020139,False
YOLO11s,Czech__Czech_001296,D00,0.0052,False
YOLO11s,Czech__Czech_001296,D10,0.006386,False
YOLO11s,Czech__Czech_001302,D20,0.085433,True
YOLO11s,Czech__Czech_001302,D20,0.011367,False
YOLO11s,Czech__Czech_001383,D00,0.011189,True
YOLO11s,Czech__Czech_001383,D00,0.0099,False
YOLO11s,Czech__Czech_001391,D00,0.012133,False
YOLO11s,Czech__Czech_001424,D00,0.0234,True
YOLO11s,Czech__Czech_001440,D10,0.004889,False
YOLO11s,Czech__Czech_001457,D00,0.009828,False
YOLO11s,Czech__Czech_001457,D00,0.009828,False
YOLO11s,Czech__Czech_001496,D10,0.004275,False
YOLO11s,Czech__Czech_001514,D40,0.000897,False
YOLO11s,Czech__Czech_001546,D00,0.009989,False
YOLO11s,Czech__Czech_001546,D00,0.0171,False
YOLO11s,Czech__Czech_001546,D00,0.009989,False
YOLO11s,Czech__Czech_001546,D10,0.00685,False
YOLO11s,Czech__Czech_001546,D10,0.010511,False
YOLO11s,Czech__Czech_001546,D10,0.00685,False
YOLO11s,Czech__Czech_001573,D10,0.0057,False
YOLO11s,Czech__Czech_001573,D00,0.005572,False
YOLO11s,Czech__Czech_001573,D00,0.002133,False
YOLO11s,Czech__Czech_001573,D00,0.002133,False
YOLO11s,Czech__Czech_001596,D00,0.0275,False
YOLO11s,Czech__Czech_001596,D00,0.033567,False
YOLO11s,Czech__Czech_001596,D10,0.014311,False
YOLO11s,Czech__Czech_001648,D00,0.002722,False
YOLO11s,Czech__Czech_001648,D10,0.023289,True
YOLO11s,Czech__Czech_001648,D10,0.012356,False
YOLO11s,Czech__Czech_001648,D10,0.008264,False
YOLO11s,Czech__Czech_001648,D10,0.006906,False
YOLO11s,Czech__Czech_001658,D00,0.022594,False
YOLO11s,Czech__Czech_001658,D20,0.014356,False
YOLO11s,Czech__Czech_001662,D00,0.019169,True
YOLO11s,Czech__Czech_001726,D00,0.054933,True
YOLO11s,Czech__Czech_001727,D00,0.010333,False
YOLO11s,Czech__Czech_001789,D10,0.0045,False
YOLO11s,Czech__Czech_001823,D00,0.007933,False
YOLO11s,Czech__Czech_001825,D00,0.009333,False
YOLO11s,Czech__Czech_001825,D40,0.012,False
YOLO11s,Czech__Czech_001825,D40,0.002817,False
YOLO11s,Czech__Czech_001825,D40,0.002817,False
YOLO11s,Czech__Czech_001849,D00,0.012456,False
YOLO11s,Czech__Czech_001860,D00,0.025067,True
YOLO11s,Czech__Czech_001882,D00,0.005689,False
YOLO11s,Czech__Czech_001882,D10,0.0075,False
YOLO11s,Czech__Czech_001886,D00,0.00645,False
YOLO11s,Czech__Czech_001934,D00,0.015672,False
YOLO11s,Czech__Czech_001940,D40,0.020589,False
YOLO11s,Czech__Czech_002003,D00,0.006722,False
YOLO11s,Czech__Czech_002014,D00,0.012567,False
YOLO11s,Czech__Czech_002021,D00,0.009392,False
YOLO11s,Czech__Czech_002028,D00,0.039667,False
YOLO11s,Czech__Czech_002028,D00,0.015186,False
YOLO11s,Czech__Czech_002041,D00,0.032064,True
YOLO11s,Czech__Czech_002041,D00,0.0106,False
YOLO11s,Czech__Czech_002041,D10,0.0105,True
YOLO11s,Czech__Czech_002145,D00,0.014183,False
YOLO11s,Czech__Czech_002145,D20,0.026039,False
YOLO11s,Czech__Czech_002163,D00,0.007875,False
YOLO11s,Czech__Czech_002176,D00,0.0036,False
YOLO11s,Czech__Czech_002242,D00,0.005331,False
YOLO11s,Czech__Czech_002242,D00,0.012133,False
YOLO11s,Czech__Czech_002255,D00,0.033375,True
YOLO11s,Czech__Czech_002265,D10,0.006,False
YOLO11s,Czech__Czech_002285,D00,0.02535,True
YOLO11s,Czech__Czech_002294,D00,0.005167,True
YOLO11s,Czech__Czech_002294,D00,0.039667,False
YOLO11s,Czech__Czech_002294,D00,0.005167,False
YOLO11s,Czech__Czech_002300,D00,0.024258,False
YOLO11s,Czech__Czech_002300,D00,0.032,True
YOLO11s,Czech__Czech_002328,D00,0.016792,True
YOLO11s,Czech__Czech_002361,D00,0.032142,False
YOLO11s,Czech__Czech_002410,D00,0.029483,False
YOLO11s,Czech__Czech_002424,D10,0.012975,True
YOLO11s,Czech__Czech_002424,D00,0.013372,False
YOLO11s,Czech__Czech_002442,D00,0.014778,False
YOLO11s,Czech__Czech_002444,D40,0.004736,False
YOLO11s,Czech__Czech_002444,D20,0.049867,False
YOLO11s,Czech__Czech_002456,D00,0.020533,False
YOLO11s,Czech__Czech_002463,D00,0.00915,True
YOLO11s,Czech__Czech_002463,D00,0.007178,False
YOLO11s,Czech__Czech_002513,D00,0.0076,False
YOLO11s,Czech__Czech_002513,D00,0.010111,False
YOLO11s,Czech__Czech_002516,D10,0.0214,False
YOLO11s,Czech__Czech_002555,D10,0.003956,False
YOLO11s,Czech__Czech_002612,D40,0.002236,True
YOLO11s,Czech__Czech_002612,D00,0.014017,False
YOLO11s,Czech__Czech_002640,D00,0.014167,True
YOLO11s,Czech__Czech_002647,D10,0.0066,False
YOLO11s,Czech__Czech_002647,D00,0.00495,False
YOLO11s,Czech__Czech_002658,D00,0.018239,False
YOLO11s,Czech__Czech_002662,D00,0.009111,True
YOLO11s,Czech__Czech_002662,D10,0.00345,False
YOLO11s,Czech__Czech_002662,D10,0.005722,True
YOLO11s,Czech__Czech_002673,D10,0.028625,False
YOLO11s,Czech__Czech_002677,D10,0.0187,False
YOLO11s,Czech__Czech_002677,D10,0.003494,False
YOLO11s,Czech__Czech_002689,D10,0.004522,False
YOLO11s,Czech__Czech_002694,D00,0.018472,True
YOLO11s,Czech__Czech_002701,D10,0.019917,False
YOLO11s,Czech__Czech_002713,D20,0.020472,False
YOLO11s,Czech__Czech_002715,D00,0.014492,False
YOLO11s,Czech__Czech_002746,D00,0.018428,False
YOLO11s,Czech__Czech_002746,D10,0.040192,False
YOLO11s,Czech__Czech_002747,D00,0.012778,False
YOLO11s,Czech__Czech_002794,D10,0.0186,True
YOLO11s,Czech__Czech_002811,D00,0.003825,False
YOLO11s,Czech__Czech_002868,D00,0.003344,False
YOLO11s,Czech__Czech_002892,D10,0.012444,False
YOLO11s,Czech__Czech_002924,D00,0.011522,False
YOLO11s,Czech__Czech_002924,D00,0.017158,False
YOLO11s,Czech__Czech_002924,D00,0.026333,False
YOLO11s,Czech__Czech_002951,D10,0.005778,False
YOLO11s,Czech__Czech_002958,D00,0.017494,True
YOLO11s,Czech__Czech_002998,D00,0.016856,False
YOLO11s,Czech__Czech_002998,D00,0.006967,True
YOLO11s,Czech__Czech_002998,D10,0.006261,True
YOLO11s,Czech__Czech_002998,D40,0.005083,False
YOLO11s,Czech__Czech_002998,D10,0.006261,True
YOLO11s,Czech__Czech_002998,D00,0.014467,False
YOLO11s,Czech__Czech_003016,D00,0.0129,False
YOLO11s,Czech__Czech_003058,D00,0.013417,False
YOLO11s,Czech__Czech_003069,D10,0.011181,False
YOLO11s,Czech__Czech_003069,D00,0.009533,False
YOLO11s,Czech__Czech_003100,D00,0.015447,False
YOLO11s,Czech__Czech_003121,D00,0.018083,True
YOLO11s,Czech__Czech_003151,D00,0.0143,True
YOLO11s,Czech__Czech_003183,D00,0.036789,False
YOLO11s,Czech__Czech_003185,D00,0.0234,False
YOLO11s,Czech__Czech_003217,D00,0.004356,False
YOLO11s,Czech__Czech_003217,D10,0.01365,False
YOLO11s,Czech__Czech_003231,D00,0.011917,False
YOLO11s,Czech__Czech_003243,D00,0.008011,False
YOLO11s,Czech__Czech_003246,D00,0.007867,False
YOLO11s,Czech__Czech_003331,D00,0.0113,False
YOLO11s,Czech__Czech_003345,D20,0.0528,False
YOLO11s,Czech__Czech_003345,D10,0.010489,False
YOLO11s,Czech__Czech_003362,D00,0.032778,False
YOLO11s,Czech__Czech_003377,D10,0.008533,False
YOLO11s,Czech__Czech_003377,D10,0.0201,False
YOLO11s,Czech__Czech_003444,D00,0.026578,True
YOLO11s,Czech__Czech_003444,D00,0.017767,True
YOLO11s,Czech__Czech_003444,D00,0.0128,False
YOLO11s,Czech__Czech_003448,D00,0.011978,False
YOLO11s,Czech__Czech_003479,D00,0.015667,False
YOLO11s,Czech__Czech_003479,D00,0.003917,False
YOLO11s,Czech__Czech_003481,D10,0.007367,False
YOLO11s,Czech__Czech_003512,D10,0.0068,True
YOLO11s,Czech__Czech_003536,D40,0.0034,False
YOLO11s,Czech__Czech_003543,D00,0.010106,False
YOLO11s,Czech__Czech_003543,D00,0.006533,False
YOLO11s,Czech__Czech_003544,D00,0.006625,False
YOLO11s,Czech__Czech_003544,D10,0.002811,False
YOLO11s,Czech__Czech_003565,D20,0.091056,True
YOLO11s,Czech__Czech_003565,D40,0.002708,True
YOLO11s,Czech__Czech_003584,D00,0.00665,False
YOLO11s,Czech__Czech_003584,D40,0.002833,False
YOLO11s,India__India_000005,D40,0.069144,False
YOLO11s,India__India_000052,D20,0.061871,False
YOLO11s,India__India_000052,D00,0.042245,False
YOLO11s,India__India_000052,D00,0.010417,False
YOLO11s,India__India_000052,D40,0.004618,False
YOLO11s,India__India_000052,D40,0.002843,False
YOLO11s,India__India_000052,D40,0.006362,False
YOLO11s,India__India_000052,D40,0.003268,False
YOLO11s,India__India_000052,D40,0.001316,False
YOLO11s,India__India_000052,D40,0.001576,False
YOLO11s,India__India_000055,D40,0.00598,False
YOLO11s,India__India_000099,D20,0.19963,False
YOLO11s,India__India_000102,D00,0.037431,False
YOLO11s,India__India_000102,D00,0.021227,False
YOLO11s,India__India_000184,D20,0.075185,False
YOLO11s,India__India_000193,D40,0.03125,False
YOLO11s,India__India_000193,D10,0.081528,False
YOLO11s,India__India_000193,D40,0.014356,False
YOLO11s,India__India_000224,D00,0.016042,False
YOLO11s,India__India_000261,D40,0.020158,False
YOLO11s,India__India_000270,D20,0.22571,False
YOLO11s,India__India_000270,D00,0.060687,False
YOLO11s,India__India_000272,D20,0.193287,False
YOLO11s,India__India_000283,D20,0.218912,True
YOLO11s,India__India_000285,D20,0.127037,False
YOLO11s,India__India_000288,D40,0.036159,False
YOLO11s,India__India_000288,D40,0.006478,False
YOLO11s,India__India_000368,D40,0.001943,True
YOLO11s,India__India_000368,D40,0.012346,True
YOLO11s,India__India_000368,D40,0.001943,False
YOLO11s,India__India_000368,D00,0.008727,False
YOLO11s,India__India_000368,D00,0.014931,False
YOLO11s,India__India_000392,D40,0.007639,False
YOLO11s,India__India_000412,D00,0.016933,False
YOLO11s,India__India_000412,D20,0.013289,False
YOLO11s,India__India_000428,D00,0.007969,True
YOLO11s,India__India_000455,D20,0.171782,False
YOLO11s,India__India_000471,D20,0.054919,False
YOLO11s,India__India_000483,D20,0.219473,True
YOLO11s,India__India_000494,D00,0.00679,False
YOLO11s,India__India_000494,D00,0.0125,True
YOLO11s,India__India_000532,D00,0.012944,False
YOLO11s,India__India_000532,D00,0.055957,False
YOLO11s,India__India_000548,D20,0.17336,True
YOLO11s,India__India_000561,D00,0.002392,True
YOLO11s,India__India_000563,D20,0.194437,True
YOLO11s,India__India_000563,D40,0.040613,False
YOLO11s,India__India_000575,D40,0.011779,True
YOLO11s,India__India_000575,D40,0.007099,True
YOLO11s,India__India_000576,D20,0.033603,False
YOLO11s,India__India_000576,D20,0.188515,False
YOLO11s,India__India_000576,D40,0.003009,False
YOLO11s,India__India_000580,D20,0.112153,True
YOLO11s,India__India_000580,D40,0.020903,False
YOLO11s,India__India_000595,D40,0.013611,True
YOLO11s,India__India_000595,D40,0.007637,False
YOLO11s,India__India_000595,D40,0.011574,False
YOLO11s,India__India_000609,D20,0.176013,True
YOLO11s,India__India_000609,D00,0.014954,False
YOLO11s,India__India_000627,D40,0.008669,False
YOLO11s,India__India_000646,D20,0.106202,True
YOLO11s,India__India_000646,D00,0.009429,False
YOLO11s,India__India_000646,D40,0.001678,False
YOLO11s,India__India_000684,D40,0.084877,False
YOLO11s,India__India_000684,D40,0.088202,True
YOLO11s,India__India_000732,D40,0.003987,False
YOLO11s,India__India_000742,D00,0.052431,False
YOLO11s,India__India_000744,D40,0.01466,False
YOLO11s,India__India_000744,D40,0.006144,False
YOLO11s,India__India_000775,D20,0.140046,False
YOLO11s,India__India_000808,D40,0.031748,True
YOLO11s,India__India_000808,D40,0.013889,False
YOLO11s,India__India_000808,D40,0.003812,False
YOLO11s,India__India_000808,D40,0.004552,False
YOLO11s,India__India_000808,D20,0.039198,False
YOLO11s,India__India_000833,D00,0.023171,False
YOLO11s,India__India_000833,D00,0.002909,False
YOLO11s,India__India_000839,D00,0.011848,False
YOLO11s,India__India_000839,D20,0.011848,False
YOLO11s,India__India_000891,D20,0.264444,True
YOLO11s,India__India_000917,D20,0.08724,False
YOLO11s,India__India_000917,D20,0.120324,False
YOLO11s,India__India_000919,D20,0.040799,False
YOLO11s,India__India_000919,D20,0.045191,False
YOLO11s,India__India_000922,D20,0.236806,True
YOLO11s,India__India_000936,D20,0.089877,True
YOLO11s,India__India_000946,D00,0.05739,False
YOLO11s,India__India_000946,D40,0.136782,False
YOLO11s,India__India_000949,D00,0.085556,False
YOLO11s,India__India_000949,D20,0.233594,False
YOLO11s,India__India_000964,D00,0.004294,True
YOLO11s,India__India_000964,D00,0.098333,True
YOLO11s,India__India_000964,D00,0.011019,False
YOLO11s,India__India_000971,D20,0.066836,False
YOLO11s,India__India_000991,D20,0.217577,True
YOLO11s,India__India_000994,D20,0.024373,True
YOLO11s,India__India_000994,D20,0.023185,False
YOLO11s,India__India_000994,D40,0.003086,True
YOLO11s,India__India_000994,D40,0.0061,False
YOLO11s,India__India_000994,D40,0.009761,False
YOLO11s,India__India_000994,D40,0.0061,False
YOLO11s,India__India_000994,D40,0.017392,False
YOLO11s,India__India_000994,D40,0.015328,False
YOLO11s,India__India_000994,D40,0.011883,False
YOLO11s,India__India_001023,D20,0.090567,False
YOLO11s,India__India_001042,D20,0.042762,True
YOLO11s,India__India_001042,D20,0.012099,False
YOLO11s,India__India_001056,D00,0.026628,True
YOLO11s,India__India_001056,D40,0.1563,True
YOLO11s,India__India_001056,D40,0.004691,True
YOLO11s,India__India_001069,D00,0.004051,False
YOLO11s,India__India_001069,D40,0.053897,False
YOLO11s,India__India_001069,D40,0.151341,True
YOLO11s,India__India_001077,D00,0.007824,False
YOLO11s,India__India_001103,D00,0.007639,True
YOLO11s,India__India_001103,D40,0.03608,False
YOLO11s,India__India_001125,D40,0.042824,False
YOLO11s,India__India_001125,D40,0.01565,False
YOLO11s,India__India_001138,D20,0.041696,True
YOLO11s,India__India_001141,D40,0.006134,True
YOLO11s,India__India_001141,D40,0.024676,False
YOLO11s,India__India_001141,D40,0.001713,True
YOLO11s,India__India_001141,D20,0.180064,True
YOLO11s,India__India_001143,D20,0.112963,False
YOLO11s,India__India_001168,D40,0.009767,False
YOLO11s,India__India_001176,D40,0.066435,True
YOLO11s,India__India_001187,D20,0.252025,False
YOLO11s,India__India_001232,D20,0.182222,True
YOLO11s,India__India_001232,D40,0.028735,False
YOLO11s,India__India_001241,D20,0.034857,False
YOLO11s,India__India_001253,D20,0.207697,True
YOLO11s,India__India_001266,D40,0.01488,False
YOLO11s,India__India_001266,D40,0.004429,True
YOLO11s,India__India_001266,D10,0.006559,False
YOLO11s,India__India_001266,D00,0.005625,False
YOLO11s,India__India_001291,D20,0.096921,False
YOLO11s,India__India_001368,D20,0.213997,False
YOLO11s,India__India_001424,D40,0.037751,False
YOLO11s,India__India_001432,D20,0.242384,True
YOLO11s,India__India_001450,D20,0.063465,True
YOLO11s,India__India_001450,D00,0.008976,True
YOLO11s,India__India_001478,D00,0.014132,False
YOLO11s,India__India_001478,D00,0.014132,False
YOLO11s,India__India_001478,D00,0.017253,False
YOLO11s,India__India_001493,D40,0.006157,False
YOLO11s,India__India_001493,D40,0.005845,True
YOLO11s,India__India_001541,D00,0.02577,True
YOLO11s,India__India_001541,D20,0.064919,False
YOLO11s,India__India_001553,D40,0.0061,False
YOLO11s,India__India_001574,D20,0.144163,True
YOLO11s,India__India_001580,D40,0.008854,True
YOLO11s,India__India_001585,D20,0.030644,False
YOLO11s,India__India_001585,D40,0.011811,False
YOLO11s,India__India_001585,D40,0.001846,False
YOLO11s,India__India_001599,D20,0.22592,True
YOLO11s,India__India_001611,D20,0.25566,False
YOLO11s,India__India_001623,D20,0.024884,True
YOLO11s,India__India_001625,D40,0.007193,False
YOLO11s,India__India_001625,D40,0.001534,True
YOLO11s,India__India_001630,D20,0.246991,True
YOLO11s,India__India_001630,D00,0.071497,False
YOLO11s,India__India_001669,D20,0.028175,False
YOLO11s,India__India_001687,D40,0.004167,True
YOLO11s,India__India_001687,D20,0.174167,False
YOLO11s,India__India_001687,D40,0.001466,True
YOLO11s,India__India_001687,D40,0.004167,False
YOLO11s,India__India_001687,D40,0.002716,True
YOLO11s,India__India_001687,D20,0.026887,False
YOLO11s,India__India_001709,D20,0.076111,True
YOLO11s,India__India_001716,D00,0.048611,False
YOLO11s,India__India_001723,D00,0.019456,False
YOLO11s,India__India_001744,D40,0.001389,False
YOLO11s,India__India_001744,D40,0.001389,False
YOLO11s,India__India_001744,D40,0.001389,True
YOLO11s,India__India_001744,D40,0.003125,True
YOLO11s,India__India_001746,D00,0.011179,False
YOLO11s,India__India_001755,D00,0.006154,False
YOLO11s,India__India_001786,D40,0.040664,False
YOLO11s,India__India_001787,D20,0.036748,True
YOLO11s,India__India_001787,D40,0.009761,False
YOLO11s,India__India_001803,D00,0.007812,False
YOLO11s,India__India_001821,D40,0.033333,False
YOLO11s,India__India_001821,D40,0.135503,True
YOLO11s,India__India_001821,D40,0.013542,False
YOLO11s,India__India_001821,D20,0.031597,False
YOLO11s,India__India_001832,D20,0.087946,True
YOLO11s,India__India_001844,D20,0.185957,True
YOLO11s,India__India_001844,D00,0.044252,False
YOLO11s,India__India_001853,D00,0.007384,False
YOLO11s,India__India_001865,D20,0.019608,True
YOLO11s,India__India_001865,D20,0.013773,False
YOLO11s,India__India_001865,D00,0.005874,False
YOLO11s,India__India_001865,D00,0.005995,False
YOLO11s,India__India_001865,D40,0.002658,False
YOLO11s,India__India_001881,D20,0.172596,True
YOLO11s,India__India_001887,D40,0.106563,False
YOLO11s,India__India_001887,D20,0.207934,True
YOLO11s,India__India_001907,D20,0.091497,False
YOLO11s,India__India_001907,D40,0.012963,False
YOLO11s,India__India_001958,D20,0.033542,False
YOLO11s,India__India_001970,D00,0.008657,False
YOLO11s,India__India_001982,D20,0.142593,True
YOLO11s,India__India_002007,D00,0.024361,True
YOLO11s,India__India_002007,D40,0.002025,False
YOLO11s,India__India_002007,D40,0.01402,False
YOLO11s,India__India_002020,D40,0.010833,False
YOLO11s,India__India_002020,D40,0.005571,False
YOLO11s,India__India_002020,D40,0.012315,False
YOLO11s,India__India_002020,D40,0.005571,False
YOLO11s,India__India_002020,D40,0.039539,False
YOLO11s,India__India_002020,D40,0.044687,False
YOLO11s,India__India_002020,D40,0.012037,False
YOLO11s,India__India_002020,D40,0.014082,False
YOLO11s,India__India_002025,D20,0.048698,False
YOLO11s,India__India_002030,D20,0.332377,True
YOLO11s,India__India_002067,D20,0.260293,False
YOLO11s,India__India_002105,D20,0.04696,False
YOLO11s,India__India_002105,D20,0.07988,False
YOLO11s,India__India_002184,D00,0.05435,False
YOLO11s,India__India_002184,D00,0.015463,True
YOLO11s,India__India_002201,D20,0.052245,False
YOLO11s,India__India_002201,D20,0.07397,False
YOLO11s,India__India_002201,D40,0.002135,True
YOLO11s,India__India_002201,D40,0.002135,False
YOLO11s,India__India_002201,D00,0.008056,False
YOLO11s,India__India_002227,D40,0.007321,True
YOLO11s,India__India_002227,D40,0.007321,False
YOLO11s,India__India_002227,D40,0.072664,True
YOLO11s,India__India_002279,D10,0.050264,False
YOLO11s,India__India_002344,D20,0.062085,False
YOLO11s,India__India_002376,D40,0.037147,True
YOLO11s,India__India_002376,D40,0.011406,True
YOLO11s,India__India_002376,D40,0.004498,False
YOLO11s,India__India_002376,D40,0.012413,False
YOLO11s,India__India_002390,D40,0.00224,False
YOLO11s,India__India_002390,D40,0.002865,True
YOLO11s,India__India_002426,D40,0.007963,False
YOLO11s,India__India_002426,D40,0.016385,False
YOLO11s,India__India_002426,D40,0.194172,False
YOLO11s,India__India_002437,D20,0.058754,True
YOLO11s,India__India_002437,D00,0.031044,False
YOLO11s,India__India_002447,D00,0.036312,False
YOLO11s,India__India_002447,D40,0.00678,False
YOLO11s,India__India_002459,D40,0.003349,False
YOLO11s,India__India_002466,D00,0.026022,False
YOLO11s,India__India_002553,D20,0.126794,True
YOLO11s,India__India_002553,D40,0.04456,False
YOLO11s,India__India_002573,D40,0.002346,False
YOLO11s,India__India_002582,D20,0.067622,True
YOLO11s,India__India_002594,D40,0.034757,False
YOLO11s,India__India_002594,D20,0.032101,False
YOLO11s,India__India_002594,D20,0.027037,True
YOLO11s,India__India_002616,D20,0.155401,False
YOLO11s,India__India_002616,D00,0.007523,False
YOLO11s,India__India_002652,D20,0.061453,False
YOLO11s,India__India_002652,D00,0.043436,False
YOLO11s,India__India_002664,D40,0.236952,True
YOLO11s,India__India_002666,D20,0.219097,False
YOLO11s,India__India_002668,D00,0.02228,False
YOLO11s,India__India_002668,D20,0.243731,True
YOLO11s,India__India_002673,D40,0.004583,False
YOLO11s,India__India_002681,D40,0.040278,True
YOLO11s,India__India_002681,D40,0.003468,True
YOLO11s,India__India_002681,D00,0.022704,False
YOLO11s,India__India_002713,D20,0.022153,False
YOLO11s,India__India_002713,D40,0.145505,True
YOLO11s,India__India_002716,D00,0.106667,False
YOLO11s,India__India_002726,D00,0.005444,False
YOLO11s,India__India_002726,D00,0.006667,False
YOLO11s,India__India_002735,D40,0.075478,False
YOLO11s,India__India_002759,D40,0.004329,True
YOLO11s,India__India_002771,D40,0.003164,True
YOLO11s,India__India_002787,D20,0.258796,False
YOLO11s,India__India_002795,D40,0.002853,True
YOLO11s,India__India_002795,D40,0.002853,False
YOLO11s,India__India_002795,D40,0.002853,False
YOLO11s,India__India_002795,D20,0.032407,False
YOLO11s,India__India_002804,D00,0.066705,False
YOLO11s,India__India_002804,D40,0.003187,False
YOLO11s,India__India_002804,D20,0.049377,False
YOLO11s,India__India_002860,D40,0.003148,True
YOLO11s,India__India_002901,D40,0.041211,False
YOLO11s,India__India_002921,D40,0.007022,True
YOLO11s,India__India_002925,D00,0.117843,False
YOLO11s,India__India_002925,D00,0.031057,False
YOLO11s,India__India_002925,D40,0.009167,False
YOLO11s,India__India_002954,D00,0.043056,False
YOLO11s,India__India_002954,D40,0.002377,True
YOLO11s,India__India_002954,D40,0.003461,False
YOLO11s,India__India_002954,D20,0.10966,True
YOLO11s,India__India_002976,D40,0.006566,True
YOLO11s,India__India_002995,D40,0.004985,False
YOLO11s,India__India_002995,D00,0.007512,True
YOLO11s,India__India_002995,D20,0.222058,True
YOLO11s,India__India_003013,D40,0.06669,False
YOLO11s,India__India_003013,D40,0.001833,True
YOLO11s,India__India_003013,D40,0.002876,False
YOLO11s,India__India_003013,D40,0.006395,False
YOLO11s,India__India_003013,D40,0.006395,False
YOLO11s,India__India_003013,D40,0.023322,False
YOLO11s,India__India_003013,D40,0.003819,True
YOLO11s,India__India_003013,D40,0.030341,False
YOLO11s,India__India_003034,D20,0.209144,True
YOLO11s,India__India_003049,D20,0.027654,True
YOLO11s,India__India_003049,D20,0.039786,False
YOLO11s,India__India_003049,D20,0.011406,False
YOLO11s,India__India_003056,D40,0.023225,True
YOLO11s,India__India_003056,D40,0.013146,False
YOLO11s,India__India_003056,D40,0.015096,False
YOLO11s,India__India_003056,D40,0.020417,False
YOLO11s,India__India_003056,D40,0.003819,False
YOLO11s,India__India_003056,D40,0.003819,False
YOLO11s,India__India_003100,D40,0.012625,True
YOLO11s,India__India_003100,D40,0.016397,False
YOLO11s,India__India_003100,D40,0.006198,False
YOLO11s,India__India_003100,D40,0.010864,False
YOLO11s,India__India_003100,D00,0.030104,False
YOLO11s,India__India_003120,D40,0.003472,True
YOLO11s,India__India_003120,D40,0.004525,False
YOLO11s,India__India_003143,D40,0.00331,False
YOLO11s,India__India_003143,D40,0.127604,False
YOLO11s,India__India_003152,D00,0.029334,False
YOLO11s,India__India_003152,D40,0.030405,True
YOLO11s,India__India_003152,D40,0.003765,False
YOLO11s,India__India_003153,D20,0.210986,True
YOLO11s,India__India_003153,D00,0.002411,False
YOLO11s,India__India_003186,D40,0.148619,True
YOLO11s,India__India_003186,D40,0.000623,False
YOLO11s,India__India_003214,D00,0.022429,False
YOLO11s,India__India_003214,D40,0.005266,False
YOLO11s,India__India_003236,D20,0.109172,True
YOLO11s,India__India_003236,D00,0.012031,False
YOLO11s,India__India_003239,D40,0.014178,False
YOLO11s,India__India_003256,D00,0.031563,False
YOLO11s,India__India_003256,D00,0.01284,False
YOLO11s,India__India_003272,D40,0.045787,False
YOLO11s,India__India_003310,D00,0.033272,True
YOLO11s,India__India_003310,D20,0.2386,False
YOLO11s,India__India_003312,D20,0.139091,True
YOLO11s,India__India_003312,D40,0.009174,False
YOLO11s,India__India_003318,D40,0.005498,False
YOLO11s,India__India_003318,D40,0.005498,False
YOLO11s,India__India_003320,D20,0.192704,True
YOLO11s,India__India_003368,D40,0.078086,True
YOLO11s,India__India_003368,D00,0.024498,False
YOLO11s,India__India_003376,D40,0.002199,True
YOLO11s,India__India_003376,D20,0.052041,False
YOLO11s,India__India_003376,D00,0.024784,False
YOLO11s,India__India_003391,D40,0.018744,True
YOLO11s,India__India_003412,D20,0.147454,True
YOLO11s,India__India_003412,D40,0.013542,True
YOLO11s,India__India_003414,D00,0.013665,False
YOLO11s,India__India_003414,D00,0.073333,True
YOLO11s,India__India_003414,D00,0.007373,False
YOLO11s,India__India_003414,D20,0.15321,True
YOLO11s,India__India_003426,D40,0.019182,False
YOLO11s,India__India_003431,D40,0.139815,False
YOLO11s,India__India_003431,D40,0.100311,False
YOLO11s,India__India_003443,D20,0.214444,True
YOLO11s,India__India_003443,D20,0.02934,False
YOLO11s,India__India_003444,D00,0.020583,False
YOLO11s,India__India_003445,D00,0.015278,False
YOLO11s,India__India_003482,D20,0.243981,True
YOLO11s,India__India_003482,D00,0.024792,False
YOLO11s,India__India_003491,D00,0.019545,True
YOLO11s,India__India_003491,D00,0.036944,False
YOLO11s,India__India_003491,D00,0.019545,False
YOLO11s,India__India_003494,D20,0.043547,True
YOLO11s,India__India_003496,D20,0.202002,True
YOLO11s,India__India_003496,D00,0.01331,False
YOLO11s,India__India_003507,D20,0.104821,False
YOLO11s,India__India_003522,D00,0.036381,False
YOLO11s,India__India_003535,D40,0.008542,True
YOLO11s,India__India_003535,D40,0.005469,False
YOLO11s,India__India_003535,D40,0.011786,False
YOLO11s,India__India_003535,D40,0.033056,False
YOLO11s,India__India_003535,D40,0.024479,False
YOLO11s,India__India_003535,D00,0.020332,False
YOLO11s,India__India_003556,D40,0.002238,True
YOLO11s,India__India_003556,D20,0.059028,True
YOLO11s,India__India_003561,D40,0.041879,True
YOLO11s,India__India_003561,D40,0.133407,True
YOLO11s,India__India_003561,D40,0.002604,False
YOLO11s,India__India_003561,D40,0.002604,False
YOLO11s,India__India_003568,D20,0.119136,True
YOLO11s,India__India_003569,D00,0.009529,False
YOLO11s,India__India_003592,D00,0.070123,False
YOLO11s,India__India_003592,D00,0.019298,False
YOLO11s,India__India_003599,D20,0.125521,True
YOLO11s,India__India_003601,D00,0.063993,False
YOLO11s,India__India_003601,D00,0.032292,True
YOLO11s,India__India_003601,D20,0.061354,False
YOLO11s,India__India_003605,D20,0.066015,True
YOLO11s,India__India_003610,D00,0.020451,False
YOLO11s,India__India_003610,D40,0.033704,False
YOLO11s,India__India_003610,D00,0.017855,False
YOLO11s,India__India_003652,D20,0.200212,True
YOLO11s,India__India_003674,D20,0.087654,True
YOLO11s,India__India_003674,D00,0.05679,True
YOLO11s,India__India_003674,D00,0.010625,False
YOLO11s,India__India_003683,D20,0.023873,False
YOLO11s,India__India_003697,D20,0.020494,False
YOLO11s,India__India_003697,D40,0.004012,False
YOLO11s,India__India_003742,D00,0.00276,False
YOLO11s,India__India_003757,D20,0.209576,False
YOLO11s,India__India_003760,D20,0.196811,False
YOLO11s,India__India_003761,D40,0.019356,False
YOLO11s,India__India_003766,D20,0.035712,True
YOLO11s,India__India_003766,D20,0.027618,False
YOLO11s,India__India_003784,D00,0.007897,False
YOLO11s,India__India_003789,D20,0.034236,False
YOLO11s,India__India_003814,D20,0.18125,True
YOLO11s,India__India_003831,D20,0.193472,False
YOLO11s,India__India_003842,D20,0.12037,True
YOLO11s,India__India_003842,D00,0.0087,False
YOLO11s,India__India_003842,D00,0.009965,False
YOLO11s,India__India_003842,D00,0.005177,False
YOLO11s,India__India_003857,D40,0.012963,True
YOLO11s,India__India_003857,D40,0.002751,True
YOLO11s,India__India_003857,D40,0.002517,True
YOLO11s,India__India_003857,D40,0.001464,True
YOLO11s,India__India_003857,D40,0.018715,False
YOLO11s,India__India_003857,D00,0.022245,False
YOLO11s,India__India_003857,D20,0.047639,False
YOLO11s,India__India_003857,D20,0.044444,False
YOLO11s,India__India_003917,D20,0.015085,False
YOLO11s,India__India_003925,D40,0.040509,False
YOLO11s,India__India_003925,D40,0.021667,True
YOLO11s,India__India_003925,D40,0.003349,False
YOLO11s,India__India_003929,D00,0.031184,True
YOLO11s,India__India_003944,D00,0.016811,False
YOLO11s,India__India_004081,D00,0.022145,False
YOLO11s,India__India_004092,D20,0.112039,False
YOLO11s,India__India_004092,D20,0.107938,False
YOLO11s,India__India_004100,D40,0.054321,False
YOLO11s,India__India_004100,D40,0.001734,True
YOLO11s,India__India_004138,D20,0.094946,True
YOLO11s,India__India_004154,D00,0.015673,False
YOLO11s,India__India_004157,D00,0.039398,False
YOLO11s,India__India_004157,D00,0.005469,False
YOLO11s,India__India_004176,D40,0.012245,False
YOLO11s,India__India_004176,D40,0.012245,False
YOLO11s,India__India_004185,D40,0.007209,False
YOLO11s,India__India_004185,D20,0.104722,False
YOLO11s,India__India_004199,D20,0.214892,True
YOLO11s,India__India_004199,D00,0.023968,True
YOLO11s,India__India_004199,D00,0.057662,False
YOLO11s,India__India_004226,D40,0.035907,False
YOLO11s,India__India_004226,D40,0.022097,False
YOLO11s,India__India_004243,D40,0.069435,False
YOLO11s,India__India_004256,D00,0.040073,False
YOLO11s,India__India_004256,D00,0.019167,False
YOLO11s,India__India_004256,D40,0.003827,True
YOLO11s,India__India_004256,D40,0.005793,False
YOLO11s,India__India_004256,D40,0.014429,False
YOLO11s,India__India_004256,D40,0.002037,False
YOLO11s,India__India_004256,D40,0.0014,False
YOLO11s,India__India_004256,D40,0.01538,False
YOLO11s,India__India_004290,D40,0.02375,False
YOLO11s,India__India_004290,D40,0.009792,False
YOLO11s,India__India_004298,D40,0.001613,True
YOLO11s,India__India_004315,D20,0.101065,True
YOLO11s,India__India_004352,D00,0.014367,False
YOLO11s,India__India_004352,D20,0.031215,False
YOLO11s,India__India_004352,D20,0.076422,False
YOLO11s,India__India_004359,D20,0.065741,False
YOLO11s,India__India_004374,D00,0.02755,False
YOLO11s,India__India_004421,D20,0.445972,False
YOLO11s,India__India_004430,D40,0.055683,False
YOLO11s,India__India_004449,D40,0.00858,False
YOLO11s,India__India_004449,D40,0.002971,False
YOLO11s,India__India_004449,D40,0.002971,False
YOLO11s,India__India_004465,D20,0.08265,True
YOLO11s,India__India_004468,D20,0.09511,False
YOLO11s,India__India_004472,D40,0.008895,True
YOLO11s,India__India_004472,D40,0.006138,False
YOLO11s,India__India_004472,D40,0.007041,False
YOLO11s,India__India_004472,D40,0.010833,False
YOLO11s,India__India_004472,D40,0.010833,False
YOLO11s,India__India_004472,D20,0.057292,False
YOLO11s,India__India_004482,D20,0.015448,False
YOLO11s,India__India_004489,D20,0.059159,False
YOLO11s,India__India_004489,D20,0.055015,False
YOLO11s,India__India_004489,D20,0.055015,False
YOLO11s,India__India_004508,D20,0.07146,True
YOLO11s,India__India_004512,D40,0.063356,False
YOLO11s,India__India_004512,D40,0.018526,False
YOLO11s,India__India_004512,D40,0.011574,False
YOLO11s,India__India_004513,D00,0.037593,False
YOLO11s,India__India_004513,D00,0.034581,False
YOLO11s,India__India_004553,D40,0.031184,False
YOLO11s,India__India_004562,D20,0.272454,True
YOLO11s,India__India_004565,D00,0.01233,False
YOLO11s,India__India_004565,D00,0.016296,False
YOLO11s,India__India_004565,D00,0.013272,False
YOLO11s,India__India_004565,D00,0.009047,False
YOLO11s,India__India_004565,D00,0.009047,False
YOLO11s,India__India_004592,D00,0.021935,False
YOLO11s,India__India_004592,D40,0.002025,False
YOLO11s,India__India_004592,D40,0.002025,False
YOLO11s,India__India_004592,D20,0.053472,False
YOLO11s,India__India_004599,D20,0.096314,True
YOLO11s,India__India_004655,D40,0.035417,False
YOLO11s,India__India_004655,D40,0.025625,False
YOLO11s,India__India_004671,D20,0.211983,True
YOLO11s,India__India_004690,D20,0.145313,True
YOLO11s,India__India_004700,D20,0.150521,True
YOLO11s,India__India_004715,D20,0.025625,False
YOLO11s,India__India_004721,D20,0.125278,False
YOLO11s,India__India_004726,D40,0.008432,False
YOLO11s,India__India_004727,D20,0.109834,True
YOLO11s,India__India_004743,D20,0.064892,False
YOLO11s,India__India_004743,D20,0.07571,False
YOLO11s,India__India_004755,D20,0.105845,True
YOLO11s,India__India_004755,D00,0.050793,False
YOLO11s,India__India_004755,D00,0.012139,False
YOLO11s,India__India_004755,D00,0.03586,False
YOLO11s,India__India_004755,D40,0.008794,False
YOLO11s,India__India_004755,D40,0.002377,False
YOLO11s,India__India_004755,D40,0.002377,False
YOLO11s,India__India_004755,D40,0.002377,False
YOLO11s,India__India_004758,D00,0.006173,False
YOLO11s,India__India_004759,D40,0.005203,True
YOLO11s,India__India_004759,D20,0.240179,True
YOLO11s,India__India_004798,D20,0.097253,True
YOLO11s,India__India_004819,D20,0.105849,True
YOLO11s,India__India_004828,D20,0.169622,False
YOLO11s,India__India_004828,D40,0.002122,False
YOLO11s,India__India_004828,D40,0.006564,True
YOLO11s,India__India_004876,D40,0.014769,False
YOLO11s,India__India_004876,D40,0.010683,False
YOLO11s,India__India_004887,D40,0.009228,True
YOLO11s,India__India_004887,D40,0.009128,True
YOLO11s,India__India_004887,D40,0.00598,False
YOLO11s,India__India_004887,D20,0.21403,False
YOLO11s,India__India_004911,D20,0.19735,True
YOLO11s,India__India_004944,D40,0.053472,False
YOLO11s,India__India_004944,D40,0.053472,True
YOLO11s,India__India_004944,D00,0.057037,False
YOLO11s,India__India_004982,D20,0.36081,True
YOLO11s,India__India_005014,D40,0.004389,False
YOLO11s,India__India_005022,D40,0.001458,False
YOLO11s,India__India_005022,D40,0.002257,True
YOLO11s,India__India_005022,D40,0.001458,False
YOLO11s,India__India_005022,D40,0.001458,False
YOLO11s,India__India_005022,D00,0.005266,True
YOLO11s,India__India_005036,D20,0.034589,False
YOLO11s,India__India_005036,D00,0.029977,False
YOLO11s,India__India_005036,D00,0.029977,False
YOLO11s,India__India_005081,D40,0.00217,False
YOLO11s,India__India_005081,D40,0.005278,True
YOLO11s,India__India_005081,D40,0.026821,False
YOLO11s,India__India_005081,D20,0.052099,False
YOLO11s,India__India_005090,D20,0.187807,True
YOLO11s,India__India_005129,D20,0.176736,True
YOLO11s,India__India_005129,D40,0.002951,False
YOLO11s,India__India_005138,D20,0.178501,True
YOLO11s,India__India_005138,D40,0.047647,False
YOLO11s,India__India_005186,D00,0.031944,False
YOLO11s,India__India_005214,D20,0.110735,True
YOLO11s,India__India_005219,D40,0.019907,True
YOLO11s,India__India_005219,D40,0.009786,False
YOLO11s,India__India_005219,D40,0.004618,False
YOLO11s,India__India_005219,D20,0.077953,False
YOLO11s,India__India_005219,D40,0.01718,False
YOLO11s,India__India_005219,D20,0.138117,False
YOLO11s,India__India_005254,D20,0.221651,True
YOLO11s,India__India_005260,D40,0.009336,False
YOLO11s,India__India_005260,D40,0.018333,False
YOLO11s,India__India_005277,D00,0.146499,False
YOLO11s,India__India_005278,D20,0.22858,True
YOLO11s,India__India_005284,D40,0.010451,True
YOLO11s,India__India_005284,D40,0.024846,True
YOLO11s,India__India_005284,D00,0.004113,False
YOLO11s,India__India_005284,D00,0.023769,False
YOLO11s,India__India_005284,D00,0.00488,False
YOLO11s,India__India_005284,D20,0.079375,False
YOLO11s,India__India_005302,D20,0.092988,False
YOLO11s,India__India_005316,D20,0.217978,True
YOLO11s,India__India_005369,D20,0.08777,False
YOLO11s,India__India_005394,D20,0.232465,True
YOLO11s,India__India_005394,D00,0.033229,False
YOLO11s,India__India_005394,D00,0.016487,False
YOLO11s,India__India_005411,D40,0.042442,False
YOLO11s,India__India_005411,D20,0.027124,False
YOLO11s,India__India_005422,D20,0.07081,False
YOLO11s,India__India_005439,D40,0.029815,False
YOLO11s,India__India_005439,D40,0.020544,True
YOLO11s,India__India_005439,D40,0.006833,False
YOLO11s,India__India_005458,D20,0.067095,True
YOLO11s,India__India_005519,D00,0.010741,False
YOLO11s,India__India_005519,D00,0.010741,False
YOLO11s,India__India_005519,D40,0.008765,False
YOLO11s,India__India_005519,D40,0.008765,False
YOLO11s,India__India_005543,D20,0.161838,True
YOLO11s,India__India_005543,D40,0.00446,False
YOLO11s,India__India_005545,D20,0.146339,False
YOLO11s,India__India_005545,D00,0.008341,False
YOLO11s,India__India_005545,D00,0.00625,False
YOLO11s,India__India_005545,D40,0.014703,False
YOLO11s,India__India_005569,D20,0.130656,True
YOLO11s,India__India_005569,D40,0.002558,False
YOLO11s,India__India_005593,D20,0.10343,True
YOLO11s,India__India_005636,D20,0.093499,True
YOLO11s,India__India_005656,D40,0.05787,False
YOLO11s,India__India_005656,D40,0.013872,False
YOLO11s,India__India_005656,D40,0.002965,False
YOLO11s,India__India_005656,D40,0.002965,False
YOLO11s,India__India_005672,D20,0.095147,True
YOLO11s,India__India_005672,D20,0.043889,False
YOLO11s,India__India_005681,D20,0.097639,False
YOLO11s,India__India_005681,D00,0.04,False
YOLO11s,India__India_005699,D20,0.08966,False
YOLO11s,India__India_005699,D00,0.086649,False
YOLO11s,India__India_005702,D00,0.036834,False
YOLO11s,India__India_005715,D20,0.045448,False
YOLO11s,India__India_005715,D40,0.015262,True
YOLO11s,India__India_005746,D20,0.006269,False
YOLO11s,India__India_005746,D20,0.00305,False
YOLO11s,India__India_005775,D40,0.006441,False
YOLO11s,India__India_005788,D20,0.170193,False
YOLO11s,India__India_005839,D20,0.083781,False
YOLO11s,India__India_005847,D20,0.11912,True
YOLO11s,India__India_005847,D00,0.049398,False
YOLO11s,India__India_005847,D00,0.005625,False
YOLO11s,India__India_005849,D20,0.024657,False
YOLO11s,India__India_005853,D00,0.035351,False
YOLO11s,India__India_005853,D00,0.008466,False
YOLO11s,India__India_005853,D20,0.105,False
YOLO11s,India__India_005875,D00,0.017963,False
YOLO11s,India__India_005875,D10,0.014221,False
YOLO11s,India__India_005878,D40,0.006441,False
YOLO11s,India__India_005878,D40,0.006441,False
YOLO11s,India__India_005878,D40,0.009508,False
YOLO11s,India__India_005881,D20,0.063403,True
YOLO11s,India__India_005881,D20,0.012924,False
YOLO11s,India__India_005905,D20,0.219616,False
YOLO11s,India__India_005921,D20,0.422037,False
YOLO11s,India__India_005949,D20,0.249132,False
YOLO11s,India__India_005974,D20,0.251574,False
YOLO11s,India__India_005994,D20,0.165191,True
YOLO11s,India__India_005994,D20,0.065914,False
YOLO11s,India__India_006014,D20,0.045992,False
YOLO11s,India__India_006014,D20,0.030544,False
YOLO11s,India__India_006014,D00,0.01592,False
YOLO11s,India__India_006026,D00,0.004263,False
YOLO11s,India__India_006026,D20,0.173891,True
YOLO11s,India__India_006063,D20,0.112778,True
YOLO11s,India__India_006076,D40,0.02941,False
YOLO11s,India__India_006094,D20,0.0325,False
YOLO11s,India__India_006100,D40,0.01918,True
YOLO11s,India__India_006100,D40,0.042562,True
YOLO11s,India__India_006100,D20,0.04875,False
YOLO11s,India__India_006121,D20,0.254213,False
YOLO11s,India__India_006121,D00,0.06146,False
YOLO11s,India__India_006128,D20,0.180127,True
YOLO11s,India__India_006201,D20,0.193229,False
YOLO11s,India__India_006201,D40,0.003796,False
YOLO11s,India__India_006201,D40,0.003796,False
YOLO11s,India__India_006201,D40,0.003796,False
YOLO11s,India__India_006201,D40,0.002188,False
YOLO11s,India__India_006201,D40,0.012413,False
YOLO11s,India__India_006215,D00,0.127969,True
YOLO11s,India__India_006219,D20,0.136698,False
YOLO11s,India__India_006238,D00,0.005903,False
YOLO11s,India__India_006238,D00,0.050174,False
YOLO11s,India__India_006238,D20,0.032662,False
YOLO11s,India__India_006238,D20,0.019842,False
YOLO11s,India__India_006241,D20,0.017461,False
YOLO11s,India__India_006248,D40,0.035253,False
YOLO11s,India__India_006248,D40,0.00553,False
YOLO11s,India__India_006248,D40,0.008791,False
YOLO11s,India__India_006248,D40,0.007373,False
YOLO11s,India__India_006260,D20,0.111337,True
YOLO11s,India__India_006260,D00,0.021055,False
YOLO11s,India__India_006275,D40,0.001784,True
YOLO11s,India__India_006275,D40,0.00564,False
YOLO11s,India__India_006275,D20,0.261867,False
YOLO11s,India__India_006286,D20,0.046698,True
YOLO11s,India__India_006297,D40,0.205372,True
YOLO11s,India__India_006310,D20,0.106337,True
YOLO11s,India__India_006325,D00,0.009884,False
YOLO11s,India__India_006325,D40,0.015312,False
YOLO11s,India__India_006325,D20,0.025721,False
YOLO11s,India__India_006325,D20,0.035301,False
YOLO11s,India__India_006325,D40,0.040949,False
YOLO11s,India__India_006328,D40,0.00174,False
YOLO11s,India__India_006336,D40,0.011559,False
YOLO11s,India__India_006381,D20,0.22897,False
YOLO11s,India__India_006395,D00,0.007147,False
YOLO11s,India__India_006395,D00,0.002407,False
YOLO11s,India__India_006395,D00,0.002407,False
YOLO11s,India__India_006395,D20,0.033758,False
YOLO11s,India__India_006395,D20,0.113395,False
YOLO11s,India__India_006398,D20,0.076834,False
YOLO11s,India__India_006462,D40,0.001563,True
YOLO11s,India__India_006473,D20,0.168017,True
YOLO11s,India__India_006473,D40,0.003372,False
YOLO11s,India__India_006473,D40,0.004444,False
YOLO11s,India__India_006473,D40,0.017297,False
YOLO11s,India__India_006473,D40,0.00659,False
YOLO11s,India__India_006493,D00,0.026181,True
YOLO11s,India__India_006493,D00,0.017512,False
YOLO11s,India__India_006493,D20,0.020469,False
YOLO11s,India__India_006502,D40,0.020409,False
YOLO11s,India__India_006545,D20,0.185214,True
YOLO11s,India__India_006633,D20,0.223426,True
YOLO11s,India__India_006633,D40,0.031335,False
YOLO11s,India__India_006633,D40,0.046094,False
YOLO11s,India__India_006640,D40,0.007888,True
YOLO11s,India__India_006640,D40,0.057564,False
YOLO11s,India__India_006640,D40,0.001784,False
YOLO11s,India__India_006640,D40,0.001784,False
YOLO11s,India__India_006640,D20,0.057564,False
YOLO11s,India__India_006643,D20,0.100201,False
YOLO11s,India__India_006643,D20,0.096038,True
YOLO11s,India__India_006645,D20,0.215226,False
YOLO11s,India__India_006665,D40,0.255594,True
YOLO11s,India__India_006665,D40,0.001273,False
YOLO11s,India__India_006690,D00,0.068241,False
YOLO11s,India__India_006692,D20,0.305941,True
YOLO11s,India__India_006698,D00,0.023958,False
YOLO11s,India__India_006715,D20,0.20559,True
YOLO11s,India__India_006730,D20,0.214028,True
YOLO11s,India__India_006773,D00,0.022097,False
YOLO11s,India__India_006813,D00,0.028287,False
YOLO11s,India__India_006820,D20,0.214043,True
YOLO11s,India__India_006851,D40,0.097724,True
YOLO11s,India__India_006851,D40,0.071019,False
YOLO11s,India__India_006867,D00,0.091433,False
YOLO11s,India__India_006920,D40,0.001782,False
YOLO11s,India__India_006920,D40,0.001782,False
YOLO11s,India__India_006920,D40,0.012747,False
YOLO11s,India__India_006973,D40,0.018538,False
YOLO11s,India__India_006973,D40,0.013326,False
YOLO11s,India__India_006973,D40,0.00179,False
YOLO11s,India__India_006973,D40,0.00179,False
YOLO11s,India__India_006973,D40,0.020824,False
YOLO11s,India__India_006998,D40,0.002294,False
YOLO11s,India__India_006999,D40,0.014691,True
YOLO11s,India__India_006999,D40,0.003187,False
YOLO11s,India__India_006999,D40,0.003187,False
YOLO11s,India__India_007007,D40,0.044512,False
YOLO11s,India__India_007024,D20,0.173148,True
YOLO11s,India__India_007037,D20,0.240604,False
YOLO11s,India__India_007071,D20,0.027691,False
YOLO11s,India__India_007071,D40,0.010243,True
YOLO11s,India__India_007071,D40,0.003472,False
YOLO11s,India__India_007071,D40,0.003472,False
YOLO11s,India__India_007071,D40,0.008943,False
YOLO11s,India__India_007071,D40,0.008943,False
YOLO11s,India__India_007071,D40,0.0299,False
YOLO11s,India__India_007072,D00,0.018306,False
YOLO11s,India__India_007088,D20,0.098478,False
YOLO11s,India__India_007132,D10,0.023823,False
YOLO11s,India__India_007132,D10,0.013843,False
YOLO11s,India__India_007138,D20,0.124539,True
YOLO11s,India__India_007148,D20,0.065961,True
YOLO11s,India__India_007159,D40,0.070052,False
YOLO11s,India__India_007159,D20,0.034606,True
YOLO11s,India__India_007159,D20,0.024298,False
YOLO11s,India__India_007172,D40,0.002469,True
YOLO11s,India__India_007172,D20,0.051389,False
YOLO11s,India__India_007178,D20,0.187002,False
YOLO11s,India__India_007194,D20,0.060966,True
YOLO11s,India__India_007224,D20,0.230741,False
YOLO11s,India__India_007246,D40,0.039062,False
YOLO11s,India__India_007281,D00,0.06669,False
YOLO11s,India__India_007281,D40,0.014275,False
YOLO11s,India__India_007309,D40,0.002164,False
YOLO11s,India__India_007309,D40,0.003704,False
YOLO11s,India__India_007309,D40,0.002164,False
YOLO11s,India__India_007323,D20,0.011887,False
YOLO11s,India__India_007357,D40,0.004259,False
YOLO11s,India__India_007377,D20,0.137515,True
YOLO11s,India__India_007383,D40,0.027708,False
YOLO11s,India__India_007418,D00,0.015648,False
YOLO11s,India__India_007418,D00,0.00973,False
YOLO11s,India__India_007418,D40,0.001566,False
YOLO11s,India__India_007431,D20,0.044462,False
YOLO11s,India__India_007457,D00,0.018229,True
YOLO11s,India__India_007457,D00,0.018634,False
YOLO11s,India__India_007463,D20,0.289722,False
YOLO11s,India__India_007470,D20,0.06847,True
YOLO11s,India__India_007470,D00,0.03159,True
YOLO11s,India__India_007478,D20,0.095646,True
YOLO11s,India__India_007491,D40,0.002951,False
YOLO11s,India__India_007491,D40,0.005874,False
YOLO11s,India__India_007492,D20,0.03261,False
YOLO11s,India__India_007492,D20,0.03261,False
YOLO11s,India__India_007511,D00,0.005557,False
YOLO11s,India__India_007511,D00,0.011713,False
YOLO11s,India__India_007529,D00,0.026703,False
YOLO11s,India__India_007529,D00,0.017446,False
YOLO11s,India__India_007529,D40,0.00652,False
YOLO11s,India__India_007533,D00,0.004051,False
YOLO11s,India__India_007533,D00,0.013735,False
YOLO11s,India__India_007539,D00,0.025899,False
YOLO11s,India__India_007539,D20,0.047622,True
YOLO11s,India__India_007565,D20,0.481377,True
YOLO11s,India__India_007565,D00,0.152436,True
YOLO11s,India__India_007584,D40,0.003333,False
YOLO11s,India__India_007618,D20,0.043615,False
YOLO11s,India__India_007618,D00,0.051667,False
YOLO11s,India__India_007618,D00,0.051906,False
YOLO11s,India__India_007627,D20,0.049375,False
YOLO11s,India__India_007627,D20,0.044128,True
YOLO11s,India__India_007627,D40,0.003704,False
YOLO11s,India__India_007647,D40,0.044722,False
YOLO11s,India__India_007647,D40,0.019097,False
YOLO11s,India__India_007688,D00,0.004525,False
YOLO11s,India__India_007689,D20,0.169647,False
YOLO11s,India__India_007706,D00,0.012238,False
YOLO11s,India__India_007706,D00,0.001287,False
YOLO11s,India__India_007706,D40,0.002751,False
YOLO11s,India__India_007706,D40,0.002751,False
YOLO11s,India__India_007706,D20,0.127334,False
YOLO11s,India__India_007706,D20,0.047033,False
YOLO11s,India__India_007720,D20,0.125085,True
YOLO11s,India__India_007720,D40,0.001188,False
YOLO11s,India__India_007720,D40,0.002853,False
YOLO11s,India__India_007720,D00,0.052814,False
YOLO11s,India__India_007722,D40,0.040135,False
YOLO11s,India__India_007735,D20,0.096017,True
YOLO11s,India__India_007735,D00,0.014234,False
YOLO11s,India__India_007735,D20,0.034722,False
YOLO11s,India__India_007735,D40,0.031481,False
YOLO11s,India__India_007740,D20,0.196674,True
YOLO11s,India__India_007740,D40,0.03858,False
YOLO11s,India__India_007741,D20,0.090081,False
YOLO11s,India__India_007769,D20,0.155496,True
YOLO11s,India__India_007781,D40,0.004983,True
YOLO11s,India__India_007781,D40,0.035486,False
YOLO11s,India__India_007781,D40,0.007625,False
YOLO11s,India__India_007781,D40,0.013646,False
YOLO11s,India__India_007781,D40,0.004983,False
YOLO11s,India__India_007791,D40,0.01765,False
YOLO11s,India__India_007791,D40,0.012004,False
YOLO11s,India__India_007791,D40,0.005853,False
YOLO11s,India__India_007844,D20,0.278356,True
YOLO11s,India__India_007849,D20,0.061493,True
YOLO11s,India__India_007849,D20,0.019699,False
YOLO11s,India__India_007863,D20,0.13526,True
YOLO11s,India__India_007863,D40,0.003333,False
YOLO11s,India__India_007863,D40,0.027093,False
YOLO11s,India__India_007906,D20,0.189888,True
YOLO11s,India__India_007911,D20,0.092159,True
YOLO11s,India__India_007911,D20,0.009491,False
YOLO11s,India__India_007964,D20,0.178538,True
YOLO11s,India__India_007998,D40,0.015428,False
YOLO11s,India__India_007998,D40,0.001454,True
YOLO11s,India__India_007998,D40,0.001863,False
YOLO11s,India__India_007998,D40,0.001454,False
YOLO11s,India__India_007998,D20,0.135098,True
YOLO11s,India__India_007998,D20,0.038021,False
YOLO11s,India__India_007998,D00,0.005284,False
YOLO11s,India__India_008007,D20,0.022859,False
YOLO11s,India__India_008007,D40,0.010694,False
YOLO11s,India__India_008012,D40,0.006279,True
YOLO11s,India__India_008012,D40,0.008463,False
YOLO11s,India__India_008012,D20,0.042517,False
YOLO11s,India__India_008017,D00,0.064772,False
YOLO11s,India__India_008017,D00,0.032386,True
YOLO11s,India__India_008017,D20,0.041262,False
YOLO11s,India__India_008017,D10,0.027064,False
YOLO11s,India__India_008017,D40,0.032386,False
YOLO11s,India__India_008022,D40,0.00401,True
YOLO11s,India__India_008022,D40,0.009128,False
YOLO11s,India__India_008022,D40,0.002222,False
YOLO11s,India__India_008022,D20,0.186528,False
YOLO11s,India__India_008022,D00,0.018148,False
YOLO11s,India__India_008022,D00,0.006173,False
YOLO11s,India__India_008022,D40,0.001574,False
YOLO11s,India__India_008027,D00,0.005739,False
YOLO11s,India__India_008027,D40,0.0136,False
YOLO11s,India__India_008037,D40,0.002512,True
YOLO11s,India__India_008037,D20,0.103636,False
YOLO11s,India__India_008068,D20,0.167296,True
YOLO11s,India__India_008079,D20,0.163027,True
YOLO11s,India__India_008084,D00,0.013287,False
YOLO11s,India__India_008084,D20,0.092442,True
YOLO11s,India__India_008084,D40,0.001755,False
YOLO11s,India__India_008099,D40,0.007211,False
YOLO11s,India__India_008099,D20,0.083681,False
YOLO11s,India__India_008103,D20,0.224549,False
YOLO11s,India__India_008154,D40,0.036121,False
YOLO11s,India__India_008154,D40,0.017662,False
YOLO11s,India__India_008154,D40,0.009649,False
YOLO11s,India__India_008159,D20,0.194107,True
YOLO11s,India__India_008162,D20,0.034857,False
YOLO11s,India__India_008190,D20,0.174412,True
YOLO11s,India__India_008250,D20,0.193565,True
YOLO11s,India__India_008250,D40,0.003333,False
YOLO11s,India__India_008254,D00,0.014645,False
YOLO11s,India__India_008254,D00,0.011713,False
YOLO11s,India__India_008254,D20,0.120185,False
YOLO11s,India__India_008257,D00,0.009182,False
YOLO11s,India__India_008257,D00,0.008657,False
YOLO11s,India__India_008257,D00,0.007099,False
YOLO11s,India__India_008257,D20,0.036944,False
YOLO11s,India__India_008257,D20,0.045579,False
YOLO11s,India__India_008266,D20,0.204414,True
YOLO11s,India__India_008280,D00,0.005604,False
YOLO11s,India__India_008280,D00,0.015309,False
YOLO11s,India__India_008280,D00,0.091264,False
YOLO11s,India__India_008284,D20,0.078837,True
YOLO11s,India__India_008313,D20,0.083268,False
YOLO11s,India__India_008322,D00,0.001719,False
YOLO11s,India__India_008322,D00,0.001719,False
YOLO11s,India__India_008329,D20,0.239016,True
YOLO11s,India__India_008333,D00,0.010758,False
YOLO11s,India__India_008333,D00,0.01037,False
YOLO11s,India__India_008333,D20,0.085839,False
YOLO11s,India__India_008340,D00,0.022344,False
YOLO11s,India__India_008340,D20,0.124815,True
YOLO11s,India__India_008374,D00,0.033478,False
YOLO11s,India__India_008374,D20,0.13782,True
YOLO11s,India__India_008374,D00,0.011667,False
YOLO11s,India__India_008400,D20,0.052245,False
YOLO11s,India__India_008400,D00,0.038773,False
YOLO11s,India__India_008400,D40,0.004147,False
YOLO11s,India__India_008407,D20,0.092448,True
YOLO11s,India__India_008407,D00,0.033727,False
YOLO11s,India__India_008430,D20,0.172448,False
YOLO11s,India__India_008436,D40,0.01191,False
YOLO11s,India__India_008440,D20,0.192438,False
YOLO11s,India__India_008440,D40,0.009965,True
YOLO11s,India__India_008446,D40,0.002971,True
YOLO11s,India__India_008458,D40,0.010822,True
YOLO11s,India__India_008458,D40,0.010822,False
YOLO11s,India__India_008471,D20,0.170509,True
YOLO11s,India__India_008471,D40,0.040912,False
YOLO11s,India__India_008496,D20,0.248148,True
YOLO11s,India__India_008557,D40,0.004321,True
YOLO11s,India__India_008565,D20,0.211022,False
YOLO11s,India__India_008574,D20,0.08162,False
YOLO11s,India__India_008575,D00,0.003783,False
YOLO11s,India__India_008582,D20,0.105247,True
YOLO11s,India__India_008582,D00,0.032465,True
YOLO11s,India__India_008582,D00,0.004159,False
YOLO11s,India__India_008584,D20,0.133873,True
YOLO11s,India__India_008588,D20,0.096296,True
YOLO11s,India__India_008588,D00,0.023704,False
YOLO11s,India__India_008610,D00,0.043534,False
YOLO11s,India__India_008623,D20,0.126393,False
YOLO11s,India__India_008657,D20,0.065644,False
YOLO11s,India__India_008657,D20,0.039647,False
YOLO11s,India__India_008673,D40,0.005185,False
YOLO11s,India__India_008673,D40,0.01412,False
YOLO11s,India__India_008673,D40,0.002573,True
YOLO11s,India__India_008673,D40,0.002573,False
YOLO11s,India__India_008673,D40,0.002629,False
YOLO11s,India__India_008676,D20,0.242674,False
YOLO11s,India__India_008676,D40,0.002122,False
YOLO11s,India__India_008676,D40,0.002122,False
YOLO11s,India__India_008677,D40,0.006771,True
YOLO11s,India__India_008682,D20,0.063499,False
YOLO11s,India__India_008682,D00,0.013349,False
YOLO11s,India__India_008682,D40,0.048634,False
YOLO11s,India__India_008682,D40,0.073949,False
YOLO11s,India__India_008682,D40,0.100791,True
YOLO11s,India__India_008711,D20,0.073765,False
YOLO11s,India__India_008726,D40,0.011034,False
YOLO11s,India__India_008739,D00,0.019242,True
YOLO11s,India__India_008745,D20,0.096084,True
YOLO11s,India__India_008745,D20,0.064687,False
YOLO11s,India__India_008745,D20,0.051771,False
YOLO11s,India__India_008752,D40,0.001283,False
YOLO11s,India__India_008752,D00,0.037292,False
YOLO11s,India__India_008752,D20,0.107639,False
YOLO11s,India__India_008755,D00,0.006968,False
YOLO11s,India__India_008792,D20,0.135903,True
YOLO11s,India__India_008839,D00,0.044263,True
YOLO11s,India__India_008853,D20,0.243549,True
YOLO11s,India__India_008867,D40,0.009182,True
YOLO11s,India__India_008867,D40,0.003385,True
YOLO11s,India__India_008867,D40,0.003385,False
YOLO11s,India__India_008886,D20,0.124884,True
YOLO11s,India__India_008906,D40,0.002357,True
YOLO11s,India__India_008906,D00,0.106406,True
YOLO11s,India__India_008906,D20,0.060694,False
YOLO11s,India__India_008909,D20,0.067083,True
YOLO11s,India__India_008918,D20,0.223592,True
YOLO11s,India__India_008928,D20,0.044878,False
YOLO11s,India__India_008928,D20,0.044878,False
YOLO11s,India__India_008960,D20,0.068704,True
YOLO11s,India__India_008969,D40,0.02445,True
YOLO11s,India__India_008969,D00,0.04478,False
YOLO11s,India__India_008969,D20,0.027083,False
YOLO11s,India__India_008969,D20,0.02363,False
YOLO11s,India__India_009004,D20,0.06713,False
YOLO11s,India__India_009039,D20,0.221991,True
YOLO11s,India__India_009041,D40,0.006389,True
YOLO11s,India__India_009041,D40,0.0063,False
YOLO11s,India__India_009041,D40,0.006389,False
YOLO11s,India__India_009041,D20,0.239429,True
YOLO11s,India__India_009041,D40,0.006562,False
YOLO11s,India__India_009063,D20,0.119761,True
YOLO11s,India__India_009096,D20,0.027392,False
YOLO11s,India__India_009122,D40,0.001655,True
YOLO11s,India__India_009122,D00,0.022346,False
YOLO11s,India__India_009133,D00,0.050467,False
YOLO11s,India__India_009133,D20,0.068503,False
YOLO11s,India__India_009133,D00,0.024549,False
YOLO11s,India__India_009138,D40,0.002797,False
YOLO11s,India__India_009138,D40,0.002797,False
YOLO11s,India__India_009138,D40,0.002797,False
YOLO11s,India__India_009157,D40,0.009693,False
YOLO11s,India__India_009157,D00,0.020231,False
YOLO11s,India__India_009167,D20,0.059689,False
YOLO11s,India__India_009167,D00,0.020145,False
YOLO11s,India__India_009167,D00,0.038619,False
YOLO11s,India__India_009212,D20,0.102917,True
YOLO11s,India__India_009212,D00,0.045739,False
YOLO11s,India__India_009214,D20,0.065245,False
YOLO11s,India__India_009214,D00,0.010469,False
YOLO11s,India__India_009214,D00,0.002405,False
YOLO11s,India__India_009221,D20,0.164603,True
YOLO11s,India__India_009221,D40,0.034074,False
YOLO11s,India__India_009226,D40,0.006591,False
YOLO11s,India__India_009226,D40,0.006591,True
YOLO11s,India__India_009226,D40,0.0087,True
YOLO11s,India__India_009226,D40,0.043476,False
YOLO11s,India__India_009226,D40,0.019533,False
YOLO11s,India__India_009226,D40,0.016933,False
YOLO11s,India__India_009226,D40,0.008777,False
YOLO11s,India__India_009226,D40,0.018634,False
YOLO11s,India__India_009245,D40,0.051584,True
YOLO11s,India__India_009245,D20,0.070633,False
YOLO11s,India__India_009245,D00,0.006821,False
YOLO11s,India__India_009254,D40,0.024846,False
YOLO11s,India__India_009254,D40,0.072025,False
YOLO11s,India__India_009254,D40,0.044045,False
YOLO11s,India__India_009254,D40,0.010914,False
YOLO11s,India__India_009281,D40,0.018503,False
YOLO11s,India__India_009284,D20,0.117321,False
YOLO11s,India__India_009297,D00,0.024537,False
YOLO11s,India__India_009297,D20,0.11294,False
YOLO11s,India__India_009297,D20,0.033073,False
YOLO11s,India__India_009320,D00,0.016397,False
YOLO11s,India__India_009359,D40,0.008488,False
YOLO11s,India__India_009381,D40,0.002529,False
YOLO11s,India__India_009381,D40,0.006165,True
YOLO11s,India__India_009381,D00,0.008831,False
YOLO11s,India__India_009381,D40,0.001728,False
YOLO11s,India__India_009391,D40,0.032813,False
YOLO11s,India__India_009391,D40,0.01114,False
YOLO11s,India__India_009394,D20,0.193065,True
YOLO11s,India__India_009406,D40,0.106736,False
YOLO11s,India__India_009406,D40,0.073872,False
YOLO11s,India__India_009428,D20,0.063426,True
YOLO11s,India__India_009428,D00,0.041427,False
YOLO11s,India__India_009445,D20,0.018495,False
YOLO11s,India__India_009446,D00,0.030502,False
YOLO11s,India__India_009505,D00,0.020156,True
YOLO11s,India__India_009505,D00,0.028519,True
YOLO11s,India__India_009541,D20,0.231574,True
YOLO11s,India__India_009564,D40,0.221053,True
YOLO11s,India__India_009564,D00,0.015122,False
YOLO11s,India__India_009564,D00,0.032612,False
YOLO11s,India__India_009579,D40,0.0189,True
YOLO11s,India__India_009583,D00,0.002315,False
YOLO11s,India__India_009583,D00,0.003704,False
YOLO11s,India__India_009595,D20,0.04456,True
YOLO11s,India__India_009595,D20,0.073758,True
YOLO11s,India__India_009600,D20,0.068899,False
YOLO11s,India__India_009600,D20,0.077066,True
YOLO11s,India__India_009625,D00,0.045833,True
YOLO11s,India__India_009640,D20,0.178881,True
YOLO11s,India__India_009640,D40,0.003318,False
YOLO11s,India__India_009656,D00,0.024549,False
YOLO11s,India__India_009656,D40,0.008102,True
YOLO11s,India__India_009656,D40,0.1612,False
YOLO11s,India__India_009666,D00,0.039091,False
YOLO11s,India__India_009666,D20,0.229456,True
YOLO11s,India__India_009675,D20,0.008652,False
YOLO11s,India__India_009719,D20,0.117052,True
YOLO11s,India__India_009723,D40,0.001833,False
YOLO11s,India__India_009723,D20,0.0261,False
YOLO11s,India__India_009751,D20,0.244473,False
YOLO11s,India__India_009752,D40,0.004963,False
YOLO11s,India__India_009793,D20,0.207778,False
YOLO11s,India__India_009794,D40,0.015017,False
YOLO11s,India__India_009794,D40,0.00414,False
YOLO11s,India__India_009794,D40,0.004699,False
YOLO11s,India__India_009813,D40,0.001823,True
YOLO11s,India__India_009834,D00,0.012525,True
YOLO11s,India__India_009842,D10,0.013349,False
YOLO11s,India__India_009842,D10,0.025729,False
YOLO11s,India__India_009842,D00,0.00537,False
YOLO11s,India__India_009847,D00,0.138889,False
YOLO11s,India__India_009856,D40,0.002257,False
YOLO11s,India__India_009856,D40,0.002917,True
YOLO11s,India__India_009856,D40,0.007668,False
YOLO11s,India__India_009856,D40,0.005818,False
YOLO11s,India__India_009856,D40,0.008922,False
YOLO11s,India__India_009856,D40,0.035177,False
YOLO11s,India__India_009856,D40,0.008519,False
YOLO11s,India__India_009856,D40,0.019433,False
YOLO11s,India__India_009880,D20,0.178227,True
YOLO11s,Japan__Japan_000001,D10,0.05865,False
YOLO11s,Japan__Japan_000001,D10,0.006125,False
YOLO11s,Japan__Japan_000004,D20,0.379919,False
YOLO11s,Japan__Japan_000020,D20,0.040347,False
YOLO11s,Japan__Japan_000020,D10,0.005928,True
YOLO11s,Japan__Japan_000020,D10,0.003072,False
YOLO11s,Japan__Japan_000020,D10,0.008125,True
YOLO11s,Japan__Japan_000020,D10,0.005172,False
YOLO11s,Japan__Japan_000020,D10,0.0049,False
YOLO11s,Japan__Japan_000028,D00,0.011375,True
YOLO11s,Japan__Japan_000042,D20,0.1273,True
YOLO11s,Japan__Japan_000042,D20,0.0048,False
YOLO11s,Japan__Japan_000051,D10,0.0085,True
YOLO11s,Japan__Japan_000051,D00,0.001933,False
YOLO11s,Japan__Japan_000058,D20,0.275614,False
YOLO11s,Japan__Japan_000063,D00,0.0407,True
YOLO11s,Japan__Japan_000070,D10,0.005814,True
YOLO11s,Japan__Japan_000070,D10,0.001367,False
YOLO11s,Japan__Japan_000073,D40,0.002217,False
YOLO11s,Japan__Japan_000080,D20,0.3536,True
YOLO11s,Japan__Japan_000089,D20,0.026283,False
YOLO11s,Japan__Japan_000089,D10,0.009525,False
YOLO11s,Japan__Japan_000090,D40,0.00855,True
YOLO11s,Japan__Japan_000091,D00,0.003786,True
YOLO11s,Japan__Japan_000097,D20,0.031244,True
YOLO11s,Japan__Japan_000097,D10,0.013864,True
YOLO11s,Japan__Japan_000097,D10,0.005989,False
YOLO11s,Japan__Japan_000113,D00,0.018706,True
YOLO11s,Japan__Japan_000113,D00,0.003694,False
YOLO11s,Japan__Japan_000117,D40,0.009306,True
YOLO11s,Japan__Japan_000117,D40,0.003681,False
YOLO11s,Japan__Japan_000117,D20,0.153303,True
YOLO11s,Japan__Japan_000126,D00,0.012708,True
YOLO11s,Japan__Japan_000127,D10,0.011122,True
YOLO11s,Japan__Japan_000129,D40,0.034744,True
YOLO11s,Japan__Japan_000144,D20,0.096611,True
YOLO11s,Japan__Japan_000144,D10,0.010206,False
YOLO11s,Japan__Japan_000144,D10,0.012278,False
YOLO11s,Japan__Japan_000146,D10,0.06435,False
YOLO11s,Japan__Japan_000146,D00,0.015111,False
YOLO11s,Japan__Japan_000151,D20,0.133322,True
YOLO11s,Japan__Japan_000152,D00,0.038644,True
YOLO11s,Japan__Japan_000171,D10,0.0441,False
YOLO11s,Japan__Japan_000179,D20,0.021022,False
YOLO11s,Japan__Japan_000179,D20,0.019822,False
YOLO11s,Japan__Japan_000188,D20,0.292578,True
YOLO11s,Japan__Japan_000224,D20,0.019933,True
YOLO11s,Japan__Japan_000234,D00,0.008889,False
YOLO11s,Japan__Japan_000234,D00,0.003942,False
YOLO11s,Japan__Japan_000246,D00,0.017767,False
YOLO11s,Japan__Japan_000246,D00,0.018911,True
YOLO11s,Japan__Japan_000246,D10,0.006,False
YOLO11s,Japan__Japan_000246,D10,0.02235,False
YOLO11s,Japan__Japan_000246,D00,0.003033,False
YOLO11s,Japan__Japan_000258,D00,0.010767,True
YOLO11s,Japan__Japan_000260,D20,0.18275,False
YOLO11s,Japan__Japan_000270,D20,0.230917,True
YOLO11s,Japan__Japan_000270,D40,0.003617,True
YOLO11s,Japan__Japan_000271,D20,0.125183,False
YOLO11s,Japan__Japan_000281,D20,0.364392,True
YOLO11s,Japan__Japan_000281,D40,0.001867,False
YOLO11s,Japan__Japan_000281,D40,0.00115,True
YOLO11s,Japan__Japan_000281,D40,0.001167,False
YOLO11s,Japan__Japan_000281,D40,0.00115,False
YOLO11s,Japan__Japan_000281,D40,0.001167,False
YOLO11s,Japan__Japan_000281,D40,0.001167,False
YOLO11s,Japan__Japan_000312,D00,0.033883,False
YOLO11s,Japan__Japan_000312,D00,0.034833,False
YOLO11s,Japan__Japan_000315,D20,0.233542,True
YOLO11s,Japan__Japan_000332,D40,0.002811,True
YOLO11s,Japan__Japan_000332,D40,0.005639,False
YOLO11s,Japan__Japan_000332,D20,0.049472,False
YOLO11s,Japan__Japan_000332,D40,0.000831,False
YOLO11s,Japan__Japan_000338,D20,0.138356,False
YOLO11s,Japan__Japan_000338,D20,0.06435,False
YOLO11s,Japan__Japan_000364,D20,0.044083,False
YOLO11s,Japan__Japan_000364,D40,0.007361,True
YOLO11s,Japan__Japan_000365,D00,0.029333,False
YOLO11s,Japan__Japan_000366,D20,0.073403,True
YOLO11s,Japan__Japan_000371,D20,0.02135,False
YOLO11s,Japan__Japan_000371,D10,0.050433,False
YOLO11s,Japan__Japan_000371,D10,0.00595,False
YOLO11s,Japan__Japan_000371,D10,0.003589,False
YOLO11s,Japan__Japan_000385,D20,0.156825,True
YOLO11s,Japan__Japan_000385,D20,0.018783,True
YOLO11s,Japan__Japan_000385,D00,0.003383,False
YOLO11s,Japan__Japan_000393,D10,0.04445,True
YOLO11s,Japan__Japan_000393,D10,0.01485,False
YOLO11s,Japan__Japan_000399,D00,0.016875,False
YOLO11s,Japan__Japan_000407,D20,0.234333,True
YOLO11s,Japan__Japan_000409,D20,0.254964,True
YOLO11s,Japan__Japan_000409,D00,0.078014,True
YOLO11s,Japan__Japan_000410,D20,0.080239,True
YOLO11s,Japan__Japan_000415,D20,0.2144,True
YOLO11s,Japan__Japan_000418,D20,0.030839,False
YOLO11s,Japan__Japan_000418,D20,0.0646,False
YOLO11s,Japan__Japan_000428,D20,0.077356,True
YOLO11s,Japan__Japan_000428,D20,0.014742,True
YOLO11s,Japan__Japan_000428,D20,0.007461,False
YOLO11s,Japan__Japan_000433,D20,0.036689,False
YOLO11s,Japan__Japan_000433,D10,0.015111,True
YOLO11s,Japan__Japan_000433,D20,0.015614,False
YOLO11s,Japan__Japan_000434,D00,0.008556,False
YOLO11s,Japan__Japan_000434,D00,0.0022,False
YOLO11s,Japan__Japan_000435,D20,0.039967,False
YOLO11s,Japan__Japan_000438,D20,0.179347,True
YOLO11s,Japan__Japan_000449,D40,0.002444,True
YOLO11s,Japan__Japan_000449,D40,0.005592,False
YOLO11s,Japan__Japan_000449,D20,0.1885,False
YOLO11s,Japan__Japan_000449,D40,0.000992,True
YOLO11s,Japan__Japan_000453,D40,0.002842,False
YOLO11s,Japan__Japan_000453,D20,0.026833,False
YOLO11s,Japan__Japan_000453,D20,0.091017,False
YOLO11s,Japan__Japan_000453,D20,0.091939,True
YOLO11s,Japan__Japan_000453,D00,0.021583,True
YOLO11s,Japan__Japan_000471,D20,0.0207,True
YOLO11s,Japan__Japan_000471,D00,0.006808,True
YOLO11s,Japan__Japan_000478,D10,0.03585,False
YOLO11s,Japan__Japan_000488,D20,0.281889,True
YOLO11s,Japan__Japan_000492,D00,0.006631,False
YOLO11s,Japan__Japan_000511,D20,0.088933,False
YOLO11s,Japan__Japan_000511,D00,0.031397,True
YOLO11s,Japan__Japan_000515,D00,0.007333,False
YOLO11s,Japan__Japan_000528,D00,0.024797,True
YOLO11s,Japan__Japan_000528,D00,0.008983,False
YOLO11s,Japan__Japan_000528,D20,0.028033,False
YOLO11s,Japan__Japan_000545,D20,0.052117,True
YOLO11s,Japan__Japan_000545,D20,0.014308,True
YOLO11s,Japan__Japan_000547,D00,0.004033,False
YOLO11s,Japan__Japan_000552,D40,0.003,True
YOLO11s,Japan__Japan_000552,D20,0.099181,True
YOLO11s,Japan__Japan_000567,D10,0.004161,False
YOLO11s,Japan__Japan_000567,D00,0.012278,True
YOLO11s,Japan__Japan_000583,D10,0.027,False
YOLO11s,Japan__Japan_000586,D10,0.008083,False
YOLO11s,Japan__Japan_000587,D00,0.009456,True
YOLO11s,Japan__Japan_000608,D20,0.111825,True
YOLO11s,Japan__Japan_000633,D20,0.025244,True
YOLO11s,Japan__Japan_000639,D40,0.005875,True
YOLO11s,Japan__Japan_000639,D40,0.008656,True
YOLO11s,Japan__Japan_000639,D20,0.382694,True
YOLO11s,Japan__Japan_000639,D40,0.002256,True
YOLO11s,Japan__Japan_000658,D10,0.007,True
YOLO11s,Japan__Japan_000658,D10,0.004061,True
YOLO11s,Japan__Japan_000664,D20,0.223667,True
YOLO11s,Japan__Japan_000684,D10,0.012367,True
YOLO11s,Japan__Japan_000717,D10,0.015,False
YOLO11s,Japan__Japan_000717,D00,0.022886,False
YOLO11s,Japan__Japan_000717,D00,0.02225,False
YOLO11s,Japan__Japan_000728,D20,0.143689,True
YOLO11s,Japan__Japan_000728,D10,0.0034,False
YOLO11s,Japan__Japan_000728,D10,0.007,False
YOLO11s,Japan__Japan_000728,D10,0.0022,False
YOLO11s,Japan__Japan_000776,D00,0.013017,False
YOLO11s,Japan__Japan_000781,D20,0.073194,False
YOLO11s,Japan__Japan_000790,D20,0.210328,False
YOLO11s,Japan__Japan_000790,D40,0.023078,False
YOLO11s,Japan__Japan_000793,D00,0.0023,False
YOLO11s,Japan__Japan_000807,D20,0.063175,False
YOLO11s,Japan__Japan_000807,D10,0.002875,False
YOLO11s,Japan__Japan_000808,D20,0.211575,False
YOLO11s,Japan__Japan_000810,D20,0.0442,False
YOLO11s,Japan__Japan_000810,D20,0.010889,False
YOLO11s,Japan__Japan_000810,D20,0.079567,False
YOLO11s,Japan__Japan_000825,D40,0.003296,True
YOLO11s,Japan__Japan_000825,D40,0.005082,False
YOLO11s,Japan__Japan_000825,D40,0.007041,False
YOLO11s,Japan__Japan_000825,D00,0.014778,False
YOLO11s,Japan__Japan_000825,D20,0.418221,False
YOLO11s,Japan__Japan_000829,D20,0.322794,True
YOLO11s,Japan__Japan_000852,D10,0.05445,False
YOLO11s,Japan__Japan_000852,D00,0.023075,False
YOLO11s,Japan__Japan_000852,D10,0.0226,True
YOLO11s,Japan__Japan_000852,D00,0.008356,False
YOLO11s,Japan__Japan_000859,D20,0.330533,True
YOLO11s,Japan__Japan_000867,D20,0.372211,True
YOLO11s,Japan__Japan_000889,D20,0.3354,True
YOLO11s,Japan__Japan_000891,D10,0.0025,False
YOLO11s,Japan__Japan_000891,D10,0.007178,False
YOLO11s,Japan__Japan_000895,D20,0.108294,False
YOLO11s,Japan__Japan_000895,D00,0.011167,False
YOLO11s,Japan__Japan_000910,D20,0.092808,True
YOLO11s,Japan__Japan_000910,D20,0.085944,False
YOLO11s,Japan__Japan_000910,D20,0.02805,False
YOLO11s,Japan__Japan_000918,D10,0.006944,True
YOLO11s,Japan__Japan_000918,D10,0.0054,False
YOLO11s,Japan__Japan_000918,D10,0.002961,False
YOLO11s,Japan__Japan_000929,D20,0.117347,False
YOLO11s,Japan__Japan_000929,D20,0.117875,False
YOLO11s,Japan__Japan_000933,D00,0.003125,False
YOLO11s,Japan__Japan_000933,D10,0.002958,False
YOLO11s,Japan__Japan_000933,D00,0.014914,False
YOLO11s,Japan__Japan_000933,D10,0.0205,False
YOLO11s,Japan__Japan_000933,D10,0.008067,False
YOLO11s,Japan__Japan_000933,D20,0.01225,False
YOLO11s,Japan__Japan_000945,D20,0.2747,True
YOLO11s,Japan__Japan_000949,D40,0.00525,False
YOLO11s,Japan__Japan_000949,D40,0.003133,False
YOLO11s,Japan__Japan_000949,D40,0.003542,False
YOLO11s,Japan__Japan_000949,D20,0.050219,False
YOLO11s,Japan__Japan_000980,D20,0.044728,False
YOLO11s,Japan__Japan_001000,D20,0.296867,True
YOLO11s,Japan__Japan_001024,D00,0.002928,False
YOLO11s,Japan__Japan_001038,D20,0.0221,True
YOLO11s,Japan__Japan_001043,D00,0.003178,True
YOLO11s,Japan__Japan_001043,D20,0.006125,False
YOLO11s,Japan__Japan_001044,D10,0.003111,False
YOLO11s,Japan__Japan_001044,D10,0.002792,False
YOLO11s,Japan__Japan_001044,D10,0.002917,False
YOLO11s,Japan__Japan_001044,D10,0.000528,False
YOLO11s,Japan__Japan_001058,D20,0.054625,True
YOLO11s,Japan__Japan_001058,D10,0.009567,False
YOLO11s,Japan__Japan_001058,D10,0.0048,True
YOLO11s,Japan__Japan_001058,D10,0.003447,True
YOLO11s,Japan__Japan_001071,D20,0.194528,True
YOLO11s,Japan__Japan_001071,D10,0.022489,False
YOLO11s,Japan__Japan_001071,D10,0.0072,True
YOLO11s,Japan__Japan_001071,D20,0.086333,False
YOLO11s,Japan__Japan_001079,D20,0.195572,True
YOLO11s,Japan__Japan_001079,D00,0.006989,False
YOLO11s,Japan__Japan_001079,D20,0.026833,False
YOLO11s,Japan__Japan_001079,D00,0.007367,False
YOLO11s,Japan__Japan_001087,D00,0.040119,True
YOLO11s,Japan__Japan_001087,D40,0.005067,False
YOLO11s,Japan__Japan_001087,D40,0.004667,False
YOLO11s,Japan__Japan_001099,D20,0.319444,True
YOLO11s,Japan__Japan_001104,D10,0.0144,False
YOLO11s,Japan__Japan_001112,D20,0.137258,True
YOLO11s,Japan__Japan_001112,D20,0.016192,False
YOLO11s,Japan__Japan_001129,D00,0.069886,False
YOLO11s,Japan__Japan_001130,D20,0.348578,True
YOLO11s,Japan__Japan_001145,D10,0.0098,False
YOLO11s,Japan__Japan_001145,D10,0.005272,False
YOLO11s,Japan__Japan_001145,D00,0.015925,False
YOLO11s,Japan__Japan_001145,D10,0.0102,False
YOLO11s,Japan__Japan_001159,D20,0.021,False
YOLO11s,Japan__Japan_001159,D20,0.071319,True
YOLO11s,Japan__Japan_001159,D10,0.019528,False
YOLO11s,Japan__Japan_001185,D20,0.095317,False
YOLO11s,Japan__Japan_001185,D10,0.048056,True
YOLO11s,Japan__Japan_001185,D00,0.043917,True
YOLO11s,Japan__Japan_001219,D00,0.013978,True
YOLO11s,Japan__Japan_001219,D00,0.006525,False
YOLO11s,Japan__Japan_001219,D00,0.002375,False
YOLO11s,Japan__Japan_001219,D00,0.011244,False
YOLO11s,Japan__Japan_001219,D00,0.004783,False
YOLO11s,Japan__Japan_001219,D10,0.005022,False
YOLO11s,Japan__Japan_001228,D40,0.007794,False
YOLO11s,Japan__Japan_001228,D40,0.003611,True
YOLO11s,Japan__Japan_001228,D40,0.0506,False
YOLO11s,Japan__Japan_001228,D40,0.001089,False
YOLO11s,Japan__Japan_001228,D40,0.000639,False
YOLO11s,Japan__Japan_001228,D20,0.015708,False
YOLO11s,Japan__Japan_001238,D10,0.061011,False
YOLO11s,Japan__Japan_001239,D00,0.008217,True
YOLO11s,Japan__Japan_001239,D10,0.007761,True
YOLO11s,Japan__Japan_001241,D40,0.008306,True
YOLO11s,Japan__Japan_001242,D20,0.258533,True
YOLO11s,Japan__Japan_001245,D00,0.018017,True
YOLO11s,Japan__Japan_001252,D40,0.008158,True
YOLO11s,Japan__Japan_001252,D40,0.003644,True
YOLO11s,Japan__Japan_001252,D20,0.198817,True
YOLO11s,Japan__Japan_001252,D20,0.191217,True
YOLO11s,Japan__Japan_001257,D20,0.3717,True
YOLO11s,Japan__Japan_001257,D40,0.005194,True
YOLO11s,Japan__Japan_001257,D40,0.001944,False
YOLO11s,Japan__Japan_001257,D10,0.005439,False
YOLO11s,Japan__Japan_001264,D20,0.13685,True
YOLO11s,Japan__Japan_001264,D20,0.110847,False
YOLO11s,Japan__Japan_001266,D10,0.031533,True
YOLO11s,Japan__Japan_001278,D00,0.049347,True
YOLO11s,Japan__Japan_001287,D20,0.040422,True
YOLO11s,Japan__Japan_001295,D00,0.015406,False
YOLO11s,Japan__Japan_001304,D20,0.075167,True
YOLO11s,Japan__Japan_001304,D20,0.027083,True
YOLO11s,Japan__Japan_001304,D00,0.007792,False
YOLO11s,Japan__Japan_001319,D40,0.009244,False
YOLO11s,Japan__Japan_001319,D40,0.013019,False
YOLO11s,Japan__Japan_001319,D20,0.022694,False
YOLO11s,Japan__Japan_001319,D20,0.015442,True
YOLO11s,Japan__Japan_001319,D40,0.0017,False
YOLO11s,Japan__Japan_001320,D10,0.00795,False
YOLO11s,Japan__Japan_001325,D20,0.2088,True
YOLO11s,Japan__Japan_001325,D20,0.022,True
YOLO11s,Japan__Japan_001325,D10,0.041875,True
YOLO11s,Japan__Japan_001327,D40,0.004792,False
YOLO11s,Japan__Japan_001327,D20,0.190122,True
YOLO11s,Japan__Japan_001362,D40,0.002444,True
YOLO11s,Japan__Japan_001362,D40,0.001056,True
YOLO11s,Japan__Japan_001362,D40,0.001833,True
YOLO11s,Japan__Japan_001362,D20,0.206933,True
YOLO11s,Japan__Japan_001386,D10,0.002203,False
YOLO11s,Japan__Japan_001396,D10,0.0124,True
YOLO11s,Japan__Japan_001396,D00,0.020322,False
YOLO11s,Japan__Japan_001396,D10,0.003675,False
YOLO11s,Japan__Japan_001396,D10,0.001567,False
YOLO11s,Japan__Japan_001396,D10,0.00075,False
YOLO11s,Japan__Japan_001396,D10,0.000689,False
YOLO11s,Japan__Japan_001396,D10,0.000389,False
YOLO11s,Japan__Japan_001423,D10,0.010039,True
YOLO11s,Japan__Japan_001423,D10,0.004667,True
YOLO11s,Japan__Japan_001432,D00,0.02025,False
YOLO11s,Japan__Japan_001439,D20,0.434483,True
YOLO11s,Japan__Japan_001441,D40,0.009778,False
YOLO11s,Japan__Japan_001441,D40,0.0017,False
YOLO11s,Japan__Japan_001441,D40,0.003267,False
YOLO11s,Japan__Japan_001441,D10,0.033692,True
YOLO11s,Japan__Japan_001457,D00,0.008783,True
YOLO11s,Japan__Japan_001457,D10,0.014,False
YOLO11s,Japan__Japan_001459,D20,0.158122,False
YOLO11s,Japan__Japan_001485,D00,0.012744,False
YOLO11s,Japan__Japan_001486,D00,0.053658,True
YOLO11s,Japan__Japan_001486,D00,0.046006,False
YOLO11s,Japan__Japan_001502,D40,0.039356,False
YOLO11s,Japan__Japan_001507,D20,0.324711,True
YOLO11s,Japan__Japan_001530,D20,0.076633,False
YOLO11s,Japan__Japan_001533,D20,0.051956,True
YOLO11s,Japan__Japan_001533,D10,0.027361,False
YOLO11s,Japan__Japan_001533,D10,0.006528,False
YOLO11s,Japan__Japan_001534,D20,0.01075,False
YOLO11s,Japan__Japan_001534,D20,0.063933,True
YOLO11s,Japan__Japan_001534,D10,0.006167,False
YOLO11s,Japan__Japan_001534,D10,0.029133,False
YOLO11s,Japan__Japan_001537,D40,0.003625,True
YOLO11s,Japan__Japan_001537,D20,0.103233,True
YOLO11s,Japan__Japan_001537,D10,0.00625,False
YOLO11s,Japan__Japan_001557,D00,0.0207,True
YOLO11s,Japan__Japan_001557,D10,0.014983,False
YOLO11s,Japan__Japan_001558,D00,0.012344,True
YOLO11s,Japan__Japan_001559,D20,0.373667,True
YOLO11s,Japan__Japan_001560,D20,0.204733,True
YOLO11s,Japan__Japan_001570,D20,0.492017,False
YOLO11s,Japan__Japan_001570,D00,0.015167,False
YOLO11s,Japan__Japan_001570,D20,0.115933,True
YOLO11s,Japan__Japan_001570,D20,0.32585,True
YOLO11s,Japan__Japan_001576,D00,0.023917,True
YOLO11s,Japan__Japan_001576,D20,0.0468,True
YOLO11s,Japan__Japan_001576,D00,0.016033,False
YOLO11s,Japan__Japan_001616,D20,0.301556,True
YOLO11s,Japan__Japan_001616,D10,0.011528,True
YOLO11s,Japan__Japan_001616,D10,0.015094,False
YOLO11s,Japan__Japan_001627,D20,0.235417,True
YOLO11s,Japan__Japan_001640,D20,0.315167,True
YOLO11s,Japan__Japan_001652,D10,0.0224,True
YOLO11s,Japan__Japan_001656,D20,0.322472,True
YOLO11s,Japan__Japan_001656,D40,0.003872,False
YOLO11s,Japan__Japan_001664,D00,0.015289,False
YOLO11s,Japan__Japan_001664,D00,0.0048,True
YOLO11s,Japan__Japan_001664,D00,0.026875,True
YOLO11s,Japan__Japan_001664,D10,0.011583,False
YOLO11s,Japan__Japan_001666,D20,0.220625,True
YOLO11s,Japan__Japan_001669,D20,0.043542,True
YOLO11s,Japan__Japan_001669,D20,0.022003,True
YOLO11s,Japan__Japan_001677,D20,0.085372,True
YOLO11s,Japan__Japan_001677,D20,0.020611,False
YOLO11s,Japan__Japan_001677,D20,0.044286,False
YOLO11s,Japan__Japan_001677,D20,0.040119,False
YOLO11s,Japan__Japan_001680,D40,0.0034,True
YOLO11s,Japan__Japan_001683,D20,0.101383,True
YOLO11s,Japan__Japan_001690,D20,0.122069,False
YOLO11s,Japan__Japan_001690,D10,0.087075,True
YOLO11s,Japan__Japan_001690,D10,0.003106,False
YOLO11s,Japan__Japan_001690,D10,0.007653,False
YOLO11s,Japan__Japan_001690,D10,0.011711,False
YOLO11s,Japan__Japan_001690,D10,0.011358,False
YOLO11s,Japan__Japan_001692,D00,0.01395,False
YOLO11s,Japan__Japan_001694,D20,0.019067,False
YOLO11s,Japan__Japan_001696,D20,0.0976,True
YOLO11s,Japan__Japan_001696,D10,0.018569,True
YOLO11s,Japan__Japan_001696,D10,0.002933,True
YOLO11s,Japan__Japan_001696,D10,0.006017,False
YOLO11s,Japan__Japan_001708,D20,0.109767,False
YOLO11s,Japan__Japan_001708,D20,0.096056,True
YOLO11s,Japan__Japan_001708,D10,0.005561,False
YOLO11s,Japan__Japan_001713,D20,0.026944,False
YOLO11s,Japan__Japan_001713,D00,0.060558,True
YOLO11s,Japan__Japan_001724,D40,0.003656,True
YOLO11s,Japan__Japan_001724,D40,0.005467,True
YOLO11s,Japan__Japan_001724,D40,0.002528,True
YOLO11s,Japan__Japan_001724,D40,0.0148,False
YOLO11s,Japan__Japan_001724,D40,0.009567,False
YOLO11s,Japan__Japan_001733,D00,0.023,True
YOLO11s,Japan__Japan_001733,D10,0.003642,False
YOLO11s,Japan__Japan_001736,D20,0.402489,True
YOLO11s,Japan__Japan_001742,D00,0.009822,False
YOLO11s,Japan__Japan_001742,D00,0.007175,False
YOLO11s,Japan__Japan_001791,D40,0.0056,False
YOLO11s,Japan__Japan_001791,D40,0.005583,False
YOLO11s,Japan__Japan_001802,D20,0.183069,True
YOLO11s,Japan__Japan_001802,D40,0.003733,False
YOLO11s,Japan__Japan_001804,D10,0.016236,True
YOLO11s,Japan__Japan_001809,D20,0.116167,True
YOLO11s,Japan__Japan_001809,D10,0.006356,False
YOLO11s,Japan__Japan_001817,D00,0.010472,False
YOLO11s,Japan__Japan_001817,D10,0.011167,False
YOLO11s,Japan__Japan_001817,D10,0.008233,False
YOLO11s,Japan__Japan_001857,D10,0.008342,True
YOLO11s,Japan__Japan_001857,D10,0.004153,False
YOLO11s,Japan__Japan_001857,D00,0.05035,True
YOLO11s,Japan__Japan_001857,D00,0.026542,False
YOLO11s,Japan__Japan_001868,D20,0.168583,True
YOLO11s,Japan__Japan_001868,D20,0.208022,True
YOLO11s,Japan__Japan_001879,D00,0.021883,True
YOLO11s,Japan__Japan_001881,D00,0.014,False
YOLO11s,Japan__Japan_001881,D10,0.0315,True
YOLO11s,Japan__Japan_001881,D00,0.0087,False
YOLO11s,Japan__Japan_001881,D10,0.007394,False
YOLO11s,Japan__Japan_001881,D10,0.013411,False
YOLO11s,Japan__Japan_001889,D00,0.027806,False
YOLO11s,Japan__Japan_001889,D00,0.0161,False
YOLO11s,Japan__Japan_001889,D00,0.00875,False
YOLO11s,Japan__Japan_001896,D20,0.087153,True
YOLO11s,Japan__Japan_001896,D20,0.022508,False
YOLO11s,Japan__Japan_001897,D10,0.009894,True
YOLO11s,Japan__Japan_001897,D10,0.005111,False
YOLO11s,Japan__Japan_001898,D20,0.076922,True
YOLO11s,Japan__Japan_001898,D40,0.001464,True
YOLO11s,Japan__Japan_001898,D10,0.00475,True
YOLO11s,Japan__Japan_001898,D10,0.007292,True
YOLO11s,Japan__Japan_001898,D10,0.004117,True
YOLO11s,Japan__Japan_001916,D40,0.014025,True
YOLO11s,Japan__Japan_001916,D20,0.3456,True
YOLO11s,Japan__Japan_001926,D10,0.013533,True
YOLO11s,Japan__Japan_001926,D10,0.01485,True
YOLO11s,Japan__Japan_001926,D10,0.012911,False
YOLO11s,Japan__Japan_001938,D20,0.135508,True
YOLO11s,Japan__Japan_001938,D20,0.308525,True
YOLO11s,Japan__Japan_001944,D20,0.062333,False
YOLO11s,Japan__Japan_001944,D00,0.004217,True
YOLO11s,Japan__Japan_001953,D20,0.070361,False
YOLO11s,Japan__Japan_001957,D00,0.013597,True
YOLO11s,Japan__Japan_001969,D20,0.096806,True
YOLO11s,Japan__Japan_001975,D20,0.029403,False
YOLO11s,Japan__Japan_001977,D20,0.079978,False
YOLO11s,Japan__Japan_001977,D20,0.1608,True
YOLO11s,Japan__Japan_001984,D40,0.012278,True
YOLO11s,Japan__Japan_001989,D00,0.082242,False
YOLO11s,Japan__Japan_001989,D10,0.008353,True
YOLO11s,Japan__Japan_001989,D00,0.028528,False
YOLO11s,Japan__Japan_001989,D00,0.1068,False
YOLO11s,Japan__Japan_001989,D10,0.0205,False
YOLO11s,Japan__Japan_001989,D00,0.012425,False
YOLO11s,Japan__Japan_001991,D20,0.019583,False
YOLO11s,Japan__Japan_001999,D00,0.024475,False
YOLO11s,Japan__Japan_002009,D20,0.153222,True
YOLO11s,Japan__Japan_002009,D20,0.072833,True
YOLO11s,Japan__Japan_002042,D20,0.091,True
YOLO11s,Japan__Japan_002042,D20,0.101158,False
YOLO11s,Japan__Japan_002047,D20,0.2076,True
YOLO11s,Japan__Japan_002055,D10,0.050656,False
YOLO11s,Japan__Japan_002055,D10,0.0258,True
YOLO11s,Japan__Japan_002055,D10,0.007222,True
YOLO11s,Japan__Japan_002055,D10,0.001417,False
YOLO11s,Japan__Japan_002086,D00,0.1313,True
YOLO11s,Japan__Japan_002102,D00,0.092433,False
YOLO11s,Japan__Japan_002102,D00,0.013211,False
YOLO11s,Japan__Japan_002103,D00,0.002408,True
YOLO11s,Japan__Japan_002103,D00,0.000958,False
YOLO11s,Japan__Japan_002103,D00,0.002217,False
YOLO11s,Japan__Japan_002115,D20,0.102922,True
YOLO11s,Japan__Japan_002121,D40,0.01815,True
YOLO11s,Japan__Japan_002121,D40,0.047378,True
YOLO11s,Japan__Japan_002121,D20,0.187,False
YOLO11s,Japan__Japan_002146,D20,0.164586,True
YOLO11s,Japan__Japan_002146,D20,0.202667,False
YOLO11s,Japan__Japan_002146,D10,0.006186,False
YOLO11s,Japan__Japan_002146,D10,0.004056,False
YOLO11s,Japan__Japan_002146,D10,0.003792,False
YOLO11s,Japan__Japan_002168,D20,0.211236,True
YOLO11s,Japan__Japan_002168,D20,0.083625,True
YOLO11s,Japan__Japan_002168,D20,0.03375,True
YOLO11s,Japan__Japan_002168,D20,0.006783,False
YOLO11s,Japan__Japan_002182,D20,0.062611,True
YOLO11s,Japan__Japan_002188,D40,0.018859,False
YOLO11s,Japan__Japan_002213,D20,0.096267,True
YOLO11s,Japan__Japan_002213,D20,0.0329,True
YOLO11s,Japan__Japan_002237,D20,0.102222,True
YOLO11s,Japan__Japan_002237,D20,0.052442,False
YOLO11s,Japan__Japan_002237,D20,0.026833,False
YOLO11s,Japan__Japan_002239,D20,0.305467,True
YOLO11s,Japan__Japan_002239,D40,0.006825,True
YOLO11s,Japan__Japan_002239,D40,0.003533,True
YOLO11s,Japan__Japan_002239,D40,0.007556,True
YOLO11s,Japan__Japan_002250,D20,0.139894,True
YOLO11s,Japan__Japan_002257,D00,0.007283,True
YOLO11s,Japan__Japan_002273,D20,0.022456,False
YOLO11s,Japan__Japan_002273,D20,0.016489,False
YOLO11s,Japan__Japan_002276,D40,0.002006,True
YOLO11s,Japan__Japan_002276,D20,0.03675,False
YOLO11s,Japan__Japan_002276,D00,0.009833,False
YOLO11s,Japan__Japan_002276,D20,0.033583,False
YOLO11s,Japan__Japan_002276,D00,0.027111,False
YOLO11s,Japan__Japan_002276,D00,0.007008,False
YOLO11s,Japan__Japan_002276,D20,0.029592,False
YOLO11s,Japan__Japan_002295,D40,0.007311,True
YOLO11s,Japan__Japan_002295,D40,0.003378,True
YOLO11s,Japan__Japan_002295,D20,0.163644,True
YOLO11s,Japan__Japan_002299,D00,0.029514,False
YOLO11s,Japan__Japan_002317,D40,0.013844,False
YOLO11s,Japan__Japan_002317,D00,0.006475,True
YOLO11s,Japan__Japan_002323,D20,0.040956,False
YOLO11s,Japan__Japan_002323,D00,0.0095,False
YOLO11s,Japan__Japan_002324,D00,0.033733,False
YOLO11s,Japan__Japan_002324,D00,0.004736,False
YOLO11s,Japan__Japan_002339,D40,0.006416,True
YOLO11s,Japan__Japan_002344,D00,0.004467,False
YOLO11s,Japan__Japan_002344,D00,0.015067,False
YOLO11s,Japan__Japan_002344,D00,0.002,False
YOLO11s,Japan__Japan_002358,D20,0.163661,True
YOLO11s,Japan__Japan_002358,D40,0.0077,False
YOLO11s,Japan__Japan_002358,D00,0.010606,False
YOLO11s,Japan__Japan_002365,D40,0.003722,True
YOLO11s,Japan__Japan_002365,D40,0.002975,False
YOLO11s,Japan__Japan_002365,D20,0.2895,True
YOLO11s,Japan__Japan_002365,D20,0.012833,False
YOLO11s,Japan__Japan_002380,D20,0.167333,True
YOLO11s,Japan__Japan_002387,D00,0.005011,False
YOLO11s,Japan__Japan_002392,D20,0.127186,True
YOLO11s,Japan__Japan_002394,D00,0.061836,False
YOLO11s,Japan__Japan_002394,D20,0.1955,True
YOLO11s,Japan__Japan_002394,D20,0.0192,False
YOLO11s,Japan__Japan_002394,D00,0.0237,False
YOLO11s,Japan__Japan_002394,D10,0.009533,False
YOLO11s,Japan__Japan_002395,D00,0.005367,False
YOLO11s,Japan__Japan_002408,D20,0.141742,True
YOLO11s,Japan__Japan_002420,D40,0.002689,False
YOLO11s,Japan__Japan_002428,D00,0.028611,True
YOLO11s,Japan__Japan_002428,D00,0.0123,True
YOLO11s,Japan__Japan_002428,D10,0.007833,True
YOLO11s,Japan__Japan_002428,D00,0.0024,False
YOLO11s,Japan__Japan_002446,D40,0.008653,False
YOLO11s,Japan__Japan_002446,D40,0.001533,False
YOLO11s,Japan__Japan_002446,D40,0.000764,False
YOLO11s,Japan__Japan_002506,D20,0.0328,False
YOLO11s,Japan__Japan_002511,D20,0.010889,False
YOLO11s,Japan__Japan_002511,D20,0.180522,True
YOLO11s,Japan__Japan_002511,D00,0.019067,False
YOLO11s,Japan__Japan_002545,D00,0.006581,False
YOLO11s,Japan__Japan_002547,D20,0.09515,True
YOLO11s,Japan__Japan_002547,D20,0.184067,True
YOLO11s,Japan__Japan_002553,D20,0.010794,True
YOLO11s,Japan__Japan_002553,D20,0.017694,False
YOLO11s,Japan__Japan_002558,D00,0.070961,False
YOLO11s,Japan__Japan_002560,D00,0.002333,True
YOLO11s,Japan__Japan_002574,D20,0.021322,False
YOLO11s,Japan__Japan_002585,D20,0.108456,True
YOLO11s,Japan__Japan_002614,D40,0.007467,True
YOLO11s,Japan__Japan_002614,D40,0.001378,True
YOLO11s,Japan__Japan_002634,D40,0.003322,True
YOLO11s,Japan__Japan_002634,D40,0.003525,False
YOLO11s,Japan__Japan_002634,D20,0.328389,True
YOLO11s,Japan__Japan_002634,D40,0.007944,False
YOLO11s,Japan__Japan_002638,D20,0.073178,False
YOLO11s,Japan__Japan_002642,D20,0.194003,True
YOLO11s,Japan__Japan_002661,D10,0.102919,True
YOLO11s,Japan__Japan_002666,D20,0.313386,True
YOLO11s,Japan__Japan_002675,D20,0.0644,True
YOLO11s,Japan__Japan_002675,D20,0.040889,False
YOLO11s,Japan__Japan_002689,D40,0.011756,True
YOLO11s,Japan__Japan_002689,D40,0.002336,False
YOLO11s,Japan__Japan_002689,D40,0.002,False
YOLO11s,Japan__Japan_002689,D40,0.002667,False
YOLO11s,Japan__Japan_002694,D00,0.035728,True
YOLO11s,Japan__Japan_002694,D00,0.00875,False
YOLO11s,Japan__Japan_002694,D00,0.004778,False
YOLO11s,Japan__Japan_002716,D00,0.031306,False
YOLO11s,Japan__Japan_002720,D20,0.106167,False
YOLO11s,Japan__Japan_002723,D00,0.085333,True
YOLO11s,Japan__Japan_002723,D00,0.009317,False
YOLO11s,Japan__Japan_002724,D00,0.005881,True
YOLO11s,Japan__Japan_002724,D10,0.016811,False
YOLO11s,Japan__Japan_002724,D10,0.006222,False
YOLO11s,Japan__Japan_002724,D00,0.024022,True
YOLO11s,Japan__Japan_002724,D00,0.015556,False
YOLO11s,Japan__Japan_002724,D00,0.005833,False
YOLO11s,Japan__Japan_002726,D20,0.05565,True
YOLO11s,Japan__Japan_002729,D20,0.165625,False
YOLO11s,Japan__Japan_002729,D20,0.173356,True
YOLO11s,Japan__Japan_002732,D00,0.016,True
YOLO11s,Japan__Japan_002732,D00,0.059244,True
YOLO11s,Japan__Japan_002732,D00,0.034133,True
YOLO11s,Japan__Japan_002739,D20,0.010222,False
YOLO11s,Japan__Japan_002743,D00,0.037767,True
YOLO11s,Japan__Japan_002771,D20,0.292136,False
YOLO11s,Japan__Japan_002771,D10,0.00165,False
YOLO11s,Japan__Japan_002794,D20,0.319978,True
YOLO11s,Japan__Japan_002806,D20,0.01485,True
YOLO11s,Japan__Japan_002806,D20,0.059933,True
YOLO11s,Japan__Japan_002806,D20,0.0145,False
YOLO11s,Japan__Japan_002807,D00,0.004267,True
YOLO11s,Japan__Japan_002829,D10,0.009675,False
YOLO11s,Japan__Japan_002829,D10,0.005833,False
YOLO11s,Japan__Japan_002838,D20,0.305408,True
YOLO11s,Japan__Japan_002861,D20,0.021497,False
YOLO11s,Japan__Japan_002861,D00,0.020847,False
YOLO11s,Japan__Japan_002865,D20,0.100225,True
YOLO11s,Japan__Japan_002874,D40,0.006044,True
YOLO11s,Japan__Japan_002875,D00,0.025836,False
YOLO11s,Japan__Japan_002875,D00,0.041144,True
YOLO11s,Japan__Japan_002889,D20,0.080056,False
YOLO11s,Japan__Japan_002911,D00,0.001478,False
YOLO11s,Japan__Japan_002911,D00,0.002083,False
YOLO11s,Japan__Japan_002914,D20,0.345972,True
YOLO11s,Japan__Japan_002943,D40,0.001944,True
YOLO11s,Japan__Japan_002943,D40,0.002625,True
YOLO11s,Japan__Japan_002943,D20,0.331767,True
YOLO11s,Japan__Japan_002943,D40,0.00175,False
YOLO11s,Japan__Japan_002997,D00,0.028889,True
YOLO11s,Japan__Japan_003000,D10,0.013689,True
YOLO11s,Japan__Japan_003009,D00,0.023594,True
YOLO11s,Japan__Japan_003016,D20,0.1649,True
YOLO11s,Japan__Japan_003026,D00,0.007656,True
YOLO11s,Japan__Japan_003030,D00,0.043694,True
YOLO11s,Japan__Japan_003030,D00,0.022717,False
YOLO11s,Japan__Japan_003030,D00,0.010072,False
YOLO11s,Japan__Japan_003030,D00,0.004478,False
YOLO11s,Japan__Japan_003030,D00,0.001083,False
YOLO11s,Japan__Japan_003030,D00,0.006706,False
YOLO11s,Japan__Japan_003030,D00,0.021867,False
YOLO11s,Japan__Japan_003030,D00,0.003733,False
YOLO11s,Japan__Japan_003030,D00,0.018294,False
YOLO11s,Japan__Japan_003033,D00,0.005067,False
YOLO11s,Japan__Japan_003033,D00,0.006378,False
YOLO11s,Japan__Japan_003033,D20,0.021825,False
YOLO11s,Japan__Japan_003038,D40,0.004753,True
YOLO11s,Japan__Japan_003038,D20,0.3009,True
YOLO11s,Japan__Japan_003039,D10,0.0054,False
YOLO11s,Japan__Japan_003057,D10,0.078944,False
YOLO11s,Japan__Japan_003057,D10,0.014567,True
YOLO11s,Japan__Japan_003057,D20,0.021825,False
YOLO11s,Japan__Japan_003058,D00,0.026653,True
YOLO11s,Japan__Japan_003064,D20,0.0464,False
YOLO11s,Japan__Japan_003064,D10,0.014419,True
YOLO11s,Japan__Japan_003076,D20,0.719433,True
YOLO11s,Japan__Japan_003088,D40,0.007802,True
YOLO11s,Japan__Japan_003088,D40,0.011175,False
YOLO11s,Japan__Japan_003095,D20,0.162542,True
YOLO11s,Japan__Japan_003104,D00,0.095211,True
YOLO11s,Japan__Japan_003111,D20,0.404806,True
YOLO11s,Japan__Japan_003115,D40,0.003906,True
YOLO11s,Japan__Japan_003124,D10,0.034378,False
YOLO11s,Japan__Japan_003124,D40,0.003617,False
YOLO11s,Japan__Japan_003125,D10,0.011389,True
YOLO11s,Japan__Japan_003125,D10,0.008833,False
YOLO11s,Japan__Japan_003125,D20,0.003617,True
YOLO11s,Japan__Japan_003156,D00,0.037472,False
YOLO11s,Japan__Japan_003157,D20,0.120506,False
YOLO11s,Japan__Japan_003157,D20,0.142858,True
YOLO11s,Japan__Japan_003163,D20,0.2555,True
YOLO11s,Japan__Japan_003181,D20,0.238486,True
YOLO11s,Japan__Japan_003181,D20,0.297667,False
YOLO11s,Japan__Japan_003219,D00,0.008125,False
YOLO11s,Japan__Japan_003220,D00,0.020478,False
YOLO11s,Japan__Japan_003241,D20,0.296842,True
YOLO11s,Japan__Japan_003242,D10,0.006883,False
YOLO11s,Japan__Japan_003263,D00,0.004889,False
YOLO11s,Japan__Japan_003263,D00,0.005256,False
YOLO11s,Japan__Japan_003267,D00,0.051556,False
YOLO11s,Japan__Japan_003267,D00,0.006233,False
YOLO11s,Japan__Japan_003272,D20,0.337067,True
YOLO11s,Japan__Japan_003272,D10,0.01275,False
YOLO11s,Japan__Japan_003282,D20,0.236744,True
YOLO11s,Japan__Japan_003304,D00,0.0175,True
YOLO11s,Japan__Japan_003321,D20,0.022594,False
YOLO11s,Japan__Japan_003342,D40,0.006233,True
YOLO11s,Japan__Japan_003342,D10,0.011522,False
YOLO11s,Japan__Japan_003342,D10,0.01805,False
YOLO11s,Japan__Japan_003342,D10,0.0077,False
YOLO11s,Japan__Japan_003357,D00,0.005111,False
YOLO11s,Japan__Japan_003357,D10,0.019892,True
YOLO11s,Japan__Japan_003381,D20,0.372992,True
YOLO11s,Japan__Japan_003381,D00,0.015211,True
YOLO11s,Japan__Japan_003381,D10,0.014756,True
YOLO11s,Japan__Japan_003381,D10,0.008783,False
YOLO11s,Japan__Japan_003389,D40,0.006264,False
YOLO11s,Japan__Japan_003389,D40,0.011692,False
YOLO11s,Japan__Japan_003389,D40,0.002986,False
YOLO11s,Japan__Japan_003390,D20,0.169867,True
YOLO11s,Japan__Japan_003403,D40,0.078361,False
YOLO11s,Japan__Japan_003421,D20,0.571022,True
YOLO11s,Japan__Japan_003461,D10,0.018403,True
YOLO11s,Japan__Japan_003461,D10,0.003828,False
YOLO11s,Japan__Japan_003461,D10,0.002133,False
YOLO11s,Japan__Japan_003461,D10,0.00635,False
YOLO11s,Japan__Japan_003470,D40,0.0053,False
YOLO11s,Japan__Japan_003470,D20,0.164697,True
YOLO11s,Japan__Japan_003486,D40,0.005006,True
YOLO11s,Japan__Japan_003486,D40,0.001833,True
YOLO11s,Japan__Japan_003486,D40,0.003239,False
YOLO11s,Japan__Japan_003486,D40,0.004767,False
YOLO11s,Japan__Japan_003486,D40,0.00345,False
YOLO11s,Japan__Japan_003486,D40,0.0022,False
YOLO11s,Japan__Japan_003486,D40,0.001889,False
YOLO11s,Japan__Japan_003496,D00,0.030489,True
YOLO11s,Japan__Japan_003520,D40,0.001778,True
YOLO11s,Japan__Japan_003520,D40,0.002,False
YOLO11s,Japan__Japan_003520,D20,0.118292,True
YOLO11s,Japan__Japan_003529,D20,0.125428,False
YOLO11s,Japan__Japan_003529,D20,0.074744,True
YOLO11s,Japan__Japan_003529,D20,0.0551,True
YOLO11s,Japan__Japan_003533,D10,0.024197,False
YOLO11s,Japan__Japan_003533,D10,0.012975,False
YOLO11s,Japan__Japan_003537,D00,0.0078,False
YOLO11s,Japan__Japan_003576,D00,0.044,False
YOLO11s,Japan__Japan_003589,D00,0.007272,False
YOLO11s,Japan__Japan_003589,D00,0.005167,False
YOLO11s,Japan__Japan_003589,D10,0.007603,False
YOLO11s,Japan__Japan_003599,D10,0.004142,True
YOLO11s,Japan__Japan_003604,D20,0.197847,True
YOLO11s,Japan__Japan_003604,D00,0.009022,False
YOLO11s,Japan__Japan_003604,D20,0.235111,True
YOLO11s,Japan__Japan_003613,D20,0.29965,True
YOLO11s,Japan__Japan_003624,D20,0.643059,True
YOLO11s,Japan__Japan_003638,D00,0.014819,True
YOLO11s,Japan__Japan_003638,D20,0.016594,False
YOLO11s,Japan__Japan_003643,D20,0.129131,True
YOLO11s,Japan__Japan_003643,D00,0.019467,False
YOLO11s,Japan__Japan_003648,D00,0.002819,False
YOLO11s,Japan__Japan_003670,D40,0.011121,True
YOLO11s,Japan__Japan_003670,D00,0.025953,False
YOLO11s,Japan__Japan_003670,D00,0.027449,True
YOLO11s,Japan__Japan_003670,D40,0.006286,False
YOLO11s,Japan__Japan_003670,D40,0.004314,False
YOLO11s,Japan__Japan_003682,D40,0.0047,True
YOLO11s,Japan__Japan_003682,D40,0.001119,False
YOLO11s,Japan__Japan_003689,D40,0.006783,True
YOLO11s,Japan__Japan_003689,D10,0.00215,False
YOLO11s,Japan__Japan_003690,D40,0.005667,True
YOLO11s,Japan__Japan_003690,D20,0.162983,True
YOLO11s,Japan__Japan_003694,D00,0.046375,False
YOLO11s,Japan__Japan_003697,D00,0.078944,True
YOLO11s,Japan__Japan_003697,D20,0.068656,False
YOLO11s,Japan__Japan_003697,D00,0.0038,False
YOLO11s,Japan__Japan_003697,D10,0.0161,False
YOLO11s,Japan__Japan_003697,D10,0.020378,False
YOLO11s,Japan__Japan_003701,D20,0.021,True
YOLO11s,Japan__Japan_003713,D20,0.028417,False
YOLO11s,Japan__Japan_003741,D20,0.154878,False
YOLO11s,Japan__Japan_003741,D10,0.011928,True
YOLO11s,Japan__Japan_003741,D10,0.005017,True
YOLO11s,Japan__Japan_003741,D10,0.003833,False
YOLO11s,Japan__Japan_003759,D20,0.202722,False
YOLO11s,Japan__Japan_003793,D20,0.220422,True
YOLO11s,Japan__Japan_003798,D20,0.146458,True
YOLO11s,Japan__Japan_003798,D20,0.045122,False
YOLO11s,Japan__Japan_003801,D20,0.096,True
YOLO11s,Japan__Japan_003801,D40,0.002847,False
YOLO11s,Japan__Japan_003806,D20,0.034775,True
YOLO11s,Japan__Japan_003813,D20,0.636303,True
YOLO11s,Japan__Japan_003822,D00,0.088111,True
YOLO11s,Japan__Japan_003832,D00,0.01045,False
YOLO11s,Japan__Japan_003832,D10,0.019844,False
YOLO11s,Japan__Japan_003834,D10,0.048767,True
YOLO11s,Japan__Japan_003834,D10,0.010083,False
YOLO11s,Japan__Japan_003834,D10,0.016622,False
YOLO11s,Japan__Japan_003836,D00,0.005961,False
YOLO11s,Japan__Japan_003850,D40,0.023289,True
YOLO11s,Japan__Japan_003850,D40,0.004628,False
YOLO11s,Japan__Japan_003861,D20,0.330036,True
YOLO11s,Japan__Japan_003861,D10,0.0028,False
YOLO11s,Japan__Japan_003861,D10,0.004539,True
YOLO11s,Japan__Japan_003867,D00,0.086625,True
YOLO11s,Japan__Japan_003872,D10,0.020622,True
YOLO11s,Japan__Japan_003872,D10,0.024153,False
YOLO11s,Japan__Japan_003878,D40,0.00595,False
YOLO11s,Japan__Japan_003878,D40,0.001067,True
YOLO11s,Japan__Japan_003878,D20,0.029967,False
YOLO11s,Japan__Japan_003880,D20,0.162067,True
YOLO11s,Japan__Japan_003888,D00,0.051556,False
YOLO11s,Japan__Japan_003888,D10,0.076556,True
YOLO11s,Japan__Japan_003888,D20,0.003392,False
YOLO11s,Japan__Japan_003888,D10,0.008025,True
YOLO11s,Japan__Japan_003888,D10,0.007333,False
YOLO11s,Japan__Japan_003888,D10,0.015667,False
YOLO11s,Japan__Japan_003888,D10,0.010111,True
YOLO11s,Japan__Japan_003888,D10,0.005133,False
YOLO11s,Japan__Japan_003908,D20,0.15015,True
YOLO11s,Japan__Japan_003908,D20,0.056706,True
YOLO11s,Japan__Japan_003927,D20,0.070908,False
YOLO11s,Japan__Japan_003927,D10,0.01715,False
YOLO11s,Japan__Japan_003927,D10,0.003694,False
YOLO11s,Japan__Japan_003927,D10,0.008494,False
YOLO11s,Japan__Japan_003952,D10,0.012561,True
YOLO11s,Japan__Japan_003952,D20,0.036733,False
YOLO11s,Japan__Japan_003962,D20,0.019117,False
YOLO11s,Japan__Japan_003962,D10,0.0021,False
YOLO11s,Japan__Japan_003972,D00,0.0345,False
YOLO11s,Japan__Japan_003972,D10,0.014944,True
YOLO11s,Japan__Japan_003972,D10,0.006517,False
YOLO11s,Japan__Japan_003973,D20,0.056936,True
YOLO11s,Japan__Japan_003973,D20,0.013217,False
YOLO11s,Japan__Japan_003973,D40,0.000472,False
YOLO11s,Japan__Japan_003978,D40,0.004133,True
YOLO11s,Japan__Japan_003978,D40,0.014578,False
YOLO11s,Japan__Japan_003978,D20,0.174044,True
YOLO11s,Japan__Japan_003998,D20,0.104644,True
YOLO11s,Japan__Japan_003998,D40,0.0023,False
YOLO11s,Japan__Japan_004009,D00,0.189125,True
YOLO11s,Japan__Japan_004019,D20,0.025967,False
YOLO11s,Japan__Japan_004026,D40,0.004583,True
YOLO11s,Japan__Japan_004052,D00,0.005769,False
YOLO11s,Japan__Japan_004052,D10,0.017422,False
YOLO11s,Japan__Japan_004055,D00,0.005858,False
YOLO11s,Japan__Japan_004059,D00,0.030411,False
YOLO11s,Japan__Japan_004059,D00,0.0078,False
YOLO11s,Japan__Japan_004067,D00,0.0384,True
YOLO11s,Japan__Japan_004079,D20,0.221658,True
YOLO11s,Japan__Japan_004080,D20,0.420567,True
YOLO11s,Japan__Japan_004096,D00,0.020511,False
YOLO11s,Japan__Japan_004100,D40,0.020511,False
YOLO11s,Japan__Japan_004100,D40,0.006111,False
YOLO11s,Japan__Japan_004136,D40,0.003483,True
YOLO11s,Japan__Japan_004136,D40,0.0031,True
YOLO11s,Japan__Japan_004136,D40,0.006183,False
YOLO11s,Japan__Japan_004174,D10,0.005489,False
YOLO11s,Japan__Japan_004174,D10,0.034189,False
YOLO11s,Japan__Japan_004176,D00,0.015411,False
YOLO11s,Japan__Japan_004179,D40,0.02565,False
YOLO11s,Japan__Japan_004182,D20,0.042122,True
YOLO11s,Japan__Japan_004182,D20,0.066917,True
YOLO11s,Japan__Japan_004189,D00,0.004583,False
YOLO11s,Japan__Japan_004190,D20,0.138631,False
YOLO11s,Japan__Japan_004197,D40,0.016991,True
YOLO11s,Japan__Japan_004218,D20,0.107858,True
YOLO11s,Japan__Japan_004218,D40,0.003142,True
YOLO11s,Japan__Japan_004218,D20,0.010167,False
YOLO11s,Japan__Japan_004218,D20,0.005683,False
YOLO11s,Japan__Japan_004230,D20,0.164478,True
YOLO11s,Japan__Japan_004246,D20,0.0065,True
YOLO11s,Japan__Japan_004246,D00,0.044444,True
YOLO11s,Japan__Japan_004266,D20,0.158625,True
YOLO11s,Japan__Japan_004290,D10,0.006783,False
YOLO11s,Japan__Japan_004290,D10,0.002333,False
YOLO11s,Japan__Japan_004290,D10,0.003689,False
YOLO11s,Japan__Japan_004296,D40,0.001689,False
YOLO11s,Japan__Japan_004304,D20,0.058172,False
YOLO11s,Japan__Japan_004304,D20,0.179928,True
YOLO11s,Japan__Japan_004304,D20,0.036,False
YOLO11s,Japan__Japan_004327,D00,0.040133,True
YOLO11s,Japan__Japan_004327,D20,0.051122,False
YOLO11s,Japan__Japan_004327,D10,0.016,False
YOLO11s,Japan__Japan_004344,D00,0.004783,False
YOLO11s,Japan__Japan_004346,D00,0.006269,False
YOLO11s,Japan__Japan_004346,D00,0.008708,False
YOLO11s,Japan__Japan_004347,D20,0.353806,True
YOLO11s,Japan__Japan_004351,D10,0.002672,False
YOLO11s,Japan__Japan_004370,D00,0.017625,False
YOLO11s,Japan__Japan_004370,D00,0.024144,False
YOLO11s,Japan__Japan_004370,D00,0.0082,False
YOLO11s,Japan__Japan_004380,D10,0.032533,True
YOLO11s,Japan__Japan_004381,D20,0.444033,True
YOLO11s,Japan__Japan_004381,D20,0.06203,False
YOLO11s,Japan__Japan_004381,D00,0.042246,False
YOLO11s,Japan__Japan_004392,D40,0.00165,False
YOLO11s,Japan__Japan_004392,D20,0.037056,False
YOLO11s,Japan__Japan_004392,D00,0.013475,False
YOLO11s,Japan__Japan_004392,D20,0.020022,False
YOLO11s,Japan__Japan_004392,D20,0.006167,True
YOLO11s,Japan__Japan_004392,D10,0.0276,False
YOLO11s,Japan__Japan_004392,D10,0.007722,False
YOLO11s,Japan__Japan_004392,D10,0.054306,False
YOLO11s,Japan__Japan_004394,D40,0.069167,False
YOLO11s,Japan__Japan_004405,D20,0.094356,True
YOLO11s,Japan__Japan_004407,D20,0.0388,False
YOLO11s,Japan__Japan_004422,D10,0.013694,False
YOLO11s,Japan__Japan_004434,D00,0.059956,True
YOLO11s,Japan__Japan_004502,D20,0.033683,False
YOLO11s,Japan__Japan_004507,D00,0.00765,False
YOLO11s,Japan__Japan_004516,D10,0.009456,False
YOLO11s,Japan__Japan_004516,D10,0.00165,False
YOLO11s,Japan__Japan_004516,D10,0.024444,False
YOLO11s,Japan__Japan_004531,D20,0.088889,True
YOLO11s,Japan__Japan_004537,D20,0.233819,True
YOLO11s,Japan__Japan_004537,D40,0.005139,False
YOLO11s,Japan__Japan_004544,D20,0.083133,False
YOLO11s,Japan__Japan_004547,D00,0.032356,False
YOLO11s,Japan__Japan_004547,D00,0.009711,True
YOLO11s,Japan__Japan_004567,D20,0.087425,False
YOLO11s,Japan__Japan_004567,D40,0.009839,True
YOLO11s,Japan__Japan_004567,D40,0.0023,False
YOLO11s,Japan__Japan_004567,D40,0.013586,False
YOLO11s,Japan__Japan_004569,D20,0.665432,True
YOLO11s,Japan__Japan_004569,D20,0.039304,False
YOLO11s,Japan__Japan_004569,D20,0.05177,False
YOLO11s,Japan__Japan_004569,D20,0.035384,False
YOLO11s,Japan__Japan_004573,D40,0.00435,True
YOLO11s,Japan__Japan_004573,D20,0.182172,True
YOLO11s,Japan__Japan_004573,D20,0.0152,False
YOLO11s,Japan__Japan_004573,D20,0.003531,False
YOLO11s,Japan__Japan_004578,D00,0.146097,False
YOLO11s,Japan__Japan_004578,D10,0.011778,False
YOLO11s,Japan__Japan_004578,D10,0.003778,False
YOLO11s,Japan__Japan_004578,D10,0.02325,False
YOLO11s,Japan__Japan_004578,D10,0.0075,False
YOLO11s,Japan__Japan_004597,D20,0.077469,False
YOLO11s,Japan__Japan_004597,D00,0.0179,False
YOLO11s,Japan__Japan_004607,D10,0.014167,True
YOLO11s,Japan__Japan_004613,D00,0.033917,False
YOLO11s,Japan__Japan_004613,D20,0.070369,False
YOLO11s,Japan__Japan_004613,D10,0.011733,False
YOLO11s,Japan__Japan_004613,D10,0.006111,True
YOLO11s,Japan__Japan_004613,D10,0.002817,False
YOLO11s,Japan__Japan_004617,D10,0.021992,True
YOLO11s,Japan__Japan_004617,D10,0.020208,True
YOLO11s,Japan__Japan_004618,D20,0.021,False
YOLO11s,Japan__Japan_004618,D00,0.027058,True
YOLO11s,Japan__Japan_004643,D10,0.011458,False
YOLO11s,Japan__Japan_004652,D10,0.013033,False
YOLO11s,Japan__Japan_004652,D10,0.00445,True
YOLO11s,Japan__Japan_004652,D00,0.010889,True
YOLO11s,Japan__Japan_004658,D20,0.190556,True
YOLO11s,Japan__Japan_004665,D00,0.024267,True
YOLO11s,Japan__Japan_004665,D00,0.0048,False
YOLO11s,Japan__Japan_004665,D00,0.003033,True
YOLO11s,Japan__Japan_004667,D20,0.129214,True
YOLO11s,Japan__Japan_004667,D40,0.010617,False
YOLO11s,Japan__Japan_004667,D20,0.0354,False
YOLO11s,Japan__Japan_004687,D20,0.1463,True
YOLO11s,Japan__Japan_004691,D00,0.019833,False
YOLO11s,Japan__Japan_004691,D20,0.1936,True
YOLO11s,Japan__Japan_004694,D00,0.022383,False
YOLO11s,Japan__Japan_004700,D20,0.081953,True
YOLO11s,Japan__Japan_004720,D20,0.043317,True
YOLO11s,Japan__Japan_004720,D20,0.057522,True
YOLO11s,Japan__Japan_004720,D40,0.001333,True
YOLO11s,Japan__Japan_004720,D20,0.016644,True
YOLO11s,Japan__Japan_004720,D20,0.033944,False
YOLO11s,Japan__Japan_004720,D00,0.004028,False
YOLO11s,Japan__Japan_004720,D10,0.0036,True
YOLO11s,Japan__Japan_004726,D20,0.36725,True
YOLO11s,Japan__Japan_004751,D20,0.01365,False
YOLO11s,Japan__Japan_004751,D00,0.002275,False
YOLO11s,Japan__Japan_004758,D20,0.006222,False
YOLO11s,Japan__Japan_004774,D20,0.049333,True
YOLO11s,Japan__Japan_004776,D20,0.018647,False
YOLO11s,Japan__Japan_004800,D20,0.798813,True
YOLO11s,Japan__Japan_004830,D20,0.085711,False
YOLO11s,Japan__Japan_004835,D40,0.002556,False
YOLO11s,Japan__Japan_004835,D20,0.0418,True
YOLO11s,Japan__Japan_004835,D20,0.018517,True
YOLO11s,Japan__Japan_004835,D40,0.00195,False
YOLO11s,Japan__Japan_004840,D20,0.077856,True
YOLO11s,Japan__Japan_004841,D20,0.105558,False
YOLO11s,Japan__Japan_004854,D10,0.0022,False
YOLO11s,Japan__Japan_004868,D20,0.032344,True
YOLO11s,Japan__Japan_004868,D20,0.028564,True
YOLO11s,Japan__Japan_004868,D00,0.017761,True
YOLO11s,Japan__Japan_004868,D10,0.00385,False
YOLO11s,Japan__Japan_004868,D10,0.005889,False
YOLO11s,Japan__Japan_004868,D10,0.005167,False
YOLO11s,Japan__Japan_004872,D20,0.010733,False
YOLO11s,Japan__Japan_004872,D20,0.06745,False
YOLO11s,Japan__Japan_004885,D20,0.237933,True
YOLO11s,Japan__Japan_004885,D40,0.0028,False
YOLO11s,Japan__Japan_004885,D10,0.0025,False
YOLO11s,Japan__Japan_004885,D10,0.003825,False
YOLO11s,Japan__Japan_004900,D20,0.060833,False
YOLO11s,Japan__Japan_004900,D10,0.005742,False
YOLO11s,Japan__Japan_004910,D10,0.001767,False
YOLO11s,Japan__Japan_004920,D20,0.486914,True
YOLO11s,Japan__Japan_004920,D20,0.111094,False
YOLO11s,Japan__Japan_004923,D20,0.080656,False
YOLO11s,Japan__Japan_004923,D10,0.009511,True
YOLO11s,Japan__Japan_004924,D20,0.3585,True
YOLO11s,Japan__Japan_004933,D00,0.021858,True
YOLO11s,Japan__Japan_004933,D10,0.023631,False
YOLO11s,Japan__Japan_004933,D10,0.01075,True
YOLO11s,Japan__Japan_004933,D10,0.007319,False
YOLO11s,Japan__Japan_004933,D10,0.019889,True
YOLO11s,Japan__Japan_004941,D20,0.210139,True
YOLO11s,Japan__Japan_004988,D40,0.0268,False
YOLO11s,Japan__Japan_004988,D40,0.079072,False
YOLO11s,Japan__Japan_005007,D00,0.014725,False
YOLO11s,Japan__Japan_005007,D20,0.0635,False
YOLO11s,Japan__Japan_005007,D20,0.07875,False
YOLO11s,Japan__Japan_005008,D20,0.087839,True
YOLO11s,Japan__Japan_005026,D20,0.325722,True
YOLO11s,Japan__Japan_005041,D00,0.005083,True
YOLO11s,Japan__Japan_005049,D20,0.053444,False
YOLO11s,Japan__Japan_005049,D20,0.090292,True
YOLO11s,Japan__Japan_005068,D10,0.054167,False
YOLO11s,Japan__Japan_005068,D10,0.014122,False
YOLO11s,Japan__Japan_005068,D10,0.021275,True
YOLO11s,Japan__Japan_005077,D20,0.029419,True
YOLO11s,Japan__Japan_005084,D00,0.0046,True
YOLO11s,Japan__Japan_005085,D00,0.033761,True
YOLO11s,Japan__Japan_005085,D00,0.022958,False
YOLO11s,Japan__Japan_005089,D00,0.002819,False
YOLO11s,Japan__Japan_005106,D40,0.001,False
YOLO11s,Japan__Japan_005106,D40,0.001733,True
YOLO11s,Japan__Japan_005106,D20,0.041483,True
YOLO11s,Japan__Japan_005106,D20,0.056875,False
YOLO11s,Japan__Japan_005106,D20,0.031008,True
YOLO11s,Japan__Japan_005106,D10,0.017825,True
YOLO11s,Japan__Japan_005114,D10,0.021533,False
YOLO11s,Japan__Japan_005114,D00,0.009817,False
YOLO11s,Japan__Japan_005114,D00,0.008861,False
YOLO11s,Japan__Japan_005114,D00,0.0042,False
YOLO11s,Japan__Japan_005119,D20,0.005622,False
YOLO11s,Japan__Japan_005119,D20,0.145128,True
YOLO11s,Japan__Japan_005119,D10,0.001567,False
YOLO11s,Japan__Japan_005129,D00,0.0044,False
YOLO11s,Japan__Japan_005144,D00,0.054083,True
YOLO11s,Japan__Japan_005152,D20,0.012083,True
YOLO11s,Japan__Japan_005154,D20,0.111661,False
YOLO11s,Japan__Japan_005180,D10,0.010083,True
YOLO11s,Japan__Japan_005190,D00,0.019667,False
YOLO11s,Japan__Japan_005190,D00,0.006286,True
YOLO11s,Japan__Japan_005193,D40,0.018933,False
YOLO11s,Japan__Japan_005193,D20,0.187033,False
YOLO11s,Japan__Japan_005216,D00,0.010417,True
YOLO11s,Japan__Japan_005216,D00,0.0056,False
YOLO11s,Japan__Japan_005216,D00,0.014575,False
YOLO11s,Japan__Japan_005216,D10,0.027225,False
YOLO11s,Japan__Japan_005216,D10,0.040333,True
YOLO11s,Japan__Japan_005222,D20,0.0297,False
YOLO11s,Japan__Japan_005222,D20,0.031467,True
YOLO11s,Japan__Japan_005238,D00,0.042472,True
YOLO11s,Japan__Japan_005238,D00,0.004856,False
YOLO11s,Japan__Japan_005238,D00,0.001733,True
YOLO11s,Japan__Japan_005238,D10,0.0057,False
YOLO11s,Japan__Japan_005262,D00,0.053856,True
YOLO11s,Japan__Japan_005262,D00,0.006397,True
YOLO11s,Japan__Japan_005290,D00,0.020144,True
YOLO11s,Japan__Japan_005290,D10,0.0264,False
YOLO11s,Japan__Japan_005290,D10,0.037083,True
YOLO11s,Japan__Japan_005290,D10,0.010875,False
YOLO11s,Japan__Japan_005290,D10,0.010667,False
YOLO11s,Japan__Japan_005293,D20,0.2696,True
YOLO11s,Japan__Japan_005317,D20,0.199883,True
YOLO11s,Japan__Japan_005318,D00,0.175375,True
YOLO11s,Japan__Japan_005318,D20,0.035733,False
YOLO11s,Japan__Japan_005318,D00,0.01995,True
YOLO11s,Japan__Japan_005326,D20,0.110881,True
YOLO11s,Japan__Japan_005326,D10,0.022361,True
YOLO11s,Japan__Japan_005326,D10,0.014667,False
YOLO11s,Japan__Japan_005326,D20,0.011022,False
YOLO11s,Japan__Japan_005326,D00,0.029167,True
YOLO11s,Japan__Japan_005328,D10,0.046764,False
YOLO11s,Japan__Japan_005330,D00,0.003958,False
YOLO11s,Japan__Japan_005330,D00,0.004833,False
YOLO11s,Japan__Japan_005330,D00,0.001228,False
YOLO11s,Japan__Japan_005330,D00,0.005153,False
YOLO11s,Japan__Japan_005330,D00,0.00175,False
YOLO11s,Japan__Japan_005338,D40,0.000817,True
YOLO11s,Japan__Japan_005338,D40,0.001806,True
YOLO11s,Japan__Japan_005338,D40,0.006625,True
YOLO11s,Japan__Japan_005338,D20,0.033075,True
YOLO11s,Japan__Japan_005338,D20,0.047056,True
YOLO11s,Japan__Japan_005354,D00,0.01625,True
YOLO11s,Japan__Japan_005355,D20,0.040994,False
YOLO11s,Japan__Japan_005355,D20,0.044467,True
YOLO11s,Japan__Japan_005355,D10,0.010472,True
YOLO11s,Japan__Japan_005421,D00,0.002153,True
YOLO11s,Japan__Japan_005422,D20,0.20735,True
YOLO11s,Japan__Japan_005422,D20,0.207542,True
YOLO11s,Japan__Japan_005422,D10,0.017306,False
YOLO11s,Japan__Japan_005425,D00,0.074444,True
YOLO11s,Japan__Japan_005425,D00,0.007283,False
YOLO11s,Japan__Japan_005425,D10,0.079158,True
YOLO11s,Japan__Japan_005438,D40,0.004875,False
YOLO11s,Japan__Japan_005438,D20,0.017,False
YOLO11s,Japan__Japan_005439,D00,0.0045,False
YOLO11s,Japan__Japan_005461,D00,0.041328,True
YOLO11s,Japan__Japan_005472,D20,0.137592,False
YOLO11s,Japan__Japan_005472,D10,0.012486,True
YOLO11s,Japan__Japan_005472,D10,0.010792,True
YOLO11s,Japan__Japan_005478,D00,0.009333,False
YOLO11s,Japan__Japan_005478,D10,0.009333,False
YOLO11s,Japan__Japan_005494,D20,0.055461,False
YOLO11s,Japan__Japan_005501,D20,0.22834,True
YOLO11s,Japan__Japan_005513,D40,0.006028,True
YOLO11s,Japan__Japan_005513,D20,0.25025,True
YOLO11s,Japan__Japan_005519,D40,0.0068,True
YOLO11s,Japan__Japan_005526,D00,0.04025,False
YOLO11s,Japan__Japan_005533,D10,0.012133,True
YOLO11s,Japan__Japan_005533,D10,0.003067,False
YOLO11s,Japan__Japan_005533,D20,0.004908,False
YOLO11s,Japan__Japan_005537,D10,0.029333,True
YOLO11s,Japan__Japan_005537,D20,0.0776,True
YOLO11s,Japan__Japan_005559,D40,0.006333,True
YOLO11s,Japan__Japan_005570,D10,0.004167,True
YOLO11s,Japan__Japan_005570,D10,0.008792,True
YOLO11s,Japan__Japan_005570,D10,0.015489,True
YOLO11s,Japan__Japan_005582,D40,0.001667,False
YOLO11s,Japan__Japan_005582,D20,0.081633,True
YOLO11s,Japan__Japan_005582,D40,0.001283,False
YOLO11s,Japan__Japan_005582,D10,0.003917,True
YOLO11s,Japan__Japan_005582,D10,0.002694,False
YOLO11s,Japan__Japan_005586,D40,0.009275,False
YOLO11s,Japan__Japan_005599,D40,0.00495,True
YOLO11s,Japan__Japan_005622,D40,0.0024,False
YOLO11s,Japan__Japan_005622,D20,0.105333,True
YOLO11s,Japan__Japan_005635,D20,0.346267,True
YOLO11s,Japan__Japan_005647,D20,0.069886,True
YOLO11s,Japan__Japan_005647,D20,0.034611,False
YOLO11s,Japan__Japan_005661,D40,0.015867,False
YOLO11s,Japan__Japan_005675,D20,0.024228,False
YOLO11s,Japan__Japan_005678,D20,0.424112,True
YOLO11s,Japan__Japan_005683,D40,0.006704,True
YOLO11s,Japan__Japan_005683,D40,0.011116,False
YOLO11s,Japan__Japan_005683,D40,0.03665,False
YOLO11s,Japan__Japan_005683,D40,0.061329,False
YOLO11s,Japan__Japan_005683,D40,0.006315,False
YOLO11s,Japan__Japan_005683,D20,0.067225,False
YOLO11s,Japan__Japan_005690,D20,0.076767,False
YOLO11s,Japan__Japan_005690,D20,0.010794,False
YOLO11s,Japan__Japan_005693,D40,0.009167,False
YOLO11s,Japan__Japan_005705,D20,0.208917,True
YOLO11s,Japan__Japan_005713,D20,0.369875,True
YOLO11s,Japan__Japan_005733,D20,0.147181,True
YOLO11s,Japan__Japan_005733,D20,0.371533,True
YOLO11s,Japan__Japan_005741,D20,0.097884,True
YOLO11s,Japan__Japan_005741,D40,0.003361,False
YOLO11s,Japan__Japan_005743,D00,0.068444,True
YOLO11s,Japan__Japan_005760,D10,0.015528,False
YOLO11s,Japan__Japan_005760,D00,0.0077,True
YOLO11s,Japan__Japan_005780,D20,0.502298,True
YOLO11s,Japan__Japan_005780,D40,0.008505,False
YOLO11s,Japan__Japan_005783,D20,0.212311,True
YOLO11s,Japan__Japan_005783,D20,0.013444,False
YOLO11s,Japan__Japan_005789,D10,0.015078,True
YOLO11s,Japan__Japan_005789,D20,0.015417,False
YOLO11s,Japan__Japan_005789,D00,0.01105,False
YOLO11s,Japan__Japan_005800,D00,0.018056,False
YOLO11s,Japan__Japan_005803,D20,0.303172,True
YOLO11s,Japan__Japan_005803,D20,0.02695,False
YOLO11s,Japan__Japan_005827,D20,0.460897,True
YOLO11s,Japan__Japan_005836,D20,0.01825,True
YOLO11s,Japan__Japan_005836,D10,0.0238,True
YOLO11s,Japan__Japan_005836,D20,0.057272,False
YOLO11s,Japan__Japan_005842,D20,0.255653,True
YOLO11s,Japan__Japan_005842,D00,0.102367,False
YOLO11s,Japan__Japan_005844,D20,0.020889,True
YOLO11s,Japan__Japan_005854,D10,0.078833,False
YOLO11s,Japan__Japan_005855,D20,0.114133,True
YOLO11s,Japan__Japan_005855,D20,0.002722,False
YOLO11s,Japan__Japan_005855,D10,0.004,False
YOLO11s,Japan__Japan_005875,D20,0.3498,True
YOLO11s,Japan__Japan_005904,D20,0.105333,False
YOLO11s,Japan__Japan_005904,D20,0.035292,True
YOLO11s,Japan__Japan_005917,D20,0.068,True
YOLO11s,Japan__Japan_005917,D20,0.029739,False
YOLO11s,Japan__Japan_005944,D40,0.005622,False
YOLO11s,Japan__Japan_005944,D40,0.006578,False
YOLO11s,Japan__Japan_005944,D40,0.005733,False
YOLO11s,Japan__Japan_005944,D40,0.006767,False
YOLO11s,Japan__Japan_005946,D10,0.002222,False
YOLO11s,Japan__Japan_005946,D10,0.000867,False
YOLO11s,Japan__Japan_005953,D10,0.016706,True
YOLO11s,Japan__Japan_005953,D10,0.00515,False
YOLO11s,Japan__Japan_005956,D10,0.014983,True
YOLO11s,Japan__Japan_005965,D20,0.475569,True
YOLO11s,Japan__Japan_005966,D40,0.003733,True
YOLO11s,Japan__Japan_005966,D20,0.200081,True
YOLO11s,Japan__Japan_005966,D20,0.014625,False
YOLO11s,Japan__Japan_005966,D00,0.025592,False
YOLO11s,Japan__Japan_005966,D20,0.013047,False
YOLO11s,Japan__Japan_005983,D20,0.13225,True
YOLO11s,Japan__Japan_005986,D20,0.130014,True
YOLO11s,Japan__Japan_005986,D10,0.007,True
YOLO11s,Japan__Japan_005994,D20,0.217506,True
YOLO11s,Japan__Japan_005994,D20,0.11385,False
YOLO11s,Japan__Japan_005995,D20,0.0273,False
YOLO11s,Japan__Japan_005995,D20,0.011333,False
YOLO11s,Japan__Japan_005995,D10,0.017375,True
YOLO11s,Japan__Japan_006007,D00,0.010753,False
YOLO11s,Japan__Japan_006013,D20,0.213069,True
YOLO11s,Japan__Japan_006013,D10,0.009425,False
YOLO11s,Japan__Japan_006013,D10,0.006478,False
YOLO11s,Japan__Japan_006027,D20,0.330178,True
YOLO11s,Japan__Japan_006027,D10,0.011833,True
YOLO11s,Japan__Japan_006027,D10,0.0199,True
YOLO11s,Japan__Japan_006035,D40,0.001778,False
YOLO11s,Japan__Japan_006038,D00,0.004958,True
YOLO11s,Japan__Japan_006042,D00,0.009225,False
YOLO11s,Japan__Japan_006042,D00,0.004125,False
YOLO11s,Japan__Japan_006057,D20,0.021494,False
YOLO11s,Japan__Japan_006057,D10,0.015764,False
YOLO11s,Japan__Japan_006057,D00,0.012467,False
YOLO11s,Japan__Japan_006062,D20,0.074422,True
YOLO11s,Japan__Japan_006065,D20,0.036836,False
YOLO11s,Japan__Japan_006065,D00,0.01155,False
YOLO11s,Japan__Japan_006071,D20,0.079153,True
YOLO11s,Japan__Japan_006071,D00,0.0385,False
YOLO11s,Japan__Japan_006071,D10,0.007578,False
YOLO11s,Japan__Japan_006079,D10,0.043267,False
YOLO11s,Japan__Japan_006081,D00,0.00735,True
YOLO11s,Japan__Japan_006083,D20,0.029683,False
YOLO11s,Japan__Japan_006101,D00,0.004047,False
YOLO11s,Japan__Japan_006105,D20,0.040444,True
YOLO11s,Japan__Japan_006105,D20,0.093444,True
YOLO11s,Japan__Japan_006105,D10,0.00845,True
YOLO11s,Japan__Japan_006105,D10,0.008306,True
YOLO11s,Japan__Japan_006105,D10,0.004,False
YOLO11s,Japan__Japan_006115,D20,0.1625,False
YOLO11s,Japan__Japan_006115,D10,0.068756,False
YOLO11s,Japan__Japan_006115,D00,0.026075,True
YOLO11s,Japan__Japan_006130,D20,0.131417,True
YOLO11s,Japan__Japan_006131,D00,0.009683,True
YOLO11s,Japan__Japan_006134,D20,0.137069,True
YOLO11s,Japan__Japan_006136,D20,0.213967,True
YOLO11s,Japan__Japan_006136,D00,0.025122,False
YOLO11s,Japan__Japan_006145,D00,0.066956,False
YOLO11s,Japan__Japan_006145,D20,0.0442,False
YOLO11s,Japan__Japan_006145,D10,0.007411,False
YOLO11s,Japan__Japan_006154,D20,0.10925,True
YOLO11s,Japan__Japan_006154,D10,0.003733,False
YOLO11s,Japan__Japan_006154,D10,0.004278,False
YOLO11s,Japan__Japan_006164,D20,0.087008,True
YOLO11s,Japan__Japan_006168,D20,0.011706,False
YOLO11s,Japan__Japan_006168,D10,0.011625,True
YOLO11s,Japan__Japan_006168,D10,0.003642,False
YOLO11s,Japan__Japan_006170,D20,0.266875,True
YOLO11s,Japan__Japan_006189,D20,0.144064,False
YOLO11s,Japan__Japan_006216,D40,0.003333,False
YOLO11s,Japan__Japan_006216,D20,0.331878,True
YOLO11s,Japan__Japan_006216,D40,0.003525,True
YOLO11s,Japan__Japan_006218,D20,0.009156,False
YOLO11s,Japan__Japan_006218,D10,0.006278,True
YOLO11s,Japan__Japan_006218,D10,0.009683,False
YOLO11s,Japan__Japan_006218,D10,0.00315,False
YOLO11s,Japan__Japan_006218,D10,0.001408,False
YOLO11s,Japan__Japan_006227,D20,0.373389,True
YOLO11s,Japan__Japan_006227,D40,0.001847,True
YOLO11s,Japan__Japan_006248,D20,0.076972,False
YOLO11s,Japan__Japan_006248,D10,0.032394,True
YOLO11s,Japan__Japan_006248,D10,0.01425,True
YOLO11s,Japan__Japan_006259,D00,0.023111,False
YOLO11s,Japan__Japan_006269,D20,0.075292,True
YOLO11s,Japan__Japan_006269,D20,0.070369,True
YOLO11s,Japan__Japan_006307,D20,0.215333,True
YOLO11s,Japan__Japan_006344,D10,0.018889,True
YOLO11s,Japan__Japan_006354,D40,0.009567,True
YOLO11s,Japan__Japan_006354,D40,0.003333,False
YOLO11s,Japan__Japan_006354,D40,0.00165,False
YOLO11s,Japan__Japan_006354,D00,0.0047,False
YOLO11s,Japan__Japan_006354,D00,0.003542,False
YOLO11s,Japan__Japan_006387,D20,0.037314,True
YOLO11s,Japan__Japan_006424,D00,0.013725,False
YOLO11s,Japan__Japan_006424,D00,0.014144,False
YOLO11s,Japan__Japan_006424,D00,0.025283,False
YOLO11s,Japan__Japan_006424,D10,0.005533,False
YOLO11s,Japan__Japan_006428,D20,0.1508,True
YOLO11s,Japan__Japan_006452,D20,0.098389,True
YOLO11s,Japan__Japan_006454,D10,0.118333,False
YOLO11s,Japan__Japan_006454,D00,0.010633,False
YOLO11s,Japan__Japan_006454,D10,0.005639,True
YOLO11s,Japan__Japan_006454,D10,0.007917,False
YOLO11s,Japan__Japan_006454,D10,0.023522,False
YOLO11s,Japan__Japan_006466,D20,0.01365,False
YOLO11s,Japan__Japan_006466,D40,0.0209,False
YOLO11s,Japan__Japan_006466,D20,0.054786,True
YOLO11s,Japan__Japan_006471,D20,0.2954,True
YOLO11s,Japan__Japan_006484,D20,0.101267,True
YOLO11s,Japan__Japan_006484,D00,0.006544,False
YOLO11s,Japan__Japan_006512,D00,0.008633,False
YOLO11s,Japan__Japan_006517,D20,0.1104,True
YOLO11s,Japan__Japan_006517,D10,0.0065,False
YOLO11s,Japan__Japan_006517,D00,0.023139,False
YOLO11s,Japan__Japan_006517,D10,0.006133,True
YOLO11s,Japan__Japan_006528,D20,0.07935,True
YOLO11s,Japan__Japan_006528,D10,0.013456,True
YOLO11s,Japan__Japan_006528,D10,0.008739,False
YOLO11s,Japan__Japan_006529,D20,0.041778,True
YOLO11s,Japan__Japan_006529,D20,0.0046,False
YOLO11s,Japan__Japan_006529,D20,0.0196,False
YOLO11s,Japan__Japan_006566,D00,0.010847,True
YOLO11s,Japan__Japan_006566,D00,0.005494,True
YOLO11s,Japan__Japan_006566,D00,0.005744,False
YOLO11s,Japan__Japan_006566,D10,0.009072,False
YOLO11s,Japan__Japan_006574,D20,0.047,False
YOLO11s,Japan__Japan_006587,D20,0.118667,True
YOLO11s,Japan__Japan_006587,D20,0.141853,True
YOLO11s,Japan__Japan_006616,D40,0.017014,False
YOLO11s,Japan__Japan_006617,D00,0.003125,False
YOLO11s,Japan__Japan_006619,D20,0.054167,False
YOLO11s,Japan__Japan_006623,D20,0.055,False
YOLO11s,Japan__Japan_006628,D40,0.008089,False
YOLO11s,Japan__Japan_006628,D20,0.068292,False
YOLO11s,Japan__Japan_006632,D40,0.006767,False
YOLO11s,Japan__Japan_006632,D40,0.0069,False
YOLO11s,Japan__Japan_006632,D40,0.001167,False
YOLO11s,Japan__Japan_006632,D20,0.231061,True
YOLO11s,Japan__Japan_006650,D00,0.012,True
YOLO11s,Japan__Japan_006650,D20,0.017539,False
YOLO11s,Japan__Japan_006650,D10,0.001283,False
YOLO11s,Japan__Japan_006654,D00,0.038514,True
YOLO11s,Japan__Japan_006674,D20,0.058069,True
YOLO11s,Japan__Japan_006676,D20,0.28,True
YOLO11s,Japan__Japan_006679,D20,0.171947,False
YOLO11s,Japan__Japan_006685,D10,0.045556,True
YOLO11s,Japan__Japan_006685,D00,0.0102,True
YOLO11s,Japan__Japan_006685,D00,0.038678,False
YOLO11s,Japan__Japan_006685,D10,0.0054,False
YOLO11s,Japan__Japan_006689,D40,0.00105,False
YOLO11s,Japan__Japan_006699,D40,0.007644,False
YOLO11s,Japan__Japan_006699,D20,0.008486,False
YOLO11s,Japan__Japan_006724,D00,0.0039,False
YOLO11s,Japan__Japan_006732,D20,0.036692,False
YOLO11s,Japan__Japan_006732,D20,0.04655,True
YOLO11s,Japan__Japan_006732,D10,0.009722,True
YOLO11s,Japan__Japan_006732,D10,0.00855,False
YOLO11s,Japan__Japan_006732,D10,0.003542,True
YOLO11s,Japan__Japan_006732,D10,0.003667,False
YOLO11s,Japan__Japan_006732,D10,0.003578,False
YOLO11s,Japan__Japan_006732,D10,0.005997,False
YOLO11s,Japan__Japan_006732,D10,0.002528,True
YOLO11s,Japan__Japan_006732,D10,0.002456,False
YOLO11s,Japan__Japan_006732,D40,0.000867,False
YOLO11s,Japan__Japan_006737,D40,0.024957,True
YOLO11s,Japan__Japan_006740,D10,0.00455,True
YOLO11s,Japan__Japan_006740,D10,0.003292,True
YOLO11s,Japan__Japan_006744,D00,0.004839,True
YOLO11s,Japan__Japan_006748,D00,0.030761,True
YOLO11s,Japan__Japan_006754,D40,0.005139,False
YOLO11s,Japan__Japan_006760,D00,0.012222,True
YOLO11s,Japan__Japan_006760,D00,0.011964,True
YOLO11s,Japan__Japan_006760,D10,0.0805,True
YOLO11s,Japan__Japan_006808,D00,0.017378,True
YOLO11s,Japan__Japan_006819,D10,0.013403,False
YOLO11s,Japan__Japan_006819,D10,0.022664,False
YOLO11s,Japan__Japan_006825,D40,0.002556,False
YOLO11s,Japan__Japan_006825,D20,0.008992,False
YOLO11s,Japan__Japan_006825,D20,0.133322,True
YOLO11s,Japan__Japan_006847,D00,0.0713,True
YOLO11s,Japan__Japan_006865,D10,0.008083,True
YOLO11s,Japan__Japan_006940,D00,0.00215,False
YOLO11s,Japan__Japan_006956,D10,0.0216,True
YOLO11s,Japan__Japan_006961,D20,0.336394,True
YOLO11s,Japan__Japan_006961,D20,0.269078,True
YOLO11s,Japan__Japan_006965,D00,0.032094,True
YOLO11s,Japan__Japan_007003,D40,0.003811,True
YOLO11s,Japan__Japan_007003,D20,0.0726,True
YOLO11s,Japan__Japan_007003,D20,0.086767,True
YOLO11s,Japan__Japan_007003,D20,0.017058,False
YOLO11s,Japan__Japan_007017,D20,0.010756,False
YOLO11s,Japan__Japan_007017,D10,0.020111,True
YOLO11s,Japan__Japan_007017,D20,0.024022,False
YOLO11s,Japan__Japan_007018,D20,0.60915,True
YOLO11s,Japan__Japan_007029,D00,0.020519,True
YOLO11s,Japan__Japan_007036,D00,0.00165,False
YOLO11s,Japan__Japan_007053,D20,0.14125,True
YOLO11s,Japan__Japan_007062,D40,0.0034,True
YOLO11s,Japan__Japan_007062,D40,0.00455,False
YOLO11s,Japan__Japan_007082,D00,0.026994,False
YOLO11s,Japan__Japan_007083,D20,0.108194,False
YOLO11s,Japan__Japan_007084,D20,0.036075,False
YOLO11s,Japan__Japan_007092,D10,0.010069,False
YOLO11s,Japan__Japan_007093,D20,0.239633,True
YOLO11s,Japan__Japan_007093,D20,0.011,False
YOLO11s,Japan__Japan_007106,D00,0.055417,False
YOLO11s,Japan__Japan_007106,D00,0.028597,True
YOLO11s,Japan__Japan_007106,D00,0.117478,True
YOLO11s,Japan__Japan_007107,D00,0.010667,False
YOLO11s,Japan__Japan_007118,D00,0.00195,True
YOLO11s,Japan__Japan_007128,D20,0.163689,True
YOLO11s,Japan__Japan_007149,D20,0.149508,True
YOLO11s,Japan__Japan_007154,D00,0.0084,True
YOLO11s,Japan__Japan_007161,D10,0.024806,True
YOLO11s,Japan__Japan_007161,D00,0.0017,False
YOLO11s,Japan__Japan_007228,D20,0.264892,True
YOLO11s,Japan__Japan_007233,D40,0.008433,False
YOLO11s,Japan__Japan_007233,D40,0.00455,False
YOLO11s,Japan__Japan_007233,D40,0.004044,False
YOLO11s,Japan__Japan_007233,D40,0.001039,False
YOLO11s,Japan__Japan_007233,D20,0.094958,False
YOLO11s,Japan__Japan_007259,D20,0.1734,True
YOLO11s,Japan__Japan_007259,D20,0.039142,True
YOLO11s,Japan__Japan_007266,D20,0.077689,False
YOLO11s,Japan__Japan_007266,D20,0.02065,False
YOLO11s,Japan__Japan_007266,D10,0.005289,False
YOLO11s,Japan__Japan_007280,D10,0.0143,True
YOLO11s,Japan__Japan_007280,D40,0.001133,True
YOLO11s,Japan__Japan_007280,D00,0.01925,False
YOLO11s,Japan__Japan_007280,D10,0.010417,True
YOLO11s,Japan__Japan_007287,D20,0.135778,True
YOLO11s,Japan__Japan_007293,D20,0.205181,True
YOLO11s,Japan__Japan_007311,D20,0.099411,True
YOLO11s,Japan__Japan_007334,D00,0.05695,True
YOLO11s,Japan__Japan_007343,D20,0.162006,True
YOLO11s,Japan__Japan_007344,D20,0.120944,False
YOLO11s,Japan__Japan_007344,D20,0.085922,False
YOLO11s,Japan__Japan_007347,D20,0.027,True
YOLO11s,Japan__Japan_007359,D20,0.020967,True
YOLO11s,Japan__Japan_007359,D20,0.028778,False
YOLO11s,Japan__Japan_007360,D20,0.123306,True
YOLO11s,Japan__Japan_007360,D10,0.00475,True
YOLO11s,Japan__Japan_007360,D10,0.004675,True
YOLO11s,Japan__Japan_007362,D20,0.382694,True
YOLO11s,Japan__Japan_007393,D20,0.276222,True
YOLO11s,Japan__Japan_007409,D20,0.173114,True
YOLO11s,Japan__Japan_007409,D40,0.001425,False
YOLO11s,Japan__Japan_007409,D20,0.033356,False
YOLO11s,Japan__Japan_007410,D20,0.430006,True
YOLO11s,Japan__Japan_007412,D20,0.029133,False
YOLO11s,Japan__Japan_007415,D20,0.312578,True
YOLO11s,Japan__Japan_007433,D20,0.114369,True
YOLO11s,Japan__Japan_007434,D20,0.077844,True
YOLO11s,Japan__Japan_007434,D00,0.0195,False
YOLO11s,Japan__Japan_007437,D00,0.095,False
YOLO11s,Japan__Japan_007450,D20,0.348558,True
YOLO11s,Japan__Japan_007454,D20,0.182722,True
YOLO11s,Japan__Japan_007454,D10,0.007267,False
YOLO11s,Japan__Japan_007454,D20,0.02485,False
YOLO11s,Japan__Japan_007464,D20,0.081749,True
YOLO11s,Japan__Japan_007464,D00,0.022243,False
YOLO11s,Japan__Japan_007464,D00,0.009846,True
YOLO11s,Japan__Japan_007474,D10,0.048733,False
YOLO11s,Japan__Japan_007477,D10,0.011439,False
YOLO11s,Japan__Japan_007477,D10,0.037617,False
YOLO11s,Japan__Japan_007477,D10,0.006175,False
YOLO11s,Japan__Japan_007477,D00,0.023486,False
YOLO11s,Japan__Japan_007477,D00,0.021642,True
YOLO11s,Japan__Japan_007485,D20,0.048044,False
YOLO11s,Japan__Japan_007485,D20,0.011711,True
YOLO11s,Japan__Japan_007495,D00,0.009528,False
YOLO11s,Japan__Japan_007495,D10,0.00255,False
YOLO11s,Japan__Japan_007495,D10,0.009861,False
YOLO11s,Japan__Japan_007495,D10,0.026636,False
YOLO11s,Japan__Japan_007495,D10,0.002111,False
YOLO11s,Japan__Japan_007495,D10,0.017394,True
YOLO11s,Japan__Japan_007500,D20,0.560802,True
YOLO11s,Japan__Japan_007500,D10,0.013937,False
YOLO11s,Japan__Japan_007502,D20,0.025925,False
YOLO11s,Japan__Japan_007502,D10,0.010167,True
YOLO11s,Japan__Japan_007502,D10,0.006922,False
YOLO11s,Japan__Japan_007502,D10,0.012711,True
YOLO11s,Japan__Japan_007502,D20,0.015167,False
YOLO11s,Japan__Japan_007503,D40,0.003056,True
YOLO11s,Japan__Japan_007503,D20,0.078967,True
YOLO11s,Japan__Japan_007527,D20,0.12975,False
YOLO11s,Japan__Japan_007527,D00,0.007733,False
YOLO11s,Japan__Japan_007527,D10,0.0044,True
YOLO11s,Japan__Japan_007537,D20,0.113147,False
YOLO11s,Japan__Japan_007537,D20,0.158125,True
YOLO11s,Japan__Japan_007539,D20,0.238467,True
YOLO11s,Japan__Japan_007549,D20,0.0066,False
YOLO11s,Japan__Japan_007550,D40,0.002683,False
YOLO11s,Japan__Japan_007550,D40,0.001444,True
YOLO11s,Japan__Japan_007550,D40,0.000897,True
YOLO11s,Japan__Japan_007550,D40,0.005222,False
YOLO11s,Japan__Japan_007550,D40,0.000722,False
YOLO11s,Japan__Japan_007552,D40,0.000661,False
YOLO11s,Japan__Japan_007552,D40,0.001422,False
YOLO11s,Japan__Japan_007552,D40,0.001722,False
YOLO11s,Japan__Japan_007558,D00,0.065358,False
YOLO11s,Japan__Japan_007558,D00,0.007608,False
YOLO11s,Japan__Japan_007562,D10,0.0462,False
YOLO11s,Japan__Japan_007562,D10,0.009172,False
YOLO11s,Japan__Japan_007562,D00,0.002417,False
YOLO11s,Japan__Japan_007562,D10,0.001833,False
YOLO11s,Japan__Japan_007567,D20,0.465889,True
YOLO11s,Japan__Japan_007575,D10,0.013406,True
YOLO11s,Japan__Japan_007575,D10,0.00775,False
YOLO11s,Japan__Japan_007575,D10,0.0037,False
YOLO11s,Japan__Japan_007575,D10,0.002094,False
YOLO11s,Japan__Japan_007579,D40,0.001467,False
YOLO11s,Japan__Japan_007579,D40,0.0065,True
YOLO11s,Japan__Japan_007579,D40,0.0055,False
YOLO11s,Japan__Japan_007579,D40,0.002153,False
YOLO11s,Japan__Japan_007579,D20,0.026242,False
YOLO11s,Japan__Japan_007579,D40,0.003617,False
YOLO11s,Japan__Japan_007588,D10,0.002575,False
YOLO11s,Japan__Japan_007588,D10,0.01155,False
YOLO11s,Japan__Japan_007595,D20,0.062144,True
YOLO11s,Japan__Japan_007604,D40,0.012425,False
YOLO11s,Japan__Japan_007604,D40,0.004044,False
YOLO11s,Japan__Japan_007604,D40,0.0018,False
YOLO11s,Japan__Japan_007604,D40,0.004167,False
YOLO11s,Japan__Japan_007604,D40,0.002058,False
YOLO11s,Japan__Japan_007606,D00,0.008217,False
YOLO11s,Japan__Japan_007618,D00,0.071069,True
YOLO11s,Japan__Japan_007618,D10,0.007708,True
YOLO11s,Japan__Japan_007618,D00,0.122311,False
YOLO11s,Japan__Japan_007618,D10,0.003539,False
YOLO11s,Japan__Japan_007618,D10,0.009956,False
YOLO11s,Japan__Japan_007622,D20,0.057,False
YOLO11s,Japan__Japan_007625,D20,0.02975,True
YOLO11s,Japan__Japan_007633,D40,0.003975,True
YOLO11s,Japan__Japan_007633,D20,0.025278,False
YOLO11s,Japan__Japan_007643,D00,0.008875,True
YOLO11s,Japan__Japan_007643,D00,0.001458,False
YOLO11s,Japan__Japan_007649,D20,0.05405,True
YOLO11s,Japan__Japan_007649,D10,0.006944,True
YOLO11s,Japan__Japan_007649,D10,0.00375,False
YOLO11s,Japan__Japan_007649,D00,0.017514,False
YOLO11s,Japan__Japan_007655,D20,0.203533,True
YOLO11s,Japan__Japan_007655,D40,0.016467,False
YOLO11s,Japan__Japan_007655,D40,0.006883,False
YOLO11s,Japan__Japan_007672,D20,0.129403,False
YOLO11s,Japan__Japan_007673,D00,0.005775,True
YOLO11s,Japan__Japan_007692,D20,0.001772,False
YOLO11s,Japan__Japan_007692,D10,0.001283,False
YOLO11s,Japan__Japan_007692,D10,0.001619,False
YOLO11s,Japan__Japan_007692,D20,0.002867,False
YOLO11s,Japan__Japan_007698,D00,0.031236,True
YOLO11s,Japan__Japan_007698,D20,0.025858,False
YOLO11s,Japan__Japan_007698,D10,0.007533,False
YOLO11s,Japan__Japan_007722,D10,0.007319,False
YOLO11s,Japan__Japan_007722,D10,0.005292,False
YOLO11s,Japan__Japan_007722,D00,0.00585,True
YOLO11s,Japan__Japan_007722,D00,0.005667,True
YOLO11s,Japan__Japan_007722,D00,0.003872,False
YOLO11s,Japan__Japan_007722,D00,0.00305,False
YOLO11s,Japan__Japan_007728,D20,0.184375,True
YOLO11s,Japan__Japan_007728,D20,0.083136,True
YOLO11s,Japan__Japan_007733,D00,0.033514,True
YOLO11s,Japan__Japan_007746,D10,0.00525,False
YOLO11s,Japan__Japan_007755,D20,0.02475,True
YOLO11s,Japan__Japan_007755,D00,0.007311,False
YOLO11s,Japan__Japan_007755,D10,0.006667,False
YOLO11s,Japan__Japan_007755,D20,0.0088,False
YOLO11s,Japan__Japan_007755,D10,0.003458,False
YOLO11s,Japan__Japan_007756,D20,0.115267,True
YOLO11s,Japan__Japan_007756,D10,0.004222,True
YOLO11s,Japan__Japan_007756,D10,0.006783,True
YOLO11s,Japan__Japan_007768,D10,0.053278,False
YOLO11s,Japan__Japan_007768,D10,0.045167,False
YOLO11s,Japan__Japan_007768,D10,0.022303,False
YOLO11s,Japan__Japan_007768,D10,0.016667,False
YOLO11s,Japan__Japan_007768,D10,0.020556,False
YOLO11s,Japan__Japan_007768,D10,0.033978,False
YOLO11s,Japan__Japan_007775,D20,0.026114,True
YOLO11s,Japan__Japan_007775,D00,0.037778,True
YOLO11s,Japan__Japan_007780,D20,0.163411,True
YOLO11s,Japan__Japan_007781,D40,0.022292,False
YOLO11s,Japan__Japan_007784,D00,0.023767,True
YOLO11s,Japan__Japan_007784,D20,0.02665,False
YOLO11s,Japan__Japan_007814,D10,0.020175,False
YOLO11s,Japan__Japan_007823,D10,0.0085,True
YOLO11s,Japan__Japan_007823,D00,0.006608,True
YOLO11s,Japan__Japan_007823,D10,0.013481,False
YOLO11s,Japan__Japan_007823,D00,0.001322,True
YOLO11s,Japan__Japan_007823,D00,0.054986,True
YOLO11s,Japan__Japan_007834,D20,0.316953,True
YOLO11s,Japan__Japan_007841,D40,0.004306,True
YOLO11s,Japan__Japan_007849,D20,0.041167,True
YOLO11s,Japan__Japan_007852,D40,0.0026,False
YOLO11s,Japan__Japan_007852,D20,0.166111,False
YOLO11s,Japan__Japan_007858,D20,0.0351,False
YOLO11s,Japan__Japan_007858,D20,0.048292,False
YOLO11s,Japan__Japan_007860,D20,0.01815,False
YOLO11s,Japan__Japan_007900,D20,0.060975,False
YOLO11s,Japan__Japan_007900,D20,0.073242,True
YOLO11s,Japan__Japan_007900,D40,0.004028,True
YOLO11s,Japan__Japan_007903,D40,0.0296,False
YOLO11s,Japan__Japan_007903,D40,0.025617,False
YOLO11s,Japan__Japan_007916,D20,0.137517,True
YOLO11s,Japan__Japan_007916,D20,0.014444,True
YOLO11s,Japan__Japan_007916,D10,0.036847,True
YOLO11s,Japan__Japan_007922,D40,0.005689,False
YOLO11s,Japan__Japan_007922,D40,0.002333,False
YOLO11s,Japan__Japan_007933,D10,0.01125,True
YOLO11s,Japan__Japan_007954,D20,0.194808,True
YOLO11s,Japan__Japan_007964,D10,0.00525,True
YOLO11s,Japan__Japan_007964,D10,0.006825,True
YOLO11s,Japan__Japan_007965,D20,0.244317,True
YOLO11s,Japan__Japan_007965,D10,0.03475,False
YOLO11s,Japan__Japan_007965,D10,0.019939,False
YOLO11s,Japan__Japan_007995,D20,0.027767,True
YOLO11s,Japan__Japan_007995,D10,0.006767,False
YOLO11s,Japan__Japan_008008,D20,0.058561,True
YOLO11s,Japan__Japan_008012,D00,0.085575,False
YOLO11s,Japan__Japan_008013,D00,0.016678,False
YOLO11s,Japan__Japan_008022,D10,0.018375,True
YOLO11s,Japan__Japan_008023,D00,0.028,True
YOLO11s,Japan__Japan_008031,D40,0.001667,False
YOLO11s,Japan__Japan_008047,D00,0.049875,False
YOLO11s,Japan__Japan_008060,D00,0.003392,False
YOLO11s,Japan__Japan_008097,D20,0.136077,False
YOLO11s,Japan__Japan_008097,D10,0.007545,False
YOLO11s,Japan__Japan_008099,D20,0.007486,False
YOLO11s,Japan__Japan_008099,D20,0.0088,False
YOLO11s,Japan__Japan_008130,D20,0.30705,True
YOLO11s,Japan__Japan_008156,D40,0.005736,True
YOLO11s,Japan__Japan_008156,D20,0.083333,True
YOLO11s,Japan__Japan_008156,D00,0.007875,False
YOLO11s,Japan__Japan_008168,D40,0.000778,True
YOLO11s,Japan__Japan_008179,D20,0.230125,False
YOLO11s,Japan__Japan_008184,D20,0.321028,True
YOLO11s,Japan__Japan_008190,D20,0.041944,True
YOLO11s,Japan__Japan_008190,D20,0.039608,True
YOLO11s,Japan__Japan_008196,D40,0.005622,True
YOLO11s,Japan__Japan_008211,D20,0.065,True
YOLO11s,Japan__Japan_008218,D20,0.385428,True
YOLO11s,Japan__Japan_008230,D10,0.008533,True
YOLO11s,Japan__Japan_008233,D00,0.011733,True
YOLO11s,Japan__Japan_008247,D20,0.280217,True
YOLO11s,Japan__Japan_008272,D20,0.328667,True
YOLO11s,Japan__Japan_008279,D20,0.684811,True
YOLO11s,Japan__Japan_008300,D00,0.010767,False
YOLO11s,Japan__Japan_008307,D20,0.080514,True
YOLO11s,Japan__Japan_008324,D20,0.273181,True
YOLO11s,Japan__Japan_008345,D10,0.005022,False
YOLO11s,Japan__Japan_008345,D10,0.005572,True
YOLO11s,Japan__Japan_008345,D10,0.006444,False
YOLO11s,Japan__Japan_008356,D20,0.008189,True
YOLO11s,Japan__Japan_008359,D00,0.062828,True
YOLO11s,Japan__Japan_008375,D20,0.25365,False
YOLO11s,Japan__Japan_008375,D10,0.002917,True
YOLO11s,Japan__Japan_008376,D40,0.085327,False
YOLO11s,Japan__Japan_008388,D00,0.042883,True
YOLO11s,Japan__Japan_008388,D00,0.005267,True
YOLO11s,Japan__Japan_008388,D00,0.003544,False
YOLO11s,Japan__Japan_008388,D00,0.002739,False
YOLO11s,Japan__Japan_008394,D20,0.236925,True
YOLO11s,Japan__Japan_008394,D20,0.095025,True
YOLO11s,Japan__Japan_008402,D10,0.007986,False
YOLO11s,Japan__Japan_008410,D40,0.031944,False
YOLO11s,Japan__Japan_008410,D40,0.005026,True
YOLO11s,Japan__Japan_008511,D00,0.023383,False
YOLO11s,Japan__Japan_008511,D00,0.007147,False
YOLO11s,Japan__Japan_008511,D00,0.004067,False
YOLO11s,Japan__Japan_008516,D20,0.068872,True
YOLO11s,Japan__Japan_008516,D10,0.001833,False
YOLO11s,Japan__Japan_008523,D00,0.030833,True
YOLO11s,Japan__Japan_008523,D20,0.0832,False
YOLO11s,Japan__Japan_008523,D00,0.008944,False
YOLO11s,Japan__Japan_008523,D10,0.004044,False
YOLO11s,Japan__Japan_008523,D10,0.005256,False
YOLO11s,Japan__Japan_008529,D20,0.197511,True
YOLO11s,Japan__Japan_008539,D20,0.395014,True
YOLO11s,Japan__Japan_008547,D20,0.361342,True
YOLO11s,Japan__Japan_008547,D20,0.129525,True
YOLO11s,Japan__Japan_008584,D00,0.0338,True
YOLO11s,Japan__Japan_008584,D20,0.605422,True
YOLO11s,Japan__Japan_008606,D00,0.0084,True
YOLO11s,Japan__Japan_008606,D10,0.00665,False
YOLO11s,Japan__Japan_008615,D20,0.130417,False
YOLO11s,Japan__Japan_008627,D20,0.017675,False
YOLO11s,Japan__Japan_008627,D00,0.0068,False
YOLO11s,Japan__Japan_008629,D00,0.019503,True
YOLO11s,Japan__Japan_008629,D00,0.023689,True
YOLO11s,Japan__Japan_008634,D20,0.113758,True
YOLO11s,Japan__Japan_008634,D10,0.020917,False
YOLO11s,Japan__Japan_008634,D00,0.012533,False
YOLO11s,Japan__Japan_008688,D20,0.197417,True
YOLO11s,Japan__Japan_008708,D20,0.247,True
YOLO11s,Japan__Japan_008721,D40,0.02047,False
YOLO11s,Japan__Japan_008726,D10,0.054172,False
YOLO11s,Japan__Japan_008726,D00,0.016467,True
YOLO11s,Japan__Japan_008726,D10,0.014578,False
YOLO11s,Japan__Japan_008735,D10,0.007028,True
YOLO11s,Japan__Japan_008735,D10,0.0105,False
YOLO11s,Japan__Japan_008735,D20,0.107139,True
YOLO11s,Japan__Japan_008739,D20,0.234367,True
YOLO11s,Japan__Japan_008756,D20,0.1681,True
YOLO11s,Japan__Japan_008759,D20,0.049939,False
YOLO11s,Japan__Japan_008759,D10,0.014661,False
YOLO11s,Japan__Japan_008770,D00,0.046344,True
YOLO11s,Japan__Japan_008780,D20,0.254533,True
YOLO11s,Japan__Japan_008780,D00,0.018192,False
YOLO11s,Japan__Japan_008794,D20,0.3962,True
YOLO11s,Japan__Japan_008807,D10,0.004064,True
YOLO11s,Japan__Japan_008815,D00,0.012622,True
YOLO11s,Japan__Japan_008815,D10,0.042467,False
YOLO11s,Japan__Japan_008815,D00,0.007517,False
YOLO11s,Japan__Japan_008815,D00,0.005006,False
YOLO11s,Japan__Japan_008837,D00,0.017733,False
YOLO11s,Japan__Japan_008837,D00,0.010208,False
YOLO11s,Japan__Japan_008837,D00,0.005622,True
YOLO11s,Japan__Japan_008837,D00,0.011122,False
YOLO11s,Japan__Japan_008837,D10,0.002,False
YOLO11s,Japan__Japan_008846,D00,0.01025,True
YOLO11s,Japan__Japan_008846,D00,0.041342,True
YOLO11s,Japan__Japan_008846,D00,0.017825,False
YOLO11s,Japan__Japan_008846,D00,0.107431,False
YOLO11s,Japan__Japan_008846,D20,0.028019,False
YOLO11s,Japan__Japan_008846,D00,0.002658,False
YOLO11s,Japan__Japan_008846,D00,0.001611,False
YOLO11s,Japan__Japan_008846,D10,0.004708,False
YOLO11s,Japan__Japan_008846,D10,0.002667,False
YOLO11s,Japan__Japan_008848,D20,0.6556,True
YOLO11s,Japan__Japan_008854,D00,0.041889,True
YOLO11s,Japan__Japan_008854,D10,0.006067,True
YOLO11s,Japan__Japan_008855,D20,0.344561,True
YOLO11s,Japan__Japan_008872,D20,0.1162,True
YOLO11s,Japan__Japan_008878,D20,0.386022,False
YOLO11s,Japan__Japan_008880,D00,0.0328,True
YOLO11s,Japan__Japan_008880,D00,0.002744,False
YOLO11s,Japan__Japan_008880,D10,0.012844,False
YOLO11s,Japan__Japan_008898,D20,0.303181,True
YOLO11s,Japan__Japan_008898,D20,0.232619,True
YOLO11s,Japan__Japan_008900,D40,0.003789,False
YOLO11s,Japan__Japan_008900,D40,0.006525,False
YOLO11s,Japan__Japan_008900,D20,0.268778,True
YOLO11s,Japan__Japan_008900,D20,0.007556,False
YOLO11s,Japan__Japan_008926,D10,0.005208,False
YOLO11s,Japan__Japan_008926,D20,0.005,False
YOLO11s,Japan__Japan_008927,D00,0.052228,True
YOLO11s,Japan__Japan_008933,D20,0.040444,False
YOLO11s,Japan__Japan_008939,D00,0.097731,True
YOLO11s,Japan__Japan_008947,D10,0.004064,False
YOLO11s,Japan__Japan_008949,D00,0.028367,False
YOLO11s,Japan__Japan_008962,D20,0.084,True
YOLO11s,Japan__Japan_008963,D20,0.3212,False
YOLO11s,Japan__Japan_008968,D40,0.001611,False
YOLO11s,Japan__Japan_008968,D20,0.035833,True
YOLO11s,Japan__Japan_008968,D20,0.064025,False
YOLO11s,Japan__Japan_008968,D00,0.010489,True
YOLO11s,Japan__Japan_008968,D00,0.0075,False
YOLO11s,Japan__Japan_008968,D00,0.004344,False
YOLO11s,Japan__Japan_008968,D00,0.0052,False
YOLO11s,Japan__Japan_008968,D00,0.044722,True
YOLO11s,Japan__Japan_008968,D20,0.052533,False
YOLO11s,Japan__Japan_008970,D20,0.051933,True
YOLO11s,Japan__Japan_008970,D20,0.201956,True
YOLO11s,Japan__Japan_008976,D00,0.012825,False
YOLO11s,Japan__Japan_008991,D00,0.006933,False
YOLO11s,Japan__Japan_008991,D00,0.001208,True
YOLO11s,Japan__Japan_009001,D00,0.009022,False
YOLO11s,Japan__Japan_009001,D20,0.097167,False
YOLO11s,Japan__Japan_009001,D00,0.022967,False
YOLO11s,Japan__Japan_009001,D00,0.047278,False
YOLO11s,Japan__Japan_009021,D20,0.166367,True
YOLO11s,Japan__Japan_009026,D00,0.066322,False
YOLO11s,Japan__Japan_009026,D10,0.036711,True
YOLO11s,Japan__Japan_009026,D10,0.007778,False
YOLO11s,Japan__Japan_009026,D10,0.004667,False
YOLO11s,Japan__Japan_009026,D20,0.031775,False
YOLO11s,Japan__Japan_009030,D20,0.067667,False
YOLO11s,Japan__Japan_009041,D20,0.185611,True
YOLO11s,Japan__Japan_009041,D10,0.020444,False
YOLO11s,Japan__Japan_009044,D10,0.006067,True
YOLO11s,Japan__Japan_009044,D20,0.021378,False
YOLO11s,Japan__Japan_009044,D00,0.035156,False
YOLO11s,Japan__Japan_009049,D40,0.002292,False
YOLO11s,Japan__Japan_009049,D10,0.013842,False
YOLO11s,Japan__Japan_009049,D10,0.00885,False
YOLO11s,Japan__Japan_009049,D00,0.010333,False
YOLO11s,Japan__Japan_009053,D20,0.119025,True
YOLO11s,Japan__Japan_009053,D20,0.035156,False
YOLO11s,Japan__Japan_009053,D10,0.007233,True
YOLO11s,Japan__Japan_009067,D00,0.005683,True
YOLO11s,Japan__Japan_009085,D40,0.004167,True
YOLO11s,Japan__Japan_009085,D20,0.086972,False
YOLO11s,Japan__Japan_009085,D20,0.031944,False
YOLO11s,Japan__Japan_009085,D20,0.018322,False
YOLO11s,Japan__Japan_009085,D20,0.0169,False
YOLO11s,Japan__Japan_009085,D20,0.0081,False
YOLO11s,Japan__Japan_009085,D20,0.032331,False
YOLO11s,Japan__Japan_009088,D20,0.198561,True
YOLO11s,Japan__Japan_009097,D20,0.105,False
YOLO11s,Japan__Japan_009105,D00,0.002644,False
YOLO11s,Japan__Japan_009116,D00,0.021375,False
YOLO11s,Japan__Japan_009122,D20,0.065294,True
YOLO11s,Japan__Japan_009144,D00,0.005417,True
YOLO11s,Japan__Japan_009146,D20,0.029167,False
YOLO11s,Japan__Japan_009146,D10,0.015961,False
YOLO11s,Japan__Japan_009147,D40,0.0056,False
YOLO11s,Japan__Japan_009147,D40,0.002933,True
YOLO11s,Japan__Japan_009153,D20,0.077067,True
YOLO11s,Japan__Japan_009174,D40,0.002,True
YOLO11s,Japan__Japan_009174,D10,0.006333,False
YOLO11s,Japan__Japan_009174,D10,0.0124,True
YOLO11s,Japan__Japan_009174,D10,0.009289,False
YOLO11s,Japan__Japan_009184,D40,0.003606,False
YOLO11s,Japan__Japan_009184,D20,0.28015,True
YOLO11s,Japan__Japan_009220,D20,0.138389,True
YOLO11s,Japan__Japan_009220,D20,0.034028,True
YOLO11s,Japan__Japan_009220,D20,0.063917,False
YOLO11s,Japan__Japan_009223,D20,0.050133,True
YOLO11s,Japan__Japan_009223,D00,0.002667,False
YOLO11s,Japan__Japan_009223,D10,0.016133,False
YOLO11s,Japan__Japan_009223,D10,0.007664,False
YOLO11s,Japan__Japan_009294,D00,0.047542,False
YOLO11s,Japan__Japan_009294,D10,0.037122,False
YOLO11s,Japan__Japan_009294,D10,0.0302,False
YOLO11s,Japan__Japan_009294,D10,0.0088,False
YOLO11s,Japan__Japan_009294,D00,0.004111,False
YOLO11s,Japan__Japan_009294,D00,0.003033,False
YOLO11s,Japan__Japan_009299,D20,0.064153,False
YOLO11s,Japan__Japan_009299,D20,0.011439,False
YOLO11s,Japan__Japan_009299,D20,0.043267,True
YOLO11s,Japan__Japan_009299,D10,0.0126,False
YOLO11s,Japan__Japan_009310,D00,0.034122,False
YOLO11s,Japan__Japan_009312,D20,0.071867,False
YOLO11s,Japan__Japan_009312,D20,0.022556,False
YOLO11s,Japan__Japan_009340,D20,0.075078,True
YOLO11s,Japan__Japan_009340,D10,0.004958,True
YOLO11s,Japan__Japan_009343,D20,0.147325,True
YOLO11s,Japan__Japan_009350,D20,0.116025,True
YOLO11s,Japan__Japan_009350,D20,0.2384,True
YOLO11s,Japan__Japan_009353,D20,0.108889,False
YOLO11s,Japan__Japan_009353,D20,0.020222,False
YOLO11s,Japan__Japan_009355,D20,0.164811,True
YOLO11s,Japan__Japan_009355,D10,0.003778,False
YOLO11s,Japan__Japan_009355,D10,0.003733,False
YOLO11s,Japan__Japan_009360,D20,0.017642,False
YOLO11s,Japan__Japan_009360,D20,0.029822,False
YOLO11s,Japan__Japan_009378,D10,0.0054,False
YOLO11s,Japan__Japan_009378,D10,0.012133,True
YOLO11s,Japan__Japan_009378,D10,0.007222,False
YOLO11s,Japan__Japan_009379,D20,0.158694,True
YOLO11s,Japan__Japan_009383,D00,0.095861,True
YOLO11s,Japan__Japan_009383,D00,0.0132,False
YOLO11s,Japan__Japan_009383,D00,0.019367,True
YOLO11s,Japan__Japan_009404,D00,0.026878,True
YOLO11s,Japan__Japan_009404,D20,0.136028,False
YOLO11s,Japan__Japan_009415,D20,0.084389,True
YOLO11s,Japan__Japan_009415,D10,0.013139,False
YOLO11s,Japan__Japan_009415,D10,0.017814,False
YOLO11s,Japan__Japan_009415,D10,0.005444,False
YOLO11s,Japan__Japan_009415,D10,0.001556,False
YOLO11s,Japan__Japan_009415,D10,0.003867,False
YOLO11s,Japan__Japan_009450,D00,0.095578,True
YOLO11s,Japan__Japan_009450,D10,0.031244,False
YOLO11s,Japan__Japan_009463,D20,0.168056,True
YOLO11s,Japan__Japan_009463,D20,0.038608,False
YOLO11s,Japan__Japan_009464,D20,0.307114,True
YOLO11s,Japan__Japan_009492,D40,0.024239,False
YOLO11s,Japan__Japan_009492,D20,0.300051,False
YOLO11s,Japan__Japan_009492,D20,0.031111,False
YOLO11s,Japan__Japan_009499,D20,0.110439,False
YOLO11s,Japan__Japan_009523,D20,0.0722,True
YOLO11s,Japan__Japan_009523,D00,0.016133,False
YOLO11s,Japan__Japan_009524,D20,0.021958,True
YOLO11s,Japan__Japan_009524,D00,0.011158,True
YOLO11s,Japan__Japan_009524,D00,0.074436,False
YOLO11s,Japan__Japan_009524,D00,0.008167,False
YOLO11s,Japan__Japan_009547,D20,0.314972,True
YOLO11s,Japan__Japan_009547,D20,0.020486,False
YOLO11s,Japan__Japan_009552,D20,0.016889,False
YOLO11s,Japan__Japan_009552,D10,0.01375,False
YOLO11s,Japan__Japan_009586,D20,0.30345,True
YOLO11s,Japan__Japan_009586,D40,0.002658,False
YOLO11s,Japan__Japan_009614,D20,0.254725,True
YOLO11s,Japan__Japan_009630,D40,0.001806,False
YOLO11s,Japan__Japan_009630,D40,0.003403,True
YOLO11s,Japan__Japan_009630,D20,0.45175,True
YOLO11s,Japan__Japan_009641,D20,0.069875,True
YOLO11s,Japan__Japan_009641,D20,0.0188,False
YOLO11s,Japan__Japan_009641,D20,0.024444,False
YOLO11s,Japan__Japan_009651,D20,0.016611,False
YOLO11s,Japan__Japan_009652,D00,0.039433,True
YOLO11s,Japan__Japan_009652,D10,0.007858,False
YOLO11s,Japan__Japan_009656,D20,0.165939,True
YOLO11s,Japan__Japan_009656,D20,0.147222,True
YOLO11s,Japan__Japan_009672,D40,0.003383,True
YOLO11s,Japan__Japan_009672,D20,0.007,False
YOLO11s,Japan__Japan_009672,D40,0.025458,True
YOLO11s,Japan__Japan_009672,D10,0.018242,True
YOLO11s,Japan__Japan_009672,D20,0.004911,False
YOLO11s,Japan__Japan_009677,D20,0.058333,False
YOLO11s,Japan__Japan_009678,D20,0.080533,True
YOLO11s,Japan__Japan_009681,D40,0.003828,True
YOLO11s,Japan__Japan_009684,D20,0.07,False
YOLO11s,Japan__Japan_009684,D40,0.001636,True
YOLO11s,Japan__Japan_009684,D20,0.006719,False
YOLO11s,Japan__Japan_009684,D20,0.0387,False
YOLO11s,Japan__Japan_009698,D20,0.076297,True
YOLO11s,Japan__Japan_009698,D20,0.082667,False
YOLO11s,Japan__Japan_009698,D40,0.00175,True
YOLO11s,Japan__Japan_009698,D40,0.001533,False
YOLO11s,Japan__Japan_009698,D40,0.001208,False
YOLO11s,Japan__Japan_009707,D20,0.056622,False
YOLO11s,Japan__Japan_009707,D00,0.05795,False
YOLO11s,Japan__Japan_009717,D20,0.3198,True
YOLO11s,Japan__Japan_009743,D20,0.0873,True
YOLO11s,Japan__Japan_009746,D20,0.008433,False
YOLO11s,Japan__Japan_009746,D20,0.486528,True
YOLO11s,Japan__Japan_009785,D00,0.015094,True
YOLO11s,Japan__Japan_009785,D10,0.02775,True
YOLO11s,Japan__Japan_009785,D10,0.0275,False
YOLO11s,Japan__Japan_009785,D10,0.015089,False
YOLO11s,Japan__Japan_009785,D10,0.010325,False
YOLO11s,Japan__Japan_009785,D00,0.0058,True
YOLO11s,Japan__Japan_009818,D20,0.01515,False
YOLO11s,Japan__Japan_009822,D00,0.034,True
YOLO11s,Japan__Japan_009822,D00,0.008642,True
YOLO11s,Japan__Japan_009822,D10,0.013433,False
YOLO11s,Japan__Japan_009831,D20,0.136708,True
YOLO11s,Japan__Japan_009831,D20,0.044956,True
YOLO11s,Japan__Japan_009850,D20,0.079167,True
YOLO11s,Japan__Japan_009863,D00,0.007442,True
YOLO11s,Japan__Japan_009863,D00,0.002139,False
YOLO11s,Japan__Japan_009874,D20,0.117681,True
YOLO11s,Japan__Japan_009882,D40,0.002556,True
YOLO11s,Japan__Japan_009882,D20,0.089456,True
YOLO11s,Japan__Japan_009922,D20,0.071947,True
YOLO11s,Japan__Japan_009922,D20,0.01225,False
YOLO11s,Japan__Japan_009922,D20,0.029828,False
YOLO11s,Japan__Japan_009922,D20,0.023,False
YOLO11s,Japan__Japan_009922,D20,0.015217,False
YOLO11s,Japan__Japan_009935,D40,0.010267,True
YOLO11s,Japan__Japan_009935,D40,0.002889,True
YOLO11s,Japan__Japan_009935,D40,0.006133,False
YOLO11s,Japan__Japan_009935,D20,0.086078,True
YOLO11s,Japan__Japan_009960,D40,0.009867,True
YOLO11s,Japan__Japan_009968,D20,0.142458,True
YOLO11s,Japan__Japan_009968,D20,0.015158,False
YOLO11s,Japan__Japan_009968,D20,0.011333,False
YOLO11s,Japan__Japan_009968,D20,0.007667,False
YOLO11s,Japan__Japan_009968,D20,0.014397,False
YOLO11s,Japan__Japan_009981,D20,0.167803,True
YOLO11s,Japan__Japan_009997,D40,0.007875,False
YOLO11s,Japan__Japan_009997,D40,0.001667,False
YOLO11s,Japan__Japan_009997,D40,0.070933,False
YOLO11s,Japan__Japan_009997,D40,0.018608,False
YOLO11s,Japan__Japan_009997,D40,0.003003,False
YOLO11s,Japan__Japan_009997,D40,0.018858,False
YOLO11s,Japan__Japan_009997,D40,0.002428,False
YOLO11s,Japan__Japan_010002,D00,0.020508,False
YOLO11s,Japan__Japan_010002,D00,0.0162,False
YOLO11s,Japan__Japan_010018,D20,0.036167,False
YOLO11s,Japan__Japan_010028,D00,0.0106,False
YOLO11s,Japan__Japan_010028,D00,0.002533,True
YOLO11s,Japan__Japan_010033,D00,0.001808,False
YOLO11s,Japan__Japan_010037,D00,0.015075,False
YOLO11s,Japan__Japan_010045,D00,0.017444,False
YOLO11s,Japan__Japan_010045,D20,0.066292,True
YOLO11s,Japan__Japan_010048,D20,0.227672,True
YOLO11s,Japan__Japan_010069,D40,0.005042,True
YOLO11s,Japan__Japan_010069,D20,0.378583,True
YOLO11s,Japan__Japan_010069,D40,0.001517,True
YOLO11s,Japan__Japan_010075,D20,0.035769,False
YOLO11s,Japan__Japan_010075,D00,0.045325,True
YOLO11s,Japan__Japan_010104,D00,0.022431,False
YOLO11s,Japan__Japan_010105,D10,0.011278,True
YOLO11s,Japan__Japan_010108,D20,0.389467,True
YOLO11s,Japan__Japan_010108,D10,0.022892,False
YOLO11s,Japan__Japan_010121,D00,0.100889,False
YOLO11s,Japan__Japan_010121,D00,0.010872,False
YOLO11s,Japan__Japan_010121,D00,0.041325,False
YOLO11s,Japan__Japan_010121,D00,0.058067,False
YOLO11s,Japan__Japan_010121,D00,0.005011,False
YOLO11s,Japan__Japan_010121,D10,0.005892,False
YOLO11s,Japan__Japan_010158,D20,0.066875,True
YOLO11s,Japan__Japan_010158,D20,0.202578,False
YOLO11s,Japan__Japan_010158,D20,0.015583,False
YOLO11s,Japan__Japan_010158,D20,0.012856,False
YOLO11s,Japan__Japan_010172,D00,0.0129,True
YOLO11s,Japan__Japan_010174,D20,0.148225,True
YOLO11s,Japan__Japan_010188,D20,0.143125,True
YOLO11s,Japan__Japan_010188,D10,0.014517,False
YOLO11s,Japan__Japan_010188,D10,0.004511,False
YOLO11s,Japan__Japan_010231,D40,0.003464,True
YOLO11s,Japan__Japan_010231,D20,0.303475,True
YOLO11s,Japan__Japan_010231,D20,0.045644,False
YOLO11s,Japan__Japan_010245,D20,0.211556,True
YOLO11s,Japan__Japan_010245,D40,0.007233,False
YOLO11s,Japan__Japan_010267,D00,0.110133,False
YOLO11s,Japan__Japan_010267,D20,0.025,False
YOLO11s,Japan__Japan_010267,D10,0.002125,False
YOLO11s,Japan__Japan_010267,D10,0.005378,False
YOLO11s,Japan__Japan_010279,D00,0.002817,True
YOLO11s,Japan__Japan_010279,D20,0.05,True
YOLO11s,Japan__Japan_010286,D20,0.243147,True
YOLO11s,Japan__Japan_010286,D20,0.131775,True
YOLO11s,Japan__Japan_010309,D20,0.100867,True
YOLO11s,Japan__Japan_010309,D20,0.055739,True
YOLO11s,Japan__Japan_010319,D40,0.0038,False
YOLO11s,Japan__Japan_010319,D20,0.163822,True
YOLO11s,Japan__Japan_010319,D20,0.0093,False
YOLO11s,Japan__Japan_010319,D20,0.0219,False
YOLO11s,Japan__Japan_010319,D40,0.002917,False
YOLO11s,Japan__Japan_010319,D40,0.001822,False
YOLO11s,Japan__Japan_010320,D10,0.0098,False
YOLO11s,Japan__Japan_010320,D10,0.028072,False
YOLO11s,Japan__Japan_010341,D00,0.0222,False
YOLO11s,Japan__Japan_010341,D00,0.016625,False
YOLO11s,Japan__Japan_010341,D10,0.014933,False
YOLO11s,Japan__Japan_010341,D00,0.006144,False
YOLO11s,Japan__Japan_010341,D00,0.005467,False
YOLO11s,Japan__Japan_010349,D20,0.243333,True
YOLO11s,Japan__Japan_010353,D00,0.00715,True
YOLO11s,Japan__Japan_010353,D10,0.007583,False
YOLO11s,Japan__Japan_010357,D00,0.019475,False
YOLO11s,Japan__Japan_010373,D20,0.334825,True
YOLO11s,Japan__Japan_010385,D20,0.003067,False
YOLO11s,Japan__Japan_010392,D00,0.018433,False
YOLO11s,Japan__Japan_010396,D00,0.0225,True
YOLO11s,Japan__Japan_010396,D00,0.057272,False
YOLO11s,Japan__Japan_010396,D00,0.047533,False
YOLO11s,Japan__Japan_010396,D10,0.011917,False
YOLO11s,Japan__Japan_010396,D10,0.005806,False
YOLO11s,Japan__Japan_010396,D10,0.010333,False
YOLO11s,Japan__Japan_010400,D00,0.0121,True
YOLO11s,Japan__Japan_010407,D20,0.0364,False
YOLO11s,Japan__Japan_010407,D10,0.00555,False
YOLO11s,Japan__Japan_010417,D20,0.067375,True
YOLO11s,Japan__Japan_010421,D10,0.018444,False
YOLO11s,Japan__Japan_010421,D00,0.0049,False
YOLO11s,Japan__Japan_010442,D20,0.023981,False
YOLO11s,Japan__Japan_010442,D00,0.009794,True
YOLO11s,Japan__Japan_010445,D10,0.003944,True
YOLO11s,Japan__Japan_010445,D00,0.015867,True
YOLO11s,Japan__Japan_010445,D20,0.022717,False
YOLO11s,Japan__Japan_010445,D10,0.008839,False
YOLO11s,Japan__Japan_010449,D00,0.029483,True
YOLO11s,Japan__Japan_010449,D00,0.024022,False
YOLO11s,Japan__Japan_010451,D00,0.002125,False
YOLO11s,Japan__Japan_010451,D00,0.0039,False
YOLO11s,Japan__Japan_010451,D10,0.017078,True
YOLO11s,Japan__Japan_010455,D20,0.226997,True
YOLO11s,Japan__Japan_010463,D00,0.016889,True
YOLO11s,Japan__Japan_010463,D10,0.007111,False
YOLO11s,Japan__Japan_010463,D10,0.024933,False
YOLO11s,Japan__Japan_010463,D00,0.01815,True
YOLO11s,Japan__Japan_010463,D00,0.005353,False
YOLO11s,Japan__Japan_010467,D20,0.477261,False
YOLO11s,Japan__Japan_010468,D00,0.005139,True
YOLO11s,Japan__Japan_010470,D00,0.026578,True
YOLO11s,Japan__Japan_010479,D20,0.012369,False
YOLO11s,Japan__Japan_010501,D20,0.087083,True
YOLO11s,Japan__Japan_010502,D00,0.021403,False
YOLO11s,Japan__Japan_010502,D00,0.017867,False
YOLO11s,Japan__Japan_010502,D00,0.0219,False
YOLO11s,Japan__Japan_010504,D20,0.102493,False
YOLO11s,Japan__Japan_010514,D20,0.0417,False
YOLO11s,Japan__Japan_010514,D10,0.012486,True
YOLO11s,Japan__Japan_010525,D00,0.034306,True
YOLO11s,Japan__Japan_010525,D00,0.021911,False
YOLO11s,Japan__Japan_010528,D20,0.1809,True
YOLO11s,Japan__Japan_010528,D40,0.002042,True
YOLO11s,Japan__Japan_010528,D40,0.002994,True
YOLO11s,Japan__Japan_010553,D40,0.001583,True
YOLO11s,Japan__Japan_010553,D40,0.001808,True
YOLO11s,Japan__Japan_010553,D20,0.051622,False
YOLO11s,Japan__Japan_010555,D20,0.497289,True
YOLO11s,Japan__Japan_010555,D00,0.006331,False
YOLO11s,Japan__Japan_010556,D20,0.157756,False
YOLO11s,Japan__Japan_010575,D00,0.029517,False
YOLO11s,Japan__Japan_010575,D00,0.003022,False
YOLO11s,Japan__Japan_010585,D20,0.231628,True
YOLO11s,Japan__Japan_010596,D20,0.085036,False
YOLO11s,Japan__Japan_010597,D10,0.003667,False
YOLO11s,Japan__Japan_010597,D20,0.010392,False
YOLO11s,Japan__Japan_010622,D20,0.0525,False
YOLO11s,Japan__Japan_010622,D20,0.091467,False
YOLO11s,Japan__Japan_010622,D20,0.0675,True
YOLO11s,Japan__Japan_010643,D00,0.002219,True
YOLO11s,Japan__Japan_010645,D00,0.087211,True
YOLO11s,Japan__Japan_010650,D00,0.016711,True
YOLO11s,Japan__Japan_010650,D20,0.014,True
YOLO11s,Japan__Japan_010653,D20,0.399178,True
YOLO11s,Japan__Japan_010657,D20,0.280867,True
YOLO11s,Japan__Japan_010657,D00,0.008339,False
YOLO11s,Japan__Japan_010657,D10,0.002372,False
YOLO11s,Japan__Japan_010657,D10,0.004778,False
YOLO11s,Japan__Japan_010657,D10,0.00455,False
YOLO11s,Japan__Japan_010658,D20,0.512633,True
YOLO11s,Japan__Japan_010661,D20,0.029742,False
YOLO11s,Japan__Japan_010668,D20,0.301356,True
YOLO11s,Japan__Japan_010675,D20,0.0308,True
YOLO11s,Japan__Japan_010695,D40,0.009567,True
YOLO11s,Japan__Japan_010695,D20,0.017378,False
YOLO11s,Japan__Japan_010695,D10,0.0051,False
YOLO11s,Japan__Japan_010695,D10,0.006333,False
YOLO11s,Japan__Japan_010706,D20,0.12625,True
YOLO11s,Japan__Japan_010710,D00,0.074111,True
YOLO11s,Japan__Japan_010714,D40,0.002125,True
YOLO11s,Japan__Japan_010747,D10,0.004911,True
YOLO11s,Japan__Japan_010747,D10,0.031433,False
YOLO11s,Japan__Japan_010747,D10,0.006517,False
YOLO11s,Japan__Japan_010747,D00,0.052867,False
YOLO11s,Japan__Japan_010756,D20,0.033411,True
YOLO11s,Japan__Japan_010756,D20,0.051378,True
YOLO11s,Japan__Japan_010761,D00,0.01925,False
YOLO11s,Japan__Japan_010764,D40,0.018883,False
YOLO11s,Japan__Japan_010764,D20,0.110489,False
YOLO11s,Japan__Japan_010766,D40,0.004764,True
YOLO11s,Japan__Japan_010766,D10,0.008667,True
YOLO11s,Japan__Japan_010766,D10,0.005011,False
YOLO11s,Japan__Japan_010769,D20,0.051639,False
YOLO11s,Japan__Japan_010769,D40,0.019092,False
YOLO11s,Japan__Japan_010772,D20,0.418792,True
YOLO11s,Japan__Japan_010772,D20,0.227756,False
YOLO11s,Japan__Japan_010777,D00,0.011539,False
YOLO11s,Japan__Japan_010833,D00,0.0156,False
YOLO11s,Japan__Japan_010837,D00,0.00285,True
YOLO11s,Japan__Japan_010837,D20,0.049656,True
YOLO11s,Japan__Japan_010837,D00,0.106672,False
YOLO11s,Japan__Japan_010837,D10,0.006225,False
YOLO11s,Japan__Japan_010837,D10,0.010125,True
YOLO11s,Japan__Japan_010837,D00,0.004889,False
YOLO11s,Japan__Japan_010837,D10,0.005439,False
YOLO11s,Japan__Japan_010837,D10,0.004667,False
YOLO11s,Japan__Japan_010839,D40,0.003322,False
YOLO11s,Japan__Japan_010839,D20,0.364806,True
YOLO11s,Japan__Japan_010851,D40,0.019226,False
YOLO11s,Japan__Japan_010866,D00,0.020314,True
YOLO11s,Japan__Japan_010866,D00,0.009197,True
YOLO11s,Japan__Japan_010890,D20,0.286733,True
YOLO11s,Japan__Japan_010900,D20,0.150161,True
YOLO11s,Japan__Japan_010903,D20,0.130467,False
YOLO11s,Japan__Japan_010920,D20,0.1914,True
YOLO11s,Japan__Japan_010921,D20,0.016783,False
YOLO11s,Japan__Japan_010921,D20,0.119022,False
YOLO11s,Japan__Japan_010927,D20,0.0462,False
YOLO11s,Japan__Japan_010936,D20,0.0546,True
YOLO11s,Japan__Japan_010937,D20,0.272533,True
YOLO11s,Japan__Japan_010942,D10,0.0119,True
YOLO11s,Japan__Japan_010942,D10,0.017889,False
YOLO11s,Japan__Japan_010954,D00,0.076767,False
YOLO11s,Japan__Japan_010963,D40,0.002492,True
YOLO11s,Japan__Japan_010963,D20,0.227333,True
YOLO11s,Japan__Japan_010963,D40,0.002533,False
YOLO11s,Japan__Japan_010968,D00,0.009917,False
YOLO11s,Japan__Japan_010976,D20,0.026775,False
YOLO11s,Japan__Japan_010982,D00,0.198261,True
YOLO11s,Japan__Japan_010982,D00,0.014083,True
YOLO11s,Japan__Japan_010982,D10,0.01155,True
YOLO11s,Japan__Japan_010982,D10,0.013978,True
YOLO11s,Japan__Japan_010999,D00,0.001319,False
YOLO11s,Japan__Japan_011022,D20,0.038044,False
YOLO11s,Japan__Japan_011022,D00,0.051528,False
YOLO11s,Japan__Japan_011033,D10,0.021333,True
YOLO11s,Japan__Japan_011034,D00,0.004492,True
YOLO11s,Japan__Japan_011041,D00,0.002925,True
YOLO11s,Japan__Japan_011041,D10,0.007706,False
YOLO11s,Japan__Japan_011041,D10,0.025875,False
YOLO11s,Japan__Japan_011048,D20,0.015347,False
YOLO11s,Japan__Japan_011048,D10,0.020314,False
YOLO11s,Japan__Japan_011051,D20,0.264522,True
YOLO11s,Japan__Japan_011051,D20,0.131892,False
YOLO11s,Japan__Japan_011051,D10,0.007222,False
YOLO11s,Japan__Japan_011056,D20,0.1887,True
YOLO11s,Japan__Japan_011067,D20,0.011306,False
YOLO11s,Japan__Japan_011067,D00,0.018822,False
YOLO11s,Japan__Japan_011067,D40,0.003067,False
YOLO11s,Japan__Japan_011067,D40,0.000325,False
YOLO11s,Japan__Japan_011067,D40,0.001042,False
YOLO11s,Japan__Japan_011075,D00,0.06975,True
YOLO11s,Japan__Japan_011075,D10,0.004711,False
YOLO11s,Japan__Japan_011075,D10,0.00505,False
YOLO11s,Japan__Japan_011075,D10,0.012842,False
YOLO11s,Japan__Japan_011077,D40,0.001314,False
YOLO11s,Japan__Japan_011078,D10,0.005222,True
YOLO11s,Japan__Japan_011082,D20,0.275917,True
YOLO11s,Japan__Japan_011089,D20,0.066797,True
YOLO11s,Japan__Japan_011090,D20,0.330778,True
YOLO11s,Japan__Japan_011105,D20,0.068978,False
YOLO11s,Japan__Japan_011110,D20,0.518879,True
YOLO11s,Japan__Japan_011110,D40,0.007016,True
YOLO11s,Japan__Japan_011118,D10,0.005331,True
YOLO11s,Japan__Japan_011122,D20,0.098994,True
YOLO11s,Japan__Japan_011122,D20,0.157147,True
YOLO11s,Japan__Japan_011145,D10,0.011319,True
YOLO11s,Japan__Japan_011162,D00,0.052275,True
YOLO11s,Japan__Japan_011162,D20,0.067008,True
YOLO11s,Japan__Japan_011162,D00,0.019875,False
YOLO11s,Japan__Japan_011162,D00,0.026744,False
YOLO11s,Japan__Japan_011162,D00,0.002044,False
YOLO11s,Japan__Japan_011172,D20,0.013867,False
YOLO11s,Japan__Japan_011172,D00,0.0176,True
YOLO11s,Japan__Japan_011172,D20,0.016225,True
YOLO11s,Japan__Japan_011172,D10,0.007333,False
YOLO11s,Japan__Japan_011174,D20,0.614211,True
YOLO11s,Japan__Japan_011195,D00,0.1008,False
YOLO11s,Japan__Japan_011216,D10,0.042344,False
YOLO11s,Japan__Japan_011216,D00,0.028661,False
YOLO11s,Japan__Japan_011244,D10,0.0077,False
YOLO11s,Japan__Japan_011244,D10,0.009042,False
YOLO11s,Japan__Japan_011244,D10,0.002333,False
YOLO11s,Japan__Japan_011246,D40,0.004225,True
YOLO11s,Japan__Japan_011254,D20,0.049833,True
YOLO11s,Japan__Japan_011254,D10,0.0086,False
YOLO11s,Japan__Japan_011254,D00,0.005525,False
YOLO11s,Japan__Japan_011254,D00,0.001794,False
YOLO11s,Japan__Japan_011254,D00,0.003056,False
YOLO11s,Japan__Japan_011258,D00,0.015517,True
YOLO11s,Japan__Japan_011258,D10,0.013936,False
YOLO11s,Japan__Japan_011258,D10,0.017197,False
YOLO11s,Japan__Japan_011263,D40,0.00495,False
YOLO11s,Japan__Japan_011263,D20,0.113028,True
YOLO11s,Japan__Japan_011263,D20,0.1239,False
YOLO11s,Japan__Japan_011284,D00,0.030722,True
YOLO11s,Japan__Japan_011286,D20,0.017236,False
YOLO11s,Japan__Japan_011299,D00,0.028575,False
YOLO11s,Japan__Japan_011299,D10,0.013222,False
YOLO11s,Japan__Japan_011299,D10,0.028358,True
YOLO11s,Japan__Japan_011299,D10,0.003208,False
YOLO11s,Japan__Japan_011327,D00,0.011375,True
YOLO11s,Japan__Japan_011355,D20,0.189617,True
YOLO11s,Japan__Japan_011359,D20,0.1043,True
YOLO11s,Japan__Japan_011359,D00,0.032739,False
YOLO11s,Japan__Japan_011388,D00,0.079508,True
YOLO11s,Japan__Japan_011390,D00,0.013986,False
YOLO11s,Japan__Japan_011390,D00,0.0034,False
YOLO11s,Japan__Japan_011390,D40,0.000903,False
YOLO11s,Japan__Japan_011410,D20,0.008,False
YOLO11s,Japan__Japan_011439,D20,0.16835,True
YOLO11s,Japan__Japan_011439,D00,0.113819,False
YOLO11s,Japan__Japan_011446,D40,0.017476,False
YOLO11s,Japan__Japan_011446,D20,0.554403,True
YOLO11s,Japan__Japan_011449,D40,0.002108,False
YOLO11s,Japan__Japan_011449,D20,0.063,True
YOLO11s,Japan__Japan_011449,D10,0.024369,False
YOLO11s,Japan__Japan_011449,D00,0.021267,False
YOLO11s,Japan__Japan_011449,D00,0.0066,False
YOLO11s,Japan__Japan_011479,D20,0.1265,True
YOLO11s,Japan__Japan_011479,D40,0.002819,True
YOLO11s,Japan__Japan_011486,D20,0.597586,True
YOLO11s,Japan__Japan_011487,D00,0.023747,True
YOLO11s,Japan__Japan_011489,D10,0.068633,True
YOLO11s,Japan__Japan_011489,D00,0.037667,False
YOLO11s,Japan__Japan_011495,D20,0.317289,True
YOLO11s,Japan__Japan_011497,D00,0.00525,True
YOLO11s,Japan__Japan_011499,D00,0.003975,True
YOLO11s,Japan__Japan_011499,D00,0.025556,False
YOLO11s,Japan__Japan_011499,D10,0.006875,False
YOLO11s,Japan__Japan_011499,D10,0.008189,False
YOLO11s,Japan__Japan_011499,D10,0.004792,False
YOLO11s,Japan__Japan_011521,D20,0.08525,True
YOLO11s,Japan__Japan_011521,D40,0.00245,False
YOLO11s,Japan__Japan_011539,D20,0.088889,False
YOLO11s,Japan__Japan_011539,D20,0.129622,False
YOLO11s,Japan__Japan_011552,D00,0.006144,True
YOLO11s,Japan__Japan_011552,D00,0.003706,True
YOLO11s,Japan__Japan_011552,D10,0.007725,False
YOLO11s,Japan__Japan_011564,D20,0.112214,True
YOLO11s,Japan__Japan_011564,D10,0.00365,False
YOLO11s,Japan__Japan_011564,D10,0.001472,False
YOLO11s,Japan__Japan_011564,D10,0.001481,False
YOLO11s,Japan__Japan_011564,D10,0.000622,False
YOLO11s,Japan__Japan_011564,D10,0.000972,False
YOLO11s,Japan__Japan_011564,D10,0.000947,False
YOLO11s,Japan__Japan_011564,D10,0.0004,False
YOLO11s,Japan__Japan_011564,D10,0.002333,False
YOLO11s,Japan__Japan_011579,D20,0.093606,True
YOLO11s,Japan__Japan_011590,D40,0.0033,True
YOLO11s,Japan__Japan_011590,D20,0.255733,True
YOLO11s,Japan__Japan_011611,D00,0.002383,False
YOLO11s,Japan__Japan_011628,D00,0.027556,True
YOLO11s,Japan__Japan_011628,D40,0.001086,False
YOLO11s,Japan__Japan_011628,D00,0.00195,False
YOLO11s,Japan__Japan_011642,D20,0.224908,True
YOLO11s,Japan__Japan_011642,D10,0.003708,True
YOLO11s,Japan__Japan_011642,D00,0.0032,True
YOLO11s,Japan__Japan_011642,D20,0.035156,False
YOLO11s,Japan__Japan_011643,D20,0.188356,True
YOLO11s,Japan__Japan_011670,D00,0.003819,True
YOLO11s,Japan__Japan_011670,D00,0.026428,False
YOLO11s,Japan__Japan_011714,D20,0.010417,False
YOLO11s,Japan__Japan_011728,D40,0.010267,False
YOLO11s,Japan__Japan_011728,D20,0.218867,True
YOLO11s,Japan__Japan_011728,D20,0.0168,True
YOLO11s,Japan__Japan_011728,D10,0.009519,False
YOLO11s,Japan__Japan_011728,D20,0.016875,False
YOLO11s,Japan__Japan_011731,D10,0.00975,False
YOLO11s,Japan__Japan_011778,D00,0.002322,False
YOLO11s,Japan__Japan_011778,D00,0.013397,False
YOLO11s,Japan__Japan_011783,D20,0.127064,False
YOLO11s,Japan__Japan_011809,D20,0.108208,True
YOLO11s,Japan__Japan_011834,D00,0.0054,False
YOLO11s,Japan__Japan_011847,D20,0.036261,False
YOLO11s,Japan__Japan_011849,D20,0.181178,True
YOLO11s,Japan__Japan_011849,D20,0.157922,False
YOLO11s,Japan__Japan_011849,D20,0.085675,False
YOLO11s,Japan__Japan_011849,D10,0.017839,False
YOLO11s,Japan__Japan_011854,D40,0.003333,True
YOLO11s,Japan__Japan_011854,D20,0.252922,True
YOLO11s,Japan__Japan_011860,D00,0.02465,False
YOLO11s,Japan__Japan_011872,D00,0.004083,False
YOLO11s,Japan__Japan_011885,D00,0.018608,False
YOLO11s,Japan__Japan_011885,D10,0.05635,True
YOLO11s,Japan__Japan_011885,D10,0.006386,False
YOLO11s,Japan__Japan_011885,D00,0.01725,False
YOLO11s,Japan__Japan_011885,D00,0.013361,False
YOLO11s,Japan__Japan_011915,D20,0.282731,True
YOLO11s,Japan__Japan_011917,D00,0.00935,False
YOLO11s,Japan__Japan_011944,D40,0.052206,False
YOLO11s,Japan__Japan_011948,D20,0.029644,False
YOLO11s,Japan__Japan_011948,D20,0.013969,False
YOLO11s,Japan__Japan_011976,D00,0.198075,True
YOLO11s,Japan__Japan_012006,D20,0.081806,True
YOLO11s,Japan__Japan_012009,D20,0.227444,True
YOLO11s,Japan__Japan_012010,D20,0.085739,True
YOLO11s,Japan__Japan_012011,D00,0.017267,True
YOLO11s,Japan__Japan_012025,D20,0.097036,False
YOLO11s,Japan__Japan_012025,D40,0.003,False
YOLO11s,Japan__Japan_012025,D40,0.0021,False
YOLO11s,Japan__Japan_012047,D20,0.2384,True
YOLO11s,Japan__Japan_012066,D20,0.425833,True
YOLO11s,Japan__Japan_012084,D20,0.138,True
YOLO11s,Japan__Japan_012101,D20,0.179911,True
YOLO11s,Japan__Japan_012101,D40,0.003186,False
YOLO11s,Japan__Japan_012101,D10,0.010472,True
YOLO11s,Japan__Japan_012122,D10,0.02775,True
YOLO11s,Japan__Japan_012122,D10,0.013567,False
YOLO11s,Japan__Japan_012136,D10,0.00975,True
YOLO11s,Japan__Japan_012136,D00,0.044967,False
YOLO11s,Japan__Japan_012136,D00,0.002411,False
YOLO11s,Japan__Japan_012136,D00,0.002739,False
YOLO11s,Japan__Japan_012160,D20,0.203042,True
YOLO11s,Japan__Japan_012172,D20,0.283706,True
YOLO11s,Japan__Japan_012178,D20,0.394758,True
YOLO11s,Japan__Japan_012178,D00,0.0113,False
YOLO11s,Japan__Japan_012178,D20,0.201308,False
YOLO11s,Japan__Japan_012178,D10,0.005317,False
YOLO11s,Japan__Japan_012178,D10,0.038644,False
YOLO11s,Japan__Japan_012184,D20,0.173469,True
YOLO11s,Japan__Japan_012184,D10,0.014672,False
YOLO11s,Japan__Japan_012184,D10,0.014333,True
YOLO11s,Japan__Japan_012184,D10,0.016239,False
YOLO11s,Japan__Japan_012184,D10,0.015678,False
YOLO11s,Japan__Japan_012188,D00,0.022267,False
YOLO11s,Japan__Japan_012200,D00,0.063189,True
YOLO11s,Japan__Japan_012200,D10,0.0134,False
YOLO11s,Japan__Japan_012200,D10,0.007758,False
YOLO11s,Japan__Japan_012200,D00,0.007456,False
YOLO11s,Japan__Japan_012214,D20,0.010325,False
YOLO11s,Japan__Japan_012216,D20,0.239631,True
YOLO11s,Japan__Japan_012228,D00,0.0242,False
YOLO11s,Japan__Japan_012228,D00,0.006928,False
YOLO11s,Japan__Japan_012244,D20,0.118733,True
YOLO11s,Japan__Japan_012244,D10,0.015,True
YOLO11s,Japan__Japan_012244,D10,0.003811,False
YOLO11s,Japan__Japan_012244,D10,0.0043,False
YOLO11s,Japan__Japan_012259,D40,0.001533,False
YOLO11s,Japan__Japan_012259,D40,0.002467,False
YOLO11s,Japan__Japan_012263,D20,0.101267,True
YOLO11s,Japan__Japan_012271,D00,0.009989,False
YOLO11s,Japan__Japan_012328,D10,0.008681,True
YOLO11s,Japan__Japan_012328,D00,0.022383,False
YOLO11s,Japan__Japan_012328,D10,0.021378,True
YOLO11s,Japan__Japan_012328,D00,0.034089,False
YOLO11s,Japan__Japan_012329,D00,0.0198,False
YOLO11s,Japan__Japan_012329,D20,0.0198,False
YOLO11s,Japan__Japan_012329,D00,0.0388,True
YOLO11s,Japan__Japan_012329,D10,0.040089,True
YOLO11s,Japan__Japan_012329,D10,0.002528,False
YOLO11s,Japan__Japan_012330,D00,0.138,True
YOLO11s,Japan__Japan_012352,D00,0.024,True
YOLO11s,Japan__Japan_012354,D20,0.050089,True
YOLO11s,Japan__Japan_012354,D20,0.036167,False
YOLO11s,Japan__Japan_012354,D10,0.008178,True
YOLO11s,Japan__Japan_012355,D00,0.011189,True
YOLO11s,Japan__Japan_012358,D20,0.324233,True
YOLO11s,Japan__Japan_012358,D10,0.019333,False
YOLO11s,Japan__Japan_012381,D40,0.003758,False
YOLO11s,Japan__Japan_012381,D10,0.0175,False
YOLO11s,Japan__Japan_012381,D10,0.003431,False
YOLO11s,Japan__Japan_012381,D00,0.00605,True
YOLO11s,Japan__Japan_012390,D40,0.002889,True
YOLO11s,Japan__Japan_012393,D20,0.085522,False
YOLO11s,Japan__Japan_012403,D20,0.300283,True
YOLO11s,Japan__Japan_012403,D10,0.0045,True
YOLO11s,Japan__Japan_012403,D00,0.04005,False
YOLO11s,Japan__Japan_012403,D10,0.002672,True
YOLO11s,Japan__Japan_012406,D20,0.054039,True
YOLO11s,Japan__Japan_012411,D20,0.223644,True
YOLO11s,Japan__Japan_012411,D20,0.014889,False
YOLO11s,Japan__Japan_012422,D20,0.147775,True
YOLO11s,Japan__Japan_012438,D40,0.010336,False
YOLO11s,Japan__Japan_012438,D20,0.186031,True
YOLO11s,Japan__Japan_012438,D20,0.075839,True
YOLO11s,Japan__Japan_012438,D40,0.001633,False
YOLO11s,Japan__Japan_012444,D20,0.044881,False
YOLO11s,Japan__Japan_012453,D00,0.17511,True
YOLO11s,Japan__Japan_012476,D00,0.011439,False
YOLO11s,Japan__Japan_012476,D00,0.042625,False
YOLO11s,Japan__Japan_012476,D10,0.008369,False
YOLO11s,Japan__Japan_012482,D40,0.001275,False
YOLO11s,Japan__Japan_012482,D20,0.008094,False
YOLO11s,Japan__Japan_012482,D20,0.011736,False
YOLO11s,Japan__Japan_012482,D20,0.009625,False
YOLO11s,Japan__Japan_012495,D20,0.180231,True
YOLO11s,Japan__Japan_012495,D40,0.00385,False
YOLO11s,Japan__Japan_012505,D20,0.28892,False
YOLO11s,Japan__Japan_012505,D40,0.003392,False
YOLO11s,Japan__Japan_012505,D40,0.009938,False
YOLO11s,Japan__Japan_012509,D20,0.320322,True
YOLO11s,Japan__Japan_012536,D20,0.199006,True
YOLO11s,Japan__Japan_012536,D10,0.081442,True
YOLO11s,Japan__Japan_012537,D20,0.04675,False
YOLO11s,Japan__Japan_012537,D00,0.005922,False
YOLO11s,Japan__Japan_012549,D20,0.116111,True
YOLO11s,Japan__Japan_012549,D40,0.002267,True
YOLO11s,Japan__Japan_012553,D20,0.288261,True
YOLO11s,Japan__Japan_012568,D20,0.087792,True
YOLO11s,Japan__Japan_012568,D10,0.027217,False
YOLO11s,Japan__Japan_012580,D20,0.031758,False
YOLO11s,Japan__Japan_012602,D20,0.069708,False
YOLO11s,Japan__Japan_012602,D10,0.007292,False
YOLO11s,Japan__Japan_012607,D40,0.002,False
YOLO11s,Japan__Japan_012607,D20,0.023544,False
YOLO11s,Japan__Japan_012612,D20,0.186233,True
YOLO11s,Japan__Japan_012614,D00,0.011511,False
YOLO11s,Japan__Japan_012618,D20,0.247722,True
YOLO11s,Japan__Japan_012618,D10,0.0056,False
YOLO11s,Japan__Japan_012618,D10,0.004472,True
YOLO11s,Japan__Japan_012622,D20,0.043206,True
YOLO11s,Japan__Japan_012626,D20,0.128794,True
YOLO11s,Japan__Japan_012626,D00,0.008378,True
YOLO11s,Japan__Japan_012628,D10,0.018058,True
YOLO11s,Japan__Japan_012634,D10,0.012406,True
YOLO11s,Japan__Japan_012652,D20,0.085167,False
YOLO11s,Japan__Japan_012652,D20,0.104,False
YOLO11s,Japan__Japan_012657,D00,0.003958,False
YOLO11s,Japan__Japan_012657,D00,0.007411,True
YOLO11s,Japan__Japan_012661,D20,0.058722,True
YOLO11s,Japan__Japan_012661,D00,0.0075,False
YOLO11s,Japan__Japan_012661,D00,0.005289,False
YOLO11s,Japan__Japan_012661,D00,0.004908,False
YOLO11s,Japan__Japan_012661,D20,0.020286,False
YOLO11s,Japan__Japan_012666,D10,0.014417,False
YOLO11s,Japan__Japan_012666,D10,0.020125,False
YOLO11s,Japan__Japan_012666,D10,0.023625,False
YOLO11s,Japan__Japan_012666,D00,0.020889,True
YOLO11s,Japan__Japan_012666,D00,0.017844,False
YOLO11s,Japan__Japan_012706,D20,0.359644,True
YOLO11s,Japan__Japan_012727,D00,0.023689,True
YOLO11s,Japan__Japan_012727,D10,0.00585,False
YOLO11s,Japan__Japan_012727,D10,0.02075,False
YOLO11s,Japan__Japan_012734,D40,0.0076,True
YOLO11s,Japan__Japan_012734,D40,0.002275,True
YOLO11s,Japan__Japan_012734,D20,0.340267,True
YOLO11s,Japan__Japan_012735,D00,0.034961,True
YOLO11s,Japan__Japan_012735,D20,0.14365,True
YOLO11s,Japan__Japan_012735,D10,0.018489,False
YOLO11s,Japan__Japan_012743,D00,0.0165,True
YOLO11s,Japan__Japan_012743,D00,0.00095,False
YOLO11s,Japan__Japan_012743,D00,0.003022,False
YOLO11s,Japan__Japan_012743,D00,0.009669,False
YOLO11s,Japan__Japan_012743,D00,0.0013,False
YOLO11s,Japan__Japan_012765,D00,0.021083,True
YOLO11s,Japan__Japan_012765,D00,0.002325,False
YOLO11s,Japan__Japan_012772,D00,0.001528,False
YOLO11s,Japan__Japan_012784,D20,0.0456,False
YOLO11s,Japan__Japan_012784,D40,0.015556,False
YOLO11s,Japan__Japan_012784,D00,0.0075,True
YOLO11s,Japan__Japan_012784,D00,0.003033,True
YOLO11s,Japan__Japan_012784,D00,0.0028,False
YOLO11s,Japan__Japan_012784,D00,0.011706,False
YOLO11s,Japan__Japan_012790,D10,0.000681,False
YOLO11s,Japan__Japan_012790,D10,0.001044,False
YOLO11s,Japan__Japan_012790,D10,0.001528,False
YOLO11s,Japan__Japan_012807,D20,0.030894,False
YOLO11s,Japan__Japan_012807,D20,0.060667,False
YOLO11s,Japan__Japan_012807,D20,0.017336,False
YOLO11s,Japan__Japan_012807,D10,0.006722,True
YOLO11s,Japan__Japan_012813,D20,0.121031,True
YOLO11s,Japan__Japan_012813,D20,0.089578,False
YOLO11s,Japan__Japan_012813,D10,0.019833,False
YOLO11s,Japan__Japan_012829,D20,0.0672,True
YOLO11s,Japan__Japan_012829,D20,0.025083,False
YOLO11s,Japan__Japan_012829,D40,0.013772,True
YOLO11s,Japan__Japan_012829,D20,0.01575,False
YOLO11s,Japan__Japan_012889,D10,0.023489,False
YOLO11s,Japan__Japan_012923,D20,0.080947,True
YOLO11s,Japan__Japan_012923,D20,0.03895,False
YOLO11s,Japan__Japan_012933,D20,0.336844,True
YOLO11s,Japan__Japan_012940,D10,0.020533,False
YOLO11s,Japan__Japan_012940,D10,0.015278,False
YOLO11s,Japan__Japan_012940,D10,0.0034,False
YOLO11s,Japan__Japan_012940,D10,0.00215,False
YOLO11s,Japan__Japan_012947,D10,0.006783,False
YOLO11s,Japan__Japan_012954,D10,0.012133,False
YOLO11s,Japan__Japan_012954,D10,0.014667,True
YOLO11s,Japan__Japan_012954,D00,0.032861,True
YOLO11s,Japan__Japan_012957,D20,0.156542,True
YOLO11s,Japan__Japan_012970,D20,0.183933,True
YOLO11s,Japan__Japan_012970,D00,0.0366,True
YOLO11s,Japan__Japan_012970,D10,0.003958,False
YOLO11s,Japan__Japan_012970,D10,0.01015,True
YOLO11s,Japan__Japan_012975,D20,0.242233,True
YOLO11s,Japan__Japan_012975,D40,0.003022,False
YOLO11s,Japan__Japan_012975,D10,0.004944,False
YOLO11s,Japan__Japan_012978,D00,0.005556,True
YOLO11s,Japan__Japan_012978,D10,0.009264,False
YOLO11s,Japan__Japan_012978,D10,0.007517,True
YOLO11s,Japan__Japan_012978,D10,0.037167,False
YOLO11s,Japan__Japan_013005,D00,0.289983,True
YOLO11s,Japan__Japan_013005,D00,0.129267,True
YOLO11s,Japan__Japan_013005,D20,0.377183,True
YOLO11s,Japan__Japan_013005,D00,0.004536,True
YOLO11s,Japan__Japan_013005,D10,0.00935,False
YOLO11s,Japan__Japan_013005,D10,0.027472,False
YOLO11s,Japan__Japan_013015,D20,0.0608,False
YOLO11s,Japan__Japan_013015,D10,0.006478,True
YOLO11s,Japan__Japan_013015,D10,0.005903,False
YOLO11s,Japan__Japan_013015,D10,0.002533,False
YOLO11s,Japan__Japan_013015,D10,0.005647,False
YOLO11s,Japan__Japan_013025,D10,0.011367,False
YOLO11s,Japan__Japan_013026,D40,0.018969,False
YOLO11s,Japan__Japan_013037,D00,0.002733,True
YOLO11s,Japan__Japan_013047,D00,0.013986,True
YOLO11s,Japan__Japan_013058,D20,0.262083,True
YOLO11s,Japan__Japan_013058,D20,0.151678,True
YOLO11s,Japan__Japan_013058,D10,0.011917,False
YOLO11s,Japan__Japan_013092,D00,0.04095,False
YOLO11s,Japan__Japan_013109,D40,0.007556,False
YOLO11s,Japan__Japan_013109,D40,0.001633,False
YOLO11s,Japan__Japan_013109,D40,0.0058,False
YOLO11s,Japan__Japan_013109,D40,0.003828,False
YOLO11s,Japan__Japan_013110,D20,0.235197,True
YOLO11s,Japan__Japan_013110,D10,0.016528,False
YOLO11s,Japan__Japan_013132,D00,0.009828,False
YOLO11s,Japan__Japan_013132,D20,0.065167,False
YOLO11s,Norway__Norway_000041,D00,0.00214,False
YOLO11s,Norway__Norway_000044,D10,0.086968,True
YOLO11s,Norway__Norway_000050,D00,0.015475,True
YOLO11s,Norway__Norway_000050,D00,6.3e-05,False
YOLO11s,Norway__Norway_000066,D00,0.094508,True
YOLO11s,Norway__Norway_000066,D00,0.009605,False
YOLO11s,Norway__Norway_000078,D00,0.003286,False
YOLO11s,Norway__Norway_000088,D10,0.008724,False
YOLO11s,Norway__Norway_000090,D00,0.005124,False
YOLO11s,Norway__Norway_000090,D00,0.006111,False
YOLO11s,Norway__Norway_000090,D00,0.002191,False
YOLO11s,Norway__Norway_000090,D00,0.002842,False
YOLO11s,Norway__Norway_000090,D00,0.009962,False
YOLO11s,Norway__Norway_000090,D00,0.002829,False
YOLO11s,Norway__Norway_000090,D00,0.00193,True
YOLO11s,Norway__Norway_000090,D10,0.005184,False
YOLO11s,Norway__Norway_000099,D00,0.006013,False
YOLO11s,Norway__Norway_000099,D00,0.004645,False
YOLO11s,Norway__Norway_000099,D00,0.038506,False
YOLO11s,Norway__Norway_000099,D00,0.000194,False
YOLO11s,Norway__Norway_000099,D00,0.003083,False
YOLO11s,Norway__Norway_000099,D00,0.003373,False
YOLO11s,Norway__Norway_000099,D00,0.00678,True
YOLO11s,Norway__Norway_000099,D00,0.001665,True
YOLO11s,Norway__Norway_000099,D00,0.021182,False
YOLO11s,Norway__Norway_000099,D00,0.000181,False
YOLO11s,Norway__Norway_000099,D00,0.013147,True
YOLO11s,Norway__Norway_000103,D00,0.007499,True
YOLO11s,Norway__Norway_000149,D20,0.005913,False
YOLO11s,Norway__Norway_000149,D00,0.017499,True
YOLO11s,Norway__Norway_000149,D00,0.006907,True
YOLO11s,Norway__Norway_000176,D00,0.020006,True
YOLO11s,Norway__Norway_000176,D00,0.005304,True
YOLO11s,Norway__Norway_000176,D00,0.009753,True
YOLO11s,Norway__Norway_000176,D00,0.054453,True
YOLO11s,Norway__Norway_000205,D00,0.001488,True
YOLO11s,Norway__Norway_000205,D00,0.003902,False
YOLO11s,Norway__Norway_000215,D00,0.001914,False
YOLO11s,Norway__Norway_000255,D00,0.000158,False
YOLO11s,Norway__Norway_000255,D00,0.000103,False
YOLO11s,Norway__Norway_000255,D00,7.1e-05,False
YOLO11s,Norway__Norway_000255,D00,6.5e-05,False
YOLO11s,Norway__Norway_000255,D00,0.000143,False
YOLO11s,Norway__Norway_000262,D00,0.001814,False
YOLO11s,Norway__Norway_000281,D10,0.018533,True
YOLO11s,Norway__Norway_000288,D00,0.021169,True
YOLO11s,Norway__Norway_000351,D00,0.029927,True
YOLO11s,Norway__Norway_000351,D00,0.037673,True
YOLO11s,Norway__Norway_000353,D00,0.014552,False
YOLO11s,Norway__Norway_000366,D10,0.020719,False
YOLO11s,Norway__Norway_000366,D00,0.000211,False
YOLO11s,Norway__Norway_000367,D00,0.00537,False
YOLO11s,Norway__Norway_000367,D10,0.000293,False
YOLO11s,Norway__Norway_000367,D00,9.1e-05,False
YOLO11s,Norway__Norway_000416,D00,0.000391,False
YOLO11s,Norway__Norway_000416,D00,0.001718,False
YOLO11s,Norway__Norway_000416,D00,0.002833,True
YOLO11s,Norway__Norway_000416,D00,0.001004,False
YOLO11s,Norway__Norway_000416,D00,0.000729,False
YOLO11s,Norway__Norway_000509,D00,0.012727,True
YOLO11s,Norway__Norway_000509,D00,0.000445,False
YOLO11s,Norway__Norway_000512,D10,0.003467,False
YOLO11s,Norway__Norway_000512,D10,0.003196,False
YOLO11s,Norway__Norway_000512,D00,0.004901,False
YOLO11s,Norway__Norway_000512,D00,0.009231,False
YOLO11s,Norway__Norway_000512,D00,0.004116,True
YOLO11s,Norway__Norway_000512,D10,0.024029,False
YOLO11s,Norway__Norway_000512,D10,0.015153,False
YOLO11s,Norway__Norway_000512,D10,0.001043,False
YOLO11s,Norway__Norway_000512,D00,0.001157,False
YOLO11s,Norway__Norway_000512,D10,0.000777,False
YOLO11s,Norway__Norway_000512,D00,0.006129,True
YOLO11s,Norway__Norway_000597,D00,0.009787,True
YOLO11s,Norway__Norway_000604,D10,0.025785,False
YOLO11s,Norway__Norway_000620,D00,0.003193,False
YOLO11s,Norway__Norway_000620,D00,0.007489,False
YOLO11s,Norway__Norway_000620,D00,0.001444,False
YOLO11s,Norway__Norway_000620,D00,0.002811,False
YOLO11s,Norway__Norway_000632,D00,0.000981,True
YOLO11s,Norway__Norway_000632,D10,0.01269,False
YOLO11s,Norway__Norway_000632,D00,0.000233,False
YOLO11s,Norway__Norway_000678,D00,0.002417,False
YOLO11s,Norway__Norway_000678,D00,0.003018,False
YOLO11s,Norway__Norway_000678,D20,0.008824,False
YOLO11s,Norway__Norway_000678,D10,0.001077,False
YOLO11s,Norway__Norway_000678,D00,0.013859,False
YOLO11s,Norway__Norway_000678,D10,0.002553,False
YOLO11s,Norway__Norway_000678,D00,0.000355,True
YOLO11s,Norway__Norway_000678,D40,7.2e-05,False
YOLO11s,Norway__Norway_000678,D00,0.000308,False
YOLO11s,Norway__Norway_000678,D00,0.001451,False
YOLO11s,Norway__Norway_000678,D00,0.001632,False
YOLO11s,Norway__Norway_000678,D00,0.000161,False
YOLO11s,Norway__Norway_000678,D00,0.002638,False
YOLO11s,Norway__Norway_000678,D20,0.045927,False
YOLO11s,Norway__Norway_000681,D10,0.019509,False
YOLO11s,Norway__Norway_000698,D00,0.001664,False
YOLO11s,Norway__Norway_000698,D10,0.011468,False
YOLO11s,Norway__Norway_000698,D00,0.01338,False
YOLO11s,Norway__Norway_000698,D10,0.013998,False
YOLO11s,Norway__Norway_000699,D00,0.000582,False
YOLO11s,Norway__Norway_000702,D00,0.000223,False
YOLO11s,Norway__Norway_000702,D00,0.005902,True
YOLO11s,Norway__Norway_000702,D00,7.7e-05,False
YOLO11s,Norway__Norway_000702,D00,5.5e-05,False
YOLO11s,Norway__Norway_000702,D00,9.8e-05,False
YOLO11s,Norway__Norway_000702,D00,0.000246,False
YOLO11s,Norway__Norway_000702,D10,0.002676,False
YOLO11s,Norway__Norway_000702,D00,0.002542,True
YOLO11s,Norway__Norway_000702,D00,0.02445,True
YOLO11s,Norway__Norway_000702,D40,6.2e-05,False
YOLO11s,Norway__Norway_000702,D00,0.001156,False
YOLO11s,Norway__Norway_000705,D00,0.001434,False
YOLO11s,Norway__Norway_000705,D00,0.005729,False
YOLO11s,Norway__Norway_000705,D00,0.001087,False
YOLO11s,Norway__Norway_000705,D00,0.019281,False
YOLO11s,Norway__Norway_000705,D00,0.006236,False
YOLO11s,Norway__Norway_000705,D00,0.000707,False
YOLO11s,Norway__Norway_000705,D00,0.000308,False
YOLO11s,Norway__Norway_000705,D00,0.002019,False
YOLO11s,Norway__Norway_000705,D00,0.007583,False
YOLO11s,Norway__Norway_000705,D00,0.000839,False
YOLO11s,Norway__Norway_000705,D00,0.001763,False
YOLO11s,Norway__Norway_000705,D20,0.000841,False
YOLO11s,Norway__Norway_000736,D00,0.000485,False
YOLO11s,Norway__Norway_000736,D00,0.003195,True
YOLO11s,Norway__Norway_000746,D00,0.014571,True
YOLO11s,Norway__Norway_000746,D00,0.00362,False
YOLO11s,Norway__Norway_000746,D00,0.015103,False
YOLO11s,Norway__Norway_000759,D00,0.113349,True
YOLO11s,Norway__Norway_000759,D00,0.004066,False
YOLO11s,Norway__Norway_000759,D00,0.046526,True
YOLO11s,Norway__Norway_000775,D00,0.004278,False
YOLO11s,Norway__Norway_000775,D00,0.000572,False
YOLO11s,Norway__Norway_000831,D20,0.022305,True
YOLO11s,Norway__Norway_000831,D10,0.038924,True
YOLO11s,Norway__Norway_000853,D00,0.105535,True
YOLO11s,Norway__Norway_000853,D10,0.026067,False
YOLO11s,Norway__Norway_000853,D00,0.011435,True
YOLO11s,Norway__Norway_000853,D00,0.004613,False
YOLO11s,Norway__Norway_000868,D00,0.002016,True
YOLO11s,Norway__Norway_000868,D00,0.00155,False
YOLO11s,Norway__Norway_000868,D00,0.000266,False
YOLO11s,Norway__Norway_000868,D10,0.002581,False
YOLO11s,Norway__Norway_000868,D20,0.003155,False
YOLO11s,Norway__Norway_000868,D00,0.00444,False
YOLO11s,Norway__Norway_000868,D00,0.012592,False
YOLO11s,Norway__Norway_000868,D00,0.001804,False
YOLO11s,Norway__Norway_000868,D00,0.002576,False
YOLO11s,Norway__Norway_000922,D00,0.000981,True
YOLO11s,Norway__Norway_000922,D00,0.001578,False
YOLO11s,Norway__Norway_000922,D00,0.001725,False
YOLO11s,Norway__Norway_000922,D00,0.000866,False
YOLO11s,Norway__Norway_000922,D00,0.000262,False
YOLO11s,Norway__Norway_000922,D10,0.000625,False
YOLO11s,Norway__Norway_000922,D00,0.002014,False
YOLO11s,Norway__Norway_000922,D20,0.079583,False
YOLO11s,Norway__Norway_000922,D40,0.000566,False
YOLO11s,Norway__Norway_000922,D10,0.001349,False
YOLO11s,Norway__Norway_000922,D00,0.000471,False
YOLO11s,Norway__Norway_000922,D10,0.028801,True
YOLO11s,Norway__Norway_000922,D10,0.011001,True
YOLO11s,Norway__Norway_000922,D00,6.9e-05,False
YOLO11s,Norway__Norway_000922,D00,0.00103,False
YOLO11s,Norway__Norway_000922,D00,0.000363,False
YOLO11s,Norway__Norway_000922,D00,0.000222,False
YOLO11s,Norway__Norway_000922,D00,0.000438,False
YOLO11s,Norway__Norway_000922,D00,0.001485,True
YOLO11s,Norway__Norway_000922,D10,0.017286,True
YOLO11s,Norway__Norway_000922,D00,0.000745,False
YOLO11s,Norway__Norway_000922,D10,0.002819,False
YOLO11s,Norway__Norway_000922,D00,0.002769,True
YOLO11s,Norway__Norway_000922,D00,0.000304,False
YOLO11s,Norway__Norway_000922,D00,0.00107,False
YOLO11s,Norway__Norway_000922,D10,0.000838,False
YOLO11s,Norway__Norway_000922,D00,0.001847,False
YOLO11s,Norway__Norway_000922,D20,0.017119,False
YOLO11s,Norway__Norway_000922,D00,0.000298,False
YOLO11s,Norway__Norway_000922,D10,0.002015,False
YOLO11s,Norway__Norway_000943,D00,0.00482,False
YOLO11s,Norway__Norway_000943,D00,0.011041,False
YOLO11s,Norway__Norway_000943,D00,0.002736,True
YOLO11s,Norway__Norway_000943,D00,0.00031,False
YOLO11s,Norway__Norway_000943,D00,0.028602,True
YOLO11s,Norway__Norway_000943,D00,0.000355,False
YOLO11s,Norway__Norway_000943,D00,9.3e-05,False
YOLO11s,Norway__Norway_000943,D00,0.000234,False
YOLO11s,Norway__Norway_000943,D00,0.001459,False
YOLO11s,Norway__Norway_000943,D00,0.00406,False
YOLO11s,Norway__Norway_000943,D00,8.8e-05,False
YOLO11s,Norway__Norway_000943,D00,0.00441,False
YOLO11s,Norway__Norway_000943,D00,0.000116,False
YOLO11s,Norway__Norway_000943,D00,0.005182,False
YOLO11s,Norway__Norway_000943,D00,4.1e-05,False
YOLO11s,Norway__Norway_000943,D00,0.00046,False
YOLO11s,Norway__Norway_000943,D20,0.002067,False
YOLO11s,Norway__Norway_000943,D10,0.001748,False
YOLO11s,Norway__Norway_000943,D00,3.1e-05,False
YOLO11s,Norway__Norway_000943,D00,0.000141,False
YOLO11s,Norway__Norway_000947,D00,0.016629,True
YOLO11s,Norway__Norway_000963,D00,0.010583,False
YOLO11s,Norway__Norway_000963,D00,0.003414,False
YOLO11s,Norway__Norway_000963,D00,0.005116,False
YOLO11s,Norway__Norway_000967,D40,0.000186,False
YOLO11s,Norway__Norway_000967,D10,0.001839,False
YOLO11s,Norway__Norway_000967,D00,0.000814,False
YOLO11s,Norway__Norway_000986,D00,0.065356,True
YOLO11s,Norway__Norway_000986,D40,0.000234,False
YOLO11s,Norway__Norway_000989,D00,0.00353,True
YOLO11s,Norway__Norway_000989,D10,0.020003,True
YOLO11s,Norway__Norway_000989,D00,0.017646,False
YOLO11s,Norway__Norway_000991,D00,0.056071,False
YOLO11s,Norway__Norway_001001,D00,0.005863,False
YOLO11s,Norway__Norway_001019,D20,0.038829,True
YOLO11s,Norway__Norway_001019,D00,0.000555,False
YOLO11s,Norway__Norway_001019,D10,0.003321,False
YOLO11s,Norway__Norway_001019,D00,0.004047,False
YOLO11s,Norway__Norway_001019,D00,0.0013,False
YOLO11s,Norway__Norway_001019,D00,0.00334,True
YOLO11s,Norway__Norway_001019,D00,0.000504,True
YOLO11s,Norway__Norway_001019,D00,0.012953,False
YOLO11s,Norway__Norway_001019,D00,0.00187,True
YOLO11s,Norway__Norway_001019,D00,0.000263,False
YOLO11s,Norway__Norway_001019,D00,0.007282,True
YOLO11s,Norway__Norway_001019,D00,0.000484,False
YOLO11s,Norway__Norway_001019,D00,0.000857,False
YOLO11s,Norway__Norway_001019,D00,0.008468,True
YOLO11s,Norway__Norway_001019,D20,0.004424,False
YOLO11s,Norway__Norway_001019,D00,0.003211,False
YOLO11s,Norway__Norway_001019,D00,0.000459,False
YOLO11s,Norway__Norway_001019,D00,0.000333,False
YOLO11s,Norway__Norway_001019,D00,0.000362,False
YOLO11s,Norway__Norway_001019,D00,0.00812,True
YOLO11s,Norway__Norway_001053,D00,0.000551,True
YOLO11s,Norway__Norway_001053,D00,0.029682,True
YOLO11s,Norway__Norway_001053,D00,0.00048,False
YOLO11s,Norway__Norway_001053,D00,0.000839,True
YOLO11s,Norway__Norway_001058,D00,0.002971,False
YOLO11s,Norway__Norway_001058,D00,0.021079,True
YOLO11s,Norway__Norway_001058,D00,0.002001,True
YOLO11s,Norway__Norway_001058,D00,0.012892,False
YOLO11s,Norway__Norway_001058,D00,0.002252,False
YOLO11s,Norway__Norway_001058,D00,0.002593,True
YOLO11s,Norway__Norway_001080,D00,0.006408,True
YOLO11s,Norway__Norway_001080,D00,0.004125,False
YOLO11s,Norway__Norway_001080,D00,0.004587,True
YOLO11s,Norway__Norway_001080,D00,0.008106,True
YOLO11s,Norway__Norway_001080,D00,0.011612,True
YOLO11s,Norway__Norway_001080,D00,0.010244,True
YOLO11s,Norway__Norway_001080,D00,0.001384,False
YOLO11s,Norway__Norway_001083,D00,0.002201,True
YOLO11s,Norway__Norway_001091,D00,0.005051,False
YOLO11s,Norway__Norway_001091,D00,0.007597,False
YOLO11s,Norway__Norway_001142,D00,0.00028,False
YOLO11s,Norway__Norway_001142,D00,0.034882,False
YOLO11s,Norway__Norway_001142,D00,0.002167,False
YOLO11s,Norway__Norway_001177,D00,0.025005,False
YOLO11s,Norway__Norway_001188,D10,0.019904,False
YOLO11s,Norway__Norway_001188,D00,0.022918,True
YOLO11s,Norway__Norway_001192,D00,0.019168,True
YOLO11s,Norway__Norway_001192,D10,0.000271,False
YOLO11s,Norway__Norway_001192,D00,0.000664,False
YOLO11s,Norway__Norway_001197,D10,0.066258,False
YOLO11s,Norway__Norway_001197,D00,0.011035,True
YOLO11s,Norway__Norway_001210,D00,8.3e-05,False
YOLO11s,Norway__Norway_001210,D00,4.2e-05,False
YOLO11s,Norway__Norway_001210,D00,0.000263,False
YOLO11s,Norway__Norway_001210,D00,0.000153,False
YOLO11s,Norway__Norway_001210,D00,0.000146,False
YOLO11s,Norway__Norway_001232,D10,0.00671,False
YOLO11s,Norway__Norway_001232,D00,0.000326,False
YOLO11s,Norway__Norway_001232,D00,0.007893,False
YOLO11s,Norway__Norway_001232,D10,0.012779,False
YOLO11s,Norway__Norway_001232,D10,0.000948,False
YOLO11s,Norway__Norway_001234,D10,0.050947,False
YOLO11s,Norway__Norway_001234,D10,0.012481,False
YOLO11s,Norway__Norway_001234,D10,0.002643,False
YOLO11s,Norway__Norway_001234,D00,0.065032,False
YOLO11s,Norway__Norway_001279,D40,0.004283,False
YOLO11s,Norway__Norway_001279,D40,0.001115,True
YOLO11s,Norway__Norway_001332,D00,0.000661,True
YOLO11s,Norway__Norway_001332,D00,0.000288,False
YOLO11s,Norway__Norway_001332,D00,0.001675,False
YOLO11s,Norway__Norway_001332,D10,0.001866,False
YOLO11s,Norway__Norway_001332,D00,0.001456,False
YOLO11s,Norway__Norway_001332,D00,0.000993,True
YOLO11s,Norway__Norway_001340,D00,0.011898,False
YOLO11s,Norway__Norway_001340,D00,0.007248,False
YOLO11s,Norway__Norway_001340,D00,0.011108,False
YOLO11s,Norway__Norway_001340,D00,0.002496,True
YOLO11s,Norway__Norway_001340,D20,0.006873,False
YOLO11s,Norway__Norway_001343,D00,0.008894,True
YOLO11s,Norway__Norway_001343,D00,0.014277,False
YOLO11s,Norway__Norway_001343,D00,0.001265,True
YOLO11s,Norway__Norway_001343,D10,0.00165,False
YOLO11s,Norway__Norway_001343,D00,0.009954,False
YOLO11s,Norway__Norway_001344,D00,0.015339,False
YOLO11s,Norway__Norway_001348,D00,0.000274,False
YOLO11s,Norway__Norway_001348,D00,0.000493,False
YOLO11s,Norway__Norway_001348,D00,0.009759,True
YOLO11s,Norway__Norway_001348,D00,0.004327,True
YOLO11s,Norway__Norway_001348,D00,0.002942,False
YOLO11s,Norway__Norway_001348,D00,0.002884,False
YOLO11s,Norway__Norway_001348,D00,0.011196,True
YOLO11s,Norway__Norway_001348,D00,0.023764,True
YOLO11s,Norway__Norway_001348,D00,0.007484,False
YOLO11s,Norway__Norway_001397,D00,0.00324,False
YOLO11s,Norway__Norway_001397,D10,0.007135,False
YOLO11s,Norway__Norway_001397,D00,0.017847,False
YOLO11s,Norway__Norway_001397,D00,0.000885,True
YOLO11s,Norway__Norway_001397,D10,0.017642,False
YOLO11s,Norway__Norway_001407,D00,0.008309,False
YOLO11s,Norway__Norway_001425,D00,0.004575,False
YOLO11s,Norway__Norway_001425,D20,0.00091,False
YOLO11s,Norway__Norway_001425,D00,0.001306,False
YOLO11s,Norway__Norway_001425,D00,0.120351,False
YOLO11s,Norway__Norway_001425,D10,0.007057,False
YOLO11s,Norway__Norway_001425,D00,0.003454,False
YOLO11s,Norway__Norway_001425,D10,0.011967,False
YOLO11s,Norway__Norway_001425,D00,0.015643,False
YOLO11s,Norway__Norway_001425,D10,0.00057,False
YOLO11s,Norway__Norway_001440,D10,0.000623,False
YOLO11s,Norway__Norway_001440,D00,0.00023,False
YOLO11s,Norway__Norway_001440,D20,0.011184,False
YOLO11s,Norway__Norway_001440,D10,0.008541,True
YOLO11s,Norway__Norway_001440,D20,0.001731,False
YOLO11s,Norway__Norway_001440,D00,0.001172,False
YOLO11s,Norway__Norway_001440,D00,0.000458,False
YOLO11s,Norway__Norway_001448,D00,0.006239,False
YOLO11s,Norway__Norway_001466,D10,0.001138,False
YOLO11s,Norway__Norway_001468,D00,0.089195,True
YOLO11s,Norway__Norway_001494,D00,0.000416,False
YOLO11s,Norway__Norway_001494,D00,0.0026,True
YOLO11s,Norway__Norway_001494,D00,0.012271,True
YOLO11s,Norway__Norway_001494,D00,0.004509,True
YOLO11s,Norway__Norway_001494,D00,0.000211,False
YOLO11s,Norway__Norway_001494,D00,0.000742,True
YOLO11s,Norway__Norway_001494,D00,0.005055,False
YOLO11s,Norway__Norway_001496,D00,0.00084,False
YOLO11s,Norway__Norway_001496,D00,0.006494,True
YOLO11s,Norway__Norway_001496,D00,0.000811,False
YOLO11s,Norway__Norway_001498,D00,0.003899,False
YOLO11s,Norway__Norway_001507,D40,0.000592,False
YOLO11s,Norway__Norway_001507,D40,0.000488,False
YOLO11s,Norway__Norway_001507,D40,0.000319,False
YOLO11s,Norway__Norway_001507,D40,0.000214,False
YOLO11s,Norway__Norway_001507,D40,0.00012,False
YOLO11s,Norway__Norway_001507,D40,6.3e-05,False
YOLO11s,Norway__Norway_001525,D00,0.000446,False
YOLO11s,Norway__Norway_001525,D00,0.032054,True
YOLO11s,Norway__Norway_001525,D00,0.004524,True
YOLO11s,Norway__Norway_001525,D00,0.006174,True
YOLO11s,Norway__Norway_001530,D00,0.002032,False
YOLO11s,Norway__Norway_001530,D00,0.003482,False
YOLO11s,Norway__Norway_001530,D00,0.001634,True
YOLO11s,Norway__Norway_001530,D10,0.002368,False
YOLO11s,Norway__Norway_001530,D00,0.00115,False
YOLO11s,Norway__Norway_001643,D00,0.00058,False
YOLO11s,Norway__Norway_001643,D00,0.001134,False
YOLO11s,Norway__Norway_001675,D00,0.00225,True
YOLO11s,Norway__Norway_001675,D00,0.000844,False
YOLO11s,Norway__Norway_001675,D00,0.004785,True
YOLO11s,Norway__Norway_001675,D00,0.0002,False
YOLO11s,Norway__Norway_001675,D00,0.000252,False
YOLO11s,Norway__Norway_001680,D00,0.004681,False
YOLO11s,Norway__Norway_001680,D00,0.000999,False
YOLO11s,Norway__Norway_001680,D00,0.006526,False
YOLO11s,Norway__Norway_001680,D00,0.010148,False
YOLO11s,Norway__Norway_001680,D00,0.010564,False
YOLO11s,Norway__Norway_001680,D00,0.001978,False
YOLO11s,Norway__Norway_001680,D00,0.002897,False
YOLO11s,Norway__Norway_001680,D00,0.008334,False
YOLO11s,Norway__Norway_001680,D00,0.011332,False
YOLO11s,Norway__Norway_001680,D00,0.010621,False
YOLO11s,Norway__Norway_001680,D00,0.000205,False
YOLO11s,Norway__Norway_001680,D20,0.001943,False
YOLO11s,Norway__Norway_001680,D20,0.039737,False
YOLO11s,Norway__Norway_001688,D00,0.001259,False
YOLO11s,Norway__Norway_001688,D00,0.001607,False
YOLO11s,Norway__Norway_001688,D00,0.000745,False
YOLO11s,Norway__Norway_001688,D00,0.00162,True
YOLO11s,Norway__Norway_001688,D00,0.00126,False
YOLO11s,Norway__Norway_001688,D20,0.007352,True
YOLO11s,Norway__Norway_001694,D00,0.010644,False
YOLO11s,Norway__Norway_001694,D00,0.004002,True
YOLO11s,Norway__Norway_001696,D00,0.021577,False
YOLO11s,Norway__Norway_001705,D00,0.016256,True
YOLO11s,Norway__Norway_001705,D00,0.002595,False
YOLO11s,Norway__Norway_001705,D10,0.003683,False
YOLO11s,Norway__Norway_001705,D00,0.002016,True
YOLO11s,Norway__Norway_001706,D00,0.000256,False
YOLO11s,Norway__Norway_001706,D00,0.000467,False
YOLO11s,Norway__Norway_001706,D00,0.00762,False
YOLO11s,Norway__Norway_001706,D00,6.2e-05,False
YOLO11s,Norway__Norway_001706,D10,0.001534,False
YOLO11s,Norway__Norway_001706,D00,0.000885,False
YOLO11s,Norway__Norway_001720,D40,0.000103,False
YOLO11s,Norway__Norway_001726,D00,0.037249,False
YOLO11s,Norway__Norway_001726,D00,0.007316,False
YOLO11s,Norway__Norway_001726,D00,0.005276,True
YOLO11s,Norway__Norway_001726,D00,0.00123,True
YOLO11s,Norway__Norway_001740,D00,0.010038,False
YOLO11s,Norway__Norway_001740,D00,0.057511,False
YOLO11s,Norway__Norway_001770,D40,0.003196,False
YOLO11s,Norway__Norway_001770,D10,0.001442,False
YOLO11s,Norway__Norway_001770,D40,0.002799,False
YOLO11s,Norway__Norway_001770,D40,0.000239,False
YOLO11s,Norway__Norway_001770,D40,0.010579,False
YOLO11s,Norway__Norway_001770,D40,0.000485,False
YOLO11s,Norway__Norway_001770,D40,0.0005,False
YOLO11s,Norway__Norway_001770,D40,0.001837,False
YOLO11s,Norway__Norway_001770,D40,0.001994,False
YOLO11s,Norway__Norway_001782,D00,0.003964,False
YOLO11s,Norway__Norway_001821,D00,0.012391,False
YOLO11s,Norway__Norway_001846,D00,0.000177,False
YOLO11s,Norway__Norway_001847,D00,0.002417,True
YOLO11s,Norway__Norway_001847,D00,0.00325,False
YOLO11s,Norway__Norway_001847,D00,0.000122,False
YOLO11s,Norway__Norway_001847,D00,0.000195,False
YOLO11s,Norway__Norway_001847,D00,0.000366,False
YOLO11s,Norway__Norway_001863,D00,0.044022,False
YOLO11s,Norway__Norway_001872,D00,0.000749,False
YOLO11s,Norway__Norway_001872,D00,0.004622,False
YOLO11s,Norway__Norway_001872,D00,0.006646,False
YOLO11s,Norway__Norway_001935,D00,0.002179,False
YOLO11s,Norway__Norway_001935,D00,0.006009,True
YOLO11s,Norway__Norway_001935,D00,0.000874,False
YOLO11s,Norway__Norway_001935,D00,0.001053,False
YOLO11s,Norway__Norway_001935,D00,0.010075,True
YOLO11s,Norway__Norway_001935,D00,0.019216,False
YOLO11s,Norway__Norway_001935,D00,0.001993,False
YOLO11s,Norway__Norway_001935,D00,0.0036,False
YOLO11s,Norway__Norway_001935,D00,0.000526,False
YOLO11s,Norway__Norway_001935,D00,0.001244,False
YOLO11s,Norway__Norway_001935,D00,0.017973,False
YOLO11s,Norway__Norway_001935,D00,0.003451,True
YOLO11s,Norway__Norway_001935,D00,0.001561,False
YOLO11s,Norway__Norway_001935,D00,0.049191,True
YOLO11s,Norway__Norway_001936,D00,0.002558,True
YOLO11s,Norway__Norway_001941,D00,0.000497,False
YOLO11s,Norway__Norway_001941,D00,0.006542,False
YOLO11s,Norway__Norway_001953,D00,0.007769,False
YOLO11s,Norway__Norway_001962,D00,0.005902,False
YOLO11s,Norway__Norway_001966,D00,0.001005,False
YOLO11s,Norway__Norway_001966,D00,0.074971,False
YOLO11s,Norway__Norway_001968,D00,0.000105,False
YOLO11s,Norway__Norway_001968,D00,0.001502,False
YOLO11s,Norway__Norway_001978,D00,0.000203,False
YOLO11s,Norway__Norway_001978,D00,0.009851,False
YOLO11s,Norway__Norway_001979,D00,0.0016,False
YOLO11s,Norway__Norway_001979,D00,0.013563,True
YOLO11s,Norway__Norway_001979,D00,0.000591,False
YOLO11s,Norway__Norway_001979,D00,0.027146,False
YOLO11s,Norway__Norway_001979,D00,0.008737,True
YOLO11s,Norway__Norway_001979,D00,0.001662,False
YOLO11s,Norway__Norway_001979,D00,0.00011,False
YOLO11s,Norway__Norway_001979,D00,0.005171,True
YOLO11s,Norway__Norway_001979,D00,0.005216,False
YOLO11s,Norway__Norway_001979,D10,0.023313,True
YOLO11s,Norway__Norway_001979,D10,0.014819,False
YOLO11s,Norway__Norway_001979,D10,0.003552,False
YOLO11s,Norway__Norway_001979,D10,0.000729,False
YOLO11s,Norway__Norway_001979,D00,0.001688,False
YOLO11s,Norway__Norway_001979,D00,0.000285,False
YOLO11s,Norway__Norway_001979,D00,0.002778,True
YOLO11s,Norway__Norway_001979,D00,0.000979,False
YOLO11s,Norway__Norway_001979,D00,0.001309,False
YOLO11s,Norway__Norway_001979,D00,0.001516,False
YOLO11s,Norway__Norway_001979,D00,0.010866,True
YOLO11s,Norway__Norway_001979,D00,0.000653,False
YOLO11s,Norway__Norway_001979,D00,0.003019,False
YOLO11s,Norway__Norway_001979,D00,0.001974,False
YOLO11s,Norway__Norway_001996,D10,0.001319,False
YOLO11s,Norway__Norway_001996,D10,0.001689,False
YOLO11s,Norway__Norway_001996,D00,0.01575,False
YOLO11s,Norway__Norway_001996,D00,0.000383,True
YOLO11s,Norway__Norway_001996,D10,0.002194,False
YOLO11s,Norway__Norway_001996,D00,0.002415,False
YOLO11s,Norway__Norway_001996,D00,0.015955,False
YOLO11s,Norway__Norway_001996,D00,0.012093,False
YOLO11s,Norway__Norway_001996,D00,0.006164,False
YOLO11s,Norway__Norway_002025,D00,0.001605,False
YOLO11s,Norway__Norway_002025,D00,0.004838,True
YOLO11s,Norway__Norway_002025,D10,0.004489,False
YOLO11s,Norway__Norway_002025,D00,0.001762,False
YOLO11s,Norway__Norway_002025,D00,0.003765,True
YOLO11s,Norway__Norway_002025,D00,0.000452,False
YOLO11s,Norway__Norway_002025,D00,0.001942,False
YOLO11s,Norway__Norway_002025,D10,0.00074,False
YOLO11s,Norway__Norway_002039,D00,0.000662,False
YOLO11s,Norway__Norway_002039,D00,0.010094,True
YOLO11s,Norway__Norway_002039,D00,0.001424,True
YOLO11s,Norway__Norway_002039,D20,0.060011,False
YOLO11s,Norway__Norway_002054,D00,0.015445,True
YOLO11s,Norway__Norway_002054,D00,0.02298,False
YOLO11s,Norway__Norway_002054,D10,0.030755,True
YOLO11s,Norway__Norway_002075,D00,0.000391,False
YOLO11s,Norway__Norway_002075,D00,0.001085,False
YOLO11s,Norway__Norway_002075,D10,0.000581,False
YOLO11s,Norway__Norway_002075,D00,0.003769,False
YOLO11s,Norway__Norway_002075,D00,0.017834,True
YOLO11s,Norway__Norway_002075,D00,0.001605,False
YOLO11s,Norway__Norway_002096,D00,0.030927,False
YOLO11s,Norway__Norway_002101,D00,0.000955,False
YOLO11s,Norway__Norway_002169,D00,0.026262,True
YOLO11s,Norway__Norway_002181,D00,0.020996,True
YOLO11s,Norway__Norway_002187,D10,0.009056,False
YOLO11s,Norway__Norway_002190,D00,0.002326,False
YOLO11s,Norway__Norway_002190,D00,0.000123,False
YOLO11s,Norway__Norway_002190,D10,0.02308,False
YOLO11s,Norway__Norway_002190,D00,0.000118,False
YOLO11s,Norway__Norway_002190,D10,0.000886,False
YOLO11s,Norway__Norway_002190,D00,0.000295,False
YOLO11s,Norway__Norway_002190,D10,0.014444,False
YOLO11s,Norway__Norway_002198,D00,0.020176,True
YOLO11s,Norway__Norway_002198,D00,0.006553,False
YOLO11s,Norway__Norway_002198,D00,0.003611,False
YOLO11s,Norway__Norway_002198,D00,0.002301,False
YOLO11s,Norway__Norway_002198,D00,0.001667,True
YOLO11s,Norway__Norway_002198,D00,0.000836,False
YOLO11s,Norway__Norway_002198,D00,0.006497,False
YOLO11s,Norway__Norway_002198,D00,0.001798,False
YOLO11s,Norway__Norway_002213,D00,0.077861,False
YOLO11s,Norway__Norway_002226,D00,0.025646,True
YOLO11s,Norway__Norway_002240,D00,0.000398,False
YOLO11s,Norway__Norway_002240,D00,0.001519,False
YOLO11s,Norway__Norway_002240,D00,0.005449,False
YOLO11s,Norway__Norway_002240,D00,0.010097,False
YOLO11s,Norway__Norway_002240,D00,0.009823,False
YOLO11s,Norway__Norway_002240,D10,0.004485,False
YOLO11s,Norway__Norway_002281,D10,0.001916,False
YOLO11s,Norway__Norway_002281,D00,0.006872,True
YOLO11s,Norway__Norway_002281,D00,0.001387,False
YOLO11s,Norway__Norway_002281,D00,0.002411,False
YOLO11s,Norway__Norway_002281,D00,0.000493,False
YOLO11s,Norway__Norway_002281,D00,0.003774,False
YOLO11s,Norway__Norway_002281,D10,0.00426,False
YOLO11s,Norway__Norway_002281,D00,0.0004,False
YOLO11s,Norway__Norway_002281,D00,0.002711,False
YOLO11s,Norway__Norway_002293,D00,0.011357,False
YOLO11s,Norway__Norway_002299,D40,0.000507,False
YOLO11s,Norway__Norway_002299,D40,0.000645,False
YOLO11s,Norway__Norway_002310,D00,0.000466,False
YOLO11s,Norway__Norway_002310,D00,0.005472,False
YOLO11s,Norway__Norway_002345,D00,0.010354,False
YOLO11s,Norway__Norway_002363,D00,0.000696,False
YOLO11s,Norway__Norway_002407,D00,0.008344,True
YOLO11s,Norway__Norway_002417,D00,0.005523,True
YOLO11s,Norway__Norway_002450,D00,0.043092,False
YOLO11s,Norway__Norway_002450,D00,0.012229,False
YOLO11s,Norway__Norway_002450,D00,0.000364,False
YOLO11s,Norway__Norway_002450,D00,0.003193,False
YOLO11s,Norway__Norway_002450,D00,0.000269,False
YOLO11s,Norway__Norway_002450,D00,0.000787,False
YOLO11s,Norway__Norway_002463,D00,0.014241,True
YOLO11s,Norway__Norway_002485,D00,0.002663,False
YOLO11s,Norway__Norway_002485,D00,0.023479,True
YOLO11s,Norway__Norway_002504,D10,0.001895,False
YOLO11s,Norway__Norway_002504,D00,0.000134,False
YOLO11s,Norway__Norway_002504,D10,0.002037,False
YOLO11s,Norway__Norway_002504,D00,0.001087,True
YOLO11s,Norway__Norway_002515,D00,0.135188,False
YOLO11s,Norway__Norway_002515,D00,0.000154,False
YOLO11s,Norway__Norway_002515,D00,0.059875,True
YOLO11s,Norway__Norway_002515,D00,0.000272,False
YOLO11s,Norway__Norway_002515,D00,0.000618,False
YOLO11s,Norway__Norway_002542,D00,0.0159,True
YOLO11s,Norway__Norway_002603,D10,0.001201,False
YOLO11s,Norway__Norway_002603,D10,0.015091,False
YOLO11s,Norway__Norway_002603,D00,0.000303,False
YOLO11s,Norway__Norway_002624,D00,0.013254,True
YOLO11s,Norway__Norway_002641,D00,0.007496,False
YOLO11s,Norway__Norway_002641,D00,0.006325,False
YOLO11s,Norway__Norway_002641,D00,0.00047,False
YOLO11s,Norway__Norway_002641,D00,0.002383,False
YOLO11s,Norway__Norway_002641,D00,0.001164,True
YOLO11s,Norway__Norway_002641,D00,0.003764,True
YOLO11s,Norway__Norway_002657,D00,0.001026,False
YOLO11s,Norway__Norway_002663,D00,0.00622,True
YOLO11s,Norway__Norway_002681,D00,0.006426,False
YOLO11s,Norway__Norway_002681,D00,0.000181,False
YOLO11s,Norway__Norway_002681,D00,0.000144,False
YOLO11s,Norway__Norway_002681,D00,0.000263,False
YOLO11s,Norway__Norway_002681,D00,0.000158,False
YOLO11s,Norway__Norway_002681,D00,0.009494,True
YOLO11s,Norway__Norway_002681,D20,0.053482,True
YOLO11s,Norway__Norway_002683,D00,0.025321,False
YOLO11s,Norway__Norway_002683,D10,0.005938,True
YOLO11s,Norway__Norway_002683,D10,0.008975,True
YOLO11s,Norway__Norway_002699,D10,0.002462,False
YOLO11s,Norway__Norway_002724,D00,0.008189,False
YOLO11s,Norway__Norway_002755,D00,0.002334,False
YOLO11s,Norway__Norway_002755,D00,0.005519,False
YOLO11s,Norway__Norway_002755,D20,0.027097,True
YOLO11s,Norway__Norway_002755,D00,0.000278,False
YOLO11s,Norway__Norway_002755,D00,0.000404,False
YOLO11s,Norway__Norway_002755,D10,0.00018,False
YOLO11s,Norway__Norway_002755,D00,0.001416,False
YOLO11s,Norway__Norway_002755,D00,0.009783,False
YOLO11s,Norway__Norway_002755,D00,0.004815,False
YOLO11s,Norway__Norway_002755,D00,0.005308,False
YOLO11s,Norway__Norway_002755,D00,0.028002,False
YOLO11s,Norway__Norway_002755,D00,0.044168,True
YOLO11s,Norway__Norway_002768,D10,0.008319,False
YOLO11s,Norway__Norway_002768,D00,0.000154,False
YOLO11s,Norway__Norway_002828,D00,0.012134,False
YOLO11s,Norway__Norway_002835,D10,0.039415,False
YOLO11s,Norway__Norway_002853,D00,0.000367,False
YOLO11s,Norway__Norway_002853,D00,0.021092,False
YOLO11s,Norway__Norway_002853,D00,0.000196,False
YOLO11s,Norway__Norway_002853,D00,0.000183,False
YOLO11s,Norway__Norway_002853,D00,0.00016,False
YOLO11s,Norway__Norway_002853,D00,0.016847,True
YOLO11s,Norway__Norway_002853,D20,0.003664,False
YOLO11s,Norway__Norway_002853,D00,0.00045,False
YOLO11s,Norway__Norway_002853,D00,0.000288,False
YOLO11s,Norway__Norway_002853,D00,0.002312,False
YOLO11s,Norway__Norway_002853,D00,0.000219,False
YOLO11s,Norway__Norway_002853,D00,0.003268,True
YOLO11s,Norway__Norway_002853,D00,0.006392,False
YOLO11s,Norway__Norway_002853,D00,0.000131,False
YOLO11s,Norway__Norway_002853,D00,0.00042,False
YOLO11s,Norway__Norway_002853,D00,0.000238,False
YOLO11s,Norway__Norway_002853,D10,0.000185,False
YOLO11s,Norway__Norway_002853,D00,0.004216,False
YOLO11s,Norway__Norway_002853,D10,0.001628,False
YOLO11s,Norway__Norway_002853,D00,0.00045,False
YOLO11s,Norway__Norway_002853,D00,0.00126,True
YOLO11s,Norway__Norway_002853,D00,0.002376,False
YOLO11s,Norway__Norway_002853,D00,0.000292,False
YOLO11s,Norway__Norway_002853,D00,0.000455,False
YOLO11s,Norway__Norway_002853,D20,0.000689,False
YOLO11s,Norway__Norway_002853,D10,0.001119,False
YOLO11s,Norway__Norway_002889,D00,0.012479,False
YOLO11s,Norway__Norway_002947,D00,0.015183,True
YOLO11s,Norway__Norway_002955,D00,0.009853,False
YOLO11s,Norway__Norway_002955,D00,0.017262,True
YOLO11s,Norway__Norway_002955,D00,0.003616,False
YOLO11s,Norway__Norway_002992,D00,0.000241,False
YOLO11s,Norway__Norway_002992,D20,0.004086,False
YOLO11s,Norway__Norway_002992,D00,0.07951,True
YOLO11s,Norway__Norway_002992,D00,8.6e-05,False
YOLO11s,Norway__Norway_002992,D00,0.002227,False
YOLO11s,Norway__Norway_002992,D00,0.026797,True
YOLO11s,Norway__Norway_002992,D00,0.002194,False
YOLO11s,Norway__Norway_002992,D00,0.018547,False
YOLO11s,Norway__Norway_002992,D00,0.000865,False
YOLO11s,Norway__Norway_002992,D00,8.1e-05,False
YOLO11s,Norway__Norway_003004,D00,0.011466,False
YOLO11s,Norway__Norway_003004,D00,0.010949,False
YOLO11s,Norway__Norway_003004,D00,0.004614,True
YOLO11s,Norway__Norway_003004,D00,0.013216,True
YOLO11s,Norway__Norway_003004,D00,0.000341,False
YOLO11s,Norway__Norway_003004,D00,0.001389,False
YOLO11s,Norway__Norway_003004,D20,0.001476,False
YOLO11s,Norway__Norway_003004,D20,0.002005,False
YOLO11s,Norway__Norway_003050,D00,0.009705,False
YOLO11s,Norway__Norway_003101,D00,0.005623,True
YOLO11s,Norway__Norway_003101,D00,0.010865,True
YOLO11s,Norway__Norway_003101,D10,0.018531,True
YOLO11s,Norway__Norway_003101,D00,0.00279,False
YOLO11s,Norway__Norway_003101,D00,0.018931,True
YOLO11s,Norway__Norway_003101,D10,0.022447,False
YOLO11s,Norway__Norway_003122,D00,0.012765,False
YOLO11s,Norway__Norway_003122,D00,0.010199,False
YOLO11s,Norway__Norway_003122,D00,0.001617,False
YOLO11s,Norway__Norway_003122,D10,0.006499,False
YOLO11s,Norway__Norway_003122,D00,0.005927,False
YOLO11s,Norway__Norway_003122,D10,0.000682,False
YOLO11s,Norway__Norway_003122,D00,0.008859,False
YOLO11s,Norway__Norway_003122,D00,0.004713,False
YOLO11s,Norway__Norway_003122,D00,0.004146,False
YOLO11s,Norway__Norway_003122,D10,0.005553,False
YOLO11s,Norway__Norway_003122,D00,0.00707,True
YOLO11s,Norway__Norway_003122,D00,0.000985,False
YOLO11s,Norway__Norway_003122,D00,0.001958,False
YOLO11s,Norway__Norway_003122,D00,0.000981,True
YOLO11s,Norway__Norway_003122,D00,0.00252,True
YOLO11s,Norway__Norway_003122,D00,0.007651,False
YOLO11s,Norway__Norway_003129,D00,0.001039,False
YOLO11s,Norway__Norway_003129,D00,0.000247,False
YOLO11s,Norway__Norway_003138,D00,0.024351,True
YOLO11s,Norway__Norway_003138,D00,0.018268,False
YOLO11s,Norway__Norway_003192,D00,0.000423,False
YOLO11s,Norway__Norway_003192,D00,0.023989,True
YOLO11s,Norway__Norway_003195,D10,0.02425,True
YOLO11s,Norway__Norway_003246,D10,0.011167,False
YOLO11s,Norway__Norway_003262,D00,0.000742,False
YOLO11s,Norway__Norway_003263,D00,0.021117,False
YOLO11s,Norway__Norway_003284,D00,0.000426,False
YOLO11s,Norway__Norway_003284,D00,0.000464,False
YOLO11s,Norway__Norway_003295,D00,0.001339,True
YOLO11s,Norway__Norway_003295,D00,0.000324,True
YOLO11s,Norway__Norway_003295,D10,0.000357,False
YOLO11s,Norway__Norway_003295,D10,0.00203,False
YOLO11s,Norway__Norway_003308,D00,0.000128,False
YOLO11s,Norway__Norway_003308,D10,0.002429,False
YOLO11s,Norway__Norway_003308,D00,0.000194,False
YOLO11s,Norway__Norway_003308,D10,0.00054,False
YOLO11s,Norway__Norway_003308,D00,0.000124,False
YOLO11s,Norway__Norway_003308,D00,0.000367,False
YOLO11s,Norway__Norway_003346,D00,3.5e-05,False
YOLO11s,Norway__Norway_003346,D00,0.00011,False
YOLO11s,Norway__Norway_003346,D00,0.004619,False
YOLO11s,Norway__Norway_003346,D10,0.047898,False
YOLO11s,Norway__Norway_003346,D00,0.000295,False
YOLO11s,Norway__Norway_003346,D00,0.015223,False
YOLO11s,Norway__Norway_003348,D00,0.055013,True
YOLO11s,Norway__Norway_003357,D10,0.013013,False
YOLO11s,Norway__Norway_003357,D10,0.005411,False
YOLO11s,Norway__Norway_003359,D00,0.002369,True
YOLO11s,Norway__Norway_003359,D00,0.001967,False
YOLO11s,Norway__Norway_003363,D40,0.000541,False
YOLO11s,Norway__Norway_003396,D00,0.000712,False
YOLO11s,Norway__Norway_003443,D00,0.019904,False
YOLO11s,Norway__Norway_003446,D00,0.017246,True
YOLO11s,Norway__Norway_003446,D00,0.006804,False
YOLO11s,Norway__Norway_003446,D00,0.02285,True
YOLO11s,Norway__Norway_003448,D40,0.000352,False
YOLO11s,Norway__Norway_003448,D00,0.019523,False
YOLO11s,Norway__Norway_003448,D00,0.000519,False
YOLO11s,Norway__Norway_003448,D00,0.000841,True
YOLO11s,Norway__Norway_003448,D00,0.001266,False
YOLO11s,Norway__Norway_003448,D00,0.000997,False
YOLO11s,Norway__Norway_003448,D40,0.000211,False
YOLO11s,Norway__Norway_003490,D00,0.038993,False
YOLO11s,Norway__Norway_003502,D00,0.0097,False
YOLO11s,Norway__Norway_003503,D00,0.0045,True
YOLO11s,Norway__Norway_003542,D00,0.001394,False
YOLO11s,Norway__Norway_003542,D10,0.003635,False
YOLO11s,Norway__Norway_003542,D00,0.002483,True
YOLO11s,Norway__Norway_003542,D40,0.001129,False
YOLO11s,Norway__Norway_003542,D40,0.000409,False
YOLO11s,Norway__Norway_003558,D00,0.000931,False
YOLO11s,Norway__Norway_003558,D00,0.005619,False
YOLO11s,Norway__Norway_003558,D00,0.011161,True
YOLO11s,Norway__Norway_003601,D00,0.002608,False
YOLO11s,Norway__Norway_003601,D00,0.038736,False
YOLO11s,Norway__Norway_003601,D40,9.5e-05,False
YOLO11s,Norway__Norway_003617,D00,0.000402,False
YOLO11s,Norway__Norway_003617,D00,0.001075,False
YOLO11s,Norway__Norway_003617,D00,0.00239,False
YOLO11s,Norway__Norway_003617,D10,0.002295,False
YOLO11s,Norway__Norway_003641,D40,0.000188,False
YOLO11s,Norway__Norway_003641,D00,0.025606,False
YOLO11s,Norway__Norway_003641,D40,0.000113,False
YOLO11s,Norway__Norway_003641,D00,0.018831,False
YOLO11s,Norway__Norway_003669,D00,0.000655,False
YOLO11s,Norway__Norway_003669,D00,0.001505,False
YOLO11s,Norway__Norway_003708,D10,0.000988,False
YOLO11s,Norway__Norway_003708,D10,0.001941,False
YOLO11s,Norway__Norway_003708,D10,0.001455,False
YOLO11s,Norway__Norway_003722,D00,0.001124,False
YOLO11s,Norway__Norway_003730,D10,0.00101,False
YOLO11s,Norway__Norway_003730,D00,0.007367,True
YOLO11s,Norway__Norway_003730,D00,0.009131,True
YOLO11s,Norway__Norway_003730,D00,0.004111,True
YOLO11s,Norway__Norway_003730,D00,0.000607,False
YOLO11s,Norway__Norway_003730,D00,0.020341,False
YOLO11s,Norway__Norway_003730,D00,0.003432,False
YOLO11s,Norway__Norway_003730,D00,0.023176,False
YOLO11s,Norway__Norway_003730,D10,0.001131,False
YOLO11s,Norway__Norway_003730,D10,0.00013,False
YOLO11s,Norway__Norway_003730,D00,0.000708,False
YOLO11s,Norway__Norway_003730,D00,0.001075,False
YOLO11s,Norway__Norway_003730,D00,0.000637,False
YOLO11s,Norway__Norway_003730,D00,0.000529,False
YOLO11s,Norway__Norway_003730,D00,0.000845,False
YOLO11s,Norway__Norway_003730,D00,0.028646,True
YOLO11s,Norway__Norway_003730,D10,0.001619,False
YOLO11s,Norway__Norway_003730,D10,0.000453,False
YOLO11s,Norway__Norway_003730,D00,0.000403,False
YOLO11s,Norway__Norway_003730,D00,0.029799,True
YOLO11s,Norway__Norway_003730,D10,0.000513,False
YOLO11s,Norway__Norway_003730,D00,0.001239,False
YOLO11s,Norway__Norway_003730,D00,0.000262,False
YOLO11s,Norway__Norway_003730,D00,0.000115,False
YOLO11s,Norway__Norway_003730,D10,0.001519,False
YOLO11s,Norway__Norway_003730,D00,0.001748,False
YOLO11s,Norway__Norway_003730,D00,0.00254,False
YOLO11s,Norway__Norway_003771,D00,0.000553,False
YOLO11s,Norway__Norway_003771,D10,0.019397,True
YOLO11s,Norway__Norway_003771,D00,0.004974,False
YOLO11s,Norway__Norway_003776,D10,0.013756,False
YOLO11s,Norway__Norway_003776,D10,0.023336,False
YOLO11s,Norway__Norway_003836,D00,0.053168,True
YOLO11s,Norway__Norway_003856,D10,0.051136,False
YOLO11s,Norway__Norway_003856,D10,0.026787,False
YOLO11s,Norway__Norway_003856,D10,0.015184,False
YOLO11s,Norway__Norway_003905,D20,0.000851,False
YOLO11s,Norway__Norway_003921,D00,0.026817,False
YOLO11s,Norway__Norway_003922,D00,0.00154,False
YOLO11s,Norway__Norway_003922,D00,0.01408,True
YOLO11s,Norway__Norway_003933,D00,0.006169,False
YOLO11s,Norway__Norway_003933,D00,0.001443,False
YOLO11s,Norway__Norway_003962,D00,0.094733,False
YOLO11s,Norway__Norway_004032,D00,0.000176,False
YOLO11s,Norway__Norway_004032,D10,0.000439,False
YOLO11s,Norway__Norway_004032,D00,0.00068,False
YOLO11s,Norway__Norway_004032,D00,0.000398,False
YOLO11s,Norway__Norway_004032,D10,0.007169,False
YOLO11s,Norway__Norway_004032,D10,0.002119,False
YOLO11s,Norway__Norway_004032,D00,0.007314,True
YOLO11s,Norway__Norway_004032,D00,0.000626,False
YOLO11s,Norway__Norway_004032,D00,0.000156,False
YOLO11s,Norway__Norway_004046,D00,0.074608,True
YOLO11s,Norway__Norway_004046,D00,0.001714,False
YOLO11s,Norway__Norway_004046,D00,0.010866,True
YOLO11s,Norway__Norway_004095,D00,0.000418,False
YOLO11s,Norway__Norway_004095,D00,0.036455,True
YOLO11s,Norway__Norway_004095,D10,0.000242,False
YOLO11s,Norway__Norway_004095,D00,0.000286,False
YOLO11s,Norway__Norway_004097,D00,0.03006,False
YOLO11s,Norway__Norway_004097,D00,0.022199,False
YOLO11s,Norway__Norway_004118,D10,0.001188,False
YOLO11s,Norway__Norway_004118,D10,0.000415,False
YOLO11s,Norway__Norway_004118,D10,0.001131,False
YOLO11s,Norway__Norway_004118,D00,0.000116,False
YOLO11s,Norway__Norway_004118,D10,0.00108,False
YOLO11s,Norway__Norway_004118,D00,0.012846,True
YOLO11s,Norway__Norway_004118,D10,0.000319,False
YOLO11s,Norway__Norway_004118,D10,0.000295,False
YOLO11s,Norway__Norway_004118,D10,0.006988,True
YOLO11s,Norway__Norway_004118,D00,6e-05,False
YOLO11s,Norway__Norway_004118,D00,0.007023,True
YOLO11s,Norway__Norway_004118,D00,0.00011,False
YOLO11s,Norway__Norway_004118,D00,0.002798,False
YOLO11s,Norway__Norway_004118,D00,0.005966,False
YOLO11s,Norway__Norway_004118,D00,0.00024,False
YOLO11s,Norway__Norway_004118,D10,0.00085,False
YOLO11s,Norway__Norway_004131,D10,0.000643,False
YOLO11s,Norway__Norway_004131,D00,0.005144,False
YOLO11s,Norway__Norway_004131,D10,0.001999,False
YOLO11s,Norway__Norway_004131,D00,0.007367,False
YOLO11s,Norway__Norway_004196,D00,0.002507,False
YOLO11s,Norway__Norway_004196,D10,0.000485,False
YOLO11s,Norway__Norway_004196,D00,0.009297,False
YOLO11s,Norway__Norway_004196,D00,0.000381,False
YOLO11s,Norway__Norway_004196,D00,0.000444,False
YOLO11s,Norway__Norway_004196,D00,0.008188,False
YOLO11s,Norway__Norway_004196,D00,0.002225,False
YOLO11s,Norway__Norway_004196,D00,0.00604,True
YOLO11s,Norway__Norway_004196,D00,0.002487,False
YOLO11s,Norway__Norway_004196,D00,0.000966,True
YOLO11s,Norway__Norway_004196,D00,0.002958,False
YOLO11s,Norway__Norway_004196,D00,0.005582,True
YOLO11s,Norway__Norway_004237,D00,0.000548,False
YOLO11s,Norway__Norway_004241,D00,0.000106,False
YOLO11s,Norway__Norway_004241,D20,0.00469,False
YOLO11s,Norway__Norway_004241,D00,0.002513,False
YOLO11s,Norway__Norway_004241,D00,0.029118,False
YOLO11s,Norway__Norway_004241,D00,3.9e-05,False
YOLO11s,Norway__Norway_004241,D00,0.01315,False
YOLO11s,Norway__Norway_004241,D00,0.0051,False
YOLO11s,Norway__Norway_004242,D00,0.001128,False
YOLO11s,Norway__Norway_004242,D00,0.007872,True
YOLO11s,Norway__Norway_004242,D00,0.008032,True
YOLO11s,Norway__Norway_004242,D00,0.007373,False
YOLO11s,Norway__Norway_004242,D00,0.001514,True
YOLO11s,Norway__Norway_004242,D00,0.058029,False
YOLO11s,Norway__Norway_004267,D00,0.012106,False
YOLO11s,Norway__Norway_004267,D00,0.001865,False
YOLO11s,Norway__Norway_004294,D00,0.000892,False
YOLO11s,Norway__Norway_004294,D00,0.003327,True
YOLO11s,Norway__Norway_004294,D00,0.016278,False
YOLO11s,Norway__Norway_004294,D10,0.001183,False
YOLO11s,Norway__Norway_004294,D00,0.00327,False
YOLO11s,Norway__Norway_004301,D00,0.00359,False
YOLO11s,Norway__Norway_004302,D00,0.000551,False
YOLO11s,Norway__Norway_004302,D00,0.001506,True
YOLO11s,Norway__Norway_004302,D00,0.022131,True
YOLO11s,Norway__Norway_004302,D00,0.000591,True
YOLO11s,Norway__Norway_004302,D00,0.000477,False
YOLO11s,Norway__Norway_004302,D00,0.000195,False
YOLO11s,Norway__Norway_004302,D00,0.000671,True
YOLO11s,Norway__Norway_004319,D00,0.007604,False
YOLO11s,Norway__Norway_004319,D00,0.004732,False
YOLO11s,Norway__Norway_004319,D10,0.003544,False
YOLO11s,Norway__Norway_004319,D00,0.003719,False
YOLO11s,Norway__Norway_004376,D00,0.008238,True
YOLO11s,Norway__Norway_004376,D00,0.000874,False
YOLO11s,Norway__Norway_004376,D10,0.009074,False
YOLO11s,Norway__Norway_004376,D10,0.00622,False
YOLO11s,Norway__Norway_004376,D20,0.002753,False
YOLO11s,Norway__Norway_004376,D00,0.000795,False
YOLO11s,Norway__Norway_004376,D00,0.000555,False
YOLO11s,Norway__Norway_004376,D00,0.007251,False
YOLO11s,Norway__Norway_004380,D00,0.002138,False
YOLO11s,Norway__Norway_004380,D10,0.00251,False
YOLO11s,Norway__Norway_004394,D10,0.001819,False
YOLO11s,Norway__Norway_004394,D00,0.004514,True
YOLO11s,Norway__Norway_004394,D10,0.000592,False
YOLO11s,Norway__Norway_004394,D10,0.000189,False
YOLO11s,Norway__Norway_004394,D10,0.000275,False
YOLO11s,Norway__Norway_004394,D00,4.6e-05,False
YOLO11s,Norway__Norway_004394,D20,0.000371,False
YOLO11s,Norway__Norway_004394,D00,0.00061,False
YOLO11s,Norway__Norway_004394,D10,0.001789,False
YOLO11s,Norway__Norway_004394,D00,0.000317,False
YOLO11s,Norway__Norway_004432,D00,0.037848,False
YOLO11s,Norway__Norway_004448,D00,0.001526,False
YOLO11s,Norway__Norway_004453,D00,0.000949,False
YOLO11s,Norway__Norway_004453,D00,0.011632,True
YOLO11s,Norway__Norway_004453,D00,0.025549,True
YOLO11s,Norway__Norway_004453,D00,0.004695,False
YOLO11s,Norway__Norway_004453,D00,4.7e-05,False
YOLO11s,Norway__Norway_004460,D00,0.005929,False
YOLO11s,Norway__Norway_004468,D10,0.001398,False
YOLO11s,Norway__Norway_004475,D10,0.011822,False
YOLO11s,Norway__Norway_004475,D00,0.000513,False
YOLO11s,Norway__Norway_004487,D00,0.006288,False
YOLO11s,Norway__Norway_004487,D00,0.00549,False
YOLO11s,Norway__Norway_004487,D00,0.014071,False
YOLO11s,Norway__Norway_004487,D00,0.005971,False
YOLO11s,Norway__Norway_004502,D00,0.095452,True
YOLO11s,Norway__Norway_004531,D00,0.019707,False
YOLO11s,Norway__Norway_004552,D20,0.046967,False
YOLO11s,Norway__Norway_004552,D40,0.000575,False
YOLO11s,Norway__Norway_004552,D40,0.000218,False
YOLO11s,Norway__Norway_004552,D40,0.000496,False
YOLO11s,Norway__Norway_004556,D00,0.000315,False
YOLO11s,Norway__Norway_004556,D00,0.002754,False
YOLO11s,Norway__Norway_004556,D10,7.7e-05,False
YOLO11s,Norway__Norway_004556,D10,0.003038,False
YOLO11s,Norway__Norway_004557,D00,0.040602,False
YOLO11s,Norway__Norway_004561,D00,0.001581,True
YOLO11s,Norway__Norway_004561,D00,0.000199,False
YOLO11s,Norway__Norway_004566,D10,0.000725,False
YOLO11s,Norway__Norway_004566,D00,0.000109,False
YOLO11s,Norway__Norway_004566,D00,0.00188,False
YOLO11s,Norway__Norway_004566,D40,0.000412,False
YOLO11s,Norway__Norway_004591,D00,0.001049,False
YOLO11s,Norway__Norway_004591,D00,0.000288,False
YOLO11s,Norway__Norway_004591,D00,0.002476,False
YOLO11s,Norway__Norway_004591,D00,0.010417,False
YOLO11s,Norway__Norway_004591,D00,0.001343,False
YOLO11s,Norway__Norway_004619,D00,0.013731,False
YOLO11s,Norway__Norway_004619,D00,0.000589,False
YOLO11s,Norway__Norway_004619,D40,0.000482,False
YOLO11s,Norway__Norway_004626,D00,0.088519,True
YOLO11s,Norway__Norway_004628,D10,0.002576,False
YOLO11s,Norway__Norway_004638,D00,0.028318,True
YOLO11s,Norway__Norway_004640,D10,0.025762,False
YOLO11s,Norway__Norway_004657,D00,0.041458,True
YOLO11s,Norway__Norway_004674,D00,0.023576,True
YOLO11s,Norway__Norway_004674,D20,0.011234,True
YOLO11s,Norway__Norway_004674,D00,0.003465,True
YOLO11s,Norway__Norway_004674,D20,0.002453,False
YOLO11s,Norway__Norway_004679,D00,0.000282,False
YOLO11s,Norway__Norway_004679,D00,0.001432,True
YOLO11s,Norway__Norway_004679,D00,0.000808,False
YOLO11s,Norway__Norway_004679,D00,0.002321,True
YOLO11s,Norway__Norway_004679,D00,0.000272,False
YOLO11s,Norway__Norway_004679,D00,0.010254,True
YOLO11s,Norway__Norway_004693,D00,0.01788,False
YOLO11s,Norway__Norway_004693,D10,0.029127,False
YOLO11s,Norway__Norway_004693,D10,0.043875,False
YOLO11s,Norway__Norway_004738,D10,0.000457,False
YOLO11s,Norway__Norway_004738,D00,0.000365,False
YOLO11s,Norway__Norway_004738,D10,0.000314,False
YOLO11s,Norway__Norway_004755,D00,0.013503,False
YOLO11s,Norway__Norway_004755,D00,0.058016,False
YOLO11s,Norway__Norway_004755,D10,0.005768,False
YOLO11s,Norway__Norway_004755,D10,0.002091,False
YOLO11s,Norway__Norway_004755,D10,0.00065,False
YOLO11s,Norway__Norway_004755,D00,0.005002,True
YOLO11s,Norway__Norway_004756,D00,0.001866,False
YOLO11s,Norway__Norway_004756,D00,0.037937,False
YOLO11s,Norway__Norway_004771,D00,0.012639,True
YOLO11s,Norway__Norway_004771,D10,0.001515,False
YOLO11s,Norway__Norway_004771,D10,0.005173,False
YOLO11s,Norway__Norway_004854,D00,0.043123,True
YOLO11s,Norway__Norway_004854,D00,0.016268,True
YOLO11s,Norway__Norway_004854,D20,0.009364,False
YOLO11s,Norway__Norway_004854,D00,0.000668,True
YOLO11s,Norway__Norway_004854,D00,0.007019,False
YOLO11s,Norway__Norway_004854,D00,0.000825,False
YOLO11s,Norway__Norway_004878,D00,6.7e-05,False
YOLO11s,Norway__Norway_004878,D10,0.00057,False
YOLO11s,Norway__Norway_004878,D10,0.000228,False
YOLO11s,Norway__Norway_004878,D00,0.000494,False
YOLO11s,Norway__Norway_004878,D00,0.000571,False
YOLO11s,Norway__Norway_004878,D00,0.000675,False
YOLO11s,Norway__Norway_004878,D00,0.001722,False
YOLO11s,Norway__Norway_004878,D00,0.010755,True
YOLO11s,Norway__Norway_004881,D20,0.043881,False
YOLO11s,Norway__Norway_004881,D20,0.034678,False
YOLO11s,Norway__Norway_004892,D40,0.003199,False
YOLO11s,Norway__Norway_004892,D10,0.028324,True
YOLO11s,Norway__Norway_004892,D40,0.009573,False
YOLO11s,Norway__Norway_004892,D40,0.007768,False
YOLO11s,Norway__Norway_004900,D10,0.022342,False
YOLO11s,Norway__Norway_004925,D00,0.093641,False
YOLO11s,Norway__Norway_004928,D00,9.5e-05,False
YOLO11s,Norway__Norway_004928,D00,0.001271,True
YOLO11s,Norway__Norway_004931,D00,0.011269,True
YOLO11s,Norway__Norway_004931,D00,0.000968,False
YOLO11s,Norway__Norway_004931,D00,0.019633,False
YOLO11s,Norway__Norway_004931,D00,0.00022,False
YOLO11s,Norway__Norway_004931,D00,0.000127,False
YOLO11s,Norway__Norway_004931,D00,0.023627,True
YOLO11s,Norway__Norway_004931,D00,0.004096,True
YOLO11s,Norway__Norway_004931,D10,0.009209,False
YOLO11s,Norway__Norway_004931,D00,9.8e-05,False
YOLO11s,Norway__Norway_004931,D00,0.004101,True
YOLO11s,Norway__Norway_004931,D20,0.0007,False
YOLO11s,Norway__Norway_004931,D00,0.000414,False
YOLO11s,Norway__Norway_004931,D00,0.000719,False
YOLO11s,Norway__Norway_004931,D00,0.006336,False
YOLO11s,Norway__Norway_004940,D00,0.000987,False
YOLO11s,Norway__Norway_004940,D00,0.005321,True
YOLO11s,Norway__Norway_004940,D00,0.005585,True
YOLO11s,Norway__Norway_004948,D00,0.001694,False
YOLO11s,Norway__Norway_004948,D00,0.000204,False
YOLO11s,Norway__Norway_004954,D00,0.026668,True
YOLO11s,Norway__Norway_004954,D00,2.5e-05,False
YOLO11s,Norway__Norway_004954,D00,0.000733,False
YOLO11s,Norway__Norway_004954,D00,0.000206,False
YOLO11s,Norway__Norway_004954,D00,0.014151,False
YOLO11s,Norway__Norway_004954,D00,0.018711,True
YOLO11s,Norway__Norway_004954,D00,0.000983,False
YOLO11s,Norway__Norway_004954,D00,0.000748,False
YOLO11s,Norway__Norway_004954,D00,0.000565,False
YOLO11s,Norway__Norway_004954,D00,0.0085,True
YOLO11s,Norway__Norway_004966,D00,0.000246,False
YOLO11s,Norway__Norway_004966,D00,0.00056,False
YOLO11s,Norway__Norway_004966,D00,0.000279,False
YOLO11s,Norway__Norway_004966,D00,0.010002,False
YOLO11s,Norway__Norway_004969,D00,0.000675,False
YOLO11s,Norway__Norway_004969,D00,0.032056,True
YOLO11s,Norway__Norway_004969,D00,0.003191,False
YOLO11s,Norway__Norway_004969,D00,0.001393,False
YOLO11s,Norway__Norway_004971,D00,0.006651,False
YOLO11s,Norway__Norway_004971,D10,0.004459,False
YOLO11s,Norway__Norway_005032,D00,0.000394,True
YOLO11s,Norway__Norway_005032,D00,0.001386,True
YOLO11s,Norway__Norway_005044,D00,0.025157,True
YOLO11s,Norway__Norway_005044,D00,0.00288,True
YOLO11s,Norway__Norway_005051,D00,0.005205,False
YOLO11s,Norway__Norway_005055,D00,0.000872,False
YOLO11s,Norway__Norway_005055,D00,0.013887,False
YOLO11s,Norway__Norway_005055,D00,0.001975,False
YOLO11s,Norway__Norway_005055,D00,0.00122,False
YOLO11s,Norway__Norway_005055,D00,0.010101,False
YOLO11s,Norway__Norway_005075,D00,0.018847,False
YOLO11s,Norway__Norway_005096,D00,0.005708,False
YOLO11s,Norway__Norway_005108,D00,0.007985,False
YOLO11s,Norway__Norway_005108,D00,0.00376,False
YOLO11s,Norway__Norway_005108,D00,0.017443,False
YOLO11s,Norway__Norway_005108,D00,0.010562,False
YOLO11s,Norway__Norway_005121,D00,0.020642,False
YOLO11s,Norway__Norway_005121,D20,0.031743,False
YOLO11s,Norway__Norway_005140,D00,0.000261,False
YOLO11s,Norway__Norway_005168,D00,0.007708,True
YOLO11s,Norway__Norway_005197,D00,0.031956,True
YOLO11s,Norway__Norway_005238,D00,0.001642,True
YOLO11s,Norway__Norway_005238,D40,0.000596,False
YOLO11s,Norway__Norway_005238,D20,0.000858,False
YOLO11s,Norway__Norway_005238,D40,0.000161,False
YOLO11s,Norway__Norway_005238,D00,0.003444,True
YOLO11s,Norway__Norway_005238,D20,0.000259,False
YOLO11s,Norway__Norway_005238,D10,0.001505,False
YOLO11s,Norway__Norway_005238,D40,0.001653,False
YOLO11s,Norway__Norway_005238,D00,0.000309,False
YOLO11s,Norway__Norway_005238,D10,0.003168,False
YOLO11s,Norway__Norway_005238,D00,0.001471,False
YOLO11s,Norway__Norway_005238,D00,0.001272,False
YOLO11s,Norway__Norway_005238,D10,0.00185,False
YOLO11s,Norway__Norway_005238,D00,0.001183,False
YOLO11s,Norway__Norway_005238,D00,0.004283,True
YOLO11s,Norway__Norway_005238,D00,0.003275,True
YOLO11s,Norway__Norway_005238,D00,0.006958,True
YOLO11s,Norway__Norway_005238,D10,0.004178,False
YOLO11s,Norway__Norway_005242,D00,0.002759,False
YOLO11s,Norway__Norway_005242,D40,3.4e-05,False
YOLO11s,Norway__Norway_005242,D00,0.000363,False
YOLO11s,Norway__Norway_005242,D00,0.000885,False
YOLO11s,Norway__Norway_005242,D20,0.072293,True
YOLO11s,Norway__Norway_005242,D40,0.000896,False
YOLO11s,Norway__Norway_005242,D00,0.004229,True
YOLO11s,Norway__Norway_005242,D40,0.00025,False
YOLO11s,Norway__Norway_005242,D20,0.005312,False
YOLO11s,Norway__Norway_005242,D00,0.000596,False
YOLO11s,Norway__Norway_005263,D00,0.023671,False
YOLO11s,Norway__Norway_005263,D00,0.000951,False
YOLO11s,Norway__Norway_005267,D00,0.001345,False
YOLO11s,Norway__Norway_005274,D00,0.001335,False
YOLO11s,Norway__Norway_005274,D00,0.00419,False
YOLO11s,Norway__Norway_005274,D00,6.2e-05,False
YOLO11s,Norway__Norway_005274,D00,0.002942,False
YOLO11s,Norway__Norway_005274,D00,0.001962,True
YOLO11s,Norway__Norway_005274,D00,0.005505,True
YOLO11s,Norway__Norway_005274,D00,0.000877,True
YOLO11s,Norway__Norway_005341,D00,0.01362,False
YOLO11s,Norway__Norway_005363,D10,0.002556,False
YOLO11s,Norway__Norway_005363,D10,0.02498,False
YOLO11s,Norway__Norway_005392,D00,0.016009,False
YOLO11s,Norway__Norway_005400,D00,0.016908,False
YOLO11s,Norway__Norway_005415,D00,0.001531,False
YOLO11s,Norway__Norway_005415,D00,0.000159,False
YOLO11s,Norway__Norway_005441,D40,0.000365,False
YOLO11s,Norway__Norway_005441,D00,7.8e-05,False
YOLO11s,Norway__Norway_005441,D00,0.002314,False
YOLO11s,Norway__Norway_005441,D00,0.000106,False
YOLO11s,Norway__Norway_005443,D00,0.000244,True
YOLO11s,Norway__Norway_005443,D00,0.001361,True
YOLO11s,Norway__Norway_005443,D00,0.008151,True
YOLO11s,Norway__Norway_005445,D10,0.037165,True
YOLO11s,Norway__Norway_005473,D00,0.00039,False
YOLO11s,Norway__Norway_005473,D00,0.024501,False
YOLO11s,Norway__Norway_005473,D00,0.000604,False
YOLO11s,Norway__Norway_005473,D10,0.003691,False
YOLO11s,Norway__Norway_005501,D10,0.000433,False
YOLO11s,Norway__Norway_005525,D00,0.006423,False
YOLO11s,Norway__Norway_005525,D00,0.002889,True
YOLO11s,Norway__Norway_005547,D10,0.002186,False
YOLO11s,Norway__Norway_005553,D00,0.002278,True
YOLO11s,Norway__Norway_005553,D40,0.001566,False
YOLO11s,Norway__Norway_005553,D40,0.005404,False
YOLO11s,Norway__Norway_005559,D00,0.000808,False
YOLO11s,Norway__Norway_005559,D00,2.8e-05,False
YOLO11s,Norway__Norway_005559,D10,0.000333,False
YOLO11s,Norway__Norway_005559,D00,0.000193,False
YOLO11s,Norway__Norway_005559,D00,0.000177,False
YOLO11s,Norway__Norway_005559,D10,0.000186,False
YOLO11s,Norway__Norway_005559,D00,0.008338,False
YOLO11s,Norway__Norway_005559,D10,0.00013,False
YOLO11s,Norway__Norway_005559,D00,0.000743,False
YOLO11s,Norway__Norway_005559,D10,0.0026,False
YOLO11s,Norway__Norway_005559,D00,0.000527,False
YOLO11s,Norway__Norway_005559,D00,0.000382,False
YOLO11s,Norway__Norway_005559,D10,5.1e-05,False
YOLO11s,Norway__Norway_005559,D10,0.000603,False
YOLO11s,Norway__Norway_005559,D00,0.016014,True
YOLO11s,Norway__Norway_005559,D10,0.000632,False
YOLO11s,Norway__Norway_005559,D00,0.000238,False
YOLO11s,Norway__Norway_005559,D00,0.000131,False
YOLO11s,Norway__Norway_005559,D10,8.7e-05,False
YOLO11s,Norway__Norway_005559,D10,0.000303,False
YOLO11s,Norway__Norway_005559,D00,0.009673,True
YOLO11s,Norway__Norway_005596,D00,0.01105,False
YOLO11s,Norway__Norway_005596,D00,0.004894,False
YOLO11s,Norway__Norway_005596,D00,0.014885,False
YOLO11s,Norway__Norway_005596,D00,0.008345,False
YOLO11s,Norway__Norway_005610,D00,0.000632,False
YOLO11s,Norway__Norway_005617,D00,0.005904,False
YOLO11s,Norway__Norway_005619,D10,0.011051,True
YOLO11s,Norway__Norway_005632,D10,0.002207,False
YOLO11s,Norway__Norway_005632,D00,0.000544,False
YOLO11s,Norway__Norway_005632,D00,0.000337,False
YOLO11s,Norway__Norway_005652,D10,0.002507,False
YOLO11s,Norway__Norway_005652,D10,0.020739,False
YOLO11s,Norway__Norway_005652,D00,0.006713,False
YOLO11s,Norway__Norway_005661,D00,0.002104,False
YOLO11s,Norway__Norway_005661,D00,0.007309,True
YOLO11s,Norway__Norway_005661,D00,0.015508,False
YOLO11s,Norway__Norway_005667,D00,0.000214,False
YOLO11s,Norway__Norway_005686,D20,0.003384,False
YOLO11s,Norway__Norway_005711,D10,0.004713,False
YOLO11s,Norway__Norway_005716,D00,0.001305,False
YOLO11s,Norway__Norway_005727,D00,0.018595,True
YOLO11s,Norway__Norway_005727,D40,0.004774,False
YOLO11s,Norway__Norway_005727,D00,0.002711,False
YOLO11s,Norway__Norway_005727,D00,0.003378,True
YOLO11s,Norway__Norway_005727,D00,0.003187,False
YOLO11s,Norway__Norway_005727,D10,0.004231,False
YOLO11s,Norway__Norway_005754,D00,0.003596,True
YOLO11s,Norway__Norway_005754,D00,0.003856,False
YOLO11s,Norway__Norway_005754,D00,0.000148,False
YOLO11s,Norway__Norway_005754,D00,0.00053,False
YOLO11s,Norway__Norway_005754,D00,0.000217,True
YOLO11s,Norway__Norway_005754,D00,0.000308,False
YOLO11s,Norway__Norway_005754,D00,0.001798,True
YOLO11s,Norway__Norway_005754,D00,0.000557,False
YOLO11s,Norway__Norway_005754,D00,0.008662,False
YOLO11s,Norway__Norway_005760,D00,0.09485,True
YOLO11s,Norway__Norway_005793,D00,0.005431,True
YOLO11s,Norway__Norway_005793,D00,0.000364,False
YOLO11s,Norway__Norway_005793,D00,0.02454,False
YOLO11s,Norway__Norway_005810,D00,0.014805,True
YOLO11s,Norway__Norway_005820,D40,0.000198,False
YOLO11s,Norway__Norway_005820,D00,0.001982,False
YOLO11s,Norway__Norway_005820,D00,0.015718,False
YOLO11s,Norway__Norway_005826,D00,0.028382,True
YOLO11s,Norway__Norway_005829,D00,0.000747,False
YOLO11s,Norway__Norway_005829,D00,0.003445,False
YOLO11s,Norway__Norway_005835,D10,0.019029,False
YOLO11s,Norway__Norway_005835,D10,0.03605,True
YOLO11s,Norway__Norway_005835,D10,0.018517,False
YOLO11s,Norway__Norway_005835,D10,0.005485,False
YOLO11s,Norway__Norway_005835,D10,0.001481,False
YOLO11s,Norway__Norway_005866,D00,0.040941,True
YOLO11s,Norway__Norway_005898,D00,0.000231,False
YOLO11s,Norway__Norway_005898,D00,0.00125,False
YOLO11s,Norway__Norway_005898,D00,0.068359,True
YOLO11s,Norway__Norway_005898,D00,0.000634,False
YOLO11s,Norway__Norway_005930,D00,0.006893,True
YOLO11s,Norway__Norway_005930,D00,0.071765,True
YOLO11s,Norway__Norway_005930,D00,0.009375,True
YOLO11s,Norway__Norway_005930,D00,0.017186,True
YOLO11s,Norway__Norway_005964,D10,0.001713,False
YOLO11s,Norway__Norway_005964,D10,0.0065,False
YOLO11s,Norway__Norway_005964,D00,5.4e-05,False
YOLO11s,Norway__Norway_005964,D10,0.00045,False
YOLO11s,Norway__Norway_005964,D00,0.002074,True
YOLO11s,Norway__Norway_005964,D10,0.005086,False
YOLO11s,Norway__Norway_005964,D00,0.000667,False
YOLO11s,Norway__Norway_005964,D10,0.000922,False
YOLO11s,Norway__Norway_005971,D00,0.000681,False
YOLO11s,Norway__Norway_005971,D00,0.000619,False
YOLO11s,Norway__Norway_005971,D00,0.000578,False
YOLO11s,Norway__Norway_005982,D00,0.00257,False
YOLO11s,Norway__Norway_005982,D20,0.005881,True
YOLO11s,Norway__Norway_005983,D00,0.01686,False
YOLO11s,Norway__Norway_005983,D00,0.056793,True
YOLO11s,Norway__Norway_005996,D00,0.053561,True
YOLO11s,Norway__Norway_006023,D00,0.01647,False
YOLO11s,Norway__Norway_006052,D00,0.007091,True
YOLO11s,Norway__Norway_006133,D00,0.008117,False
YOLO11s,Norway__Norway_006137,D40,0.003711,False
YOLO11s,Norway__Norway_006137,D40,0.000893,False
YOLO11s,Norway__Norway_006137,D40,0.001526,False
YOLO11s,Norway__Norway_006150,D00,0.014862,False
YOLO11s,Norway__Norway_006166,D00,0.002249,True
YOLO11s,Norway__Norway_006168,D00,0.001933,False
YOLO11s,Norway__Norway_006168,D10,0.002094,False
YOLO11s,Norway__Norway_006168,D00,0.000241,False
YOLO11s,Norway__Norway_006168,D10,0.004747,False
YOLO11s,Norway__Norway_006168,D10,0.00926,False
YOLO11s,Norway__Norway_006168,D10,0.001487,False
YOLO11s,Norway__Norway_006168,D20,0.006063,False
YOLO11s,Norway__Norway_006168,D00,0.000153,False
YOLO11s,Norway__Norway_006168,D10,0.005952,True
YOLO11s,Norway__Norway_006168,D00,0.000621,False
YOLO11s,Norway__Norway_006168,D00,0.007996,False
YOLO11s,Norway__Norway_006168,D10,0.002227,False
YOLO11s,Norway__Norway_006168,D00,0.005034,False
YOLO11s,Norway__Norway_006168,D10,0.002345,False
YOLO11s,Norway__Norway_006168,D10,0.00143,False
YOLO11s,Norway__Norway_006168,D10,0.003934,True
YOLO11s,Norway__Norway_006168,D10,0.000634,False
YOLO11s,Norway__Norway_006168,D00,0.027989,True
YOLO11s,Norway__Norway_006168,D00,0.000558,False
YOLO11s,Norway__Norway_006168,D10,0.003552,False
YOLO11s,Norway__Norway_006168,D00,0.000939,True
YOLO11s,Norway__Norway_006168,D00,0.000939,True
YOLO11s,Norway__Norway_006168,D40,0.007618,False
YOLO11s,Norway__Norway_006168,D00,0.019455,False
YOLO11s,Norway__Norway_006168,D40,0.000886,False
YOLO11s,Norway__Norway_006172,D10,0.021696,False
YOLO11s,Norway__Norway_006193,D10,0.0039,False
YOLO11s,Norway__Norway_006222,D20,0.001619,False
YOLO11s,Norway__Norway_006222,D20,0.002543,False
YOLO11s,Norway__Norway_006222,D00,0.001267,False
YOLO11s,Norway__Norway_006222,D10,0.00203,False
YOLO11s,Norway__Norway_006222,D10,0.001949,False
YOLO11s,Norway__Norway_006222,D00,0.002128,True
YOLO11s,Norway__Norway_006227,D00,0.000457,False
YOLO11s,Norway__Norway_006227,D00,0.000261,False
YOLO11s,Norway__Norway_006235,D00,0.006317,True
YOLO11s,Norway__Norway_006235,D10,0.0141,False
YOLO11s,Norway__Norway_006235,D00,0.015072,False
YOLO11s,Norway__Norway_006235,D00,0.006836,False
YOLO11s,Norway__Norway_006235,D00,0.012445,True
YOLO11s,Norway__Norway_006235,D10,0.012251,False
YOLO11s,Norway__Norway_006235,D00,0.001715,False
YOLO11s,Norway__Norway_006235,D00,0.009033,False
YOLO11s,Norway__Norway_006235,D00,0.004304,False
YOLO11s,Norway__Norway_006235,D00,0.008326,False
YOLO11s,Norway__Norway_006236,D00,0.000936,False
YOLO11s,Norway__Norway_006236,D00,0.000766,False
YOLO11s,Norway__Norway_006236,D00,0.0079,False
YOLO11s,Norway__Norway_006236,D10,0.000271,False
YOLO11s,Norway__Norway_006236,D00,0.009664,True
YOLO11s,Norway__Norway_006236,D00,0.000996,False
YOLO11s,Norway__Norway_006261,D00,0.013944,True
YOLO11s,Norway__Norway_006265,D00,0.000834,False
YOLO11s,Norway__Norway_006265,D00,0.000538,False
YOLO11s,Norway__Norway_006265,D00,0.001634,False
YOLO11s,Norway__Norway_006265,D00,0.000307,False
YOLO11s,Norway__Norway_006271,D00,0.004005,True
YOLO11s,Norway__Norway_006271,D00,0.023363,False
YOLO11s,Norway__Norway_006271,D00,0.01328,False
YOLO11s,Norway__Norway_006319,D00,0.000477,False
YOLO11s,Norway__Norway_006319,D00,0.000152,False
YOLO11s,Norway__Norway_006319,D00,0.008868,True
YOLO11s,Norway__Norway_006319,D00,0.006774,True
YOLO11s,Norway__Norway_006319,D20,0.003843,False
YOLO11s,Norway__Norway_006323,D00,1.8e-05,False
YOLO11s,Norway__Norway_006323,D00,0.00039,False
YOLO11s,Norway__Norway_006323,D00,0.000261,False
YOLO11s,Norway__Norway_006323,D00,0.017108,False
YOLO11s,Norway__Norway_006323,D00,0.000185,False
YOLO11s,Norway__Norway_006323,D00,0.004927,False
YOLO11s,Norway__Norway_006323,D00,0.009428,True
YOLO11s,Norway__Norway_006323,D00,4.7e-05,False
YOLO11s,Norway__Norway_006331,D20,0.005784,False
YOLO11s,Norway__Norway_006331,D00,0.016342,False
YOLO11s,Norway__Norway_006331,D20,0.057973,True
YOLO11s,Norway__Norway_006331,D20,0.001445,False
YOLO11s,Norway__Norway_006331,D00,0.013149,False
YOLO11s,Norway__Norway_006331,D00,0.003706,False
YOLO11s,Norway__Norway_006335,D00,0.018309,False
YOLO11s,Norway__Norway_006335,D00,0.011826,False
YOLO11s,Norway__Norway_006338,D00,0.003168,True
YOLO11s,Norway__Norway_006338,D40,0.000148,False
YOLO11s,Norway__Norway_006338,D00,0.001656,True
YOLO11s,Norway__Norway_006338,D00,0.000391,False
YOLO11s,Norway__Norway_006338,D00,0.001402,False
YOLO11s,Norway__Norway_006338,D40,0.000249,False
YOLO11s,Norway__Norway_006338,D00,0.001237,False
YOLO11s,Norway__Norway_006338,D00,0.000285,False
YOLO11s,Norway__Norway_006338,D20,0.010388,False
YOLO11s,Norway__Norway_006338,D20,0.002994,False
YOLO11s,Norway__Norway_006338,D00,0.000732,False
YOLO11s,Norway__Norway_006338,D00,0.000298,False
YOLO11s,Norway__Norway_006349,D10,0.000192,False
YOLO11s,Norway__Norway_006349,D00,0.000276,False
YOLO11s,Norway__Norway_006349,D00,0.000433,False
YOLO11s,Norway__Norway_006349,D00,0.001046,True
YOLO11s,Norway__Norway_006360,D00,0.000202,False
YOLO11s,Norway__Norway_006360,D00,0.004342,True
YOLO11s,Norway__Norway_006360,D00,0.000113,False
YOLO11s,Norway__Norway_006360,D00,0.000298,False
YOLO11s,Norway__Norway_006360,D00,0.001311,True
YOLO11s,Norway__Norway_006360,D00,0.000785,True
YOLO11s,Norway__Norway_006369,D00,0.023035,False
YOLO11s,Norway__Norway_006379,D20,0.014383,False
YOLO11s,Norway__Norway_006379,D00,0.005374,False
YOLO11s,Norway__Norway_006404,D00,0.000536,False
YOLO11s,Norway__Norway_006404,D00,0.019057,False
YOLO11s,Norway__Norway_006404,D00,0.012676,True
YOLO11s,Norway__Norway_006404,D10,0.032061,True
YOLO11s,Norway__Norway_006417,D10,0.024468,False
YOLO11s,Norway__Norway_006417,D00,0.010687,True
YOLO11s,Norway__Norway_006417,D00,0.000953,True
YOLO11s,Norway__Norway_006480,D00,0.004435,True
YOLO11s,Norway__Norway_006480,D00,0.001191,False
YOLO11s,Norway__Norway_006480,D00,0.007038,True
YOLO11s,Norway__Norway_006480,D00,0.004778,False
YOLO11s,Norway__Norway_006480,D00,0.002566,True
YOLO11s,Norway__Norway_006482,D00,0.000695,False
YOLO11s,Norway__Norway_006482,D00,0.002388,False
YOLO11s,Norway__Norway_006508,D10,0.000873,False
YOLO11s,Norway__Norway_006528,D00,0.010733,False
YOLO11s,Norway__Norway_006528,D00,0.000972,False
YOLO11s,Norway__Norway_006528,D00,0.00946,False
YOLO11s,Norway__Norway_006528,D10,0.02117,False
YOLO11s,Norway__Norway_006533,D00,0.013026,False
YOLO11s,Norway__Norway_006550,D00,0.053104,True
YOLO11s,Norway__Norway_006550,D00,0.000437,False
YOLO11s,Norway__Norway_006550,D00,0.003004,False
YOLO11s,Norway__Norway_006550,D00,0.000269,False
YOLO11s,Norway__Norway_006550,D00,0.000258,False
YOLO11s,Norway__Norway_006550,D00,0.000837,False
YOLO11s,Norway__Norway_006556,D00,0.000121,False
YOLO11s,Norway__Norway_006556,D00,0.002236,False
YOLO11s,Norway__Norway_006556,D00,0.000615,False
YOLO11s,Norway__Norway_006556,D00,0.000137,False
YOLO11s,Norway__Norway_006556,D00,0.00108,False
YOLO11s,Norway__Norway_006556,D00,0.001121,False
YOLO11s,Norway__Norway_006556,D00,0.00497,False
YOLO11s,Norway__Norway_006556,D00,0.012887,False
YOLO11s,Norway__Norway_006556,D00,0.000452,False
YOLO11s,Norway__Norway_006556,D10,0.000106,False
YOLO11s,Norway__Norway_006556,D00,4.5e-05,False
YOLO11s,Norway__Norway_006556,D00,0.005573,True
YOLO11s,Norway__Norway_006556,D00,0.009146,True
YOLO11s,Norway__Norway_006556,D00,0.000253,False
YOLO11s,Norway__Norway_006556,D00,0.00195,True
YOLO11s,Norway__Norway_006556,D00,0.001338,False
YOLO11s,Norway__Norway_006556,D00,0.013557,False
YOLO11s,Norway__Norway_006556,D00,2.5e-05,False
YOLO11s,Norway__Norway_006556,D00,0.000346,False
YOLO11s,Norway__Norway_006556,D00,0.000379,False
YOLO11s,Norway__Norway_006556,D00,0.00021,False
YOLO11s,Norway__Norway_006556,D00,4.9e-05,False
YOLO11s,Norway__Norway_006556,D00,0.024968,True
YOLO11s,Norway__Norway_006556,D00,0.000536,True
YOLO11s,Norway__Norway_006556,D00,4.2e-05,False
YOLO11s,Norway__Norway_006556,D00,0.001471,False
YOLO11s,Norway__Norway_006556,D00,0.000272,False
YOLO11s,Norway__Norway_006556,D00,0.000729,False
YOLO11s,Norway__Norway_006556,D00,0.000616,False
YOLO11s,Norway__Norway_006556,D10,0.000631,False
YOLO11s,Norway__Norway_006556,D00,0.00016,False
YOLO11s,Norway__Norway_006559,D00,0.0002,False
YOLO11s,Norway__Norway_006559,D00,6e-05,False
YOLO11s,Norway__Norway_006559,D00,0.000208,False
YOLO11s,Norway__Norway_006559,D00,0.001732,False
YOLO11s,Norway__Norway_006559,D00,0.000148,False
YOLO11s,Norway__Norway_006559,D00,0.000635,False
YOLO11s,Norway__Norway_006559,D00,7.9e-05,False
YOLO11s,Norway__Norway_006559,D00,0.000208,False
YOLO11s,Norway__Norway_006559,D00,0.001988,False
YOLO11s,Norway__Norway_006559,D00,4.7e-05,False
YOLO11s,Norway__Norway_006565,D10,0.018246,False
YOLO11s,Norway__Norway_006565,D00,7.9e-05,False
YOLO11s,Norway__Norway_006565,D00,0.011776,False
YOLO11s,Norway__Norway_006565,D20,0.00578,False
YOLO11s,Norway__Norway_006565,D00,3.7e-05,False
YOLO11s,Norway__Norway_006565,D00,7.7e-05,False
YOLO11s,Norway__Norway_006565,D00,0.000182,False
YOLO11s,Norway__Norway_006565,D20,0.0039,False
YOLO11s,Norway__Norway_006565,D00,6e-05,False
YOLO11s,Norway__Norway_006565,D00,0.000221,False
YOLO11s,Norway__Norway_006565,D00,0.000105,False
YOLO11s,Norway__Norway_006583,D10,0.002159,False
YOLO11s,Norway__Norway_006583,D00,0.016054,False
YOLO11s,Norway__Norway_006605,D00,0.004625,False
YOLO11s,Norway__Norway_006605,D00,0.02517,False
YOLO11s,Norway__Norway_006605,D20,0.091025,True
YOLO11s,Norway__Norway_006605,D00,0.000995,False
YOLO11s,Norway__Norway_006626,D00,0.000861,False
YOLO11s,Norway__Norway_006627,D10,0.024664,True
YOLO11s,Norway__Norway_006627,D00,0.005474,True
YOLO11s,Norway__Norway_006647,D10,0.030905,True
YOLO11s,Norway__Norway_006655,D40,0.000246,False
YOLO11s,Norway__Norway_006711,D00,0.000219,False
YOLO11s,Norway__Norway_006711,D00,0.020965,False
YOLO11s,Norway__Norway_006711,D10,0.004003,False
YOLO11s,Norway__Norway_006711,D00,0.000802,False
YOLO11s,Norway__Norway_006711,D00,0.000854,False
YOLO11s,Norway__Norway_006711,D00,0.001634,False
YOLO11s,Norway__Norway_006711,D00,0.00036,False
YOLO11s,Norway__Norway_006711,D00,0.004211,True
YOLO11s,Norway__Norway_006739,D00,0.009006,True
YOLO11s,Norway__Norway_006739,D00,0.027029,True
YOLO11s,Norway__Norway_006739,D00,0.000236,False
YOLO11s,Norway__Norway_006739,D00,0.001403,False
YOLO11s,Norway__Norway_006739,D00,0.089079,False
YOLO11s,Norway__Norway_006739,D00,0.000494,False
YOLO11s,Norway__Norway_006739,D00,0.000474,False
YOLO11s,Norway__Norway_006742,D00,0.001254,False
YOLO11s,Norway__Norway_006820,D10,0.02809,False
YOLO11s,Norway__Norway_006823,D10,0.003891,True
YOLO11s,Norway__Norway_006825,D00,0.000949,False
YOLO11s,Norway__Norway_006825,D00,0.003909,False
YOLO11s,Norway__Norway_006825,D00,0.008468,True
YOLO11s,Norway__Norway_006825,D00,0.000959,True
YOLO11s,Norway__Norway_006825,D10,0.007347,True
YOLO11s,Norway__Norway_006825,D00,0.000177,False
YOLO11s,Norway__Norway_006825,D10,0.00409,True
YOLO11s,Norway__Norway_006825,D00,0.00126,False
YOLO11s,Norway__Norway_006825,D00,0.018002,True
YOLO11s,Norway__Norway_006825,D00,0.006944,True
YOLO11s,Norway__Norway_006897,D10,0.009238,False
YOLO11s,Norway__Norway_006897,D10,0.003805,False
YOLO11s,Norway__Norway_006897,D10,0.004621,False
YOLO11s,Norway__Norway_006935,D10,0.047737,True
YOLO11s,Norway__Norway_006937,D00,0.045315,True
YOLO11s,Norway__Norway_006937,D00,0.009915,True
YOLO11s,Norway__Norway_006937,D00,0.004113,False
YOLO11s,Norway__Norway_006942,D00,0.045082,True
YOLO11s,Norway__Norway_006942,D00,0.000991,False
YOLO11s,Norway__Norway_006942,D00,0.014779,True
YOLO11s,Norway__Norway_006942,D00,0.007611,True
YOLO11s,Norway__Norway_006973,D00,0.030746,True
YOLO11s,Norway__Norway_006973,D00,0.055442,True
YOLO11s,Norway__Norway_007023,D00,0.048071,False
YOLO11s,Norway__Norway_007023,D00,0.003055,False
YOLO11s,Norway__Norway_007040,D00,0.001806,False
YOLO11s,Norway__Norway_007040,D00,0.002741,True
YOLO11s,Norway__Norway_007040,D00,0.000563,False
YOLO11s,Norway__Norway_007040,D00,0.000577,False
YOLO11s,Norway__Norway_007040,D00,0.000303,False
YOLO11s,Norway__Norway_007047,D00,0.029194,True
YOLO11s,Norway__Norway_007053,D00,0.041626,True
YOLO11s,Norway__Norway_007099,D00,0.011356,False
YOLO11s,Norway__Norway_007099,D00,0.004634,False
YOLO11s,Norway__Norway_007099,D00,0.044037,True
YOLO11s,Norway__Norway_007124,D00,0.00047,False
YOLO11s,Norway__Norway_007125,D10,0.006295,False
YOLO11s,Norway__Norway_007138,D00,0.0096,False
YOLO11s,Norway__Norway_007138,D00,0.000443,False
YOLO11s,Norway__Norway_007138,D00,0.001618,False
YOLO11s,Norway__Norway_007138,D00,0.046877,True
YOLO11s,Norway__Norway_007138,D00,0.003729,False
YOLO11s,Norway__Norway_007138,D00,0.003062,False
YOLO11s,Norway__Norway_007140,D00,0.001675,False
YOLO11s,Norway__Norway_007140,D00,0.0008,False
YOLO11s,Norway__Norway_007142,D00,0.002239,False
YOLO11s,Norway__Norway_007142,D00,0.011365,False
YOLO11s,Norway__Norway_007142,D00,0.00018,False
YOLO11s,Norway__Norway_007142,D00,6.6e-05,False
YOLO11s,Norway__Norway_007142,D00,0.000933,False
YOLO11s,Norway__Norway_007142,D00,0.003668,False
YOLO11s,Norway__Norway_007142,D00,0.005846,False
YOLO11s,Norway__Norway_007142,D00,0.001154,False
YOLO11s,Norway__Norway_007142,D00,0.019752,False
YOLO11s,Norway__Norway_007142,D00,0.000863,False
YOLO11s,Norway__Norway_007142,D00,0.000204,False
YOLO11s,Norway__Norway_007142,D00,0.015765,True
YOLO11s,Norway__Norway_007142,D00,0.015859,False
YOLO11s,Norway__Norway_007142,D00,0.001659,False
YOLO11s,Norway__Norway_007144,D00,0.002917,False
YOLO11s,Norway__Norway_007144,D00,0.001197,False
YOLO11s,Norway__Norway_007148,D00,0.000429,True
YOLO11s,Norway__Norway_007148,D00,0.000677,False
YOLO11s,Norway__Norway_007148,D00,0.000296,False
YOLO11s,Norway__Norway_007148,D00,0.000808,False
YOLO11s,Norway__Norway_007148,D00,0.000118,False
YOLO11s,Norway__Norway_007148,D00,0.000813,True
YOLO11s,Norway__Norway_007148,D00,0.003695,False
YOLO11s,Norway__Norway_007148,D00,0.000511,False
YOLO11s,Norway__Norway_007149,D00,0.004735,False
YOLO11s,Norway__Norway_007149,D00,0.002753,False
YOLO11s,Norway__Norway_007168,D20,0.002265,False
YOLO11s,Norway__Norway_007168,D10,0.001987,False
YOLO11s,Norway__Norway_007190,D40,0.000575,False
YOLO11s,Norway__Norway_007195,D00,0.013297,False
YOLO11s,Norway__Norway_007195,D00,0.001259,False
YOLO11s,Norway__Norway_007202,D20,0.000278,False
YOLO11s,Norway__Norway_007202,D00,0.001901,False
YOLO11s,Norway__Norway_007202,D00,0.000298,False
YOLO11s,Norway__Norway_007202,D40,0.000148,False
YOLO11s,Norway__Norway_007216,D00,0.000685,False
YOLO11s,Norway__Norway_007231,D40,0.000252,False
YOLO11s,Norway__Norway_007231,D40,0.002609,False
YOLO11s,Norway__Norway_007239,D00,0.051503,False
YOLO11s,Norway__Norway_007249,D00,0.031717,False
YOLO11s,Norway__Norway_007264,D10,0.004021,False
YOLO11s,Norway__Norway_007264,D00,0.001468,False
YOLO11s,Norway__Norway_007264,D00,0.000686,False
YOLO11s,Norway__Norway_007264,D00,0.001686,False
YOLO11s,Norway__Norway_007264,D20,0.000814,False
YOLO11s,Norway__Norway_007264,D20,0.006018,False
YOLO11s,Norway__Norway_007264,D00,0.00581,False
YOLO11s,Norway__Norway_007264,D00,0.002627,True
YOLO11s,Norway__Norway_007264,D20,0.002461,False
YOLO11s,Norway__Norway_007264,D00,0.000164,False
YOLO11s,Norway__Norway_007264,D00,0.008659,False
YOLO11s,Norway__Norway_007264,D00,0.029993,True
YOLO11s,Norway__Norway_007264,D00,0.001686,False
YOLO11s,Norway__Norway_007264,D20,0.000597,False
YOLO11s,Norway__Norway_007267,D00,0.002377,False
YOLO11s,Norway__Norway_007267,D00,0.002681,False
YOLO11s,Norway__Norway_007267,D00,0.011106,True
YOLO11s,Norway__Norway_007267,D00,0.007256,False
YOLO11s,Norway__Norway_007285,D00,0.07512,False
YOLO11s,Norway__Norway_007292,D00,0.003886,False
YOLO11s,Norway__Norway_007292,D10,0.004855,True
YOLO11s,Norway__Norway_007292,D00,0.001129,False
YOLO11s,Norway__Norway_007292,D00,0.004434,True
YOLO11s,Norway__Norway_007292,D00,0.0049,False
YOLO11s,Norway__Norway_007292,D00,0.004548,True
YOLO11s,Norway__Norway_007292,D10,0.010125,False
YOLO11s,Norway__Norway_007292,D00,0.001958,True
YOLO11s,Norway__Norway_007329,D40,0.000349,False
YOLO11s,Norway__Norway_007329,D00,0.007648,False
YOLO11s,Norway__Norway_007329,D00,0.003578,False
YOLO11s,Norway__Norway_007329,D00,0.001095,False
YOLO11s,Norway__Norway_007329,D00,0.010916,False
YOLO11s,Norway__Norway_007329,D40,0.000538,False
YOLO11s,Norway__Norway_007329,D40,0.000316,False
YOLO11s,Norway__Norway_007329,D00,0.021508,False
YOLO11s,Norway__Norway_007355,D00,0.008107,True
YOLO11s,Norway__Norway_007356,D00,0.003143,True
YOLO11s,Norway__Norway_007356,D00,0.006177,False
YOLO11s,Norway__Norway_007372,D00,0.006658,True
YOLO11s,Norway__Norway_007372,D00,0.003946,True
YOLO11s,Norway__Norway_007372,D00,0.000207,False
YOLO11s,Norway__Norway_007372,D00,0.009109,True
YOLO11s,Norway__Norway_007372,D10,0.001006,False
YOLO11s,Norway__Norway_007372,D10,0.002295,False
YOLO11s,Norway__Norway_007372,D10,0.000698,False
YOLO11s,Norway__Norway_007372,D00,0.004087,True
YOLO11s,Norway__Norway_007398,D00,0.000233,False
YOLO11s,Norway__Norway_007398,D00,0.002541,True
YOLO11s,Norway__Norway_007417,D00,0.008518,True
YOLO11s,Norway__Norway_007417,D00,0.007306,False
YOLO11s,Norway__Norway_007417,D00,0.002284,False
YOLO11s,Norway__Norway_007428,D00,0.005315,False
YOLO11s,Norway__Norway_007428,D00,0.001603,True
YOLO11s,Norway__Norway_007428,D00,0.00018,False
YOLO11s,Norway__Norway_007428,D00,0.003667,False
YOLO11s,Norway__Norway_007428,D10,0.006447,False
YOLO11s,Norway__Norway_007428,D00,0.000106,False
YOLO11s,Norway__Norway_007428,D10,0.009835,False
YOLO11s,Norway__Norway_007497,D10,0.005057,False
YOLO11s,Norway__Norway_007498,D20,0.113297,True
YOLO11s,Norway__Norway_007498,D20,0.00713,False
YOLO11s,Norway__Norway_007520,D20,0.003207,False
YOLO11s,Norway__Norway_007520,D10,0.002004,False
YOLO11s,Norway__Norway_007520,D00,0.01367,True
YOLO11s,Norway__Norway_007520,D10,0.004673,False
YOLO11s,Norway__Norway_007520,D10,0.003432,False
YOLO11s,Norway__Norway_007520,D00,0.001254,False
YOLO11s,Norway__Norway_007520,D00,0.030237,False
YOLO11s,Norway__Norway_007520,D20,0.001781,False
YOLO11s,Norway__Norway_007520,D20,0.003511,False
YOLO11s,Norway__Norway_007520,D20,0.003239,False
YOLO11s,Norway__Norway_007520,D00,0.005398,False
YOLO11s,Norway__Norway_007535,D00,0.001981,False
YOLO11s,Norway__Norway_007535,D20,0.00882,True
YOLO11s,Norway__Norway_007540,D40,7.4e-05,False
YOLO11s,Norway__Norway_007540,D40,0.000175,False
YOLO11s,Norway__Norway_007540,D40,0.000224,False
YOLO11s,Norway__Norway_007540,D40,2.9e-05,False
YOLO11s,Norway__Norway_007540,D40,0.000272,False
YOLO11s,Norway__Norway_007586,D00,0.044046,False
YOLO11s,Norway__Norway_007589,D00,0.034301,True
YOLO11s,Norway__Norway_007589,D00,0.002475,False
YOLO11s,Norway__Norway_007589,D00,0.000831,False
YOLO11s,Norway__Norway_007634,D00,0.005046,False
YOLO11s,Norway__Norway_007634,D00,0.009423,False
YOLO11s,Norway__Norway_007634,D10,0.000812,False
YOLO11s,Norway__Norway_007659,D00,0.002833,False
YOLO11s,Norway__Norway_007659,D10,0.055332,False
YOLO11s,Norway__Norway_007659,D00,0.004038,False
YOLO11s,Norway__Norway_007659,D00,0.005035,False
YOLO11s,Norway__Norway_007659,D00,0.001443,False
YOLO11s,Norway__Norway_007680,D10,0.000291,False
YOLO11s,Norway__Norway_007680,D00,0.001139,False
YOLO11s,Norway__Norway_007680,D00,0.000278,False
YOLO11s,Norway__Norway_007680,D00,0.000111,False
YOLO11s,Norway__Norway_007680,D00,0.000149,False
YOLO11s,Norway__Norway_007680,D00,0.02181,False
YOLO11s,Norway__Norway_007680,D00,0.000512,False
YOLO11s,Norway__Norway_007704,D00,0.006843,True
YOLO11s,Norway__Norway_007704,D00,0.050818,True
YOLO11s,Norway__Norway_007707,D40,0.004259,False
YOLO11s,Norway__Norway_007718,D00,2.9e-05,False
YOLO11s,Norway__Norway_007718,D10,0.000149,False
YOLO11s,Norway__Norway_007718,D00,0.003762,False
YOLO11s,Norway__Norway_007718,D00,0.000243,False
YOLO11s,Norway__Norway_007718,D00,0.032371,True
YOLO11s,Norway__Norway_007718,D00,0.005228,False
YOLO11s,Norway__Norway_007718,D00,3.4e-05,False
YOLO11s,Norway__Norway_007718,D00,9.4e-05,False
YOLO11s,Norway__Norway_007718,D00,0.001546,True
YOLO11s,Norway__Norway_007718,D00,0.000242,False
YOLO11s,Norway__Norway_007718,D00,0.017813,False
YOLO11s,Norway__Norway_007747,D10,0.007329,False
YOLO11s,Norway__Norway_007747,D10,0.004526,False
YOLO11s,Norway__Norway_007747,D00,0.000783,False
YOLO11s,Norway__Norway_007780,D00,0.061212,True
YOLO11s,Norway__Norway_007780,D00,0.003023,False
YOLO11s,Norway__Norway_007780,D00,0.011893,False
YOLO11s,Norway__Norway_007799,D00,0.03076,True
YOLO11s,Norway__Norway_007799,D10,0.000866,False
YOLO11s,Norway__Norway_007799,D00,0.005142,True
YOLO11s,Norway__Norway_007799,D10,0.003717,False
YOLO11s,Norway__Norway_007799,D40,0.001339,True
YOLO11s,Norway__Norway_007799,D00,0.010593,False
YOLO11s,Norway__Norway_007799,D00,0.005112,True
YOLO11s,Norway__Norway_007799,D00,0.00438,False
YOLO11s,Norway__Norway_007799,D10,0.000547,False
YOLO11s,Norway__Norway_007799,D00,0.000875,True
YOLO11s,Norway__Norway_007799,D00,0.007343,False
YOLO11s,Norway__Norway_007799,D00,0.004877,False
YOLO11s,Norway__Norway_007799,D00,0.004013,True
YOLO11s,Norway__Norway_007799,D00,0.001406,True
YOLO11s,Norway__Norway_007799,D00,0.000945,False
YOLO11s,Norway__Norway_007799,D00,0.001217,False
YOLO11s,Norway__Norway_007799,D00,0.000756,True
YOLO11s,Norway__Norway_007799,D00,0.002089,True
YOLO11s,Norway__Norway_007812,D00,0.006261,False
YOLO11s,Norway__Norway_007812,D00,0.010875,False
YOLO11s,Norway__Norway_007824,D40,0.001177,True
YOLO11s,Norway__Norway_007832,D00,0.020715,False
YOLO11s,Norway__Norway_007834,D00,0.000363,False
YOLO11s,Norway__Norway_007834,D10,0.002457,False
YOLO11s,Norway__Norway_007834,D00,0.001348,False
YOLO11s,Norway__Norway_007861,D00,0.005633,True
YOLO11s,Norway__Norway_007861,D00,0.001995,False
YOLO11s,Norway__Norway_007902,D00,0.003285,False
YOLO11s,Norway__Norway_007902,D00,2.7e-05,False
YOLO11s,Norway__Norway_007931,D10,0.001533,False
YOLO11s,Norway__Norway_007940,D00,0.01498,True
YOLO11s,Norway__Norway_007965,D10,0.03025,False
YOLO11s,Norway__Norway_007965,D00,0.00701,False
YOLO11s,Norway__Norway_007965,D10,0.006535,False
YOLO11s,Norway__Norway_007965,D00,0.000687,False
YOLO11s,Norway__Norway_007965,D10,0.01318,False
YOLO11s,Norway__Norway_007965,D20,0.008725,True
YOLO11s,Norway__Norway_007965,D00,0.00042,False
YOLO11s,Norway__Norway_007965,D00,0.000486,False
YOLO11s,Norway__Norway_007965,D00,0.0074,True
YOLO11s,Norway__Norway_007970,D40,0.001333,False
YOLO11s,Norway__Norway_007970,D00,0.060088,False
YOLO11s,Norway__Norway_007970,D40,0.000684,False
YOLO11s,Norway__Norway_007981,D00,0.003959,False
YOLO11s,Norway__Norway_007982,D10,0.005275,False
YOLO11s,Norway__Norway_007982,D00,0.002846,True
YOLO11s,Norway__Norway_007982,D10,0.004195,False
YOLO11s,Norway__Norway_007982,D00,0.009329,True
YOLO11s,Norway__Norway_007982,D00,0.004685,True
YOLO11s,Norway__Norway_007999,D00,0.000416,False
YOLO11s,Norway__Norway_008000,D00,0.004997,True
YOLO11s,Norway__Norway_008000,D00,0.020434,False
YOLO11s,Norway__Norway_008007,D00,0.020707,False
YOLO11s,Norway__Norway_008007,D00,0.004269,False
YOLO11s,Norway__Norway_008036,D00,0.008336,False
YOLO11s,Norway__Norway_008100,D00,0.005881,False
YOLO11s,Norway__Norway_008100,D10,0.000704,False
YOLO11s,Norway__Norway_008100,D00,0.000243,False
YOLO11s,Norway__Norway_008100,D00,0.009161,False
YOLO11s,Norway__Norway_008100,D00,0.004273,False
YOLO11s,Norway__Norway_008100,D20,0.007691,False
YOLO11s,Norway__Norway_008100,D00,0.000168,False
YOLO11s,Norway__Norway_008100,D20,0.085807,True
YOLO11s,Norway__Norway_008137,D00,0.001978,True
YOLO11s,Norway__Norway_008137,D40,0.004491,False
YOLO11s,Norway__Norway_008137,D00,0.011207,False
YOLO11s,Norway__Norway_008146,D00,0.000986,False
YOLO11s,Norway__Norway_008156,D00,0.058365,True
YOLO11s,Norway__Norway_008156,D00,0.000153,False
YOLO11s,Norway__Norway_008156,D00,0.000349,False
YOLO11s,Norway__Norway_008156,D00,0.001199,False
YOLO11s,United_States__United_States_000005,D00,0.010352,True
YOLO11s,United_States__United_States_000009,D00,0.027224,True
YOLO11s,United_States__United_States_000022,D00,0.022148,True
YOLO11s,United_States__United_States_000022,D10,0.010596,True
YOLO11s,United_States__United_States_000022,D10,0.014492,True
YOLO11s,United_States__United_States_000023,D00,0.026211,True
YOLO11s,United_States__United_States_000028,D10,0.007024,True
YOLO11s,United_States__United_States_000028,D10,0.003779,True
YOLO11s,United_States__United_States_000031,D00,0.047659,True
YOLO11s,United_States__United_States_000031,D00,0.045183,True
YOLO11s,United_States__United_States_000031,D10,0.039102,True
YOLO11s,United_States__United_States_000043,D00,0.019043,True
YOLO11s,United_States__United_States_000043,D20,0.048679,False
YOLO11s,United_States__United_States_000043,D00,0.005298,False
YOLO11s,United_States__United_States_000046,D10,0.004482,False
YOLO11s,United_States__United_States_000046,D00,0.089705,False
YOLO11s,United_States__United_States_000052,D10,0.05167,True
YOLO11s,United_States__United_States_000061,D00,0.083789,True
YOLO11s,United_States__United_States_000061,D00,0.011387,True
YOLO11s,United_States__United_States_000062,D40,0.002461,False
YOLO11s,United_States__United_States_000062,D00,0.060166,True
YOLO11s,United_States__United_States_000062,D10,0.059678,False
YOLO11s,United_States__United_States_000062,D10,0.012061,True
YOLO11s,United_States__United_States_000078,D00,0.023359,True
YOLO11s,United_States__United_States_000100,D10,0.004604,True
YOLO11s,United_States__United_States_000100,D00,0.0154,True
YOLO11s,United_States__United_States_000100,D00,0.003633,False
YOLO11s,United_States__United_States_000100,D10,0.017717,True
YOLO11s,United_States__United_States_000102,D40,0.000937,False
YOLO11s,United_States__United_States_000103,D00,0.018914,True
YOLO11s,United_States__United_States_000107,D00,0.04166,True
YOLO11s,United_States__United_States_000107,D00,0.004268,True
YOLO11s,United_States__United_States_000107,D10,0.004871,True
YOLO11s,United_States__United_States_000107,D00,0.009346,True
YOLO11s,United_States__United_States_000107,D00,0.005938,True
YOLO11s,United_States__United_States_000110,D00,0.015469,True
YOLO11s,United_States__United_States_000125,D00,0.108281,True
YOLO11s,United_States__United_States_000127,D10,0.012305,True
YOLO11s,United_States__United_States_000127,D10,0.02168,True
YOLO11s,United_States__United_States_000127,D10,0.009844,False
YOLO11s,United_States__United_States_000129,D00,0.011074,True
YOLO11s,United_States__United_States_000129,D10,0.003845,False
YOLO11s,United_States__United_States_000132,D00,0.027676,True
YOLO11s,United_States__United_States_000158,D00,0.009575,False
YOLO11s,United_States__United_States_000158,D00,0.006504,False
YOLO11s,United_States__United_States_000158,D10,0.0105,True
YOLO11s,United_States__United_States_000171,D00,0.010313,True
YOLO11s,United_States__United_States_000171,D00,0.004268,True
YOLO11s,United_States__United_States_000180,D00,0.051797,True
YOLO11s,United_States__United_States_000180,D10,0.031978,True
YOLO11s,United_States__United_States_000180,D10,0.02625,True
YOLO11s,United_States__United_States_000180,D10,0.006201,True
YOLO11s,United_States__United_States_000180,D00,0.104556,True
YOLO11s,United_States__United_States_000191,D00,0.011829,True
YOLO11s,United_States__United_States_000191,D00,0.019739,True
YOLO11s,United_States__United_States_000191,D10,0.054463,False
YOLO11s,United_States__United_States_000194,D20,0.21499,True
YOLO11s,United_States__United_States_000197,D00,0.009045,True
YOLO11s,United_States__United_States_000197,D10,0.053442,False
YOLO11s,United_States__United_States_000198,D00,0.013235,True
YOLO11s,United_States__United_States_000198,D00,0.014832,False
YOLO11s,United_States__United_States_000198,D10,0.017603,False
YOLO11s,United_States__United_States_000202,D00,0.013477,True
YOLO11s,United_States__United_States_000203,D00,0.012246,True
YOLO11s,United_States__United_States_000211,D10,0.027852,False
YOLO11s,United_States__United_States_000211,D00,0.0579,False
YOLO11s,United_States__United_States_000213,D00,0.015139,False
YOLO11s,United_States__United_States_000213,D10,0.005273,True
YOLO11s,United_States__United_States_000213,D10,0.062402,True
YOLO11s,United_States__United_States_000213,D10,0.01136,False
YOLO11s,United_States__United_States_000214,D00,0.031172,False
YOLO11s,United_States__United_States_000214,D10,0.008438,True
YOLO11s,United_States__United_States_000214,D00,0.011143,False
YOLO11s,United_States__United_States_000219,D10,0.011733,True
YOLO11s,United_States__United_States_000219,D10,0.006064,False
YOLO11s,United_States__United_States_000219,D00,0.002739,True
YOLO11s,United_States__United_States_000219,D00,0.041426,False
YOLO11s,United_States__United_States_000227,D00,0.060398,True
YOLO11s,United_States__United_States_000227,D00,0.061245,False
YOLO11s,United_States__United_States_000234,D20,0.081123,True
YOLO11s,United_States__United_States_000255,D00,0.013477,True
YOLO11s,United_States__United_States_000255,D00,0.024844,True
YOLO11s,United_States__United_States_000263,D00,0.007656,True
YOLO11s,United_States__United_States_000263,D00,0.033027,True
YOLO11s,United_States__United_States_000263,D10,0.009023,True
YOLO11s,United_States__United_States_000263,D10,0.015029,False
YOLO11s,United_States__United_States_000279,D00,0.0029,True
YOLO11s,United_States__United_States_000279,D00,0.008467,True
YOLO11s,United_States__United_States_000279,D00,0.027754,True
YOLO11s,United_States__United_States_000279,D10,0.0224,True
YOLO11s,United_States__United_States_000281,D00,0.002505,True
YOLO11s,United_States__United_States_000281,D10,0.012246,False
YOLO11s,United_States__United_States_000281,D10,0.026367,False
YOLO11s,United_States__United_States_000285,D00,0.01752,False
YOLO11s,United_States__United_States_000294,D00,0.006445,False
YOLO11s,United_States__United_States_000294,D00,0.027178,True
YOLO11s,United_States__United_States_000302,D00,0.023408,True
YOLO11s,United_States__United_States_000302,D00,0.008213,True
YOLO11s,United_States__United_States_000302,D00,0.002344,True
YOLO11s,United_States__United_States_000319,D00,0.023203,True
YOLO11s,United_States__United_States_000319,D00,0.004731,True
YOLO11s,United_States__United_States_000319,D00,0.068701,True
YOLO11s,United_States__United_States_000319,D00,0.031821,True
YOLO11s,United_States__United_States_000325,D20,0.126328,False
YOLO11s,United_States__United_States_000343,D00,0.002246,True
YOLO11s,United_States__United_States_000343,D00,0.014558,True
YOLO11s,United_States__United_States_000343,D00,0.017578,True
YOLO11s,United_States__United_States_000349,D00,0.003301,False
YOLO11s,United_States__United_States_000349,D00,0.018799,True
YOLO11s,United_States__United_States_000349,D10,0.007974,True
YOLO11s,United_States__United_States_000349,D00,0.01207,True
YOLO11s,United_States__United_States_000350,D00,0.030752,True
YOLO11s,United_States__United_States_000353,D00,0.033875,False
YOLO11s,United_States__United_States_000353,D20,0.010393,False
YOLO11s,United_States__United_States_000358,D00,0.032388,True
YOLO11s,United_States__United_States_000358,D10,0.01437,True
YOLO11s,United_States__United_States_000358,D20,0.087656,True
YOLO11s,United_States__United_States_000370,D10,0.008535,True
YOLO11s,United_States__United_States_000370,D10,0.001743,False
YOLO11s,United_States__United_States_000370,D20,0.023101,False
YOLO11s,United_States__United_States_000370,D00,0.01105,True
YOLO11s,United_States__United_States_000370,D00,0.014194,False
YOLO11s,United_States__United_States_000371,D00,0.010937,False
YOLO11s,United_States__United_States_000371,D00,0.009668,False
YOLO11s,United_States__United_States_000371,D10,0.029219,False
YOLO11s,United_States__United_States_000372,D20,0.126436,True
YOLO11s,United_States__United_States_000372,D10,0.029609,False
YOLO11s,United_States__United_States_000374,D00,0.015742,True
YOLO11s,United_States__United_States_000375,D10,0.010762,True
YOLO11s,United_States__United_States_000375,D10,0.006042,True
YOLO11s,United_States__United_States_000375,D10,0.003438,False
YOLO11s,United_States__United_States_000375,D10,0.007617,False
YOLO11s,United_States__United_States_000376,D10,0.008984,True
YOLO11s,United_States__United_States_000376,D00,0.036641,True
YOLO11s,United_States__United_States_000376,D00,0.032285,False
YOLO11s,United_States__United_States_000376,D00,0.013672,True
YOLO11s,United_States__United_States_000376,D00,0.012163,False
YOLO11s,United_States__United_States_000382,D00,0.016758,False
YOLO11s,United_States__United_States_000382,D20,0.01002,False
YOLO11s,United_States__United_States_000382,D00,0.033398,True
YOLO11s,United_States__United_States_000382,D00,0.050615,True
YOLO11s,United_States__United_States_000384,D10,0.062012,False
YOLO11s,United_States__United_States_000384,D00,0.180352,False
YOLO11s,United_States__United_States_000407,D00,0.005146,True
YOLO11s,United_States__United_States_000407,D10,0.015125,False
YOLO11s,United_States__United_States_000411,D00,0.02168,True
YOLO11s,United_States__United_States_000415,D10,0.003237,True
YOLO11s,United_States__United_States_000415,D10,0.031055,True
YOLO11s,United_States__United_States_000415,D10,0.003369,True
YOLO11s,United_States__United_States_000415,D00,0.020625,True
YOLO11s,United_States__United_States_000415,D10,0.042209,False
YOLO11s,United_States__United_States_000441,D00,0.036001,True
YOLO11s,United_States__United_States_000441,D00,0.028472,True
YOLO11s,United_States__United_States_000447,D00,0.008491,True
YOLO11s,United_States__United_States_000452,D00,0.008423,True
YOLO11s,United_States__United_States_000456,D00,0.02666,False
YOLO11s,United_States__United_States_000456,D10,0.050427,False
YOLO11s,United_States__United_States_000465,D10,0.002615,False
YOLO11s,United_States__United_States_000465,D10,0.003296,True
YOLO11s,United_States__United_States_000465,D00,0.001531,False
YOLO11s,United_States__United_States_000473,D20,0.087305,True
YOLO11s,United_States__United_States_000476,D20,0.084668,True
YOLO11s,United_States__United_States_000476,D00,0.025151,True
YOLO11s,United_States__United_States_000476,D00,0.026125,True
YOLO11s,United_States__United_States_000478,D00,0.056362,True
YOLO11s,United_States__United_States_000485,D00,0.027466,True
YOLO11s,United_States__United_States_000492,D10,0.006641,True
YOLO11s,United_States__United_States_000492,D00,0.040371,True
YOLO11s,United_States__United_States_000494,D00,0.012854,True
YOLO11s,United_States__United_States_000494,D10,0.012356,True
YOLO11s,United_States__United_States_000512,D00,0.002869,True
YOLO11s,United_States__United_States_000512,D00,0.021074,True
YOLO11s,United_States__United_States_000528,D10,0.007446,True
YOLO11s,United_States__United_States_000528,D00,0.003062,False
YOLO11s,United_States__United_States_000528,D10,0.00498,False
YOLO11s,United_States__United_States_000528,D00,0.006699,True
YOLO11s,United_States__United_States_000528,D10,0.00875,False
YOLO11s,United_States__United_States_000528,D00,0.018643,True
YOLO11s,United_States__United_States_000528,D00,0.023328,False
YOLO11s,United_States__United_States_000537,D10,0.02022,True
YOLO11s,United_States__United_States_000544,D10,0.033301,False
YOLO11s,United_States__United_States_000544,D00,0.00126,False
YOLO11s,United_States__United_States_000546,D00,0.004614,False
YOLO11s,United_States__United_States_000546,D00,0.007471,True
YOLO11s,United_States__United_States_000546,D00,0.026301,False
YOLO11s,United_States__United_States_000547,D00,0.077314,True
YOLO11s,United_States__United_States_000547,D10,0.016875,True
YOLO11s,United_States__United_States_000547,D00,0.015439,False
YOLO11s,United_States__United_States_000547,D00,0.017725,False
YOLO11s,United_States__United_States_000547,D00,0.005505,False
YOLO11s,United_States__United_States_000547,D00,0.001702,True
YOLO11s,United_States__United_States_000547,D10,0.016492,False
YOLO11s,United_States__United_States_000547,D10,0.008203,False
YOLO11s,United_States__United_States_000560,D00,0.083555,True
YOLO11s,United_States__United_States_000560,D10,0.01375,True
YOLO11s,United_States__United_States_000560,D10,0.007998,True
YOLO11s,United_States__United_States_000560,D00,0.050859,True
YOLO11s,United_States__United_States_000560,D00,0.011125,False
YOLO11s,United_States__United_States_000563,D00,0.005288,True
YOLO11s,United_States__United_States_000563,D00,0.004219,False
YOLO11s,United_States__United_States_000569,D10,0.015415,True
YOLO11s,United_States__United_States_000569,D10,0.012598,False
YOLO11s,United_States__United_States_000570,D00,0.002153,False
YOLO11s,United_States__United_States_000570,D10,0.001318,False
YOLO11s,United_States__United_States_000570,D00,0.003691,True
YOLO11s,United_States__United_States_000570,D00,0.005239,True
YOLO11s,United_States__United_States_000572,D10,0.060908,False
YOLO11s,United_States__United_States_000572,D00,0.020391,True
YOLO11s,United_States__United_States_000572,D00,0.044751,True
YOLO11s,United_States__United_States_000594,D10,0.101265,True
YOLO11s,United_States__United_States_000594,D00,0.025293,True
YOLO11s,United_States__United_States_000594,D00,0.063562,True
YOLO11s,United_States__United_States_000594,D10,0.004666,True
YOLO11s,United_States__United_States_000597,D00,0.036182,False
YOLO11s,United_States__United_States_000598,D00,0.016895,True
YOLO11s,United_States__United_States_000598,D00,0.002539,False
YOLO11s,United_States__United_States_000598,D10,0.003403,True
YOLO11s,United_States__United_States_000598,D00,0.139717,True
YOLO11s,United_States__United_States_000598,D10,0.006885,False
YOLO11s,United_States__United_States_000598,D10,0.007886,False
YOLO11s,United_States__United_States_000602,D00,0.012812,True
YOLO11s,United_States__United_States_000602,D10,0.014272,False
YOLO11s,United_States__United_States_000602,D00,0.013906,False
YOLO11s,United_States__United_States_000613,D00,0.008818,True
YOLO11s,United_States__United_States_000633,D00,0.014932,True
YOLO11s,United_States__United_States_000634,D00,0.006328,True
YOLO11s,United_States__United_States_000634,D10,0.091421,True
YOLO11s,United_States__United_States_000637,D10,0.005801,True
YOLO11s,United_States__United_States_000637,D10,0.0073,False
YOLO11s,United_States__United_States_000637,D20,0.374414,True
YOLO11s,United_States__United_States_000642,D10,0.036714,False
YOLO11s,United_States__United_States_000642,D00,0.011621,False
YOLO11s,United_States__United_States_000642,D00,0.039053,False
YOLO11s,United_States__United_States_000643,D10,0.015198,True
YOLO11s,United_States__United_States_000643,D00,0.026914,True
YOLO11s,United_States__United_States_000644,D10,0.006819,True
YOLO11s,United_States__United_States_000644,D00,0.051543,True
YOLO11s,United_States__United_States_000648,D00,0.015278,False
YOLO11s,United_States__United_States_000658,D00,0.006514,True
YOLO11s,United_States__United_States_000658,D00,0.026406,True
YOLO11s,United_States__United_States_000661,D10,0.010376,True
YOLO11s,United_States__United_States_000661,D00,0.009814,True
YOLO11s,United_States__United_States_000661,D20,0.116963,False
YOLO11s,United_States__United_States_000661,D00,0.008887,True
YOLO11s,United_States__United_States_000661,D00,0.086914,True
YOLO11s,United_States__United_States_000661,D10,0.003779,False
YOLO11s,United_States__United_States_000661,D00,0.015615,False
YOLO11s,United_States__United_States_000668,D10,0.012939,True
YOLO11s,United_States__United_States_000672,D00,0.003906,True
YOLO11s,United_States__United_States_000672,D20,0.020366,False
YOLO11s,United_States__United_States_000672,D00,0.079912,True
YOLO11s,United_States__United_States_000674,D10,0.00832,False
YOLO11s,United_States__United_States_000674,D00,0.004648,True
YOLO11s,United_States__United_States_000684,D40,0.006094,False
YOLO11s,United_States__United_States_000684,D00,0.12041,True
YOLO11s,United_States__United_States_000684,D20,0.023223,False
YOLO11s,United_States__United_States_000684,D00,0.015308,True
YOLO11s,United_States__United_States_000685,D00,0.059561,True
YOLO11s,United_States__United_States_000685,D00,0.008909,False
YOLO11s,United_States__United_States_000685,D10,0.014687,False
YOLO11s,United_States__United_States_000685,D00,0.012422,False
YOLO11s,United_States__United_States_000692,D00,0.015586,True
YOLO11s,United_States__United_States_000692,D20,0.055781,False
YOLO11s,United_States__United_States_000692,D00,0.047725,True
YOLO11s,United_States__United_States_000708,D20,0.07875,True
YOLO11s,United_States__United_States_000709,D00,0.062588,True
YOLO11s,United_States__United_States_000709,D00,0.052812,True
YOLO11s,United_States__United_States_000710,D00,0.026396,True
YOLO11s,United_States__United_States_000711,D00,0.029668,True
YOLO11s,United_States__United_States_000711,D00,0.011484,True
YOLO11s,United_States__United_States_000711,D00,0.012695,True
YOLO11s,United_States__United_States_000711,D00,0.104844,True
YOLO11s,United_States__United_States_000711,D00,0.038672,True
YOLO11s,United_States__United_States_000713,D00,0.010803,True
YOLO11s,United_States__United_States_000713,D00,0.002881,True
YOLO11s,United_States__United_States_000713,D00,0.037563,True
YOLO11s,United_States__United_States_000725,D00,0.057422,False
YOLO11s,United_States__United_States_000725,D10,0.020166,False
YOLO11s,United_States__United_States_000728,D00,0.049839,True
YOLO11s,United_States__United_States_000733,D00,0.085693,True
YOLO11s,United_States__United_States_000733,D10,0.006355,False
YOLO11s,United_States__United_States_000739,D10,0.012185,True
YOLO11s,United_States__United_States_000739,D00,0.001953,True
YOLO11s,United_States__United_States_000739,D40,0.000752,False
YOLO11s,United_States__United_States_000739,D00,0.019336,True
YOLO11s,United_States__United_States_000741,D00,0.045703,True
YOLO11s,United_States__United_States_000741,D00,0.050256,False
YOLO11s,United_States__United_States_000741,D00,0.090967,False
YOLO11s,United_States__United_States_000741,D00,0.031421,False
YOLO11s,United_States__United_States_000743,D10,0.037395,True
YOLO11s,United_States__United_States_000743,D10,0.014194,False
YOLO11s,United_States__United_States_000745,D00,0.003633,True
YOLO11s,United_States__United_States_000745,D00,0.048984,True
YOLO11s,United_States__United_States_000746,D00,0.017217,True
YOLO11s,United_States__United_States_000746,D10,0.004443,False
YOLO11s,United_States__United_States_000749,D00,0.061938,True
YOLO11s,United_States__United_States_000749,D10,0.05085,True
YOLO11s,United_States__United_States_000751,D00,0.049307,True
YOLO11s,United_States__United_States_000751,D00,0.106128,True
YOLO11s,United_States__United_States_000751,D00,0.044409,True
YOLO11s,United_States__United_States_000755,D00,0.004717,True
YOLO11s,United_States__United_States_000755,D00,0.024199,True
YOLO11s,United_States__United_States_000763,D00,0.009844,False
YOLO11s,United_States__United_States_000763,D20,0.004189,False
YOLO11s,United_States__United_States_000763,D20,0.111211,True
YOLO11s,United_States__United_States_000765,D00,0.069487,True
YOLO11s,United_States__United_States_000765,D10,0.016992,True
YOLO11s,United_States__United_States_000765,D00,0.036738,False
YOLO11s,United_States__United_States_000765,D10,0.019316,False
YOLO11s,United_States__United_States_000771,D00,0.01998,False
YOLO11s,United_States__United_States_000771,D00,0.028457,False
YOLO11s,United_States__United_States_000774,D00,0.018809,False
YOLO11s,United_States__United_States_000776,D10,0.019094,False
YOLO11s,United_States__United_States_000776,D00,0.083105,True
YOLO11s,United_States__United_States_000792,D10,0.054905,True
YOLO11s,United_States__United_States_000792,D10,0.025791,False
YOLO11s,United_States__United_States_000792,D10,0.00998,True
YOLO11s,United_States__United_States_000792,D00,0.039609,False
YOLO11s,United_States__United_States_000794,D00,0.047852,True
YOLO11s,United_States__United_States_000796,D00,0.011875,True
YOLO11s,United_States__United_States_000803,D10,0.037397,True
YOLO11s,United_States__United_States_000805,D00,0.017671,True
YOLO11s,United_States__United_States_000805,D00,0.060154,False
YOLO11s,United_States__United_States_000805,D00,0.005562,False
YOLO11s,United_States__United_States_000806,D00,0.010557,True
YOLO11s,United_States__United_States_000806,D00,0.027642,True
YOLO11s,United_States__United_States_000818,D20,0.010947,False
YOLO11s,United_States__United_States_000818,D10,0.007627,True
YOLO11s,United_States__United_States_000828,D00,0.002319,True
YOLO11s,United_States__United_States_000831,D00,0.025654,True
YOLO11s,United_States__United_States_000835,D00,0.016934,True
YOLO11s,United_States__United_States_000835,D00,0.004731,True
YOLO11s,United_States__United_States_000846,D10,0.004199,True
YOLO11s,United_States__United_States_000860,D00,0.019688,True
YOLO11s,United_States__United_States_000871,D00,0.06542,True
YOLO11s,United_States__United_States_000871,D00,0.026025,True
YOLO11s,United_States__United_States_000879,D00,0.009973,False
YOLO11s,United_States__United_States_000879,D00,0.016545,True
YOLO11s,United_States__United_States_000879,D10,0.038013,False
YOLO11s,United_States__United_States_000883,D00,0.013647,True
YOLO11s,United_States__United_States_000883,D10,0.009609,True
YOLO11s,United_States__United_States_000883,D00,0.004604,True
YOLO11s,United_States__United_States_000883,D00,0.029883,False
YOLO11s,United_States__United_States_000887,D00,0.001702,True
YOLO11s,United_States__United_States_000903,D10,0.002539,True
YOLO11s,United_States__United_States_000903,D00,0.053701,False
YOLO11s,United_States__United_States_000905,D00,0.030339,True
YOLO11s,United_States__United_States_000905,D10,0.036499,True
YOLO11s,United_States__United_States_000905,D00,0.065229,False
YOLO11s,United_States__United_States_000905,D00,0.106392,True
YOLO11s,United_States__United_States_000905,D00,0.017407,False
YOLO11s,United_States__United_States_000928,D00,0.00613,True
YOLO11s,United_States__United_States_000928,D00,0.045869,True
YOLO11s,United_States__United_States_000928,D00,0.017646,True
YOLO11s,United_States__United_States_000928,D10,0.02054,False
YOLO11s,United_States__United_States_000934,D10,0.005425,True
YOLO11s,United_States__United_States_000941,D10,0.005127,True
YOLO11s,United_States__United_States_000941,D00,0.041733,True
YOLO11s,United_States__United_States_000958,D00,0.073008,True
YOLO11s,United_States__United_States_000963,D00,0.079956,True
YOLO11s,United_States__United_States_000963,D10,0.018662,False
YOLO11s,United_States__United_States_000963,D00,0.071587,True
YOLO11s,United_States__United_States_000963,D00,0.037009,False
YOLO11s,United_States__United_States_000963,D10,0.011108,False
YOLO11s,United_States__United_States_000971,D00,0.00376,True
YOLO11s,United_States__United_States_000971,D00,0.012085,True
YOLO11s,United_States__United_States_000994,D00,0.071094,True
YOLO11s,United_States__United_States_000994,D10,0.015771,False
YOLO11s,United_States__United_States_001010,D00,0.019824,False
YOLO11s,United_States__United_States_001025,D00,0.040356,True
YOLO11s,United_States__United_States_001034,D00,0.101514,False
YOLO11s,United_States__United_States_001034,D00,0.011682,False
YOLO11s,United_States__United_States_001034,D00,0.038203,True
YOLO11s,United_States__United_States_001034,D00,0.071145,False
YOLO11s,United_States__United_States_001034,D10,0.006514,False
YOLO11s,United_States__United_States_001034,D00,0.056221,False
YOLO11s,United_States__United_States_001041,D00,0.022812,False
YOLO11s,United_States__United_States_001043,D00,0.081643,True
YOLO11s,United_States__United_States_001049,D10,0.00876,True
YOLO11s,United_States__United_States_001057,D00,0.002109,False
YOLO11s,United_States__United_States_001057,D10,0.015442,False
YOLO11s,United_States__United_States_001058,D00,0.008818,True
YOLO11s,United_States__United_States_001063,D10,0.016406,True
YOLO11s,United_States__United_States_001070,D20,0.242017,True
YOLO11s,United_States__United_States_001075,D10,0.074063,True
YOLO11s,United_States__United_States_001075,D00,0.004814,True
YOLO11s,United_States__United_States_001075,D00,0.006064,True
YOLO11s,United_States__United_States_001075,D00,0.014612,False
YOLO11s,United_States__United_States_001079,D00,0.053833,True
YOLO11s,United_States__United_States_001079,D10,0.009521,False
YOLO11s,United_States__United_States_001084,D00,0.002158,False
YOLO11s,United_States__United_States_001084,D00,0.00137,False
YOLO11s,United_States__United_States_001084,D00,0.009453,False
YOLO11s,United_States__United_States_001088,D00,0.101777,True
YOLO11s,United_States__United_States_001095,D10,0.008423,True
YOLO11s,United_States__United_States_001095,D00,0.018594,False
YOLO11s,United_States__United_States_001100,D10,0.004778,True
YOLO11s,United_States__United_States_001100,D10,0.005845,True
YOLO11s,United_States__United_States_001100,D00,0.022705,True
YOLO11s,United_States__United_States_001100,D20,0.029648,True
YOLO11s,United_States__United_States_001102,D00,0.033091,True
YOLO11s,United_States__United_States_001102,D10,0.022339,False
YOLO11s,United_States__United_States_001102,D00,0.017671,False
YOLO11s,United_States__United_States_001105,D00,0.007007,False
YOLO11s,United_States__United_States_001105,D00,0.028184,True
YOLO11s,United_States__United_States_001112,D00,0.044297,True
YOLO11s,United_States__United_States_001112,D00,0.002505,True
YOLO11s,United_States__United_States_001115,D00,0.065286,True
YOLO11s,United_States__United_States_001115,D00,0.116211,False
YOLO11s,United_States__United_States_001118,D00,0.065581,False
YOLO11s,United_States__United_States_001119,D10,0.023682,False
YOLO11s,United_States__United_States_001119,D10,0.007031,False
YOLO11s,United_States__United_States_001119,D00,0.031543,True
YOLO11s,United_States__United_States_001121,D20,0.301172,True
YOLO11s,United_States__United_States_001137,D00,0.010151,True
YOLO11s,United_States__United_States_001138,D00,0.014194,False
YOLO11s,United_States__United_States_001138,D10,0.00207,False
YOLO11s,United_States__United_States_001138,D00,0.024775,False
YOLO11s,United_States__United_States_001138,D00,0.007109,False
YOLO11s,United_States__United_States_001142,D20,0.169971,True
YOLO11s,United_States__United_States_001147,D10,0.00375,False
YOLO11s,United_States__United_States_001147,D20,0.023926,False
YOLO11s,United_States__United_States_001147,D10,0.004563,False
YOLO11s,United_States__United_States_001160,D00,0.042058,True
YOLO11s,United_States__United_States_001162,D20,0.037969,False
YOLO11s,United_States__United_States_001162,D00,0.0175,True
YOLO11s,United_States__United_States_001163,D20,0.062461,True
YOLO11s,United_States__United_States_001168,D00,0.021409,False
YOLO11s,United_States__United_States_001170,D00,0.056777,False
YOLO11s,United_States__United_States_001173,D10,0.020088,True
YOLO11s,United_States__United_States_001173,D10,0.00334,False
YOLO11s,United_States__United_States_001173,D10,0.006641,True
YOLO11s,United_States__United_States_001178,D00,0.007607,True
YOLO11s,United_States__United_States_001178,D00,0.051865,True
YOLO11s,United_States__United_States_001178,D00,0.074473,True
YOLO11s,United_States__United_States_001181,D00,0.01332,False
YOLO11s,United_States__United_States_001181,D00,0.019204,False
YOLO11s,United_States__United_States_001181,D00,0.011187,True
YOLO11s,United_States__United_States_001181,D10,0.003247,False
YOLO11s,United_States__United_States_001190,D00,0.020703,True
YOLO11s,United_States__United_States_001192,D20,0.083838,True
YOLO11s,United_States__United_States_001199,D20,0.145996,False
YOLO11s,United_States__United_States_001199,D00,0.007031,True
YOLO11s,United_States__United_States_001216,D10,0.005205,True
YOLO11s,United_States__United_States_001216,D10,0.00457,True
YOLO11s,United_States__United_States_001216,D20,0.179663,True
YOLO11s,United_States__United_States_001216,D10,0.012231,True
YOLO11s,United_States__United_States_001216,D00,0.053291,True
YOLO11s,United_States__United_States_001216,D00,0.002903,False
YOLO11s,United_States__United_States_001219,D00,0.014893,True
YOLO11s,United_States__United_States_001230,D00,0.00252,True
YOLO11s,United_States__United_States_001238,D10,0.002905,True
YOLO11s,United_States__United_States_001276,D00,0.020508,True
YOLO11s,United_States__United_States_001288,D10,0.06918,False
YOLO11s,United_States__United_States_001289,D10,0.028975,True
YOLO11s,United_States__United_States_001295,D00,0.029883,True
YOLO11s,United_States__United_States_001298,D00,0.033281,True
YOLO11s,United_States__United_States_001298,D00,0.004956,True
YOLO11s,United_States__United_States_001298,D10,0.057312,True
YOLO11s,United_States__United_States_001322,D10,0.065984,True
YOLO11s,United_States__United_States_001322,D00,0.08667,True
YOLO11s,United_States__United_States_001330,D10,0.001377,False
YOLO11s,United_States__United_States_001330,D10,0.005156,True
YOLO11s,United_States__United_States_001330,D00,0.004639,True
YOLO11s,United_States__United_States_001336,D00,0.0673,True
YOLO11s,United_States__United_States_001336,D10,0.030088,False
YOLO11s,United_States__United_States_001336,D00,0.016084,True
YOLO11s,United_States__United_States_001336,D00,0.053457,False
YOLO11s,United_States__United_States_001354,D10,0.033486,False
YOLO11s,United_States__United_States_001354,D10,0.004043,False
YOLO11s,United_States__United_States_001354,D00,0.032795,False
YOLO11s,United_States__United_States_001354,D00,0.003127,False
YOLO11s,United_States__United_States_001354,D00,0.016758,False
YOLO11s,United_States__United_States_001357,D10,0.006982,False
YOLO11s,United_States__United_States_001376,D00,0.010811,True
YOLO11s,United_States__United_States_001376,D00,0.003955,True
YOLO11s,United_States__United_States_001376,D10,0.032119,False
YOLO11s,United_States__United_States_001377,D00,0.01021,True
YOLO11s,United_States__United_States_001377,D10,0.009844,True
YOLO11s,United_States__United_States_001398,D00,0.00564,True
YOLO11s,United_States__United_States_001398,D10,0.00146,False
YOLO11s,United_States__United_States_001398,D00,0.004897,False
YOLO11s,United_States__United_States_001398,D20,0.052671,False
YOLO11s,United_States__United_States_001398,D00,0.023203,True
YOLO11s,United_States__United_States_001398,D00,0.070723,True
YOLO11s,United_States__United_States_001401,D00,0.002632,True
YOLO11s,United_States__United_States_001423,D00,0.004883,True
YOLO11s,United_States__United_States_001427,D10,0.00592,True
YOLO11s,United_States__United_States_001428,D10,0.001575,False
YOLO11s,United_States__United_States_001432,D00,0.065215,True
YOLO11s,United_States__United_States_001432,D10,0.021479,True
YOLO11s,United_States__United_States_001432,D00,0.003252,False
YOLO11s,United_States__United_States_001438,D00,0.023303,True
YOLO11s,United_States__United_States_001438,D00,0.037109,True
YOLO11s,United_States__United_States_001438,D10,0.018066,True
YOLO11s,United_States__United_States_001453,D10,0.033618,False
YOLO11s,United_States__United_States_001453,D00,0.04248,True
YOLO11s,United_States__United_States_001460,D00,0.015791,True
YOLO11s,United_States__United_States_001460,D10,0.024805,False
YOLO11s,United_States__United_States_001481,D10,0.020303,False
YOLO11s,United_States__United_States_001481,D00,0.011865,False
YOLO11s,United_States__United_States_001483,D00,0.01123,False
YOLO11s,United_States__United_States_001483,D00,0.027275,True
YOLO11s,United_States__United_States_001483,D10,0.006875,False
YOLO11s,United_States__United_States_001497,D00,0.012532,False
YOLO11s,United_States__United_States_001499,D00,0.007896,True
YOLO11s,United_States__United_States_001499,D00,0.002148,True
YOLO11s,United_States__United_States_001502,D00,0.043022,True
YOLO11s,United_States__United_States_001511,D10,0.00946,True
YOLO11s,United_States__United_States_001511,D00,0.020889,False
YOLO11s,United_States__United_States_001513,D00,0.010811,False
YOLO11s,United_States__United_States_001518,D00,0.001406,False
YOLO11s,United_States__United_States_001518,D10,0.003906,False
YOLO11s,United_States__United_States_001518,D00,0.025073,True
YOLO11s,United_States__United_States_001523,D10,0.031992,True
YOLO11s,United_States__United_States_001523,D10,0.009346,True
YOLO11s,United_States__United_States_001523,D00,0.046655,True
YOLO11s,United_States__United_States_001523,D00,0.037598,False
YOLO11s,United_States__United_States_001523,D10,0.006287,True
YOLO11s,United_States__United_States_001524,D10,0.016602,False
YOLO11s,United_States__United_States_001535,D00,0.017578,True
YOLO11s,United_States__United_States_001536,D00,0.018896,True
YOLO11s,United_States__United_States_001536,D00,0.013916,True
YOLO11s,United_States__United_States_001553,D00,0.004614,True
YOLO11s,United_States__United_States_001557,D10,0.005586,False
YOLO11s,United_States__United_States_001570,D10,0.003569,True
YOLO11s,United_States__United_States_001572,D00,0.023718,True
YOLO11s,United_States__United_States_001572,D00,0.005503,False
YOLO11s,United_States__United_States_001573,D00,0.090405,True
YOLO11s,United_States__United_States_001573,D00,0.046326,False
YOLO11s,United_States__United_States_001575,D10,0.114736,True
YOLO11s,United_States__United_States_001575,D00,0.016003,True
YOLO11s,United_States__United_States_001575,D10,0.003987,True
YOLO11s,United_States__United_States_001578,D10,0.005156,True
YOLO11s,United_States__United_States_001578,D10,0.006768,True
YOLO11s,United_States__United_States_001578,D10,0.010132,True
YOLO11s,United_States__United_States_001578,D00,0.000991,True
YOLO11s,United_States__United_States_001578,D10,0.006169,False
YOLO11s,United_States__United_States_001585,D20,0.154795,True
YOLO11s,United_States__United_States_001589,D00,0.009297,True
YOLO11s,United_States__United_States_001591,D00,0.01875,True
YOLO11s,United_States__United_States_001594,D00,0.059941,False
YOLO11s,United_States__United_States_001614,D10,0.008125,True
YOLO11s,United_States__United_States_001614,D10,0.006177,True
YOLO11s,United_States__United_States_001614,D00,0.021797,True
YOLO11s,United_States__United_States_001616,D10,0.005469,True
YOLO11s,United_States__United_States_001616,D20,0.061875,True
YOLO11s,United_States__United_States_001616,D10,0.014692,False
YOLO11s,United_States__United_States_001618,D00,0.033257,True
YOLO11s,United_States__United_States_001639,D00,0.085547,True
YOLO11s,United_States__United_States_001639,D00,0.022302,False
YOLO11s,United_States__United_States_001654,D00,0.060889,False
YOLO11s,United_States__United_States_001654,D10,0.054062,False
YOLO11s,United_States__United_States_001656,D00,0.034834,True
YOLO11s,United_States__United_States_001656,D00,0.036738,True
YOLO11s,United_States__United_States_001661,D00,0.06293,True
YOLO11s,United_States__United_States_001661,D00,0.040737,True
YOLO11s,United_States__United_States_001666,D00,0.009053,False
YOLO11s,United_States__United_States_001669,D10,0.063789,True
YOLO11s,United_States__United_States_001669,D00,0.038657,True
YOLO11s,United_States__United_States_001671,D00,0.012393,True
YOLO11s,United_States__United_States_001671,D00,0.013965,True
YOLO11s,United_States__United_States_001677,D00,0.004941,True
YOLO11s,United_States__United_States_001681,D10,0.012671,False
YOLO11s,United_States__United_States_001681,D10,0.008203,False
YOLO11s,United_States__United_States_001681,D00,0.052422,False
YOLO11s,United_States__United_States_001681,D20,0.174419,True
YOLO11s,United_States__United_States_001695,D00,0.003691,True
YOLO11s,United_States__United_States_001695,D00,0.072202,False
YOLO11s,United_States__United_States_001700,D00,0.094204,True
YOLO11s,United_States__United_States_001700,D00,0.118059,True
YOLO11s,United_States__United_States_001700,D10,0.008093,False
YOLO11s,United_States__United_States_001707,D00,0.08519,True
YOLO11s,United_States__United_States_001707,D00,0.061523,True
YOLO11s,United_States__United_States_001707,D10,0.004351,False
YOLO11s,United_States__United_States_001707,D10,0.002026,True
YOLO11s,United_States__United_States_001707,D10,0.008135,False
YOLO11s,United_States__United_States_001707,D10,0.017671,False
YOLO11s,United_States__United_States_001711,D10,0.031348,True
YOLO11s,United_States__United_States_001720,D20,0.298564,True
YOLO11s,United_States__United_States_001721,D10,0.025225,True
YOLO11s,United_States__United_States_001722,D00,0.067649,True
YOLO11s,United_States__United_States_001722,D00,0.023291,True
YOLO11s,United_States__United_States_001722,D10,0.010681,False
YOLO11s,United_States__United_States_001722,D10,0.011602,False
YOLO11s,United_States__United_States_001722,D10,0.008667,True
YOLO11s,United_States__United_States_001722,D10,0.003538,False
YOLO11s,United_States__United_States_001723,D10,0.012195,False
YOLO11s,United_States__United_States_001738,D00,0.037109,True
YOLO11s,United_States__United_States_001743,D00,0.012715,True
YOLO11s,United_States__United_States_001762,D00,0.00957,True
YOLO11s,United_States__United_States_001762,D00,0.009609,True
YOLO11s,United_States__United_States_001768,D10,0.010557,True
YOLO11s,United_States__United_States_001768,D00,0.017339,False
YOLO11s,United_States__United_States_001772,D10,0.040811,False
YOLO11s,United_States__United_States_001772,D00,0.015667,False
YOLO11s,United_States__United_States_001775,D10,0.015625,True
YOLO11s,United_States__United_States_001779,D00,0.029385,True
YOLO11s,United_States__United_States_001779,D20,0.144492,True
YOLO11s,United_States__United_States_001779,D00,0.029595,False
YOLO11s,United_States__United_States_001779,D10,0.006357,True
YOLO11s,United_States__United_States_001779,D00,0.09209,True
YOLO11s,United_States__United_States_001786,D00,0.072363,True
YOLO11s,United_States__United_States_001786,D10,0.022881,True
YOLO11s,United_States__United_States_001786,D10,0.007412,True
YOLO11s,United_States__United_States_001786,D00,0.006768,True
YOLO11s,United_States__United_States_001788,D00,0.090637,False
YOLO11s,United_States__United_States_001788,D10,0.010337,True
YOLO11s,United_States__United_States_001788,D10,0.008716,True
YOLO11s,United_States__United_States_001788,D10,0.010332,True
YOLO11s,United_States__United_States_001788,D10,0.0177,False
YOLO11s,United_States__United_States_001796,D10,0.008899,True
YOLO11s,United_States__United_States_001796,D00,0.002021,True
YOLO11s,United_States__United_States_001822,D00,0.023467,False
YOLO11s,United_States__United_States_001822,D00,0.065684,True
YOLO11s,United_States__United_States_001822,D10,0.014072,False
YOLO11s,United_States__United_States_001822,D00,0.022187,False
YOLO11s,United_States__United_States_001823,D10,0.017017,True
YOLO11s,United_States__United_States_001825,D10,0.020471,True
YOLO11s,United_States__United_States_001828,D00,0.014063,True
YOLO11s,United_States__United_States_001828,D00,0.01021,True
YOLO11s,United_States__United_States_001833,D00,0.023438,True
YOLO11s,United_States__United_States_001840,D00,0.008459,True
YOLO11s,United_States__United_States_001840,D00,0.047266,True
YOLO11s,United_States__United_States_001847,D10,0.005859,True
YOLO11s,United_States__United_States_001847,D00,0.037903,False
YOLO11s,United_States__United_States_001852,D10,0.082988,True
YOLO11s,United_States__United_States_001852,D10,0.012695,True
YOLO11s,United_States__United_States_001877,D00,0.002812,False
YOLO11s,United_States__United_States_001877,D00,0.008311,False
YOLO11s,United_States__United_States_001877,D00,0.132144,True
YOLO11s,United_States__United_States_001877,D00,0.007119,False
YOLO11s,United_States__United_States_001877,D00,0.002532,True
YOLO11s,United_States__United_States_001877,D00,0.000991,True
YOLO11s,United_States__United_States_001877,D00,0.001809,True
YOLO11s,United_States__United_States_001877,D10,0.009878,False
YOLO11s,United_States__United_States_001879,D10,0.004922,False
YOLO11s,United_States__United_States_001879,D20,0.021318,True
YOLO11s,United_States__United_States_001879,D20,0.069531,True
YOLO11s,United_States__United_States_001880,D00,0.005508,True
YOLO11s,United_States__United_States_001880,D10,0.038696,True
YOLO11s,United_States__United_States_001886,D00,0.065215,True
YOLO11s,United_States__United_States_001886,D10,0.012261,True
YOLO11s,United_States__United_States_001886,D20,0.054004,True
YOLO11s,United_States__United_States_001886,D10,0.007031,True
YOLO11s,United_States__United_States_001886,D00,0.003525,True
YOLO11s,United_States__United_States_001896,D20,0.099121,False
YOLO11s,United_States__United_States_001896,D00,0.005237,False
YOLO11s,United_States__United_States_001896,D00,0.043506,True
YOLO11s,United_States__United_States_001896,D20,0.032568,False
YOLO11s,United_States__United_States_001907,D00,0.029385,True
YOLO11s,United_States__United_States_001907,D10,0.034688,False
YOLO11s,United_States__United_States_001907,D10,0.008906,False
YOLO11s,United_States__United_States_001907,D10,0.014014,True
YOLO11s,United_States__United_States_001907,D00,0.044062,True
YOLO11s,United_States__United_States_001907,D10,0.002954,True
YOLO11s,United_States__United_States_001910,D00,0.026953,True
YOLO11s,United_States__United_States_001917,D10,0.022676,False
YOLO11s,United_States__United_States_001917,D10,0.024707,False
YOLO11s,United_States__United_States_001926,D10,0.001777,True
YOLO11s,United_States__United_States_001926,D00,0.014063,True
YOLO11s,United_States__United_States_001926,D00,0.001318,True
YOLO11s,United_States__United_States_001942,D00,0.003652,False
YOLO11s,United_States__United_States_001943,D00,0.043545,True
YOLO11s,United_States__United_States_001944,D00,0.017241,True
YOLO11s,United_States__United_States_001949,D00,0.009229,False
YOLO11s,United_States__United_States_001949,D00,0.001716,True
YOLO11s,United_States__United_States_001961,D00,0.109658,True
YOLO11s,United_States__United_States_001961,D10,0.081199,False
YOLO11s,United_States__United_States_001964,D00,0.005713,False
YOLO11s,United_States__United_States_001964,D00,0.012129,True
YOLO11s,United_States__United_States_001964,D00,0.032656,True
YOLO11s,United_States__United_States_001978,D00,0.038965,True
YOLO11s,United_States__United_States_001981,D00,0.073672,True
YOLO11s,United_States__United_States_001991,D00,0.054712,True
YOLO11s,United_States__United_States_001997,D00,0.060264,True
YOLO11s,United_States__United_States_001997,D00,0.012305,False
YOLO11s,United_States__United_States_001997,D10,0.00708,True
YOLO11s,United_States__United_States_002009,D10,0.071904,True
YOLO11s,United_States__United_States_002009,D00,0.0952,True
YOLO11s,United_States__United_States_002009,D00,0.008467,True
YOLO11s,United_States__United_States_002009,D00,0.018892,False
YOLO11s,United_States__United_States_002017,D00,0.10738,True
YOLO11s,United_States__United_States_002021,D00,0.073418,True
YOLO11s,United_States__United_States_002021,D00,0.027043,False
YOLO11s,United_States__United_States_002030,D00,0.090703,True
YOLO11s,United_States__United_States_002030,D00,0.010142,False
YOLO11s,United_States__United_States_002030,D20,0.048584,False
YOLO11s,United_States__United_States_002030,D10,0.014883,True
YOLO11s,United_States__United_States_002030,D10,0.009546,False
YOLO11s,United_States__United_States_002032,D20,0.067207,True
YOLO11s,United_States__United_States_002035,D20,0.335625,True
YOLO11s,United_States__United_States_002035,D40,0.001992,True
YOLO11s,United_States__United_States_002044,D00,0.035547,True
YOLO11s,United_States__United_States_002048,D00,0.040278,True
YOLO11s,United_States__United_States_002048,D10,0.004746,True
YOLO11s,United_States__United_States_002048,D00,0.064028,True
YOLO11s,United_States__United_States_002048,D10,0.009902,True
YOLO11s,United_States__United_States_002061,D00,0.00127,True
YOLO11s,United_States__United_States_002061,D00,0.008188,True
YOLO11s,United_States__United_States_002061,D10,0.019541,False
YOLO11s,United_States__United_States_002064,D00,0.074956,True
YOLO11s,United_States__United_States_002076,D00,0.081885,True
YOLO11s,United_States__United_States_002084,D00,0.018687,False
YOLO11s,United_States__United_States_002084,D00,0.003975,True
YOLO11s,United_States__United_States_002088,D00,0.003516,True
YOLO11s,United_States__United_States_002089,D10,0.009741,False
YOLO11s,United_States__United_States_002089,D00,0.009668,True
YOLO11s,United_States__United_States_002089,D10,0.005178,False
YOLO11s,United_States__United_States_002095,D00,0.02168,True
YOLO11s,United_States__United_States_002095,D00,0.050676,True
YOLO11s,United_States__United_States_002095,D00,0.026001,True
YOLO11s,United_States__United_States_002095,D00,0.042952,True
YOLO11s,United_States__United_States_002095,D10,0.03844,False
YOLO11s,United_States__United_States_002099,D10,0.113818,False
YOLO11s,United_States__United_States_002099,D00,0.027422,False
YOLO11s,United_States__United_States_002100,D10,0.005447,True
YOLO11s,United_States__United_States_002100,D20,0.004219,False
YOLO11s,United_States__United_States_002100,D10,0.009602,True
YOLO11s,United_States__United_States_002100,D10,0.01416,True
YOLO11s,United_States__United_States_002102,D20,0.015684,False
YOLO11s,United_States__United_States_002109,D00,0.006738,True
YOLO11s,United_States__United_States_002109,D00,0.01802,False
YOLO11s,United_States__United_States_002126,D10,0.045032,True
YOLO11s,United_States__United_States_002131,D10,0.006152,True
YOLO11s,United_States__United_States_002131,D00,0.036094,True
YOLO11s,United_States__United_States_002138,D00,0.000732,False
YOLO11s,United_States__United_States_002138,D00,0.025225,True
YOLO11s,United_States__United_States_002138,D00,0.014063,True
YOLO11s,United_States__United_States_002138,D00,0.024863,True
YOLO11s,United_States__United_States_002139,D00,0.001702,True
YOLO11s,United_States__United_States_002139,D10,0.010937,False
YOLO11s,United_States__United_States_002139,D00,0.027095,True
YOLO11s,United_States__United_States_002143,D00,0.005742,False
YOLO11s,United_States__United_States_002144,D00,0.019688,False
YOLO11s,United_States__United_States_002144,D20,0.035889,False
YOLO11s,United_States__United_States_002144,D00,0.170249,True
YOLO11s,United_States__United_States_002148,D00,0.080352,True
YOLO11s,United_States__United_States_002148,D10,0.006401,False
YOLO11s,United_States__United_States_002154,D10,0.054858,False
YOLO11s,United_States__United_States_002161,D10,0.013359,True
YOLO11s,United_States__United_States_002161,D10,0.005503,False
YOLO11s,United_States__United_States_002161,D10,0.008467,False
YOLO11s,United_States__United_States_002161,D10,0.002793,False
YOLO11s,United_States__United_States_002161,D00,0.056826,True
YOLO11s,United_States__United_States_002166,D10,0.004204,True
YOLO11s,United_States__United_States_002166,D00,0.030977,True
YOLO11s,United_States__United_States_002168,D00,0.070093,True
YOLO11s,United_States__United_States_002168,D00,0.012412,True
YOLO11s,United_States__United_States_002168,D00,0.08855,True
YOLO11s,United_States__United_States_002184,D10,0.011953,True
YOLO11s,United_States__United_States_002184,D10,0.007627,True
YOLO11s,United_States__United_States_002184,D00,0.023438,True
YOLO11s,United_States__United_States_002186,D00,0.004907,True
YOLO11s,United_States__United_States_002186,D00,0.006929,True
YOLO11s,United_States__United_States_002190,D00,0.002739,True
YOLO11s,United_States__United_States_002190,D00,0.004517,False
YOLO11s,United_States__United_States_002196,D20,0.026279,False
YOLO11s,United_States__United_States_002196,D20,0.004956,False
YOLO11s,United_States__United_States_002208,D20,0.225107,True
YOLO11s,United_States__United_States_002209,D00,0.027422,False
YOLO11s,United_States__United_States_002209,D00,0.024883,False
YOLO11s,United_States__United_States_002209,D00,0.118379,True
YOLO11s,United_States__United_States_002209,D00,0.013535,True
YOLO11s,United_States__United_States_002209,D00,0.066365,True
YOLO11s,United_States__United_States_002217,D10,0.050469,True
YOLO11s,United_States__United_States_002233,D00,0.10678,True
YOLO11s,United_States__United_States_002243,D10,0.027197,False
YOLO11s,United_States__United_States_002245,D00,0.00092,True
YOLO11s,United_States__United_States_002245,D00,0.029385,True
YOLO11s,United_States__United_States_002245,D10,0.011504,True
YOLO11s,United_States__United_States_002245,D00,0.005205,False
YOLO11s,United_States__United_States_002246,D10,0.042417,True
YOLO11s,United_States__United_States_002246,D00,0.014995,True
YOLO11s,United_States__United_States_002246,D00,0.011621,True
YOLO11s,United_States__United_States_002246,D00,0.006309,True
YOLO11s,United_States__United_States_002249,D00,0.084287,True
YOLO11s,United_States__United_States_002249,D00,0.031738,True
YOLO11s,United_States__United_States_002249,D10,0.028118,False
YOLO11s,United_States__United_States_002249,D10,0.005706,True
YOLO11s,United_States__United_States_002255,D10,0.0375,False
YOLO11s,United_States__United_States_002255,D00,0.029736,False
YOLO11s,United_States__United_States_002258,D20,0.031787,True
YOLO11s,United_States__United_States_002265,D20,0.113364,True
YOLO11s,United_States__United_States_002265,D00,0.004717,False
YOLO11s,United_States__United_States_002272,D20,0.077881,False
YOLO11s,United_States__United_States_002272,D10,0.008767,True
YOLO11s,United_States__United_States_002283,D00,0.090527,True
YOLO11s,United_States__United_States_002283,D00,0.003342,False
YOLO11s,United_States__United_States_002292,D00,0.007349,False
YOLO11s,United_States__United_States_002292,D10,0.028203,True
YOLO11s,United_States__United_States_002292,D00,0.011602,True
YOLO11s,United_States__United_States_002292,D00,0.072188,True
YOLO11s,United_States__United_States_002294,D00,0.014751,True
YOLO11s,United_States__United_States_002299,D00,0.001299,False
YOLO11s,United_States__United_States_002299,D00,0.030098,True
YOLO11s,United_States__United_States_002302,D10,0.010876,True
YOLO11s,United_States__United_States_002303,D10,0.020039,True
YOLO11s,United_States__United_States_002303,D10,0.01374,True
YOLO11s,United_States__United_States_002303,D00,0.025566,True
YOLO11s,United_States__United_States_002309,D00,0.079062,False
YOLO11s,United_States__United_States_002309,D00,0.011812,False
YOLO11s,United_States__United_States_002309,D20,0.015894,False
YOLO11s,United_States__United_States_002309,D00,0.007947,False
YOLO11s,United_States__United_States_002312,D10,0.011965,True
YOLO11s,United_States__United_States_002312,D00,0.038452,False
YOLO11s,United_States__United_States_002315,D00,0.0597,False
YOLO11s,United_States__United_States_002322,D00,0.009009,True
YOLO11s,United_States__United_States_002322,D00,0.015703,True
YOLO11s,United_States__United_States_002322,D00,0.00416,True
YOLO11s,United_States__United_States_002327,D10,0.061914,False
YOLO11s,United_States__United_States_002327,D00,0.003735,True
YOLO11s,United_States__United_States_002328,D00,0.041748,True
YOLO11s,United_States__United_States_002332,D20,0.088696,True
YOLO11s,United_States__United_States_002334,D00,0.018193,False
YOLO11s,United_States__United_States_002337,D00,0.111665,False
YOLO11s,United_States__United_States_002337,D00,0.036309,False
YOLO11s,United_States__United_States_002339,D00,0.04856,True
YOLO11s,United_States__United_States_002359,D10,0.05606,True
YOLO11s,United_States__United_States_002361,D00,0.043545,True
YOLO11s,United_States__United_States_002368,D00,0.066353,True
YOLO11s,United_States__United_States_002368,D00,0.005449,True
YOLO11s,United_States__United_States_002368,D00,0.010195,False
YOLO11s,United_States__United_States_002368,D00,0.014116,False
YOLO11s,United_States__United_States_002370,D00,0.062227,True
YOLO11s,United_States__United_States_002370,D00,0.05978,True
YOLO11s,United_States__United_States_002370,D10,0.008479,False
YOLO11s,United_States__United_States_002388,D10,0.002979,False
YOLO11s,United_States__United_States_002388,D10,0.006855,True
YOLO11s,United_States__United_States_002388,D00,0.032266,True
YOLO11s,United_States__United_States_002390,D00,0.060234,True
YOLO11s,United_States__United_States_002391,D10,0.05873,True
YOLO11s,United_States__United_States_002394,D10,0.015488,True
YOLO11s,United_States__United_States_002403,D00,0.108093,True
YOLO11s,United_States__United_States_002403,D20,0.00769,True
YOLO11s,United_States__United_States_002403,D10,0.0195,False
YOLO11s,United_States__United_States_002405,D20,0.011777,False
YOLO11s,United_States__United_States_002405,D10,0.001553,False
YOLO11s,United_States__United_States_002405,D10,0.001826,False
YOLO11s,United_States__United_States_002405,D00,0.012178,True
YOLO11s,United_States__United_States_002405,D00,0.010371,True
YOLO11s,United_States__United_States_002405,D20,0.072742,False
YOLO11s,United_States__United_States_002410,D10,0.086079,True
YOLO11s,United_States__United_States_002410,D40,0.002988,False
YOLO11s,United_States__United_States_002412,D10,0.00897,True
YOLO11s,United_States__United_States_002412,D10,0.008728,True
YOLO11s,United_States__United_States_002417,D00,0.044023,True
YOLO11s,United_States__United_States_002417,D00,0.09291,False
YOLO11s,United_States__United_States_002420,D00,0.009092,True
YOLO11s,United_States__United_States_002420,D00,0.009346,True
YOLO11s,United_States__United_States_002420,D00,0.09814,True
YOLO11s,United_States__United_States_002428,D00,0.02373,True
YOLO11s,United_States__United_States_002428,D10,0.007383,True
YOLO11s,United_States__United_States_002428,D00,0.00323,True
YOLO11s,United_States__United_States_002432,D00,0.025137,True
YOLO11s,United_States__United_States_002435,D10,0.013965,True
YOLO11s,United_States__United_States_002435,D00,0.016426,True
YOLO11s,United_States__United_States_002435,D10,0.011331,False
YOLO11s,United_States__United_States_002435,D10,0.006357,False
YOLO11s,United_States__United_States_002444,D00,0.000562,False
YOLO11s,United_States__United_States_002444,D00,0.005947,False
YOLO11s,United_States__United_States_002444,D00,0.00752,False
YOLO11s,United_States__United_States_002444,D00,0.003845,True
YOLO11s,United_States__United_States_002444,D00,0.001494,True
YOLO11s,United_States__United_States_002444,D00,0.007109,False
YOLO11s,United_States__United_States_002448,D00,0.004541,True
YOLO11s,United_States__United_States_002448,D00,0.065625,True
YOLO11s,United_States__United_States_002448,D10,0.011331,True
YOLO11s,United_States__United_States_002448,D00,0.004141,False
YOLO11s,United_States__United_States_002451,D10,0.025063,True
YOLO11s,United_States__United_States_002451,D00,0.026147,True
YOLO11s,United_States__United_States_002451,D00,0.073799,True
YOLO11s,United_States__United_States_002460,D00,0.026797,True
YOLO11s,United_States__United_States_002460,D10,0.038296,False
YOLO11s,United_States__United_States_002462,D00,0.018457,True
YOLO11s,United_States__United_States_002495,D00,0.005859,True
YOLO11s,United_States__United_States_002495,D00,0.047695,True
YOLO11s,United_States__United_States_002502,D00,0.024487,True
YOLO11s,United_States__United_States_002502,D20,0.033384,True
YOLO11s,United_States__United_States_002504,D00,0.002847,True
YOLO11s,United_States__United_States_002510,D20,0.025605,False
YOLO11s,United_States__United_States_002513,D40,0.001465,False
YOLO11s,United_States__United_States_002518,D00,0.010376,False
YOLO11s,United_States__United_States_002518,D00,0.007471,True
YOLO11s,United_States__United_States_002518,D20,0.089023,True
YOLO11s,United_States__United_States_002522,D10,0.024028,True
YOLO11s,United_States__United_States_002531,D00,0.013997,False
YOLO11s,United_States__United_States_002536,D00,0.011016,True
YOLO11s,United_States__United_States_002541,D10,0.023867,True
YOLO11s,United_States__United_States_002541,D00,0.03386,True
YOLO11s,United_States__United_States_002542,D10,0.037842,False
YOLO11s,United_States__United_States_002542,D10,0.011338,True
YOLO11s,United_States__United_States_002542,D20,0.042546,False
YOLO11s,United_States__United_States_002548,D00,0.006094,True
YOLO11s,United_States__United_States_002548,D00,0.145886,True
YOLO11s,United_States__United_States_002560,D00,0.026963,True
YOLO11s,United_States__United_States_002560,D00,0.062358,True
YOLO11s,United_States__United_States_002560,D00,0.030396,False
YOLO11s,United_States__United_States_002561,D00,0.011289,True
YOLO11s,United_States__United_States_002566,D10,0.009741,False
YOLO11s,United_States__United_States_002566,D00,0.013584,True
YOLO11s,United_States__United_States_002566,D00,0.027998,True
YOLO11s,United_States__United_States_002566,D00,0.008943,False
YOLO11s,United_States__United_States_002575,D10,0.009434,True
YOLO11s,United_States__United_States_002577,D40,0.001934,False
YOLO11s,United_States__United_States_002577,D20,0.166353,True
YOLO11s,United_States__United_States_002577,D40,0.004067,False
YOLO11s,United_States__United_States_002602,D10,0.032207,True
YOLO11s,United_States__United_States_002603,D00,0.027969,True
YOLO11s,United_States__United_States_002603,D10,0.038562,True
YOLO11s,United_States__United_States_002609,D00,0.021841,True
YOLO11s,United_States__United_States_002609,D00,0.003088,True
YOLO11s,United_States__United_States_002610,D10,0.003896,True
YOLO11s,United_States__United_States_002610,D20,0.239033,True
YOLO11s,United_States__United_States_002611,D00,0.005823,False
YOLO11s,United_States__United_States_002611,D00,0.002158,True
YOLO11s,United_States__United_States_002611,D00,0.013711,True
YOLO11s,United_States__United_States_002612,D00,0.104106,True
YOLO11s,United_States__United_States_002612,D00,0.033633,True
YOLO11s,United_States__United_States_002612,D10,0.012305,False
YOLO11s,United_States__United_States_002613,D00,0.025977,True
YOLO11s,United_States__United_States_002613,D40,0.001289,True
YOLO11s,United_States__United_States_002649,D00,0.012971,True
YOLO11s,United_States__United_States_002649,D00,0.005586,False
YOLO11s,United_States__United_States_002652,D00,0.011807,False
YOLO11s,United_States__United_States_002652,D20,0.059619,True
YOLO11s,United_States__United_States_002652,D20,0.120864,True
YOLO11s,United_States__United_States_002655,D10,0.016758,True
YOLO11s,United_States__United_States_002668,D10,0.02748,True
YOLO11s,United_States__United_States_002668,D00,0.035449,True
YOLO11s,United_States__United_States_002668,D10,0.006394,True
YOLO11s,United_States__United_States_002669,D10,0.023325,True
YOLO11s,United_States__United_States_002669,D00,0.052559,True
YOLO11s,United_States__United_States_002671,D00,0.002871,False
YOLO11s,United_States__United_States_002677,D00,0.006958,True
YOLO11s,United_States__United_States_002677,D00,0.066206,True
YOLO11s,United_States__United_States_002677,D10,0.018047,False
YOLO11s,United_States__United_States_002678,D00,0.018457,True
YOLO11s,United_States__United_States_002681,D10,0.026855,True
YOLO11s,United_States__United_States_002692,D10,0.012603,True
YOLO11s,United_States__United_States_002695,D00,0.003867,True
YOLO11s,United_States__United_States_002711,D00,0.020742,True
YOLO11s,United_States__United_States_002711,D00,0.029539,True
YOLO11s,United_States__United_States_002718,D10,0.005176,False
YOLO11s,United_States__United_States_002718,D00,0.012949,False
YOLO11s,United_States__United_States_002734,D00,0.003164,True
YOLO11s,United_States__United_States_002734,D00,0.048237,True
YOLO11s,United_States__United_States_002738,D00,0.011707,True
YOLO11s,United_States__United_States_002740,D00,0.024492,True
YOLO11s,United_States__United_States_002749,D10,0.013945,False
YOLO11s,United_States__United_States_002749,D00,0.001523,True
YOLO11s,United_States__United_States_002749,D10,0.004819,True
YOLO11s,United_States__United_States_002779,D00,0.06656,True
YOLO11s,United_States__United_States_002779,D00,0.02,False
YOLO11s,United_States__United_States_002794,D10,0.003896,True
YOLO11s,United_States__United_States_002794,D00,0.015996,True
YOLO11s,United_States__United_States_002794,D00,0.13165,True
YOLO11s,United_States__United_States_002797,D00,0.042627,True
YOLO11s,United_States__United_States_002798,D00,0.014453,True
YOLO11s,United_States__United_States_002798,D10,0.032915,True
YOLO11s,United_States__United_States_002799,D10,0.016143,True
YOLO11s,United_States__United_States_002807,D00,0.039067,True
YOLO11s,United_States__United_States_002807,D00,0.002246,True
YOLO11s,United_States__United_States_002838,D00,0.00875,True
YOLO11s,United_States__United_States_002839,D10,0.010913,False
YOLO11s,United_States__United_States_002839,D00,0.021328,True
YOLO11s,United_States__United_States_002849,D00,0.051379,True
YOLO11s,United_States__United_States_002849,D00,0.018984,False
YOLO11s,United_States__United_States_002849,D00,0.057813,True
YOLO11s,United_States__United_States_002849,D00,0.004995,False
YOLO11s,United_States__United_States_002849,D10,0.01377,False
YOLO11s,United_States__United_States_002851,D00,0.066797,True
YOLO11s,United_States__United_States_002851,D10,0.006973,True
YOLO11s,United_States__United_States_002855,D00,0.005605,True
YOLO11s,United_States__United_States_002858,D10,0.006494,True
YOLO11s,United_States__United_States_002858,D00,0.008057,False
YOLO11s,United_States__United_States_002870,D00,0.006768,True
YOLO11s,United_States__United_States_002870,D00,0.007979,False
YOLO11s,United_States__United_States_002870,D00,0.008477,True
YOLO11s,United_States__United_States_002887,D00,0.02425,True
YOLO11s,United_States__United_States_002887,D10,0.023071,False
YOLO11s,United_States__United_States_002891,D00,0.01832,True
YOLO11s,United_States__United_States_002891,D00,0.020947,False
YOLO11s,United_States__United_States_002895,D00,0.047129,True
YOLO11s,United_States__United_States_002895,D10,0.012314,True
YOLO11s,United_States__United_States_002903,D00,0.093882,True
YOLO11s,United_States__United_States_002903,D00,0.056885,True
YOLO11s,United_States__United_States_002905,D00,0.097485,True
YOLO11s,United_States__United_States_002905,D00,0.00501,True
YOLO11s,United_States__United_States_002908,D10,0.020706,False
YOLO11s,United_States__United_States_002908,D00,0.003867,True
YOLO11s,United_States__United_States_002908,D00,0.052676,True
YOLO11s,United_States__United_States_002911,D10,0.003008,False
YOLO11s,United_States__United_States_002911,D10,0.002051,False
YOLO11s,United_States__United_States_002911,D10,0.032317,True
YOLO11s,United_States__United_States_002911,D20,0.013916,False
YOLO11s,United_States__United_States_002930,D00,0.030352,True
YOLO11s,United_States__United_States_002930,D00,0.007998,True
YOLO11s,United_States__United_States_002931,D00,0.019922,True
YOLO11s,United_States__United_States_002931,D00,0.047275,True
YOLO11s,United_States__United_States_002931,D10,0.00916,True
YOLO11s,United_States__United_States_002936,D10,0.002095,False
YOLO11s,United_States__United_States_002936,D20,0.092168,False
YOLO11s,United_States__United_States_002936,D00,0.020425,False
YOLO11s,United_States__United_States_002949,D10,0.005449,True
YOLO11s,United_States__United_States_002949,D00,0.00333,True
YOLO11s,United_States__United_States_002949,D00,0.004629,True
YOLO11s,United_States__United_States_002950,D00,0.034187,False
YOLO11s,United_States__United_States_002950,D10,0.004438,True
YOLO11s,United_States__United_States_002968,D00,0.04125,True
YOLO11s,United_States__United_States_002972,D00,0.017427,False
YOLO11s,United_States__United_States_002976,D00,0.005405,False
YOLO11s,United_States__United_States_002987,D00,0.008306,False
YOLO11s,United_States__United_States_002987,D00,0.034495,True
YOLO11s,United_States__United_States_002989,D00,0.017275,False
YOLO11s,United_States__United_States_002989,D10,0.012107,False
YOLO11s,United_States__United_States_002994,D00,0.015176,False
YOLO11s,United_States__United_States_002994,D20,0.036191,False
YOLO11s,United_States__United_States_002995,D00,0.028984,True
YOLO11s,United_States__United_States_002996,D00,0.028806,True
YOLO11s,United_States__United_States_003012,D10,0.007185,True
YOLO11s,United_States__United_States_003012,D10,0.038037,True
YOLO11s,United_States__United_States_003012,D00,0.034141,True
YOLO11s,United_States__United_States_003012,D10,0.005127,False
YOLO11s,United_States__United_States_003026,D00,0.01625,False
YOLO11s,United_States__United_States_003026,D00,0.001208,True
YOLO11s,United_States__United_States_003026,D10,0.004666,False
YOLO11s,United_States__United_States_003033,D10,0.008972,True
YOLO11s,United_States__United_States_003033,D00,0.010093,True
YOLO11s,United_States__United_States_003036,D00,0.0271,True
YOLO11s,United_States__United_States_003036,D10,0.026587,False
YOLO11s,United_States__United_States_003037,D10,0.007578,False
YOLO11s,United_States__United_States_003037,D00,0.016382,True
YOLO11s,United_States__United_States_003037,D00,0.014658,False
YOLO11s,United_States__United_States_003037,D00,0.005066,True
YOLO11s,United_States__United_States_003037,D40,0.002,False
YOLO11s,United_States__United_States_003037,D10,0.022129,True
YOLO11s,United_States__United_States_003037,D00,0.005049,False
YOLO11s,United_States__United_States_003047,D00,0.034607,True
YOLO11s,United_States__United_States_003047,D10,0.03916,False
YOLO11s,United_States__United_States_003047,D10,0.00624,False
YOLO11s,United_States__United_States_003047,D00,0.013735,False
YOLO11s,United_States__United_States_003047,D10,0.031824,True
YOLO11s,United_States__United_States_003055,D00,0.060828,True
YOLO11s,United_States__United_States_003059,D00,0.003867,False
YOLO11s,United_States__United_States_003059,D10,0.03834,True
YOLO11s,United_States__United_States_003059,D00,0.084243,False
YOLO11s,United_States__United_States_003059,D00,0.027559,False
YOLO11s,United_States__United_States_003059,D10,0.020132,False
YOLO11s,United_States__United_States_003061,D10,0.058279,True
YOLO11s,United_States__United_States_003062,D00,0.014067,True
YOLO11s,United_States__United_States_003062,D00,0.035127,True
YOLO11s,United_States__United_States_003067,D10,0.035547,False
YOLO11s,United_States__United_States_003067,D00,0.059883,True
YOLO11s,United_States__United_States_003067,D00,0.010557,False
YOLO11s,United_States__United_States_003074,D00,0.010459,True
YOLO11s,United_States__United_States_003074,D00,0.007871,True
YOLO11s,United_States__United_States_003074,D10,0.015107,False
YOLO11s,United_States__United_States_003074,D20,0.019373,True
YOLO11s,United_States__United_States_003074,D00,0.077791,True
YOLO11s,United_States__United_States_003076,D10,0.011133,True
YOLO11s,United_States__United_States_003078,D00,0.007505,True
YOLO11s,United_States__United_States_003081,D10,0.130781,True
YOLO11s,United_States__United_States_003081,D00,0.041169,False
YOLO11s,United_States__United_States_003084,D20,0.06354,True
YOLO11s,United_States__United_States_003084,D10,0.008213,False
YOLO11s,United_States__United_States_003084,D10,0.008379,True
YOLO11s,United_States__United_States_003085,D00,0.022339,True
YOLO11s,United_States__United_States_003085,D10,0.008911,False
YOLO11s,United_States__United_States_003085,D10,0.013711,True
YOLO11s,United_States__United_States_003093,D00,0.097075,False
YOLO11s,United_States__United_States_003093,D00,0.02467,False
YOLO11s,United_States__United_States_003093,D10,0.04303,False
YOLO11s,United_States__United_States_003093,D10,0.019329,False
YOLO11s,United_States__United_States_003119,D10,0.004199,True
YOLO11s,United_States__United_States_003127,D20,0.05125,False
YOLO11s,United_States__United_States_003142,D00,0.029385,False
YOLO11s,United_States__United_States_003142,D00,0.004189,True
YOLO11s,United_States__United_States_003148,D00,0.015586,True
YOLO11s,United_States__United_States_003172,D00,0.026448,False
YOLO11s,United_States__United_States_003172,D00,0.016328,False
YOLO11s,United_States__United_States_003175,D20,0.228271,True
YOLO11s,United_States__United_States_003175,D00,0.045439,False
YOLO11s,United_States__United_States_003178,D00,0.008032,True
YOLO11s,United_States__United_States_003178,D00,0.017275,True
YOLO11s,United_States__United_States_003178,D00,0.099868,True
YOLO11s,United_States__United_States_003189,D00,0.009575,True
YOLO11s,United_States__United_States_003189,D10,0.027646,True
YOLO11s,United_States__United_States_003214,D20,0.067698,False
YOLO11s,United_States__United_States_003215,D00,0.03375,True
YOLO11s,United_States__United_States_003220,D00,0.002246,True
YOLO11s,United_States__United_States_003222,D00,0.003894,False
YOLO11s,United_States__United_States_003230,D00,0.004956,True
YOLO11s,United_States__United_States_003231,D00,0.020947,False
YOLO11s,United_States__United_States_003231,D00,0.116602,True
YOLO11s,United_States__United_States_003240,D10,0.012061,True
YOLO11s,United_States__United_States_003240,D00,0.017363,True
YOLO11s,United_States__United_States_003240,D10,0.114485,True
YOLO11s,United_States__United_States_003240,D10,0.008984,True
YOLO11s,United_States__United_States_003240,D00,0.078677,True
YOLO11s,United_States__United_States_003250,D00,0.016758,False
YOLO11s,United_States__United_States_003250,D00,0.004297,False
YOLO11s,United_States__United_States_003250,D00,0.034668,True
YOLO11s,United_States__United_States_003250,D00,0.008203,False
YOLO11s,United_States__United_States_003251,D00,0.003936,True
YOLO11s,United_States__United_States_003251,D00,0.020742,True
YOLO11s,United_States__United_States_003251,D00,0.024785,True
YOLO11s,United_States__United_States_003251,D00,0.010408,False
YOLO11s,United_States__United_States_003258,D00,0.149365,True
YOLO11s,United_States__United_States_003258,D20,0.202822,True
YOLO11s,United_States__United_States_003264,D20,0.21293,True
YOLO11s,United_States__United_States_003266,D10,0.002344,False
YOLO11s,United_States__United_States_003266,D00,0.013877,True
YOLO11s,United_States__United_States_003266,D00,0.067944,True
YOLO11s,United_States__United_States_003272,D00,0.022012,True
YOLO11s,United_States__United_States_003272,D10,0.013115,True
YOLO11s,United_States__United_States_003272,D00,0.026855,True
YOLO11s,United_States__United_States_003272,D00,0.006951,False
YOLO11s,United_States__United_States_003279,D10,0.028301,False
YOLO11s,United_States__United_States_003279,D00,0.044336,True
YOLO11s,United_States__United_States_003283,D20,0.082383,True
YOLO11s,United_States__United_States_003284,D00,0.017681,True
YOLO11s,United_States__United_States_003284,D00,0.042114,True
YOLO11s,United_States__United_States_003289,D00,0.017256,True
YOLO11s,United_States__United_States_003289,D00,0.008496,True
YOLO11s,United_States__United_States_003289,D00,0.009346,True
YOLO11s,United_States__United_States_003320,D00,0.02373,True
YOLO11s,United_States__United_States_003320,D00,0.010054,True
YOLO11s,United_States__United_States_003320,D10,0.006914,False
YOLO11s,United_States__United_States_003320,D10,0.017344,False
YOLO11s,United_States__United_States_003320,D10,0.018867,False
YOLO11s,United_States__United_States_003320,D10,0.010029,False
YOLO11s,United_States__United_States_003321,D00,0.003457,True
YOLO11s,United_States__United_States_003321,D10,0.008423,False
YOLO11s,United_States__United_States_003321,D20,0.111211,True
YOLO11s,United_States__United_States_003321,D00,0.013447,True
YOLO11s,United_States__United_States_003336,D00,0.012246,True
YOLO11s,United_States__United_States_003336,D00,0.015,False
YOLO11s,United_States__United_States_003340,D00,0.028945,False
YOLO11s,United_States__United_States_003340,D10,0.004453,True
YOLO11s,United_States__United_States_003340,D00,0.004785,False
YOLO11s,United_States__United_States_003356,D00,0.005903,True
YOLO11s,United_States__United_States_003356,D20,0.088066,True
YOLO11s,United_States__United_States_003358,D00,0.017842,True
YOLO11s,United_States__United_States_003358,D10,0.019094,True
YOLO11s,United_States__United_States_003358,D10,0.015554,True
YOLO11s,United_States__United_States_003362,D00,0.108984,True
YOLO11s,United_States__United_States_003362,D10,0.008506,False
YOLO11s,United_States__United_States_003364,D00,0.010547,True
YOLO11s,United_States__United_States_003364,D00,0.009668,True
YOLO11s,United_States__United_States_003369,D00,0.058271,False
YOLO11s,United_States__United_States_003375,D00,0.053008,True
YOLO11s,United_States__United_States_003394,D00,0.037812,True
YOLO11s,United_States__United_States_003394,D00,0.028918,True
YOLO11s,United_States__United_States_003395,D00,0.013701,True
YOLO11s,United_States__United_States_003428,D20,0.026172,True
YOLO11s,United_States__United_States_003446,D00,0.0325,True
YOLO11s,United_States__United_States_003446,D00,0.031436,True
YOLO11s,United_States__United_States_003446,D00,0.001404,False
YOLO11s,United_States__United_States_003446,D00,0.002461,False
YOLO11s,United_States__United_States_003453,D00,0.004819,True
YOLO11s,United_States__United_States_003453,D10,0.004053,False
YOLO11s,United_States__United_States_003453,D00,0.043672,False
YOLO11s,United_States__United_States_003453,D10,0.004932,True
YOLO11s,United_States__United_States_003453,D00,0.003237,False
YOLO11s,United_States__United_States_003454,D00,0.053833,False
YOLO11s,United_States__United_States_003454,D00,0.011865,True
YOLO11s,United_States__United_States_003455,D10,0.005977,False
YOLO11s,United_States__United_States_003455,D10,0.026267,True
YOLO11s,United_States__United_States_003455,D00,0.00791,True
YOLO11s,United_States__United_States_003455,D00,0.003706,True
YOLO11s,United_States__United_States_003460,D00,0.048003,True
YOLO11s,United_States__United_States_003481,D00,0.126743,True
YOLO11s,United_States__United_States_003483,D00,0.01582,True
YOLO11s,United_States__United_States_003486,D00,0.032578,False
YOLO11s,United_States__United_States_003486,D00,0.005532,False
YOLO11s,United_States__United_States_003494,D00,0.018281,False
YOLO11s,United_States__United_States_003494,D00,0.007227,True
YOLO11s,United_States__United_States_003502,D10,0.048516,False
YOLO11s,United_States__United_States_003502,D00,0.058535,True
YOLO11s,United_States__United_States_003513,D00,0.043418,True
YOLO11s,United_States__United_States_003513,D10,0.006233,False
YOLO11s,United_States__United_States_003516,D00,0.00438,False
YOLO11s,United_States__United_States_003516,D00,0.051655,False
YOLO11s,United_States__United_States_003516,D10,0.005762,True
YOLO11s,United_States__United_States_003516,D10,0.009375,False
YOLO11s,United_States__United_States_003518,D00,0.005806,True
YOLO11s,United_States__United_States_003519,D00,0.003955,False
YOLO11s,United_States__United_States_003519,D20,0.074648,False
YOLO11s,United_States__United_States_003519,D10,0.002197,False
YOLO11s,United_States__United_States_003519,D00,0.016357,True
YOLO11s,United_States__United_States_003524,D00,0.012061,False
YOLO11s,United_States__United_States_003524,D00,0.014229,False
YOLO11s,United_States__United_States_003526,D40,0.004592,False
YOLO11s,United_States__United_States_003526,D00,0.003633,True
YOLO11s,United_States__United_States_003530,D00,0.044336,True
YOLO11s,United_States__United_States_003530,D00,0.070269,False
YOLO11s,United_States__United_States_003530,D10,0.004358,True
YOLO11s,United_States__United_States_003533,D10,0.004102,True
YOLO11s,United_States__United_States_003533,D00,0.024404,True
YOLO11s,United_States__United_States_003533,D20,0.06,False
YOLO11s,United_States__United_States_003533,D00,0.124277,True
YOLO11s,United_States__United_States_003533,D00,0.152612,True
YOLO11s,United_States__United_States_003543,D00,0.052461,False
YOLO11s,United_States__United_States_003543,D00,0.004089,False
YOLO11s,United_States__United_States_003544,D10,0.016187,False
YOLO11s,United_States__United_States_003544,D10,0.030762,False
YOLO11s,United_States__United_States_003544,D00,0.070967,True
YOLO11s,United_States__United_States_003544,D00,0.027539,True
YOLO11s,United_States__United_States_003548,D00,0.090771,True
YOLO11s,United_States__United_States_003555,D40,0.007361,False
YOLO11s,United_States__United_States_003555,D00,0.009153,False
YOLO11s,United_States__United_States_003573,D00,0.008809,True
YOLO11s,United_States__United_States_003576,D00,0.074448,False
YOLO11s,United_States__United_States_003576,D10,0.027539,True
YOLO11s,United_States__United_States_003586,D00,0.024199,True
YOLO11s,United_States__United_States_003587,D10,0.01426,True
YOLO11s,United_States__United_States_003587,D00,0.033042,True
YOLO11s,United_States__United_States_003595,D00,0.040928,True
YOLO11s,United_States__United_States_003595,D20,0.101406,True
YOLO11s,United_States__United_States_003600,D00,0.019336,True
YOLO11s,United_States__United_States_003617,D10,0.01355,True
YOLO11s,United_States__United_States_003617,D10,0.006819,True
YOLO11s,United_States__United_States_003618,D00,0.001123,False
YOLO11s,United_States__United_States_003619,D00,0.004102,True
YOLO11s,United_States__United_States_003619,D10,0.013381,True
YOLO11s,United_States__United_States_003619,D00,0.027388,True
YOLO11s,United_States__United_States_003624,D00,0.022881,True
YOLO11s,United_States__United_States_003624,D00,0.044023,True
YOLO11s,United_States__United_States_003626,D20,0.123452,False
YOLO11s,United_States__United_States_003633,D00,0.056943,True
YOLO11s,United_States__United_States_003642,D00,0.0171,False
YOLO11s,United_States__United_States_003642,D00,0.058652,True
YOLO11s,United_States__United_States_003642,D00,0.007266,True
YOLO11s,United_States__United_States_003642,D10,0.005781,False
YOLO11s,United_States__United_States_003642,D10,0.012017,False
YOLO11s,United_States__United_States_003648,D10,0.010527,True
YOLO11s,United_States__United_States_003653,D00,0.009058,True
YOLO11s,United_States__United_States_003667,D10,0.00334,True
YOLO11s,United_States__United_States_003667,D00,0.073477,True
YOLO11s,United_States__United_States_003667,D00,0.056362,True
YOLO11s,United_States__United_States_003667,D00,0.055371,False
YOLO11s,United_States__United_States_003672,D20,0.103711,True
YOLO11s,United_States__United_States_003683,D00,0.060674,True
YOLO11s,United_States__United_States_003683,D10,0.036606,False
YOLO11s,United_States__United_States_003690,D10,0.011816,True
YOLO11s,United_States__United_States_003690,D10,0.010759,False
YOLO11s,United_States__United_States_003701,D20,0.343335,True
YOLO11s,United_States__United_States_003706,D00,0.031172,True
YOLO11s,United_States__United_States_003722,D00,0.051797,True
YOLO11s,United_States__United_States_003722,D10,0.024658,False
YOLO11s,United_States__United_States_003728,D00,0.038269,True
YOLO11s,United_States__United_States_003728,D10,0.005586,True
YOLO11s,United_States__United_States_003728,D10,0.005063,False
YOLO11s,United_States__United_States_003729,D00,0.038108,True
YOLO11s,United_States__United_States_003740,D00,0.001289,True
YOLO11s,United_States__United_States_003740,D00,0.00238,False
YOLO11s,United_States__United_States_003740,D00,0.003115,True
YOLO11s,United_States__United_States_003740,D00,0.013262,True
YOLO11s,United_States__United_States_003744,D10,0.012305,True
YOLO11s,United_States__United_States_003744,D20,0.074375,False
YOLO11s,United_States__United_States_003744,D10,0.019653,False
YOLO11s,United_States__United_States_003744,D10,0.004563,True
YOLO11s,United_States__United_States_003744,D10,0.004687,False
YOLO11s,United_States__United_States_003760,D10,0.021589,True
YOLO11s,United_States__United_States_003764,D10,0.020288,True
YOLO11s,United_States__United_States_003765,D00,0.026558,True
YOLO11s,United_States__United_States_003775,D10,0.030408,True
YOLO11s,United_States__United_States_003788,D00,0.063086,True
YOLO11s,United_States__United_States_003788,D10,0.021665,False
YOLO11s,United_States__United_States_003788,D00,0.011719,True
YOLO11s,United_States__United_States_003792,D10,0.024072,True
YOLO11s,United_States__United_States_003792,D10,0.006885,True
YOLO11s,United_States__United_States_003792,D00,0.021709,True
YOLO11s,United_States__United_States_003792,D00,0.004431,True
YOLO11s,United_States__United_States_003792,D00,0.022014,False
YOLO11s,United_States__United_States_003792,D00,0.004175,False
YOLO11s,United_States__United_States_003793,D10,0.143945,False
YOLO11s,United_States__United_States_003793,D10,0.01571,True
YOLO11s,United_States__United_States_003801,D00,0.095515,True
YOLO11s,United_States__United_States_003808,D00,0.062363,True
YOLO11s,United_States__United_States_003820,D00,0.02083,True
YOLO11s,United_States__United_States_003820,D10,0.029224,True
YOLO11s,United_States__United_States_003820,D00,0.04178,False
YOLO11s,United_States__United_States_003821,D00,0.0828,True
YOLO11s,United_States__United_States_003821,D00,0.040117,True
YOLO11s,United_States__United_States_003821,D10,0.014473,False
YOLO11s,United_States__United_States_003833,D00,0.118652,True
YOLO11s,United_States__United_States_003833,D00,0.011426,True
YOLO11s,United_States__United_States_003834,D00,0.00813,True
YOLO11s,United_States__United_States_003836,D00,0.009795,True
YOLO11s,United_States__United_States_003842,D00,0.021665,True
YOLO11s,United_States__United_States_003845,D10,0.018091,True
YOLO11s,United_States__United_States_003859,D20,0.081108,False
YOLO11s,United_States__United_States_003859,D20,0.090488,True
YOLO11s,United_States__United_States_003870,D00,0.02542,False
YOLO11s,United_States__United_States_003870,D00,0.005979,True
YOLO11s,United_States__United_States_003870,D00,0.039514,True
YOLO11s,United_States__United_States_003874,D00,0.010537,False
YOLO11s,United_States__United_States_003874,D00,0.00332,True
YOLO11s,United_States__United_States_003879,D00,0.017524,True
YOLO11s,United_States__United_States_003910,D00,0.006504,True
YOLO11s,United_States__United_States_003910,D00,0.030615,True
YOLO11s,United_States__United_States_003915,D00,0.013857,True
YOLO11s,United_States__United_States_003915,D00,0.014436,True
YOLO11s,United_States__United_States_003940,D00,0.137334,False
YOLO11s,United_States__United_States_003942,D20,0.14959,True
YOLO11s,United_States__United_States_003942,D00,0.086294,False
YOLO11s,United_States__United_States_003943,D20,0.033301,False
YOLO11s,United_States__United_States_003943,D20,0.040195,False
YOLO11s,United_States__United_States_003943,D20,0.110981,True
YOLO11s,United_States__United_States_003945,D10,0.004199,True
YOLO11s,United_States__United_States_003945,D00,0.017456,True
YOLO11s,United_States__United_States_003947,D00,0.003296,False
YOLO11s,United_States__United_States_003947,D00,0.004915,False
YOLO11s,United_States__United_States_003964,D10,0.007676,True
YOLO11s,United_States__United_States_003966,D00,0.089385,True
YOLO11s,United_States__United_States_003972,D00,0.011245,False
YOLO11s,United_States__United_States_003972,D00,0.026016,False
YOLO11s,United_States__United_States_003972,D00,0.002871,False
YOLO11s,United_States__United_States_003972,D10,0.016294,True
YOLO11s,United_States__United_States_003972,D10,0.030557,False
YOLO11s,United_States__United_States_003972,D10,0.01582,False
YOLO11s,United_States__United_States_003985,D00,0.005981,False
YOLO11s,United_States__United_States_003985,D40,0.00271,False
YOLO11s,United_States__United_States_003985,D10,0.002266,False
YOLO11s,United_States__United_States_003985,D20,0.191162,True
YOLO11s,United_States__United_States_003985,D00,0.083979,True
YOLO11s,United_States__United_States_003985,D40,0.015073,True
YOLO11s,United_States__United_States_003985,D40,0.000955,False
YOLO11s,United_States__United_States_004003,D10,0.022046,True
YOLO11s,United_States__United_States_004003,D00,0.020776,False
YOLO11s,United_States__United_States_004003,D00,0.013281,False
YOLO11s,United_States__United_States_004004,D00,0.030098,True
YOLO11s,United_States__United_States_004004,D00,0.050527,True
YOLO11s,United_States__United_States_004004,D00,0.077932,True
YOLO11s,United_States__United_States_004005,D10,0.009927,False
YOLO11s,United_States__United_States_004005,D00,0.029541,True
YOLO11s,United_States__United_States_004005,D10,0.005178,False
YOLO11s,United_States__United_States_004013,D10,0.065283,True
YOLO11s,United_States__United_States_004013,D00,0.062842,False
YOLO11s,United_States__United_States_004020,D00,0.003691,False
YOLO11s,United_States__United_States_004020,D00,0.041484,True
YOLO11s,United_States__United_States_004020,D00,0.027187,True
YOLO11s,United_States__United_States_004023,D00,0.007407,True
YOLO11s,United_States__United_States_004023,D20,0.031421,True
YOLO11s,United_States__United_States_004024,D00,0.010391,True
YOLO11s,United_States__United_States_004024,D10,0.012305,True
YOLO11s,United_States__United_States_004029,D10,0.010029,True
YOLO11s,United_States__United_States_004029,D00,0.004687,True
YOLO11s,United_States__United_States_004029,D20,0.053574,False
YOLO11s,United_States__United_States_004053,D10,0.015645,True
YOLO11s,United_States__United_States_004053,D00,0.016563,True
YOLO11s,United_States__United_States_004064,D00,0.001062,True
YOLO11s,United_States__United_States_004064,D00,0.003369,True
YOLO11s,United_States__United_States_004064,D00,0.023438,True
YOLO11s,United_States__United_States_004064,D00,0.017859,True
YOLO11s,United_States__United_States_004065,D00,0.006514,True
YOLO11s,United_States__United_States_004071,D00,0.037017,True
YOLO11s,United_States__United_States_004072,D10,0.057012,False
YOLO11s,United_States__United_States_004086,D00,0.032031,True
YOLO11s,United_States__United_States_004086,D00,0.024653,True
YOLO11s,United_States__United_States_004091,D00,0.023667,True
YOLO11s,United_States__United_States_004103,D00,0.015234,True
YOLO11s,United_States__United_States_004127,D00,0.048647,True
YOLO11s,United_States__United_States_004127,D00,0.005752,False
YOLO11s,United_States__United_States_004127,D00,0.005398,True
YOLO11s,United_States__United_States_004128,D00,0.033806,True
YOLO11s,United_States__United_States_004128,D00,0.055029,True
YOLO11s,United_States__United_States_004128,D00,0.013982,False
YOLO11s,United_States__United_States_004131,D10,0.041748,True
YOLO11s,United_States__United_States_004136,D20,0.132788,True
YOLO11s,United_States__United_States_004136,D00,0.017856,False
YOLO11s,United_States__United_States_004139,D00,0.007734,True
YOLO11s,United_States__United_States_004139,D00,0.001348,False
YOLO11s,United_States__United_States_004139,D00,0.004028,True
YOLO11s,United_States__United_States_004142,D00,0.044746,True
YOLO11s,United_States__United_States_004142,D00,0.114414,False
YOLO11s,United_States__United_States_004142,D10,0.009766,True
YOLO11s,United_States__United_States_004153,D00,0.052676,True
YOLO11s,United_States__United_States_004155,D00,0.045288,True
YOLO11s,United_States__United_States_004157,D00,0.019673,True
YOLO11s,United_States__United_States_004157,D00,0.007734,True
YOLO11s,United_States__United_States_004157,D10,0.01543,True
YOLO11s,United_States__United_States_004159,D20,0.055054,False
YOLO11s,United_States__United_States_004159,D10,0.007637,True
YOLO11s,United_States__United_States_004159,D10,0.005879,False
YOLO11s,United_States__United_States_004163,D00,0.011206,True
YOLO11s,United_States__United_States_004163,D10,0.019219,True
YOLO11s,United_States__United_States_004165,D10,0.042847,True
YOLO11s,United_States__United_States_004168,D10,0.008569,True
YOLO11s,United_States__United_States_004168,D00,0.007656,True
YOLO11s,United_States__United_States_004168,D00,0.035127,True
YOLO11s,United_States__United_States_004174,D00,0.025281,True
YOLO11s,United_States__United_States_004176,D00,0.034424,True
YOLO11s,United_States__United_States_004194,D00,0.002102,False
YOLO11s,United_States__United_States_004194,D00,0.049043,True
YOLO11s,United_States__United_States_004198,D10,0.011877,True
YOLO11s,United_States__United_States_004198,D00,0.019995,True
YOLO11s,United_States__United_States_004198,D10,0.00708,False
YOLO11s,United_States__United_States_004200,D00,0.019287,True
YOLO11s,United_States__United_States_004203,D00,0.0075,False
YOLO11s,United_States__United_States_004203,D20,0.086045,True
YOLO11s,United_States__United_States_004203,D10,0.008386,True
YOLO11s,United_States__United_States_004206,D00,0.001484,False
YOLO11s,United_States__United_States_004206,D10,0.010557,True
YOLO11s,United_States__United_States_004207,D00,0.038408,False
YOLO11s,United_States__United_States_004207,D00,0.010474,False
YOLO11s,United_States__United_States_004207,D10,0.007097,True
YOLO11s,United_States__United_States_004207,D00,0.116111,True
YOLO11s,United_States__United_States_004207,D10,0.009236,True
YOLO11s,United_States__United_States_004228,D20,0.106785,True
YOLO11s,United_States__United_States_004250,D10,0.017688,False
YOLO11s,United_States__United_States_004250,D10,0.012756,False
YOLO11s,United_States__United_States_004250,D10,0.026807,False
YOLO11s,United_States__United_States_004250,D10,0.003706,False
YOLO11s,United_States__United_States_004250,D10,0.008635,True
YOLO11s,United_States__United_States_004250,D00,0.136553,False
YOLO11s,United_States__United_States_004251,D00,0.092563,True
YOLO11s,United_States__United_States_004255,D10,0.009727,False
YOLO11s,United_States__United_States_004257,D00,0.107139,True
YOLO11s,United_States__United_States_004257,D00,0.075337,False
YOLO11s,United_States__United_States_004257,D00,0.017861,False
YOLO11s,United_States__United_States_004258,D00,0.009687,False
YOLO11s,United_States__United_States_004258,D00,0.006641,True
YOLO11s,United_States__United_States_004258,D00,0.009209,False
YOLO11s,United_States__United_States_004268,D00,0.070547,True
YOLO11s,United_States__United_States_004276,D20,0.116543,True
YOLO11s,United_States__United_States_004276,D20,0.060586,True
YOLO11s,United_States__United_States_004279,D20,0.120859,True
YOLO11s,United_States__United_States_004280,D10,0.053594,True
YOLO11s,United_States__United_States_004280,D00,0.003154,True
YOLO11s,United_States__United_States_004280,D00,0.003027,True
YOLO11s,United_States__United_States_004309,D00,0.004102,True
YOLO11s,United_States__United_States_004326,D00,0.05709,True
YOLO11s,United_States__United_States_004326,D00,0.006289,True
YOLO11s,United_States__United_States_004326,D10,0.004316,False
YOLO11s,United_States__United_States_004326,D00,0.005957,False
YOLO11s,United_States__United_States_004331,D00,0.016758,False
YOLO11s,United_States__United_States_004331,D10,0.009775,True
YOLO11s,United_States__United_States_004331,D00,0.001523,True
YOLO11s,United_States__United_States_004331,D00,0.024902,True
YOLO11s,United_States__United_States_004331,D10,0.006143,True
YOLO11s,United_States__United_States_004356,D20,0.246094,True
YOLO11s,United_States__United_States_004357,D20,0.042144,False
YOLO11s,United_States__United_States_004357,D00,0.044678,True
YOLO11s,United_States__United_States_004360,D00,0.011719,False
YOLO11s,United_States__United_States_004360,D10,0.040625,True
YOLO11s,United_States__United_States_004360,D20,0.019946,False
YOLO11s,United_States__United_States_004360,D00,0.009463,True
YOLO11s,United_States__United_States_004368,D00,0.019141,False
YOLO11s,United_States__United_States_004371,D00,0.090645,False
YOLO11s,United_States__United_States_004371,D00,0.026797,False
YOLO11s,United_States__United_States_004374,D00,0.000928,False
YOLO11s,United_States__United_States_004374,D20,0.128047,True
YOLO11s,United_States__United_States_004374,D00,0.053281,True
YOLO11s,United_States__United_States_004374,D20,0.045869,True
YOLO11s,United_States__United_States_004374,D00,0.001719,False
YOLO11s,United_States__United_States_004374,D00,0.003713,False
YOLO11s,United_States__United_States_004376,D00,0.021094,True
YOLO11s,United_States__United_States_004385,D10,0.022402,True
YOLO11s,United_States__United_States_004386,D00,0.024932,False
YOLO11s,United_States__United_States_004387,D00,0.026162,True
YOLO11s,United_States__United_States_004387,D00,0.008591,True
YOLO11s,United_States__United_States_004387,D10,0.012129,False
YOLO11s,United_States__United_States_004388,D10,0.047578,True
YOLO11s,United_States__United_States_004398,D40,0.00082,False
YOLO11s,United_States__United_States_004400,D10,0.021328,True
YOLO11s,United_States__United_States_004400,D20,0.008965,True
YOLO11s,United_States__United_States_004400,D00,0.011875,True
YOLO11s,United_States__United_States_004402,D00,0.028887,True
YOLO11s,United_States__United_States_004402,D00,0.025313,True
YOLO11s,United_States__United_States_004402,D00,0.004785,True
YOLO11s,United_States__United_States_004402,D00,0.001172,False
YOLO11s,United_States__United_States_004402,D00,0.018589,True
YOLO11s,United_States__United_States_004402,D10,0.054272,False
YOLO11s,United_States__United_States_004407,D00,0.003418,False
YOLO11s,United_States__United_States_004407,D00,0.103271,True
YOLO11s,United_States__United_States_004407,D00,0.002563,True
YOLO11s,United_States__United_States_004407,D10,0.021499,True
YOLO11s,United_States__United_States_004410,D20,0.021191,True
YOLO11s,United_States__United_States_004412,D20,0.062871,True
YOLO11s,United_States__United_States_004412,D20,0.13707,True
YOLO11s,United_States__United_States_004412,D10,0.01093,False
YOLO11s,United_States__United_States_004412,D10,0.00719,False
YOLO11s,United_States__United_States_004422,D00,0.008125,True
YOLO11s,United_States__United_States_004422,D00,0.004673,True
YOLO11s,United_States__United_States_004423,D10,0.02625,True
YOLO11s,United_States__United_States_004423,D00,0.021328,True
YOLO11s,United_States__United_States_004423,D00,0.066797,True
YOLO11s,United_States__United_States_004424,D00,0.088403,True
YOLO11s,United_States__United_States_004424,D00,0.008477,False
YOLO11s,United_States__United_States_004430,D00,0.063809,True
YOLO11s,United_States__United_States_004437,D00,0.02929,True
YOLO11s,United_States__United_States_004437,D00,0.017666,False
YOLO11s,United_States__United_States_004438,D00,0.003213,True
YOLO11s,United_States__United_States_004438,D10,0.004023,True
YOLO11s,United_States__United_States_004442,D00,0.035706,False
YOLO11s,United_States__United_States_004442,D10,0.04541,True
YOLO11s,United_States__United_States_004443,D00,0.016919,True
YOLO11s,United_States__United_States_004443,D10,0.013228,False
YOLO11s,United_States__United_States_004443,D10,0.032705,True
YOLO11s,United_States__United_States_004455,D00,0.029551,False
YOLO11s,United_States__United_States_004455,D00,0.01001,True
YOLO11s,United_States__United_States_004455,D20,0.072188,True
YOLO11s,United_States__United_States_004455,D00,0.014792,True
YOLO11s,United_States__United_States_004456,D10,0.034702,True
YOLO11s,United_States__United_States_004456,D00,0.012246,False
YOLO11s,United_States__United_States_004457,D00,0.025313,True
YOLO11s,United_States__United_States_004457,D00,0.025146,False
YOLO11s,United_States__United_States_004458,D00,0.015039,True
YOLO11s,United_States__United_States_004460,D00,0.069717,True
YOLO11s,United_States__United_States_004460,D10,0.039814,True
YOLO11s,United_States__United_States_004472,D10,0.001343,False
YOLO11s,United_States__United_States_004472,D00,0.015039,True
YOLO11s,United_States__United_States_004472,D40,0.00082,True
YOLO11s,United_States__United_States_004478,D10,0.013613,False
YOLO11s,United_States__United_States_004480,D00,0.002065,True
YOLO11s,United_States__United_States_004480,D00,0.01061,True
YOLO11s,United_States__United_States_004488,D10,0.027739,True
YOLO11s,United_States__United_States_004488,D10,0.015996,False
YOLO11s,United_States__United_States_004488,D00,0.008887,True
YOLO11s,United_States__United_States_004493,D10,0.033354,False
YOLO11s,United_States__United_States_004493,D10,0.045667,False
YOLO11s,United_States__United_States_004503,D00,0.070508,True
YOLO11s,United_States__United_States_004503,D00,0.007305,True
YOLO11s,United_States__United_States_004503,D10,0.017275,True
YOLO11s,United_States__United_States_004504,D10,0.019658,False
YOLO11s,United_States__United_States_004507,D00,0.004648,False
YOLO11s,United_States__United_States_004517,D10,0.040605,True
YOLO11s,United_States__United_States_004517,D00,0.027808,True
YOLO11s,United_States__United_States_004517,D00,0.003901,True
YOLO11s,United_States__United_States_004520,D00,0.007979,True
YOLO11s,United_States__United_States_004520,D00,0.00668,True
YOLO11s,United_States__United_States_004520,D00,0.008174,True
YOLO11s,United_States__United_States_004520,D00,0.045439,True
YOLO11s,United_States__United_States_004523,D20,0.035889,False
YOLO11s,United_States__United_States_004526,D00,0.003875,True
YOLO11s,United_States__United_States_004526,D00,0.046201,True
YOLO11s,United_States__United_States_004526,D00,0.024883,True
YOLO11s,United_States__United_States_004532,D00,0.06043,True
YOLO11s,United_States__United_States_004532,D10,0.010547,True
YOLO11s,United_States__United_States_004532,D00,0.003706,False
YOLO11s,United_States__United_States_004532,D10,0.075027,True
YOLO11s,United_States__United_States_004536,D20,0.018984,True
YOLO11s,United_States__United_States_004536,D00,0.011511,False
YOLO11s,United_States__United_States_004538,D20,0.166919,True
YOLO11s,United_States__United_States_004538,D00,0.022339,False
YOLO11s,United_States__United_States_004544,D00,0.005713,False
YOLO11s,United_States__United_States_004545,D10,0.039014,True
YOLO11s,United_States__United_States_004545,D00,0.01375,True
YOLO11s,United_States__United_States_004545,D00,0.075391,True
YOLO11s,United_States__United_States_004545,D00,0.129141,True
YOLO11s,United_States__United_States_004546,D20,0.302734,True
YOLO11s,United_States__United_States_004546,D20,0.047461,False
YOLO11s,United_States__United_States_004548,D00,0.014727,True
YOLO11s,United_States__United_States_004548,D00,0.045068,True
YOLO11s,United_States__United_States_004549,D00,0.014014,True
YOLO11s,United_States__United_States_004549,D40,0.003179,False
YOLO11s,United_States__United_States_004555,D00,0.001289,True
YOLO11s,United_States__United_States_004555,D00,0.026914,True
YOLO11s,United_States__United_States_004555,D00,0.090625,True
YOLO11s,United_States__United_States_004556,D00,0.01145,True
YOLO11s,United_States__United_States_004558,D20,0.232532,True
YOLO11s,United_States__United_States_004558,D00,0.018896,False
YOLO11s,United_States__United_States_004575,D00,0.00375,True
YOLO11s,United_States__United_States_004575,D00,0.01332,False
YOLO11s,United_States__United_States_004575,D00,0.026562,False
YOLO11s,United_States__United_States_004577,D10,0.010444,True
YOLO11s,United_States__United_States_004599,D00,0.011016,False
YOLO11s,United_States__United_States_004599,D00,0.015637,False
YOLO11s,United_States__United_States_004624,D00,0.006973,False
YOLO11s,United_States__United_States_004625,D10,0.051777,False
YOLO11s,United_States__United_States_004625,D00,0.029456,False
YOLO11s,United_States__United_States_004625,D00,0.018164,False
YOLO11s,United_States__United_States_004628,D10,0.009668,True
YOLO11s,United_States__United_States_004634,D00,0.093516,True
YOLO11s,United_States__United_States_004637,D20,0.03126,False
YOLO11s,United_States__United_States_004639,D10,0.009521,True
YOLO11s,United_States__United_States_004643,D40,0.004248,False
YOLO11s,United_States__United_States_004646,D00,0.003867,True
YOLO11s,United_States__United_States_004646,D10,0.01373,True
YOLO11s,United_States__United_States_004646,D10,0.025225,True
YOLO11s,United_States__United_States_004646,D00,0.034199,True
YOLO11s,United_States__United_States_004654,D00,0.000806,False
YOLO11s,United_States__United_States_004654,D00,0.007178,False
YOLO11s,United_States__United_States_004654,D10,0.013196,True
YOLO11s,United_States__United_States_004654,D00,0.030322,True
YOLO11s,United_States__United_States_004670,D00,0.06457,False
YOLO11s,United_States__United_States_004670,D00,0.129141,False
YOLO11s,United_States__United_States_004670,D10,0.011733,True
YOLO11s,United_States__United_States_004670,D00,0.026917,False
YOLO11s,United_States__United_States_004670,D00,0.050178,False
YOLO11s,United_States__United_States_004670,D00,0.09032,False
YOLO11s,United_States__United_States_004678,D10,0.102546,False
YOLO11s,United_States__United_States_004682,D00,0.004617,True
YOLO11s,United_States__United_States_004682,D00,0.025532,True
YOLO11s,United_States__United_States_004682,D00,0.007537,True
YOLO11s,United_States__United_States_004685,D10,0.032334,True
YOLO11s,United_States__United_States_004686,D10,0.001914,False
YOLO11s,United_States__United_States_004686,D00,0.05,True
YOLO11s,United_States__United_States_004692,D00,0.015952,False
YOLO11s,United_States__United_States_004692,D10,0.039763,False
YOLO11s,United_States__United_States_004692,D00,0.053159,True
YOLO11s,United_States__United_States_004704,D20,0.015491,False
YOLO11s,United_States__United_States_004704,D00,0.004011,False
YOLO11s,United_States__United_States_004708,D00,0.014458,True
YOLO11s,United_States__United_States_004711,D00,0.005808,False
YOLO11s,United_States__United_States_004711,D00,0.001948,True
YOLO11s,United_States__United_States_004711,D00,0.003845,True
YOLO11s,United_States__United_States_004714,D20,0.04168,False
YOLO11s,United_States__United_States_004714,D20,0.121851,True
YOLO11s,United_States__United_States_004726,D00,0.128452,True
YOLO11s,United_States__United_States_004730,D10,0.030537,True
YOLO11s,United_States__United_States_004730,D00,0.028076,False
YOLO11s,United_States__United_States_004738,D00,0.016143,True
YOLO11s,United_States__United_States_004751,D00,0.043594,True
YOLO11s,United_States__United_States_004751,D10,0.024658,False
YOLO11s,United_States__United_States_004751,D00,0.006509,True
YOLO11s,United_States__United_States_004754,D00,0.004687,True
YOLO11s,United_States__United_States_004766,D20,0.065391,False
YOLO11s,United_States__United_States_004766,D10,0.112537,True
YOLO11s,United_States__United_States_004767,D10,0.010322,True
YOLO11s,United_States__United_States_004774,D10,0.013245,True
YOLO11s,United_States__United_States_004774,D00,0.020552,True
YOLO11s,United_States__United_States_004774,D00,0.026184,False
YOLO11s,United_States__United_States_004774,D00,0.007227,False
YOLO11s,United_States__United_States_004784,D00,0.005239,True
YOLO11s,United_States__United_States_004784,D00,0.007998,True
YOLO11s,United_States__United_States_004784,D00,0.011133,False
YOLO11s,United_States__United_States_004784,D00,0.004614,True
YOLO11s,United_States__United_States_004784,D00,0.019297,True
YOLO11s,United_States__United_States_004784,D00,0.085938,True
