model,stem,cls,tp,fp,fn
YOLO11n,China_Drone__China_Drone_000008,D10,1,1,0
YOLO11n,China_Drone__China_Drone_000017,D10,1,0,0
YOLO11n,China_Drone__China_Drone_000032,D00,0,0,1
YOLO11n,China_Drone__China_Drone_000032,D10,1,0,0
YOLO11n,China_Drone__China_Drone_000038,D00,0,1,1
YOLO11n,China_Drone__China_Drone_000046,D00,1,0,0
YOLO11n,China_Drone__China_Drone_000051,D00,0,1,0
YOLO11n,China_Drone__China_Drone_000051,D10,1,0,0
YOLO11n,China_Drone__China_Drone_000053,D20,0,0,1
YOLO11n,China_Drone__China_Drone_000054,D10,1,0,0
YOLO11n,China_Drone__China_Drone_000064,D40,0,0,1
YOLO11n,China_Drone__China_Drone_000069,D10,1,0,0
YOLO11n,China_Drone__China_Drone_000075,D10,1,0,0
YOLO11n,China_Drone__China_Drone_000079,D00,1,0,1
YOLO11n,China_Drone__China_Drone_000079,D10,1,0,0
YOLO11n,China_Drone__China_Drone_000082,D00,0,1,1
YOLO11n,China_Drone__China_Drone_000082,D10,1,2,2
YOLO11n,China_Drone__China_Drone_000092,D00,2,2,1
YOLO11n,China_Drone__China_Drone_000093,D00,1,2,0
YOLO11n,China_Drone__China_Drone_000095,D00,0,1,0
YOLO11n,China_Drone__China_Drone_000095,D10,0,1,1
YOLO11n,China_Drone__China_Drone_000102,D10,1,0,0
YOLO11n,China_Drone__China_Drone_000113,D00,2,0,1
YOLO11n,China_Drone__China_Drone_000113,D10,1,0,0
YOLO11n,China_Drone__China_Drone_000135,D10,1,1,0
YOLO11n,China_Drone__China_Drone_000140,D00,0,0,1
YOLO11n,China_Drone__China_Drone_000140,D10,1,0,0
YOLO11n,China_Drone__China_Drone_000179,D00,0,0,1
YOLO11n,China_Drone__China_Drone_000179,D10,1,0,0
YOLO11n,China_Drone__China_Drone_000180,D00,1,0,0
YOLO11n,China_Drone__China_Drone_000184,D00,1,1,0
YOLO11n,China_Drone__China_Drone_000184,D10,2,0,1
YOLO11n,China_Drone__China_Drone_000194,D20,1,0,0
YOLO11n,China_Drone__China_Drone_000207,D10,0,0,1
YOLO11n,China_Drone__China_Drone_000207,D20,1,0,0
YOLO11n,China_Drone__China_Drone_000235,D20,0,0,1
YOLO11n,China_Drone__China_Drone_000247,D00,1,3,0
YOLO11n,China_Drone__China_Drone_000250,D00,0,1,0
YOLO11n,China_Drone__China_Drone_000254,D00,1,1,1
YOLO11n,China_Drone__China_Drone_000264,D00,1,0,0
YOLO11n,China_Drone__China_Drone_000264,D10,0,0,1
YOLO11n,China_Drone__China_Drone_000267,D10,0,0,2
YOLO11n,China_Drone__China_Drone_000268,D10,0,0,1
YOLO11n,China_Drone__China_Drone_000279,D20,0,0,1
YOLO11n,China_Drone__China_Drone_000287,D00,1,0,0
YOLO11n,China_Drone__China_Drone_000299,D10,1,0,1
YOLO11n,China_Drone__China_Drone_000300,D00,1,0,0
YOLO11n,China_Drone__China_Drone_000317,D10,2,2,0
YOLO11n,China_Drone__China_Drone_000318,D00,1,0,0
YOLO11n,China_Drone__China_Drone_000345,D00,0,0,1
YOLO11n,China_Drone__China_Drone_000345,D20,0,0,1
YOLO11n,China_Drone__China_Drone_000357,D00,0,0,1
YOLO11n,China_Drone__China_Drone_000360,D00,1,0,0
YOLO11n,China_Drone__China_Drone_000363,D00,0,1,0
YOLO11n,China_Drone__China_Drone_000363,D10,0,0,1
YOLO11n,China_Drone__China_Drone_000392,D00,0,1,1
YOLO11n,China_Drone__China_Drone_000392,D10,2,2,1
YOLO11n,China_Drone__China_Drone_000396,D00,0,1,0
YOLO11n,China_Drone__China_Drone_000404,D40,1,1,1
YOLO11n,China_Drone__China_Drone_000405,D00,1,0,0
YOLO11n,China_Drone__China_Drone_000406,D00,1,0,0
YOLO11n,China_Drone__China_Drone_000410,D00,1,1,0
YOLO11n,China_Drone__China_Drone_000411,D00,1,0,1
YOLO11n,China_Drone__China_Drone_000411,D10,0,1,1
YOLO11n,China_Drone__China_Drone_000416,D10,2,1,0
YOLO11n,China_Drone__China_Drone_000429,D00,1,0,0
YOLO11n,China_Drone__China_Drone_000429,D10,1,0,0
YOLO11n,China_Drone__China_Drone_000430,D10,1,0,0
YOLO11n,China_Drone__China_Drone_000431,D10,1,0,0
YOLO11n,China_Drone__China_Drone_000440,D00,1,0,0
YOLO11n,China_Drone__China_Drone_000442,D10,1,0,0
YOLO11n,China_Drone__China_Drone_000452,D10,0,0,1
YOLO11n,China_Drone__China_Drone_000454,D10,1,1,0
YOLO11n,China_Drone__China_Drone_000471,D00,1,0,0
YOLO11n,China_Drone__China_Drone_000481,D00,1,0,0
YOLO11n,China_Drone__China_Drone_000488,D10,0,1,0
YOLO11n,China_Drone__China_Drone_000493,D00,0,0,1
YOLO11n,China_Drone__China_Drone_000503,D40,1,0,2
YOLO11n,China_Drone__China_Drone_000506,D10,0,0,1
YOLO11n,China_Drone__China_Drone_000515,D00,0,1,1
YOLO11n,China_Drone__China_Drone_000515,D10,0,0,2
YOLO11n,China_Drone__China_Drone_000563,D10,1,0,0
YOLO11n,China_Drone__China_Drone_000589,D00,1,0,0
YOLO11n,China_Drone__China_Drone_000595,D10,1,2,0
YOLO11n,China_Drone__China_Drone_000598,D10,0,2,0
YOLO11n,China_Drone__China_Drone_000605,D10,1,0,0
YOLO11n,China_Drone__China_Drone_000615,D00,3,2,0
YOLO11n,China_Drone__China_Drone_000620,D10,0,2,2
YOLO11n,China_Drone__China_Drone_000622,D10,1,0,0
YOLO11n,China_Drone__China_Drone_000634,D00,1,0,0
YOLO11n,China_Drone__China_Drone_000640,D20,0,1,1
YOLO11n,China_Drone__China_Drone_000648,D00,1,0,0
YOLO11n,China_Drone__China_Drone_000650,D00,0,0,1
YOLO11n,China_Drone__China_Drone_000650,D10,1,0,0
YOLO11n,China_Drone__China_Drone_000653,D00,0,0,1
YOLO11n,China_Drone__China_Drone_000656,D00,1,1,0
YOLO11n,China_Drone__China_Drone_000662,D10,1,0,0
YOLO11n,China_Drone__China_Drone_000695,D20,1,0,0
YOLO11n,China_Drone__China_Drone_000695,D40,1,0,0
YOLO11n,China_Drone__China_Drone_000708,D00,1,2,0
YOLO11n,China_Drone__China_Drone_000708,D20,0,0,1
YOLO11n,China_Drone__China_Drone_000711,D00,1,0,1
YOLO11n,China_Drone__China_Drone_000711,D10,1,0,0
YOLO11n,China_Drone__China_Drone_000715,D10,1,1,0
YOLO11n,China_Drone__China_Drone_000717,D10,0,0,1
YOLO11n,China_Drone__China_Drone_000733,D00,1,4,0
YOLO11n,China_Drone__China_Drone_000738,D00,0,0,1
YOLO11n,China_Drone__China_Drone_000738,D10,1,1,1
YOLO11n,China_Drone__China_Drone_000745,D10,1,2,0
YOLO11n,China_Drone__China_Drone_000759,D00,1,2,0
YOLO11n,China_Drone__China_Drone_000762,D40,0,1,0
YOLO11n,China_Drone__China_Drone_000763,D00,1,1,0
YOLO11n,China_Drone__China_Drone_000767,D10,1,0,0
YOLO11n,China_Drone__China_Drone_000768,D00,1,0,0
YOLO11n,China_Drone__China_Drone_000802,D10,1,0,0
YOLO11n,China_Drone__China_Drone_000808,D10,1,0,0
YOLO11n,China_Drone__China_Drone_000826,D00,1,0,0
YOLO11n,China_Drone__China_Drone_000831,D00,0,1,0
YOLO11n,China_Drone__China_Drone_000831,D10,0,1,1
YOLO11n,China_Drone__China_Drone_000853,D10,1,2,0
YOLO11n,China_Drone__China_Drone_000865,D00,2,0,0
YOLO11n,China_Drone__China_Drone_000866,D10,1,3,0
YOLO11n,China_Drone__China_Drone_000867,D00,2,2,0
YOLO11n,China_Drone__China_Drone_000867,D10,1,0,1
YOLO11n,China_Drone__China_Drone_000871,D20,1,0,0
YOLO11n,China_Drone__China_Drone_000881,D00,1,1,0
YOLO11n,China_Drone__China_Drone_000889,D00,1,0,0
YOLO11n,China_Drone__China_Drone_000906,D10,1,0,0
YOLO11n,China_Drone__China_Drone_000919,D00,1,0,1
YOLO11n,China_Drone__China_Drone_000932,D00,1,3,0
YOLO11n,China_Drone__China_Drone_000932,D10,0,2,0
YOLO11n,China_Drone__China_Drone_000932,D20,0,0,1
YOLO11n,China_Drone__China_Drone_000945,D00,0,0,2
YOLO11n,China_Drone__China_Drone_000945,D10,1,1,1
YOLO11n,China_Drone__China_Drone_000947,D00,0,0,1
YOLO11n,China_Drone__China_Drone_000947,D20,1,0,0
YOLO11n,China_Drone__China_Drone_000952,D20,0,0,1
YOLO11n,China_Drone__China_Drone_000976,D00,0,4,0
YOLO11n,China_Drone__China_Drone_000980,D00,1,3,0
YOLO11n,China_Drone__China_Drone_000993,D00,1,0,0
YOLO11n,China_Drone__China_Drone_000994,D00,0,1,0
YOLO11n,China_Drone__China_Drone_000994,D10,0,0,1
YOLO11n,China_Drone__China_Drone_000995,D00,1,0,0
YOLO11n,China_Drone__China_Drone_000996,D10,0,1,0
YOLO11n,China_Drone__China_Drone_001018,D20,1,1,0
YOLO11n,China_Drone__China_Drone_001024,D00,2,3,1
YOLO11n,China_Drone__China_Drone_001025,D00,0,0,1
YOLO11n,China_Drone__China_Drone_001030,D10,0,0,1
YOLO11n,China_Drone__China_Drone_001040,D00,1,0,0
YOLO11n,China_Drone__China_Drone_001040,D10,3,1,0
YOLO11n,China_Drone__China_Drone_001043,D10,1,1,0
YOLO11n,China_Drone__China_Drone_001048,D00,1,1,0
YOLO11n,China_Drone__China_Drone_001067,D10,1,1,0
YOLO11n,China_Drone__China_Drone_001067,D40,1,0,0
YOLO11n,China_Drone__China_Drone_001069,D10,1,0,0
YOLO11n,China_Drone__China_Drone_001081,D00,1,2,0
YOLO11n,China_Drone__China_Drone_001091,D00,0,0,1
YOLO11n,China_Drone__China_Drone_001104,D00,1,1,1
YOLO11n,China_Drone__China_Drone_001108,D00,0,1,1
YOLO11n,China_Drone__China_Drone_001108,D20,0,0,1
YOLO11n,China_Drone__China_Drone_001129,D00,0,0,1
YOLO11n,China_Drone__China_Drone_001129,D10,2,0,0
YOLO11n,China_Drone__China_Drone_001136,D00,0,0,1
YOLO11n,China_Drone__China_Drone_001136,D10,1,0,0
YOLO11n,China_Drone__China_Drone_001141,D20,1,0,0
YOLO11n,China_Drone__China_Drone_001152,D00,2,0,0
YOLO11n,China_Drone__China_Drone_001157,D10,1,1,0
YOLO11n,China_Drone__China_Drone_001159,D00,0,0,1
YOLO11n,China_Drone__China_Drone_001159,D10,1,1,0
YOLO11n,China_Drone__China_Drone_001166,D10,1,0,0
YOLO11n,China_Drone__China_Drone_001182,D00,0,0,1
YOLO11n,China_Drone__China_Drone_001182,D20,0,0,1
YOLO11n,China_Drone__China_Drone_001190,D00,1,0,1
YOLO11n,China_Drone__China_Drone_001192,D00,0,0,1
YOLO11n,China_Drone__China_Drone_001200,D10,1,1,0
YOLO11n,China_Drone__China_Drone_001217,D10,1,0,1
YOLO11n,China_Drone__China_Drone_001222,D00,0,0,2
YOLO11n,China_Drone__China_Drone_001222,D10,0,0,1
YOLO11n,China_Drone__China_Drone_001229,D00,1,0,1
YOLO11n,China_Drone__China_Drone_001238,D00,0,0,2
YOLO11n,China_Drone__China_Drone_001246,D00,0,1,0
YOLO11n,China_Drone__China_Drone_001246,D10,2,3,0
YOLO11n,China_Drone__China_Drone_001247,D10,1,0,0
YOLO11n,China_Drone__China_Drone_001250,D00,0,0,1
YOLO11n,China_Drone__China_Drone_001250,D10,1,0,0
YOLO11n,China_Drone__China_Drone_001263,D00,2,3,3
YOLO11n,China_Drone__China_Drone_001263,D10,0,1,0
YOLO11n,China_Drone__China_Drone_001271,D00,0,0,1
YOLO11n,China_Drone__China_Drone_001271,D10,1,0,0
YOLO11n,China_Drone__China_Drone_001272,D10,1,1,0
YOLO11n,China_Drone__China_Drone_001283,D10,0,0,1
YOLO11n,China_Drone__China_Drone_001305,D00,0,1,1
YOLO11n,China_Drone__China_Drone_001317,D10,1,1,1
YOLO11n,China_Drone__China_Drone_001317,D20,0,1,0
YOLO11n,China_Drone__China_Drone_001356,D10,0,1,1
YOLO11n,China_Drone__China_Drone_001356,D20,0,0,1
YOLO11n,China_Drone__China_Drone_001367,D00,1,0,0
YOLO11n,China_Drone__China_Drone_001367,D10,0,1,0
YOLO11n,China_Drone__China_Drone_001368,D10,0,0,1
YOLO11n,China_Drone__China_Drone_001368,D20,0,0,1
YOLO11n,China_Drone__China_Drone_001374,D00,0,1,0
YOLO11n,China_Drone__China_Drone_001374,D10,1,0,0
YOLO11n,China_Drone__China_Drone_001380,D00,0,1,1
YOLO11n,China_Drone__China_Drone_001382,D00,2,1,0
YOLO11n,China_Drone__China_Drone_001382,D10,0,0,1
YOLO11n,China_Drone__China_Drone_001382,D20,0,1,0
YOLO11n,China_Drone__China_Drone_001415,D10,0,0,1
YOLO11n,China_Drone__China_Drone_001424,D10,1,0,0
YOLO11n,China_Drone__China_Drone_001429,D00,0,0,1
YOLO11n,China_Drone__China_Drone_001430,D10,0,0,1
YOLO11n,China_Drone__China_Drone_001433,D00,0,1,1
YOLO11n,China_Drone__China_Drone_001433,D10,1,0,0
YOLO11n,China_Drone__China_Drone_001452,D10,1,0,0
YOLO11n,China_Drone__China_Drone_001477,D00,1,0,0
YOLO11n,China_Drone__China_Drone_001478,D00,1,1,0
YOLO11n,China_Drone__China_Drone_001479,D00,1,1,0
YOLO11n,China_Drone__China_Drone_001479,D10,2,1,0
YOLO11n,China_Drone__China_Drone_001489,D00,1,0,1
YOLO11n,China_Drone__China_Drone_001493,D10,1,0,0
YOLO11n,China_Drone__China_Drone_001502,D00,1,0,1
YOLO11n,China_Drone__China_Drone_001503,D00,0,1,1
YOLO11n,China_Drone__China_Drone_001511,D10,0,1,0
YOLO11n,China_Drone__China_Drone_001511,D20,0,1,0
YOLO11n,China_Drone__China_Drone_001511,D40,0,0,1
YOLO11n,China_Drone__China_Drone_001521,D00,1,3,0
YOLO11n,China_Drone__China_Drone_001526,D20,1,0,0
YOLO11n,China_Drone__China_Drone_001530,D00,0,1,0
YOLO11n,China_Drone__China_Drone_001530,D20,0,0,1
YOLO11n,China_Drone__China_Drone_001540,D00,0,1,1
YOLO11n,China_Drone__China_Drone_001546,D00,1,0,0
YOLO11n,China_Drone__China_Drone_001566,D00,1,1,0
YOLO11n,China_Drone__China_Drone_001590,D20,0,0,1
YOLO11n,China_Drone__China_Drone_001591,D10,2,0,0
YOLO11n,China_Drone__China_Drone_001592,D00,0,0,1
YOLO11n,China_Drone__China_Drone_001592,D10,0,1,0
YOLO11n,China_Drone__China_Drone_001608,D00,2,1,0
YOLO11n,China_Drone__China_Drone_001608,D10,1,0,0
YOLO11n,China_Drone__China_Drone_001623,D10,0,0,1
YOLO11n,China_Drone__China_Drone_001632,D00,1,0,0
YOLO11n,China_Drone__China_Drone_001632,D10,0,1,2
YOLO11n,China_Drone__China_Drone_001637,D00,0,0,2
YOLO11n,China_Drone__China_Drone_001638,D10,0,0,1
YOLO11n,China_Drone__China_Drone_001653,D00,2,6,0
YOLO11n,China_Drone__China_Drone_001672,D00,1,1,0
YOLO11n,China_Drone__China_Drone_001686,D00,0,0,1
YOLO11n,China_Drone__China_Drone_001686,D10,1,1,1
YOLO11n,China_Drone__China_Drone_001692,D00,1,0,0
YOLO11n,China_Drone__China_Drone_001693,D10,1,0,0
YOLO11n,China_Drone__China_Drone_001713,D10,1,0,1
YOLO11n,China_Drone__China_Drone_001721,D00,0,0,2
YOLO11n,China_Drone__China_Drone_001722,D20,0,0,1
YOLO11n,China_Drone__China_Drone_001727,D00,0,0,1
YOLO11n,China_Drone__China_Drone_001727,D10,2,0,0
YOLO11n,China_Drone__China_Drone_001731,D00,1,0,0
YOLO11n,China_Drone__China_Drone_001749,D10,0,1,0
YOLO11n,China_Drone__China_Drone_001757,D00,0,1,3
YOLO11n,China_Drone__China_Drone_001760,D00,0,1,0
YOLO11n,China_Drone__China_Drone_001760,D10,1,0,0
YOLO11n,China_Drone__China_Drone_001765,D00,1,0,0
YOLO11n,China_Drone__China_Drone_001765,D10,1,0,0
YOLO11n,China_Drone__China_Drone_001777,D10,1,1,0
YOLO11n,China_Drone__China_Drone_001782,D00,0,0,1
YOLO11n,China_Drone__China_Drone_001795,D10,1,0,0
YOLO11n,China_Drone__China_Drone_001809,D10,1,0,0
YOLO11n,China_Drone__China_Drone_001822,D10,0,0,1
YOLO11n,China_Drone__China_Drone_001827,D00,1,0,1
YOLO11n,China_Drone__China_Drone_001827,D10,1,0,0
YOLO11n,China_Drone__China_Drone_001827,D20,0,0,1
YOLO11n,China_Drone__China_Drone_001831,D20,1,0,1
YOLO11n,China_Drone__China_Drone_001832,D10,1,1,1
YOLO11n,China_Drone__China_Drone_001836,D10,1,1,0
YOLO11n,China_Drone__China_Drone_001837,D00,1,2,2
YOLO11n,China_Drone__China_Drone_001837,D10,0,1,1
YOLO11n,China_Drone__China_Drone_001837,D20,0,0,1
YOLO11n,China_Drone__China_Drone_001838,D10,1,1,0
YOLO11n,China_Drone__China_Drone_001844,D20,0,0,1
YOLO11n,China_Drone__China_Drone_001846,D00,0,0,1
YOLO11n,China_Drone__China_Drone_001851,D20,0,1,1
YOLO11n,China_Drone__China_Drone_001851,D40,0,1,0
YOLO11n,China_Drone__China_Drone_001852,D00,0,1,0
YOLO11n,China_Drone__China_Drone_001852,D20,0,0,1
YOLO11n,China_Drone__China_Drone_001892,D00,0,1,0
YOLO11n,China_Drone__China_Drone_001892,D10,1,1,0
YOLO11n,China_Drone__China_Drone_001903,D00,0,0,1
YOLO11n,China_Drone__China_Drone_001905,D00,2,0,0
YOLO11n,China_Drone__China_Drone_001905,D10,0,1,1
YOLO11n,China_Drone__China_Drone_001913,D00,0,1,0
YOLO11n,China_Drone__China_Drone_001913,D10,0,0,1
YOLO11n,China_Drone__China_Drone_001923,D00,0,2,0
YOLO11n,China_Drone__China_Drone_001923,D20,0,0,1
YOLO11n,China_Drone__China_Drone_001932,D10,0,0,1
YOLO11n,China_Drone__China_Drone_001939,D00,0,0,1
YOLO11n,China_Drone__China_Drone_001939,D10,1,1,0
YOLO11n,China_Drone__China_Drone_001949,D00,0,1,0
YOLO11n,China_Drone__China_Drone_001953,D00,1,0,1
YOLO11n,China_Drone__China_Drone_001975,D10,1,1,0
YOLO11n,China_Drone__China_Drone_001978,D20,0,0,2
YOLO11n,China_Drone__China_Drone_001995,D00,1,0,0
YOLO11n,China_Drone__China_Drone_002006,D00,1,0,0
YOLO11n,China_Drone__China_Drone_002016,D00,1,0,0
YOLO11n,China_Drone__China_Drone_002020,D00,0,2,0
YOLO11n,China_Drone__China_Drone_002020,D10,0,1,0
YOLO11n,China_Drone__China_Drone_002034,D00,2,2,0
YOLO11n,China_Drone__China_Drone_002038,D10,0,0,1
YOLO11n,China_Drone__China_Drone_002039,D00,4,0,0
YOLO11n,China_Drone__China_Drone_002039,D10,1,0,0
YOLO11n,China_Drone__China_Drone_002042,D10,0,0,1
YOLO11n,China_Drone__China_Drone_002044,D00,1,1,0
YOLO11n,China_Drone__China_Drone_002044,D20,0,0,1
YOLO11n,China_Drone__China_Drone_002065,D00,0,2,2
YOLO11n,China_Drone__China_Drone_002065,D10,0,0,1
YOLO11n,China_Drone__China_Drone_002065,D20,0,0,1
YOLO11n,China_Drone__China_Drone_002069,D20,1,0,0
YOLO11n,China_Drone__China_Drone_002070,D00,0,2,3
YOLO11n,China_Drone__China_Drone_002070,D10,1,0,2
YOLO11n,China_Drone__China_Drone_002070,D20,0,1,0
YOLO11n,China_Drone__China_Drone_002072,D00,0,1,1
YOLO11n,China_Drone__China_Drone_002072,D10,2,0,1
YOLO11n,China_Drone__China_Drone_002090,D00,0,0,1
YOLO11n,China_Drone__China_Drone_002100,D10,1,0,1
YOLO11n,China_Drone__China_Drone_002105,D20,1,0,0
YOLO11n,China_Drone__China_Drone_002105,D40,0,1,0
YOLO11n,China_Drone__China_Drone_002115,D00,0,1,0
YOLO11n,China_Drone__China_Drone_002115,D10,2,2,0
YOLO11n,China_Drone__China_Drone_002117,D00,0,0,1
YOLO11n,China_Drone__China_Drone_002117,D10,1,3,0
YOLO11n,China_Drone__China_Drone_002127,D10,1,0,0
YOLO11n,China_Drone__China_Drone_002129,D00,0,2,0
YOLO11n,China_Drone__China_Drone_002137,D00,0,1,0
YOLO11n,China_Drone__China_Drone_002137,D20,0,1,0
YOLO11n,China_Drone__China_Drone_002137,D40,0,0,1
YOLO11n,China_Drone__China_Drone_002140,D00,2,1,0
YOLO11n,China_Drone__China_Drone_002142,D10,1,0,0
YOLO11n,China_Drone__China_Drone_002145,D00,0,0,1
YOLO11n,China_Drone__China_Drone_002145,D40,1,0,0
YOLO11n,China_Drone__China_Drone_002149,D10,2,1,0
YOLO11n,China_Drone__China_Drone_002150,D00,1,0,0
YOLO11n,China_Drone__China_Drone_002153,D10,1,0,0
YOLO11n,China_Drone__China_Drone_002159,D00,2,2,0
YOLO11n,China_Drone__China_Drone_002159,D10,1,0,0
YOLO11n,China_Drone__China_Drone_002173,D00,1,0,0
YOLO11n,China_Drone__China_Drone_002173,D10,1,0,0
YOLO11n,China_Drone__China_Drone_002182,D10,1,0,0
YOLO11n,China_Drone__China_Drone_002183,D00,1,0,0
YOLO11n,China_Drone__China_Drone_002183,D10,1,1,0
YOLO11n,China_Drone__China_Drone_002192,D00,0,0,1
YOLO11n,China_Drone__China_Drone_002209,D20,1,1,0
YOLO11n,China_Drone__China_Drone_002213,D10,2,0,0
YOLO11n,China_Drone__China_Drone_002215,D00,0,0,1
YOLO11n,China_Drone__China_Drone_002222,D20,0,0,1
YOLO11n,China_Drone__China_Drone_002236,D00,0,0,1
YOLO11n,China_Drone__China_Drone_002236,D10,0,0,1
YOLO11n,China_Drone__China_Drone_002242,D10,0,1,1
YOLO11n,China_Drone__China_Drone_002245,D00,0,0,1
YOLO11n,China_Drone__China_Drone_002245,D10,2,0,1
YOLO11n,China_Drone__China_Drone_002245,D20,0,1,0
YOLO11n,China_Drone__China_Drone_002245,D40,0,0,2
YOLO11n,China_Drone__China_Drone_002249,D00,0,1,0
YOLO11n,China_Drone__China_Drone_002249,D10,1,0,0
YOLO11n,China_Drone__China_Drone_002267,D00,0,0,2
YOLO11n,China_Drone__China_Drone_002275,D00,1,1,1
YOLO11n,China_Drone__China_Drone_002275,D10,1,0,1
YOLO11n,China_Drone__China_Drone_002275,D20,0,0,1
YOLO11n,China_Drone__China_Drone_002276,D10,1,1,0
YOLO11n,China_Drone__China_Drone_002277,D10,0,0,1
YOLO11n,China_Drone__China_Drone_002279,D00,0,0,1
YOLO11n,China_Drone__China_Drone_002279,D10,1,0,0
YOLO11n,China_Drone__China_Drone_002284,D00,1,1,0
YOLO11n,China_Drone__China_Drone_002285,D10,0,0,1
YOLO11n,China_Drone__China_Drone_002289,D10,1,1,1
YOLO11n,China_Drone__China_Drone_002294,D00,1,0,1
YOLO11n,China_Drone__China_Drone_002297,D00,0,0,1
YOLO11n,China_Drone__China_Drone_002297,D10,1,0,0
YOLO11n,China_Drone__China_Drone_002305,D10,1,1,0
YOLO11n,China_Drone__China_Drone_002315,D00,1,2,0
YOLO11n,China_Drone__China_Drone_002332,D00,0,1,1
YOLO11n,China_Drone__China_Drone_002336,D00,1,0,0
YOLO11n,China_Drone__China_Drone_002357,D10,0,0,1
YOLO11n,China_Drone__China_Drone_002358,D00,0,2,1
YOLO11n,China_Drone__China_Drone_002360,D00,1,1,0
YOLO11n,China_Drone__China_Drone_002360,D10,1,0,0
YOLO11n,China_Drone__China_Drone_002365,D10,1,0,0
YOLO11n,China_Drone__China_Drone_002381,D10,0,0,1
YOLO11n,China_Drone__China_Drone_002383,D10,0,0,1
YOLO11n,China_MotorBike__China_MotorBike_000002,D00,2,0,0
YOLO11n,China_MotorBike__China_MotorBike_000003,D00,3,0,2
YOLO11n,China_MotorBike__China_MotorBike_000005,D10,2,2,2
YOLO11n,China_MotorBike__China_MotorBike_000012,D00,2,1,0
YOLO11n,China_MotorBike__China_MotorBike_000019,D00,1,0,0
YOLO11n,China_MotorBike__China_MotorBike_000019,D10,0,1,2
YOLO11n,China_MotorBike__China_MotorBike_000033,D00,1,2,2
YOLO11n,China_MotorBike__China_MotorBike_000033,D10,0,0,1
YOLO11n,China_MotorBike__China_MotorBike_000034,D10,1,0,0
YOLO11n,China_MotorBike__China_MotorBike_000042,D00,3,0,2
YOLO11n,China_MotorBike__China_MotorBike_000042,D10,1,0,0
YOLO11n,China_MotorBike__China_MotorBike_000050,D40,1,0,0
YOLO11n,China_MotorBike__China_MotorBike_000051,D20,0,0,1
YOLO11n,China_MotorBike__China_MotorBike_000053,D00,1,1,0
YOLO11n,China_MotorBike__China_MotorBike_000056,D00,0,1,0
YOLO11n,China_MotorBike__China_MotorBike_000056,D10,1,0,0
YOLO11n,China_MotorBike__China_MotorBike_000057,D00,1,2,0
YOLO11n,China_MotorBike__China_MotorBike_000058,D00,1,0,0
YOLO11n,China_MotorBike__China_MotorBike_000058,D10,1,2,1
YOLO11n,China_MotorBike__China_MotorBike_000059,D00,1,1,1
YOLO11n,China_MotorBike__China_MotorBike_000061,D00,1,0,0
YOLO11n,China_MotorBike__China_MotorBike_000072,D00,2,2,0
YOLO11n,China_MotorBike__China_MotorBike_000079,D00,0,1,1
YOLO11n,China_MotorBike__China_MotorBike_000079,D20,1,0,0
YOLO11n,China_MotorBike__China_MotorBike_000086,D00,1,1,3
YOLO11n,China_MotorBike__China_MotorBike_000086,D10,2,0,0
YOLO11n,China_MotorBike__China_MotorBike_000089,D00,1,1,0
YOLO11n,China_MotorBike__China_MotorBike_000089,D10,1,0,0
YOLO11n,China_MotorBike__China_MotorBike_000108,D00,0,0,1
YOLO11n,China_MotorBike__China_MotorBike_000108,D20,2,1,1
YOLO11n,China_MotorBike__China_MotorBike_000112,D00,3,2,3
YOLO11n,China_MotorBike__China_MotorBike_000112,D10,1,1,0
YOLO11n,China_MotorBike__China_MotorBike_000113,D00,0,1,0
YOLO11n,China_MotorBike__China_MotorBike_000113,D40,1,1,0
YOLO11n,China_MotorBike__China_MotorBike_000115,D00,0,1,0
YOLO11n,China_MotorBike__China_MotorBike_000115,D10,1,0,0
YOLO11n,China_MotorBike__China_MotorBike_000125,D20,1,0,0
YOLO11n,China_MotorBike__China_MotorBike_000127,D40,0,0,1
YOLO11n,China_MotorBike__China_MotorBike_000143,D00,1,1,2
YOLO11n,China_MotorBike__China_MotorBike_000146,D00,1,1,0
YOLO11n,China_MotorBike__China_MotorBike_000148,D10,0,5,1
YOLO11n,China_MotorBike__China_MotorBike_000148,D20,1,0,0
YOLO11n,China_MotorBike__China_MotorBike_000164,D00,3,2,1
YOLO11n,China_MotorBike__China_MotorBike_000168,D20,0,0,1
YOLO11n,China_MotorBike__China_MotorBike_000181,D00,2,3,0
YOLO11n,China_MotorBike__China_MotorBike_000201,D00,2,0,0
YOLO11n,China_MotorBike__China_MotorBike_000215,D20,1,0,1
YOLO11n,China_MotorBike__China_MotorBike_000218,D00,1,1,0
YOLO11n,China_MotorBike__China_MotorBike_000218,D10,1,0,0
YOLO11n,China_MotorBike__China_MotorBike_000221,D00,1,0,0
YOLO11n,China_MotorBike__China_MotorBike_000226,D00,2,0,1
YOLO11n,China_MotorBike__China_MotorBike_000232,D00,3,2,1
YOLO11n,China_MotorBike__China_MotorBike_000247,D00,1,0,1
YOLO11n,China_MotorBike__China_MotorBike_000259,D00,1,0,0
YOLO11n,China_MotorBike__China_MotorBike_000262,D00,0,1,1
YOLO11n,China_MotorBike__China_MotorBike_000269,D00,0,1,2
YOLO11n,China_MotorBike__China_MotorBike_000269,D20,1,0,0
YOLO11n,China_MotorBike__China_MotorBike_000290,D00,1,1,1
YOLO11n,China_MotorBike__China_MotorBike_000301,D00,2,1,0
YOLO11n,China_MotorBike__China_MotorBike_000304,D40,1,1,1
YOLO11n,China_MotorBike__China_MotorBike_000307,D00,1,0,0
YOLO11n,China_MotorBike__China_MotorBike_000307,D10,0,1,0
YOLO11n,China_MotorBike__China_MotorBike_000307,D20,1,2,0
YOLO11n,China_MotorBike__China_MotorBike_000318,D00,1,0,0
YOLO11n,China_MotorBike__China_MotorBike_000318,D10,0,1,0
YOLO11n,China_MotorBike__China_MotorBike_000318,D20,1,1,1
YOLO11n,China_MotorBike__China_MotorBike_000327,D00,2,2,0
YOLO11n,China_MotorBike__China_MotorBike_000328,D40,1,0,1
YOLO11n,China_MotorBike__China_MotorBike_000333,D00,1,1,0
YOLO11n,China_MotorBike__China_MotorBike_000346,D00,1,1,0
YOLO11n,China_MotorBike__China_MotorBike_000351,D10,1,1,0
YOLO11n,China_MotorBike__China_MotorBike_000361,D00,1,1,1
YOLO11n,China_MotorBike__China_MotorBike_000361,D10,1,0,0
YOLO11n,China_MotorBike__China_MotorBike_000376,D00,2,1,1
YOLO11n,China_MotorBike__China_MotorBike_000394,D40,1,0,0
YOLO11n,China_MotorBike__China_MotorBike_000420,D00,1,2,1
YOLO11n,China_MotorBike__China_MotorBike_000420,D10,1,0,1
YOLO11n,China_MotorBike__China_MotorBike_000431,D00,2,0,0
YOLO11n,China_MotorBike__China_MotorBike_000432,D10,2,0,0
YOLO11n,China_MotorBike__China_MotorBike_000440,D00,0,0,1
YOLO11n,China_MotorBike__China_MotorBike_000440,D10,2,0,0
YOLO11n,China_MotorBike__China_MotorBike_000445,D20,1,0,0
YOLO11n,China_MotorBike__China_MotorBike_000448,D00,0,0,1
YOLO11n,China_MotorBike__China_MotorBike_000448,D20,2,1,0
YOLO11n,China_MotorBike__China_MotorBike_000448,D40,0,0,1
YOLO11n,China_MotorBike__China_MotorBike_000452,D10,1,1,1
YOLO11n,China_MotorBike__China_MotorBike_000458,D10,1,0,0
YOLO11n,China_MotorBike__China_MotorBike_000459,D10,1,2,1
YOLO11n,China_MotorBike__China_MotorBike_000459,D20,1,0,0
YOLO11n,China_MotorBike__China_MotorBike_000463,D10,1,0,0
YOLO11n,China_MotorBike__China_MotorBike_000466,D10,1,1,2
YOLO11n,China_MotorBike__China_MotorBike_000473,D40,0,0,1
YOLO11n,China_MotorBike__China_MotorBike_000477,D00,1,3,0
YOLO11n,China_MotorBike__China_MotorBike_000483,D00,1,0,0
YOLO11n,China_MotorBike__China_MotorBike_000484,D20,1,0,0
YOLO11n,China_MotorBike__China_MotorBike_000490,D10,1,0,1
YOLO11n,China_MotorBike__China_MotorBike_000492,D00,0,0,1
YOLO11n,China_MotorBike__China_MotorBike_000492,D20,1,2,0
YOLO11n,China_MotorBike__China_MotorBike_000513,D00,0,0,1
YOLO11n,China_MotorBike__China_MotorBike_000513,D10,1,0,0
YOLO11n,China_MotorBike__China_MotorBike_000513,D20,1,1,0
YOLO11n,China_MotorBike__China_MotorBike_000523,D00,2,2,2
YOLO11n,China_MotorBike__China_MotorBike_000530,D10,1,0,1
YOLO11n,China_MotorBike__China_MotorBike_000544,D00,0,0,1
YOLO11n,China_MotorBike__China_MotorBike_000544,D10,0,1,0
YOLO11n,China_MotorBike__China_MotorBike_000544,D20,1,0,0
YOLO11n,China_MotorBike__China_MotorBike_000546,D00,3,2,0
YOLO11n,China_MotorBike__China_MotorBike_000550,D20,2,1,0
YOLO11n,China_MotorBike__China_MotorBike_000552,D00,1,1,2
YOLO11n,China_MotorBike__China_MotorBike_000552,D20,0,0,1
YOLO11n,China_MotorBike__China_MotorBike_000552,D40,0,1,1
YOLO11n,China_MotorBike__China_MotorBike_000553,D00,1,2,0
YOLO11n,China_MotorBike__China_MotorBike_000553,D10,0,1,0
YOLO11n,China_MotorBike__China_MotorBike_000553,D20,2,3,0
YOLO11n,China_MotorBike__China_MotorBike_000553,D40,0,0,1
YOLO11n,China_MotorBike__China_MotorBike_000556,D00,0,0,3
YOLO11n,China_MotorBike__China_MotorBike_000556,D10,0,1,1
YOLO11n,China_MotorBike__China_MotorBike_000557,D00,1,0,1
YOLO11n,China_MotorBike__China_MotorBike_000557,D10,1,3,0
YOLO11n,China_MotorBike__China_MotorBike_000564,D00,3,0,1
YOLO11n,China_MotorBike__China_MotorBike_000572,D00,1,0,0
YOLO11n,China_MotorBike__China_MotorBike_000574,D00,1,0,0
YOLO11n,China_MotorBike__China_MotorBike_000582,D40,0,0,1
YOLO11n,China_MotorBike__China_MotorBike_000585,D00,0,1,6
YOLO11n,China_MotorBike__China_MotorBike_000585,D10,0,1,1
YOLO11n,China_MotorBike__China_MotorBike_000603,D00,1,0,0
YOLO11n,China_MotorBike__China_MotorBike_000606,D00,1,0,2
YOLO11n,China_MotorBike__China_MotorBike_000606,D10,0,2,1
YOLO11n,China_MotorBike__China_MotorBike_000621,D10,1,0,0
YOLO11n,China_MotorBike__China_MotorBike_000624,D00,1,1,0
YOLO11n,China_MotorBike__China_MotorBike_000624,D10,1,1,0
YOLO11n,China_MotorBike__China_MotorBike_000632,D10,1,0,0
YOLO11n,China_MotorBike__China_MotorBike_000637,D00,1,0,0
YOLO11n,China_MotorBike__China_MotorBike_000655,D00,1,0,0
YOLO11n,China_MotorBike__China_MotorBike_000655,D10,0,0,1
YOLO11n,China_MotorBike__China_MotorBike_000655,D20,0,0,1
YOLO11n,China_MotorBike__China_MotorBike_000661,D00,1,2,1
YOLO11n,China_MotorBike__China_MotorBike_000667,D00,1,0,0
YOLO11n,China_MotorBike__China_MotorBike_000669,D00,1,3,1
YOLO11n,China_MotorBike__China_MotorBike_000672,D00,1,0,0
YOLO11n,China_MotorBike__China_MotorBike_000681,D00,3,3,1
YOLO11n,China_MotorBike__China_MotorBike_000682,D00,1,0,0
YOLO11n,China_MotorBike__China_MotorBike_000684,D00,1,0,0
YOLO11n,China_MotorBike__China_MotorBike_000684,D10,1,0,0
YOLO11n,China_MotorBike__China_MotorBike_000686,D00,1,1,1
YOLO11n,China_MotorBike__China_MotorBike_000697,D00,2,1,0
YOLO11n,China_MotorBike__China_MotorBike_000699,D00,1,0,0
YOLO11n,China_MotorBike__China_MotorBike_000699,D10,1,0,0
YOLO11n,China_MotorBike__China_MotorBike_000713,D00,1,0,2
YOLO11n,China_MotorBike__China_MotorBike_000721,D00,1,0,0
YOLO11n,China_MotorBike__China_MotorBike_000721,D10,0,1,0
YOLO11n,China_MotorBike__China_MotorBike_000725,D00,0,1,4
YOLO11n,China_MotorBike__China_MotorBike_000725,D10,0,3,0
YOLO11n,China_MotorBike__China_MotorBike_000738,D00,1,0,0
YOLO11n,China_MotorBike__China_MotorBike_000738,D20,1,0,0
YOLO11n,China_MotorBike__China_MotorBike_000750,D20,1,1,0
YOLO11n,China_MotorBike__China_MotorBike_000757,D00,1,1,2
YOLO11n,China_MotorBike__China_MotorBike_000757,D10,0,0,1
YOLO11n,China_MotorBike__China_MotorBike_000765,D00,1,2,0
YOLO11n,China_MotorBike__China_MotorBike_000765,D10,1,1,0
YOLO11n,China_MotorBike__China_MotorBike_000769,D00,2,2,5
YOLO11n,China_MotorBike__China_MotorBike_000777,D10,0,0,3
YOLO11n,China_MotorBike__China_MotorBike_000779,D00,1,1,4
YOLO11n,China_MotorBike__China_MotorBike_000786,D40,1,1,0
YOLO11n,China_MotorBike__China_MotorBike_000790,D00,1,0,0
YOLO11n,China_MotorBike__China_MotorBike_000790,D20,2,1,1
YOLO11n,China_MotorBike__China_MotorBike_000796,D00,1,0,0
YOLO11n,China_MotorBike__China_MotorBike_000800,D00,0,0,1
YOLO11n,China_MotorBike__China_MotorBike_000800,D10,1,2,0
YOLO11n,China_MotorBike__China_MotorBike_000809,D00,1,0,0
YOLO11n,China_MotorBike__China_MotorBike_000814,D00,3,4,1
YOLO11n,China_MotorBike__China_MotorBike_000828,D00,1,1,3
YOLO11n,China_MotorBike__China_MotorBike_000838,D00,1,1,0
YOLO11n,China_MotorBike__China_MotorBike_000841,D40,1,0,1
YOLO11n,China_MotorBike__China_MotorBike_000844,D20,1,0,0
YOLO11n,China_MotorBike__China_MotorBike_000851,D10,1,1,0
YOLO11n,China_MotorBike__China_MotorBike_000855,D00,1,1,0
YOLO11n,China_MotorBike__China_MotorBike_000855,D10,2,1,0
YOLO11n,China_MotorBike__China_MotorBike_000856,D00,0,0,3
YOLO11n,China_MotorBike__China_MotorBike_000856,D10,3,1,0
YOLO11n,China_MotorBike__China_MotorBike_000856,D20,0,0,1
YOLO11n,China_MotorBike__China_MotorBike_000856,D40,0,0,1
YOLO11n,China_MotorBike__China_MotorBike_000860,D10,1,0,0
YOLO11n,China_MotorBike__China_MotorBike_000872,D00,1,0,2
YOLO11n,China_MotorBike__China_MotorBike_000872,D10,1,1,0
YOLO11n,China_MotorBike__China_MotorBike_000882,D00,1,0,0
YOLO11n,China_MotorBike__China_MotorBike_000882,D20,0,2,2
YOLO11n,China_MotorBike__China_MotorBike_000882,D40,0,0,1
YOLO11n,China_MotorBike__China_MotorBike_000883,D00,1,1,1
YOLO11n,China_MotorBike__China_MotorBike_000883,D10,0,1,0
YOLO11n,China_MotorBike__China_MotorBike_000887,D00,1,0,0
YOLO11n,China_MotorBike__China_MotorBike_000895,D00,2,1,2
YOLO11n,China_MotorBike__China_MotorBike_000895,D10,3,0,0
YOLO11n,China_MotorBike__China_MotorBike_000896,D00,2,0,0
YOLO11n,China_MotorBike__China_MotorBike_000896,D10,1,0,0
YOLO11n,China_MotorBike__China_MotorBike_000904,D00,1,0,0
YOLO11n,China_MotorBike__China_MotorBike_000904,D10,1,2,0
YOLO11n,China_MotorBike__China_MotorBike_000911,D00,1,1,2
YOLO11n,China_MotorBike__China_MotorBike_000911,D10,2,0,0
YOLO11n,China_MotorBike__China_MotorBike_000921,D10,1,1,0
YOLO11n,China_MotorBike__China_MotorBike_000926,D10,0,1,0
YOLO11n,China_MotorBike__China_MotorBike_000926,D20,1,1,0
YOLO11n,China_MotorBike__China_MotorBike_000928,D10,1,0,0
YOLO11n,China_MotorBike__China_MotorBike_000930,D20,1,0,0
YOLO11n,China_MotorBike__China_MotorBike_000931,D00,0,0,1
YOLO11n,China_MotorBike__China_MotorBike_000931,D20,0,0,1
YOLO11n,China_MotorBike__China_MotorBike_000942,D00,2,1,0
YOLO11n,China_MotorBike__China_MotorBike_000942,D10,0,0,2
YOLO11n,China_MotorBike__China_MotorBike_000969,D00,1,0,1
YOLO11n,China_MotorBike__China_MotorBike_000969,D10,1,0,0
YOLO11n,China_MotorBike__China_MotorBike_000971,D00,0,0,1
YOLO11n,China_MotorBike__China_MotorBike_000971,D10,1,3,1
YOLO11n,China_MotorBike__China_MotorBike_000971,D20,1,0,0
YOLO11n,China_MotorBike__China_MotorBike_000971,D40,1,0,1
YOLO11n,China_MotorBike__China_MotorBike_000973,D00,1,0,0
YOLO11n,China_MotorBike__China_MotorBike_000973,D10,1,1,0
YOLO11n,China_MotorBike__China_MotorBike_000979,D00,2,0,0
YOLO11n,China_MotorBike__China_MotorBike_000979,D10,1,0,0
YOLO11n,China_MotorBike__China_MotorBike_000981,D00,1,2,2
YOLO11n,China_MotorBike__China_MotorBike_000989,D00,1,0,2
YOLO11n,China_MotorBike__China_MotorBike_000989,D10,1,1,0
YOLO11n,China_MotorBike__China_MotorBike_000991,D00,0,2,3
YOLO11n,China_MotorBike__China_MotorBike_000996,D00,2,0,2
YOLO11n,China_MotorBike__China_MotorBike_000996,D40,0,0,1
YOLO11n,China_MotorBike__China_MotorBike_001014,D00,1,1,0
YOLO11n,China_MotorBike__China_MotorBike_001014,D10,0,1,0
YOLO11n,China_MotorBike__China_MotorBike_001016,D40,0,0,1
YOLO11n,China_MotorBike__China_MotorBike_001021,D00,0,0,1
YOLO11n,China_MotorBike__China_MotorBike_001021,D10,0,0,2
YOLO11n,China_MotorBike__China_MotorBike_001021,D20,0,1,0
YOLO11n,China_MotorBike__China_MotorBike_001026,D00,1,2,0
YOLO11n,China_MotorBike__China_MotorBike_001027,D10,2,1,0
YOLO11n,China_MotorBike__China_MotorBike_001030,D10,1,0,0
YOLO11n,China_MotorBike__China_MotorBike_001033,D00,0,0,1
YOLO11n,China_MotorBike__China_MotorBike_001033,D10,1,0,1
YOLO11n,China_MotorBike__China_MotorBike_001033,D40,2,2,1
YOLO11n,China_MotorBike__China_MotorBike_001043,D00,0,2,4
YOLO11n,China_MotorBike__China_MotorBike_001047,D40,0,0,1
YOLO11n,China_MotorBike__China_MotorBike_001066,D00,3,1,0
YOLO11n,China_MotorBike__China_MotorBike_001087,D00,2,0,1
YOLO11n,China_MotorBike__China_MotorBike_001094,D10,1,0,0
YOLO11n,China_MotorBike__China_MotorBike_001096,D00,0,0,1
YOLO11n,China_MotorBike__China_MotorBike_001096,D20,0,0,1
YOLO11n,China_MotorBike__China_MotorBike_001102,D00,0,1,1
YOLO11n,China_MotorBike__China_MotorBike_001114,D00,1,0,1
YOLO11n,China_MotorBike__China_MotorBike_001114,D10,1,0,0
YOLO11n,China_MotorBike__China_MotorBike_001117,D00,0,1,1
YOLO11n,China_MotorBike__China_MotorBike_001117,D20,0,0,1
YOLO11n,China_MotorBike__China_MotorBike_001122,D00,0,1,1
YOLO11n,China_MotorBike__China_MotorBike_001122,D10,1,2,0
YOLO11n,China_MotorBike__China_MotorBike_001126,D00,1,0,0
YOLO11n,China_MotorBike__China_MotorBike_001126,D20,1,1,1
YOLO11n,China_MotorBike__China_MotorBike_001129,D00,0,1,1
YOLO11n,China_MotorBike__China_MotorBike_001131,D00,2,1,0
YOLO11n,China_MotorBike__China_MotorBike_001139,D00,0,2,3
YOLO11n,China_MotorBike__China_MotorBike_001139,D10,2,1,1
YOLO11n,China_MotorBike__China_MotorBike_001139,D40,0,0,1
YOLO11n,China_MotorBike__China_MotorBike_001151,D00,0,0,1
YOLO11n,China_MotorBike__China_MotorBike_001151,D20,1,3,0
YOLO11n,China_MotorBike__China_MotorBike_001153,D20,1,0,1
YOLO11n,China_MotorBike__China_MotorBike_001161,D10,1,2,1
YOLO11n,China_MotorBike__China_MotorBike_001165,D00,0,1,2
YOLO11n,China_MotorBike__China_MotorBike_001165,D10,1,2,0
YOLO11n,China_MotorBike__China_MotorBike_001178,D00,0,1,1
YOLO11n,China_MotorBike__China_MotorBike_001187,D00,1,0,0
YOLO11n,China_MotorBike__China_MotorBike_001194,D00,0,2,2
YOLO11n,China_MotorBike__China_MotorBike_001194,D10,1,0,0
YOLO11n,China_MotorBike__China_MotorBike_001194,D20,0,0,1
YOLO11n,China_MotorBike__China_MotorBike_001219,D00,4,2,0
YOLO11n,China_MotorBike__China_MotorBike_001224,D00,0,0,1
YOLO11n,China_MotorBike__China_MotorBike_001224,D10,0,0,1
YOLO11n,China_MotorBike__China_MotorBike_001224,D20,1,1,0
YOLO11n,China_MotorBike__China_MotorBike_001225,D00,1,0,0
YOLO11n,China_MotorBike__China_MotorBike_001232,D10,1,0,1
YOLO11n,China_MotorBike__China_MotorBike_001248,D10,1,0,0
YOLO11n,China_MotorBike__China_MotorBike_001273,D10,1,0,0
YOLO11n,China_MotorBike__China_MotorBike_001277,D00,1,0,1
YOLO11n,China_MotorBike__China_MotorBike_001277,D10,2,1,0
YOLO11n,China_MotorBike__China_MotorBike_001285,D20,1,0,0
YOLO11n,China_MotorBike__China_MotorBike_001287,D00,2,2,4
YOLO11n,China_MotorBike__China_MotorBike_001287,D10,1,1,2
YOLO11n,China_MotorBike__China_MotorBike_001289,D10,1,1,0
YOLO11n,China_MotorBike__China_MotorBike_001300,D40,1,0,0
YOLO11n,China_MotorBike__China_MotorBike_001304,D00,1,0,0
YOLO11n,China_MotorBike__China_MotorBike_001313,D00,1,0,0
YOLO11n,China_MotorBike__China_MotorBike_001326,D10,1,0,0
YOLO11n,China_MotorBike__China_MotorBike_001326,D20,1,1,0
YOLO11n,China_MotorBike__China_MotorBike_001331,D00,2,1,0
YOLO11n,China_MotorBike__China_MotorBike_001337,D10,1,1,0
YOLO11n,China_MotorBike__China_MotorBike_001339,D00,1,0,1
YOLO11n,China_MotorBike__China_MotorBike_001339,D10,1,0,1
YOLO11n,China_MotorBike__China_MotorBike_001349,D00,1,0,1
YOLO11n,China_MotorBike__China_MotorBike_001349,D10,2,0,0
YOLO11n,China_MotorBike__China_MotorBike_001350,D40,1,1,1
YOLO11n,China_MotorBike__China_MotorBike_001354,D00,1,1,0
YOLO11n,China_MotorBike__China_MotorBike_001356,D20,1,0,0
YOLO11n,China_MotorBike__China_MotorBike_001365,D00,1,1,1
YOLO11n,China_MotorBike__China_MotorBike_001365,D10,0,1,0
YOLO11n,China_MotorBike__China_MotorBike_001365,D20,0,0,1
YOLO11n,China_MotorBike__China_MotorBike_001367,D00,1,0,0
YOLO11n,China_MotorBike__China_MotorBike_001367,D20,1,1,1
YOLO11n,China_MotorBike__China_MotorBike_001368,D00,1,0,0
YOLO11n,China_MotorBike__China_MotorBike_001377,D20,1,0,0
YOLO11n,China_MotorBike__China_MotorBike_001383,D20,1,0,1
YOLO11n,China_MotorBike__China_MotorBike_001384,D00,1,0,0
YOLO11n,China_MotorBike__China_MotorBike_001385,D00,1,2,0
YOLO11n,China_MotorBike__China_MotorBike_001385,D10,0,1,0
YOLO11n,China_MotorBike__China_MotorBike_001390,D00,1,1,0
YOLO11n,China_MotorBike__China_MotorBike_001390,D10,1,0,0
YOLO11n,China_MotorBike__China_MotorBike_001409,D00,1,1,0
YOLO11n,China_MotorBike__China_MotorBike_001409,D10,0,1,0
YOLO11n,China_MotorBike__China_MotorBike_001409,D20,2,0,0
YOLO11n,China_MotorBike__China_MotorBike_001412,D00,1,1,0
YOLO11n,China_MotorBike__China_MotorBike_001413,D00,2,0,2
YOLO11n,China_MotorBike__China_MotorBike_001413,D10,1,0,0
YOLO11n,China_MotorBike__China_MotorBike_001413,D20,0,0,1
YOLO11n,China_MotorBike__China_MotorBike_001420,D10,1,1,2
YOLO11n,China_MotorBike__China_MotorBike_001429,D00,1,1,0
YOLO11n,China_MotorBike__China_MotorBike_001429,D10,1,0,0
YOLO11n,China_MotorBike__China_MotorBike_001430,D20,1,0,0
YOLO11n,China_MotorBike__China_MotorBike_001434,D00,1,1,0
YOLO11n,China_MotorBike__China_MotorBike_001436,D00,0,0,1
YOLO11n,China_MotorBike__China_MotorBike_001436,D20,1,0,1
YOLO11n,China_MotorBike__China_MotorBike_001437,D40,1,0,1
YOLO11n,China_MotorBike__China_MotorBike_001446,D10,1,2,0
YOLO11n,China_MotorBike__China_MotorBike_001458,D00,1,1,0
YOLO11n,China_MotorBike__China_MotorBike_001458,D10,1,0,0
YOLO11n,China_MotorBike__China_MotorBike_001461,D10,2,1,0
YOLO11n,China_MotorBike__China_MotorBike_001461,D20,0,1,0
YOLO11n,China_MotorBike__China_MotorBike_001472,D10,1,0,0
YOLO11n,China_MotorBike__China_MotorBike_001500,D00,1,1,0
YOLO11n,China_MotorBike__China_MotorBike_001500,D10,0,1,0
YOLO11n,China_MotorBike__China_MotorBike_001505,D10,1,0,0
YOLO11n,China_MotorBike__China_MotorBike_001508,D40,1,1,0
YOLO11n,China_MotorBike__China_MotorBike_001519,D00,2,4,3
YOLO11n,China_MotorBike__China_MotorBike_001519,D10,1,1,0
YOLO11n,China_MotorBike__China_MotorBike_001520,D00,1,3,3
YOLO11n,China_MotorBike__China_MotorBike_001520,D20,0,0,1
YOLO11n,China_MotorBike__China_MotorBike_001520,D40,0,0,1
YOLO11n,China_MotorBike__China_MotorBike_001540,D00,1,1,0
YOLO11n,China_MotorBike__China_MotorBike_001540,D10,1,1,0
YOLO11n,China_MotorBike__China_MotorBike_001553,D00,2,0,2
YOLO11n,China_MotorBike__China_MotorBike_001553,D40,0,0,1
YOLO11n,China_MotorBike__China_MotorBike_001554,D10,1,0,0
YOLO11n,China_MotorBike__China_MotorBike_001568,D20,1,2,0
YOLO11n,China_MotorBike__China_MotorBike_001573,D00,0,0,2
YOLO11n,China_MotorBike__China_MotorBike_001573,D10,1,1,0
YOLO11n,China_MotorBike__China_MotorBike_001574,D00,2,2,2
YOLO11n,China_MotorBike__China_MotorBike_001575,D00,1,0,0
YOLO11n,China_MotorBike__China_MotorBike_001575,D10,2,1,0
YOLO11n,China_MotorBike__China_MotorBike_001582,D10,1,1,0
YOLO11n,China_MotorBike__China_MotorBike_001582,D20,0,1,0
YOLO11n,China_MotorBike__China_MotorBike_001600,D00,1,0,0
YOLO11n,China_MotorBike__China_MotorBike_001600,D20,1,0,0
YOLO11n,China_MotorBike__China_MotorBike_001605,D20,1,0,0
YOLO11n,China_MotorBike__China_MotorBike_001607,D40,0,0,1
YOLO11n,China_MotorBike__China_MotorBike_001613,D00,1,1,1
YOLO11n,China_MotorBike__China_MotorBike_001613,D20,0,0,1
YOLO11n,China_MotorBike__China_MotorBike_001614,D00,4,2,1
YOLO11n,China_MotorBike__China_MotorBike_001616,D00,3,4,2
YOLO11n,China_MotorBike__China_MotorBike_001618,D00,2,0,1
YOLO11n,China_MotorBike__China_MotorBike_001622,D00,0,0,1
YOLO11n,China_MotorBike__China_MotorBike_001622,D10,1,0,0
YOLO11n,China_MotorBike__China_MotorBike_001662,D00,1,0,2
YOLO11n,China_MotorBike__China_MotorBike_001662,D10,3,0,0
YOLO11n,China_MotorBike__China_MotorBike_001662,D20,0,0,1
YOLO11n,China_MotorBike__China_MotorBike_001662,D40,1,0,0
YOLO11n,China_MotorBike__China_MotorBike_001679,D00,1,0,0
YOLO11n,China_MotorBike__China_MotorBike_001686,D00,0,1,1
YOLO11n,China_MotorBike__China_MotorBike_001686,D10,0,2,0
YOLO11n,China_MotorBike__China_MotorBike_001700,D10,1,0,0
YOLO11n,China_MotorBike__China_MotorBike_001707,D00,1,0,0
YOLO11n,China_MotorBike__China_MotorBike_001708,D00,1,1,0
YOLO11n,China_MotorBike__China_MotorBike_001712,D00,1,0,0
YOLO11n,China_MotorBike__China_MotorBike_001724,D00,1,1,0
YOLO11n,China_MotorBike__China_MotorBike_001724,D10,0,0,1
YOLO11n,China_MotorBike__China_MotorBike_001724,D20,0,0,1
YOLO11n,China_MotorBike__China_MotorBike_001727,D20,1,0,0
YOLO11n,China_MotorBike__China_MotorBike_001733,D20,1,1,0
YOLO11n,China_MotorBike__China_MotorBike_001741,D00,2,3,0
YOLO11n,China_MotorBike__China_MotorBike_001749,D00,1,0,0
YOLO11n,China_MotorBike__China_MotorBike_001749,D10,2,2,0
YOLO11n,China_MotorBike__China_MotorBike_001751,D00,1,2,2
YOLO11n,China_MotorBike__China_MotorBike_001753,D00,2,0,0
YOLO11n,China_MotorBike__China_MotorBike_001758,D00,1,0,0
YOLO11n,China_MotorBike__China_MotorBike_001760,D00,1,0,1
YOLO11n,China_MotorBike__China_MotorBike_001760,D10,0,1,2
YOLO11n,China_MotorBike__China_MotorBike_001765,D00,0,0,1
YOLO11n,China_MotorBike__China_MotorBike_001765,D20,1,1,1
YOLO11n,China_MotorBike__China_MotorBike_001773,D10,1,3,1
YOLO11n,China_MotorBike__China_MotorBike_001773,D20,0,0,1
YOLO11n,China_MotorBike__China_MotorBike_001782,D00,1,0,0
YOLO11n,China_MotorBike__China_MotorBike_001786,D00,1,1,1
YOLO11n,China_MotorBike__China_MotorBike_001786,D10,0,0,1
YOLO11n,China_MotorBike__China_MotorBike_001810,D00,1,1,0
YOLO11n,China_MotorBike__China_MotorBike_001810,D10,0,2,0
YOLO11n,China_MotorBike__China_MotorBike_001811,D40,1,0,1
YOLO11n,China_MotorBike__China_MotorBike_001829,D00,1,1,0
YOLO11n,China_MotorBike__China_MotorBike_001838,D00,0,1,1
YOLO11n,China_MotorBike__China_MotorBike_001840,D00,0,2,1
YOLO11n,China_MotorBike__China_MotorBike_001842,D00,0,0,1
YOLO11n,China_MotorBike__China_MotorBike_001842,D10,1,2,0
YOLO11n,China_MotorBike__China_MotorBike_001842,D20,0,0,1
YOLO11n,China_MotorBike__China_MotorBike_001842,D40,1,0,1
YOLO11n,China_MotorBike__China_MotorBike_001846,D00,1,1,0
YOLO11n,China_MotorBike__China_MotorBike_001846,D10,1,0,0
YOLO11n,China_MotorBike__China_MotorBike_001859,D10,1,1,0
YOLO11n,China_MotorBike__China_MotorBike_001879,D00,1,0,0
YOLO11n,China_MotorBike__China_MotorBike_001879,D20,1,1,0
YOLO11n,China_MotorBike__China_MotorBike_001881,D00,2,1,0
YOLO11n,China_MotorBike__China_MotorBike_001881,D10,1,2,0
YOLO11n,China_MotorBike__China_MotorBike_001918,D20,1,0,0
YOLO11n,China_MotorBike__China_MotorBike_001921,D00,1,0,1
YOLO11n,China_MotorBike__China_MotorBike_001921,D10,1,2,0
YOLO11n,China_MotorBike__China_MotorBike_001929,D00,1,3,4
YOLO11n,China_MotorBike__China_MotorBike_001961,D10,1,1,0
YOLO11n,China_MotorBike__China_MotorBike_001966,D00,2,1,1
YOLO11n,China_MotorBike__China_MotorBike_001967,D00,1,0,1
YOLO11n,China_MotorBike__China_MotorBike_001972,D00,0,0,1
YOLO11n,China_MotorBike__China_MotorBike_001973,D00,2,1,1
YOLO11n,China_MotorBike__China_MotorBike_001973,D10,0,1,1
YOLO11n,Czech__Czech_000031,D00,0,0,1
YOLO11n,Czech__Czech_000031,D20,0,0,2
YOLO11n,Czech__Czech_000092,D10,0,0,1
YOLO11n,Czech__Czech_000092,D20,0,0,2
YOLO11n,Czech__Czech_000103,D40,0,0,1
YOLO11n,Czech__Czech_000118,D00,0,0,1
YOLO11n,Czech__Czech_000133,D40,0,1,0
YOLO11n,Czech__Czech_000204,D00,1,0,1
YOLO11n,Czech__Czech_000248,D20,0,1,2
YOLO11n,Czech__Czech_000249,D10,0,0,1
YOLO11n,Czech__Czech_000273,D00,0,0,1
YOLO11n,Czech__Czech_000293,D40,0,0,3
YOLO11n,Czech__Czech_000296,D00,0,1,1
YOLO11n,Czech__Czech_000296,D40,0,0,1
YOLO11n,Czech__Czech_000305,D00,0,0,2
YOLO11n,Czech__Czech_000309,D00,0,1,0
YOLO11n,Czech__Czech_000325,D00,0,0,1
YOLO11n,Czech__Czech_000332,D00,0,0,1
YOLO11n,Czech__Czech_000355,D00,0,0,2
YOLO11n,Czech__Czech_000389,D00,0,0,1
YOLO11n,Czech__Czech_000398,D10,0,0,1
YOLO11n,Czech__Czech_000402,D20,1,1,0
YOLO11n,Czech__Czech_000426,D00,0,1,1
YOLO11n,Czech__Czech_000459,D00,1,0,0
YOLO11n,Czech__Czech_000472,D10,1,0,0
YOLO11n,Czech__Czech_000526,D00,0,0,1
YOLO11n,Czech__Czech_000553,D10,0,0,2
YOLO11n,Czech__Czech_000569,D00,0,0,1
YOLO11n,Czech__Czech_000594,D20,1,0,0
YOLO11n,Czech__Czech_000596,D40,0,0,1
YOLO11n,Czech__Czech_000599,D20,0,0,1
YOLO11n,Czech__Czech_000599,D40,0,1,0
YOLO11n,Czech__Czech_000662,D00,0,0,1
YOLO11n,Czech__Czech_000677,D00,0,1,1
YOLO11n,Czech__Czech_000725,D00,0,0,1
YOLO11n,Czech__Czech_000737,D00,1,1,1
YOLO11n,Czech__Czech_000737,D40,0,1,0
YOLO11n,Czech__Czech_000738,D00,0,0,2
YOLO11n,Czech__Czech_000742,D20,0,0,1
YOLO11n,Czech__Czech_000768,D40,0,0,1
YOLO11n,Czech__Czech_000774,D00,0,1,0
YOLO11n,Czech__Czech_000814,D00,1,0,0
YOLO11n,Czech__Czech_000814,D40,0,0,1
YOLO11n,Czech__Czech_000817,D00,0,0,3
YOLO11n,Czech__Czech_000853,D00,0,0,2
YOLO11n,Czech__Czech_000853,D40,0,0,1
YOLO11n,Czech__Czech_000900,D00,1,1,0
YOLO11n,Czech__Czech_000928,D00,1,0,0
YOLO11n,Czech__Czech_000937,D40,0,1,2
YOLO11n,Czech__Czech_000948,D00,0,0,1
YOLO11n,Czech__Czech_000950,D00,0,0,1
YOLO11n,Czech__Czech_000973,D20,1,0,0
YOLO11n,Czech__Czech_000973,D40,0,0,2
YOLO11n,Czech__Czech_000996,D00,0,1,2
YOLO11n,Czech__Czech_001003,D00,1,0,0
YOLO11n,Czech__Czech_001005,D10,0,0,1
YOLO11n,Czech__Czech_001017,D00,1,0,0
YOLO11n,Czech__Czech_001019,D00,0,1,0
YOLO11n,Czech__Czech_001023,D00,0,0,2
YOLO11n,Czech__Czech_001023,D10,0,0,1
YOLO11n,Czech__Czech_001028,D00,1,0,0
YOLO11n,Czech__Czech_001028,D10,0,1,1
YOLO11n,Czech__Czech_001054,D10,0,0,1
YOLO11n,Czech__Czech_001054,D40,0,0,2
YOLO11n,Czech__Czech_001058,D00,1,0,2
YOLO11n,Czech__Czech_001090,D10,1,0,0
YOLO11n,Czech__Czech_001090,D40,0,0,1
YOLO11n,Czech__Czech_001107,D40,0,0,3
YOLO11n,Czech__Czech_001108,D00,1,0,0
YOLO11n,Czech__Czech_001108,D10,0,0,1
YOLO11n,Czech__Czech_001113,D00,0,0,1
YOLO11n,Czech__Czech_001120,D00,0,1,1
YOLO11n,Czech__Czech_001120,D10,0,0,2
YOLO11n,Czech__Czech_001120,D20,0,1,1
YOLO11n,Czech__Czech_001152,D00,0,0,1
YOLO11n,Czech__Czech_001159,D00,0,0,1
YOLO11n,Czech__Czech_001236,D00,0,0,3
YOLO11n,Czech__Czech_001256,D00,1,0,0
YOLO11n,Czech__Czech_001264,D20,0,0,1
YOLO11n,Czech__Czech_001296,D00,0,1,1
YOLO11n,Czech__Czech_001296,D10,1,0,0
YOLO11n,Czech__Czech_001302,D20,1,0,1
YOLO11n,Czech__Czech_001383,D00,1,0,1
YOLO11n,Czech__Czech_001391,D00,1,0,0
YOLO11n,Czech__Czech_001404,D00,0,1,0
YOLO11n,Czech__Czech_001424,D00,1,0,0
YOLO11n,Czech__Czech_001424,D10,0,1,0
YOLO11n,Czech__Czech_001440,D10,0,0,1
YOLO11n,Czech__Czech_001457,D00,0,0,2
YOLO11n,Czech__Czech_001496,D10,0,0,1
YOLO11n,Czech__Czech_001514,D40,0,0,1
YOLO11n,Czech__Czech_001546,D00,0,0,3
YOLO11n,Czech__Czech_001546,D10,0,0,3
YOLO11n,Czech__Czech_001546,D20,0,1,0
YOLO11n,Czech__Czech_001573,D00,0,0,3
YOLO11n,Czech__Czech_001573,D10,0,0,1
YOLO11n,Czech__Czech_001596,D00,0,2,2
YOLO11n,Czech__Czech_001596,D10,0,0,1
YOLO11n,Czech__Czech_001603,D20,0,1,0
YOLO11n,Czech__Czech_001648,D00,0,0,1
YOLO11n,Czech__Czech_001648,D10,1,1,3
YOLO11n,Czech__Czech_001658,D00,0,0,1
YOLO11n,Czech__Czech_001658,D20,0,0,1
YOLO11n,Czech__Czech_001662,D00,1,0,0
YOLO11n,Czech__Czech_001726,D00,0,0,1
YOLO11n,Czech__Czech_001727,D00,0,0,1
YOLO11n,Czech__Czech_001789,D10,0,0,1
YOLO11n,Czech__Czech_001823,D00,0,0,1
YOLO11n,Czech__Czech_001825,D00,0,1,1
YOLO11n,Czech__Czech_001825,D40,0,0,3
YOLO11n,Czech__Czech_001849,D00,0,0,1
YOLO11n,Czech__Czech_001860,D00,1,1,0
YOLO11n,Czech__Czech_001882,D00,0,0,1
YOLO11n,Czech__Czech_001882,D10,0,0,1
YOLO11n,Czech__Czech_001886,D00,0,0,1
YOLO11n,Czech__Czech_001934,D00,0,0,1
YOLO11n,Czech__Czech_001940,D40,0,0,1
YOLO11n,Czech__Czech_002003,D00,0,0,1
YOLO11n,Czech__Czech_002003,D10,0,1,0
YOLO11n,Czech__Czech_002014,D00,1,0,0
YOLO11n,Czech__Czech_002021,D00,1,0,0
YOLO11n,Czech__Czech_002028,D00,0,0,2
YOLO11n,Czech__Czech_002041,D00,1,0,1
YOLO11n,Czech__Czech_002041,D10,1,0,0
YOLO11n,Czech__Czech_002145,D00,0,1,1
YOLO11n,Czech__Czech_002145,D20,0,0,1
YOLO11n,Czech__Czech_002163,D00,0,0,1
YOLO11n,Czech__Czech_002176,D00,0,1,1
YOLO11n,Czech__Czech_002242,D00,0,0,2
YOLO11n,Czech__Czech_002255,D00,1,0,0
YOLO11n,Czech__Czech_002265,D10,0,0,1
YOLO11n,Czech__Czech_002285,D00,0,0,1
YOLO11n,Czech__Czech_002285,D20,0,1,0
YOLO11n,Czech__Czech_002294,D00,1,1,2
YOLO11n,Czech__Czech_002300,D00,0,0,2
YOLO11n,Czech__Czech_002328,D00,1,0,0
YOLO11n,Czech__Czech_002361,D00,0,0,1
YOLO11n,Czech__Czech_002382,D00,0,1,0
YOLO11n,Czech__Czech_002410,D00,0,0,1
YOLO11n,Czech__Czech_002424,D00,1,0,0
YOLO11n,Czech__Czech_002424,D10,0,0,1
YOLO11n,Czech__Czech_002442,D00,1,0,0
YOLO11n,Czech__Czech_002444,D20,0,0,1
YOLO11n,Czech__Czech_002444,D40,0,0,1
YOLO11n,Czech__Czech_002456,D00,0,0,1
YOLO11n,Czech__Czech_002463,D00,1,0,1
YOLO11n,Czech__Czech_002513,D00,0,0,2
YOLO11n,Czech__Czech_002516,D10,0,0,1
YOLO11n,Czech__Czech_002555,D10,0,0,1
YOLO11n,Czech__Czech_002612,D00,0,0,1
YOLO11n,Czech__Czech_002612,D40,0,0,1
YOLO11n,Czech__Czech_002640,D00,1,0,0
YOLO11n,Czech__Czech_002647,D00,0,1,1
YOLO11n,Czech__Czech_002647,D10,0,0,1
YOLO11n,Czech__Czech_002658,D00,0,0,1
YOLO11n,Czech__Czech_002662,D00,0,1,1
YOLO11n,Czech__Czech_002662,D10,0,0,2
YOLO11n,Czech__Czech_002665,D00,0,1,0
YOLO11n,Czech__Czech_002673,D10,0,0,1
YOLO11n,Czech__Czech_002677,D10,1,0,1
YOLO11n,Czech__Czech_002689,D10,0,0,1
YOLO11n,Czech__Czech_002694,D00,1,1,0
YOLO11n,Czech__Czech_002701,D10,0,0,1
YOLO11n,Czech__Czech_002713,D20,0,0,1
YOLO11n,Czech__Czech_002715,D00,1,0,0
YOLO11n,Czech__Czech_002746,D00,0,0,1
YOLO11n,Czech__Czech_002746,D10,0,1,1
YOLO11n,Czech__Czech_002747,D00,1,1,0
YOLO11n,Czech__Czech_002794,D10,1,0,0
YOLO11n,Czech__Czech_002811,D00,0,0,1
YOLO11n,Czech__Czech_002845,D00,0,1,0
YOLO11n,Czech__Czech_002868,D00,0,0,1
YOLO11n,Czech__Czech_002892,D10,0,0,1
YOLO11n,Czech__Czech_002924,D00,0,0,3
YOLO11n,Czech__Czech_002951,D10,0,0,1
YOLO11n,Czech__Czech_002958,D00,1,0,0
YOLO11n,Czech__Czech_002998,D00,1,0,2
YOLO11n,Czech__Czech_002998,D10,1,0,1
YOLO11n,Czech__Czech_002998,D40,0,0,1
YOLO11n,Czech__Czech_003016,D00,0,0,1
YOLO11n,Czech__Czech_003043,D00,0,1,0
YOLO11n,Czech__Czech_003058,D00,0,0,1
YOLO11n,Czech__Czech_003069,D00,0,0,1
YOLO11n,Czech__Czech_003069,D10,0,0,1
YOLO11n,Czech__Czech_003100,D00,0,0,1
YOLO11n,Czech__Czech_003121,D00,1,0,0
YOLO11n,Czech__Czech_003151,D00,1,0,0
YOLO11n,Czech__Czech_003183,D00,0,0,1
YOLO11n,Czech__Czech_003185,D00,0,0,1
YOLO11n,Czech__Czech_003217,D00,0,0,1
YOLO11n,Czech__Czech_003217,D10,0,0,1
YOLO11n,Czech__Czech_003231,D00,0,0,1
YOLO11n,Czech__Czech_003243,D00,0,0,1
YOLO11n,Czech__Czech_003246,D00,0,0,1
YOLO11n,Czech__Czech_003331,D00,0,0,1
YOLO11n,Czech__Czech_003345,D00,0,2,0
YOLO11n,Czech__Czech_003345,D10,0,0,1
YOLO11n,Czech__Czech_003345,D20,0,0,1
YOLO11n,Czech__Czech_003362,D00,0,0,1
YOLO11n,Czech__Czech_003377,D10,0,0,2
YOLO11n,Czech__Czech_003444,D00,2,0,1
YOLO11n,Czech__Czech_003448,D00,1,0,0
YOLO11n,Czech__Czech_003479,D00,0,0,2
YOLO11n,Czech__Czech_003481,D00,0,1,0
YOLO11n,Czech__Czech_003481,D10,0,0,1
YOLO11n,Czech__Czech_003512,D00,0,1,0
YOLO11n,Czech__Czech_003512,D10,1,0,0
YOLO11n,Czech__Czech_003536,D40,0,0,1
YOLO11n,Czech__Czech_003543,D00,0,0,2
YOLO11n,Czech__Czech_003544,D00,0,0,1
YOLO11n,Czech__Czech_003544,D10,0,0,1
YOLO11n,Czech__Czech_003565,D20,0,0,1
YOLO11n,Czech__Czech_003565,D40,0,0,1
YOLO11n,Czech__Czech_003584,D00,0,0,1
YOLO11n,Czech__Czech_003584,D40,0,0,1
YOLO11n,India__India_000002,D40,0,1,0
YOLO11n,India__India_000005,D40,1,1,0
YOLO11n,India__India_000026,D20,0,1,0
YOLO11n,India__India_000052,D00,0,0,2
YOLO11n,India__India_000052,D20,0,1,1
YOLO11n,India__India_000052,D40,0,0,6
YOLO11n,India__India_000055,D40,0,0,1
YOLO11n,India__India_000089,D20,0,1,0
YOLO11n,India__India_000099,D20,1,0,0
YOLO11n,India__India_000102,D00,0,0,2
YOLO11n,India__India_000184,D20,0,0,1
YOLO11n,India__India_000193,D10,0,0,1
YOLO11n,India__India_000193,D20,0,1,0
YOLO11n,India__India_000193,D40,0,0,2
YOLO11n,India__India_000224,D00,0,0,1
YOLO11n,India__India_000261,D40,0,0,1
YOLO11n,India__India_000270,D00,0,0,1
YOLO11n,India__India_000270,D20,0,0,1
YOLO11n,India__India_000272,D20,1,1,0
YOLO11n,India__India_000279,D40,0,1,0
YOLO11n,India__India_000283,D20,1,0,0
YOLO11n,India__India_000285,D20,0,1,1
YOLO11n,India__India_000288,D40,0,0,2
YOLO11n,India__India_000297,D40,0,1,0
YOLO11n,India__India_000368,D00,0,0,2
YOLO11n,India__India_000368,D40,2,0,1
YOLO11n,India__India_000392,D40,0,0,1
YOLO11n,India__India_000412,D00,0,0,1
YOLO11n,India__India_000412,D20,0,0,1
YOLO11n,India__India_000428,D00,0,0,1
YOLO11n,India__India_000455,D20,1,0,0
YOLO11n,India__India_000471,D20,0,0,1
YOLO11n,India__India_000483,D20,1,1,0
YOLO11n,India__India_000494,D00,0,0,2
YOLO11n,India__India_000494,D20,0,1,0
YOLO11n,India__India_000532,D00,0,0,2
YOLO11n,India__India_000543,D00,0,1,0
YOLO11n,India__India_000548,D20,0,0,1
YOLO11n,India__India_000561,D00,0,0,1
YOLO11n,India__India_000563,D20,0,1,1
YOLO11n,India__India_000563,D40,0,0,1
YOLO11n,India__India_000575,D40,1,0,1
YOLO11n,India__India_000576,D20,1,0,1
YOLO11n,India__India_000576,D40,0,0,1
YOLO11n,India__India_000580,D20,0,1,1
YOLO11n,India__India_000580,D40,0,0,1
YOLO11n,India__India_000595,D40,0,1,3
YOLO11n,India__India_000609,D00,0,0,1
YOLO11n,India__India_000609,D20,1,0,0
YOLO11n,India__India_000627,D40,0,0,1
YOLO11n,India__India_000646,D00,0,0,1
YOLO11n,India__India_000646,D20,1,0,0
YOLO11n,India__India_000646,D40,0,0,1
YOLO11n,India__India_000684,D40,1,2,1
YOLO11n,India__India_000732,D40,0,0,1
YOLO11n,India__India_000742,D00,0,0,1
YOLO11n,India__India_000744,D40,0,0,2
YOLO11n,India__India_000775,D20,1,0,0
YOLO11n,India__India_000808,D20,0,1,1
YOLO11n,India__India_000808,D40,2,1,2
YOLO11n,India__India_000833,D00,0,0,2
YOLO11n,India__India_000839,D00,0,0,1
YOLO11n,India__India_000839,D20,0,1,1
YOLO11n,India__India_000839,D40,0,1,0
YOLO11n,India__India_000891,D20,1,0,0
YOLO11n,India__India_000917,D20,0,1,2
YOLO11n,India__India_000919,D20,0,1,2
YOLO11n,India__India_000922,D20,1,0,0
YOLO11n,India__India_000936,D00,0,1,0
YOLO11n,India__India_000936,D20,1,0,0
YOLO11n,India__India_000946,D00,0,0,1
YOLO11n,India__India_000946,D40,0,0,1
YOLO11n,India__India_000949,D00,0,0,1
YOLO11n,India__India_000949,D20,0,0,1
YOLO11n,India__India_000964,D00,2,1,1
YOLO11n,India__India_000971,D20,0,2,1
YOLO11n,India__India_000991,D20,1,0,0
YOLO11n,India__India_000994,D20,1,0,1
YOLO11n,India__India_000994,D40,1,1,6
YOLO11n,India__India_001023,D20,0,1,1
YOLO11n,India__India_001042,D20,1,0,1
YOLO11n,India__India_001052,D40,0,1,0
YOLO11n,India__India_001056,D00,0,0,1
YOLO11n,India__India_001056,D40,1,1,1
YOLO11n,India__India_001069,D00,0,0,1
YOLO11n,India__India_001069,D40,1,3,1
YOLO11n,India__India_001077,D00,0,0,1
YOLO11n,India__India_001077,D40,0,1,0
YOLO11n,India__India_001103,D00,1,0,0
YOLO11n,India__India_001103,D40,0,0,1
YOLO11n,India__India_001125,D40,0,0,2
YOLO11n,India__India_001138,D20,1,0,0
YOLO11n,India__India_001141,D20,1,0,0
YOLO11n,India__India_001141,D40,1,0,2
YOLO11n,India__India_001143,D20,1,0,0
YOLO11n,India__India_001168,D40,0,0,1
YOLO11n,India__India_001176,D40,1,6,0
YOLO11n,India__India_001187,D20,1,0,0
YOLO11n,India__India_001232,D20,1,1,0
YOLO11n,India__India_001232,D40,0,0,1
YOLO11n,India__India_001241,D20,0,0,1
YOLO11n,India__India_001253,D20,1,0,0
YOLO11n,India__India_001266,D00,0,0,1
YOLO11n,India__India_001266,D10,0,0,1
YOLO11n,India__India_001266,D40,1,1,1
YOLO11n,India__India_001291,D20,0,0,1
YOLO11n,India__India_001306,D20,0,2,0
YOLO11n,India__India_001316,D20,0,1,0
YOLO11n,India__India_001368,D20,1,0,0
YOLO11n,India__India_001424,D40,0,0,1
YOLO11n,India__India_001431,D20,0,1,0
YOLO11n,India__India_001432,D20,1,1,0
YOLO11n,India__India_001450,D00,1,0,0
YOLO11n,India__India_001450,D20,1,1,0
YOLO11n,India__India_001451,D40,0,1,0
YOLO11n,India__India_001477,D00,0,1,0
YOLO11n,India__India_001478,D00,0,0,3
YOLO11n,India__India_001486,D40,0,1,0
YOLO11n,India__India_001493,D40,1,0,1
YOLO11n,India__India_001541,D00,1,0,0
YOLO11n,India__India_001541,D20,0,0,1
YOLO11n,India__India_001544,D00,0,1,0
YOLO11n,India__India_001553,D40,0,0,1
YOLO11n,India__India_001574,D20,1,0,0
YOLO11n,India__India_001580,D40,0,0,1
YOLO11n,India__India_001585,D20,0,0,1
YOLO11n,India__India_001585,D40,1,0,1
YOLO11n,India__India_001599,D20,1,0,0
YOLO11n,India__India_001611,D20,0,0,1
YOLO11n,India__India_001623,D20,1,1,0
YOLO11n,India__India_001625,D40,1,0,1
YOLO11n,India__India_001630,D00,0,0,1
YOLO11n,India__India_001630,D20,1,0,0
YOLO11n,India__India_001669,D20,0,0,1
YOLO11n,India__India_001687,D20,0,1,2
YOLO11n,India__India_001687,D40,3,0,1
YOLO11n,India__India_001709,D20,0,0,1
YOLO11n,India__India_001716,D00,0,0,1
YOLO11n,India__India_001723,D00,0,0,1
YOLO11n,India__India_001744,D40,1,1,3
YOLO11n,India__India_001746,D00,0,0,1
YOLO11n,India__India_001755,D00,0,0,1
YOLO11n,India__India_001786,D40,0,1,1
YOLO11n,India__India_001787,D20,1,0,0
YOLO11n,India__India_001787,D40,0,0,1
YOLO11n,India__India_001803,D00,0,0,1
YOLO11n,India__India_001821,D20,0,0,1
YOLO11n,India__India_001821,D40,1,1,2
YOLO11n,India__India_001832,D20,1,0,0
YOLO11n,India__India_001844,D00,0,0,1
YOLO11n,India__India_001844,D20,1,0,0
YOLO11n,India__India_001853,D00,1,0,0
YOLO11n,India__India_001865,D00,0,0,2
YOLO11n,India__India_001865,D20,1,0,1
YOLO11n,India__India_001865,D40,0,0,1
YOLO11n,India__India_001881,D20,1,0,0
YOLO11n,India__India_001887,D20,1,0,0
YOLO11n,India__India_001887,D40,0,0,1
YOLO11n,India__India_001907,D20,1,0,0
YOLO11n,India__India_001907,D40,0,0,1
YOLO11n,India__India_001958,D20,1,0,0
YOLO11n,India__India_001958,D40,0,1,0
YOLO11n,India__India_001970,D00,1,0,0
YOLO11n,India__India_001970,D20,0,1,0
YOLO11n,India__India_001982,D20,1,1,0
YOLO11n,India__India_002007,D00,1,1,0
YOLO11n,India__India_002007,D40,0,0,2
YOLO11n,India__India_002020,D40,0,6,8
YOLO11n,India__India_002025,D20,0,0,1
YOLO11n,India__India_002030,D20,0,0,1
YOLO11n,India__India_002067,D20,1,0,0
YOLO11n,India__India_002105,D20,2,1,0
YOLO11n,India__India_002184,D00,1,0,1
YOLO11n,India__India_002201,D00,0,0,1
YOLO11n,India__India_002201,D20,0,2,2
YOLO11n,India__India_002201,D40,1,1,1
YOLO11n,India__India_002227,D40,2,1,1
YOLO11n,India__India_002278,D40,0,1,0
YOLO11n,India__India_002279,D10,0,0,1
YOLO11n,India__India_002344,D20,0,1,1
YOLO11n,India__India_002376,D40,2,0,2
YOLO11n,India__India_002390,D40,0,0,2
YOLO11n,India__India_002426,D40,0,0,3
YOLO11n,India__India_002437,D00,1,0,0
YOLO11n,India__India_002437,D20,1,0,0
YOLO11n,India__India_002447,D00,0,0,1
YOLO11n,India__India_002447,D40,0,1,1
YOLO11n,India__India_002459,D40,0,0,1
YOLO11n,India__India_002466,D00,0,0,1
YOLO11n,India__India_002553,D20,0,0,1
YOLO11n,India__India_002553,D40,0,0,1
YOLO11n,India__India_002573,D40,0,0,1
YOLO11n,India__India_002582,D20,1,1,0
YOLO11n,India__India_002594,D20,1,4,1
YOLO11n,India__India_002594,D40,0,0,1
YOLO11n,India__India_002616,D00,0,0,1
YOLO11n,India__India_002616,D20,1,0,0
YOLO11n,India__India_002652,D00,0,0,1
YOLO11n,India__India_002652,D20,0,1,1
YOLO11n,India__India_002664,D40,1,2,0
YOLO11n,India__India_002666,D20,1,0,0
YOLO11n,India__India_002668,D00,0,0,1
YOLO11n,India__India_002668,D20,1,0,0
YOLO11n,India__India_002673,D40,0,0,1
YOLO11n,India__India_002681,D00,0,0,1
YOLO11n,India__India_002681,D40,0,0,2
YOLO11n,India__India_002713,D20,0,1,1
YOLO11n,India__India_002713,D40,1,1,0
YOLO11n,India__India_002716,D00,0,0,1
YOLO11n,India__India_002726,D00,0,0,2
YOLO11n,India__India_002735,D40,0,0,1
YOLO11n,India__India_002759,D40,1,0,0
YOLO11n,India__India_002771,D40,1,1,0
YOLO11n,India__India_002787,D20,1,0,0
YOLO11n,India__India_002795,D20,0,0,1
YOLO11n,India__India_002795,D40,2,0,1
YOLO11n,India__India_002804,D00,0,0,1
YOLO11n,India__India_002804,D20,0,0,1
YOLO11n,India__India_002804,D40,0,0,1
YOLO11n,India__India_002860,D40,0,0,1
YOLO11n,India__India_002901,D40,0,0,1
YOLO11n,India__India_002921,D40,1,0,0
YOLO11n,India__India_002925,D00,1,0,1
YOLO11n,India__India_002925,D40,0,0,1
YOLO11n,India__India_002954,D00,0,0,1
YOLO11n,India__India_002954,D20,1,0,0
YOLO11n,India__India_002954,D40,1,1,1
YOLO11n,India__India_002976,D40,1,0,0
YOLO11n,India__India_002995,D00,0,0,1
YOLO11n,India__India_002995,D20,1,0,0
YOLO11n,India__India_002995,D40,0,1,1
YOLO11n,India__India_003013,D40,0,7,8
YOLO11n,India__India_003034,D20,1,1,0
YOLO11n,India__India_003049,D20,0,0,3
YOLO11n,India__India_003056,D40,1,4,5
YOLO11n,India__India_003100,D00,0,0,1
YOLO11n,India__India_003100,D40,1,0,3
YOLO11n,India__India_003120,D40,1,0,1
YOLO11n,India__India_003143,D40,0,0,2
YOLO11n,India__India_003152,D00,0,0,1
YOLO11n,India__India_003152,D40,0,0,2
YOLO11n,India__India_003153,D00,0,0,1
YOLO11n,India__India_003153,D20,1,0,0
YOLO11n,India__India_003186,D40,1,1,1
YOLO11n,India__India_003214,D00,0,0,1
YOLO11n,India__India_003214,D20,0,1,0
YOLO11n,India__India_003214,D40,0,0,1
YOLO11n,India__India_003236,D00,0,0,1
YOLO11n,India__India_003236,D20,0,1,1
YOLO11n,India__India_003239,D40,0,0,1
YOLO11n,India__India_003256,D00,0,0,2
YOLO11n,India__India_003272,D40,0,0,1
YOLO11n,India__India_003310,D00,0,0,1
YOLO11n,India__India_003310,D20,0,1,1
YOLO11n,India__India_003312,D20,1,0,0
YOLO11n,India__India_003312,D40,0,0,1
YOLO11n,India__India_003318,D40,0,0,2
YOLO11n,India__India_003320,D20,1,0,0
YOLO11n,India__India_003368,D00,0,0,1
YOLO11n,India__India_003368,D40,1,2,0
YOLO11n,India__India_003376,D00,0,0,1
YOLO11n,India__India_003376,D20,0,0,1
YOLO11n,India__India_003376,D40,1,0,0
YOLO11n,India__India_003391,D40,0,0,1
YOLO11n,India__India_003412,D20,0,0,1
YOLO11n,India__India_003412,D40,1,0,0
YOLO11n,India__India_003414,D00,1,0,2
YOLO11n,India__India_003414,D20,0,1,1
YOLO11n,India__India_003426,D40,0,0,1
YOLO11n,India__India_003431,D40,0,0,2
YOLO11n,India__India_003437,D20,0,1,0
YOLO11n,India__India_003443,D20,1,1,1
YOLO11n,India__India_003444,D00,0,0,1
YOLO11n,India__India_003445,D00,0,0,1
YOLO11n,India__India_003465,D00,0,1,0
YOLO11n,India__India_003482,D00,0,0,1
YOLO11n,India__India_003482,D20,1,0,0
YOLO11n,India__India_003491,D00,1,0,2
YOLO11n,India__India_003494,D20,1,0,0
YOLO11n,India__India_003496,D00,0,0,1
YOLO11n,India__India_003496,D20,0,0,1
YOLO11n,India__India_003507,D20,0,0,1
YOLO11n,India__India_003517,D00,0,1,0
YOLO11n,India__India_003517,D10,0,1,0
YOLO11n,India__India_003522,D00,0,0,1
YOLO11n,India__India_003535,D00,0,0,1
YOLO11n,India__India_003535,D40,1,2,4
YOLO11n,India__India_003556,D20,1,1,0
YOLO11n,India__India_003556,D40,1,0,0
YOLO11n,India__India_003561,D40,2,3,2
YOLO11n,India__India_003568,D20,1,2,0
YOLO11n,India__India_003569,D00,0,0,1
YOLO11n,India__India_003592,D00,0,0,2
YOLO11n,India__India_003599,D20,0,0,1
YOLO11n,India__India_003601,D00,1,0,1
YOLO11n,India__India_003601,D20,0,1,1
YOLO11n,India__India_003605,D20,1,0,0
YOLO11n,India__India_003610,D00,0,0,2
YOLO11n,India__India_003610,D40,0,0,1
YOLO11n,India__India_003652,D20,1,0,0
YOLO11n,India__India_003674,D00,1,0,1
YOLO11n,India__India_003674,D20,0,0,1
YOLO11n,India__India_003678,D00,0,1,0
YOLO11n,India__India_003683,D20,0,0,1
YOLO11n,India__India_003697,D20,0,0,1
YOLO11n,India__India_003697,D40,0,0,1
YOLO11n,India__India_003742,D00,0,0,1
YOLO11n,India__India_003757,D20,0,0,1
YOLO11n,India__India_003760,D20,1,0,0
YOLO11n,India__India_003761,D40,0,1,1
YOLO11n,India__India_003766,D20,1,1,1
YOLO11n,India__India_003784,D00,1,0,0
YOLO11n,India__India_003789,D20,0,0,1
YOLO11n,India__India_003814,D20,0,0,1
YOLO11n,India__India_003831,D20,0,0,1
YOLO11n,India__India_003842,D00,0,0,3
YOLO11n,India__India_003842,D20,0,0,1
YOLO11n,India__India_003842,D40,0,1,0
YOLO11n,India__India_003843,D20,0,1,0
YOLO11n,India__India_003857,D00,0,0,1
YOLO11n,India__India_003857,D20,1,1,1
YOLO11n,India__India_003857,D40,4,2,1
YOLO11n,India__India_003917,D20,0,0,1
YOLO11n,India__India_003925,D40,1,1,2
YOLO11n,India__India_003929,D00,1,0,0
YOLO11n,India__India_003929,D20,0,1,0
YOLO11n,India__India_003944,D00,0,0,1
YOLO11n,India__India_004081,D00,0,2,1
YOLO11n,India__India_004092,D20,1,0,1
YOLO11n,India__India_004100,D40,1,0,1
YOLO11n,India__India_004138,D20,1,0,0
YOLO11n,India__India_004139,D40,0,1,0
YOLO11n,India__India_004154,D00,0,0,1
YOLO11n,India__India_004157,D00,0,0,2
YOLO11n,India__India_004176,D40,0,0,2
YOLO11n,India__India_004185,D20,0,0,1
YOLO11n,India__India_004185,D40,0,0,1
YOLO11n,India__India_004199,D00,1,0,1
YOLO11n,India__India_004199,D20,1,0,0
YOLO11n,India__India_004226,D40,0,1,2
YOLO11n,India__India_004230,D00,0,1,0
YOLO11n,India__India_004243,D40,0,0,1
YOLO11n,India__India_004256,D00,0,0,2
YOLO11n,India__India_004256,D40,1,0,5
YOLO11n,India__India_004290,D40,0,1,2
YOLO11n,India__India_004298,D40,1,0,0
YOLO11n,India__India_004315,D20,1,0,0
YOLO11n,India__India_004352,D00,0,0,1
YOLO11n,India__India_004352,D20,0,0,2
YOLO11n,India__India_004359,D20,0,0,1
YOLO11n,India__India_004374,D00,1,0,0
YOLO11n,India__India_004421,D20,0,0,1
YOLO11n,India__India_004430,D40,0,0,1
YOLO11n,India__India_004449,D40,0,0,3
YOLO11n,India__India_004465,D20,1,0,0
YOLO11n,India__India_004468,D20,0,0,1
YOLO11n,India__India_004472,D20,0,0,1
YOLO11n,India__India_004472,D40,1,1,4
YOLO11n,India__India_004482,D20,0,0,1
YOLO11n,India__India_004489,D20,0,1,3
YOLO11n,India__India_004508,D20,0,0,1
YOLO11n,India__India_004512,D40,0,0,3
YOLO11n,India__India_004513,D00,0,0,2
YOLO11n,India__India_004553,D40,0,0,1
YOLO11n,India__India_004562,D20,1,0,0
YOLO11n,India__India_004565,D00,0,0,5
YOLO11n,India__India_004587,D40,0,1,0
YOLO11n,India__India_004592,D00,0,0,1
YOLO11n,India__India_004592,D20,0,0,1
YOLO11n,India__India_004592,D40,0,0,2
YOLO11n,India__India_004599,D20,1,0,0
YOLO11n,India__India_004655,D40,0,0,2
YOLO11n,India__India_004671,D20,1,0,0
YOLO11n,India__India_004690,D20,1,0,0
YOLO11n,India__India_004700,D20,1,1,0
YOLO11n,India__India_004715,D20,0,0,1
YOLO11n,India__India_004721,D20,1,1,0
YOLO11n,India__India_004726,D40,0,0,1
YOLO11n,India__India_004727,D20,1,1,0
YOLO11n,India__India_004743,D20,0,1,2
YOLO11n,India__India_004755,D00,0,1,3
YOLO11n,India__India_004755,D20,1,0,0
YOLO11n,India__India_004755,D40,1,0,3
YOLO11n,India__India_004758,D00,0,0,1
YOLO11n,India__India_004759,D20,1,0,0
YOLO11n,India__India_004759,D40,1,1,0
YOLO11n,India__India_004798,D20,1,0,0
YOLO11n,India__India_004819,D20,1,0,0
YOLO11n,India__India_004828,D20,1,0,0
YOLO11n,India__India_004828,D40,1,0,1
YOLO11n,India__India_004876,D40,0,0,2
YOLO11n,India__India_004887,D20,1,0,0
YOLO11n,India__India_004887,D40,2,0,1
YOLO11n,India__India_004911,D20,1,0,0
YOLO11n,India__India_004944,D00,0,0,1
YOLO11n,India__India_004944,D40,1,0,1
YOLO11n,India__India_004982,D20,0,1,1
YOLO11n,India__India_005014,D40,0,0,1
YOLO11n,India__India_005022,D00,0,0,1
YOLO11n,India__India_005022,D40,0,0,4
YOLO11n,India__India_005036,D00,0,0,2
YOLO11n,India__India_005036,D20,0,1,1
YOLO11n,India__India_005038,D20,0,1,0
YOLO11n,India__India_005081,D20,0,0,1
YOLO11n,India__India_005081,D40,0,0,3
YOLO11n,India__India_005090,D20,1,1,0
YOLO11n,India__India_005129,D20,1,0,0
YOLO11n,India__India_005129,D40,1,0,0
YOLO11n,India__India_005138,D20,1,0,0
YOLO11n,India__India_005138,D40,0,0,1
YOLO11n,India__India_005186,D00,0,0,1
YOLO11n,India__India_005214,D20,1,0,0
YOLO11n,India__India_005219,D20,0,0,2
YOLO11n,India__India_005219,D40,1,6,3
YOLO11n,India__India_005254,D20,1,1,0
YOLO11n,India__India_005260,D40,2,0,0
YOLO11n,India__India_005277,D00,0,0,1
YOLO11n,India__India_005278,D20,1,0,0
YOLO11n,India__India_005284,D00,0,0,3
YOLO11n,India__India_005284,D20,0,0,1
YOLO11n,India__India_005284,D40,1,1,1
YOLO11n,India__India_005302,D20,0,0,1
YOLO11n,India__India_005309,D40,0,1,0
YOLO11n,India__India_005315,D20,0,1,0
YOLO11n,India__India_005316,D20,1,0,0
YOLO11n,India__India_005369,D20,0,0,1
YOLO11n,India__India_005371,D20,0,1,0
YOLO11n,India__India_005394,D00,0,0,2
YOLO11n,India__India_005394,D20,1,0,0
YOLO11n,India__India_005409,D00,0,1,0
YOLO11n,India__India_005411,D20,0,0,1
YOLO11n,India__India_005411,D40,0,1,1
YOLO11n,India__India_005422,D20,0,0,1
YOLO11n,India__India_005439,D40,0,1,3
YOLO11n,India__India_005458,D00,0,1,0
YOLO11n,India__India_005458,D20,0,0,1
YOLO11n,India__India_005519,D00,0,0,2
YOLO11n,India__India_005519,D40,0,0,2
YOLO11n,India__India_005543,D20,1,0,0
YOLO11n,India__India_005543,D40,0,0,1
YOLO11n,India__India_005545,D00,0,0,2
YOLO11n,India__India_005545,D20,0,0,1
YOLO11n,India__India_005545,D40,0,0,1
YOLO11n,India__India_005569,D20,1,1,0
YOLO11n,India__India_005569,D40,0,1,1
YOLO11n,India__India_005593,D20,1,0,0
YOLO11n,India__India_005636,D20,0,0,1
YOLO11n,India__India_005651,D40,0,1,0
YOLO11n,India__India_005656,D40,1,4,3
YOLO11n,India__India_005672,D20,0,1,2
YOLO11n,India__India_005681,D00,0,1,1
YOLO11n,India__India_005681,D20,0,0,1
YOLO11n,India__India_005699,D00,0,0,1
YOLO11n,India__India_005699,D20,0,2,1
YOLO11n,India__India_005702,D00,0,0,1
YOLO11n,India__India_005715,D20,0,1,1
YOLO11n,India__India_005715,D40,0,0,1
YOLO11n,India__India_005746,D20,0,0,2
YOLO11n,India__India_005771,D00,0,1,0
YOLO11n,India__India_005775,D40,0,0,1
YOLO11n,India__India_005788,D00,0,1,0
YOLO11n,India__India_005788,D20,0,0,1
YOLO11n,India__India_005839,D20,0,0,1
YOLO11n,India__India_005847,D00,1,0,1
YOLO11n,India__India_005847,D20,0,0,1
YOLO11n,India__India_005849,D20,0,0,1
YOLO11n,India__India_005853,D00,1,1,1
YOLO11n,India__India_005853,D20,0,0,1
YOLO11n,India__India_005875,D00,0,0,1
YOLO11n,India__India_005875,D10,0,0,1
YOLO11n,India__India_005878,D40,0,1,3
YOLO11n,India__India_005881,D20,1,0,1
YOLO11n,India__India_005905,D20,1,0,0
YOLO11n,India__India_005921,D20,0,1,1
YOLO11n,India__India_005949,D20,1,1,0
YOLO11n,India__India_005974,D20,1,0,0
YOLO11n,India__India_005994,D20,1,0,1
YOLO11n,India__India_006014,D00,0,0,1
YOLO11n,India__India_006014,D20,0,2,2
YOLO11n,India__India_006026,D00,0,0,1
YOLO11n,India__India_006026,D20,1,0,0
YOLO11n,India__India_006063,D20,1,0,0
YOLO11n,India__India_006076,D20,0,1,0
YOLO11n,India__India_006076,D40,0,1,1
YOLO11n,India__India_006093,D00,0,1,0
YOLO11n,India__India_006094,D20,0,0,1
YOLO11n,India__India_006100,D20,0,0,1
YOLO11n,India__India_006100,D40,0,2,2
YOLO11n,India__India_006121,D00,0,0,1
YOLO11n,India__India_006121,D20,0,0,1
YOLO11n,India__India_006128,D20,1,0,0
YOLO11n,India__India_006201,D20,0,0,1
YOLO11n,India__India_006201,D40,1,1,4
YOLO11n,India__India_006215,D00,1,0,0
YOLO11n,India__India_006219,D20,1,0,0
YOLO11n,India__India_006238,D00,0,0,2
YOLO11n,India__India_006238,D20,0,0,2
YOLO11n,India__India_006241,D20,0,0,1
YOLO11n,India__India_006248,D40,1,1,3
YOLO11n,India__India_006260,D00,0,0,1
YOLO11n,India__India_006260,D20,1,1,0
YOLO11n,India__India_006275,D20,0,0,1
YOLO11n,India__India_006275,D40,1,0,1
YOLO11n,India__India_006286,D20,1,0,0
YOLO11n,India__India_006297,D40,1,1,0
YOLO11n,India__India_006310,D20,1,1,0
YOLO11n,India__India_006325,D00,0,0,1
YOLO11n,India__India_006325,D20,0,0,2
YOLO11n,India__India_006325,D40,0,0,2
YOLO11n,India__India_006328,D40,0,0,1
YOLO11n,India__India_006336,D40,0,1,1
YOLO11n,India__India_006376,D40,0,1,0
YOLO11n,India__India_006381,D20,1,1,0
YOLO11n,India__India_006395,D00,0,0,3
YOLO11n,India__India_006395,D20,1,0,1
YOLO11n,India__India_006398,D20,0,0,1
YOLO11n,India__India_006462,D40,1,0,0
YOLO11n,India__India_006473,D20,0,0,1
YOLO11n,India__India_006473,D40,0,1,4
YOLO11n,India__India_006493,D00,0,1,2
YOLO11n,India__India_006493,D20,0,1,1
YOLO11n,India__India_006502,D40,0,0,1
YOLO11n,India__India_006545,D20,1,0,0
YOLO11n,India__India_006633,D20,1,0,0
YOLO11n,India__India_006633,D40,0,0,2
YOLO11n,India__India_006640,D20,0,0,1
YOLO11n,India__India_006640,D40,0,1,4
YOLO11n,India__India_006643,D20,0,1,2
YOLO11n,India__India_006645,D20,1,0,0
YOLO11n,India__India_006652,D20,0,1,0
YOLO11n,India__India_006665,D40,1,2,1
YOLO11n,India__India_006690,D00,0,0,1
YOLO11n,India__India_006692,D20,1,1,0
YOLO11n,India__India_006698,D00,0,0,1
YOLO11n,India__India_006715,D20,1,1,0
YOLO11n,India__India_006730,D20,1,0,0
YOLO11n,India__India_006773,D00,0,0,1
YOLO11n,India__India_006813,D00,0,0,1
YOLO11n,India__India_006820,D20,1,0,0
YOLO11n,India__India_006851,D40,1,2,1
YOLO11n,India__India_006867,D00,0,0,1
YOLO11n,India__India_006920,D40,0,0,3
YOLO11n,India__India_006942,D20,0,1,0
YOLO11n,India__India_006973,D40,0,0,5
YOLO11n,India__India_006998,D40,0,0,1
YOLO11n,India__India_006999,D40,1,0,2
YOLO11n,India__India_007007,D40,0,0,1
YOLO11n,India__India_007024,D20,1,0,0
YOLO11n,India__India_007037,D20,1,0,0
YOLO11n,India__India_007071,D20,0,0,1
YOLO11n,India__India_007071,D40,2,2,4
YOLO11n,India__India_007072,D00,1,0,0
YOLO11n,India__India_007088,D20,0,0,1
YOLO11n,India__India_007132,D10,0,0,2
YOLO11n,India__India_007138,D20,1,2,0
YOLO11n,India__India_007148,D20,1,0,0
YOLO11n,India__India_007159,D20,1,0,1
YOLO11n,India__India_007159,D40,0,0,1
YOLO11n,India__India_007172,D20,0,0,1
YOLO11n,India__India_007172,D40,0,0,1
YOLO11n,India__India_007178,D20,1,1,0
YOLO11n,India__India_007194,D20,1,1,0
YOLO11n,India__India_007199,D20,0,2,0
YOLO11n,India__India_007224,D20,1,0,0
YOLO11n,India__India_007246,D40,0,0,1
YOLO11n,India__India_007254,D40,0,2,0
YOLO11n,India__India_007281,D00,0,0,1
YOLO11n,India__India_007281,D40,0,0,1
YOLO11n,India__India_007309,D40,0,0,3
YOLO11n,India__India_007323,D20,0,0,1
YOLO11n,India__India_007353,D40,0,1,0
YOLO11n,India__India_007357,D40,0,0,1
YOLO11n,India__India_007377,D20,1,1,0
YOLO11n,India__India_007383,D40,0,0,1
YOLO11n,India__India_007418,D00,0,0,2
YOLO11n,India__India_007418,D40,0,0,1
YOLO11n,India__India_007431,D20,0,0,1
YOLO11n,India__India_007454,D40,0,2,0
YOLO11n,India__India_007457,D00,1,0,1
YOLO11n,India__India_007463,D20,1,0,0
YOLO11n,India__India_007470,D00,0,0,1
YOLO11n,India__India_007470,D20,0,1,1
YOLO11n,India__India_007478,D20,0,1,1
YOLO11n,India__India_007491,D40,0,0,2
YOLO11n,India__India_007492,D20,0,1,2
YOLO11n,India__India_007511,D00,0,0,2
YOLO11n,India__India_007529,D00,1,0,1
YOLO11n,India__India_007529,D40,0,0,1
YOLO11n,India__India_007533,D00,0,0,2
YOLO11n,India__India_007533,D40,0,1,0
YOLO11n,India__India_007539,D00,0,0,1
YOLO11n,India__India_007539,D20,1,1,0
YOLO11n,India__India_007565,D00,1,0,0
YOLO11n,India__India_007565,D20,0,1,1
YOLO11n,India__India_007584,D40,0,0,1
YOLO11n,India__India_007618,D00,0,0,2
YOLO11n,India__India_007618,D20,0,0,1
YOLO11n,India__India_007627,D20,1,2,1
YOLO11n,India__India_007627,D40,0,0,1
YOLO11n,India__India_007647,D20,0,1,0
YOLO11n,India__India_007647,D40,0,0,2
YOLO11n,India__India_007688,D00,0,0,1
YOLO11n,India__India_007689,D20,0,0,1
YOLO11n,India__India_007706,D00,0,0,2
YOLO11n,India__India_007706,D20,1,0,1
YOLO11n,India__India_007706,D40,0,0,2
YOLO11n,India__India_007720,D00,0,0,1
YOLO11n,India__India_007720,D20,1,0,0
YOLO11n,India__India_007720,D40,0,0,2
YOLO11n,India__India_007722,D40,0,0,1
YOLO11n,India__India_007735,D00,0,0,1
YOLO11n,India__India_007735,D20,1,0,1
YOLO11n,India__India_007735,D40,0,0,1
YOLO11n,India__India_007740,D20,1,0,0
YOLO11n,India__India_007740,D40,0,0,1
YOLO11n,India__India_007741,D20,0,0,1
YOLO11n,India__India_007742,D00,0,1,0
YOLO11n,India__India_007769,D20,1,0,0
YOLO11n,India__India_007781,D40,1,2,4
YOLO11n,India__India_007791,D40,0,2,3
YOLO11n,India__India_007844,D20,1,0,0
YOLO11n,India__India_007849,D00,0,1,0
YOLO11n,India__India_007849,D20,0,0,2
YOLO11n,India__India_007863,D20,0,0,1
YOLO11n,India__India_007863,D40,0,0,2
YOLO11n,India__India_007906,D20,1,0,0
YOLO11n,India__India_007911,D20,0,1,2
YOLO11n,India__India_007911,D40,0,1,0
YOLO11n,India__India_007964,D20,1,0,0
YOLO11n,India__India_007998,D00,0,0,1
YOLO11n,India__India_007998,D20,1,1,1
YOLO11n,India__India_007998,D40,1,0,3
YOLO11n,India__India_008007,D20,0,1,1
YOLO11n,India__India_008007,D40,0,0,1
YOLO11n,India__India_008012,D20,0,0,1
YOLO11n,India__India_008012,D40,1,0,1
YOLO11n,India__India_008017,D00,2,0,0
YOLO11n,India__India_008017,D10,0,0,1
YOLO11n,India__India_008017,D20,0,0,1
YOLO11n,India__India_008017,D40,0,0,1
YOLO11n,India__India_008022,D00,0,0,2
YOLO11n,India__India_008022,D20,0,0,1
YOLO11n,India__India_008022,D40,1,2,3
YOLO11n,India__India_008027,D00,0,0,1
YOLO11n,India__India_008027,D40,0,0,1
YOLO11n,India__India_008037,D20,0,0,1
YOLO11n,India__India_008037,D40,1,0,0
YOLO11n,India__India_008068,D20,1,0,0
YOLO11n,India__India_008079,D20,1,1,0
YOLO11n,India__India_008084,D00,0,0,1
YOLO11n,India__India_008084,D20,1,0,0
YOLO11n,India__India_008084,D40,0,0,1
YOLO11n,India__India_008099,D20,0,0,1
YOLO11n,India__India_008099,D40,0,0,1
YOLO11n,India__India_008103,D20,1,0,0
YOLO11n,India__India_008154,D40,0,0,3
YOLO11n,India__India_008159,D20,1,1,0
YOLO11n,India__India_008162,D20,0,0,1
YOLO11n,India__India_008190,D20,1,0,0
YOLO11n,India__India_008250,D20,1,0,0
YOLO11n,India__India_008250,D40,0,0,1
YOLO11n,India__India_008254,D00,0,0,2
YOLO11n,India__India_008254,D20,0,0,1
YOLO11n,India__India_008257,D00,0,0,3
YOLO11n,India__India_008257,D20,0,2,2
YOLO11n,India__India_008266,D20,1,0,0
YOLO11n,India__India_008280,D00,0,0,3
YOLO11n,India__India_008284,D20,1,0,0
YOLO11n,India__India_008313,D20,0,1,1
YOLO11n,India__India_008322,D00,0,0,2
YOLO11n,India__India_008329,D20,1,0,0
YOLO11n,India__India_008333,D00,0,0,2
YOLO11n,India__India_008333,D20,0,0,1
YOLO11n,India__India_008337,D40,0,2,0
YOLO11n,India__India_008340,D00,0,0,1
YOLO11n,India__India_008340,D20,1,0,0
YOLO11n,India__India_008374,D00,0,0,2
YOLO11n,India__India_008374,D20,0,1,1
YOLO11n,India__India_008400,D00,0,0,1
YOLO11n,India__India_008400,D20,0,0,1
YOLO11n,India__India_008400,D40,0,1,1
YOLO11n,India__India_008407,D00,0,1,1
YOLO11n,India__India_008407,D20,1,2,0
YOLO11n,India__India_008430,D20,1,2,0
YOLO11n,India__India_008436,D40,0,0,1
YOLO11n,India__India_008440,D20,1,0,0
YOLO11n,India__India_008440,D40,1,0,0
YOLO11n,India__India_008446,D40,0,0,1
YOLO11n,India__India_008458,D40,0,0,2
YOLO11n,India__India_008471,D20,1,0,0
YOLO11n,India__India_008471,D40,0,0,1
YOLO11n,India__India_008496,D20,1,0,0
YOLO11n,India__India_008557,D40,1,0,0
YOLO11n,India__India_008565,D20,1,0,0
YOLO11n,India__India_008574,D20,0,1,1
YOLO11n,India__India_008575,D00,0,0,1
YOLO11n,India__India_008582,D00,0,0,2
YOLO11n,India__India_008582,D20,0,0,1
YOLO11n,India__India_008584,D20,1,0,0
YOLO11n,India__India_008588,D00,0,0,1
YOLO11n,India__India_008588,D20,1,1,0
YOLO11n,India__India_008595,D00,0,1,0
YOLO11n,India__India_008610,D00,0,0,1
YOLO11n,India__India_008623,D20,0,1,1
YOLO11n,India__India_008657,D20,0,0,2
YOLO11n,India__India_008673,D40,1,1,4
YOLO11n,India__India_008676,D20,0,0,1
YOLO11n,India__India_008676,D40,0,0,2
YOLO11n,India__India_008677,D40,1,0,0
YOLO11n,India__India_008682,D00,0,0,1
YOLO11n,India__India_008682,D20,0,0,1
YOLO11n,India__India_008682,D40,1,1,2
YOLO11n,India__India_008711,D20,0,0,1
YOLO11n,India__India_008726,D40,1,0,0
YOLO11n,India__India_008739,D00,0,0,1
YOLO11n,India__India_008745,D20,1,0,2
YOLO11n,India__India_008752,D00,0,0,1
YOLO11n,India__India_008752,D20,0,0,1
YOLO11n,India__India_008752,D40,0,0,1
YOLO11n,India__India_008755,D00,0,0,1
YOLO11n,India__India_008792,D20,1,0,0
YOLO11n,India__India_008839,D00,0,2,1
YOLO11n,India__India_008848,D40,0,1,0
YOLO11n,India__India_008853,D20,1,0,0
YOLO11n,India__India_008867,D40,2,0,1
YOLO11n,India__India_008886,D20,0,0,1
YOLO11n,India__India_008906,D00,1,0,0
YOLO11n,India__India_008906,D20,0,2,1
YOLO11n,India__India_008906,D40,1,0,0
YOLO11n,India__India_008909,D20,1,0,0
YOLO11n,India__India_008918,D20,1,1,0
YOLO11n,India__India_008928,D20,0,1,2
YOLO11n,India__India_008960,D20,1,0,0
YOLO11n,India__India_008969,D00,0,0,1
YOLO11n,India__India_008969,D20,0,0,2
YOLO11n,India__India_008969,D40,1,0,0
YOLO11n,India__India_009004,D20,0,0,1
YOLO11n,India__India_009039,D20,1,0,0
YOLO11n,India__India_009041,D20,1,1,0
YOLO11n,India__India_009041,D40,1,0,3
YOLO11n,India__India_009063,D20,1,0,0
YOLO11n,India__India_009096,D20,0,0,1
YOLO11n,India__India_009122,D00,0,0,1
YOLO11n,India__India_009122,D20,0,1,0
YOLO11n,India__India_009122,D40,1,0,0
YOLO11n,India__India_009133,D00,0,1,2
YOLO11n,India__India_009133,D20,1,0,0
YOLO11n,India__India_009138,D40,0,0,3
YOLO11n,India__India_009157,D00,0,0,1
YOLO11n,India__India_009157,D40,0,0,1
YOLO11n,India__India_009167,D00,2,0,0
YOLO11n,India__India_009167,D20,0,1,1
YOLO11n,India__India_009212,D00,0,0,1
YOLO11n,India__India_009212,D20,1,1,0
YOLO11n,India__India_009214,D00,0,0,2
YOLO11n,India__India_009214,D20,0,2,1
YOLO11n,India__India_009221,D20,1,0,0
YOLO11n,India__India_009221,D40,0,0,1
YOLO11n,India__India_009226,D40,3,1,5
YOLO11n,India__India_009245,D00,0,0,1
YOLO11n,India__India_009245,D20,0,0,1
YOLO11n,India__India_009245,D40,1,2,0
YOLO11n,India__India_009254,D40,0,0,4
YOLO11n,India__India_009281,D40,0,0,1
YOLO11n,India__India_009284,D20,1,1,0
YOLO11n,India__India_009297,D00,0,0,1
YOLO11n,India__India_009297,D20,0,1,2
YOLO11n,India__India_009320,D00,0,0,1
YOLO11n,India__India_009320,D20,0,1,0
YOLO11n,India__India_009359,D40,1,1,0
YOLO11n,India__India_009379,D20,0,1,0
YOLO11n,India__India_009381,D00,0,0,1
YOLO11n,India__India_009381,D40,0,0,3
YOLO11n,India__India_009391,D20,0,1,0
YOLO11n,India__India_009391,D40,0,0,2
YOLO11n,India__India_009394,D20,1,0,0
YOLO11n,India__India_009406,D20,0,1,0
YOLO11n,India__India_009406,D40,0,0,2
YOLO11n,India__India_009428,D00,0,0,1
YOLO11n,India__India_009428,D20,1,1,0
YOLO11n,India__India_009445,D20,0,0,1
YOLO11n,India__India_009446,D00,0,0,1
YOLO11n,India__India_009505,D00,1,0,1
YOLO11n,India__India_009505,D20,0,1,0
YOLO11n,India__India_009541,D20,1,0,0
YOLO11n,India__India_009564,D00,0,0,2
YOLO11n,India__India_009564,D40,1,0,0
YOLO11n,India__India_009579,D40,1,0,0
YOLO11n,India__India_009583,D00,0,0,2
YOLO11n,India__India_009595,D20,2,1,0
YOLO11n,India__India_009600,D20,1,0,1
YOLO11n,India__India_009606,D20,0,2,0
YOLO11n,India__India_009625,D00,0,1,1
YOLO11n,India__India_009640,D20,1,1,0
YOLO11n,India__India_009640,D40,0,0,1
YOLO11n,India__India_009656,D00,0,0,1
YOLO11n,India__India_009656,D40,1,3,1
YOLO11n,India__India_009666,D00,0,0,1
YOLO11n,India__India_009666,D20,1,0,0
YOLO11n,India__India_009675,D20,0,0,1
YOLO11n,India__India_009719,D20,1,1,0
YOLO11n,India__India_009723,D20,0,0,1
YOLO11n,India__India_009723,D40,0,0,1
YOLO11n,India__India_009751,D20,1,0,0
YOLO11n,India__India_009752,D40,0,0,1
YOLO11n,India__India_009793,D20,0,0,1
YOLO11n,India__India_009794,D40,0,0,3
YOLO11n,India__India_009813,D40,0,0,1
YOLO11n,India__India_009834,D00,0,0,1
YOLO11n,India__India_009842,D00,0,1,1
YOLO11n,India__India_009842,D10,0,0,2
YOLO11n,India__India_009842,D40,0,1,0
YOLO11n,India__India_009847,D00,0,0,1
YOLO11n,India__India_009856,D20,0,1,0
YOLO11n,India__India_009856,D40,1,0,7
YOLO11n,India__India_009880,D20,1,0,0
YOLO11n,Japan__Japan_000001,D10,0,1,2
YOLO11n,Japan__Japan_000004,D00,0,1,0
YOLO11n,Japan__Japan_000004,D20,0,0,1
YOLO11n,Japan__Japan_000020,D10,2,0,3
YOLO11n,Japan__Japan_000020,D20,0,1,1
YOLO11n,Japan__Japan_000028,D00,1,0,0
YOLO11n,Japan__Japan_000042,D20,1,0,1
YOLO11n,Japan__Japan_000051,D00,0,0,1
YOLO11n,Japan__Japan_000051,D10,1,0,0
YOLO11n,Japan__Japan_000058,D10,0,1,0
YOLO11n,Japan__Japan_000058,D20,0,2,1
YOLO11n,Japan__Japan_000063,D00,1,4,0
YOLO11n,Japan__Japan_000070,D10,1,0,1
YOLO11n,Japan__Japan_000073,D00,0,1,0
YOLO11n,Japan__Japan_000073,D40,0,0,1
YOLO11n,Japan__Japan_000080,D20,1,1,0
YOLO11n,Japan__Japan_000089,D10,0,0,1
YOLO11n,Japan__Japan_000089,D20,0,1,1
YOLO11n,Japan__Japan_000090,D00,0,1,0
YOLO11n,Japan__Japan_000090,D40,1,0,0
YOLO11n,Japan__Japan_000091,D00,1,0,0
YOLO11n,Japan__Japan_000097,D10,0,0,2
YOLO11n,Japan__Japan_000097,D20,1,1,0
YOLO11n,Japan__Japan_000113,D00,2,2,0
YOLO11n,Japan__Japan_000117,D00,0,2,0
YOLO11n,Japan__Japan_000117,D20,1,0,0
YOLO11n,Japan__Japan_000117,D40,1,2,1
YOLO11n,Japan__Japan_000124,D10,0,1,0
YOLO11n,Japan__Japan_000126,D00,0,0,1
YOLO11n,Japan__Japan_000127,D10,1,1,0
YOLO11n,Japan__Japan_000129,D20,0,2,0
YOLO11n,Japan__Japan_000129,D40,0,0,1
YOLO11n,Japan__Japan_000144,D10,1,0,1
YOLO11n,Japan__Japan_000144,D20,1,0,0
YOLO11n,Japan__Japan_000146,D00,0,0,1
YOLO11n,Japan__Japan_000146,D10,1,0,0
YOLO11n,Japan__Japan_000151,D20,1,1,0
YOLO11n,Japan__Japan_000152,D00,1,1,0
YOLO11n,Japan__Japan_000171,D10,0,1,1
YOLO11n,Japan__Japan_000179,D20,0,0,2
YOLO11n,Japan__Japan_000188,D20,1,0,0
YOLO11n,Japan__Japan_000224,D20,0,0,1
YOLO11n,Japan__Japan_000234,D00,0,1,2
YOLO11n,Japan__Japan_000244,D00,0,1,0
YOLO11n,Japan__Japan_000246,D00,1,0,2
YOLO11n,Japan__Japan_000246,D10,0,0,2
YOLO11n,Japan__Japan_000258,D00,1,0,0
YOLO11n,Japan__Japan_000260,D00,0,2,0
YOLO11n,Japan__Japan_000260,D20,0,0,1
YOLO11n,Japan__Japan_000270,D20,1,1,0
YOLO11n,Japan__Japan_000270,D40,1,0,0
YOLO11n,Japan__Japan_000271,D20,0,0,1
YOLO11n,Japan__Japan_000281,D20,1,0,0
YOLO11n,Japan__Japan_000281,D40,0,1,6
YOLO11n,Japan__Japan_000312,D00,0,0,2
YOLO11n,Japan__Japan_000312,D10,0,1,0
YOLO11n,Japan__Japan_000315,D20,1,0,0
YOLO11n,Japan__Japan_000332,D20,0,0,1
YOLO11n,Japan__Japan_000332,D40,3,1,0
YOLO11n,Japan__Japan_000338,D20,1,1,1
YOLO11n,Japan__Japan_000364,D20,1,0,0
YOLO11n,Japan__Japan_000364,D40,0,0,1
YOLO11n,Japan__Japan_000365,D00,0,0,1
YOLO11n,Japan__Japan_000365,D20,0,1,0
YOLO11n,Japan__Japan_000366,D20,1,0,0
YOLO11n,Japan__Japan_000371,D10,0,0,3
YOLO11n,Japan__Japan_000371,D20,0,0,1
YOLO11n,Japan__Japan_000385,D00,0,0,1
YOLO11n,Japan__Japan_000385,D20,2,0,0
YOLO11n,Japan__Japan_000393,D10,1,1,1
YOLO11n,Japan__Japan_000398,D20,0,1,0
YOLO11n,Japan__Japan_000399,D00,0,1,1
YOLO11n,Japan__Japan_000407,D20,1,0,0
YOLO11n,Japan__Japan_000409,D00,1,0,0
YOLO11n,Japan__Japan_000409,D10,0,1,0
YOLO11n,Japan__Japan_000409,D20,1,0,0
YOLO11n,Japan__Japan_000410,D20,1,0,0
YOLO11n,Japan__Japan_000415,D20,1,0,0
YOLO11n,Japan__Japan_000418,D20,0,1,2
YOLO11n,Japan__Japan_000422,D10,0,1,0
YOLO11n,Japan__Japan_000428,D20,2,0,1
YOLO11n,Japan__Japan_000433,D10,0,0,1
YOLO11n,Japan__Japan_000433,D20,0,0,2
YOLO11n,Japan__Japan_000434,D00,0,0,2
YOLO11n,Japan__Japan_000435,D00,0,1,0
YOLO11n,Japan__Japan_000435,D20,1,0,0
YOLO11n,Japan__Japan_000436,D10,0,1,0
YOLO11n,Japan__Japan_000438,D10,0,1,0
YOLO11n,Japan__Japan_000438,D20,1,0,0
YOLO11n,Japan__Japan_000449,D20,1,0,0
YOLO11n,Japan__Japan_000449,D40,1,1,2
YOLO11n,Japan__Japan_000453,D00,1,0,0
YOLO11n,Japan__Japan_000453,D20,1,1,2
YOLO11n,Japan__Japan_000453,D40,0,0,1
YOLO11n,Japan__Japan_000471,D00,0,0,1
YOLO11n,Japan__Japan_000471,D20,0,0,1
YOLO11n,Japan__Japan_000474,D20,0,1,0
YOLO11n,Japan__Japan_000478,D10,0,1,1
YOLO11n,Japan__Japan_000488,D20,1,1,0
YOLO11n,Japan__Japan_000492,D00,0,0,1
YOLO11n,Japan__Japan_000511,D00,0,0,1
YOLO11n,Japan__Japan_000511,D20,0,1,1
YOLO11n,Japan__Japan_000515,D00,0,0,1
YOLO11n,Japan__Japan_000528,D00,1,1,1
YOLO11n,Japan__Japan_000528,D20,0,0,1
YOLO11n,Japan__Japan_000545,D20,2,1,0
YOLO11n,Japan__Japan_000547,D00,0,0,1
YOLO11n,Japan__Japan_000552,D20,1,0,0
YOLO11n,Japan__Japan_000552,D40,1,0,0
YOLO11n,Japan__Japan_000567,D00,1,0,0
YOLO11n,Japan__Japan_000567,D10,1,0,0
YOLO11n,Japan__Japan_000567,D40,0,1,0
YOLO11n,Japan__Japan_000583,D10,0,0,1
YOLO11n,Japan__Japan_000586,D10,0,0,1
YOLO11n,Japan__Japan_000587,D00,1,0,0
YOLO11n,Japan__Japan_000608,D10,0,1,0
YOLO11n,Japan__Japan_000608,D20,1,1,0
YOLO11n,Japan__Japan_000633,D10,0,1,0
YOLO11n,Japan__Japan_000633,D20,1,0,0
YOLO11n,Japan__Japan_000639,D20,1,1,0
YOLO11n,Japan__Japan_000639,D40,2,1,1
YOLO11n,Japan__Japan_000658,D10,2,1,0
YOLO11n,Japan__Japan_000664,D20,0,1,1
YOLO11n,Japan__Japan_000664,D40,0,1,0
YOLO11n,Japan__Japan_000684,D10,1,0,0
YOLO11n,Japan__Japan_000717,D00,0,0,2
YOLO11n,Japan__Japan_000717,D10,0,0,1
YOLO11n,Japan__Japan_000728,D10,0,0,3
YOLO11n,Japan__Japan_000728,D20,1,0,0
YOLO11n,Japan__Japan_000776,D00,0,0,1
YOLO11n,Japan__Japan_000781,D10,0,1,0
YOLO11n,Japan__Japan_000781,D20,0,0,1
YOLO11n,Japan__Japan_000785,D10,0,1,0
YOLO11n,Japan__Japan_000790,D20,1,0,0
YOLO11n,Japan__Japan_000790,D40,0,0,1
YOLO11n,Japan__Japan_000793,D00,0,0,1
YOLO11n,Japan__Japan_000807,D10,0,0,1
YOLO11n,Japan__Japan_000807,D20,0,0,1
YOLO11n,Japan__Japan_000808,D20,1,1,0
YOLO11n,Japan__Japan_000810,D20,0,1,3
YOLO11n,Japan__Japan_000825,D00,0,0,1
YOLO11n,Japan__Japan_000825,D10,0,2,0
YOLO11n,Japan__Japan_000825,D20,0,1,1
YOLO11n,Japan__Japan_000825,D40,1,0,2
YOLO11n,Japan__Japan_000829,D20,1,0,0
YOLO11n,Japan__Japan_000852,D00,1,0,1
YOLO11n,Japan__Japan_000852,D10,1,0,1
YOLO11n,Japan__Japan_000859,D20,1,0,0
YOLO11n,Japan__Japan_000867,D00,0,1,0
YOLO11n,Japan__Japan_000867,D10,0,3,0
YOLO11n,Japan__Japan_000867,D20,1,0,0
YOLO11n,Japan__Japan_000889,D10,0,1,0
YOLO11n,Japan__Japan_000889,D20,1,1,0
YOLO11n,Japan__Japan_000891,D10,0,0,2
YOLO11n,Japan__Japan_000895,D00,0,1,1
YOLO11n,Japan__Japan_000895,D20,0,0,1
YOLO11n,Japan__Japan_000910,D20,1,1,2
YOLO11n,Japan__Japan_000918,D00,0,1,0
YOLO11n,Japan__Japan_000918,D10,0,0,3
YOLO11n,Japan__Japan_000929,D20,1,1,1
YOLO11n,Japan__Japan_000933,D00,0,0,2
YOLO11n,Japan__Japan_000933,D10,0,0,3
YOLO11n,Japan__Japan_000933,D20,0,0,1
YOLO11n,Japan__Japan_000945,D20,1,0,0
YOLO11n,Japan__Japan_000949,D20,0,0,1
YOLO11n,Japan__Japan_000949,D40,0,0,3
YOLO11n,Japan__Japan_000980,D20,0,0,1
YOLO11n,Japan__Japan_001000,D20,1,4,0
YOLO11n,Japan__Japan_001024,D00,0,1,1
YOLO11n,Japan__Japan_001038,D20,1,2,0
YOLO11n,Japan__Japan_001043,D00,1,0,0
YOLO11n,Japan__Japan_001043,D20,0,0,1
YOLO11n,Japan__Japan_001044,D10,0,0,4
YOLO11n,Japan__Japan_001058,D10,1,0,2
YOLO11n,Japan__Japan_001058,D20,1,0,0
YOLO11n,Japan__Japan_001071,D10,2,1,0
YOLO11n,Japan__Japan_001071,D20,1,1,1
YOLO11n,Japan__Japan_001079,D00,0,0,2
YOLO11n,Japan__Japan_001079,D20,1,0,1
YOLO11n,Japan__Japan_001087,D00,1,0,0
YOLO11n,Japan__Japan_001087,D40,0,0,2
YOLO11n,Japan__Japan_001099,D20,1,3,0
YOLO11n,Japan__Japan_001104,D10,0,0,1
YOLO11n,Japan__Japan_001112,D20,1,0,1
YOLO11n,Japan__Japan_001129,D00,0,1,1
YOLO11n,Japan__Japan_001130,D20,1,2,0
YOLO11n,Japan__Japan_001145,D00,1,1,0
YOLO11n,Japan__Japan_001145,D10,0,0,3
YOLO11n,Japan__Japan_001159,D10,0,0,1
YOLO11n,Japan__Japan_001159,D20,1,1,1
YOLO11n,Japan__Japan_001185,D00,0,0,1
YOLO11n,Japan__Japan_001185,D10,1,2,0
YOLO11n,Japan__Japan_001185,D20,1,0,0
YOLO11n,Japan__Japan_001217,D20,0,1,0
YOLO11n,Japan__Japan_001219,D00,1,0,4
YOLO11n,Japan__Japan_001219,D10,0,1,1
YOLO11n,Japan__Japan_001228,D20,0,1,1
YOLO11n,Japan__Japan_001228,D40,1,2,4
YOLO11n,Japan__Japan_001238,D10,0,1,1
YOLO11n,Japan__Japan_001239,D00,1,0,0
YOLO11n,Japan__Japan_001239,D10,1,0,0
YOLO11n,Japan__Japan_001239,D20,0,1,0
YOLO11n,Japan__Japan_001241,D00,0,1,0
YOLO11n,Japan__Japan_001241,D40,1,1,0
YOLO11n,Japan__Japan_001242,D20,1,0,0
YOLO11n,Japan__Japan_001245,D00,1,1,0
YOLO11n,Japan__Japan_001252,D20,0,1,2
YOLO11n,Japan__Japan_001252,D40,2,0,0
YOLO11n,Japan__Japan_001257,D10,0,0,1
YOLO11n,Japan__Japan_001257,D20,1,0,0
YOLO11n,Japan__Japan_001257,D40,1,1,1
YOLO11n,Japan__Japan_001264,D20,1,0,1
YOLO11n,Japan__Japan_001266,D00,0,1,0
YOLO11n,Japan__Japan_001266,D10,1,1,0
YOLO11n,Japan__Japan_001278,D00,1,0,0
YOLO11n,Japan__Japan_001287,D20,1,0,0
YOLO11n,Japan__Japan_001295,D00,0,0,1
YOLO11n,Japan__Japan_001304,D00,0,0,1
YOLO11n,Japan__Japan_001304,D20,2,1,0
YOLO11n,Japan__Japan_001319,D20,0,0,2
YOLO11n,Japan__Japan_001319,D40,0,2,3
YOLO11n,Japan__Japan_001320,D10,0,0,1
YOLO11n,Japan__Japan_001325,D10,1,1,0
YOLO11n,Japan__Japan_001325,D20,2,0,0
YOLO11n,Japan__Japan_001327,D20,1,0,0
YOLO11n,Japan__Japan_001327,D40,0,0,1
YOLO11n,Japan__Japan_001362,D20,1,0,0
YOLO11n,Japan__Japan_001362,D40,2,0,1
YOLO11n,Japan__Japan_001386,D00,0,1,0
YOLO11n,Japan__Japan_001386,D10,1,0,0
YOLO11n,Japan__Japan_001396,D00,0,0,1
YOLO11n,Japan__Japan_001396,D10,1,0,5
YOLO11n,Japan__Japan_001396,D20,0,1,0
YOLO11n,Japan__Japan_001423,D10,2,1,0
YOLO11n,Japan__Japan_001432,D00,0,0,1
YOLO11n,Japan__Japan_001439,D20,1,0,0
YOLO11n,Japan__Japan_001441,D10,1,0,0
YOLO11n,Japan__Japan_001441,D40,0,0,3
YOLO11n,Japan__Japan_001457,D00,1,1,0
YOLO11n,Japan__Japan_001457,D10,1,0,0
YOLO11n,Japan__Japan_001459,D20,0,0,1
YOLO11n,Japan__Japan_001485,D00,0,1,1
YOLO11n,Japan__Japan_001486,D00,1,0,1
YOLO11n,Japan__Japan_001502,D40,0,0,1
YOLO11n,Japan__Japan_001507,D20,1,1,0
YOLO11n,Japan__Japan_001530,D20,0,0,1
YOLO11n,Japan__Japan_001533,D10,1,0,1
YOLO11n,Japan__Japan_001533,D20,1,0,0
YOLO11n,Japan__Japan_001534,D10,2,0,0
YOLO11n,Japan__Japan_001534,D20,1,1,1
YOLO11n,Japan__Japan_001537,D10,0,0,1
YOLO11n,Japan__Japan_001537,D20,1,0,0
YOLO11n,Japan__Japan_001537,D40,1,0,0
YOLO11n,Japan__Japan_001557,D00,1,0,0
YOLO11n,Japan__Japan_001557,D10,0,0,1
YOLO11n,Japan__Japan_001558,D00,0,0,1
YOLO11n,Japan__Japan_001559,D20,1,2,0
YOLO11n,Japan__Japan_001560,D20,1,0,0
YOLO11n,Japan__Japan_001570,D00,0,0,1
YOLO11n,Japan__Japan_001570,D20,3,0,0
YOLO11n,Japan__Japan_001576,D00,0,0,2
YOLO11n,Japan__Japan_001576,D20,1,1,0
YOLO11n,Japan__Japan_001616,D10,1,0,1
YOLO11n,Japan__Japan_001616,D20,1,1,0
YOLO11n,Japan__Japan_001627,D20,1,1,0
YOLO11n,Japan__Japan_001640,D10,0,1,0
YOLO11n,Japan__Japan_001640,D20,1,0,0
YOLO11n,Japan__Japan_001652,D10,1,0,0
YOLO11n,Japan__Japan_001656,D20,1,2,0
YOLO11n,Japan__Japan_001656,D40,0,1,1
YOLO11n,Japan__Japan_001664,D00,0,0,3
YOLO11n,Japan__Japan_001664,D10,1,0,0
YOLO11n,Japan__Japan_001666,D20,1,0,0
YOLO11n,Japan__Japan_001669,D20,2,0,0
YOLO11n,Japan__Japan_001677,D20,2,1,2
YOLO11n,Japan__Japan_001680,D40,0,0,1
YOLO11n,Japan__Japan_001683,D20,1,0,0
YOLO11n,Japan__Japan_001690,D10,3,1,2
YOLO11n,Japan__Japan_001690,D20,0,1,1
YOLO11n,Japan__Japan_001692,D00,0,0,1
YOLO11n,Japan__Japan_001694,D10,0,1,0
YOLO11n,Japan__Japan_001694,D20,0,0,1
YOLO11n,Japan__Japan_001696,D10,2,0,1
YOLO11n,Japan__Japan_001696,D20,1,0,0
YOLO11n,Japan__Japan_001703,D00,0,1,0
YOLO11n,Japan__Japan_001708,D10,0,0,1
YOLO11n,Japan__Japan_001708,D20,2,3,0
YOLO11n,Japan__Japan_001713,D00,0,0,1
YOLO11n,Japan__Japan_001713,D20,1,0,0
YOLO11n,Japan__Japan_001724,D40,3,1,2
YOLO11n,Japan__Japan_001733,D00,1,1,0
YOLO11n,Japan__Japan_001733,D10,0,0,1
YOLO11n,Japan__Japan_001736,D10,0,1,0
YOLO11n,Japan__Japan_001736,D20,1,0,0
YOLO11n,Japan__Japan_001742,D00,0,0,2
YOLO11n,Japan__Japan_001742,D20,0,1,0
YOLO11n,Japan__Japan_001791,D40,0,1,2
YOLO11n,Japan__Japan_001802,D20,1,0,0
YOLO11n,Japan__Japan_001802,D40,0,0,1
YOLO11n,Japan__Japan_001804,D10,1,0,0
YOLO11n,Japan__Japan_001804,D20,0,1,0
YOLO11n,Japan__Japan_001809,D10,0,0,1
YOLO11n,Japan__Japan_001809,D20,1,1,0
YOLO11n,Japan__Japan_001817,D00,0,0,1
YOLO11n,Japan__Japan_001817,D10,0,1,2
YOLO11n,Japan__Japan_001857,D00,1,0,1
YOLO11n,Japan__Japan_001857,D10,1,0,1
YOLO11n,Japan__Japan_001868,D20,2,1,0
YOLO11n,Japan__Japan_001879,D00,1,0,0
YOLO11n,Japan__Japan_001881,D00,0,0,2
YOLO11n,Japan__Japan_001881,D10,1,0,2
YOLO11n,Japan__Japan_001889,D00,0,1,3
YOLO11n,Japan__Japan_001889,D20,0,1,0
YOLO11n,Japan__Japan_001896,D20,1,0,1
YOLO11n,Japan__Japan_001897,D10,1,0,1
YOLO11n,Japan__Japan_001898,D10,1,0,2
YOLO11n,Japan__Japan_001898,D20,1,0,0
YOLO11n,Japan__Japan_001898,D40,0,0,1
YOLO11n,Japan__Japan_001916,D20,1,0,0
YOLO11n,Japan__Japan_001916,D40,1,2,0
YOLO11n,Japan__Japan_001926,D00,0,1,0
YOLO11n,Japan__Japan_001926,D10,2,3,1
YOLO11n,Japan__Japan_001938,D20,2,1,0
YOLO11n,Japan__Japan_001944,D00,1,0,0
YOLO11n,Japan__Japan_001944,D20,0,0,1
YOLO11n,Japan__Japan_001953,D20,0,0,1
YOLO11n,Japan__Japan_001957,D00,1,0,0
YOLO11n,Japan__Japan_001969,D20,1,0,0
YOLO11n,Japan__Japan_001975,D00,0,1,0
YOLO11n,Japan__Japan_001975,D20,0,0,1
YOLO11n,Japan__Japan_001977,D20,1,2,1
YOLO11n,Japan__Japan_001984,D40,1,0,0
YOLO11n,Japan__Japan_001989,D00,0,0,4
YOLO11n,Japan__Japan_001989,D10,0,0,2
YOLO11n,Japan__Japan_001989,D20,0,1,0
YOLO11n,Japan__Japan_001991,D20,0,0,1
YOLO11n,Japan__Japan_001999,D00,1,0,0
YOLO11n,Japan__Japan_002009,D20,2,1,0
YOLO11n,Japan__Japan_002042,D20,1,0,1
YOLO11n,Japan__Japan_002047,D20,1,1,0
YOLO11n,Japan__Japan_002055,D10,1,1,3
YOLO11n,Japan__Japan_002078,D00,0,1,0
YOLO11n,Japan__Japan_002086,D00,1,1,0
YOLO11n,Japan__Japan_002102,D00,0,1,2
YOLO11n,Japan__Japan_002102,D20,0,1,0
YOLO11n,Japan__Japan_002103,D00,1,0,2
YOLO11n,Japan__Japan_002115,D20,1,1,0
YOLO11n,Japan__Japan_002121,D20,1,0,0
YOLO11n,Japan__Japan_002121,D40,2,2,0
YOLO11n,Japan__Japan_002146,D10,0,0,3
YOLO11n,Japan__Japan_002146,D20,1,1,1
YOLO11n,Japan__Japan_002168,D20,2,0,2
YOLO11n,Japan__Japan_002182,D20,0,0,1
YOLO11n,Japan__Japan_002182,D40,0,1,0
YOLO11n,Japan__Japan_002188,D40,0,0,1
YOLO11n,Japan__Japan_002213,D10,0,1,0
YOLO11n,Japan__Japan_002213,D20,2,0,0
YOLO11n,Japan__Japan_002237,D10,0,1,0
YOLO11n,Japan__Japan_002237,D20,2,0,1
YOLO11n,Japan__Japan_002239,D20,1,1,0
YOLO11n,Japan__Japan_002239,D40,2,1,1
YOLO11n,Japan__Japan_002250,D20,1,0,0
YOLO11n,Japan__Japan_002257,D00,1,1,0
YOLO11n,Japan__Japan_002273,D00,0,1,0
YOLO11n,Japan__Japan_002273,D20,0,0,2
YOLO11n,Japan__Japan_002276,D00,0,1,3
YOLO11n,Japan__Japan_002276,D20,0,1,3
YOLO11n,Japan__Japan_002276,D40,1,0,0
YOLO11n,Japan__Japan_002295,D20,1,0,0
YOLO11n,Japan__Japan_002295,D40,2,2,0
YOLO11n,Japan__Japan_002299,D00,0,0,1
YOLO11n,Japan__Japan_002299,D20,0,1,0
YOLO11n,Japan__Japan_002317,D00,1,0,0
YOLO11n,Japan__Japan_002317,D40,0,0,1
YOLO11n,Japan__Japan_002323,D00,0,0,1
YOLO11n,Japan__Japan_002323,D20,0,0,1
YOLO11n,Japan__Japan_002324,D00,0,0,2
YOLO11n,Japan__Japan_002339,D40,1,0,0
YOLO11n,Japan__Japan_002344,D00,0,0,3
YOLO11n,Japan__Japan_002344,D10,0,1,0
YOLO11n,Japan__Japan_002358,D00,0,0,1
YOLO11n,Japan__Japan_002358,D20,1,0,0
YOLO11n,Japan__Japan_002358,D40,0,0,1
YOLO11n,Japan__Japan_002365,D20,1,0,1
YOLO11n,Japan__Japan_002365,D40,0,0,2
YOLO11n,Japan__Japan_002380,D20,1,0,0
YOLO11n,Japan__Japan_002387,D00,0,0,1
YOLO11n,Japan__Japan_002392,D00,0,1,0
YOLO11n,Japan__Japan_002392,D20,0,1,1
YOLO11n,Japan__Japan_002394,D00,0,0,2
YOLO11n,Japan__Japan_002394,D10,0,0,1
YOLO11n,Japan__Japan_002394,D20,1,2,1
YOLO11n,Japan__Japan_002395,D00,0,1,1
YOLO11n,Japan__Japan_002408,D20,1,0,0
YOLO11n,Japan__Japan_002420,D40,1,1,0
YOLO11n,Japan__Japan_002428,D00,1,0,2
YOLO11n,Japan__Japan_002428,D10,1,1,0
YOLO11n,Japan__Japan_002446,D40,0,1,3
YOLO11n,Japan__Japan_002506,D00,0,1,0
YOLO11n,Japan__Japan_002506,D20,0,0,1
YOLO11n,Japan__Japan_002511,D00,0,0,1
YOLO11n,Japan__Japan_002511,D20,1,1,1
YOLO11n,Japan__Japan_002545,D00,0,0,1
YOLO11n,Japan__Japan_002547,D20,2,0,0
YOLO11n,Japan__Japan_002553,D20,1,0,1
YOLO11n,Japan__Japan_002558,D00,0,2,1
YOLO11n,Japan__Japan_002560,D00,1,0,0
YOLO11n,Japan__Japan_002569,D10,0,1,0
YOLO11n,Japan__Japan_002574,D10,0,1,0
YOLO11n,Japan__Japan_002574,D20,0,0,1
YOLO11n,Japan__Japan_002585,D20,0,0,1
YOLO11n,Japan__Japan_002614,D40,0,1,2
YOLO11n,Japan__Japan_002634,D20,1,0,0
YOLO11n,Japan__Japan_002634,D40,1,0,2
YOLO11n,Japan__Japan_002638,D20,0,1,1
YOLO11n,Japan__Japan_002642,D20,1,1,0
YOLO11n,Japan__Japan_002661,D10,1,0,0
YOLO11n,Japan__Japan_002666,D20,1,1,0
YOLO11n,Japan__Japan_002675,D20,0,1,2
YOLO11n,Japan__Japan_002689,D40,3,0,1
YOLO11n,Japan__Japan_002694,D00,1,0,2
YOLO11n,Japan__Japan_002716,D00,0,0,1
YOLO11n,Japan__Japan_002720,D20,0,4,1
YOLO11n,Japan__Japan_002723,D00,1,0,1
YOLO11n,Japan__Japan_002724,D00,1,0,3
YOLO11n,Japan__Japan_002724,D10,1,0,1
YOLO11n,Japan__Japan_002726,D20,1,1,0
YOLO11n,Japan__Japan_002729,D20,2,0,0
YOLO11n,Japan__Japan_002732,D00,2,0,1
YOLO11n,Japan__Japan_002732,D20,0,1,0
YOLO11n,Japan__Japan_002739,D20,0,0,1
YOLO11n,Japan__Japan_002743,D00,1,0,0
YOLO11n,Japan__Japan_002771,D10,0,0,1
YOLO11n,Japan__Japan_002771,D20,1,1,0
YOLO11n,Japan__Japan_002794,D20,1,0,0
YOLO11n,Japan__Japan_002806,D20,2,1,1
YOLO11n,Japan__Japan_002807,D00,1,0,0
YOLO11n,Japan__Japan_002829,D10,0,0,2
YOLO11n,Japan__Japan_002838,D20,1,1,0
YOLO11n,Japan__Japan_002861,D00,0,0,1
YOLO11n,Japan__Japan_002861,D20,0,0,1
YOLO11n,Japan__Japan_002865,D20,1,0,0
YOLO11n,Japan__Japan_002874,D40,1,0,0
YOLO11n,Japan__Japan_002875,D00,1,0,1
YOLO11n,Japan__Japan_002875,D20,0,1,0
YOLO11n,Japan__Japan_002889,D20,0,0,1
YOLO11n,Japan__Japan_002911,D00,0,0,2
YOLO11n,Japan__Japan_002911,D10,0,2,0
YOLO11n,Japan__Japan_002914,D20,1,0,0
YOLO11n,Japan__Japan_002914,D40,0,2,0
YOLO11n,Japan__Japan_002943,D20,1,1,0
YOLO11n,Japan__Japan_002943,D40,2,0,1
YOLO11n,Japan__Japan_002997,D00,1,1,0
YOLO11n,Japan__Japan_003000,D10,1,0,0
YOLO11n,Japan__Japan_003009,D00,1,2,0
YOLO11n,Japan__Japan_003016,D10,0,1,0
YOLO11n,Japan__Japan_003016,D20,1,0,0
YOLO11n,Japan__Japan_003026,D00,1,0,0
YOLO11n,Japan__Japan_003030,D00,1,0,8
YOLO11n,Japan__Japan_003033,D00,0,0,2
YOLO11n,Japan__Japan_003033,D20,0,0,1
YOLO11n,Japan__Japan_003038,D20,1,0,0
YOLO11n,Japan__Japan_003038,D40,0,1,1
YOLO11n,Japan__Japan_003039,D10,0,0,1
YOLO11n,Japan__Japan_003057,D10,1,1,1
YOLO11n,Japan__Japan_003057,D20,0,0,1
YOLO11n,Japan__Japan_003058,D00,1,0,0
YOLO11n,Japan__Japan_003064,D10,1,1,0
YOLO11n,Japan__Japan_003064,D20,0,2,1
YOLO11n,Japan__Japan_003076,D20,1,0,0
YOLO11n,Japan__Japan_003088,D20,0,1,0
YOLO11n,Japan__Japan_003088,D40,0,0,2
YOLO11n,Japan__Japan_003095,D20,1,1,0
YOLO11n,Japan__Japan_003104,D00,1,0,0
YOLO11n,Japan__Japan_003104,D10,0,1,0
YOLO11n,Japan__Japan_003111,D20,1,1,0
YOLO11n,Japan__Japan_003115,D40,1,1,0
YOLO11n,Japan__Japan_003124,D10,1,0,0
YOLO11n,Japan__Japan_003124,D40,0,0,1
YOLO11n,Japan__Japan_003125,D10,2,1,0
YOLO11n,Japan__Japan_003125,D20,0,0,1
YOLO11n,Japan__Japan_003156,D00,0,1,1
YOLO11n,Japan__Japan_003157,D20,1,2,1
YOLO11n,Japan__Japan_003163,D20,1,1,0
YOLO11n,Japan__Japan_003163,D40,0,1,0
YOLO11n,Japan__Japan_003181,D20,1,1,1
YOLO11n,Japan__Japan_003219,D00,0,0,1
YOLO11n,Japan__Japan_003220,D00,0,0,1
YOLO11n,Japan__Japan_003241,D20,0,1,1
YOLO11n,Japan__Japan_003241,D40,0,1,0
YOLO11n,Japan__Japan_003242,D10,0,0,1
YOLO11n,Japan__Japan_003263,D00,0,0,2
YOLO11n,Japan__Japan_003267,D00,0,0,2
YOLO11n,Japan__Japan_003272,D10,0,0,1
YOLO11n,Japan__Japan_003272,D20,1,0,0
YOLO11n,Japan__Japan_003282,D20,1,0,0
YOLO11n,Japan__Japan_003285,D00,0,1,0
YOLO11n,Japan__Japan_003304,D00,1,0,0
YOLO11n,Japan__Japan_003321,D20,0,0,1
YOLO11n,Japan__Japan_003342,D10,1,0,2
YOLO11n,Japan__Japan_003342,D40,0,0,1
YOLO11n,Japan__Japan_003357,D00,0,1,1
YOLO11n,Japan__Japan_003357,D10,1,0,0
YOLO11n,Japan__Japan_003381,D00,1,1,0
YOLO11n,Japan__Japan_003381,D10,1,2,1
YOLO11n,Japan__Japan_003381,D20,1,1,0
YOLO11n,Japan__Japan_003389,D40,0,0,3
YOLO11n,Japan__Japan_003390,D20,1,1,0
YOLO11n,Japan__Japan_003403,D40,0,0,1
YOLO11n,Japan__Japan_003421,D20,1,2,0
YOLO11n,Japan__Japan_003457,D00,0,1,0
YOLO11n,Japan__Japan_003461,D10,0,0,4
YOLO11n,Japan__Japan_003470,D20,1,0,0
YOLO11n,Japan__Japan_003470,D40,0,0,1
YOLO11n,Japan__Japan_003486,D40,0,1,7
YOLO11n,Japan__Japan_003496,D00,1,2,0
YOLO11n,Japan__Japan_003520,D20,1,0,0
YOLO11n,Japan__Japan_003520,D40,0,0,2
YOLO11n,Japan__Japan_003529,D20,2,0,1
YOLO11n,Japan__Japan_003533,D10,0,0,2
YOLO11n,Japan__Japan_003537,D00,0,0,1
YOLO11n,Japan__Japan_003576,D00,0,0,1
YOLO11n,Japan__Japan_003589,D00,1,0,1
YOLO11n,Japan__Japan_003589,D10,0,0,1
YOLO11n,Japan__Japan_003599,D10,0,0,1
YOLO11n,Japan__Japan_003604,D00,0,0,1
YOLO11n,Japan__Japan_003604,D20,2,1,0
YOLO11n,Japan__Japan_003613,D20,1,0,0
YOLO11n,Japan__Japan_003613,D40,0,1,0
YOLO11n,Japan__Japan_003624,D20,1,0,0
YOLO11n,Japan__Japan_003638,D00,1,0,0
YOLO11n,Japan__Japan_003638,D20,0,0,1
YOLO11n,Japan__Japan_003643,D00,0,0,1
YOLO11n,Japan__Japan_003643,D20,1,0,0
YOLO11n,Japan__Japan_003648,D00,0,0,1
YOLO11n,Japan__Japan_003670,D00,1,0,1
YOLO11n,Japan__Japan_003670,D40,0,0,3
YOLO11n,Japan__Japan_003682,D40,1,0,1
YOLO11n,Japan__Japan_003689,D10,0,0,1
YOLO11n,Japan__Japan_003689,D40,1,0,0
YOLO11n,Japan__Japan_003690,D20,1,0,0
YOLO11n,Japan__Japan_003690,D40,1,0,0
YOLO11n,Japan__Japan_003694,D00,0,0,1
YOLO11n,Japan__Japan_003697,D00,1,0,1
YOLO11n,Japan__Japan_003697,D10,0,0,2
YOLO11n,Japan__Japan_003697,D20,0,1,1
YOLO11n,Japan__Japan_003701,D20,1,0,0
YOLO11n,Japan__Japan_003713,D20,1,0,0
YOLO11n,Japan__Japan_003741,D00,0,1,0
YOLO11n,Japan__Japan_003741,D10,2,2,1
YOLO11n,Japan__Japan_003741,D20,0,0,1
YOLO11n,Japan__Japan_003759,D20,1,0,0
YOLO11n,Japan__Japan_003793,D20,1,0,0
YOLO11n,Japan__Japan_003798,D20,1,0,1
YOLO11n,Japan__Japan_003801,D20,1,0,0
YOLO11n,Japan__Japan_003801,D40,0,0,1
YOLO11n,Japan__Japan_003806,D10,0,1,0
YOLO11n,Japan__Japan_003806,D20,1,2,0
YOLO11n,Japan__Japan_003813,D20,1,0,0
YOLO11n,Japan__Japan_003822,D00,1,1,0
YOLO11n,Japan__Japan_003832,D00,0,0,1
YOLO11n,Japan__Japan_003832,D10,0,0,1
YOLO11n,Japan__Japan_003834,D10,1,0,2
YOLO11n,Japan__Japan_003836,D00,0,0,1
YOLO11n,Japan__Japan_003850,D40,1,0,1
YOLO11n,Japan__Japan_003861,D10,1,0,1
YOLO11n,Japan__Japan_003861,D20,1,2,0
YOLO11n,Japan__Japan_003867,D00,1,0,0
YOLO11n,Japan__Japan_003872,D10,1,0,1
YOLO11n,Japan__Japan_003878,D20,0,0,1
YOLO11n,Japan__Japan_003878,D40,0,1,2
YOLO11n,Japan__Japan_003880,D20,1,0,0
YOLO11n,Japan__Japan_003888,D00,0,0,1
YOLO11n,Japan__Japan_003888,D10,2,2,4
YOLO11n,Japan__Japan_003888,D20,0,1,1
YOLO11n,Japan__Japan_003908,D10,0,1,0
YOLO11n,Japan__Japan_003908,D20,1,1,1
YOLO11n,Japan__Japan_003927,D00,0,1,0
YOLO11n,Japan__Japan_003927,D10,0,0,3
YOLO11n,Japan__Japan_003927,D20,1,0,0
YOLO11n,Japan__Japan_003952,D00,0,1,0
YOLO11n,Japan__Japan_003952,D10,1,0,0
YOLO11n,Japan__Japan_003952,D20,0,0,1
YOLO11n,Japan__Japan_003962,D00,0,1,0
YOLO11n,Japan__Japan_003962,D10,0,0,1
YOLO11n,Japan__Japan_003962,D20,0,0,1
YOLO11n,Japan__Japan_003972,D00,0,0,1
YOLO11n,Japan__Japan_003972,D10,0,0,2
YOLO11n,Japan__Japan_003973,D20,1,0,1
YOLO11n,Japan__Japan_003973,D40,0,0,1
YOLO11n,Japan__Japan_003978,D20,1,2,0
YOLO11n,Japan__Japan_003978,D40,0,1,2
YOLO11n,Japan__Japan_003998,D20,1,0,0
YOLO11n,Japan__Japan_003998,D40,0,0,1
YOLO11n,Japan__Japan_004009,D00,1,0,0
YOLO11n,Japan__Japan_004019,D20,0,0,1
YOLO11n,Japan__Japan_004026,D40,1,0,0
YOLO11n,Japan__Japan_004052,D00,0,0,1
YOLO11n,Japan__Japan_004052,D10,0,0,1
YOLO11n,Japan__Japan_004055,D00,1,0,0
YOLO11n,Japan__Japan_004059,D00,0,0,2
YOLO11n,Japan__Japan_004059,D10,0,1,0
YOLO11n,Japan__Japan_004067,D00,1,0,0
YOLO11n,Japan__Japan_004079,D20,1,2,0
YOLO11n,Japan__Japan_004080,D20,1,0,0
YOLO11n,Japan__Japan_004096,D00,0,0,1
YOLO11n,Japan__Japan_004100,D40,0,0,2
YOLO11n,Japan__Japan_004136,D40,2,0,1
YOLO11n,Japan__Japan_004174,D10,0,0,2
YOLO11n,Japan__Japan_004176,D00,0,0,1
YOLO11n,Japan__Japan_004179,D40,0,0,1
YOLO11n,Japan__Japan_004182,D20,2,0,0
YOLO11n,Japan__Japan_004189,D00,0,1,1
YOLO11n,Japan__Japan_004190,D20,0,0,1
YOLO11n,Japan__Japan_004190,D40,0,1,0
YOLO11n,Japan__Japan_004197,D40,1,2,0
YOLO11n,Japan__Japan_004218,D20,1,0,2
YOLO11n,Japan__Japan_004218,D40,1,0,0
YOLO11n,Japan__Japan_004230,D20,1,0,0
YOLO11n,Japan__Japan_004246,D00,1,1,0
YOLO11n,Japan__Japan_004246,D20,0,0,1
YOLO11n,Japan__Japan_004250,D00,0,2,0
YOLO11n,Japan__Japan_004250,D40,0,1,0
YOLO11n,Japan__Japan_004266,D20,1,0,0
YOLO11n,Japan__Japan_004266,D40,0,1,0
YOLO11n,Japan__Japan_004290,D10,0,1,3
YOLO11n,Japan__Japan_004296,D40,0,0,1
YOLO11n,Japan__Japan_004304,D20,1,1,2
YOLO11n,Japan__Japan_004316,D10,0,1,0
YOLO11n,Japan__Japan_004327,D00,0,0,1
YOLO11n,Japan__Japan_004327,D10,0,0,1
YOLO11n,Japan__Japan_004327,D20,0,2,1
YOLO11n,Japan__Japan_004344,D00,0,0,1
YOLO11n,Japan__Japan_004346,D00,2,1,0
YOLO11n,Japan__Japan_004347,D10,0,1,0
YOLO11n,Japan__Japan_004347,D20,1,1,0
YOLO11n,Japan__Japan_004351,D10,0,0,1
YOLO11n,Japan__Japan_004370,D00,0,0,3
YOLO11n,Japan__Japan_004380,D10,1,0,0
YOLO11n,Japan__Japan_004381,D00,0,0,1
YOLO11n,Japan__Japan_004381,D20,1,2,1
YOLO11n,Japan__Japan_004392,D00,0,0,1
YOLO11n,Japan__Japan_004392,D10,0,0,3
YOLO11n,Japan__Japan_004392,D20,1,1,2
YOLO11n,Japan__Japan_004392,D40,0,0,1
YOLO11n,Japan__Japan_004394,D20,0,2,0
YOLO11n,Japan__Japan_004394,D40,0,0,1
YOLO11n,Japan__Japan_004405,D20,1,0,0
YOLO11n,Japan__Japan_004407,D20,0,0,1
YOLO11n,Japan__Japan_004422,D10,0,0,1
YOLO11n,Japan__Japan_004434,D00,0,0,1
YOLO11n,Japan__Japan_004457,D00,0,1,0
YOLO11n,Japan__Japan_004502,D20,0,0,1
YOLO11n,Japan__Japan_004507,D00,1,0,0
YOLO11n,Japan__Japan_004516,D10,0,0,3
YOLO11n,Japan__Japan_004531,D20,1,0,0
YOLO11n,Japan__Japan_004537,D20,1,0,0
YOLO11n,Japan__Japan_004537,D40,0,0,1
YOLO11n,Japan__Japan_004544,D20,0,0,1
YOLO11n,Japan__Japan_004544,D40,0,1,0
YOLO11n,Japan__Japan_004547,D00,1,1,1
YOLO11n,Japan__Japan_004567,D20,0,0,1
YOLO11n,Japan__Japan_004567,D40,1,0,2
YOLO11n,Japan__Japan_004569,D20,1,0,3
YOLO11n,Japan__Japan_004573,D20,1,1,2
YOLO11n,Japan__Japan_004573,D40,1,0,0
YOLO11n,Japan__Japan_004578,D00,0,0,1
YOLO11n,Japan__Japan_004578,D10,0,2,4
YOLO11n,Japan__Japan_004578,D20,0,3,0
YOLO11n,Japan__Japan_004597,D00,0,0,1
YOLO11n,Japan__Japan_004597,D20,0,0,1
YOLO11n,Japan__Japan_004607,D10,1,0,0
YOLO11n,Japan__Japan_004613,D00,0,1,1
YOLO11n,Japan__Japan_004613,D10,0,0,3
YOLO11n,Japan__Japan_004613,D20,0,0,1
YOLO11n,Japan__Japan_004617,D10,0,2,2
YOLO11n,Japan__Japan_004617,D20,0,1,0
YOLO11n,Japan__Japan_004618,D00,1,0,0
YOLO11n,Japan__Japan_004618,D20,0,0,1
YOLO11n,Japan__Japan_004638,D10,0,1,0
YOLO11n,Japan__Japan_004643,D10,1,0,0
YOLO11n,Japan__Japan_004652,D00,1,0,0
YOLO11n,Japan__Japan_004652,D10,0,0,2
YOLO11n,Japan__Japan_004658,D20,1,0,0
YOLO11n,Japan__Japan_004665,D00,2,0,1
YOLO11n,Japan__Japan_004667,D20,1,0,1
YOLO11n,Japan__Japan_004667,D40,0,0,1
YOLO11n,Japan__Japan_004687,D20,1,1,0
YOLO11n,Japan__Japan_004691,D00,1,0,0
YOLO11n,Japan__Japan_004691,D20,1,0,0
YOLO11n,Japan__Japan_004694,D00,1,1,0
YOLO11n,Japan__Japan_004700,D20,1,0,0
YOLO11n,Japan__Japan_004720,D00,0,0,1
YOLO11n,Japan__Japan_004720,D10,1,0,0
YOLO11n,Japan__Japan_004720,D20,3,3,1
YOLO11n,Japan__Japan_004720,D40,1,0,0
YOLO11n,Japan__Japan_004726,D20,1,0,0
YOLO11n,Japan__Japan_004751,D00,0,0,1
YOLO11n,Japan__Japan_004751,D10,0,1,0
YOLO11n,Japan__Japan_004751,D20,0,1,1
YOLO11n,Japan__Japan_004758,D20,0,0,1
YOLO11n,Japan__Japan_004774,D20,1,0,0
YOLO11n,Japan__Japan_004776,D20,0,0,1
YOLO11n,Japan__Japan_004800,D20,1,2,0
YOLO11n,Japan__Japan_004830,D00,0,1,0
YOLO11n,Japan__Japan_004830,D20,0,0,1
YOLO11n,Japan__Japan_004835,D10,0,1,0
YOLO11n,Japan__Japan_004835,D20,1,0,1
YOLO11n,Japan__Japan_004835,D40,1,0,1
YOLO11n,Japan__Japan_004840,D20,1,0,0
YOLO11n,Japan__Japan_004841,D20,0,0,1
YOLO11n,Japan__Japan_004845,D10,0,1,0
YOLO11n,Japan__Japan_004854,D10,0,0,1
YOLO11n,Japan__Japan_004868,D00,1,0,0
YOLO11n,Japan__Japan_004868,D10,0,0,3
YOLO11n,Japan__Japan_004868,D20,2,0,0
YOLO11n,Japan__Japan_004872,D20,0,2,2
YOLO11n,Japan__Japan_004885,D10,0,0,2
YOLO11n,Japan__Japan_004885,D20,1,2,0
YOLO11n,Japan__Japan_004885,D40,0,0,1
YOLO11n,Japan__Japan_004900,D10,0,1,1
YOLO11n,Japan__Japan_004900,D20,1,1,0
YOLO11n,Japan__Japan_004909,D10,0,1,0
YOLO11n,Japan__Japan_004910,D10,0,0,1
YOLO11n,Japan__Japan_004920,D20,1,0,1
YOLO11n,Japan__Japan_004923,D10,1,0,0
YOLO11n,Japan__Japan_004923,D20,0,0,1
YOLO11n,Japan__Japan_004924,D20,1,1,0
YOLO11n,Japan__Japan_004933,D00,1,0,0
YOLO11n,Japan__Japan_004933,D10,2,0,2
YOLO11n,Japan__Japan_004941,D20,1,0,0
YOLO11n,Japan__Japan_004988,D20,0,3,0
YOLO11n,Japan__Japan_004988,D40,0,0,2
YOLO11n,Japan__Japan_005007,D00,0,1,1
YOLO11n,Japan__Japan_005007,D20,0,0,2
YOLO11n,Japan__Japan_005008,D20,0,1,1
YOLO11n,Japan__Japan_005026,D20,1,2,0
YOLO11n,Japan__Japan_005041,D00,1,0,0
YOLO11n,Japan__Japan_005049,D20,1,2,1
YOLO11n,Japan__Japan_005068,D10,1,0,2
YOLO11n,Japan__Japan_005077,D20,1,0,0
YOLO11n,Japan__Japan_005084,D00,1,0,0
YOLO11n,Japan__Japan_005085,D00,0,1,2
YOLO11n,Japan__Japan_005085,D20,0,2,0
YOLO11n,Japan__Japan_005089,D00,0,1,1
YOLO11n,Japan__Japan_005104,D10,0,1,0
YOLO11n,Japan__Japan_005106,D10,1,0,0
YOLO11n,Japan__Japan_005106,D20,1,2,2
YOLO11n,Japan__Japan_005106,D40,0,0,2
YOLO11n,Japan__Japan_005114,D00,1,0,2
YOLO11n,Japan__Japan_005114,D10,0,0,1
YOLO11n,Japan__Japan_005119,D10,1,0,0
YOLO11n,Japan__Japan_005119,D20,1,0,1
YOLO11n,Japan__Japan_005129,D00,0,0,1
YOLO11n,Japan__Japan_005144,D00,1,0,0
YOLO11n,Japan__Japan_005152,D20,1,0,0
YOLO11n,Japan__Japan_005154,D10,0,1,0
YOLO11n,Japan__Japan_005154,D20,0,0,1
YOLO11n,Japan__Japan_005180,D10,1,0,0
YOLO11n,Japan__Japan_005190,D00,1,1,1
YOLO11n,Japan__Japan_005193,D20,0,1,1
YOLO11n,Japan__Japan_005193,D40,0,0,1
YOLO11n,Japan__Japan_005216,D00,1,0,2
YOLO11n,Japan__Japan_005216,D10,1,1,1
YOLO11n,Japan__Japan_005222,D20,1,0,1
YOLO11n,Japan__Japan_005238,D00,1,0,2
YOLO11n,Japan__Japan_005238,D10,0,0,1
YOLO11n,Japan__Japan_005262,D00,2,0,0
YOLO11n,Japan__Japan_005290,D00,1,1,0
YOLO11n,Japan__Japan_005290,D10,3,0,1
YOLO11n,Japan__Japan_005293,D20,1,1,0
YOLO11n,Japan__Japan_005317,D10,0,1,0
YOLO11n,Japan__Japan_005317,D20,1,0,0
YOLO11n,Japan__Japan_005318,D00,2,3,0
YOLO11n,Japan__Japan_005318,D20,1,0,0
YOLO11n,Japan__Japan_005326,D00,1,2,0
YOLO11n,Japan__Japan_005326,D10,2,0,0
YOLO11n,Japan__Japan_005326,D20,1,0,1
YOLO11n,Japan__Japan_005328,D10,1,0,0
YOLO11n,Japan__Japan_005330,D00,0,0,5
YOLO11n,Japan__Japan_005338,D20,2,2,0
YOLO11n,Japan__Japan_005338,D40,2,2,1
YOLO11n,Japan__Japan_005354,D00,1,2,0
YOLO11n,Japan__Japan_005355,D00,0,1,0
YOLO11n,Japan__Japan_005355,D10,0,0,1
YOLO11n,Japan__Japan_005355,D20,1,1,1
YOLO11n,Japan__Japan_005421,D00,0,0,1
YOLO11n,Japan__Japan_005421,D40,0,1,0
YOLO11n,Japan__Japan_005422,D00,0,1,0
YOLO11n,Japan__Japan_005422,D10,1,0,0
YOLO11n,Japan__Japan_005422,D20,2,2,0
YOLO11n,Japan__Japan_005425,D00,1,0,1
YOLO11n,Japan__Japan_005425,D10,1,0,0
YOLO11n,Japan__Japan_005438,D20,0,0,1
YOLO11n,Japan__Japan_005438,D40,0,0,1
YOLO11n,Japan__Japan_005439,D00,0,0,1
YOLO11n,Japan__Japan_005461,D00,0,0,1
YOLO11n,Japan__Japan_005472,D10,1,1,1
YOLO11n,Japan__Japan_005472,D20,1,0,0
YOLO11n,Japan__Japan_005478,D00,0,1,1
YOLO11n,Japan__Japan_005478,D10,0,0,1
YOLO11n,Japan__Japan_005494,D20,0,0,1
YOLO11n,Japan__Japan_005501,D20,0,0,1
YOLO11n,Japan__Japan_005513,D20,1,0,0
YOLO11n,Japan__Japan_005513,D40,1,0,0
YOLO11n,Japan__Japan_005519,D40,0,0,1
YOLO11n,Japan__Japan_005526,D00,0,0,1
YOLO11n,Japan__Japan_005533,D10,1,0,1
YOLO11n,Japan__Japan_005533,D20,0,0,1
YOLO11n,Japan__Japan_005537,D10,1,0,0
YOLO11n,Japan__Japan_005537,D20,1,0,0
YOLO11n,Japan__Japan_005559,D10,0,1,0
YOLO11n,Japan__Japan_005559,D40,1,0,0
YOLO11n,Japan__Japan_005567,D00,0,1,0
YOLO11n,Japan__Japan_005570,D10,2,0,1
YOLO11n,Japan__Japan_005582,D10,0,1,2
YOLO11n,Japan__Japan_005582,D20,1,0,0
YOLO11n,Japan__Japan_005582,D40,0,0,2
YOLO11n,Japan__Japan_005586,D40,0,0,1
YOLO11n,Japan__Japan_005599,D40,1,1,0
YOLO11n,Japan__Japan_005622,D20,0,0,1
YOLO11n,Japan__Japan_005622,D40,0,0,1
YOLO11n,Japan__Japan_005635,D20,1,1,0
YOLO11n,Japan__Japan_005647,D20,1,1,1
YOLO11n,Japan__Japan_005661,D10,0,1,0
YOLO11n,Japan__Japan_005661,D40,0,0,1
YOLO11n,Japan__Japan_005675,D20,0,0,1
YOLO11n,Japan__Japan_005678,D20,1,0,0
YOLO11n,Japan__Japan_005683,D20,0,0,1
YOLO11n,Japan__Japan_005683,D40,1,0,4
YOLO11n,Japan__Japan_005690,D20,0,0,2
YOLO11n,Japan__Japan_005693,D40,0,1,1
YOLO11n,Japan__Japan_005705,D20,1,0,0
YOLO11n,Japan__Japan_005713,D20,1,0,0
YOLO11n,Japan__Japan_005733,D20,2,0,0
YOLO11n,Japan__Japan_005741,D20,1,2,0
YOLO11n,Japan__Japan_005741,D40,0,1,1
YOLO11n,Japan__Japan_005743,D00,1,1,0
YOLO11n,Japan__Japan_005760,D00,0,0,1
YOLO11n,Japan__Japan_005760,D10,0,1,1
YOLO11n,Japan__Japan_005780,D20,1,0,0
YOLO11n,Japan__Japan_005780,D40,0,0,1
YOLO11n,Japan__Japan_005783,D20,1,0,1
YOLO11n,Japan__Japan_005789,D00,1,0,0
YOLO11n,Japan__Japan_005789,D10,1,1,0
YOLO11n,Japan__Japan_005789,D20,0,0,1
YOLO11n,Japan__Japan_005799,D20,0,1,0
YOLO11n,Japan__Japan_005800,D00,0,1,1
YOLO11n,Japan__Japan_005803,D20,1,0,1
YOLO11n,Japan__Japan_005827,D20,1,0,0
YOLO11n,Japan__Japan_005836,D10,0,0,1
YOLO11n,Japan__Japan_005836,D20,1,0,1
YOLO11n,Japan__Japan_005842,D00,0,0,1
YOLO11n,Japan__Japan_005842,D20,1,3,0
YOLO11n,Japan__Japan_005844,D20,1,1,0
YOLO11n,Japan__Japan_005854,D10,1,0,0
YOLO11n,Japan__Japan_005855,D10,0,1,1
YOLO11n,Japan__Japan_005855,D20,1,0,1
YOLO11n,Japan__Japan_005875,D20,1,0,0
YOLO11n,Japan__Japan_005904,D20,1,0,1
YOLO11n,Japan__Japan_005917,D20,1,0,1
YOLO11n,Japan__Japan_005923,D10,0,1,0
YOLO11n,Japan__Japan_005944,D20,0,1,0
YOLO11n,Japan__Japan_005944,D40,1,1,3
YOLO11n,Japan__Japan_005946,D10,0,0,2
YOLO11n,Japan__Japan_005953,D10,0,0,2
YOLO11n,Japan__Japan_005956,D10,1,0,0
YOLO11n,Japan__Japan_005965,D20,1,1,0
YOLO11n,Japan__Japan_005966,D00,0,0,1
YOLO11n,Japan__Japan_005966,D20,1,1,2
YOLO11n,Japan__Japan_005966,D40,1,0,0
YOLO11n,Japan__Japan_005983,D20,1,0,0
YOLO11n,Japan__Japan_005986,D10,0,0,1
YOLO11n,Japan__Japan_005986,D20,1,0,0
YOLO11n,Japan__Japan_005994,D20,0,4,2
YOLO11n,Japan__Japan_005995,D10,1,0,0
YOLO11n,Japan__Japan_005995,D20,0,1,2
YOLO11n,Japan__Japan_006007,D00,0,0,1
YOLO11n,Japan__Japan_006013,D10,0,0,2
YOLO11n,Japan__Japan_006013,D20,1,0,0
YOLO11n,Japan__Japan_006027,D10,2,1,0
YOLO11n,Japan__Japan_006027,D20,1,0,0
YOLO11n,Japan__Japan_006035,D40,1,0,0
YOLO11n,Japan__Japan_006038,D00,1,0,0
YOLO11n,Japan__Japan_006042,D00,1,0,1
YOLO11n,Japan__Japan_006057,D00,0,1,1
YOLO11n,Japan__Japan_006057,D10,0,0,1
YOLO11n,Japan__Japan_006057,D20,0,0,1
YOLO11n,Japan__Japan_006062,D20,1,0,0
YOLO11n,Japan__Japan_006065,D00,0,0,1
YOLO11n,Japan__Japan_006065,D20,0,0,1
YOLO11n,Japan__Japan_006071,D00,1,0,0
YOLO11n,Japan__Japan_006071,D10,0,0,1
YOLO11n,Japan__Japan_006071,D20,1,0,0
YOLO11n,Japan__Japan_006079,D10,1,0,0
YOLO11n,Japan__Japan_006081,D00,1,0,0
YOLO11n,Japan__Japan_006083,D20,0,0,1
YOLO11n,Japan__Japan_006101,D00,0,1,1
YOLO11n,Japan__Japan_006105,D10,1,0,2
YOLO11n,Japan__Japan_006105,D20,2,2,0
YOLO11n,Japan__Japan_006115,D00,1,1,0
YOLO11n,Japan__Japan_006115,D10,0,2,1
YOLO11n,Japan__Japan_006115,D20,0,0,1
YOLO11n,Japan__Japan_006130,D20,1,0,0
YOLO11n,Japan__Japan_006131,D00,1,0,0
YOLO11n,Japan__Japan_006134,D10,0,1,0
YOLO11n,Japan__Japan_006134,D20,1,1,0
YOLO11n,Japan__Japan_006136,D00,0,0,1
YOLO11n,Japan__Japan_006136,D20,0,2,1
YOLO11n,Japan__Japan_006145,D00,0,1,1
YOLO11n,Japan__Japan_006145,D10,0,0,1
YOLO11n,Japan__Japan_006145,D20,0,1,1
YOLO11n,Japan__Japan_006154,D10,0,0,2
YOLO11n,Japan__Japan_006154,D20,1,0,0
YOLO11n,Japan__Japan_006164,D20,1,0,0
YOLO11n,Japan__Japan_006168,D00,0,1,0
YOLO11n,Japan__Japan_006168,D10,1,0,1
YOLO11n,Japan__Japan_006168,D20,0,0,1
YOLO11n,Japan__Japan_006170,D00,0,1,0
YOLO11n,Japan__Japan_006170,D20,1,0,0
YOLO11n,Japan__Japan_006189,D20,0,0,1
YOLO11n,Japan__Japan_006216,D20,1,0,0
YOLO11n,Japan__Japan_006216,D40,1,0,1
YOLO11n,Japan__Japan_006218,D10,1,0,3
YOLO11n,Japan__Japan_006218,D20,0,0,1
YOLO11n,Japan__Japan_006227,D20,1,0,0
YOLO11n,Japan__Japan_006227,D40,1,0,0
YOLO11n,Japan__Japan_006248,D10,1,0,1
YOLO11n,Japan__Japan_006248,D20,0,0,1
YOLO11n,Japan__Japan_006259,D00,0,0,1
YOLO11n,Japan__Japan_006269,D20,2,0,0
YOLO11n,Japan__Japan_006304,D20,0,1,0
YOLO11n,Japan__Japan_006307,D20,0,1,1
YOLO11n,Japan__Japan_006344,D10,1,0,0
YOLO11n,Japan__Japan_006354,D00,0,0,2
YOLO11n,Japan__Japan_006354,D40,1,1,2
YOLO11n,Japan__Japan_006387,D20,1,0,0
YOLO11n,Japan__Japan_006424,D00,0,0,3
YOLO11n,Japan__Japan_006424,D10,0,0,1
YOLO11n,Japan__Japan_006424,D20,0,3,0
YOLO11n,Japan__Japan_006428,D20,1,0,0
YOLO11n,Japan__Japan_006448,D20,0,1,0
YOLO11n,Japan__Japan_006452,D20,1,0,0
YOLO11n,Japan__Japan_006454,D00,0,0,1
YOLO11n,Japan__Japan_006454,D10,1,0,3
YOLO11n,Japan__Japan_006454,D20,0,1,0
YOLO11n,Japan__Japan_006466,D10,0,1,0
YOLO11n,Japan__Japan_006466,D20,1,1,1
YOLO11n,Japan__Japan_006466,D40,0,0,1
YOLO11n,Japan__Japan_006471,D20,1,2,0
YOLO11n,Japan__Japan_006484,D00,0,1,1
YOLO11n,Japan__Japan_006484,D20,1,0,0
YOLO11n,Japan__Japan_006512,D00,0,0,1
YOLO11n,Japan__Japan_006517,D00,0,0,1
YOLO11n,Japan__Japan_006517,D10,0,0,2
YOLO11n,Japan__Japan_006517,D20,0,1,1
YOLO11n,Japan__Japan_006528,D10,1,0,1
YOLO11n,Japan__Japan_006528,D20,1,0,0
YOLO11n,Japan__Japan_006529,D20,1,0,2
YOLO11n,Japan__Japan_006547,D00,0,1,0
YOLO11n,Japan__Japan_006566,D00,1,0,2
YOLO11n,Japan__Japan_006566,D10,0,0,1
YOLO11n,Japan__Japan_006574,D20,0,0,1
YOLO11n,Japan__Japan_006587,D20,2,2,0
YOLO11n,Japan__Japan_006616,D40,0,0,1
YOLO11n,Japan__Japan_006617,D00,0,0,1
YOLO11n,Japan__Japan_006619,D20,0,0,1
YOLO11n,Japan__Japan_006623,D20,0,0,1
YOLO11n,Japan__Japan_006628,D20,0,0,1
YOLO11n,Japan__Japan_006628,D40,0,0,1
YOLO11n,Japan__Japan_006632,D20,1,0,0
YOLO11n,Japan__Japan_006632,D40,1,2,2
YOLO11n,Japan__Japan_006650,D00,1,0,0
YOLO11n,Japan__Japan_006650,D10,0,0,1
YOLO11n,Japan__Japan_006650,D20,0,0,1
YOLO11n,Japan__Japan_006654,D00,0,1,1
YOLO11n,Japan__Japan_006674,D20,1,0,0
YOLO11n,Japan__Japan_006676,D20,1,1,0
YOLO11n,Japan__Japan_006679,D00,0,1,0
YOLO11n,Japan__Japan_006679,D20,0,0,1
YOLO11n,Japan__Japan_006685,D00,1,0,1
YOLO11n,Japan__Japan_006685,D10,1,0,1
YOLO11n,Japan__Japan_006689,D40,0,0,1
YOLO11n,Japan__Japan_006699,D20,0,0,1
YOLO11n,Japan__Japan_006699,D40,0,0,1
YOLO11n,Japan__Japan_006724,D00,1,0,0
YOLO11n,Japan__Japan_006732,D10,5,1,3
YOLO11n,Japan__Japan_006732,D20,1,1,1
YOLO11n,Japan__Japan_006732,D40,0,0,1
YOLO11n,Japan__Japan_006737,D40,1,1,0
YOLO11n,Japan__Japan_006740,D10,2,0,0
YOLO11n,Japan__Japan_006744,D00,1,0,0
YOLO11n,Japan__Japan_006748,D00,0,0,1
YOLO11n,Japan__Japan_006754,D40,0,0,1
YOLO11n,Japan__Japan_006760,D00,1,0,1
YOLO11n,Japan__Japan_006760,D10,1,1,0
YOLO11n,Japan__Japan_006808,D00,1,1,0
YOLO11n,Japan__Japan_006819,D10,0,0,2
YOLO11n,Japan__Japan_006825,D20,0,0,2
YOLO11n,Japan__Japan_006825,D40,1,0,0
YOLO11n,Japan__Japan_006847,D00,1,0,0
YOLO11n,Japan__Japan_006865,D10,1,0,0
YOLO11n,Japan__Japan_006940,D00,0,0,1
YOLO11n,Japan__Japan_006956,D10,1,0,0
YOLO11n,Japan__Japan_006961,D20,2,1,0
YOLO11n,Japan__Japan_006965,D00,1,1,0
YOLO11n,Japan__Japan_006965,D10,0,1,0
YOLO11n,Japan__Japan_007003,D20,2,0,1
YOLO11n,Japan__Japan_007003,D40,1,0,0
YOLO11n,Japan__Japan_007017,D10,1,2,0
YOLO11n,Japan__Japan_007017,D20,0,0,2
YOLO11n,Japan__Japan_007018,D20,1,0,0
YOLO11n,Japan__Japan_007029,D00,1,0,0
YOLO11n,Japan__Japan_007036,D00,0,0,1
YOLO11n,Japan__Japan_007053,D10,0,2,0
YOLO11n,Japan__Japan_007053,D20,1,0,0
YOLO11n,Japan__Japan_007062,D40,1,2,1
YOLO11n,Japan__Japan_007082,D00,0,2,1
YOLO11n,Japan__Japan_007083,D20,0,0,1
YOLO11n,Japan__Japan_007084,D20,0,0,1
YOLO11n,Japan__Japan_007092,D00,0,1,0
YOLO11n,Japan__Japan_007092,D10,0,1,1
YOLO11n,Japan__Japan_007093,D20,1,0,1
YOLO11n,Japan__Japan_007106,D00,2,0,1
YOLO11n,Japan__Japan_007106,D20,0,1,0
YOLO11n,Japan__Japan_007107,D00,0,0,1
YOLO11n,Japan__Japan_007118,D00,1,0,0
YOLO11n,Japan__Japan_007128,D20,1,0,0
YOLO11n,Japan__Japan_007149,D20,1,1,0
YOLO11n,Japan__Japan_007154,D00,1,0,0
YOLO11n,Japan__Japan_007161,D00,0,0,1
YOLO11n,Japan__Japan_007161,D10,0,0,1
YOLO11n,Japan__Japan_007228,D10,0,1,0
YOLO11n,Japan__Japan_007228,D20,1,0,0
YOLO11n,Japan__Japan_007233,D20,0,0,1
YOLO11n,Japan__Japan_007233,D40,0,0,4
YOLO11n,Japan__Japan_007259,D20,2,1,0
YOLO11n,Japan__Japan_007266,D00,0,1,0
YOLO11n,Japan__Japan_007266,D10,0,0,1
YOLO11n,Japan__Japan_007266,D20,0,0,2
YOLO11n,Japan__Japan_007280,D00,0,0,1
YOLO11n,Japan__Japan_007280,D10,2,0,0
YOLO11n,Japan__Japan_007280,D40,0,0,1
YOLO11n,Japan__Japan_007287,D20,1,0,0
YOLO11n,Japan__Japan_007293,D20,1,0,0
YOLO11n,Japan__Japan_007311,D20,1,1,0
YOLO11n,Japan__Japan_007334,D00,1,0,0
YOLO11n,Japan__Japan_007343,D20,1,2,0
YOLO11n,Japan__Japan_007344,D20,0,1,2
YOLO11n,Japan__Japan_007347,D20,1,0,0
YOLO11n,Japan__Japan_007359,D20,0,1,2
YOLO11n,Japan__Japan_007360,D10,2,0,0
YOLO11n,Japan__Japan_007360,D20,1,0,0
YOLO11n,Japan__Japan_007362,D20,1,0,0
YOLO11n,Japan__Japan_007393,D20,1,0,0
YOLO11n,Japan__Japan_007409,D20,0,0,2
YOLO11n,Japan__Japan_007409,D40,0,1,1
YOLO11n,Japan__Japan_007410,D20,1,0,0
YOLO11n,Japan__Japan_007412,D20,0,0,1
YOLO11n,Japan__Japan_007415,D20,1,0,0
YOLO11n,Japan__Japan_007415,D40,0,1,0
YOLO11n,Japan__Japan_007433,D20,1,1,0
YOLO11n,Japan__Japan_007434,D00,0,0,1
YOLO11n,Japan__Japan_007434,D20,1,0,0
YOLO11n,Japan__Japan_007437,D00,0,0,1
YOLO11n,Japan__Japan_007437,D20,0,1,0
YOLO11n,Japan__Japan_007450,D20,1,1,0
YOLO11n,Japan__Japan_007454,D10,0,0,1
YOLO11n,Japan__Japan_007454,D20,1,1,1
YOLO11n,Japan__Japan_007464,D00,1,0,1
YOLO11n,Japan__Japan_007464,D20,0,0,1
YOLO11n,Japan__Japan_007474,D10,0,0,1
YOLO11n,Japan__Japan_007477,D00,1,0,1
YOLO11n,Japan__Japan_007477,D10,1,0,2
YOLO11n,Japan__Japan_007477,D20,0,1,0
YOLO11n,Japan__Japan_007485,D10,0,1,0
YOLO11n,Japan__Japan_007485,D20,0,0,2
YOLO11n,Japan__Japan_007485,D40,0,1,0
YOLO11n,Japan__Japan_007495,D00,0,0,1
YOLO11n,Japan__Japan_007495,D10,3,0,2
YOLO11n,Japan__Japan_007500,D10,0,0,1
YOLO11n,Japan__Japan_007500,D20,1,0,0
YOLO11n,Japan__Japan_007502,D10,1,0,2
YOLO11n,Japan__Japan_007502,D20,0,0,2
YOLO11n,Japan__Japan_007503,D20,1,0,0
YOLO11n,Japan__Japan_007503,D40,1,0,0
YOLO11n,Japan__Japan_007527,D00,0,0,1
YOLO11n,Japan__Japan_007527,D10,1,1,0
YOLO11n,Japan__Japan_007527,D20,0,0,1
YOLO11n,Japan__Japan_007537,D20,1,1,1
YOLO11n,Japan__Japan_007539,D20,1,1,0
YOLO11n,Japan__Japan_007549,D20,0,0,1
YOLO11n,Japan__Japan_007550,D40,1,0,4
YOLO11n,Japan__Japan_007552,D10,0,1,0
YOLO11n,Japan__Japan_007552,D40,0,0,3
YOLO11n,Japan__Japan_007558,D00,0,0,2
YOLO11n,Japan__Japan_007558,D10,0,2,0
YOLO11n,Japan__Japan_007562,D00,0,0,1
YOLO11n,Japan__Japan_007562,D10,0,0,3
YOLO11n,Japan__Japan_007562,D20,0,1,0
YOLO11n,Japan__Japan_007567,D20,1,1,0
YOLO11n,Japan__Japan_007575,D10,1,0,3
YOLO11n,Japan__Japan_007579,D20,0,2,1
YOLO11n,Japan__Japan_007579,D40,1,0,4
YOLO11n,Japan__Japan_007588,D10,0,0,2
YOLO11n,Japan__Japan_007595,D20,0,1,1
YOLO11n,Japan__Japan_007604,D40,0,0,5
YOLO11n,Japan__Japan_007606,D00,0,0,1
YOLO11n,Japan__Japan_007615,D00,0,2,0
YOLO11n,Japan__Japan_007618,D00,1,0,1
YOLO11n,Japan__Japan_007618,D10,2,0,1
YOLO11n,Japan__Japan_007622,D20,0,0,1
YOLO11n,Japan__Japan_007625,D20,1,1,0
YOLO11n,Japan__Japan_007633,D20,0,0,1
YOLO11n,Japan__Japan_007633,D40,1,0,0
YOLO11n,Japan__Japan_007643,D00,0,0,2
YOLO11n,Japan__Japan_007649,D00,0,0,1
YOLO11n,Japan__Japan_007649,D10,1,0,1
YOLO11n,Japan__Japan_007649,D20,1,0,0
YOLO11n,Japan__Japan_007655,D20,1,0,0
YOLO11n,Japan__Japan_007655,D40,0,0,2
YOLO11n,Japan__Japan_007672,D20,0,1,1
YOLO11n,Japan__Japan_007673,D00,1,0,0
YOLO11n,Japan__Japan_007690,D40,0,1,0
YOLO11n,Japan__Japan_007692,D10,0,0,2
YOLO11n,Japan__Japan_007692,D20,0,0,2
YOLO11n,Japan__Japan_007698,D00,1,0,0
YOLO11n,Japan__Japan_007698,D10,0,0,1
YOLO11n,Japan__Japan_007698,D20,0,1,1
YOLO11n,Japan__Japan_007722,D00,2,0,2
YOLO11n,Japan__Japan_007722,D10,0,0,2
YOLO11n,Japan__Japan_007728,D20,2,0,0
YOLO11n,Japan__Japan_007733,D00,1,0,0
YOLO11n,Japan__Japan_007746,D10,0,1,1
YOLO11n,Japan__Japan_007755,D00,0,0,1
YOLO11n,Japan__Japan_007755,D10,0,0,2
YOLO11n,Japan__Japan_007755,D20,0,0,2
YOLO11n,Japan__Japan_007756,D10,2,1,0
YOLO11n,Japan__Japan_007756,D20,1,0,0
YOLO11n,Japan__Japan_007768,D10,0,2,6
YOLO11n,Japan__Japan_007775,D00,1,1,0
YOLO11n,Japan__Japan_007775,D20,1,1,0
YOLO11n,Japan__Japan_007780,D20,1,1,0
YOLO11n,Japan__Japan_007781,D40,1,2,0
YOLO11n,Japan__Japan_007784,D00,1,0,0
YOLO11n,Japan__Japan_007784,D20,0,1,1
YOLO11n,Japan__Japan_007814,D10,0,0,1
YOLO11n,Japan__Japan_007823,D00,1,1,2
YOLO11n,Japan__Japan_007823,D10,1,0,1
YOLO11n,Japan__Japan_007834,D20,1,0,0
YOLO11n,Japan__Japan_007841,D40,1,0,0
YOLO11n,Japan__Japan_007849,D20,0,0,1
YOLO11n,Japan__Japan_007852,D20,0,0,1
YOLO11n,Japan__Japan_007852,D40,0,1,1
YOLO11n,Japan__Japan_007858,D10,0,1,0
YOLO11n,Japan__Japan_007858,D20,0,0,2
YOLO11n,Japan__Japan_007860,D20,1,0,0
YOLO11n,Japan__Japan_007867,D00,0,1,0
YOLO11n,Japan__Japan_007900,D20,2,2,0
YOLO11n,Japan__Japan_007900,D40,1,0,0
YOLO11n,Japan__Japan_007903,D20,0,1,0
YOLO11n,Japan__Japan_007903,D40,0,0,2
YOLO11n,Japan__Japan_007916,D10,1,0,0
YOLO11n,Japan__Japan_007916,D20,2,0,0
YOLO11n,Japan__Japan_007922,D40,0,0,2
YOLO11n,Japan__Japan_007933,D10,1,0,0
YOLO11n,Japan__Japan_007954,D20,1,0,0
YOLO11n,Japan__Japan_007964,D10,2,0,0
YOLO11n,Japan__Japan_007965,D10,0,0,2
YOLO11n,Japan__Japan_007965,D20,1,0,0
YOLO11n,Japan__Japan_007995,D10,0,1,1
YOLO11n,Japan__Japan_007995,D20,0,0,1
YOLO11n,Japan__Japan_008008,D00,0,1,0
YOLO11n,Japan__Japan_008008,D20,1,1,0
YOLO11n,Japan__Japan_008012,D00,0,0,1
YOLO11n,Japan__Japan_008012,D20,0,1,0
YOLO11n,Japan__Japan_008013,D00,0,0,1
YOLO11n,Japan__Japan_008022,D10,1,0,0
YOLO11n,Japan__Japan_008023,D00,1,0,0
YOLO11n,Japan__Japan_008023,D10,0,1,0
YOLO11n,Japan__Japan_008031,D40,0,0,1
YOLO11n,Japan__Japan_008045,D10,0,1,0
YOLO11n,Japan__Japan_008047,D00,0,0,1
YOLO11n,Japan__Japan_008047,D20,0,1,0
YOLO11n,Japan__Japan_008060,D00,1,0,0
YOLO11n,Japan__Japan_008076,D00,0,1,0
YOLO11n,Japan__Japan_008076,D10,0,1,0
YOLO11n,Japan__Japan_008097,D10,0,0,1
YOLO11n,Japan__Japan_008097,D20,0,1,1
YOLO11n,Japan__Japan_008099,D20,0,0,2
YOLO11n,Japan__Japan_008130,D10,0,1,0
YOLO11n,Japan__Japan_008130,D20,1,2,0
YOLO11n,Japan__Japan_008156,D00,0,0,1
YOLO11n,Japan__Japan_008156,D20,1,0,0
YOLO11n,Japan__Japan_008156,D40,1,1,0
YOLO11n,Japan__Japan_008168,D40,1,0,0
YOLO11n,Japan__Japan_008179,D20,1,0,0
YOLO11n,Japan__Japan_008184,D20,1,2,0
YOLO11n,Japan__Japan_008190,D20,0,0,2
YOLO11n,Japan__Japan_008195,D10,0,2,0
YOLO11n,Japan__Japan_008196,D40,0,0,1
YOLO11n,Japan__Japan_008211,D10,0,1,0
YOLO11n,Japan__Japan_008211,D20,1,1,0
YOLO11n,Japan__Japan_008218,D20,1,1,0
YOLO11n,Japan__Japan_008230,D10,1,1,0
YOLO11n,Japan__Japan_008233,D00,0,0,1
YOLO11n,Japan__Japan_008247,D20,1,1,0
YOLO11n,Japan__Japan_008248,D10,0,1,0
YOLO11n,Japan__Japan_008256,D00,0,1,0
YOLO11n,Japan__Japan_008272,D20,1,1,0
YOLO11n,Japan__Japan_008277,D10,0,1,0
YOLO11n,Japan__Japan_008279,D10,0,1,0
YOLO11n,Japan__Japan_008279,D20,1,2,0
YOLO11n,Japan__Japan_008300,D00,0,0,1
YOLO11n,Japan__Japan_008300,D10,0,1,0
YOLO11n,Japan__Japan_008307,D10,0,1,0
YOLO11n,Japan__Japan_008307,D20,1,0,0
YOLO11n,Japan__Japan_008324,D20,1,0,0
YOLO11n,Japan__Japan_008345,D10,0,0,3
YOLO11n,Japan__Japan_008356,D20,1,0,0
YOLO11n,Japan__Japan_008359,D00,0,1,1
YOLO11n,Japan__Japan_008359,D10,0,1,0
YOLO11n,Japan__Japan_008375,D10,1,0,0
YOLO11n,Japan__Japan_008375,D20,1,2,0
YOLO11n,Japan__Japan_008376,D40,0,0,1
YOLO11n,Japan__Japan_008388,D00,2,0,2
YOLO11n,Japan__Japan_008388,D20,0,1,0
YOLO11n,Japan__Japan_008394,D20,2,1,0
YOLO11n,Japan__Japan_008402,D10,0,2,1
YOLO11n,Japan__Japan_008410,D40,0,0,2
YOLO11n,Japan__Japan_008511,D00,0,0,3
YOLO11n,Japan__Japan_008511,D10,0,1,0
YOLO11n,Japan__Japan_008516,D10,0,0,1
YOLO11n,Japan__Japan_008516,D20,1,0,0
YOLO11n,Japan__Japan_008523,D00,2,0,0
YOLO11n,Japan__Japan_008523,D10,0,2,2
YOLO11n,Japan__Japan_008523,D20,0,0,1
YOLO11n,Japan__Japan_008529,D20,1,0,0
YOLO11n,Japan__Japan_008539,D10,0,1,0
YOLO11n,Japan__Japan_008539,D20,1,0,0
YOLO11n,Japan__Japan_008547,D20,2,1,0
YOLO11n,Japan__Japan_008584,D00,1,0,0
YOLO11n,Japan__Japan_008584,D20,1,0,0
YOLO11n,Japan__Japan_008606,D00,1,1,0
YOLO11n,Japan__Japan_008606,D10,0,0,1
YOLO11n,Japan__Japan_008615,D00,0,1,0
YOLO11n,Japan__Japan_008615,D20,1,0,0
YOLO11n,Japan__Japan_008627,D00,0,0,1
YOLO11n,Japan__Japan_008627,D20,0,0,1
YOLO11n,Japan__Japan_008629,D00,1,0,1
YOLO11n,Japan__Japan_008634,D00,0,0,1
YOLO11n,Japan__Japan_008634,D10,0,0,1
YOLO11n,Japan__Japan_008634,D20,1,0,0
YOLO11n,Japan__Japan_008688,D20,1,0,0
YOLO11n,Japan__Japan_008708,D20,1,1,0
YOLO11n,Japan__Japan_008721,D40,0,0,1
YOLO11n,Japan__Japan_008726,D00,0,0,1
YOLO11n,Japan__Japan_008726,D10,0,1,2
YOLO11n,Japan__Japan_008735,D10,1,0,1
YOLO11n,Japan__Japan_008735,D20,1,1,0
YOLO11n,Japan__Japan_008739,D20,1,1,0
YOLO11n,Japan__Japan_008756,D20,1,0,0
YOLO11n,Japan__Japan_008759,D10,0,0,1
YOLO11n,Japan__Japan_008759,D20,1,1,0
YOLO11n,Japan__Japan_008770,D00,1,0,0
YOLO11n,Japan__Japan_008770,D10,0,1,0
YOLO11n,Japan__Japan_008780,D00,0,0,1
YOLO11n,Japan__Japan_008780,D20,1,0,0
YOLO11n,Japan__Japan_008794,D20,1,0,0
YOLO11n,Japan__Japan_008807,D10,1,0,0
YOLO11n,Japan__Japan_008815,D00,2,0,1
YOLO11n,Japan__Japan_008815,D10,0,3,1
YOLO11n,Japan__Japan_008837,D00,1,0,3
YOLO11n,Japan__Japan_008837,D10,0,0,1
YOLO11n,Japan__Japan_008846,D00,2,2,4
YOLO11n,Japan__Japan_008846,D10,0,0,2
YOLO11n,Japan__Japan_008846,D20,0,0,1
YOLO11n,Japan__Japan_008848,D20,1,2,0
YOLO11n,Japan__Japan_008854,D00,1,0,0
YOLO11n,Japan__Japan_008854,D10,1,0,0
YOLO11n,Japan__Japan_008855,D20,1,0,0
YOLO11n,Japan__Japan_008872,D20,1,2,0
YOLO11n,Japan__Japan_008878,D20,1,3,0
YOLO11n,Japan__Japan_008880,D00,1,0,1
YOLO11n,Japan__Japan_008880,D10,0,0,1
YOLO11n,Japan__Japan_008898,D20,2,0,0
YOLO11n,Japan__Japan_008900,D20,1,0,1
YOLO11n,Japan__Japan_008900,D40,0,0,2
YOLO11n,Japan__Japan_008926,D10,0,0,1
YOLO11n,Japan__Japan_008926,D20,0,0,1
YOLO11n,Japan__Japan_008927,D00,1,0,0
YOLO11n,Japan__Japan_008933,D10,0,1,0
YOLO11n,Japan__Japan_008933,D20,1,0,0
YOLO11n,Japan__Japan_008939,D00,0,0,1
YOLO11n,Japan__Japan_008947,D00,0,1,0
YOLO11n,Japan__Japan_008947,D10,0,2,1
YOLO11n,Japan__Japan_008949,D00,0,1,1
YOLO11n,Japan__Japan_008962,D20,0,0,1
YOLO11n,Japan__Japan_008963,D20,1,0,0
YOLO11n,Japan__Japan_008968,D00,2,0,3
YOLO11n,Japan__Japan_008968,D20,1,2,2
YOLO11n,Japan__Japan_008968,D40,0,0,1
YOLO11n,Japan__Japan_008970,D20,1,1,1
YOLO11n,Japan__Japan_008976,D00,0,1,1
YOLO11n,Japan__Japan_008991,D00,1,0,1
YOLO11n,Japan__Japan_009001,D00,0,0,3
YOLO11n,Japan__Japan_009001,D20,0,2,1
YOLO11n,Japan__Japan_009021,D10,0,1,0
YOLO11n,Japan__Japan_009021,D20,1,0,0
YOLO11n,Japan__Japan_009026,D00,0,0,1
YOLO11n,Japan__Japan_009026,D10,1,0,2
YOLO11n,Japan__Japan_009026,D20,0,1,1
YOLO11n,Japan__Japan_009030,D20,0,0,1
YOLO11n,Japan__Japan_009041,D10,0,0,1
YOLO11n,Japan__Japan_009041,D20,1,0,0
YOLO11n,Japan__Japan_009044,D00,0,0,1
YOLO11n,Japan__Japan_009044,D10,1,0,0
YOLO11n,Japan__Japan_009044,D20,0,2,1
YOLO11n,Japan__Japan_009049,D00,0,0,1
YOLO11n,Japan__Japan_009049,D10,0,0,2
YOLO11n,Japan__Japan_009049,D40,0,3,1
YOLO11n,Japan__Japan_009053,D10,1,0,0
YOLO11n,Japan__Japan_009053,D20,1,1,1
YOLO11n,Japan__Japan_009067,D00,1,0,0
YOLO11n,Japan__Japan_009085,D20,0,1,6
YOLO11n,Japan__Japan_009085,D40,1,1,0
YOLO11n,Japan__Japan_009088,D20,1,0,0
YOLO11n,Japan__Japan_009097,D00,0,1,0
YOLO11n,Japan__Japan_009097,D20,0,0,1
YOLO11n,Japan__Japan_009105,D00,0,0,1
YOLO11n,Japan__Japan_009116,D00,0,0,1
YOLO11n,Japan__Japan_009122,D20,1,0,0
YOLO11n,Japan__Japan_009144,D00,1,0,0
YOLO11n,Japan__Japan_009146,D10,0,0,1
YOLO11n,Japan__Japan_009146,D20,0,0,1
YOLO11n,Japan__Japan_009147,D40,1,0,1
YOLO11n,Japan__Japan_009153,D20,1,0,0
YOLO11n,Japan__Japan_009174,D10,0,0,3
YOLO11n,Japan__Japan_009174,D40,1,0,0
YOLO11n,Japan__Japan_009184,D20,1,0,0
YOLO11n,Japan__Japan_009184,D40,0,0,1
YOLO11n,Japan__Japan_009220,D20,2,0,1
YOLO11n,Japan__Japan_009223,D00,0,0,1
YOLO11n,Japan__Japan_009223,D10,0,0,2
YOLO11n,Japan__Japan_009223,D20,0,1,1
YOLO11n,Japan__Japan_009241,D00,0,1,0
YOLO11n,Japan__Japan_009294,D00,0,0,3
YOLO11n,Japan__Japan_009294,D10,0,1,3
YOLO11n,Japan__Japan_009299,D10,0,0,1
YOLO11n,Japan__Japan_009299,D20,0,3,3
YOLO11n,Japan__Japan_009310,D00,0,0,1
YOLO11n,Japan__Japan_009312,D20,0,0,2
YOLO11n,Japan__Japan_009324,D10,0,1,0
YOLO11n,Japan__Japan_009340,D10,1,0,0
YOLO11n,Japan__Japan_009340,D20,1,0,0
YOLO11n,Japan__Japan_009343,D20,1,0,0
YOLO11n,Japan__Japan_009350,D20,2,0,0
YOLO11n,Japan__Japan_009353,D10,0,1,0
YOLO11n,Japan__Japan_009353,D20,0,1,2
YOLO11n,Japan__Japan_009355,D10,0,0,2
YOLO11n,Japan__Japan_009355,D20,1,0,0
YOLO11n,Japan__Japan_009360,D20,0,0,2
YOLO11n,Japan__Japan_009378,D10,2,1,1
YOLO11n,Japan__Japan_009379,D20,0,1,1
YOLO11n,Japan__Japan_009383,D00,3,1,0
YOLO11n,Japan__Japan_009404,D00,1,0,0
YOLO11n,Japan__Japan_009404,D20,0,0,1
YOLO11n,Japan__Japan_009415,D10,0,0,5
YOLO11n,Japan__Japan_009415,D20,1,1,0
YOLO11n,Japan__Japan_009415,D40,0,1,0
YOLO11n,Japan__Japan_009450,D00,1,0,0
YOLO11n,Japan__Japan_009450,D10,0,0,1
YOLO11n,Japan__Japan_009459,D10,0,1,0
YOLO11n,Japan__Japan_009463,D20,1,0,1
YOLO11n,Japan__Japan_009464,D20,1,0,0
YOLO11n,Japan__Japan_009492,D20,0,0,2
YOLO11n,Japan__Japan_009492,D40,0,1,1
YOLO11n,Japan__Japan_009499,D20,0,0,1
YOLO11n,Japan__Japan_009523,D00,0,0,1
YOLO11n,Japan__Japan_009523,D20,1,1,0
YOLO11n,Japan__Japan_009524,D00,1,0,2
YOLO11n,Japan__Japan_009524,D20,0,0,1
YOLO11n,Japan__Japan_009540,D00,0,1,0
YOLO11n,Japan__Japan_009547,D20,2,0,0
YOLO11n,Japan__Japan_009552,D10,0,0,1
YOLO11n,Japan__Japan_009552,D20,0,0,1
YOLO11n,Japan__Japan_009586,D20,1,1,0
YOLO11n,Japan__Japan_009586,D40,0,0,1
YOLO11n,Japan__Japan_009614,D10,0,1,0
YOLO11n,Japan__Japan_009614,D20,1,1,0
YOLO11n,Japan__Japan_009630,D20,1,1,0
YOLO11n,Japan__Japan_009630,D40,1,0,1
YOLO11n,Japan__Japan_009641,D20,1,1,2
YOLO11n,Japan__Japan_009651,D00,0,2,0
YOLO11n,Japan__Japan_009651,D20,0,0,1
YOLO11n,Japan__Japan_009652,D00,1,1,0
YOLO11n,Japan__Japan_009652,D10,0,0,1
YOLO11n,Japan__Japan_009656,D20,2,1,0
YOLO11n,Japan__Japan_009672,D10,1,0,0
YOLO11n,Japan__Japan_009672,D20,0,0,2
YOLO11n,Japan__Japan_009672,D40,1,0,1
YOLO11n,Japan__Japan_009677,D10,0,1,0
YOLO11n,Japan__Japan_009677,D20,1,3,0
YOLO11n,Japan__Japan_009678,D20,1,0,0
YOLO11n,Japan__Japan_009681,D40,1,0,0
YOLO11n,Japan__Japan_009684,D20,1,0,2
YOLO11n,Japan__Japan_009684,D40,1,0,0
YOLO11n,Japan__Japan_009698,D20,1,1,1
YOLO11n,Japan__Japan_009698,D40,1,0,2
YOLO11n,Japan__Japan_009707,D00,0,0,1
YOLO11n,Japan__Japan_009707,D20,0,2,1
YOLO11n,Japan__Japan_009717,D20,1,0,0
YOLO11n,Japan__Japan_009743,D20,1,0,0
YOLO11n,Japan__Japan_009746,D20,1,1,1
YOLO11n,Japan__Japan_009785,D00,2,1,0
YOLO11n,Japan__Japan_009785,D10,2,2,2
YOLO11n,Japan__Japan_009818,D20,0,0,1
YOLO11n,Japan__Japan_009822,D00,2,0,0
YOLO11n,Japan__Japan_009822,D10,0,0,1
YOLO11n,Japan__Japan_009831,D20,2,2,0
YOLO11n,Japan__Japan_009850,D20,1,0,0
YOLO11n,Japan__Japan_009863,D00,1,1,1
YOLO11n,Japan__Japan_009874,D20,1,0,0
YOLO11n,Japan__Japan_009882,D20,1,0,0
YOLO11n,Japan__Japan_009882,D40,1,0,0
YOLO11n,Japan__Japan_009920,D40,0,1,0
YOLO11n,Japan__Japan_009922,D20,2,3,3
YOLO11n,Japan__Japan_009935,D20,0,0,1
YOLO11n,Japan__Japan_009935,D40,2,0,1
YOLO11n,Japan__Japan_009960,D40,1,0,0
YOLO11n,Japan__Japan_009968,D20,1,0,4
YOLO11n,Japan__Japan_009981,D10,0,1,0
YOLO11n,Japan__Japan_009981,D20,1,0,0
YOLO11n,Japan__Japan_009997,D40,0,0,7
YOLO11n,Japan__Japan_010002,D00,0,0,2
YOLO11n,Japan__Japan_010018,D00,0,1,0
YOLO11n,Japan__Japan_010018,D20,0,0,1
YOLO11n,Japan__Japan_010028,D00,1,0,1
YOLO11n,Japan__Japan_010033,D00,0,1,1
YOLO11n,Japan__Japan_010037,D00,1,0,0
YOLO11n,Japan__Japan_010045,D00,0,0,1
YOLO11n,Japan__Japan_010045,D20,1,1,0
YOLO11n,Japan__Japan_010048,D20,1,1,0
YOLO11n,Japan__Japan_010069,D20,1,0,0
YOLO11n,Japan__Japan_010069,D40,1,0,1
YOLO11n,Japan__Japan_010075,D00,0,0,1
YOLO11n,Japan__Japan_010075,D20,0,1,1
YOLO11n,Japan__Japan_010104,D00,0,0,1
YOLO11n,Japan__Japan_010105,D10,1,0,0
YOLO11n,Japan__Japan_010108,D10,0,0,1
YOLO11n,Japan__Japan_010108,D20,1,1,0
YOLO11n,Japan__Japan_010121,D00,1,0,4
YOLO11n,Japan__Japan_010121,D10,0,0,1
YOLO11n,Japan__Japan_010158,D20,1,1,3
YOLO11n,Japan__Japan_010172,D00,1,1,0
YOLO11n,Japan__Japan_010174,D20,1,0,0
YOLO11n,Japan__Japan_010188,D10,0,1,2
YOLO11n,Japan__Japan_010188,D20,1,0,0
YOLO11n,Japan__Japan_010231,D20,1,0,1
YOLO11n,Japan__Japan_010231,D40,1,0,0
YOLO11n,Japan__Japan_010245,D20,1,0,0
YOLO11n,Japan__Japan_010245,D40,0,0,1
YOLO11n,Japan__Japan_010267,D00,0,1,1
YOLO11n,Japan__Japan_010267,D10,0,0,2
YOLO11n,Japan__Japan_010267,D20,0,0,1
YOLO11n,Japan__Japan_010279,D00,1,0,0
YOLO11n,Japan__Japan_010279,D20,1,0,0
YOLO11n,Japan__Japan_010286,D20,2,1,0
YOLO11n,Japan__Japan_010309,D10,0,1,0
YOLO11n,Japan__Japan_010309,D20,2,1,0
YOLO11n,Japan__Japan_010319,D20,1,0,2
YOLO11n,Japan__Japan_010319,D40,0,0,3
YOLO11n,Japan__Japan_010320,D10,0,0,2
YOLO11n,Japan__Japan_010341,D00,1,0,3
YOLO11n,Japan__Japan_010341,D10,0,1,1
YOLO11n,Japan__Japan_010349,D20,1,1,0
YOLO11n,Japan__Japan_010353,D00,1,0,0
YOLO11n,Japan__Japan_010353,D10,0,0,1
YOLO11n,Japan__Japan_010357,D00,0,2,1
YOLO11n,Japan__Japan_010373,D20,1,0,0
YOLO11n,Japan__Japan_010385,D20,0,0,1
YOLO11n,Japan__Japan_010392,D00,0,1,1
YOLO11n,Japan__Japan_010396,D00,1,1,2
YOLO11n,Japan__Japan_010396,D10,0,0,3
YOLO11n,Japan__Japan_010396,D20,0,1,0
YOLO11n,Japan__Japan_010400,D00,0,0,1
YOLO11n,Japan__Japan_010407,D10,0,1,1
YOLO11n,Japan__Japan_010407,D20,0,0,1
YOLO11n,Japan__Japan_010417,D20,1,0,0
YOLO11n,Japan__Japan_010421,D00,0,0,1
YOLO11n,Japan__Japan_010421,D10,0,1,1
YOLO11n,Japan__Japan_010442,D00,1,1,0
YOLO11n,Japan__Japan_010442,D20,0,0,1
YOLO11n,Japan__Japan_010445,D00,0,0,1
YOLO11n,Japan__Japan_010445,D10,0,0,2
YOLO11n,Japan__Japan_010445,D20,0,0,1
YOLO11n,Japan__Japan_010449,D00,1,1,1
YOLO11n,Japan__Japan_010449,D10,0,1,0
YOLO11n,Japan__Japan_010451,D00,0,0,2
YOLO11n,Japan__Japan_010451,D10,0,0,1
YOLO11n,Japan__Japan_010451,D20,0,1,0
YOLO11n,Japan__Japan_010455,D20,1,1,0
YOLO11n,Japan__Japan_010463,D00,1,0,2
YOLO11n,Japan__Japan_010463,D10,0,1,2
YOLO11n,Japan__Japan_010463,D20,0,1,0
YOLO11n,Japan__Japan_010467,D20,1,1,0
YOLO11n,Japan__Japan_010468,D00,1,0,0
YOLO11n,Japan__Japan_010470,D00,1,0,0
YOLO11n,Japan__Japan_010479,D20,0,0,1
YOLO11n,Japan__Japan_010501,D20,1,0,0
YOLO11n,Japan__Japan_010502,D00,0,3,3
YOLO11n,Japan__Japan_010504,D20,0,0,1
YOLO11n,Japan__Japan_010514,D10,1,0,0
YOLO11n,Japan__Japan_010514,D20,1,0,0
YOLO11n,Japan__Japan_010525,D00,1,0,1
YOLO11n,Japan__Japan_010528,D20,1,1,0
YOLO11n,Japan__Japan_010528,D40,0,0,2
YOLO11n,Japan__Japan_010535,D20,0,1,0
YOLO11n,Japan__Japan_010553,D20,0,0,1
YOLO11n,Japan__Japan_010553,D40,1,0,1
YOLO11n,Japan__Japan_010555,D00,0,0,1
YOLO11n,Japan__Japan_010555,D20,1,2,0
YOLO11n,Japan__Japan_010556,D20,0,1,1
YOLO11n,Japan__Japan_010575,D00,0,1,2
YOLO11n,Japan__Japan_010575,D10,0,1,0
YOLO11n,Japan__Japan_010575,D20,0,1,0
YOLO11n,Japan__Japan_010585,D20,1,2,0
YOLO11n,Japan__Japan_010596,D20,0,0,1
YOLO11n,Japan__Japan_010597,D10,0,0,1
YOLO11n,Japan__Japan_010597,D20,0,0,1
YOLO11n,Japan__Japan_010622,D20,1,3,2
YOLO11n,Japan__Japan_010643,D00,1,0,0
YOLO11n,Japan__Japan_010645,D00,0,0,1
YOLO11n,Japan__Japan_010645,D20,0,1,0
YOLO11n,Japan__Japan_010650,D00,1,0,0
YOLO11n,Japan__Japan_010650,D20,1,0,0
YOLO11n,Japan__Japan_010653,D20,1,0,0
YOLO11n,Japan__Japan_010657,D00,0,0,1
YOLO11n,Japan__Japan_010657,D10,0,0,3
YOLO11n,Japan__Japan_010657,D20,1,0,0
YOLO11n,Japan__Japan_010658,D20,1,2,0
YOLO11n,Japan__Japan_010658,D40,0,1,0
YOLO11n,Japan__Japan_010661,D20,0,0,1
YOLO11n,Japan__Japan_010668,D20,1,1,0
YOLO11n,Japan__Japan_010675,D20,1,0,0
YOLO11n,Japan__Japan_010695,D10,0,0,2
YOLO11n,Japan__Japan_010695,D20,1,0,0
YOLO11n,Japan__Japan_010695,D40,0,0,1
YOLO11n,Japan__Japan_010706,D20,1,0,0
YOLO11n,Japan__Japan_010710,D00,1,0,0
YOLO11n,Japan__Japan_010714,D40,1,0,0
YOLO11n,Japan__Japan_010747,D00,0,0,1
YOLO11n,Japan__Japan_010747,D10,1,0,2
YOLO11n,Japan__Japan_010756,D20,2,1,0
YOLO11n,Japan__Japan_010761,D00,0,1,1
YOLO11n,Japan__Japan_010764,D20,0,0,1
YOLO11n,Japan__Japan_010764,D40,0,0,1
YOLO11n,Japan__Japan_010766,D10,1,0,1
YOLO11n,Japan__Japan_010766,D40,1,0,0
YOLO11n,Japan__Japan_010769,D20,1,0,0
YOLO11n,Japan__Japan_010769,D40,0,0,1
YOLO11n,Japan__Japan_010772,D20,1,2,1
YOLO11n,Japan__Japan_010777,D00,0,0,1
YOLO11n,Japan__Japan_010833,D00,0,0,1
YOLO11n,Japan__Japan_010833,D10,0,1,0
YOLO11n,Japan__Japan_010837,D00,1,1,2
YOLO11n,Japan__Japan_010837,D10,1,1,3
YOLO11n,Japan__Japan_010837,D20,1,0,0
YOLO11n,Japan__Japan_010839,D20,1,0,0
YOLO11n,Japan__Japan_010839,D40,0,1,1
YOLO11n,Japan__Japan_010851,D40,0,1,1
YOLO11n,Japan__Japan_010866,D00,2,0,0
YOLO11n,Japan__Japan_010879,D10,0,1,0
YOLO11n,Japan__Japan_010890,D20,1,3,0
YOLO11n,Japan__Japan_010900,D20,1,0,0
YOLO11n,Japan__Japan_010903,D20,0,2,1
YOLO11n,Japan__Japan_010920,D20,1,0,0
YOLO11n,Japan__Japan_010921,D00,0,2,0
YOLO11n,Japan__Japan_010921,D20,0,1,2
YOLO11n,Japan__Japan_010927,D20,0,0,1
YOLO11n,Japan__Japan_010936,D20,1,0,0
YOLO11n,Japan__Japan_010937,D20,1,0,0
YOLO11n,Japan__Japan_010942,D00,0,2,0
YOLO11n,Japan__Japan_010942,D10,1,0,1
YOLO11n,Japan__Japan_010954,D00,0,1,1
YOLO11n,Japan__Japan_010954,D10,0,1,0
YOLO11n,Japan__Japan_010963,D20,1,0,0
YOLO11n,Japan__Japan_010963,D40,0,0,2
YOLO11n,Japan__Japan_010968,D00,0,0,1
YOLO11n,Japan__Japan_010976,D20,0,0,1
YOLO11n,Japan__Japan_010982,D00,2,1,0
YOLO11n,Japan__Japan_010982,D10,2,2,0
YOLO11n,Japan__Japan_010999,D00,0,0,1
YOLO11n,Japan__Japan_010999,D40,0,1,0
YOLO11n,Japan__Japan_011022,D00,1,0,0
YOLO11n,Japan__Japan_011022,D10,0,1,0
YOLO11n,Japan__Japan_011022,D20,0,0,1
YOLO11n,Japan__Japan_011033,D10,1,0,0
YOLO11n,Japan__Japan_011034,D00,0,0,1
YOLO11n,Japan__Japan_011041,D00,0,0,1
YOLO11n,Japan__Japan_011041,D10,0,0,2
YOLO11n,Japan__Japan_011048,D10,0,0,1
YOLO11n,Japan__Japan_011048,D20,0,0,1
YOLO11n,Japan__Japan_011051,D10,0,0,1
YOLO11n,Japan__Japan_011051,D20,1,0,1
YOLO11n,Japan__Japan_011056,D20,1,0,0
YOLO11n,Japan__Japan_011067,D00,0,0,1
YOLO11n,Japan__Japan_011067,D20,0,0,1
YOLO11n,Japan__Japan_011067,D40,0,1,3
YOLO11n,Japan__Japan_011075,D00,1,0,0
YOLO11n,Japan__Japan_011075,D10,0,0,3
YOLO11n,Japan__Japan_011077,D40,0,1,1
YOLO11n,Japan__Japan_011078,D10,1,0,0
YOLO11n,Japan__Japan_011082,D10,0,1,0
YOLO11n,Japan__Japan_011082,D20,1,0,0
YOLO11n,Japan__Japan_011089,D20,1,1,0
YOLO11n,Japan__Japan_011090,D20,1,0,0
YOLO11n,Japan__Japan_011105,D10,0,1,0
YOLO11n,Japan__Japan_011105,D20,0,0,1
YOLO11n,Japan__Japan_011110,D20,1,1,0
YOLO11n,Japan__Japan_011110,D40,0,0,1
YOLO11n,Japan__Japan_011118,D00,0,2,0
YOLO11n,Japan__Japan_011118,D10,0,0,1
YOLO11n,Japan__Japan_011122,D20,1,2,1
YOLO11n,Japan__Japan_011145,D10,1,0,0
YOLO11n,Japan__Japan_011162,D00,0,0,4
YOLO11n,Japan__Japan_011162,D20,1,2,0
YOLO11n,Japan__Japan_011172,D00,1,0,0
YOLO11n,Japan__Japan_011172,D10,0,0,1
YOLO11n,Japan__Japan_011172,D20,1,0,1
YOLO11n,Japan__Japan_011174,D20,1,1,0
YOLO11n,Japan__Japan_011195,D00,0,0,1
YOLO11n,Japan__Japan_011216,D00,0,0,1
YOLO11n,Japan__Japan_011216,D10,0,1,1
YOLO11n,Japan__Japan_011244,D10,0,0,3
YOLO11n,Japan__Japan_011246,D40,1,0,0
YOLO11n,Japan__Japan_011254,D00,0,0,3
YOLO11n,Japan__Japan_011254,D10,0,0,1
YOLO11n,Japan__Japan_011254,D20,1,1,0
YOLO11n,Japan__Japan_011258,D00,0,1,1
YOLO11n,Japan__Japan_011258,D10,0,0,2
YOLO11n,Japan__Japan_011263,D20,1,1,1
YOLO11n,Japan__Japan_011263,D40,0,0,1
YOLO11n,Japan__Japan_011284,D00,1,0,0
YOLO11n,Japan__Japan_011286,D20,0,0,1
YOLO11n,Japan__Japan_011299,D00,0,0,1
YOLO11n,Japan__Japan_011299,D10,1,0,2
YOLO11n,Japan__Japan_011327,D00,0,0,1
YOLO11n,Japan__Japan_011355,D20,1,0,0
YOLO11n,Japan__Japan_011359,D00,0,0,1
YOLO11n,Japan__Japan_011359,D20,1,1,0
YOLO11n,Japan__Japan_011388,D00,0,0,1
YOLO11n,Japan__Japan_011390,D00,0,0,2
YOLO11n,Japan__Japan_011390,D20,0,1,0
YOLO11n,Japan__Japan_011390,D40,0,0,1
YOLO11n,Japan__Japan_011410,D00,0,1,0
YOLO11n,Japan__Japan_011410,D20,0,0,1
YOLO11n,Japan__Japan_011439,D00,0,0,1
YOLO11n,Japan__Japan_011439,D20,1,0,0
YOLO11n,Japan__Japan_011446,D20,0,0,1
YOLO11n,Japan__Japan_011446,D40,0,0,1
YOLO11n,Japan__Japan_011449,D00,0,0,2
YOLO11n,Japan__Japan_011449,D10,0,0,1
YOLO11n,Japan__Japan_011449,D20,0,2,1
YOLO11n,Japan__Japan_011449,D40,1,0,0
YOLO11n,Japan__Japan_011479,D20,0,1,1
YOLO11n,Japan__Japan_011479,D40,1,0,0
YOLO11n,Japan__Japan_011486,D10,0,1,0
YOLO11n,Japan__Japan_011486,D20,1,2,0
YOLO11n,Japan__Japan_011487,D00,0,0,1
YOLO11n,Japan__Japan_011489,D00,1,0,0
YOLO11n,Japan__Japan_011489,D10,1,0,0
YOLO11n,Japan__Japan_011495,D20,1,0,0
YOLO11n,Japan__Japan_011497,D00,0,0,1
YOLO11n,Japan__Japan_011499,D00,1,0,1
YOLO11n,Japan__Japan_011499,D10,0,1,3
YOLO11n,Japan__Japan_011521,D10,0,1,0
YOLO11n,Japan__Japan_011521,D20,0,0,1
YOLO11n,Japan__Japan_011521,D40,0,0,1
YOLO11n,Japan__Japan_011539,D20,0,1,2
YOLO11n,Japan__Japan_011552,D00,1,0,1
YOLO11n,Japan__Japan_011552,D10,0,0,1
YOLO11n,Japan__Japan_011564,D10,0,0,8
YOLO11n,Japan__Japan_011564,D20,1,0,0
YOLO11n,Japan__Japan_011579,D20,1,0,0
YOLO11n,Japan__Japan_011590,D20,1,0,0
YOLO11n,Japan__Japan_011590,D40,1,0,0
YOLO11n,Japan__Japan_011611,D00,0,0,1
YOLO11n,Japan__Japan_011628,D00,1,0,1
YOLO11n,Japan__Japan_011628,D40,1,0,0
YOLO11n,Japan__Japan_011642,D00,1,0,0
YOLO11n,Japan__Japan_011642,D10,1,0,0
YOLO11n,Japan__Japan_011642,D20,1,1,1
YOLO11n,Japan__Japan_011643,D20,1,0,0
YOLO11n,Japan__Japan_011670,D00,1,0,1
YOLO11n,Japan__Japan_011714,D20,0,0,1
YOLO11n,Japan__Japan_011724,D00,0,1,0
YOLO11n,Japan__Japan_011728,D10,0,0,1
YOLO11n,Japan__Japan_011728,D20,1,1,2
YOLO11n,Japan__Japan_011728,D40,0,0,1
YOLO11n,Japan__Japan_011731,D10,0,0,1
YOLO11n,Japan__Japan_011778,D00,0,0,2
YOLO11n,Japan__Japan_011783,D10,0,1,0
YOLO11n,Japan__Japan_011783,D20,1,1,0
YOLO11n,Japan__Japan_011809,D10,0,1,0
YOLO11n,Japan__Japan_011809,D20,1,0,0
YOLO11n,Japan__Japan_011834,D00,0,0,1
YOLO11n,Japan__Japan_011847,D20,0,0,1
YOLO11n,Japan__Japan_011849,D10,0,0,1
YOLO11n,Japan__Japan_011849,D20,0,0,3
YOLO11n,Japan__Japan_011854,D20,1,0,0
YOLO11n,Japan__Japan_011854,D40,0,0,1
YOLO11n,Japan__Japan_011860,D00,0,0,1
YOLO11n,Japan__Japan_011872,D00,0,0,1
YOLO11n,Japan__Japan_011885,D00,2,0,1
YOLO11n,Japan__Japan_011885,D10,1,0,1
YOLO11n,Japan__Japan_011901,D00,0,1,0
YOLO11n,Japan__Japan_011915,D20,1,0,0
YOLO11n,Japan__Japan_011917,D00,0,1,1
YOLO11n,Japan__Japan_011944,D40,0,0,1
YOLO11n,Japan__Japan_011948,D20,0,0,2
YOLO11n,Japan__Japan_011976,D00,1,0,0
YOLO11n,Japan__Japan_011976,D10,0,1,0
YOLO11n,Japan__Japan_012006,D10,0,1,0
YOLO11n,Japan__Japan_012006,D20,1,0,0
YOLO11n,Japan__Japan_012009,D20,1,0,0
YOLO11n,Japan__Japan_012010,D20,1,0,0
YOLO11n,Japan__Japan_012011,D00,1,0,0
YOLO11n,Japan__Japan_012025,D20,0,0,1
YOLO11n,Japan__Japan_012025,D40,0,0,2
YOLO11n,Japan__Japan_012047,D20,1,0,0
YOLO11n,Japan__Japan_012066,D20,1,0,0
YOLO11n,Japan__Japan_012084,D20,1,0,0
YOLO11n,Japan__Japan_012101,D10,1,0,0
YOLO11n,Japan__Japan_012101,D20,1,0,0
YOLO11n,Japan__Japan_012101,D40,0,0,1
YOLO11n,Japan__Japan_012122,D10,1,1,1
YOLO11n,Japan__Japan_012136,D00,0,0,3
YOLO11n,Japan__Japan_012136,D10,0,0,1
YOLO11n,Japan__Japan_012160,D20,1,1,0
YOLO11n,Japan__Japan_012172,D20,1,0,0
YOLO11n,Japan__Japan_012178,D00,0,0,1
YOLO11n,Japan__Japan_012178,D10,0,0,2
YOLO11n,Japan__Japan_012178,D20,2,1,0
YOLO11n,Japan__Japan_012184,D10,1,0,3
YOLO11n,Japan__Japan_012184,D20,1,0,0
YOLO11n,Japan__Japan_012188,D00,0,0,1
YOLO11n,Japan__Japan_012188,D20,0,1,0
YOLO11n,Japan__Japan_012200,D00,0,1,2
YOLO11n,Japan__Japan_012200,D10,0,0,2
YOLO11n,Japan__Japan_012214,D20,0,0,1
YOLO11n,Japan__Japan_012216,D20,1,0,0
YOLO11n,Japan__Japan_012228,D00,0,0,2
YOLO11n,Japan__Japan_012244,D10,1,2,2
YOLO11n,Japan__Japan_012244,D20,1,0,0
YOLO11n,Japan__Japan_012259,D40,0,0,2
YOLO11n,Japan__Japan_012263,D20,0,1,1
YOLO11n,Japan__Japan_012271,D00,0,1,1
YOLO11n,Japan__Japan_012328,D00,0,0,2
YOLO11n,Japan__Japan_012328,D10,2,0,0
YOLO11n,Japan__Japan_012328,D20,0,1,0
YOLO11n,Japan__Japan_012329,D00,1,0,1
YOLO11n,Japan__Japan_012329,D10,1,1,1
YOLO11n,Japan__Japan_012329,D20,0,0,1
YOLO11n,Japan__Japan_012330,D00,1,0,0
YOLO11n,Japan__Japan_012330,D10,0,1,0
YOLO11n,Japan__Japan_012352,D00,1,0,0
YOLO11n,Japan__Japan_012354,D10,1,0,0
YOLO11n,Japan__Japan_012354,D20,1,0,1
YOLO11n,Japan__Japan_012355,D00,1,0,0
YOLO11n,Japan__Japan_012358,D00,0,1,0
YOLO11n,Japan__Japan_012358,D10,0,0,1
YOLO11n,Japan__Japan_012358,D20,1,0,0
YOLO11n,Japan__Japan_012381,D00,1,0,0
YOLO11n,Japan__Japan_012381,D10,1,0,1
YOLO11n,Japan__Japan_012381,D40,0,0,1
YOLO11n,Japan__Japan_012390,D40,1,0,0
YOLO11n,Japan__Japan_012393,D20,0,0,1
YOLO11n,Japan__Japan_012403,D00,0,0,1
YOLO11n,Japan__Japan_012403,D10,1,1,1
YOLO11n,Japan__Japan_012403,D20,1,0,0
YOLO11n,Japan__Japan_012406,D20,1,0,0
YOLO11n,Japan__Japan_012410,D00,0,1,0
YOLO11n,Japan__Japan_012411,D20,1,1,1
YOLO11n,Japan__Japan_012422,D20,1,0,0
YOLO11n,Japan__Japan_012438,D20,2,1,0
YOLO11n,Japan__Japan_012438,D40,0,0,2
YOLO11n,Japan__Japan_012444,D20,0,0,1
YOLO11n,Japan__Japan_012444,D40,0,1,0
YOLO11n,Japan__Japan_012453,D00,1,1,0
YOLO11n,Japan__Japan_012476,D00,0,0,2
YOLO11n,Japan__Japan_012476,D10,0,0,1
YOLO11n,Japan__Japan_012482,D20,0,0,3
YOLO11n,Japan__Japan_012482,D40,0,0,1
YOLO11n,Japan__Japan_012495,D20,1,2,0
YOLO11n,Japan__Japan_012495,D40,0,2,1
YOLO11n,Japan__Japan_012505,D20,0,1,1
YOLO11n,Japan__Japan_012505,D40,0,0,2
YOLO11n,Japan__Japan_012509,D20,1,0,0
YOLO11n,Japan__Japan_012536,D10,0,3,1
YOLO11n,Japan__Japan_012536,D20,1,0,0
YOLO11n,Japan__Japan_012537,D00,0,0,1
YOLO11n,Japan__Japan_012537,D20,0,0,1
YOLO11n,Japan__Japan_012549,D20,1,0,0
YOLO11n,Japan__Japan_012549,D40,1,0,0
YOLO11n,Japan__Japan_012553,D20,1,2,0
YOLO11n,Japan__Japan_012568,D10,0,0,1
YOLO11n,Japan__Japan_012568,D20,1,0,0
YOLO11n,Japan__Japan_012580,D20,1,1,0
YOLO11n,Japan__Japan_012600,D00,0,1,0
YOLO11n,Japan__Japan_012602,D10,0,0,1
YOLO11n,Japan__Japan_012602,D20,0,0,1
YOLO11n,Japan__Japan_012607,D20,0,0,1
YOLO11n,Japan__Japan_012607,D40,1,0,0
YOLO11n,Japan__Japan_012612,D20,1,2,0
YOLO11n,Japan__Japan_012614,D00,0,0,1
YOLO11n,Japan__Japan_012618,D10,0,0,2
YOLO11n,Japan__Japan_012618,D20,1,0,0
YOLO11n,Japan__Japan_012622,D20,1,0,0
YOLO11n,Japan__Japan_012626,D00,0,0,1
YOLO11n,Japan__Japan_012626,D20,1,0,0
YOLO11n,Japan__Japan_012628,D10,1,0,0
YOLO11n,Japan__Japan_012634,D10,0,1,1
YOLO11n,Japan__Japan_012652,D10,0,1,0
YOLO11n,Japan__Japan_012652,D20,0,0,2
YOLO11n,Japan__Japan_012657,D00,0,0,2
YOLO11n,Japan__Japan_012661,D00,0,2,3
YOLO11n,Japan__Japan_012661,D20,0,1,2
YOLO11n,Japan__Japan_012666,D00,0,2,2
YOLO11n,Japan__Japan_012666,D10,1,0,2
YOLO11n,Japan__Japan_012706,D20,1,0,0
YOLO11n,Japan__Japan_012727,D00,1,0,0
YOLO11n,Japan__Japan_012727,D10,0,0,2
YOLO11n,Japan__Japan_012734,D20,1,0,0
YOLO11n,Japan__Japan_012734,D40,2,0,0
YOLO11n,Japan__Japan_012735,D00,0,0,1
YOLO11n,Japan__Japan_012735,D10,0,0,1
YOLO11n,Japan__Japan_012735,D20,1,0,0
YOLO11n,Japan__Japan_012743,D00,1,3,4
YOLO11n,Japan__Japan_012765,D00,0,0,2
YOLO11n,Japan__Japan_012772,D00,0,1,1
YOLO11n,Japan__Japan_012784,D00,2,0,2
YOLO11n,Japan__Japan_012784,D20,0,0,1
YOLO11n,Japan__Japan_012784,D40,0,0,1
YOLO11n,Japan__Japan_012790,D10,0,1,3
YOLO11n,Japan__Japan_012802,D10,0,1,0
YOLO11n,Japan__Japan_012807,D10,1,0,0
YOLO11n,Japan__Japan_012807,D20,1,1,2
YOLO11n,Japan__Japan_012807,D40,0,1,0
YOLO11n,Japan__Japan_012813,D10,1,0,0
YOLO11n,Japan__Japan_012813,D20,1,1,1
YOLO11n,Japan__Japan_012829,D20,1,1,2
YOLO11n,Japan__Japan_012829,D40,0,0,1
YOLO11n,Japan__Japan_012879,D10,0,1,0
YOLO11n,Japan__Japan_012879,D20,0,2,0
YOLO11n,Japan__Japan_012889,D10,1,0,0
YOLO11n,Japan__Japan_012923,D20,1,1,1
YOLO11n,Japan__Japan_012929,D10,0,1,0
YOLO11n,Japan__Japan_012933,D20,1,0,0
YOLO11n,Japan__Japan_012940,D10,1,0,3
YOLO11n,Japan__Japan_012947,D10,1,0,0
YOLO11n,Japan__Japan_012954,D00,0,0,1
YOLO11n,Japan__Japan_012954,D10,1,1,1
YOLO11n,Japan__Japan_012957,D20,1,0,0
YOLO11n,Japan__Japan_012970,D00,1,1,0
YOLO11n,Japan__Japan_012970,D10,2,1,0
YOLO11n,Japan__Japan_012970,D20,1,0,0
YOLO11n,Japan__Japan_012975,D10,0,0,1
YOLO11n,Japan__Japan_012975,D20,1,0,0
YOLO11n,Japan__Japan_012975,D40,0,0,1
YOLO11n,Japan__Japan_012978,D00,1,0,0
YOLO11n,Japan__Japan_012978,D10,0,0,3
YOLO11n,Japan__Japan_013005,D00,2,2,1
YOLO11n,Japan__Japan_013005,D10,0,1,2
YOLO11n,Japan__Japan_013005,D20,1,0,0
YOLO11n,Japan__Japan_013015,D10,0,0,4
YOLO11n,Japan__Japan_013015,D20,0,0,1
YOLO11n,Japan__Japan_013025,D10,0,0,1
YOLO11n,Japan__Japan_013026,D40,0,0,1
YOLO11n,Japan__Japan_013037,D00,0,0,1
YOLO11n,Japan__Japan_013047,D00,1,1,0
YOLO11n,Japan__Japan_013058,D10,0,0,1
YOLO11n,Japan__Japan_013058,D20,2,1,0
YOLO11n,Japan__Japan_013092,D00,1,0,0
YOLO11n,Japan__Japan_013109,D40,0,0,4
YOLO11n,Japan__Japan_013110,D10,0,0,1
YOLO11n,Japan__Japan_013110,D20,1,0,0
YOLO11n,Japan__Japan_013132,D00,0,1,1
YOLO11n,Japan__Japan_013132,D20,0,0,1
YOLO11n,Norway__Norway_000041,D00,0,0,1
YOLO11n,Norway__Norway_000044,D00,0,1,0
YOLO11n,Norway__Norway_000044,D10,1,0,0
YOLO11n,Norway__Norway_000050,D00,0,0,2
YOLO11n,Norway__Norway_000066,D00,1,0,1
YOLO11n,Norway__Norway_000078,D00,0,0,1
YOLO11n,Norway__Norway_000088,D10,1,0,0
YOLO11n,Norway__Norway_000090,D00,1,0,6
YOLO11n,Norway__Norway_000090,D10,0,0,1
YOLO11n,Norway__Norway_000099,D00,3,3,8
YOLO11n,Norway__Norway_000103,D00,0,1,1
YOLO11n,Norway__Norway_000149,D00,2,4,0
YOLO11n,Norway__Norway_000149,D20,0,0,1
YOLO11n,Norway__Norway_000176,D00,3,2,1
YOLO11n,Norway__Norway_000205,D00,1,0,1
YOLO11n,Norway__Norway_000215,D00,0,0,1
YOLO11n,Norway__Norway_000224,D00,0,1,0
YOLO11n,Norway__Norway_000255,D00,0,0,5
YOLO11n,Norway__Norway_000262,D00,0,0,1
YOLO11n,Norway__Norway_000281,D10,1,0,0
YOLO11n,Norway__Norway_000285,D00,0,1,0
YOLO11n,Norway__Norway_000288,D00,1,0,0
YOLO11n,Norway__Norway_000351,D00,1,2,1
YOLO11n,Norway__Norway_000353,D00,0,0,1
YOLO11n,Norway__Norway_000366,D00,0,0,1
YOLO11n,Norway__Norway_000366,D10,0,0,1
YOLO11n,Norway__Norway_000367,D00,0,0,2
YOLO11n,Norway__Norway_000367,D10,0,0,1
YOLO11n,Norway__Norway_000416,D00,2,3,3
YOLO11n,Norway__Norway_000498,D00,0,1,0
YOLO11n,Norway__Norway_000509,D00,1,0,1
YOLO11n,Norway__Norway_000512,D00,1,2,4
YOLO11n,Norway__Norway_000512,D10,0,0,6
YOLO11n,Norway__Norway_000597,D00,1,0,0
YOLO11n,Norway__Norway_000604,D10,0,0,1
YOLO11n,Norway__Norway_000620,D00,0,0,4
YOLO11n,Norway__Norway_000632,D00,1,0,1
YOLO11n,Norway__Norway_000632,D10,0,0,1
YOLO11n,Norway__Norway_000678,D00,2,0,7
YOLO11n,Norway__Norway_000678,D10,0,0,2
YOLO11n,Norway__Norway_000678,D20,0,2,2
YOLO11n,Norway__Norway_000678,D40,0,0,1
YOLO11n,Norway__Norway_000681,D10,0,0,1
YOLO11n,Norway__Norway_000698,D00,0,0,2
YOLO11n,Norway__Norway_000698,D10,0,0,2
YOLO11n,Norway__Norway_000699,D00,0,0,1
YOLO11n,Norway__Norway_000702,D00,3,5,6
YOLO11n,Norway__Norway_000702,D10,0,0,1
YOLO11n,Norway__Norway_000702,D40,0,0,1
YOLO11n,Norway__Norway_000705,D00,0,0,11
YOLO11n,Norway__Norway_000705,D20,0,0,1
YOLO11n,Norway__Norway_000711,D00,0,1,0
YOLO11n,Norway__Norway_000736,D00,1,0,1
YOLO11n,Norway__Norway_000746,D00,0,1,3
YOLO11n,Norway__Norway_000759,D00,2,1,1
YOLO11n,Norway__Norway_000775,D00,0,0,2
YOLO11n,Norway__Norway_000787,D00,0,1,0
YOLO11n,Norway__Norway_000831,D10,0,0,1
YOLO11n,Norway__Norway_000831,D20,1,0,0
YOLO11n,Norway__Norway_000853,D00,2,2,1
YOLO11n,Norway__Norway_000853,D10,0,0,1
YOLO11n,Norway__Norway_000868,D00,0,1,7
YOLO11n,Norway__Norway_000868,D10,0,0,1
YOLO11n,Norway__Norway_000868,D20,0,0,1
YOLO11n,Norway__Norway_000922,D00,1,6,18
YOLO11n,Norway__Norway_000922,D10,3,2,5
YOLO11n,Norway__Norway_000922,D20,0,0,2
YOLO11n,Norway__Norway_000922,D40,0,0,1
YOLO11n,Norway__Norway_000943,D00,2,2,16
YOLO11n,Norway__Norway_000943,D10,0,0,1
YOLO11n,Norway__Norway_000943,D20,0,0,1
YOLO11n,Norway__Norway_000947,D00,1,0,0
YOLO11n,Norway__Norway_000963,D00,1,1,2
YOLO11n,Norway__Norway_000967,D00,0,0,1
YOLO11n,Norway__Norway_000967,D10,0,0,1
YOLO11n,Norway__Norway_000967,D40,0,0,1
YOLO11n,Norway__Norway_000986,D00,1,0,0
YOLO11n,Norway__Norway_000986,D40,0,0,1
YOLO11n,Norway__Norway_000989,D00,0,0,2
YOLO11n,Norway__Norway_000989,D10,1,0,0
YOLO11n,Norway__Norway_000991,D00,0,0,1
YOLO11n,Norway__Norway_001001,D00,0,0,1
YOLO11n,Norway__Norway_001019,D00,7,17,10
YOLO11n,Norway__Norway_001019,D10,0,0,1
YOLO11n,Norway__Norway_001019,D20,1,0,1
YOLO11n,Norway__Norway_001053,D00,1,1,3
YOLO11n,Norway__Norway_001058,D00,2,2,4
YOLO11n,Norway__Norway_001080,D00,5,6,2
YOLO11n,Norway__Norway_001083,D00,1,1,0
YOLO11n,Norway__Norway_001091,D00,0,0,2
YOLO11n,Norway__Norway_001106,D00,0,1,0
YOLO11n,Norway__Norway_001142,D00,2,0,1
YOLO11n,Norway__Norway_001177,D00,0,0,1
YOLO11n,Norway__Norway_001188,D00,1,0,0
YOLO11n,Norway__Norway_001188,D10,0,0,1
YOLO11n,Norway__Norway_001192,D00,0,0,2
YOLO11n,Norway__Norway_001192,D10,0,0,1
YOLO11n,Norway__Norway_001197,D00,1,0,0
YOLO11n,Norway__Norway_001197,D10,0,2,1
YOLO11n,Norway__Norway_001210,D00,0,0,5
YOLO11n,Norway__Norway_001232,D00,0,0,2
YOLO11n,Norway__Norway_001232,D10,0,1,3
YOLO11n,Norway__Norway_001234,D00,0,0,1
YOLO11n,Norway__Norway_001234,D10,0,0,3
YOLO11n,Norway__Norway_001279,D00,0,3,0
YOLO11n,Norway__Norway_001279,D40,0,0,2
YOLO11n,Norway__Norway_001332,D00,2,0,3
YOLO11n,Norway__Norway_001332,D10,0,0,1
YOLO11n,Norway__Norway_001340,D00,1,0,3
YOLO11n,Norway__Norway_001340,D20,0,0,1
YOLO11n,Norway__Norway_001343,D00,2,0,2
YOLO11n,Norway__Norway_001343,D10,0,0,1
YOLO11n,Norway__Norway_001344,D00,0,0,1
YOLO11n,Norway__Norway_001348,D00,4,4,5
YOLO11n,Norway__Norway_001348,D20,0,1,0
YOLO11n,Norway__Norway_001397,D00,0,0,3
YOLO11n,Norway__Norway_001397,D10,0,0,2
YOLO11n,Norway__Norway_001407,D00,0,0,1
YOLO11n,Norway__Norway_001425,D00,0,1,5
YOLO11n,Norway__Norway_001425,D10,0,0,3
YOLO11n,Norway__Norway_001425,D20,0,0,1
YOLO11n,Norway__Norway_001440,D00,0,0,3
YOLO11n,Norway__Norway_001440,D10,1,1,1
YOLO11n,Norway__Norway_001440,D20,0,0,2
YOLO11n,Norway__Norway_001448,D00,0,0,1
YOLO11n,Norway__Norway_001466,D10,0,0,1
YOLO11n,Norway__Norway_001468,D00,1,1,0
YOLO11n,Norway__Norway_001494,D00,4,0,3
YOLO11n,Norway__Norway_001496,D00,0,0,3
YOLO11n,Norway__Norway_001498,D00,0,0,1
YOLO11n,Norway__Norway_001507,D40,0,0,6
YOLO11n,Norway__Norway_001525,D00,2,0,2
YOLO11n,Norway__Norway_001530,D00,1,5,3
YOLO11n,Norway__Norway_001530,D10,0,1,1
YOLO11n,Norway__Norway_001643,D00,1,0,1
YOLO11n,Norway__Norway_001675,D00,2,2,3
YOLO11n,Norway__Norway_001680,D00,1,1,10
YOLO11n,Norway__Norway_001680,D20,0,0,2
YOLO11n,Norway__Norway_001688,D00,1,0,4
YOLO11n,Norway__Norway_001688,D20,0,0,1
YOLO11n,Norway__Norway_001694,D00,1,0,1
YOLO11n,Norway__Norway_001696,D00,0,0,1
YOLO11n,Norway__Norway_001705,D00,1,0,2
YOLO11n,Norway__Norway_001705,D10,0,0,1
YOLO11n,Norway__Norway_001706,D00,0,0,5
YOLO11n,Norway__Norway_001706,D10,0,0,1
YOLO11n,Norway__Norway_001720,D40,0,0,1
YOLO11n,Norway__Norway_001726,D00,3,1,1
YOLO11n,Norway__Norway_001740,D00,1,0,1
YOLO11n,Norway__Norway_001751,D00,0,1,0
YOLO11n,Norway__Norway_001770,D10,0,0,1
YOLO11n,Norway__Norway_001770,D40,1,1,7
YOLO11n,Norway__Norway_001782,D00,0,0,1
YOLO11n,Norway__Norway_001821,D00,0,0,1
YOLO11n,Norway__Norway_001846,D00,0,0,1
YOLO11n,Norway__Norway_001847,D00,1,0,4
YOLO11n,Norway__Norway_001863,D00,0,0,1
YOLO11n,Norway__Norway_001872,D00,0,1,3
YOLO11n,Norway__Norway_001935,D00,4,0,10
YOLO11n,Norway__Norway_001936,D00,1,0,0
YOLO11n,Norway__Norway_001941,D00,0,1,2
YOLO11n,Norway__Norway_001953,D00,0,0,1
YOLO11n,Norway__Norway_001962,D00,0,0,1
YOLO11n,Norway__Norway_001966,D00,0,0,2
YOLO11n,Norway__Norway_001968,D00,0,0,2
YOLO11n,Norway__Norway_001978,D00,0,0,2
YOLO11n,Norway__Norway_001979,D00,6,6,13
YOLO11n,Norway__Norway_001979,D10,2,1,2
YOLO11n,Norway__Norway_001996,D00,0,1,6
YOLO11n,Norway__Norway_001996,D10,0,0,3
YOLO11n,Norway__Norway_002025,D00,1,0,5
YOLO11n,Norway__Norway_002025,D10,0,0,2
YOLO11n,Norway__Norway_002039,D00,2,11,1
YOLO11n,Norway__Norway_002039,D20,0,0,1
YOLO11n,Norway__Norway_002054,D00,0,0,2
YOLO11n,Norway__Norway_002054,D10,1,0,0
YOLO11n,Norway__Norway_002075,D00,0,0,5
YOLO11n,Norway__Norway_002075,D10,0,0,1
YOLO11n,Norway__Norway_002096,D00,0,0,1
YOLO11n,Norway__Norway_002101,D00,0,0,1
YOLO11n,Norway__Norway_002160,D00,0,2,0
YOLO11n,Norway__Norway_002169,D00,1,0,0
YOLO11n,Norway__Norway_002181,D00,0,0,1
YOLO11n,Norway__Norway_002187,D10,0,0,1
YOLO11n,Norway__Norway_002190,D00,0,0,4
YOLO11n,Norway__Norway_002190,D10,0,0,3
YOLO11n,Norway__Norway_002198,D00,2,1,6
YOLO11n,Norway__Norway_002213,D00,0,0,1
YOLO11n,Norway__Norway_002226,D00,1,0,0
YOLO11n,Norway__Norway_002240,D00,0,1,5
YOLO11n,Norway__Norway_002240,D10,1,0,0
YOLO11n,Norway__Norway_002281,D00,1,1,6
YOLO11n,Norway__Norway_002281,D10,0,0,2
YOLO11n,Norway__Norway_002293,D00,0,0,1
YOLO11n,Norway__Norway_002299,D40,0,0,2
YOLO11n,Norway__Norway_002310,D00,0,0,2
YOLO11n,Norway__Norway_002345,D00,0,0,1
YOLO11n,Norway__Norway_002363,D00,0,0,1
YOLO11n,Norway__Norway_002407,D00,1,0,0
YOLO11n,Norway__Norway_002417,D00,1,0,0
YOLO11n,Norway__Norway_002450,D00,0,0,6
YOLO11n,Norway__Norway_002463,D00,1,0,0
YOLO11n,Norway__Norway_002485,D00,1,0,1
YOLO11n,Norway__Norway_002493,D00,0,1,0
YOLO11n,Norway__Norway_002504,D00,0,0,2
YOLO11n,Norway__Norway_002504,D10,0,0,2
YOLO11n,Norway__Norway_002515,D00,1,1,4
YOLO11n,Norway__Norway_002542,D00,1,0,0
YOLO11n,Norway__Norway_002603,D00,0,0,1
YOLO11n,Norway__Norway_002603,D10,0,0,2
YOLO11n,Norway__Norway_002624,D00,1,0,0
YOLO11n,Norway__Norway_002636,D20,0,1,0
YOLO11n,Norway__Norway_002641,D00,1,3,5
YOLO11n,Norway__Norway_002657,D00,0,0,1
YOLO11n,Norway__Norway_002663,D00,0,0,1
YOLO11n,Norway__Norway_002681,D00,1,5,5
YOLO11n,Norway__Norway_002681,D20,1,0,0
YOLO11n,Norway__Norway_002683,D00,0,0,1
YOLO11n,Norway__Norway_002683,D10,1,0,1
YOLO11n,Norway__Norway_002699,D10,0,0,1
YOLO11n,Norway__Norway_002724,D00,0,1,1
YOLO11n,Norway__Norway_002755,D00,1,4,9
YOLO11n,Norway__Norway_002755,D10,0,0,1
YOLO11n,Norway__Norway_002755,D20,1,0,0
YOLO11n,Norway__Norway_002768,D00,0,0,1
YOLO11n,Norway__Norway_002768,D10,1,0,0
YOLO11n,Norway__Norway_002828,D00,0,0,1
YOLO11n,Norway__Norway_002835,D10,0,0,1
YOLO11n,Norway__Norway_002853,D00,1,2,20
YOLO11n,Norway__Norway_002853,D10,0,0,3
YOLO11n,Norway__Norway_002853,D20,0,0,2
YOLO11n,Norway__Norway_002889,D00,0,0,1
YOLO11n,Norway__Norway_002947,D00,1,4,0
YOLO11n,Norway__Norway_002955,D00,0,0,3
YOLO11n,Norway__Norway_002992,D00,3,0,6
YOLO11n,Norway__Norway_002992,D20,0,0,1
YOLO11n,Norway__Norway_003004,D00,3,0,3
YOLO11n,Norway__Norway_003004,D20,0,0,2
YOLO11n,Norway__Norway_003036,D00,0,1,0
YOLO11n,Norway__Norway_003050,D00,0,0,1
YOLO11n,Norway__Norway_003101,D00,3,3,1
YOLO11n,Norway__Norway_003101,D10,1,1,1
YOLO11n,Norway__Norway_003122,D00,3,4,10
YOLO11n,Norway__Norway_003122,D10,0,0,3
YOLO11n,Norway__Norway_003129,D00,0,0,2
YOLO11n,Norway__Norway_003138,D00,1,0,1
YOLO11n,Norway__Norway_003138,D10,0,2,0
YOLO11n,Norway__Norway_003192,D00,1,0,1
YOLO11n,Norway__Norway_003195,D10,1,0,0
YOLO11n,Norway__Norway_003246,D10,0,0,1
YOLO11n,Norway__Norway_003262,D00,0,0,1
YOLO11n,Norway__Norway_003263,D00,0,0,1
YOLO11n,Norway__Norway_003284,D00,0,0,2
YOLO11n,Norway__Norway_003295,D00,1,0,1
YOLO11n,Norway__Norway_003295,D10,0,0,2
YOLO11n,Norway__Norway_003308,D00,0,0,4
YOLO11n,Norway__Norway_003308,D10,0,0,2
YOLO11n,Norway__Norway_003346,D00,0,0,5
YOLO11n,Norway__Norway_003346,D10,0,0,1
YOLO11n,Norway__Norway_003348,D00,1,1,0
YOLO11n,Norway__Norway_003357,D10,0,0,2
YOLO11n,Norway__Norway_003359,D00,1,1,1
YOLO11n,Norway__Norway_003363,D40,0,0,1
YOLO11n,Norway__Norway_003396,D00,0,0,1
YOLO11n,Norway__Norway_003443,D00,0,0,1
YOLO11n,Norway__Norway_003446,D00,2,1,1
YOLO11n,Norway__Norway_003448,D00,0,1,5
YOLO11n,Norway__Norway_003448,D40,0,0,2
YOLO11n,Norway__Norway_003480,D10,0,1,0
YOLO11n,Norway__Norway_003490,D00,0,0,1
YOLO11n,Norway__Norway_003502,D00,0,0,1
YOLO11n,Norway__Norway_003503,D00,1,0,0
YOLO11n,Norway__Norway_003542,D00,1,0,1
YOLO11n,Norway__Norway_003542,D10,0,1,1
YOLO11n,Norway__Norway_003542,D40,0,0,2
YOLO11n,Norway__Norway_003558,D00,2,0,1
YOLO11n,Norway__Norway_003601,D00,0,0,2
YOLO11n,Norway__Norway_003601,D40,0,0,1
YOLO11n,Norway__Norway_003609,D00,0,1,0
YOLO11n,Norway__Norway_003617,D00,0,1,3
YOLO11n,Norway__Norway_003617,D10,0,0,1
YOLO11n,Norway__Norway_003641,D00,0,0,2
YOLO11n,Norway__Norway_003641,D20,0,1,0
YOLO11n,Norway__Norway_003641,D40,0,0,2
YOLO11n,Norway__Norway_003669,D00,0,0,2
YOLO11n,Norway__Norway_003708,D10,0,0,3
YOLO11n,Norway__Norway_003722,D00,0,0,1
YOLO11n,Norway__Norway_003728,D00,0,1,0
YOLO11n,Norway__Norway_003730,D00,5,5,15
YOLO11n,Norway__Norway_003730,D10,0,0,7
YOLO11n,Norway__Norway_003771,D00,0,0,2
YOLO11n,Norway__Norway_003771,D10,0,0,1
YOLO11n,Norway__Norway_003776,D10,0,1,2
YOLO11n,Norway__Norway_003836,D00,1,1,0
YOLO11n,Norway__Norway_003856,D00,0,1,0
YOLO11n,Norway__Norway_003856,D10,1,1,2
YOLO11n,Norway__Norway_003905,D20,0,0,1
YOLO11n,Norway__Norway_003921,D00,0,0,1
YOLO11n,Norway__Norway_003922,D00,1,0,1
YOLO11n,Norway__Norway_003933,D00,0,0,2
YOLO11n,Norway__Norway_003962,D00,0,0,1
YOLO11n,Norway__Norway_004008,D00,0,1,0
YOLO11n,Norway__Norway_004008,D10,0,1,0
YOLO11n,Norway__Norway_004032,D00,1,0,5
YOLO11n,Norway__Norway_004032,D10,0,0,3
YOLO11n,Norway__Norway_004046,D00,2,3,1
YOLO11n,Norway__Norway_004095,D00,1,0,2
YOLO11n,Norway__Norway_004095,D10,0,0,1
YOLO11n,Norway__Norway_004097,D00,0,0,2
YOLO11n,Norway__Norway_004118,D00,2,2,6
YOLO11n,Norway__Norway_004118,D10,1,0,7
YOLO11n,Norway__Norway_004131,D00,0,0,2
YOLO11n,Norway__Norway_004131,D10,0,0,2
YOLO11n,Norway__Norway_004196,D00,1,4,10
YOLO11n,Norway__Norway_004196,D10,0,0,1
YOLO11n,Norway__Norway_004237,D00,0,0,1
YOLO11n,Norway__Norway_004241,D00,0,0,6
YOLO11n,Norway__Norway_004241,D20,0,0,1
YOLO11n,Norway__Norway_004242,D00,3,0,3
YOLO11n,Norway__Norway_004267,D00,0,0,2
YOLO11n,Norway__Norway_004294,D00,0,1,4
YOLO11n,Norway__Norway_004294,D10,0,0,1
YOLO11n,Norway__Norway_004301,D00,0,0,1
YOLO11n,Norway__Norway_004302,D00,2,2,5
YOLO11n,Norway__Norway_004319,D00,0,0,3
YOLO11n,Norway__Norway_004319,D10,0,0,1
YOLO11n,Norway__Norway_004376,D00,1,0,4
YOLO11n,Norway__Norway_004376,D10,0,0,2
YOLO11n,Norway__Norway_004376,D20,0,0,1
YOLO11n,Norway__Norway_004380,D00,0,0,1
YOLO11n,Norway__Norway_004380,D10,0,0,1
YOLO11n,Norway__Norway_004394,D00,1,1,3
YOLO11n,Norway__Norway_004394,D10,0,0,5
YOLO11n,Norway__Norway_004394,D20,0,0,1
YOLO11n,Norway__Norway_004432,D00,0,0,1
YOLO11n,Norway__Norway_004448,D00,0,0,1
YOLO11n,Norway__Norway_004453,D00,1,0,4
YOLO11n,Norway__Norway_004460,D00,0,0,1
YOLO11n,Norway__Norway_004468,D10,0,0,1
YOLO11n,Norway__Norway_004469,D00,0,1,0
YOLO11n,Norway__Norway_004475,D00,0,0,1
YOLO11n,Norway__Norway_004475,D10,0,0,1
YOLO11n,Norway__Norway_004487,D00,0,0,4
YOLO11n,Norway__Norway_004502,D00,1,1,0
YOLO11n,Norway__Norway_004531,D00,0,1,1
YOLO11n,Norway__Norway_004552,D20,0,0,1
YOLO11n,Norway__Norway_004552,D40,1,0,2
YOLO11n,Norway__Norway_004556,D00,0,0,2
YOLO11n,Norway__Norway_004556,D10,0,0,2
YOLO11n,Norway__Norway_004557,D00,0,0,1
YOLO11n,Norway__Norway_004559,D10,0,1,0
YOLO11n,Norway__Norway_004561,D00,1,0,1
YOLO11n,Norway__Norway_004566,D00,0,0,2
YOLO11n,Norway__Norway_004566,D10,0,0,1
YOLO11n,Norway__Norway_004566,D40,0,0,1
YOLO11n,Norway__Norway_004591,D00,0,0,5
YOLO11n,Norway__Norway_004619,D00,0,0,2
YOLO11n,Norway__Norway_004619,D10,0,1,0
YOLO11n,Norway__Norway_004619,D40,0,0,1
YOLO11n,Norway__Norway_004626,D00,0,0,1
YOLO11n,Norway__Norway_004628,D10,0,0,1
YOLO11n,Norway__Norway_004638,D00,1,1,0
YOLO11n,Norway__Norway_004638,D10,0,1,0
YOLO11n,Norway__Norway_004640,D10,0,2,1
YOLO11n,Norway__Norway_004657,D00,1,0,0
YOLO11n,Norway__Norway_004674,D00,1,2,1
YOLO11n,Norway__Norway_004674,D20,1,1,1
YOLO11n,Norway__Norway_004679,D00,2,3,4
YOLO11n,Norway__Norway_004693,D00,0,0,1
YOLO11n,Norway__Norway_004693,D10,1,0,1
YOLO11n,Norway__Norway_004738,D00,0,0,1
YOLO11n,Norway__Norway_004738,D10,0,0,2
YOLO11n,Norway__Norway_004743,D20,0,1,0
YOLO11n,Norway__Norway_004755,D00,2,0,1
YOLO11n,Norway__Norway_004755,D10,0,1,3
YOLO11n,Norway__Norway_004756,D00,0,0,2
YOLO11n,Norway__Norway_004771,D00,1,1,0
YOLO11n,Norway__Norway_004771,D10,0,0,2
YOLO11n,Norway__Norway_004854,D00,2,2,3
YOLO11n,Norway__Norway_004854,D20,0,0,1
YOLO11n,Norway__Norway_004878,D00,1,0,5
YOLO11n,Norway__Norway_004878,D10,0,0,2
YOLO11n,Norway__Norway_004881,D00,0,1,0
YOLO11n,Norway__Norway_004881,D20,0,0,2
YOLO11n,Norway__Norway_004892,D10,0,1,1
YOLO11n,Norway__Norway_004892,D40,0,0,3
YOLO11n,Norway__Norway_004900,D10,0,0,1
YOLO11n,Norway__Norway_004925,D00,0,0,1
YOLO11n,Norway__Norway_004928,D00,1,0,1
YOLO11n,Norway__Norway_004931,D00,4,4,8
YOLO11n,Norway__Norway_004931,D10,0,1,1
YOLO11n,Norway__Norway_004931,D20,0,0,1
YOLO11n,Norway__Norway_004940,D00,2,1,1
YOLO11n,Norway__Norway_004948,D00,0,0,2
YOLO11n,Norway__Norway_004954,D00,3,0,7
YOLO11n,Norway__Norway_004966,D00,0,0,4
YOLO11n,Norway__Norway_004969,D00,2,0,2
YOLO11n,Norway__Norway_004971,D00,0,0,1
YOLO11n,Norway__Norway_004971,D10,0,0,1
YOLO11n,Norway__Norway_005032,D00,1,0,1
YOLO11n,Norway__Norway_005044,D00,1,0,1
YOLO11n,Norway__Norway_005051,D00,0,0,1
YOLO11n,Norway__Norway_005055,D00,0,0,5
YOLO11n,Norway__Norway_005075,D00,0,1,1
YOLO11n,Norway__Norway_005096,D00,0,0,1
YOLO11n,Norway__Norway_005108,D00,0,0,4
YOLO11n,Norway__Norway_005108,D20,0,1,0
YOLO11n,Norway__Norway_005121,D00,0,0,1
YOLO11n,Norway__Norway_005121,D20,0,0,1
YOLO11n,Norway__Norway_005140,D00,0,0,1
YOLO11n,Norway__Norway_005168,D00,0,1,1
YOLO11n,Norway__Norway_005197,D00,1,1,0
YOLO11n,Norway__Norway_005238,D00,4,3,5
YOLO11n,Norway__Norway_005238,D10,0,1,4
YOLO11n,Norway__Norway_005238,D20,0,0,2
YOLO11n,Norway__Norway_005238,D40,0,0,3
YOLO11n,Norway__Norway_005242,D00,1,0,4
YOLO11n,Norway__Norway_005242,D20,1,0,1
YOLO11n,Norway__Norway_005242,D40,0,0,3
YOLO11n,Norway__Norway_005254,D00,0,1,0
YOLO11n,Norway__Norway_005262,D00,0,1,0
YOLO11n,Norway__Norway_005263,D00,0,0,2
YOLO11n,Norway__Norway_005267,D00,0,0,1
YOLO11n,Norway__Norway_005274,D00,1,2,6
YOLO11n,Norway__Norway_005341,D00,0,0,1
YOLO11n,Norway__Norway_005363,D10,1,0,1
YOLO11n,Norway__Norway_005392,D00,0,0,1
YOLO11n,Norway__Norway_005400,D00,0,0,1
YOLO11n,Norway__Norway_005415,D00,0,0,2
YOLO11n,Norway__Norway_005441,D00,0,0,3
YOLO11n,Norway__Norway_005441,D40,0,0,1
YOLO11n,Norway__Norway_005443,D00,1,0,2
YOLO11n,Norway__Norway_005445,D10,1,0,0
YOLO11n,Norway__Norway_005473,D00,0,1,3
YOLO11n,Norway__Norway_005473,D10,0,0,1
YOLO11n,Norway__Norway_005501,D10,0,0,1
YOLO11n,Norway__Norway_005525,D00,1,0,1
YOLO11n,Norway__Norway_005547,D10,0,0,1
YOLO11n,Norway__Norway_005553,D00,1,1,0
YOLO11n,Norway__Norway_005553,D40,0,0,2
YOLO11n,Norway__Norway_005559,D00,2,1,10
YOLO11n,Norway__Norway_005559,D10,0,0,9
YOLO11n,Norway__Norway_005596,D00,0,1,4
YOLO11n,Norway__Norway_005610,D00,0,0,1
YOLO11n,Norway__Norway_005617,D00,0,0,1
YOLO11n,Norway__Norway_005619,D10,1,0,0
YOLO11n,Norway__Norway_005632,D00,0,0,2
YOLO11n,Norway__Norway_005632,D10,0,0,1
YOLO11n,Norway__Norway_005652,D00,0,0,1
YOLO11n,Norway__Norway_005652,D10,0,0,2
YOLO11n,Norway__Norway_005661,D00,1,0,2
YOLO11n,Norway__Norway_005667,D00,0,0,1
YOLO11n,Norway__Norway_005686,D00,0,1,0
YOLO11n,Norway__Norway_005686,D20,0,0,1
YOLO11n,Norway__Norway_005711,D00,0,1,0
YOLO11n,Norway__Norway_005711,D10,0,0,1
YOLO11n,Norway__Norway_005716,D00,0,0,1
YOLO11n,Norway__Norway_005727,D00,1,3,3
YOLO11n,Norway__Norway_005727,D10,1,0,0
YOLO11n,Norway__Norway_005727,D40,0,0,1
YOLO11n,Norway__Norway_005754,D00,0,0,9
YOLO11n,Norway__Norway_005760,D00,1,1,0
YOLO11n,Norway__Norway_005793,D00,0,0,3
YOLO11n,Norway__Norway_005810,D00,1,0,0
YOLO11n,Norway__Norway_005820,D00,0,1,2
YOLO11n,Norway__Norway_005820,D40,0,0,1
YOLO11n,Norway__Norway_005826,D00,1,0,0
YOLO11n,Norway__Norway_005829,D00,0,3,2
YOLO11n,Norway__Norway_005835,D10,1,1,4
YOLO11n,Norway__Norway_005866,D00,0,0,1
YOLO11n,Norway__Norway_005898,D00,1,0,3
YOLO11n,Norway__Norway_005930,D00,3,1,1
YOLO11n,Norway__Norway_005964,D00,1,0,2
YOLO11n,Norway__Norway_005964,D10,0,0,5
YOLO11n,Norway__Norway_005971,D00,0,0,3
YOLO11n,Norway__Norway_005982,D00,0,0,1
YOLO11n,Norway__Norway_005982,D20,0,0,1
YOLO11n,Norway__Norway_005983,D00,1,0,1
YOLO11n,Norway__Norway_005996,D00,1,0,0
YOLO11n,Norway__Norway_006023,D00,0,1,1
YOLO11n,Norway__Norway_006052,D00,1,0,0
YOLO11n,Norway__Norway_006133,D00,0,0,1
YOLO11n,Norway__Norway_006137,D00,0,1,0
YOLO11n,Norway__Norway_006137,D40,0,0,3
YOLO11n,Norway__Norway_006150,D00,0,0,1
YOLO11n,Norway__Norway_006166,D00,1,0,0
YOLO11n,Norway__Norway_006168,D00,1,2,10
YOLO11n,Norway__Norway_006168,D10,1,0,10
YOLO11n,Norway__Norway_006168,D20,0,0,1
YOLO11n,Norway__Norway_006168,D40,0,0,2
YOLO11n,Norway__Norway_006172,D10,0,0,1
YOLO11n,Norway__Norway_006193,D10,0,0,1
YOLO11n,Norway__Norway_006222,D00,1,0,1
YOLO11n,Norway__Norway_006222,D10,0,0,2
YOLO11n,Norway__Norway_006222,D20,0,0,2
YOLO11n,Norway__Norway_006227,D00,0,0,2
YOLO11n,Norway__Norway_006235,D00,3,3,5
YOLO11n,Norway__Norway_006235,D10,1,0,1
YOLO11n,Norway__Norway_006236,D00,1,0,4
YOLO11n,Norway__Norway_006236,D10,0,0,1
YOLO11n,Norway__Norway_006261,D00,1,0,0
YOLO11n,Norway__Norway_006265,D00,0,0,4
YOLO11n,Norway__Norway_006271,D00,1,0,2
YOLO11n,Norway__Norway_006319,D00,2,1,2
YOLO11n,Norway__Norway_006319,D20,0,0,1
YOLO11n,Norway__Norway_006323,D00,1,2,7
YOLO11n,Norway__Norway_006331,D00,0,4,3
YOLO11n,Norway__Norway_006331,D10,0,1,0
YOLO11n,Norway__Norway_006331,D20,1,1,2
YOLO11n,Norway__Norway_006335,D00,0,0,2
YOLO11n,Norway__Norway_006338,D00,0,0,8
YOLO11n,Norway__Norway_006338,D20,0,0,2
YOLO11n,Norway__Norway_006338,D40,0,0,2
YOLO11n,Norway__Norway_006349,D00,0,0,3
YOLO11n,Norway__Norway_006349,D10,0,0,1
YOLO11n,Norway__Norway_006360,D00,2,1,4
YOLO11n,Norway__Norway_006369,D00,0,1,1
YOLO11n,Norway__Norway_006379,D00,0,0,1
YOLO11n,Norway__Norway_006379,D20,0,1,1
YOLO11n,Norway__Norway_006404,D00,1,0,2
YOLO11n,Norway__Norway_006404,D10,1,2,0
YOLO11n,Norway__Norway_006417,D00,0,1,2
YOLO11n,Norway__Norway_006417,D10,0,0,1
YOLO11n,Norway__Norway_006480,D00,2,0,3
YOLO11n,Norway__Norway_006482,D00,0,0,2
YOLO11n,Norway__Norway_006508,D10,0,0,1
YOLO11n,Norway__Norway_006528,D00,1,1,2
YOLO11n,Norway__Norway_006528,D10,0,0,1
YOLO11n,Norway__Norway_006533,D00,0,0,1
YOLO11n,Norway__Norway_006550,D00,1,0,5
YOLO11n,Norway__Norway_006556,D00,4,7,25
YOLO11n,Norway__Norway_006556,D10,0,0,2
YOLO11n,Norway__Norway_006559,D00,1,3,9
YOLO11n,Norway__Norway_006565,D00,1,2,7
YOLO11n,Norway__Norway_006565,D10,1,0,0
YOLO11n,Norway__Norway_006565,D20,0,0,2
YOLO11n,Norway__Norway_006583,D00,0,0,1
YOLO11n,Norway__Norway_006583,D10,0,0,1
YOLO11n,Norway__Norway_006605,D00,0,0,3
YOLO11n,Norway__Norway_006605,D20,1,0,0
YOLO11n,Norway__Norway_006626,D00,0,0,1
YOLO11n,Norway__Norway_006627,D00,1,0,0
YOLO11n,Norway__Norway_006627,D10,1,0,0
YOLO11n,Norway__Norway_006647,D10,1,1,0
YOLO11n,Norway__Norway_006655,D40,0,0,1
YOLO11n,Norway__Norway_006711,D00,1,4,6
YOLO11n,Norway__Norway_006711,D10,0,0,1
YOLO11n,Norway__Norway_006739,D00,2,2,5
YOLO11n,Norway__Norway_006742,D00,0,0,1
YOLO11n,Norway__Norway_006814,D00,0,1,0
YOLO11n,Norway__Norway_006820,D10,0,0,1
YOLO11n,Norway__Norway_006823,D00,0,1,0
YOLO11n,Norway__Norway_006823,D10,1,0,0
YOLO11n,Norway__Norway_006825,D00,4,1,4
YOLO11n,Norway__Norway_006825,D10,1,0,1
YOLO11n,Norway__Norway_006897,D10,0,0,3
YOLO11n,Norway__Norway_006935,D10,1,1,0
YOLO11n,Norway__Norway_006937,D00,1,1,2
YOLO11n,Norway__Norway_006942,D00,3,0,1
YOLO11n,Norway__Norway_006973,D00,2,2,0
YOLO11n,Norway__Norway_007023,D00,0,0,2
YOLO11n,Norway__Norway_007040,D00,0,0,5
YOLO11n,Norway__Norway_007047,D00,1,0,0
YOLO11n,Norway__Norway_007053,D00,1,0,0
YOLO11n,Norway__Norway_007099,D00,0,0,3
YOLO11n,Norway__Norway_007124,D00,0,3,1
YOLO11n,Norway__Norway_007125,D10,0,0,1
YOLO11n,Norway__Norway_007138,D00,1,2,5
YOLO11n,Norway__Norway_007140,D00,0,0,2
YOLO11n,Norway__Norway_007142,D00,3,0,11
YOLO11n,Norway__Norway_007144,D00,0,0,2
YOLO11n,Norway__Norway_007148,D00,1,1,7
YOLO11n,Norway__Norway_007149,D00,0,0,2
YOLO11n,Norway__Norway_007168,D10,0,0,1
YOLO11n,Norway__Norway_007168,D20,0,0,1
YOLO11n,Norway__Norway_007190,D40,0,0,1
YOLO11n,Norway__Norway_007195,D00,0,0,2
YOLO11n,Norway__Norway_007202,D00,0,0,2
YOLO11n,Norway__Norway_007202,D20,0,0,1
YOLO11n,Norway__Norway_007202,D40,0,0,1
YOLO11n,Norway__Norway_007216,D00,0,0,1
YOLO11n,Norway__Norway_007231,D40,0,0,2
YOLO11n,Norway__Norway_007239,D00,0,0,1
YOLO11n,Norway__Norway_007249,D00,0,0,1
YOLO11n,Norway__Norway_007264,D00,2,4,7
YOLO11n,Norway__Norway_007264,D10,0,0,1
YOLO11n,Norway__Norway_007264,D20,0,0,4
YOLO11n,Norway__Norway_007267,D00,1,1,3
YOLO11n,Norway__Norway_007285,D00,0,0,1
YOLO11n,Norway__Norway_007292,D00,6,4,0
YOLO11n,Norway__Norway_007292,D10,1,0,1
YOLO11n,Norway__Norway_007329,D00,0,2,5
YOLO11n,Norway__Norway_007329,D40,0,0,3
YOLO11n,Norway__Norway_007355,D00,1,0,0
YOLO11n,Norway__Norway_007356,D00,0,1,2
YOLO11n,Norway__Norway_007372,D00,4,3,1
YOLO11n,Norway__Norway_007372,D10,0,0,3
YOLO11n,Norway__Norway_007373,D00,0,1,0
YOLO11n,Norway__Norway_007398,D00,1,0,1
YOLO11n,Norway__Norway_007417,D00,1,0,2
YOLO11n,Norway__Norway_007428,D00,1,0,4
YOLO11n,Norway__Norway_007428,D10,0,1,2
YOLO11n,Norway__Norway_007497,D10,0,0,1
YOLO11n,Norway__Norway_007498,D20,1,0,1
YOLO11n,Norway__Norway_007520,D00,0,0,4
YOLO11n,Norway__Norway_007520,D10,0,0,3
YOLO11n,Norway__Norway_007520,D20,0,0,4
YOLO11n,Norway__Norway_007535,D00,0,0,1
YOLO11n,Norway__Norway_007535,D20,0,1,1
YOLO11n,Norway__Norway_007540,D40,0,0,5
YOLO11n,Norway__Norway_007586,D00,1,0,0
YOLO11n,Norway__Norway_007589,D00,1,0,2
YOLO11n,Norway__Norway_007634,D00,0,0,2
YOLO11n,Norway__Norway_007634,D10,0,0,1
YOLO11n,Norway__Norway_007659,D00,0,0,4
YOLO11n,Norway__Norway_007659,D10,1,1,0
YOLO11n,Norway__Norway_007680,D00,0,0,6
YOLO11n,Norway__Norway_007680,D10,0,0,1
YOLO11n,Norway__Norway_007704,D00,2,1,0
YOLO11n,Norway__Norway_007707,D00,0,1,0
YOLO11n,Norway__Norway_007707,D40,0,0,1
YOLO11n,Norway__Norway_007718,D00,2,2,8
YOLO11n,Norway__Norway_007718,D10,0,0,1
YOLO11n,Norway__Norway_007747,D00,0,0,1
YOLO11n,Norway__Norway_007747,D10,0,0,2
YOLO11n,Norway__Norway_007780,D00,1,1,2
YOLO11n,Norway__Norway_007784,D00,0,1,0
YOLO11n,Norway__Norway_007799,D00,4,3,10
YOLO11n,Norway__Norway_007799,D10,0,0,3
YOLO11n,Norway__Norway_007799,D40,0,0,1
YOLO11n,Norway__Norway_007812,D00,0,0,2
YOLO11n,Norway__Norway_007824,D40,1,0,0
YOLO11n,Norway__Norway_007828,D10,0,1,0
YOLO11n,Norway__Norway_007832,D00,0,0,1
YOLO11n,Norway__Norway_007834,D00,0,0,2
YOLO11n,Norway__Norway_007834,D10,0,0,1
YOLO11n,Norway__Norway_007861,D00,0,0,2
YOLO11n,Norway__Norway_007902,D00,0,0,2
YOLO11n,Norway__Norway_007931,D10,0,1,1
YOLO11n,Norway__Norway_007940,D00,1,0,0
YOLO11n,Norway__Norway_007965,D00,1,2,4
YOLO11n,Norway__Norway_007965,D10,0,1,3
YOLO11n,Norway__Norway_007965,D20,1,0,0
YOLO11n,Norway__Norway_007970,D00,0,0,1
YOLO11n,Norway__Norway_007970,D40,0,0,2
YOLO11n,Norway__Norway_007981,D00,0,0,1
YOLO11n,Norway__Norway_007982,D00,3,2,0
YOLO11n,Norway__Norway_007982,D10,1,0,1
YOLO11n,Norway__Norway_007999,D00,0,0,1
YOLO11n,Norway__Norway_008000,D00,1,2,1
YOLO11n,Norway__Norway_008007,D00,0,0,2
YOLO11n,Norway__Norway_008036,D00,0,0,1
YOLO11n,Norway__Norway_008100,D00,0,0,5
YOLO11n,Norway__Norway_008100,D10,0,0,1
YOLO11n,Norway__Norway_008100,D20,0,0,2
YOLO11n,Norway__Norway_008137,D00,1,1,1
YOLO11n,Norway__Norway_008137,D40,0,0,1
YOLO11n,Norway__Norway_008146,D00,0,0,1
YOLO11n,Norway__Norway_008156,D00,1,0,3
YOLO11n,United_States__United_States_000005,D00,1,1,0
YOLO11n,United_States__United_States_000009,D00,1,3,0
YOLO11n,United_States__United_States_000022,D00,0,1,1
YOLO11n,United_States__United_States_000022,D10,2,1,0
YOLO11n,United_States__United_States_000023,D00,1,0,0
YOLO11n,United_States__United_States_000028,D10,1,0,1
YOLO11n,United_States__United_States_000031,D00,2,3,0
YOLO11n,United_States__United_States_000031,D10,1,1,0
YOLO11n,United_States__United_States_000043,D00,1,0,1
YOLO11n,United_States__United_States_000043,D20,0,0,1
YOLO11n,United_States__United_States_000046,D00,0,0,1
YOLO11n,United_States__United_States_000046,D10,0,0,1
YOLO11n,United_States__United_States_000052,D10,1,1,0
YOLO11n,United_States__United_States_000061,D00,2,1,0
YOLO11n,United_States__United_States_000062,D00,0,0,1
YOLO11n,United_States__United_States_000062,D10,1,1,1
YOLO11n,United_States__United_States_000062,D20,0,1,0
YOLO11n,United_States__United_States_000062,D40,0,0,1
YOLO11n,United_States__United_States_000078,D00,1,1,0
YOLO11n,United_States__United_States_000100,D00,1,1,1
YOLO11n,United_States__United_States_000100,D10,1,1,1
YOLO11n,United_States__United_States_000102,D40,0,0,1
YOLO11n,United_States__United_States_000103,D00,1,0,0
YOLO11n,United_States__United_States_000107,D00,4,2,0
YOLO11n,United_States__United_States_000107,D10,1,0,0
YOLO11n,United_States__United_States_000110,D00,1,2,0
YOLO11n,United_States__United_States_000125,D00,1,2,0
YOLO11n,United_States__United_States_000127,D10,1,0,2
YOLO11n,United_States__United_States_000129,D00,1,0,0
YOLO11n,United_States__United_States_000129,D10,0,0,1
YOLO11n,United_States__United_States_000132,D00,1,0,0
YOLO11n,United_States__United_States_000132,D20,0,1,0
YOLO11n,United_States__United_States_000158,D00,0,1,2
YOLO11n,United_States__United_States_000158,D10,1,0,0
YOLO11n,United_States__United_States_000171,D00,2,0,0
YOLO11n,United_States__United_States_000180,D00,2,1,0
YOLO11n,United_States__United_States_000180,D10,3,0,0
YOLO11n,United_States__United_States_000191,D00,1,0,1
YOLO11n,United_States__United_States_000191,D10,0,1,1
YOLO11n,United_States__United_States_000194,D20,1,0,0
YOLO11n,United_States__United_States_000197,D00,1,0,0
YOLO11n,United_States__United_States_000197,D10,1,2,0
YOLO11n,United_States__United_States_000198,D00,1,0,1
YOLO11n,United_States__United_States_000198,D10,0,0,1
YOLO11n,United_States__United_States_000202,D00,1,0,0
YOLO11n,United_States__United_States_000203,D00,1,0,0
YOLO11n,United_States__United_States_000211,D00,0,0,1
YOLO11n,United_States__United_States_000211,D10,0,0,1
YOLO11n,United_States__United_States_000213,D00,0,3,1
YOLO11n,United_States__United_States_000213,D10,1,1,2
YOLO11n,United_States__United_States_000214,D00,0,2,2
YOLO11n,United_States__United_States_000214,D10,0,0,1
YOLO11n,United_States__United_States_000219,D00,2,1,0
YOLO11n,United_States__United_States_000219,D10,2,1,0
YOLO11n,United_States__United_States_000227,D00,1,1,1
YOLO11n,United_States__United_States_000227,D10,0,1,0
YOLO11n,United_States__United_States_000234,D20,1,0,0
YOLO11n,United_States__United_States_000255,D00,2,0,0
YOLO11n,United_States__United_States_000263,D00,2,2,0
YOLO11n,United_States__United_States_000263,D10,1,0,1
YOLO11n,United_States__United_States_000279,D00,3,0,0
YOLO11n,United_States__United_States_000279,D10,1,1,0
YOLO11n,United_States__United_States_000281,D00,1,0,0
YOLO11n,United_States__United_States_000281,D10,1,0,1
YOLO11n,United_States__United_States_000285,D00,0,1,1
YOLO11n,United_States__United_States_000285,D10,0,1,0
YOLO11n,United_States__United_States_000294,D00,1,0,1
YOLO11n,United_States__United_States_000302,D00,3,2,0
YOLO11n,United_States__United_States_000319,D00,4,2,0
YOLO11n,United_States__United_States_000325,D00,0,1,0
YOLO11n,United_States__United_States_000325,D20,1,0,0
YOLO11n,United_States__United_States_000343,D00,2,0,1
YOLO11n,United_States__United_States_000349,D00,0,0,3
YOLO11n,United_States__United_States_000349,D10,1,0,0
YOLO11n,United_States__United_States_000349,D20,0,1,0
YOLO11n,United_States__United_States_000350,D00,1,0,0
YOLO11n,United_States__United_States_000353,D00,1,2,0
YOLO11n,United_States__United_States_000353,D20,0,0,1
YOLO11n,United_States__United_States_000358,D00,1,0,0
YOLO11n,United_States__United_States_000358,D10,1,0,0
YOLO11n,United_States__United_States_000358,D20,0,0,1
YOLO11n,United_States__United_States_000370,D00,2,3,0
YOLO11n,United_States__United_States_000370,D10,0,1,2
YOLO11n,United_States__United_States_000370,D20,0,0,1
YOLO11n,United_States__United_States_000371,D00,0,0,2
YOLO11n,United_States__United_States_000371,D10,0,0,1
YOLO11n,United_States__United_States_000372,D00,0,1,0
YOLO11n,United_States__United_States_000372,D10,0,0,1
YOLO11n,United_States__United_States_000372,D20,1,0,0
YOLO11n,United_States__United_States_000374,D00,1,0,0
YOLO11n,United_States__United_States_000375,D10,1,1,3
YOLO11n,United_States__United_States_000376,D00,2,0,2
YOLO11n,United_States__United_States_000376,D10,1,0,0
YOLO11n,United_States__United_States_000382,D00,2,2,1
YOLO11n,United_States__United_States_000382,D20,0,0,1
YOLO11n,United_States__United_States_000384,D00,0,2,1
YOLO11n,United_States__United_States_000384,D10,0,0,1
YOLO11n,United_States__United_States_000384,D20,0,2,0
YOLO11n,United_States__United_States_000407,D00,1,0,0
YOLO11n,United_States__United_States_000407,D10,1,0,0
YOLO11n,United_States__United_States_000411,D00,1,0,0
YOLO11n,United_States__United_States_000415,D00,1,1,0
YOLO11n,United_States__United_States_000415,D10,3,2,1
YOLO11n,United_States__United_States_000441,D00,1,0,1
YOLO11n,United_States__United_States_000447,D00,1,0,0
YOLO11n,United_States__United_States_000452,D00,1,1,0
YOLO11n,United_States__United_States_000456,D00,0,0,1
YOLO11n,United_States__United_States_000456,D10,0,2,1
YOLO11n,United_States__United_States_000465,D00,0,0,1
YOLO11n,United_States__United_States_000465,D10,1,0,1
YOLO11n,United_States__United_States_000473,D00,0,1,0
YOLO11n,United_States__United_States_000473,D20,1,0,0
YOLO11n,United_States__United_States_000476,D00,2,1,0
YOLO11n,United_States__United_States_000476,D20,0,0,1
YOLO11n,United_States__United_States_000478,D00,1,0,0
YOLO11n,United_States__United_States_000485,D00,1,0,0
YOLO11n,United_States__United_States_000492,D00,1,1,0
YOLO11n,United_States__United_States_000492,D10,1,0,0
YOLO11n,United_States__United_States_000494,D00,1,0,0
YOLO11n,United_States__United_States_000494,D10,1,0,0
YOLO11n,United_States__United_States_000512,D00,1,1,1
YOLO11n,United_States__United_States_000528,D00,1,1,3
YOLO11n,United_States__United_States_000528,D10,1,0,2
YOLO11n,United_States__United_States_000537,D00,0,1,0
YOLO11n,United_States__United_States_000537,D10,1,0,0
YOLO11n,United_States__United_States_000544,D00,0,0,1
YOLO11n,United_States__United_States_000544,D10,0,0,1
YOLO11n,United_States__United_States_000546,D00,1,2,2
YOLO11n,United_States__United_States_000547,D00,2,0,3
YOLO11n,United_States__United_States_000547,D10,2,1,1
YOLO11n,United_States__United_States_000560,D00,2,3,1
YOLO11n,United_States__United_States_000560,D10,2,1,0
YOLO11n,United_States__United_States_000563,D00,0,2,2
YOLO11n,United_States__United_States_000569,D00,0,1,0
YOLO11n,United_States__United_States_000569,D10,0,1,2
YOLO11n,United_States__United_States_000570,D00,3,0,0
YOLO11n,United_States__United_States_000570,D10,0,0,1
YOLO11n,United_States__United_States_000572,D00,2,0,0
YOLO11n,United_States__United_States_000572,D10,1,2,0
YOLO11n,United_States__United_States_000594,D00,2,0,0
YOLO11n,United_States__United_States_000594,D10,1,0,1
YOLO11n,United_States__United_States_000597,D00,0,2,1
YOLO11n,United_States__United_States_000598,D00,1,1,2
YOLO11n,United_States__United_States_000598,D10,2,0,1
YOLO11n,United_States__United_States_000602,D00,1,2,1
YOLO11n,United_States__United_States_000602,D10,0,0,1
YOLO11n,United_States__United_States_000613,D00,1,0,0
YOLO11n,United_States__United_States_000633,D00,0,1,1
YOLO11n,United_States__United_States_000634,D00,1,0,0
YOLO11n,United_States__United_States_000634,D10,1,0,0
YOLO11n,United_States__United_States_000637,D10,0,0,2
YOLO11n,United_States__United_States_000637,D20,1,0,0
YOLO11n,United_States__United_States_000642,D00,0,1,2
YOLO11n,United_States__United_States_000642,D10,0,2,1
YOLO11n,United_States__United_States_000643,D00,0,0,1
YOLO11n,United_States__United_States_000643,D10,1,0,0
YOLO11n,United_States__United_States_000644,D00,1,0,0
YOLO11n,United_States__United_States_000644,D10,1,0,0
YOLO11n,United_States__United_States_000648,D00,0,0,1
YOLO11n,United_States__United_States_000658,D00,2,1,0
YOLO11n,United_States__United_States_000661,D00,2,2,2
YOLO11n,United_States__United_States_000661,D10,1,0,1
YOLO11n,United_States__United_States_000661,D20,0,0,1
YOLO11n,United_States__United_States_000668,D00,0,1,0
YOLO11n,United_States__United_States_000668,D10,1,0,0
YOLO11n,United_States__United_States_000672,D00,2,1,0
YOLO11n,United_States__United_States_000672,D20,0,0,1
YOLO11n,United_States__United_States_000674,D00,0,0,1
YOLO11n,United_States__United_States_000674,D10,0,1,1
YOLO11n,United_States__United_States_000684,D00,2,2,0
YOLO11n,United_States__United_States_000684,D20,0,0,1
YOLO11n,United_States__United_States_000684,D40,0,0,1
YOLO11n,United_States__United_States_000685,D00,1,0,2
YOLO11n,United_States__United_States_000685,D10,0,1,1
YOLO11n,United_States__United_States_000692,D00,1,0,1
YOLO11n,United_States__United_States_000692,D20,0,0,1
YOLO11n,United_States__United_States_000708,D10,0,1,0
YOLO11n,United_States__United_States_000708,D20,1,0,0
YOLO11n,United_States__United_States_000709,D00,2,2,0
YOLO11n,United_States__United_States_000710,D00,1,1,0
YOLO11n,United_States__United_States_000711,D00,4,0,1
YOLO11n,United_States__United_States_000713,D00,3,2,0
YOLO11n,United_States__United_States_000725,D00,0,0,1
YOLO11n,United_States__United_States_000725,D10,1,1,0
YOLO11n,United_States__United_States_000728,D00,1,0,0
YOLO11n,United_States__United_States_000733,D00,1,1,0
YOLO11n,United_States__United_States_000733,D10,0,0,1
YOLO11n,United_States__United_States_000739,D00,1,1,1
YOLO11n,United_States__United_States_000739,D10,1,0,0
YOLO11n,United_States__United_States_000739,D40,0,0,1
YOLO11n,United_States__United_States_000741,D00,1,1,3
YOLO11n,United_States__United_States_000741,D20,0,1,0
YOLO11n,United_States__United_States_000743,D10,1,0,1
YOLO11n,United_States__United_States_000745,D00,1,1,1
YOLO11n,United_States__United_States_000746,D00,1,0,0
YOLO11n,United_States__United_States_000746,D10,0,0,1
YOLO11n,United_States__United_States_000749,D00,1,1,0
YOLO11n,United_States__United_States_000749,D10,1,1,0
YOLO11n,United_States__United_States_000751,D00,3,1,0
YOLO11n,United_States__United_States_000755,D00,1,2,1
YOLO11n,United_States__United_States_000763,D00,0,0,1
YOLO11n,United_States__United_States_000763,D10,0,1,0
YOLO11n,United_States__United_States_000763,D20,1,0,1
YOLO11n,United_States__United_States_000765,D00,1,2,1
YOLO11n,United_States__United_States_000765,D10,1,1,1
YOLO11n,United_States__United_States_000771,D00,1,1,1
YOLO11n,United_States__United_States_000774,D00,1,1,0
YOLO11n,United_States__United_States_000776,D00,0,0,1
YOLO11n,United_States__United_States_000776,D10,0,0,1
YOLO11n,United_States__United_States_000792,D00,0,1,1
YOLO11n,United_States__United_States_000792,D10,1,5,2
YOLO11n,United_States__United_States_000794,D00,1,1,0
YOLO11n,United_States__United_States_000796,D00,1,1,0
YOLO11n,United_States__United_States_000803,D10,1,1,0
YOLO11n,United_States__United_States_000805,D00,2,2,1
YOLO11n,United_States__United_States_000806,D00,1,1,1
YOLO11n,United_States__United_States_000818,D00,0,1,0
YOLO11n,United_States__United_States_000818,D10,1,0,0
YOLO11n,United_States__United_States_000818,D20,0,0,1
YOLO11n,United_States__United_States_000828,D00,1,2,0
YOLO11n,United_States__United_States_000831,D00,1,0,0
YOLO11n,United_States__United_States_000835,D00,2,0,0
YOLO11n,United_States__United_States_000835,D10,0,1,0
YOLO11n,United_States__United_States_000846,D00,0,2,0
YOLO11n,United_States__United_States_000846,D10,1,0,0
YOLO11n,United_States__United_States_000860,D00,1,1,0
YOLO11n,United_States__United_States_000871,D00,2,1,0
YOLO11n,United_States__United_States_000879,D00,1,3,1
YOLO11n,United_States__United_States_000879,D10,0,0,1
YOLO11n,United_States__United_States_000883,D00,1,1,2
YOLO11n,United_States__United_States_000883,D10,1,0,0
YOLO11n,United_States__United_States_000887,D00,0,2,1
YOLO11n,United_States__United_States_000903,D00,1,0,0
YOLO11n,United_States__United_States_000903,D10,0,0,1
YOLO11n,United_States__United_States_000905,D00,0,2,4
YOLO11n,United_States__United_States_000905,D10,1,0,0
YOLO11n,United_States__United_States_000928,D00,2,1,1
YOLO11n,United_States__United_States_000928,D10,0,0,1
YOLO11n,United_States__United_States_000934,D00,0,2,0
YOLO11n,United_States__United_States_000934,D10,1,1,0
YOLO11n,United_States__United_States_000941,D00,0,0,1
YOLO11n,United_States__United_States_000941,D10,1,0,0
YOLO11n,United_States__United_States_000958,D00,1,0,0
YOLO11n,United_States__United_States_000963,D00,2,0,1
YOLO11n,United_States__United_States_000963,D10,0,3,2
YOLO11n,United_States__United_States_000971,D00,1,0,1
YOLO11n,United_States__United_States_000994,D00,1,1,0
YOLO11n,United_States__United_States_000994,D10,0,0,1
YOLO11n,United_States__United_States_001010,D00,1,1,0
YOLO11n,United_States__United_States_001025,D00,1,1,0
YOLO11n,United_States__United_States_001034,D00,3,1,2
YOLO11n,United_States__United_States_001034,D10,0,0,1
YOLO11n,United_States__United_States_001041,D00,0,0,1
YOLO11n,United_States__United_States_001043,D00,1,2,0
YOLO11n,United_States__United_States_001049,D10,1,0,0
YOLO11n,United_States__United_States_001057,D00,0,1,1
YOLO11n,United_States__United_States_001057,D10,0,1,1
YOLO11n,United_States__United_States_001058,D00,1,0,0
YOLO11n,United_States__United_States_001063,D10,1,0,0
YOLO11n,United_States__United_States_001070,D20,1,1,0
YOLO11n,United_States__United_States_001075,D00,0,1,3
YOLO11n,United_States__United_States_001075,D10,1,5,0
YOLO11n,United_States__United_States_001079,D00,1,0,0
YOLO11n,United_States__United_States_001079,D10,0,0,1
YOLO11n,United_States__United_States_001084,D00,0,1,3
YOLO11n,United_States__United_States_001088,D00,1,0,0
YOLO11n,United_States__United_States_001095,D00,0,0,1
YOLO11n,United_States__United_States_001095,D10,1,1,0
YOLO11n,United_States__United_States_001100,D00,1,0,0
YOLO11n,United_States__United_States_001100,D10,1,1,1
YOLO11n,United_States__United_States_001100,D20,0,0,1
YOLO11n,United_States__United_States_001102,D00,1,0,1
YOLO11n,United_States__United_States_001102,D10,0,2,1
YOLO11n,United_States__United_States_001105,D00,1,1,1
YOLO11n,United_States__United_States_001105,D10,0,1,0
YOLO11n,United_States__United_States_001112,D00,1,2,1
YOLO11n,United_States__United_States_001115,D00,2,0,0
YOLO11n,United_States__United_States_001118,D00,0,1,1
YOLO11n,United_States__United_States_001118,D10,0,1,0
YOLO11n,United_States__United_States_001119,D00,1,2,0
YOLO11n,United_States__United_States_001119,D10,1,1,1
YOLO11n,United_States__United_States_001121,D10,0,1,0
YOLO11n,United_States__United_States_001121,D20,1,0,0
YOLO11n,United_States__United_States_001137,D00,1,0,0
YOLO11n,United_States__United_States_001138,D00,1,1,2
YOLO11n,United_States__United_States_001138,D10,0,0,1
YOLO11n,United_States__United_States_001142,D20,1,0,0
YOLO11n,United_States__United_States_001147,D00,0,1,0
YOLO11n,United_States__United_States_001147,D10,0,2,2
YOLO11n,United_States__United_States_001147,D20,0,0,1
YOLO11n,United_States__United_States_001160,D00,1,0,0
YOLO11n,United_States__United_States_001162,D00,1,2,0
YOLO11n,United_States__United_States_001162,D20,0,0,1
YOLO11n,United_States__United_States_001163,D20,1,0,0
YOLO11n,United_States__United_States_001168,D00,0,0,1
YOLO11n,United_States__United_States_001170,D00,0,0,1
YOLO11n,United_States__United_States_001173,D10,2,1,1
YOLO11n,United_States__United_States_001178,D00,3,1,0
YOLO11n,United_States__United_States_001181,D00,1,0,2
YOLO11n,United_States__United_States_001181,D10,0,0,1
YOLO11n,United_States__United_States_001190,D00,1,0,0
YOLO11n,United_States__United_States_001192,D20,1,0,0
YOLO11n,United_States__United_States_001199,D00,1,1,0
YOLO11n,United_States__United_States_001199,D10,0,1,0
YOLO11n,United_States__United_States_001199,D20,0,0,1
YOLO11n,United_States__United_States_001216,D00,1,0,1
YOLO11n,United_States__United_States_001216,D10,3,1,0
YOLO11n,United_States__United_States_001216,D20,1,1,0
YOLO11n,United_States__United_States_001219,D00,1,0,0
YOLO11n,United_States__United_States_001230,D00,1,0,0
YOLO11n,United_States__United_States_001238,D10,1,0,0
YOLO11n,United_States__United_States_001276,D00,1,1,0
YOLO11n,United_States__United_States_001288,D10,1,0,0
YOLO11n,United_States__United_States_001289,D00,0,2,0
YOLO11n,United_States__United_States_001289,D10,1,0,0
YOLO11n,United_States__United_States_001295,D00,1,1,0
YOLO11n,United_States__United_States_001298,D00,2,1,0
YOLO11n,United_States__United_States_001298,D10,1,3,0
YOLO11n,United_States__United_States_001322,D00,1,0,0
YOLO11n,United_States__United_States_001322,D10,1,0,0
YOLO11n,United_States__United_States_001330,D00,0,1,1
YOLO11n,United_States__United_States_001330,D10,1,0,1
YOLO11n,United_States__United_States_001336,D00,1,5,2
YOLO11n,United_States__United_States_001336,D10,0,0,1
YOLO11n,United_States__United_States_001354,D00,0,1,3
YOLO11n,United_States__United_States_001354,D10,1,0,1
YOLO11n,United_States__United_States_001357,D10,0,0,1
YOLO11n,United_States__United_States_001376,D00,1,0,1
YOLO11n,United_States__United_States_001376,D10,0,2,1
YOLO11n,United_States__United_States_001377,D00,1,0,0
YOLO11n,United_States__United_States_001377,D10,1,0,0
YOLO11n,United_States__United_States_001398,D00,2,2,2
YOLO11n,United_States__United_States_001398,D10,0,1,1
YOLO11n,United_States__United_States_001398,D20,0,0,1
YOLO11n,United_States__United_States_001401,D00,0,0,1
YOLO11n,United_States__United_States_001423,D00,1,0,0
YOLO11n,United_States__United_States_001427,D10,0,1,1
YOLO11n,United_States__United_States_001428,D10,0,0,1
YOLO11n,United_States__United_States_001432,D00,1,0,1
YOLO11n,United_States__United_States_001432,D10,0,0,1
YOLO11n,United_States__United_States_001438,D00,2,1,0
YOLO11n,United_States__United_States_001438,D10,1,0,0
YOLO11n,United_States__United_States_001453,D00,1,1,0
YOLO11n,United_States__United_States_001453,D10,0,0,1
YOLO11n,United_States__United_States_001460,D00,1,1,0
YOLO11n,United_States__United_States_001460,D10,0,2,1
YOLO11n,United_States__United_States_001481,D00,1,0,0
YOLO11n,United_States__United_States_001481,D10,0,0,1
YOLO11n,United_States__United_States_001483,D00,1,0,1
YOLO11n,United_States__United_States_001483,D10,0,0,1
YOLO11n,United_States__United_States_001497,D00,1,2,0
YOLO11n,United_States__United_States_001497,D10,0,1,0
YOLO11n,United_States__United_States_001499,D00,2,0,0
YOLO11n,United_States__United_States_001502,D00,0,0,1
YOLO11n,United_States__United_States_001511,D00,0,1,1
YOLO11n,United_States__United_States_001511,D10,0,0,1
YOLO11n,United_States__United_States_001513,D00,1,0,0
YOLO11n,United_States__United_States_001518,D00,1,0,1
YOLO11n,United_States__United_States_001518,D10,0,0,1
YOLO11n,United_States__United_States_001523,D00,0,1,2
YOLO11n,United_States__United_States_001523,D10,1,1,2
YOLO11n,United_States__United_States_001524,D10,0,1,1
YOLO11n,United_States__United_States_001535,D00,1,1,0
YOLO11n,United_States__United_States_001536,D00,2,0,0
YOLO11n,United_States__United_States_001553,D00,0,1,1
YOLO11n,United_States__United_States_001557,D00,0,1,0
YOLO11n,United_States__United_States_001557,D10,1,1,0
YOLO11n,United_States__United_States_001570,D10,1,0,0
YOLO11n,United_States__United_States_001572,D00,1,0,1
YOLO11n,United_States__United_States_001573,D00,0,0,2
YOLO11n,United_States__United_States_001573,D10,0,1,0
YOLO11n,United_States__United_States_001575,D00,1,0,0
YOLO11n,United_States__United_States_001575,D10,2,0,0
YOLO11n,United_States__United_States_001578,D00,1,0,0
YOLO11n,United_States__United_States_001578,D10,2,2,2
YOLO11n,United_States__United_States_001585,D00,0,1,0
YOLO11n,United_States__United_States_001585,D20,1,0,0
YOLO11n,United_States__United_States_001589,D00,1,0,0
YOLO11n,United_States__United_States_001591,D00,1,0,0
YOLO11n,United_States__United_States_001594,D00,0,0,1
YOLO11n,United_States__United_States_001614,D00,1,0,0
YOLO11n,United_States__United_States_001614,D10,2,0,0
YOLO11n,United_States__United_States_001616,D10,2,1,0
YOLO11n,United_States__United_States_001616,D20,1,1,0
YOLO11n,United_States__United_States_001618,D00,0,0,1
YOLO11n,United_States__United_States_001639,D00,1,2,1
YOLO11n,United_States__United_States_001654,D00,0,0,1
YOLO11n,United_States__United_States_001654,D10,0,1,1
YOLO11n,United_States__United_States_001656,D00,2,1,0
YOLO11n,United_States__United_States_001661,D00,0,2,2
YOLO11n,United_States__United_States_001666,D00,0,0,1
YOLO11n,United_States__United_States_001669,D00,1,2,0
YOLO11n,United_States__United_States_001669,D10,0,0,1
YOLO11n,United_States__United_States_001669,D20,0,1,0
YOLO11n,United_States__United_States_001671,D00,2,0,0
YOLO11n,United_States__United_States_001677,D00,1,0,0
YOLO11n,United_States__United_States_001681,D00,0,0,1
YOLO11n,United_States__United_States_001681,D10,1,1,1
YOLO11n,United_States__United_States_001681,D20,0,2,1
YOLO11n,United_States__United_States_001695,D00,1,1,1
YOLO11n,United_States__United_States_001700,D00,2,0,0
YOLO11n,United_States__United_States_001700,D10,0,0,1
YOLO11n,United_States__United_States_001707,D00,1,2,1
YOLO11n,United_States__United_States_001707,D10,1,0,3
YOLO11n,United_States__United_States_001711,D10,1,2,0
YOLO11n,United_States__United_States_001720,D20,1,0,0
YOLO11n,United_States__United_States_001721,D10,1,1,0
YOLO11n,United_States__United_States_001722,D00,2,2,0
YOLO11n,United_States__United_States_001722,D10,1,1,3
YOLO11n,United_States__United_States_001723,D10,0,0,1
YOLO11n,United_States__United_States_001738,D00,0,0,1
YOLO11n,United_States__United_States_001743,D00,1,1,0
YOLO11n,United_States__United_States_001762,D00,2,1,0
YOLO11n,United_States__United_States_001768,D00,0,1,1
YOLO11n,United_States__United_States_001768,D10,0,0,1
YOLO11n,United_States__United_States_001772,D00,0,1,1
YOLO11n,United_States__United_States_001772,D10,1,1,0
YOLO11n,United_States__United_States_001775,D00,0,1,0
YOLO11n,United_States__United_States_001775,D10,1,0,0
YOLO11n,United_States__United_States_001779,D00,1,2,2
YOLO11n,United_States__United_States_001779,D10,1,1,0
YOLO11n,United_States__United_States_001779,D20,1,1,0
YOLO11n,United_States__United_States_001786,D00,2,1,0
YOLO11n,United_States__United_States_001786,D10,1,0,1
YOLO11n,United_States__United_States_001786,D20,0,1,0
YOLO11n,United_States__United_States_001788,D00,0,0,1
YOLO11n,United_States__United_States_001788,D10,3,1,1
YOLO11n,United_States__United_States_001788,D20,0,1,0
YOLO11n,United_States__United_States_001796,D00,1,0,0
YOLO11n,United_States__United_States_001796,D10,0,0,1
YOLO11n,United_States__United_States_001822,D00,1,0,2
YOLO11n,United_States__United_States_001822,D10,0,0,1
YOLO11n,United_States__United_States_001822,D20,0,1,0
YOLO11n,United_States__United_States_001823,D00,0,1,0
YOLO11n,United_States__United_States_001823,D10,1,0,0
YOLO11n,United_States__United_States_001825,D00,0,1,0
YOLO11n,United_States__United_States_001825,D10,1,0,0
YOLO11n,United_States__United_States_001828,D00,1,1,1
YOLO11n,United_States__United_States_001833,D00,1,0,0
YOLO11n,United_States__United_States_001840,D00,1,0,1
YOLO11n,United_States__United_States_001847,D00,0,0,1
YOLO11n,United_States__United_States_001847,D10,1,1,0
YOLO11n,United_States__United_States_001852,D10,1,2,1
YOLO11n,United_States__United_States_001877,D00,3,0,4
YOLO11n,United_States__United_States_001877,D10,0,1,1
YOLO11n,United_States__United_States_001879,D10,0,0,1
YOLO11n,United_States__United_States_001879,D20,2,0,0
YOLO11n,United_States__United_States_001880,D00,0,0,1
YOLO11n,United_States__United_States_001880,D10,0,3,1
YOLO11n,United_States__United_States_001886,D00,2,0,0
YOLO11n,United_States__United_States_001886,D10,2,2,0
YOLO11n,United_States__United_States_001886,D20,0,0,1
YOLO11n,United_States__United_States_001896,D00,1,1,1
YOLO11n,United_States__United_States_001896,D20,1,0,1
YOLO11n,United_States__United_States_001907,D00,2,2,0
YOLO11n,United_States__United_States_001907,D10,2,2,2
YOLO11n,United_States__United_States_001910,D00,1,0,0
YOLO11n,United_States__United_States_001917,D10,1,1,1
YOLO11n,United_States__United_States_001926,D00,2,2,0
YOLO11n,United_States__United_States_001926,D10,0,0,1
YOLO11n,United_States__United_States_001942,D00,0,1,1
YOLO11n,United_States__United_States_001943,D00,0,0,1
YOLO11n,United_States__United_States_001944,D00,1,0,0
YOLO11n,United_States__United_States_001949,D00,1,0,1
YOLO11n,United_States__United_States_001961,D00,1,1,0
YOLO11n,United_States__United_States_001961,D10,0,1,1
YOLO11n,United_States__United_States_001961,D20,0,1,0
YOLO11n,United_States__United_States_001964,D00,2,3,1
YOLO11n,United_States__United_States_001978,D00,1,1,0
YOLO11n,United_States__United_States_001981,D00,1,1,0
YOLO11n,United_States__United_States_001991,D00,1,0,0
YOLO11n,United_States__United_States_001997,D00,2,0,0
YOLO11n,United_States__United_States_001997,D10,1,0,0
YOLO11n,United_States__United_States_002009,D00,2,1,1
YOLO11n,United_States__United_States_002009,D10,0,2,1
YOLO11n,United_States__United_States_002009,D20,0,1,0
YOLO11n,United_States__United_States_002017,D00,1,0,0
YOLO11n,United_States__United_States_002021,D00,1,0,1
YOLO11n,United_States__United_States_002021,D20,0,1,0
YOLO11n,United_States__United_States_002030,D00,1,2,1
YOLO11n,United_States__United_States_002030,D10,0,1,2
YOLO11n,United_States__United_States_002030,D20,0,0,1
YOLO11n,United_States__United_States_002032,D00,0,1,0
YOLO11n,United_States__United_States_002032,D20,1,0,0
YOLO11n,United_States__United_States_002035,D20,1,0,0
YOLO11n,United_States__United_States_002035,D40,0,0,1
YOLO11n,United_States__United_States_002044,D00,1,1,0
YOLO11n,United_States__United_States_002048,D00,1,1,1
YOLO11n,United_States__United_States_002048,D10,2,0,0
YOLO11n,United_States__United_States_002061,D00,2,0,0
YOLO11n,United_States__United_States_002061,D10,0,1,1
YOLO11n,United_States__United_States_002064,D00,1,0,0
YOLO11n,United_States__United_States_002064,D10,0,1,0
YOLO11n,United_States__United_States_002064,D20,0,1,0
YOLO11n,United_States__United_States_002076,D00,1,1,0
YOLO11n,United_States__United_States_002084,D00,2,1,0
YOLO11n,United_States__United_States_002088,D00,0,0,1
YOLO11n,United_States__United_States_002089,D00,1,0,0
YOLO11n,United_States__United_States_002089,D10,0,0,2
YOLO11n,United_States__United_States_002095,D00,3,0,1
YOLO11n,United_States__United_States_002095,D10,0,0,1
YOLO11n,United_States__United_States_002099,D00,0,5,1
YOLO11n,United_States__United_States_002099,D10,0,0,1
YOLO11n,United_States__United_States_002100,D10,3,2,0
YOLO11n,United_States__United_States_002100,D20,0,0,1
YOLO11n,United_States__United_States_002102,D00,0,1,0
YOLO11n,United_States__United_States_002102,D20,0,0,1
YOLO11n,United_States__United_States_002109,D00,0,1,2
YOLO11n,United_States__United_States_002126,D00,0,1,0
YOLO11n,United_States__United_States_002126,D10,1,4,0
YOLO11n,United_States__United_States_002131,D00,1,1,0
YOLO11n,United_States__United_States_002131,D10,1,1,0
YOLO11n,United_States__United_States_002138,D00,2,0,2
YOLO11n,United_States__United_States_002138,D10,0,1,0
YOLO11n,United_States__United_States_002139,D00,2,0,0
YOLO11n,United_States__United_States_002139,D10,0,1,1
YOLO11n,United_States__United_States_002143,D00,1,1,0
YOLO11n,United_States__United_States_002144,D00,1,2,1
YOLO11n,United_States__United_States_002144,D20,0,0,1
YOLO11n,United_States__United_States_002148,D00,0,3,1
YOLO11n,United_States__United_States_002148,D10,0,0,1
YOLO11n,United_States__United_States_002154,D10,1,5,0
YOLO11n,United_States__United_States_002161,D00,1,2,0
YOLO11n,United_States__United_States_002161,D10,3,1,1
YOLO11n,United_States__United_States_002166,D00,1,1,0
YOLO11n,United_States__United_States_002166,D10,1,0,0
YOLO11n,United_States__United_States_002168,D00,3,0,0
YOLO11n,United_States__United_States_002184,D00,1,1,0
YOLO11n,United_States__United_States_002184,D10,2,1,0
YOLO11n,United_States__United_States_002186,D00,2,1,0
YOLO11n,United_States__United_States_002190,D00,2,0,0
YOLO11n,United_States__United_States_002196,D20,2,1,0
YOLO11n,United_States__United_States_002208,D20,1,1,0
YOLO11n,United_States__United_States_002209,D00,5,0,0
YOLO11n,United_States__United_States_002217,D10,1,0,0
YOLO11n,United_States__United_States_002233,D00,1,0,0
YOLO11n,United_States__United_States_002243,D10,1,2,0
YOLO11n,United_States__United_States_002245,D00,1,4,2
YOLO11n,United_States__United_States_002245,D10,1,1,0
YOLO11n,United_States__United_States_002246,D00,2,2,1
YOLO11n,United_States__United_States_002246,D10,1,0,0
YOLO11n,United_States__United_States_002249,D00,1,3,1
YOLO11n,United_States__United_States_002249,D10,2,1,0
YOLO11n,United_States__United_States_002255,D00,0,2,1
YOLO11n,United_States__United_States_002255,D10,0,1,1
YOLO11n,United_States__United_States_002258,D00,0,1,0
YOLO11n,United_States__United_States_002258,D20,0,0,1
YOLO11n,United_States__United_States_002265,D00,0,1,1
YOLO11n,United_States__United_States_002265,D20,1,0,0
YOLO11n,United_States__United_States_002272,D00,0,2,0
YOLO11n,United_States__United_States_002272,D10,0,0,1
YOLO11n,United_States__United_States_002272,D20,0,0,1
YOLO11n,United_States__United_States_002283,D00,1,2,1
YOLO11n,United_States__United_States_002292,D00,2,3,1
YOLO11n,United_States__United_States_002292,D10,1,0,0
YOLO11n,United_States__United_States_002294,D00,1,0,0
YOLO11n,United_States__United_States_002299,D00,1,0,1
YOLO11n,United_States__United_States_002302,D10,1,1,0
YOLO11n,United_States__United_States_002303,D00,1,1,0
YOLO11n,United_States__United_States_002303,D10,1,2,1
YOLO11n,United_States__United_States_002309,D00,1,0,2
YOLO11n,United_States__United_States_002309,D20,0,0,1
YOLO11n,United_States__United_States_002312,D00,1,2,0
YOLO11n,United_States__United_States_002312,D10,0,0,1
YOLO11n,United_States__United_States_002315,D00,0,0,1
YOLO11n,United_States__United_States_002322,D00,2,3,1
YOLO11n,United_States__United_States_002327,D00,1,2,0
YOLO11n,United_States__United_States_002327,D10,0,4,1
YOLO11n,United_States__United_States_002328,D00,1,1,0
YOLO11n,United_States__United_States_002332,D00,0,1,0
YOLO11n,United_States__United_States_002332,D20,1,1,0
YOLO11n,United_States__United_States_002334,D00,0,0,1
YOLO11n,United_States__United_States_002337,D00,1,2,1
YOLO11n,United_States__United_States_002337,D20,0,1,0
YOLO11n,United_States__United_States_002339,D00,1,0,0
YOLO11n,United_States__United_States_002359,D00,0,1,0
YOLO11n,United_States__United_States_002359,D10,0,1,1
YOLO11n,United_States__United_States_002361,D00,1,0,0
YOLO11n,United_States__United_States_002368,D00,3,0,1
YOLO11n,United_States__United_States_002370,D00,2,1,0
YOLO11n,United_States__United_States_002370,D10,0,0,1
YOLO11n,United_States__United_States_002388,D00,1,0,0
YOLO11n,United_States__United_States_002388,D10,1,0,1
YOLO11n,United_States__United_States_002390,D00,1,1,0
YOLO11n,United_States__United_States_002391,D10,1,0,0
YOLO11n,United_States__United_States_002394,D10,1,0,0
YOLO11n,United_States__United_States_002403,D00,0,0,1
YOLO11n,United_States__United_States_002403,D10,0,0,1
YOLO11n,United_States__United_States_002403,D20,1,2,0
YOLO11n,United_States__United_States_002405,D00,2,0,0
YOLO11n,United_States__United_States_002405,D10,0,1,2
YOLO11n,United_States__United_States_002405,D20,1,0,1
YOLO11n,United_States__United_States_002410,D10,1,2,0
YOLO11n,United_States__United_States_002410,D40,0,0,1
YOLO11n,United_States__United_States_002412,D10,2,1,0
YOLO11n,United_States__United_States_002417,D00,1,1,1
YOLO11n,United_States__United_States_002420,D00,2,1,1
YOLO11n,United_States__United_States_002428,D00,2,0,0
YOLO11n,United_States__United_States_002428,D10,1,0,0
YOLO11n,United_States__United_States_002432,D00,1,0,0
YOLO11n,United_States__United_States_002435,D00,1,0,0
YOLO11n,United_States__United_States_002435,D10,1,0,2
YOLO11n,United_States__United_States_002444,D00,3,1,3
YOLO11n,United_States__United_States_002444,D10,0,1,0
YOLO11n,United_States__United_States_002448,D00,2,0,1
YOLO11n,United_States__United_States_002448,D10,1,0,0
YOLO11n,United_States__United_States_002451,D00,2,0,0
YOLO11n,United_States__United_States_002451,D10,1,0,0
YOLO11n,United_States__United_States_002460,D00,1,1,0
YOLO11n,United_States__United_States_002460,D10,0,2,1
YOLO11n,United_States__United_States_002462,D00,1,0,0
YOLO11n,United_States__United_States_002462,D10,0,1,0
YOLO11n,United_States__United_States_002495,D00,2,0,0
YOLO11n,United_States__United_States_002502,D00,1,0,0
YOLO11n,United_States__United_States_002502,D10,0,1,0
YOLO11n,United_States__United_States_002502,D20,1,0,0
YOLO11n,United_States__United_States_002504,D00,1,1,0
YOLO11n,United_States__United_States_002510,D00,0,1,0
YOLO11n,United_States__United_States_002510,D20,0,0,1
YOLO11n,United_States__United_States_002513,D00,0,1,0
YOLO11n,United_States__United_States_002513,D40,0,0,1
YOLO11n,United_States__United_States_002518,D00,2,0,0
YOLO11n,United_States__United_States_002518,D10,0,1,0
YOLO11n,United_States__United_States_002518,D20,0,0,1
YOLO11n,United_States__United_States_002522,D10,1,0,0
YOLO11n,United_States__United_States_002531,D00,0,1,1
YOLO11n,United_States__United_States_002536,D00,1,0,0
YOLO11n,United_States__United_States_002541,D00,1,1,0
YOLO11n,United_States__United_States_002541,D10,1,0,0
YOLO11n,United_States__United_States_002542,D00,0,1,0
YOLO11n,United_States__United_States_002542,D10,1,1,1
YOLO11n,United_States__United_States_002542,D20,1,0,0
YOLO11n,United_States__United_States_002548,D00,2,0,0
YOLO11n,United_States__United_States_002560,D00,0,1,3
YOLO11n,United_States__United_States_002561,D00,1,0,0
YOLO11n,United_States__United_States_002566,D00,2,1,1
YOLO11n,United_States__United_States_002566,D10,1,0,0
YOLO11n,United_States__United_States_002575,D10,1,0,0
YOLO11n,United_States__United_States_002577,D20,1,0,0
YOLO11n,United_States__United_States_002577,D40,0,0,2
YOLO11n,United_States__United_States_002602,D10,0,1,1
YOLO11n,United_States__United_States_002603,D00,1,0,0
YOLO11n,United_States__United_States_002603,D10,0,0,1
YOLO11n,United_States__United_States_002609,D00,2,1,0
YOLO11n,United_States__United_States_002610,D10,1,0,0
YOLO11n,United_States__United_States_002610,D20,1,0,0
YOLO11n,United_States__United_States_002611,D00,1,1,2
YOLO11n,United_States__United_States_002612,D00,2,0,0
YOLO11n,United_States__United_States_002612,D10,0,0,1
YOLO11n,United_States__United_States_002613,D00,1,1,0
YOLO11n,United_States__United_States_002613,D40,0,0,1
YOLO11n,United_States__United_States_002649,D00,2,2,0
YOLO11n,United_States__United_States_002652,D00,0,1,1
YOLO11n,United_States__United_States_002652,D20,2,0,0
YOLO11n,United_States__United_States_002655,D10,1,1,0
YOLO11n,United_States__United_States_002668,D00,1,1,0
YOLO11n,United_States__United_States_002668,D10,1,1,1
YOLO11n,United_States__United_States_002669,D00,1,0,0
YOLO11n,United_States__United_States_002669,D10,1,1,0
YOLO11n,United_States__United_States_002671,D00,0,0,1
YOLO11n,United_States__United_States_002677,D00,2,0,0
YOLO11n,United_States__United_States_002677,D10,0,1,1
YOLO11n,United_States__United_States_002678,D00,1,2,0
YOLO11n,United_States__United_States_002678,D10,0,1,0
YOLO11n,United_States__United_States_002681,D10,1,0,0
YOLO11n,United_States__United_States_002692,D00,0,1,0
YOLO11n,United_States__United_States_002692,D10,1,0,0
YOLO11n,United_States__United_States_002695,D00,0,0,1
YOLO11n,United_States__United_States_002711,D00,2,1,0
YOLO11n,United_States__United_States_002718,D00,1,0,0
YOLO11n,United_States__United_States_002718,D10,0,1,1
YOLO11n,United_States__United_States_002734,D00,1,0,1
YOLO11n,United_States__United_States_002738,D00,1,0,0
YOLO11n,United_States__United_States_002740,D00,1,3,0
YOLO11n,United_States__United_States_002749,D00,0,0,1
YOLO11n,United_States__United_States_002749,D10,1,0,1
YOLO11n,United_States__United_States_002779,D00,1,1,1
YOLO11n,United_States__United_States_002779,D10,0,1,0
YOLO11n,United_States__United_States_002794,D00,2,0,0
YOLO11n,United_States__United_States_002794,D10,1,1,0
YOLO11n,United_States__United_States_002797,D00,1,1,0
YOLO11n,United_States__United_States_002798,D00,1,0,0
YOLO11n,United_States__United_States_002798,D10,1,0,0
YOLO11n,United_States__United_States_002799,D10,1,1,0
YOLO11n,United_States__United_States_002807,D00,2,1,0
YOLO11n,United_States__United_States_002838,D00,1,0,0
YOLO11n,United_States__United_States_002839,D00,1,0,0
YOLO11n,United_States__United_States_002839,D10,0,0,1
YOLO11n,United_States__United_States_002849,D00,3,0,1
YOLO11n,United_States__United_States_002849,D10,0,0,1
YOLO11n,United_States__United_States_002851,D00,1,2,0
YOLO11n,United_States__United_States_002851,D10,1,0,0
YOLO11n,United_States__United_States_002855,D00,1,0,0
YOLO11n,United_States__United_States_002858,D00,0,0,1
YOLO11n,United_States__United_States_002858,D10,0,1,1
YOLO11n,United_States__United_States_002870,D00,2,0,1
YOLO11n,United_States__United_States_002870,D10,0,1,0
YOLO11n,United_States__United_States_002887,D00,1,0,0
YOLO11n,United_States__United_States_002887,D10,0,0,1
YOLO11n,United_States__United_States_002891,D00,1,2,1
YOLO11n,United_States__United_States_002895,D00,1,3,0
YOLO11n,United_States__United_States_002895,D10,1,1,0
YOLO11n,United_States__United_States_002903,D00,2,1,0
YOLO11n,United_States__United_States_002905,D00,2,2,0
YOLO11n,United_States__United_States_002908,D00,2,1,0
YOLO11n,United_States__United_States_002908,D10,0,1,1
YOLO11n,United_States__United_States_002911,D10,0,1,3
YOLO11n,United_States__United_States_002911,D20,0,0,1
YOLO11n,United_States__United_States_002930,D00,2,2,0
YOLO11n,United_States__United_States_002931,D00,2,1,0
YOLO11n,United_States__United_States_002931,D10,1,1,0
YOLO11n,United_States__United_States_002936,D00,1,2,0
YOLO11n,United_States__United_States_002936,D10,0,0,1
YOLO11n,United_States__United_States_002936,D20,0,0,1
YOLO11n,United_States__United_States_002949,D00,2,3,0
YOLO11n,United_States__United_States_002949,D10,0,1,1
YOLO11n,United_States__United_States_002950,D00,0,0,1
YOLO11n,United_States__United_States_002950,D10,1,0,0
YOLO11n,United_States__United_States_002968,D00,1,1,0
YOLO11n,United_States__United_States_002972,D00,1,0,0
YOLO11n,United_States__United_States_002976,D00,0,1,1
YOLO11n,United_States__United_States_002987,D00,1,0,1
YOLO11n,United_States__United_States_002989,D00,1,0,0
YOLO11n,United_States__United_States_002989,D10,0,0,1
YOLO11n,United_States__United_States_002994,D00,0,0,1
YOLO11n,United_States__United_States_002994,D10,0,1,0
YOLO11n,United_States__United_States_002994,D20,0,0,1
YOLO11n,United_States__United_States_002995,D00,1,0,0
YOLO11n,United_States__United_States_002996,D00,0,1,1
YOLO11n,United_States__United_States_003012,D00,1,1,0
YOLO11n,United_States__United_States_003012,D10,1,1,2
YOLO11n,United_States__United_States_003026,D00,1,2,1
YOLO11n,United_States__United_States_003026,D10,0,1,1
YOLO11n,United_States__United_States_003033,D00,0,2,1
YOLO11n,United_States__United_States_003033,D10,1,1,0
YOLO11n,United_States__United_States_003036,D00,1,1,0
YOLO11n,United_States__United_States_003036,D10,0,0,1
YOLO11n,United_States__United_States_003037,D00,2,1,2
YOLO11n,United_States__United_States_003037,D10,2,3,0
YOLO11n,United_States__United_States_003037,D40,0,0,1
YOLO11n,United_States__United_States_003047,D00,1,0,1
YOLO11n,United_States__United_States_003047,D10,1,4,2
YOLO11n,United_States__United_States_003055,D00,0,1,1
YOLO11n,United_States__United_States_003059,D00,3,1,0
YOLO11n,United_States__United_States_003059,D10,1,1,1
YOLO11n,United_States__United_States_003061,D10,1,0,0
YOLO11n,United_States__United_States_003062,D00,2,2,0
YOLO11n,United_States__United_States_003067,D00,1,1,1
YOLO11n,United_States__United_States_003067,D10,0,4,1
YOLO11n,United_States__United_States_003074,D00,3,0,0
YOLO11n,United_States__United_States_003074,D10,0,0,1
YOLO11n,United_States__United_States_003074,D20,1,0,0
YOLO11n,United_States__United_States_003076,D00,0,2,0
YOLO11n,United_States__United_States_003076,D10,1,0,0
YOLO11n,United_States__United_States_003078,D00,1,1,0
YOLO11n,United_States__United_States_003081,D00,0,3,1
YOLO11n,United_States__United_States_003081,D10,0,0,1
YOLO11n,United_States__United_States_003084,D10,0,0,2
YOLO11n,United_States__United_States_003084,D20,1,0,0
YOLO11n,United_States__United_States_003085,D00,0,2,1
YOLO11n,United_States__United_States_003085,D10,1,0,1
YOLO11n,United_States__United_States_003093,D00,0,0,2
YOLO11n,United_States__United_States_003093,D10,0,0,2
YOLO11n,United_States__United_States_003093,D20,0,1,0
YOLO11n,United_States__United_States_003119,D10,1,2,0
YOLO11n,United_States__United_States_003127,D20,0,0,1
YOLO11n,United_States__United_States_003142,D00,1,0,1
YOLO11n,United_States__United_States_003148,D00,1,0,0
YOLO11n,United_States__United_States_003172,D00,0,1,2
YOLO11n,United_States__United_States_003175,D00,0,0,1
YOLO11n,United_States__United_States_003175,D20,1,0,0
YOLO11n,United_States__United_States_003178,D00,3,2,0
YOLO11n,United_States__United_States_003189,D00,1,0,0
YOLO11n,United_States__United_States_003189,D10,1,1,0
YOLO11n,United_States__United_States_003214,D20,0,0,1
YOLO11n,United_States__United_States_003215,D00,1,1,0
YOLO11n,United_States__United_States_003220,D00,0,0,1
YOLO11n,United_States__United_States_003222,D00,0,0,1
YOLO11n,United_States__United_States_003222,D20,0,1,0
YOLO11n,United_States__United_States_003230,D00,0,0,1
YOLO11n,United_States__United_States_003230,D10,0,1,0
YOLO11n,United_States__United_States_003231,D00,2,1,0
YOLO11n,United_States__United_States_003240,D00,1,3,1
YOLO11n,United_States__United_States_003240,D10,2,2,1
YOLO11n,United_States__United_States_003250,D00,0,3,4
YOLO11n,United_States__United_States_003251,D00,2,1,2
YOLO11n,United_States__United_States_003258,D00,1,0,0
YOLO11n,United_States__United_States_003258,D10,0,1,0
YOLO11n,United_States__United_States_003258,D20,1,1,0
YOLO11n,United_States__United_States_003264,D20,1,0,0
YOLO11n,United_States__United_States_003266,D00,2,0,0
YOLO11n,United_States__United_States_003266,D10,0,0,1
YOLO11n,United_States__United_States_003272,D00,2,0,1
YOLO11n,United_States__United_States_003272,D10,1,0,0
YOLO11n,United_States__United_States_003279,D00,1,0,0
YOLO11n,United_States__United_States_003279,D10,1,0,0
YOLO11n,United_States__United_States_003283,D20,0,0,1
YOLO11n,United_States__United_States_003284,D00,2,0,0
YOLO11n,United_States__United_States_003289,D00,3,0,0
YOLO11n,United_States__United_States_003320,D00,2,0,0
YOLO11n,United_States__United_States_003320,D10,0,0,4
YOLO11n,United_States__United_States_003320,D20,0,1,0
YOLO11n,United_States__United_States_003321,D00,2,2,0
YOLO11n,United_States__United_States_003321,D10,1,1,0
YOLO11n,United_States__United_States_003321,D20,1,0,0
YOLO11n,United_States__United_States_003336,D00,2,0,0
YOLO11n,United_States__United_States_003340,D00,0,0,2
YOLO11n,United_States__United_States_003340,D10,1,2,0
YOLO11n,United_States__United_States_003356,D00,1,0,0
YOLO11n,United_States__United_States_003356,D20,1,0,0
YOLO11n,United_States__United_States_003358,D00,1,0,0
YOLO11n,United_States__United_States_003358,D10,2,0,0
YOLO11n,United_States__United_States_003362,D00,1,0,0
YOLO11n,United_States__United_States_003362,D10,0,0,1
YOLO11n,United_States__United_States_003364,D00,1,0,1
YOLO11n,United_States__United_States_003369,D00,1,0,0
YOLO11n,United_States__United_States_003375,D00,1,0,0
YOLO11n,United_States__United_States_003394,D00,2,1,0
YOLO11n,United_States__United_States_003395,D00,1,0,0
YOLO11n,United_States__United_States_003428,D20,1,0,0
YOLO11n,United_States__United_States_003446,D00,2,1,2
YOLO11n,United_States__United_States_003453,D00,1,2,2
YOLO11n,United_States__United_States_003453,D10,1,0,1
YOLO11n,United_States__United_States_003454,D00,1,2,1
YOLO11n,United_States__United_States_003455,D00,2,0,0
YOLO11n,United_States__United_States_003455,D10,1,2,1
YOLO11n,United_States__United_States_003460,D00,1,0,0
YOLO11n,United_States__United_States_003481,D00,1,0,0
YOLO11n,United_States__United_States_003483,D00,0,0,1
YOLO11n,United_States__United_States_003486,D00,0,1,2
YOLO11n,United_States__United_States_003494,D00,1,1,1
YOLO11n,United_States__United_States_003502,D00,0,0,1
YOLO11n,United_States__United_States_003502,D10,0,0,1
YOLO11n,United_States__United_States_003513,D00,1,1,0
YOLO11n,United_States__United_States_003513,D10,0,0,1
YOLO11n,United_States__United_States_003516,D00,0,2,2
YOLO11n,United_States__United_States_003516,D10,1,0,1
YOLO11n,United_States__United_States_003518,D00,1,1,0
YOLO11n,United_States__United_States_003518,D10,0,1,0
YOLO11n,United_States__United_States_003519,D00,1,1,1
YOLO11n,United_States__United_States_003519,D10,0,0,1
YOLO11n,United_States__United_States_003519,D20,1,1,0
YOLO11n,United_States__United_States_003524,D00,1,1,1
YOLO11n,United_States__United_States_003526,D00,1,0,0
YOLO11n,United_States__United_States_003526,D40,0,0,1
YOLO11n,United_States__United_States_003530,D00,2,0,0
YOLO11n,United_States__United_States_003530,D10,1,1,0
YOLO11n,United_States__United_States_003533,D00,2,0,1
YOLO11n,United_States__United_States_003533,D10,1,0,0
YOLO11n,United_States__United_States_003533,D20,0,0,1
YOLO11n,United_States__United_States_003543,D00,1,0,1
YOLO11n,United_States__United_States_003544,D00,1,0,1
YOLO11n,United_States__United_States_003544,D10,1,2,1
YOLO11n,United_States__United_States_003548,D00,1,1,0
YOLO11n,United_States__United_States_003555,D00,0,0,1
YOLO11n,United_States__United_States_003555,D40,0,0,1
YOLO11n,United_States__United_States_003573,D00,1,0,0
YOLO11n,United_States__United_States_003576,D00,1,0,0
YOLO11n,United_States__United_States_003576,D10,1,0,0
YOLO11n,United_States__United_States_003576,D20,0,1,0
YOLO11n,United_States__United_States_003586,D00,1,1,0
YOLO11n,United_States__United_States_003587,D00,1,0,0
YOLO11n,United_States__United_States_003587,D10,1,0,0
YOLO11n,United_States__United_States_003595,D00,1,0,0
YOLO11n,United_States__United_States_003595,D10,0,1,0
YOLO11n,United_States__United_States_003595,D20,0,0,1
YOLO11n,United_States__United_States_003600,D00,1,1,0
YOLO11n,United_States__United_States_003617,D00,0,1,0
YOLO11n,United_States__United_States_003617,D10,2,1,0
YOLO11n,United_States__United_States_003618,D00,0,0,1
YOLO11n,United_States__United_States_003619,D00,1,1,1
YOLO11n,United_States__United_States_003619,D10,1,1,0
YOLO11n,United_States__United_States_003624,D00,2,1,0
YOLO11n,United_States__United_States_003626,D20,0,0,1
YOLO11n,United_States__United_States_003633,D00,1,0,0
YOLO11n,United_States__United_States_003642,D00,2,1,1
YOLO11n,United_States__United_States_003642,D10,0,0,2
YOLO11n,United_States__United_States_003648,D00,0,1,0
YOLO11n,United_States__United_States_003648,D10,1,0,0
YOLO11n,United_States__United_States_003653,D00,0,2,1
YOLO11n,United_States__United_States_003667,D00,2,1,1
YOLO11n,United_States__United_States_003667,D10,0,0,1
YOLO11n,United_States__United_States_003672,D00,0,1,0
YOLO11n,United_States__United_States_003672,D20,1,2,0
YOLO11n,United_States__United_States_003683,D00,1,0,0
YOLO11n,United_States__United_States_003683,D10,1,0,0
YOLO11n,United_States__United_States_003690,D10,1,1,1
YOLO11n,United_States__United_States_003701,D20,1,0,0
YOLO11n,United_States__United_States_003706,D00,1,1,0
YOLO11n,United_States__United_States_003722,D00,0,2,1
YOLO11n,United_States__United_States_003722,D10,0,0,1
YOLO11n,United_States__United_States_003728,D00,1,2,0
YOLO11n,United_States__United_States_003728,D10,0,1,2
YOLO11n,United_States__United_States_003729,D00,1,1,0
YOLO11n,United_States__United_States_003740,D00,3,2,1
YOLO11n,United_States__United_States_003744,D00,0,3,0
YOLO11n,United_States__United_States_003744,D10,2,0,2
YOLO11n,United_States__United_States_003744,D20,0,0,1
YOLO11n,United_States__United_States_003760,D10,0,1,1
YOLO11n,United_States__United_States_003764,D10,1,0,0
YOLO11n,United_States__United_States_003765,D00,1,0,0
YOLO11n,United_States__United_States_003775,D10,0,0,1
YOLO11n,United_States__United_States_003788,D00,2,2,0
YOLO11n,United_States__United_States_003788,D10,0,0,1
YOLO11n,United_States__United_States_003788,D20,0,2,0
YOLO11n,United_States__United_States_003792,D00,2,0,2
YOLO11n,United_States__United_States_003792,D10,1,0,1
YOLO11n,United_States__United_States_003793,D00,0,1,0
YOLO11n,United_States__United_States_003793,D10,1,4,1
YOLO11n,United_States__United_States_003801,D00,0,0,1
YOLO11n,United_States__United_States_003808,D00,1,0,0
YOLO11n,United_States__United_States_003820,D00,1,0,1
YOLO11n,United_States__United_States_003820,D10,0,0,1
YOLO11n,United_States__United_States_003821,D00,2,0,0
YOLO11n,United_States__United_States_003821,D10,0,2,1
YOLO11n,United_States__United_States_003833,D00,2,0,0
YOLO11n,United_States__United_States_003833,D10,0,1,0
YOLO11n,United_States__United_States_003834,D00,0,2,1
YOLO11n,United_States__United_States_003836,D00,1,0,0
YOLO11n,United_States__United_States_003842,D00,1,0,0
YOLO11n,United_States__United_States_003845,D10,1,0,0
YOLO11n,United_States__United_States_003859,D00,0,1,0
YOLO11n,United_States__United_States_003859,D20,0,1,2
YOLO11n,United_States__United_States_003870,D00,1,1,2
YOLO11n,United_States__United_States_003874,D00,1,2,1
YOLO11n,United_States__United_States_003879,D00,1,1,0
YOLO11n,United_States__United_States_003910,D00,1,0,1
YOLO11n,United_States__United_States_003915,D00,2,0,0
YOLO11n,United_States__United_States_003940,D00,1,0,0
YOLO11n,United_States__United_States_003940,D20,0,1,0
YOLO11n,United_States__United_States_003942,D00,0,0,1
YOLO11n,United_States__United_States_003942,D20,1,1,0
YOLO11n,United_States__United_States_003943,D20,1,2,2
YOLO11n,United_States__United_States_003945,D00,1,1,0
YOLO11n,United_States__United_States_003945,D10,1,0,0
YOLO11n,United_States__United_States_003947,D00,1,0,1
YOLO11n,United_States__United_States_003964,D10,1,0,0
YOLO11n,United_States__United_States_003966,D00,1,1,0
YOLO11n,United_States__United_States_003972,D00,1,0,2
YOLO11n,United_States__United_States_003972,D10,1,2,2
YOLO11n,United_States__United_States_003972,D20,0,1,0
YOLO11n,United_States__United_States_003985,D00,1,2,1
YOLO11n,United_States__United_States_003985,D10,1,0,0
YOLO11n,United_States__United_States_003985,D20,1,1,0
YOLO11n,United_States__United_States_003985,D40,0,0,3
YOLO11n,United_States__United_States_004003,D00,0,1,2
YOLO11n,United_States__United_States_004003,D10,1,0,0
YOLO11n,United_States__United_States_004004,D00,3,0,0
YOLO11n,United_States__United_States_004004,D20,0,2,0
YOLO11n,United_States__United_States_004005,D00,1,0,0
YOLO11n,United_States__United_States_004005,D10,1,0,1
YOLO11n,United_States__United_States_004013,D00,0,0,1
YOLO11n,United_States__United_States_004013,D10,1,0,0
YOLO11n,United_States__United_States_004020,D00,1,1,2
YOLO11n,United_States__United_States_004023,D00,1,0,0
YOLO11n,United_States__United_States_004023,D20,0,0,1
YOLO11n,United_States__United_States_004024,D00,1,0,0
YOLO11n,United_States__United_States_004024,D10,1,0,0
YOLO11n,United_States__United_States_004029,D00,0,0,1
YOLO11n,United_States__United_States_004029,D10,1,2,0
YOLO11n,United_States__United_States_004029,D20,0,0,1
YOLO11n,United_States__United_States_004053,D00,1,0,0
YOLO11n,United_States__United_States_004053,D10,1,2,0
YOLO11n,United_States__United_States_004064,D00,2,0,2
YOLO11n,United_States__United_States_004065,D00,1,0,0
YOLO11n,United_States__United_States_004071,D00,1,0,0
YOLO11n,United_States__United_States_004072,D10,1,0,0
YOLO11n,United_States__United_States_004086,D00,2,1,0
YOLO11n,United_States__United_States_004091,D00,1,1,0
YOLO11n,United_States__United_States_004091,D10,0,1,0
YOLO11n,United_States__United_States_004103,D00,1,2,0
YOLO11n,United_States__United_States_004127,D00,2,0,1
YOLO11n,United_States__United_States_004128,D00,2,3,1
YOLO11n,United_States__United_States_004131,D00,0,1,0
YOLO11n,United_States__United_States_004131,D10,1,1,0
YOLO11n,United_States__United_States_004136,D00,0,1,1
YOLO11n,United_States__United_States_004136,D20,1,0,0
YOLO11n,United_States__United_States_004139,D00,2,0,1
YOLO11n,United_States__United_States_004142,D00,1,2,1
YOLO11n,United_States__United_States_004142,D10,0,0,1
YOLO11n,United_States__United_States_004153,D00,1,0,0
YOLO11n,United_States__United_States_004155,D00,1,0,0
YOLO11n,United_States__United_States_004157,D00,2,0,0
YOLO11n,United_States__United_States_004157,D10,0,0,1
YOLO11n,United_States__United_States_004159,D00,0,1,0
YOLO11n,United_States__United_States_004159,D10,2,1,0
YOLO11n,United_States__United_States_004159,D20,0,0,1
YOLO11n,United_States__United_States_004163,D00,1,0,0
YOLO11n,United_States__United_States_004163,D10,1,0,0
YOLO11n,United_States__United_States_004165,D00,0,1,0
YOLO11n,United_States__United_States_004165,D10,1,1,0
YOLO11n,United_States__United_States_004168,D00,2,0,0
YOLO11n,United_States__United_States_004168,D10,1,0,0
YOLO11n,United_States__United_States_004174,D00,1,1,0
YOLO11n,United_States__United_States_004176,D00,1,0,0
YOLO11n,United_States__United_States_004194,D00,1,0,1
YOLO11n,United_States__United_States_004198,D00,1,1,0
YOLO11n,United_States__United_States_004198,D10,1,0,1
YOLO11n,United_States__United_States_004200,D00,0,0,1
YOLO11n,United_States__United_States_004203,D00,1,1,0
YOLO11n,United_States__United_States_004203,D10,1,0,0
YOLO11n,United_States__United_States_004203,D20,1,0,0
YOLO11n,United_States__United_States_004206,D00,0,0,1
YOLO11n,United_States__United_States_004206,D10,1,0,0
YOLO11n,United_States__United_States_004207,D00,1,5,2
YOLO11n,United_States__United_States_004207,D10,2,1,0
YOLO11n,United_States__United_States_004228,D00,0,2,0
YOLO11n,United_States__United_States_004228,D20,1,2,0
YOLO11n,United_States__United_States_004250,D00,0,3,1
YOLO11n,United_States__United_States_004250,D10,1,1,4
YOLO11n,United_States__United_States_004251,D00,1,0,0
YOLO11n,United_States__United_States_004255,D10,0,0,1
YOLO11n,United_States__United_States_004257,D00,2,3,1
YOLO11n,United_States__United_States_004258,D00,1,0,2
YOLO11n,United_States__United_States_004258,D10,0,4,0
YOLO11n,United_States__United_States_004268,D00,1,0,0
YOLO11n,United_States__United_States_004276,D20,2,0,0
YOLO11n,United_States__United_States_004279,D20,1,0,0
YOLO11n,United_States__United_States_004280,D00,1,2,1
YOLO11n,United_States__United_States_004280,D10,1,0,0
YOLO11n,United_States__United_States_004309,D00,1,0,0
YOLO11n,United_States__United_States_004326,D00,2,0,1
YOLO11n,United_States__United_States_004326,D10,0,1,1
YOLO11n,United_States__United_States_004331,D00,1,1,2
YOLO11n,United_States__United_States_004331,D10,1,1,1
YOLO11n,United_States__United_States_004356,D00,0,3,0
YOLO11n,United_States__United_States_004356,D20,1,0,0
YOLO11n,United_States__United_States_004357,D00,1,1,0
YOLO11n,United_States__United_States_004357,D20,0,1,1
YOLO11n,United_States__United_States_004360,D00,2,3,0
YOLO11n,United_States__United_States_004360,D10,0,2,1
YOLO11n,United_States__United_States_004360,D20,0,0,1
YOLO11n,United_States__United_States_004368,D00,1,3,0
YOLO11n,United_States__United_States_004371,D00,0,0,2
YOLO11n,United_States__United_States_004371,D20,0,1,0
YOLO11n,United_States__United_States_004374,D00,1,1,3
YOLO11n,United_States__United_States_004374,D10,0,1,0
YOLO11n,United_States__United_States_004374,D20,0,0,2
YOLO11n,United_States__United_States_004376,D00,1,0,0
YOLO11n,United_States__United_States_004385,D10,1,1,0
YOLO11n,United_States__United_States_004386,D00,1,1,0
YOLO11n,United_States__United_States_004387,D00,1,1,1
YOLO11n,United_States__United_States_004387,D10,0,0,1
YOLO11n,United_States__United_States_004388,D10,1,2,0
YOLO11n,United_States__United_States_004398,D40,0,0,1
YOLO11n,United_States__United_States_004400,D00,0,0,1
YOLO11n,United_States__United_States_004400,D10,1,1,0
YOLO11n,United_States__United_States_004400,D20,0,0,1
YOLO11n,United_States__United_States_004402,D00,2,2,3
YOLO11n,United_States__United_States_004402,D10,0,1,1
YOLO11n,United_States__United_States_004407,D00,2,1,1
YOLO11n,United_States__United_States_004407,D10,1,0,0
YOLO11n,United_States__United_States_004410,D20,0,0,1
YOLO11n,United_States__United_States_004412,D10,1,0,1
YOLO11n,United_States__United_States_004412,D20,1,1,1
YOLO11n,United_States__United_States_004422,D00,2,0,0
YOLO11n,United_States__United_States_004423,D00,2,0,0
YOLO11n,United_States__United_States_004423,D10,0,0,1
YOLO11n,United_States__United_States_004424,D00,0,2,2
YOLO11n,United_States__United_States_004430,D00,1,0,0
YOLO11n,United_States__United_States_004437,D00,2,0,0
YOLO11n,United_States__United_States_004438,D00,1,2,0
YOLO11n,United_States__United_States_004438,D10,1,0,0
YOLO11n,United_States__United_States_004442,D00,0,0,1
YOLO11n,United_States__United_States_004442,D10,0,2,1
YOLO11n,United_States__United_States_004443,D00,1,1,0
YOLO11n,United_States__United_States_004443,D10,1,1,1
YOLO11n,United_States__United_States_004455,D00,2,1,1
YOLO11n,United_States__United_States_004455,D20,1,0,0
YOLO11n,United_States__United_States_004456,D00,1,1,0
YOLO11n,United_States__United_States_004456,D10,1,1,0
YOLO11n,United_States__United_States_004457,D00,1,0,1
YOLO11n,United_States__United_States_004458,D00,1,0,0
YOLO11n,United_States__United_States_004460,D00,1,1,0
YOLO11n,United_States__United_States_004460,D10,1,2,0
YOLO11n,United_States__United_States_004472,D00,1,1,0
YOLO11n,United_States__United_States_004472,D10,0,1,1
YOLO11n,United_States__United_States_004472,D40,0,0,1
YOLO11n,United_States__United_States_004478,D00,0,1,0
YOLO11n,United_States__United_States_004478,D10,0,0,1
YOLO11n,United_States__United_States_004480,D00,1,0,1
YOLO11n,United_States__United_States_004488,D00,1,1,0
YOLO11n,United_States__United_States_004488,D10,1,2,1
YOLO11n,United_States__United_States_004493,D10,0,0,2
YOLO11n,United_States__United_States_004503,D00,2,3,0
YOLO11n,United_States__United_States_004503,D10,1,0,0
YOLO11n,United_States__United_States_004504,D10,0,0,1
YOLO11n,United_States__United_States_004507,D00,0,1,1
YOLO11n,United_States__United_States_004517,D00,2,0,0
YOLO11n,United_States__United_States_004517,D10,1,0,0
YOLO11n,United_States__United_States_004520,D00,3,2,1
YOLO11n,United_States__United_States_004523,D20,0,0,1
YOLO11n,United_States__United_States_004526,D00,2,1,1
YOLO11n,United_States__United_States_004532,D00,1,1,1
YOLO11n,United_States__United_States_004532,D10,2,2,0
YOLO11n,United_States__United_States_004536,D00,1,0,0
YOLO11n,United_States__United_States_004536,D20,0,0,1
YOLO11n,United_States__United_States_004538,D00,0,2,1
YOLO11n,United_States__United_States_004538,D20,1,0,0
YOLO11n,United_States__United_States_004544,D00,1,1,0
YOLO11n,United_States__United_States_004545,D00,2,1,1
YOLO11n,United_States__United_States_004545,D10,0,2,1
YOLO11n,United_States__United_States_004546,D20,1,2,1
YOLO11n,United_States__United_States_004548,D00,2,1,0
YOLO11n,United_States__United_States_004548,D10,0,2,0
YOLO11n,United_States__United_States_004549,D00,1,1,0
YOLO11n,United_States__United_States_004549,D40,0,0,1
YOLO11n,United_States__United_States_004555,D00,2,1,1
YOLO11n,United_States__United_States_004555,D10,0,1,0
YOLO11n,United_States__United_States_004556,D00,1,1,0
YOLO11n,United_States__United_States_004558,D00,0,0,1
YOLO11n,United_States__United_States_004558,D20,1,0,0
YOLO11n,United_States__United_States_004575,D00,1,1,2
YOLO11n,United_States__United_States_004577,D00,0,1,0
YOLO11n,United_States__United_States_004577,D10,1,0,0
YOLO11n,United_States__United_States_004599,D00,2,2,0
YOLO11n,United_States__United_States_004624,D00,0,0,1
YOLO11n,United_States__United_States_004625,D00,1,5,1
YOLO11n,United_States__United_States_004625,D10,0,2,1
YOLO11n,United_States__United_States_004628,D10,1,0,0
YOLO11n,United_States__United_States_004634,D00,0,3,1
YOLO11n,United_States__United_States_004637,D20,0,0,1
YOLO11n,United_States__United_States_004639,D10,1,1,0
YOLO11n,United_States__United_States_004643,D40,0,0,1
YOLO11n,United_States__United_States_004646,D00,0,0,2
YOLO11n,United_States__United_States_004646,D10,2,0,0
YOLO11n,United_States__United_States_004654,D00,1,0,2
YOLO11n,United_States__United_States_004654,D10,1,0,0
YOLO11n,United_States__United_States_004670,D00,1,0,4
YOLO11n,United_States__United_States_004670,D10,1,0,0
YOLO11n,United_States__United_States_004670,D20,0,2,0
YOLO11n,United_States__United_States_004678,D10,1,1,0
YOLO11n,United_States__United_States_004682,D00,3,0,0
YOLO11n,United_States__United_States_004685,D10,1,1,0
YOLO11n,United_States__United_States_004685,D40,0,1,0
YOLO11n,United_States__United_States_004686,D00,1,1,0
YOLO11n,United_States__United_States_004686,D10,0,0,1
YOLO11n,United_States__United_States_004692,D00,1,3,1
YOLO11n,United_States__United_States_004692,D10,0,1,1
YOLO11n,United_States__United_States_004704,D00,0,0,1
YOLO11n,United_States__United_States_004704,D20,0,0,1
YOLO11n,United_States__United_States_004708,D00,1,0,0
YOLO11n,United_States__United_States_004711,D00,1,0,2
YOLO11n,United_States__United_States_004714,D20,1,0,1
YOLO11n,United_States__United_States_004726,D00,1,2,0
YOLO11n,United_States__United_States_004730,D00,0,0,1
YOLO11n,United_States__United_States_004730,D10,1,1,0
YOLO11n,United_States__United_States_004738,D00,1,1,0
YOLO11n,United_States__United_States_004738,D10,0,3,0
YOLO11n,United_States__United_States_004751,D00,2,1,0
YOLO11n,United_States__United_States_004751,D10,0,1,1
YOLO11n,United_States__United_States_004754,D00,0,0,1
YOLO11n,United_States__United_States_004766,D00,0,1,0
YOLO11n,United_States__United_States_004766,D10,1,0,0
YOLO11n,United_States__United_States_004766,D20,0,0,1
YOLO11n,United_States__United_States_004767,D10,1,0,0
YOLO11n,United_States__United_States_004774,D00,1,0,2
YOLO11n,United_States__United_States_004774,D10,1,0,0
YOLO11n,United_States__United_States_004784,D00,5,2,1
YOLO11s,China_Drone__China_Drone_000008,D10,1,0,0
YOLO11s,China_Drone__China_Drone_000017,D10,1,0,0
YOLO11s,China_Drone__China_Drone_000032,D00,0,0,1
YOLO11s,China_Drone__China_Drone_000032,D10,1,0,0
YOLO11s,China_Drone__China_Drone_000038,D00,0,0,1
YOLO11s,China_Drone__China_Drone_000046,D00,1,0,0
YOLO11s,China_Drone__China_Drone_000051,D00,0,1,0
YOLO11s,China_Drone__China_Drone_000051,D10,1,0,0
YOLO11s,China_Drone__China_Drone_000053,D20,0,0,1
YOLO11s,China_Drone__China_Drone_000054,D10,1,0,0
YOLO11s,China_Drone__China_Drone_000064,D40,0,0,1
YOLO11s,China_Drone__China_Drone_000069,D10,0,0,1
YOLO11s,China_Drone__China_Drone_000075,D10,1,0,0
YOLO11s,China_Drone__China_Drone_000079,D00,1,0,1
YOLO11s,China_Drone__China_Drone_000079,D10,1,0,0
YOLO11s,China_Drone__China_Drone_000082,D00,0,0,1
YOLO11s,China_Drone__China_Drone_000082,D10,1,2,2
YOLO11s,China_Drone__China_Drone_000092,D00,2,1,1
YOLO11s,China_Drone__China_Drone_000093,D00,1,1,0
YOLO11s,China_Drone__China_Drone_000095,D00,0,1,0
YOLO11s,China_Drone__China_Drone_000095,D10,1,1,0
YOLO11s,China_Drone__China_Drone_000102,D10,1,0,0
YOLO11s,China_Drone__China_Drone_000113,D00,2,0,1
YOLO11s,China_Drone__China_Drone_000113,D10,1,0,0
YOLO11s,China_Drone__China_Drone_000135,D10,1,0,0
YOLO11s,China_Drone__China_Drone_000140,D00,0,0,1
YOLO11s,China_Drone__China_Drone_000140,D10,1,0,0
YOLO11s,China_Drone__China_Drone_000179,D00,0,0,1
YOLO11s,China_Drone__China_Drone_000179,D10,1,0,0
YOLO11s,China_Drone__China_Drone_000180,D00,1,0,0
YOLO11s,China_Drone__China_Drone_000184,D00,1,1,0
YOLO11s,China_Drone__China_Drone_000184,D10,1,0,2
YOLO11s,China_Drone__China_Drone_000194,D20,0,0,1
YOLO11s,China_Drone__China_Drone_000207,D10,0,0,1
YOLO11s,China_Drone__China_Drone_000207,D20,1,0,0
YOLO11s,China_Drone__China_Drone_000235,D20,0,0,1
YOLO11s,China_Drone__China_Drone_000247,D00,1,1,0
YOLO11s,China_Drone__China_Drone_000250,D00,0,1,0
YOLO11s,China_Drone__China_Drone_000254,D00,1,1,1
YOLO11s,China_Drone__China_Drone_000264,D00,1,0,0
YOLO11s,China_Drone__China_Drone_000264,D10,0,0,1
YOLO11s,China_Drone__China_Drone_000267,D10,0,0,2
YOLO11s,China_Drone__China_Drone_000268,D10,0,0,1
YOLO11s,China_Drone__China_Drone_000279,D20,0,0,1
YOLO11s,China_Drone__China_Drone_000287,D00,1,0,0
YOLO11s,China_Drone__China_Drone_000299,D00,0,1,0
YOLO11s,China_Drone__China_Drone_000299,D10,1,1,1
YOLO11s,China_Drone__China_Drone_000300,D00,1,1,0
YOLO11s,China_Drone__China_Drone_000317,D10,2,2,0
YOLO11s,China_Drone__China_Drone_000318,D00,1,2,0
YOLO11s,China_Drone__China_Drone_000345,D00,0,0,1
YOLO11s,China_Drone__China_Drone_000345,D20,0,0,1
YOLO11s,China_Drone__China_Drone_000357,D00,1,0,0
YOLO11s,China_Drone__China_Drone_000360,D00,1,0,0
YOLO11s,China_Drone__China_Drone_000363,D00,0,1,0
YOLO11s,China_Drone__China_Drone_000363,D10,0,0,1
YOLO11s,China_Drone__China_Drone_000392,D00,1,0,0
YOLO11s,China_Drone__China_Drone_000392,D10,3,0,0
YOLO11s,China_Drone__China_Drone_000396,D00,0,1,0
YOLO11s,China_Drone__China_Drone_000404,D40,1,1,1
YOLO11s,China_Drone__China_Drone_000405,D00,1,0,0
YOLO11s,China_Drone__China_Drone_000406,D00,0,0,1
YOLO11s,China_Drone__China_Drone_000410,D00,1,1,0
YOLO11s,China_Drone__China_Drone_000411,D00,1,0,1
YOLO11s,China_Drone__China_Drone_000411,D10,0,1,1
YOLO11s,China_Drone__China_Drone_000416,D10,2,1,0
YOLO11s,China_Drone__China_Drone_000429,D00,1,0,0
YOLO11s,China_Drone__China_Drone_000429,D10,1,0,0
YOLO11s,China_Drone__China_Drone_000430,D10,1,0,0
YOLO11s,China_Drone__China_Drone_000431,D10,1,0,0
YOLO11s,China_Drone__China_Drone_000440,D00,0,0,1
YOLO11s,China_Drone__China_Drone_000440,D10,0,1,0
YOLO11s,China_Drone__China_Drone_000442,D10,1,0,0
YOLO11s,China_Drone__China_Drone_000452,D10,0,0,1
YOLO11s,China_Drone__China_Drone_000454,D10,0,1,1
YOLO11s,China_Drone__China_Drone_000471,D00,0,0,1
YOLO11s,China_Drone__China_Drone_000481,D00,1,0,0
YOLO11s,China_Drone__China_Drone_000493,D00,0,0,1
YOLO11s,China_Drone__China_Drone_000503,D40,2,0,1
YOLO11s,China_Drone__China_Drone_000506,D10,0,0,1
YOLO11s,China_Drone__China_Drone_000515,D00,0,2,1
YOLO11s,China_Drone__China_Drone_000515,D10,0,0,2
YOLO11s,China_Drone__China_Drone_000563,D10,1,0,0
YOLO11s,China_Drone__China_Drone_000589,D00,1,0,0
YOLO11s,China_Drone__China_Drone_000595,D10,1,0,0
YOLO11s,China_Drone__China_Drone_000598,D10,0,1,0
YOLO11s,China_Drone__China_Drone_000605,D10,1,0,0
YOLO11s,China_Drone__China_Drone_000615,D00,2,1,1
YOLO11s,China_Drone__China_Drone_000620,D10,0,2,2
YOLO11s,China_Drone__China_Drone_000622,D10,1,0,0
YOLO11s,China_Drone__China_Drone_000634,D00,1,1,0
YOLO11s,China_Drone__China_Drone_000640,D20,0,0,1
YOLO11s,China_Drone__China_Drone_000648,D00,0,0,1
YOLO11s,China_Drone__China_Drone_000650,D00,0,0,1
YOLO11s,China_Drone__China_Drone_000650,D10,1,0,0
YOLO11s,China_Drone__China_Drone_000653,D00,0,0,1
YOLO11s,China_Drone__China_Drone_000656,D00,1,3,0
YOLO11s,China_Drone__China_Drone_000662,D10,1,0,0
YOLO11s,China_Drone__China_Drone_000695,D20,1,0,0
YOLO11s,China_Drone__China_Drone_000695,D40,1,0,0
YOLO11s,China_Drone__China_Drone_000708,D00,1,0,0
YOLO11s,China_Drone__China_Drone_000708,D20,0,0,1
YOLO11s,China_Drone__China_Drone_000711,D00,1,1,1
YOLO11s,China_Drone__China_Drone_000711,D10,1,0,0
YOLO11s,China_Drone__China_Drone_000715,D10,1,2,0
YOLO11s,China_Drone__China_Drone_000717,D10,0,0,1
YOLO11s,China_Drone__China_Drone_000733,D00,1,0,0
YOLO11s,China_Drone__China_Drone_000738,D00,0,0,1
YOLO11s,China_Drone__China_Drone_000738,D10,1,1,1
YOLO11s,China_Drone__China_Drone_000745,D10,1,2,0
YOLO11s,China_Drone__China_Drone_000759,D00,0,1,1
YOLO11s,China_Drone__China_Drone_000763,D00,0,1,1
YOLO11s,China_Drone__China_Drone_000767,D10,1,1,0
YOLO11s,China_Drone__China_Drone_000768,D00,1,1,0
YOLO11s,China_Drone__China_Drone_000802,D10,1,0,0
YOLO11s,China_Drone__China_Drone_000808,D10,1,0,0
YOLO11s,China_Drone__China_Drone_000826,D00,1,0,0
YOLO11s,China_Drone__China_Drone_000831,D00,0,1,0
YOLO11s,China_Drone__China_Drone_000831,D10,0,1,1
YOLO11s,China_Drone__China_Drone_000831,D40,0,1,0
YOLO11s,China_Drone__China_Drone_000853,D10,1,0,0
YOLO11s,China_Drone__China_Drone_000865,D00,1,0,1
YOLO11s,China_Drone__China_Drone_000866,D10,1,1,0
YOLO11s,China_Drone__China_Drone_000867,D00,2,3,0
YOLO11s,China_Drone__China_Drone_000867,D10,1,0,1
YOLO11s,China_Drone__China_Drone_000871,D20,0,0,1
YOLO11s,China_Drone__China_Drone_000881,D00,1,0,0
YOLO11s,China_Drone__China_Drone_000889,D00,0,0,1
YOLO11s,China_Drone__China_Drone_000906,D10,1,1,0
YOLO11s,China_Drone__China_Drone_000919,D00,2,0,0
YOLO11s,China_Drone__China_Drone_000932,D00,1,2,0
YOLO11s,China_Drone__China_Drone_000932,D20,0,0,1
YOLO11s,China_Drone__China_Drone_000945,D00,1,0,1
YOLO11s,China_Drone__China_Drone_000945,D10,2,1,0
YOLO11s,China_Drone__China_Drone_000947,D00,0,0,1
YOLO11s,China_Drone__China_Drone_000947,D20,1,0,0
YOLO11s,China_Drone__China_Drone_000952,D20,0,0,1
YOLO11s,China_Drone__China_Drone_000976,D00,0,3,0
YOLO11s,China_Drone__China_Drone_000980,D00,1,0,0
YOLO11s,China_Drone__China_Drone_000993,D00,1,0,0
YOLO11s,China_Drone__China_Drone_000994,D10,0,0,1
YOLO11s,China_Drone__China_Drone_000995,D00,1,1,0
YOLO11s,China_Drone__China_Drone_000996,D10,0,1,0
YOLO11s,China_Drone__China_Drone_001018,D20,1,1,0
YOLO11s,China_Drone__China_Drone_001024,D00,1,2,2
YOLO11s,China_Drone__China_Drone_001025,D00,1,1,0
YOLO11s,China_Drone__China_Drone_001030,D10,0,0,1
YOLO11s,China_Drone__China_Drone_001040,D00,1,0,0
YOLO11s,China_Drone__China_Drone_001040,D10,3,2,0
YOLO11s,China_Drone__China_Drone_001043,D10,1,0,0
YOLO11s,China_Drone__China_Drone_001048,D00,1,0,0
YOLO11s,China_Drone__China_Drone_001067,D10,1,1,0
YOLO11s,China_Drone__China_Drone_001067,D40,1,0,0
YOLO11s,China_Drone__China_Drone_001069,D10,1,0,0
YOLO11s,China_Drone__China_Drone_001081,D00,1,1,0
YOLO11s,China_Drone__China_Drone_001091,D00,0,0,1
YOLO11s,China_Drone__China_Drone_001104,D00,2,1,0
YOLO11s,China_Drone__China_Drone_001108,D00,0,1,1
YOLO11s,China_Drone__China_Drone_001108,D20,0,0,1
YOLO11s,China_Drone__China_Drone_001129,D00,1,0,0
YOLO11s,China_Drone__China_Drone_001129,D10,1,1,1
YOLO11s,China_Drone__China_Drone_001136,D00,0,0,1
YOLO11s,China_Drone__China_Drone_001136,D10,1,0,0
YOLO11s,China_Drone__China_Drone_001141,D20,0,0,1
YOLO11s,China_Drone__China_Drone_001152,D00,2,0,0
YOLO11s,China_Drone__China_Drone_001157,D10,1,0,0
YOLO11s,China_Drone__China_Drone_001159,D00,0,0,1
YOLO11s,China_Drone__China_Drone_001159,D10,1,1,0
YOLO11s,China_Drone__China_Drone_001166,D10,0,0,1
YOLO11s,China_Drone__China_Drone_001182,D00,0,0,1
YOLO11s,China_Drone__China_Drone_001182,D20,0,0,1
YOLO11s,China_Drone__China_Drone_001190,D00,1,0,1
YOLO11s,China_Drone__China_Drone_001192,D00,0,0,1
YOLO11s,China_Drone__China_Drone_001200,D10,1,2,0
YOLO11s,China_Drone__China_Drone_001217,D10,2,0,0
YOLO11s,China_Drone__China_Drone_001222,D00,0,0,2
YOLO11s,China_Drone__China_Drone_001222,D10,0,1,1
YOLO11s,China_Drone__China_Drone_001229,D00,1,0,1
YOLO11s,China_Drone__China_Drone_001238,D00,1,0,1
YOLO11s,China_Drone__China_Drone_001246,D10,1,2,1
YOLO11s,China_Drone__China_Drone_001247,D10,1,0,0
YOLO11s,China_Drone__China_Drone_001250,D00,0,0,1
YOLO11s,China_Drone__China_Drone_001250,D10,1,0,0
YOLO11s,China_Drone__China_Drone_001263,D00,2,1,3
YOLO11s,China_Drone__China_Drone_001263,D10,0,1,0
YOLO11s,China_Drone__China_Drone_001271,D00,0,0,1
YOLO11s,China_Drone__China_Drone_001271,D10,1,0,0
YOLO11s,China_Drone__China_Drone_001272,D10,1,1,0
YOLO11s,China_Drone__China_Drone_001283,D10,0,0,1
YOLO11s,China_Drone__China_Drone_001305,D00,0,1,1
YOLO11s,China_Drone__China_Drone_001317,D10,1,1,1
YOLO11s,China_Drone__China_Drone_001356,D10,0,1,1
YOLO11s,China_Drone__China_Drone_001356,D20,0,0,1
YOLO11s,China_Drone__China_Drone_001367,D00,0,0,1
YOLO11s,China_Drone__China_Drone_001367,D10,0,1,0
YOLO11s,China_Drone__China_Drone_001368,D10,1,0,0
YOLO11s,China_Drone__China_Drone_001368,D20,0,1,1
YOLO11s,China_Drone__China_Drone_001374,D10,1,0,0
YOLO11s,China_Drone__China_Drone_001380,D00,0,1,1
YOLO11s,China_Drone__China_Drone_001382,D00,1,1,1
YOLO11s,China_Drone__China_Drone_001382,D10,0,0,1
YOLO11s,China_Drone__China_Drone_001415,D10,0,0,1
YOLO11s,China_Drone__China_Drone_001424,D10,1,0,0
YOLO11s,China_Drone__China_Drone_001426,D40,0,1,0
YOLO11s,China_Drone__China_Drone_001429,D00,0,0,1
YOLO11s,China_Drone__China_Drone_001430,D10,0,1,1
YOLO11s,China_Drone__China_Drone_001433,D00,0,0,1
YOLO11s,China_Drone__China_Drone_001433,D10,1,1,0
YOLO11s,China_Drone__China_Drone_001452,D10,1,1,0
YOLO11s,China_Drone__China_Drone_001477,D00,1,0,0
YOLO11s,China_Drone__China_Drone_001478,D00,1,1,0
YOLO11s,China_Drone__China_Drone_001479,D00,1,1,0
YOLO11s,China_Drone__China_Drone_001479,D10,2,1,0
YOLO11s,China_Drone__China_Drone_001489,D00,1,0,1
YOLO11s,China_Drone__China_Drone_001493,D10,1,1,0
YOLO11s,China_Drone__China_Drone_001502,D00,1,0,1
YOLO11s,China_Drone__China_Drone_001503,D00,0,1,1
YOLO11s,China_Drone__China_Drone_001511,D20,0,1,0
YOLO11s,China_Drone__China_Drone_001511,D40,0,0,1
YOLO11s,China_Drone__China_Drone_001521,D00,1,2,0
YOLO11s,China_Drone__China_Drone_001521,D10,0,1,0
YOLO11s,China_Drone__China_Drone_001526,D20,0,0,1
YOLO11s,China_Drone__China_Drone_001530,D00,0,2,0
YOLO11s,China_Drone__China_Drone_001530,D10,0,1,0
YOLO11s,China_Drone__China_Drone_001530,D20,0,0,1
YOLO11s,China_Drone__China_Drone_001540,D00,1,1,0
YOLO11s,China_Drone__China_Drone_001546,D00,1,0,0
YOLO11s,China_Drone__China_Drone_001566,D00,0,0,1
YOLO11s,China_Drone__China_Drone_001590,D20,0,0,1
YOLO11s,China_Drone__China_Drone_001591,D10,2,1,0
YOLO11s,China_Drone__China_Drone_001592,D00,0,0,1
YOLO11s,China_Drone__China_Drone_001608,D00,2,2,0
YOLO11s,China_Drone__China_Drone_001608,D10,1,0,0
YOLO11s,China_Drone__China_Drone_001623,D10,0,0,1
YOLO11s,China_Drone__China_Drone_001632,D00,1,0,0
YOLO11s,China_Drone__China_Drone_001632,D10,1,1,1
YOLO11s,China_Drone__China_Drone_001637,D00,2,0,0
YOLO11s,China_Drone__China_Drone_001638,D10,0,0,1
YOLO11s,China_Drone__China_Drone_001653,D00,2,4,0
YOLO11s,China_Drone__China_Drone_001672,D00,1,0,0
YOLO11s,China_Drone__China_Drone_001686,D00,0,0,1
YOLO11s,China_Drone__China_Drone_001686,D10,2,0,0
YOLO11s,China_Drone__China_Drone_001692,D00,1,1,0
YOLO11s,China_Drone__China_Drone_001693,D10,1,0,0
YOLO11s,China_Drone__China_Drone_001713,D10,1,0,1
YOLO11s,China_Drone__China_Drone_001721,D00,0,0,2
YOLO11s,China_Drone__China_Drone_001722,D20,0,0,1
YOLO11s,China_Drone__China_Drone_001727,D00,0,0,1
YOLO11s,China_Drone__China_Drone_001727,D10,2,1,0
YOLO11s,China_Drone__China_Drone_001731,D00,0,1,1
YOLO11s,China_Drone__China_Drone_001749,D10,0,1,0
YOLO11s,China_Drone__China_Drone_001757,D00,1,0,2
YOLO11s,China_Drone__China_Drone_001760,D10,1,1,0
YOLO11s,China_Drone__China_Drone_001765,D00,1,0,0
YOLO11s,China_Drone__China_Drone_001765,D10,1,2,0
YOLO11s,China_Drone__China_Drone_001777,D10,1,0,0
YOLO11s,China_Drone__China_Drone_001782,D00,1,0,0
YOLO11s,China_Drone__China_Drone_001795,D10,1,0,0
YOLO11s,China_Drone__China_Drone_001809,D10,1,0,0
YOLO11s,China_Drone__China_Drone_001822,D10,0,0,1
YOLO11s,China_Drone__China_Drone_001827,D00,1,0,1
YOLO11s,China_Drone__China_Drone_001827,D10,0,0,1
YOLO11s,China_Drone__China_Drone_001827,D20,0,0,1
YOLO11s,China_Drone__China_Drone_001831,D20,1,0,1
YOLO11s,China_Drone__China_Drone_001832,D10,1,0,1
YOLO11s,China_Drone__China_Drone_001836,D10,0,0,1
YOLO11s,China_Drone__China_Drone_001837,D00,1,0,2
YOLO11s,China_Drone__China_Drone_001837,D10,0,0,1
YOLO11s,China_Drone__China_Drone_001837,D20,1,0,0
YOLO11s,China_Drone__China_Drone_001838,D10,1,1,0
YOLO11s,China_Drone__China_Drone_001843,D20,0,1,0
YOLO11s,China_Drone__China_Drone_001844,D20,0,0,1
YOLO11s,China_Drone__China_Drone_001846,D00,1,1,0
YOLO11s,China_Drone__China_Drone_001851,D20,0,0,1
YOLO11s,China_Drone__China_Drone_001852,D00,0,1,0
YOLO11s,China_Drone__China_Drone_001852,D20,0,0,1
YOLO11s,China_Drone__China_Drone_001892,D00,0,1,0
YOLO11s,China_Drone__China_Drone_001892,D10,1,1,0
YOLO11s,China_Drone__China_Drone_001903,D00,0,0,1
YOLO11s,China_Drone__China_Drone_001905,D00,1,2,1
YOLO11s,China_Drone__China_Drone_001905,D10,0,1,1
YOLO11s,China_Drone__China_Drone_001913,D10,0,0,1
YOLO11s,China_Drone__China_Drone_001923,D00,0,3,0
YOLO11s,China_Drone__China_Drone_001923,D20,0,0,1
YOLO11s,China_Drone__China_Drone_001932,D10,0,0,1
YOLO11s,China_Drone__China_Drone_001939,D00,0,0,1
YOLO11s,China_Drone__China_Drone_001939,D10,1,0,0
YOLO11s,China_Drone__China_Drone_001953,D00,2,1,0
YOLO11s,China_Drone__China_Drone_001975,D10,1,1,0
YOLO11s,China_Drone__China_Drone_001978,D10,0,1,0
YOLO11s,China_Drone__China_Drone_001978,D20,0,0,2
YOLO11s,China_Drone__China_Drone_001995,D00,1,1,0
YOLO11s,China_Drone__China_Drone_002006,D00,1,0,0
YOLO11s,China_Drone__China_Drone_002016,D00,1,1,0
YOLO11s,China_Drone__China_Drone_002020,D00,0,1,0
YOLO11s,China_Drone__China_Drone_002020,D10,0,1,0
YOLO11s,China_Drone__China_Drone_002034,D00,2,0,0
YOLO11s,China_Drone__China_Drone_002034,D10,0,1,0
YOLO11s,China_Drone__China_Drone_002038,D10,0,0,1
YOLO11s,China_Drone__China_Drone_002039,D00,3,1,1
YOLO11s,China_Drone__China_Drone_002039,D10,1,0,0
YOLO11s,China_Drone__China_Drone_002042,D10,0,1,1
YOLO11s,China_Drone__China_Drone_002044,D00,1,0,0
YOLO11s,China_Drone__China_Drone_002044,D20,0,0,1
YOLO11s,China_Drone__China_Drone_002045,D10,0,1,0
YOLO11s,China_Drone__China_Drone_002065,D00,0,1,2
YOLO11s,China_Drone__China_Drone_002065,D10,0,0,1
YOLO11s,China_Drone__China_Drone_002065,D20,0,0,1
YOLO11s,China_Drone__China_Drone_002069,D20,1,0,0
YOLO11s,China_Drone__China_Drone_002070,D00,1,1,2
YOLO11s,China_Drone__China_Drone_002070,D10,2,0,1
YOLO11s,China_Drone__China_Drone_002072,D00,0,0,1
YOLO11s,China_Drone__China_Drone_002072,D10,1,0,2
YOLO11s,China_Drone__China_Drone_002090,D00,1,0,0
YOLO11s,China_Drone__China_Drone_002100,D10,0,0,2
YOLO11s,China_Drone__China_Drone_002105,D20,1,0,0
YOLO11s,China_Drone__China_Drone_002105,D40,0,1,0
YOLO11s,China_Drone__China_Drone_002115,D00,0,1,0
YOLO11s,China_Drone__China_Drone_002115,D10,2,3,0
YOLO11s,China_Drone__China_Drone_002117,D00,0,0,1
YOLO11s,China_Drone__China_Drone_002117,D10,0,1,1
YOLO11s,China_Drone__China_Drone_002127,D10,1,1,0
YOLO11s,China_Drone__China_Drone_002129,D00,0,2,0
YOLO11s,China_Drone__China_Drone_002137,D20,0,1,0
YOLO11s,China_Drone__China_Drone_002137,D40,0,0,1
YOLO11s,China_Drone__China_Drone_002140,D00,2,2,0
YOLO11s,China_Drone__China_Drone_002142,D10,1,0,0
YOLO11s,China_Drone__China_Drone_002145,D00,0,0,1
YOLO11s,China_Drone__China_Drone_002145,D40,1,0,0
YOLO11s,China_Drone__China_Drone_002149,D00,0,1,0
YOLO11s,China_Drone__China_Drone_002149,D10,2,0,0
YOLO11s,China_Drone__China_Drone_002150,D00,1,0,0
YOLO11s,China_Drone__China_Drone_002153,D10,1,0,0
YOLO11s,China_Drone__China_Drone_002159,D00,2,4,0
YOLO11s,China_Drone__China_Drone_002159,D10,1,0,0
YOLO11s,China_Drone__China_Drone_002173,D00,1,0,0
YOLO11s,China_Drone__China_Drone_002173,D10,1,0,0
YOLO11s,China_Drone__China_Drone_002182,D10,1,0,0
YOLO11s,China_Drone__China_Drone_002183,D00,1,0,0
YOLO11s,China_Drone__China_Drone_002183,D10,1,0,0
YOLO11s,China_Drone__China_Drone_002192,D00,1,0,0
YOLO11s,China_Drone__China_Drone_002209,D20,1,1,0
YOLO11s,China_Drone__China_Drone_002213,D10,2,0,0
YOLO11s,China_Drone__China_Drone_002215,D00,0,0,1
YOLO11s,China_Drone__China_Drone_002222,D20,0,0,1
YOLO11s,China_Drone__China_Drone_002236,D00,0,0,1
YOLO11s,China_Drone__China_Drone_002236,D10,0,0,1
YOLO11s,China_Drone__China_Drone_002242,D00,0,1,0
YOLO11s,China_Drone__China_Drone_002242,D10,0,0,1
YOLO11s,China_Drone__China_Drone_002245,D00,1,0,0
YOLO11s,China_Drone__China_Drone_002245,D10,1,1,2
YOLO11s,China_Drone__China_Drone_002245,D20,0,1,0
YOLO11s,China_Drone__China_Drone_002245,D40,1,1,1
YOLO11s,China_Drone__China_Drone_002249,D10,1,0,0
YOLO11s,China_Drone__China_Drone_002267,D00,0,0,2
YOLO11s,China_Drone__China_Drone_002275,D00,2,1,0
YOLO11s,China_Drone__China_Drone_002275,D10,0,0,2
YOLO11s,China_Drone__China_Drone_002275,D20,0,0,1
YOLO11s,China_Drone__China_Drone_002276,D10,1,1,0
YOLO11s,China_Drone__China_Drone_002277,D10,0,0,1
YOLO11s,China_Drone__China_Drone_002279,D00,0,0,1
YOLO11s,China_Drone__China_Drone_002279,D10,1,0,0
YOLO11s,China_Drone__China_Drone_002284,D00,1,1,0
YOLO11s,China_Drone__China_Drone_002285,D10,0,0,1
YOLO11s,China_Drone__China_Drone_002289,D10,1,0,1
YOLO11s,China_Drone__China_Drone_002294,D00,1,0,1
YOLO11s,China_Drone__China_Drone_002297,D00,0,0,1
YOLO11s,China_Drone__China_Drone_002297,D10,1,0,0
YOLO11s,China_Drone__China_Drone_002302,D00,0,1,0
YOLO11s,China_Drone__China_Drone_002305,D10,1,0,0
YOLO11s,China_Drone__China_Drone_002315,D00,1,2,0
YOLO11s,China_Drone__China_Drone_002332,D00,1,0,0
YOLO11s,China_Drone__China_Drone_002336,D00,0,0,1
YOLO11s,China_Drone__China_Drone_002357,D00,0,3,0
YOLO11s,China_Drone__China_Drone_002357,D10,0,0,1
YOLO11s,China_Drone__China_Drone_002358,D00,0,2,1
YOLO11s,China_Drone__China_Drone_002358,D20,0,1,0
YOLO11s,China_Drone__China_Drone_002358,D40,0,1,0
YOLO11s,China_Drone__China_Drone_002360,D00,0,1,1
YOLO11s,China_Drone__China_Drone_002360,D10,0,0,1
YOLO11s,China_Drone__China_Drone_002365,D10,1,0,0
YOLO11s,China_Drone__China_Drone_002381,D10,0,0,1
YOLO11s,China_Drone__China_Drone_002383,D10,0,0,1
YOLO11s,China_MotorBike__China_MotorBike_000002,D00,2,1,0
YOLO11s,China_MotorBike__China_MotorBike_000003,D00,3,1,2
YOLO11s,China_MotorBike__China_MotorBike_000005,D10,0,3,4
YOLO11s,China_MotorBike__China_MotorBike_000012,D00,2,0,0
YOLO11s,China_MotorBike__China_MotorBike_000019,D00,1,2,0
YOLO11s,China_MotorBike__China_MotorBike_000019,D10,0,1,2
YOLO11s,China_MotorBike__China_MotorBike_000033,D00,0,2,3
YOLO11s,China_MotorBike__China_MotorBike_000033,D10,0,0,1
YOLO11s,China_MotorBike__China_MotorBike_000034,D10,1,1,0
YOLO11s,China_MotorBike__China_MotorBike_000042,D00,3,0,2
YOLO11s,China_MotorBike__China_MotorBike_000042,D10,1,0,0
YOLO11s,China_MotorBike__China_MotorBike_000050,D40,1,1,0
YOLO11s,China_MotorBike__China_MotorBike_000051,D20,0,0,1
YOLO11s,China_MotorBike__China_MotorBike_000053,D00,0,1,1
YOLO11s,China_MotorBike__China_MotorBike_000056,D10,1,1,0
YOLO11s,China_MotorBike__China_MotorBike_000057,D00,1,0,0
YOLO11s,China_MotorBike__China_MotorBike_000058,D00,1,0,0
YOLO11s,China_MotorBike__China_MotorBike_000058,D10,1,0,1
YOLO11s,China_MotorBike__China_MotorBike_000059,D00,1,0,1
YOLO11s,China_MotorBike__China_MotorBike_000061,D00,1,0,0
YOLO11s,China_MotorBike__China_MotorBike_000072,D00,2,1,0
YOLO11s,China_MotorBike__China_MotorBike_000079,D00,0,1,1
YOLO11s,China_MotorBike__China_MotorBike_000079,D20,1,0,0
YOLO11s,China_MotorBike__China_MotorBike_000086,D00,2,3,2
YOLO11s,China_MotorBike__China_MotorBike_000086,D10,2,0,0
YOLO11s,China_MotorBike__China_MotorBike_000089,D00,1,1,0
YOLO11s,China_MotorBike__China_MotorBike_000089,D10,1,0,0
YOLO11s,China_MotorBike__China_MotorBike_000108,D00,0,0,1
YOLO11s,China_MotorBike__China_MotorBike_000108,D20,1,1,2
YOLO11s,China_MotorBike__China_MotorBike_000112,D00,2,0,4
YOLO11s,China_MotorBike__China_MotorBike_000112,D10,1,0,0
YOLO11s,China_MotorBike__China_MotorBike_000113,D00,0,1,0
YOLO11s,China_MotorBike__China_MotorBike_000113,D40,1,2,0
YOLO11s,China_MotorBike__China_MotorBike_000115,D10,1,2,0
YOLO11s,China_MotorBike__China_MotorBike_000125,D20,1,1,0
YOLO11s,China_MotorBike__China_MotorBike_000127,D40,0,0,1
YOLO11s,China_MotorBike__China_MotorBike_000143,D00,0,2,3
YOLO11s,China_MotorBike__China_MotorBike_000146,D00,1,0,0
YOLO11s,China_MotorBike__China_MotorBike_000148,D10,0,3,1
YOLO11s,China_MotorBike__China_MotorBike_000148,D20,1,1,0
YOLO11s,China_MotorBike__China_MotorBike_000164,D00,3,1,1
YOLO11s,China_MotorBike__China_MotorBike_000168,D20,0,0,1
YOLO11s,China_MotorBike__China_MotorBike_000181,D00,2,1,0
YOLO11s,China_MotorBike__China_MotorBike_000201,D00,2,0,0
YOLO11s,China_MotorBike__China_MotorBike_000215,D20,1,1,1
YOLO11s,China_MotorBike__China_MotorBike_000218,D00,1,2,0
YOLO11s,China_MotorBike__China_MotorBike_000218,D10,1,0,0
YOLO11s,China_MotorBike__China_MotorBike_000221,D00,1,0,0
YOLO11s,China_MotorBike__China_MotorBike_000226,D00,2,0,1
YOLO11s,China_MotorBike__China_MotorBike_000232,D00,2,3,2
YOLO11s,China_MotorBike__China_MotorBike_000247,D00,1,0,1
YOLO11s,China_MotorBike__China_MotorBike_000259,D00,1,0,0
YOLO11s,China_MotorBike__China_MotorBike_000262,D00,0,1,1
YOLO11s,China_MotorBike__China_MotorBike_000269,D00,0,1,2
YOLO11s,China_MotorBike__China_MotorBike_000269,D20,1,1,0
YOLO11s,China_MotorBike__China_MotorBike_000290,D00,2,2,0
YOLO11s,China_MotorBike__China_MotorBike_000301,D00,1,1,1
YOLO11s,China_MotorBike__China_MotorBike_000304,D40,1,1,1
YOLO11s,China_MotorBike__China_MotorBike_000307,D00,1,0,0
YOLO11s,China_MotorBike__China_MotorBike_000307,D20,1,0,0
YOLO11s,China_MotorBike__China_MotorBike_000318,D00,1,0,0
YOLO11s,China_MotorBike__China_MotorBike_000318,D20,1,1,1
YOLO11s,China_MotorBike__China_MotorBike_000327,D00,2,0,0
YOLO11s,China_MotorBike__China_MotorBike_000328,D40,1,0,1
YOLO11s,China_MotorBike__China_MotorBike_000333,D00,1,1,0
YOLO11s,China_MotorBike__China_MotorBike_000346,D00,1,2,0
YOLO11s,China_MotorBike__China_MotorBike_000351,D10,1,1,0
YOLO11s,China_MotorBike__China_MotorBike_000361,D00,1,1,1
YOLO11s,China_MotorBike__China_MotorBike_000361,D10,1,0,0
YOLO11s,China_MotorBike__China_MotorBike_000376,D00,2,3,1
YOLO11s,China_MotorBike__China_MotorBike_000394,D40,0,0,1
YOLO11s,China_MotorBike__China_MotorBike_000420,D00,1,2,1
YOLO11s,China_MotorBike__China_MotorBike_000420,D10,1,0,1
YOLO11s,China_MotorBike__China_MotorBike_000431,D00,2,0,0
YOLO11s,China_MotorBike__China_MotorBike_000432,D10,2,0,0
YOLO11s,China_MotorBike__China_MotorBike_000440,D00,0,0,1
YOLO11s,China_MotorBike__China_MotorBike_000440,D10,1,0,1
YOLO11s,China_MotorBike__China_MotorBike_000445,D20,1,0,0
YOLO11s,China_MotorBike__China_MotorBike_000448,D00,0,2,1
YOLO11s,China_MotorBike__China_MotorBike_000448,D20,2,2,0
YOLO11s,China_MotorBike__China_MotorBike_000448,D40,1,0,0
YOLO11s,China_MotorBike__China_MotorBike_000452,D10,2,3,0
YOLO11s,China_MotorBike__China_MotorBike_000458,D10,1,1,0
YOLO11s,China_MotorBike__China_MotorBike_000459,D10,1,2,1
YOLO11s,China_MotorBike__China_MotorBike_000459,D20,1,2,0
YOLO11s,China_MotorBike__China_MotorBike_000463,D10,1,1,0
YOLO11s,China_MotorBike__China_MotorBike_000466,D10,2,1,1
YOLO11s,China_MotorBike__China_MotorBike_000473,D40,0,0,1
YOLO11s,China_MotorBike__China_MotorBike_000477,D00,1,1,0
YOLO11s,China_MotorBike__China_MotorBike_000483,D00,1,1,0
YOLO11s,China_MotorBike__China_MotorBike_000484,D20,1,0,0
YOLO11s,China_MotorBike__China_MotorBike_000490,D10,1,0,1
YOLO11s,China_MotorBike__China_MotorBike_000492,D00,1,0,0
YOLO11s,China_MotorBike__China_MotorBike_000492,D20,0,1,1
YOLO11s,China_MotorBike__China_MotorBike_000513,D00,0,1,1
YOLO11s,China_MotorBike__China_MotorBike_000513,D10,1,0,0
YOLO11s,China_MotorBike__China_MotorBike_000513,D20,1,0,0
YOLO11s,China_MotorBike__China_MotorBike_000523,D00,2,2,2
YOLO11s,China_MotorBike__China_MotorBike_000530,D10,2,0,0
YOLO11s,China_MotorBike__China_MotorBike_000544,D00,0,0,1
YOLO11s,China_MotorBike__China_MotorBike_000544,D20,1,0,0
YOLO11s,China_MotorBike__China_MotorBike_000546,D00,1,0,2
YOLO11s,China_MotorBike__China_MotorBike_000550,D20,1,1,1
YOLO11s,China_MotorBike__China_MotorBike_000552,D00,1,0,2
YOLO11s,China_MotorBike__China_MotorBike_000552,D20,0,0,1
YOLO11s,China_MotorBike__China_MotorBike_000552,D40,0,0,1
YOLO11s,China_MotorBike__China_MotorBike_000553,D00,1,3,0
YOLO11s,China_MotorBike__China_MotorBike_000553,D20,2,0,0
YOLO11s,China_MotorBike__China_MotorBike_000553,D40,0,0,1
YOLO11s,China_MotorBike__China_MotorBike_000556,D00,1,1,2
YOLO11s,China_MotorBike__China_MotorBike_000556,D10,1,1,0
YOLO11s,China_MotorBike__China_MotorBike_000557,D00,1,0,1
YOLO11s,China_MotorBike__China_MotorBike_000557,D10,1,3,0
YOLO11s,China_MotorBike__China_MotorBike_000564,D00,3,2,1
YOLO11s,China_MotorBike__China_MotorBike_000572,D00,1,1,0
YOLO11s,China_MotorBike__China_MotorBike_000574,D00,1,1,0
YOLO11s,China_MotorBike__China_MotorBike_000582,D40,0,0,1
YOLO11s,China_MotorBike__China_MotorBike_000585,D00,1,1,5
YOLO11s,China_MotorBike__China_MotorBike_000585,D10,0,2,1
YOLO11s,China_MotorBike__China_MotorBike_000603,D00,1,1,0
YOLO11s,China_MotorBike__China_MotorBike_000606,D00,1,0,2
YOLO11s,China_MotorBike__China_MotorBike_000606,D10,1,2,0
YOLO11s,China_MotorBike__China_MotorBike_000621,D10,1,0,0
YOLO11s,China_MotorBike__China_MotorBike_000624,D00,1,0,0
YOLO11s,China_MotorBike__China_MotorBike_000624,D10,1,1,0
YOLO11s,China_MotorBike__China_MotorBike_000632,D10,1,1,0
YOLO11s,China_MotorBike__China_MotorBike_000637,D00,1,1,0
YOLO11s,China_MotorBike__China_MotorBike_000655,D00,1,0,0
YOLO11s,China_MotorBike__China_MotorBike_000655,D10,0,0,1
YOLO11s,China_MotorBike__China_MotorBike_000655,D20,0,0,1
YOLO11s,China_MotorBike__China_MotorBike_000661,D00,1,0,1
YOLO11s,China_MotorBike__China_MotorBike_000667,D00,1,0,0
YOLO11s,China_MotorBike__China_MotorBike_000669,D00,0,1,2
YOLO11s,China_MotorBike__China_MotorBike_000672,D00,1,0,0
YOLO11s,China_MotorBike__China_MotorBike_000681,D00,3,2,1
YOLO11s,China_MotorBike__China_MotorBike_000682,D00,1,1,0
YOLO11s,China_MotorBike__China_MotorBike_000684,D00,1,0,0
YOLO11s,China_MotorBike__China_MotorBike_000684,D10,1,2,0
YOLO11s,China_MotorBike__China_MotorBike_000686,D00,2,1,0
YOLO11s,China_MotorBike__China_MotorBike_000697,D00,2,2,0
YOLO11s,China_MotorBike__China_MotorBike_000699,D00,1,0,0
YOLO11s,China_MotorBike__China_MotorBike_000699,D10,1,1,0
YOLO11s,China_MotorBike__China_MotorBike_000713,D00,1,1,2
YOLO11s,China_MotorBike__China_MotorBike_000721,D00,0,0,1
YOLO11s,China_MotorBike__China_MotorBike_000721,D10,0,2,0
YOLO11s,China_MotorBike__China_MotorBike_000725,D00,0,1,4
YOLO11s,China_MotorBike__China_MotorBike_000725,D10,0,2,0
YOLO11s,China_MotorBike__China_MotorBike_000738,D00,1,0,0
YOLO11s,China_MotorBike__China_MotorBike_000738,D20,1,0,0
YOLO11s,China_MotorBike__China_MotorBike_000750,D20,1,1,0
YOLO11s,China_MotorBike__China_MotorBike_000757,D00,1,2,2
YOLO11s,China_MotorBike__China_MotorBike_000757,D10,0,0,1
YOLO11s,China_MotorBike__China_MotorBike_000765,D00,1,3,0
YOLO11s,China_MotorBike__China_MotorBike_000765,D10,0,0,1
YOLO11s,China_MotorBike__China_MotorBike_000769,D00,3,2,4
YOLO11s,China_MotorBike__China_MotorBike_000777,D10,0,1,3
YOLO11s,China_MotorBike__China_MotorBike_000779,D00,1,2,4
YOLO11s,China_MotorBike__China_MotorBike_000786,D40,1,0,0
YOLO11s,China_MotorBike__China_MotorBike_000790,D00,1,0,0
YOLO11s,China_MotorBike__China_MotorBike_000790,D20,2,3,1
YOLO11s,China_MotorBike__China_MotorBike_000796,D00,1,0,0
YOLO11s,China_MotorBike__China_MotorBike_000800,D00,1,0,0
YOLO11s,China_MotorBike__China_MotorBike_000800,D10,1,4,0
YOLO11s,China_MotorBike__China_MotorBike_000809,D00,1,1,0
YOLO11s,China_MotorBike__China_MotorBike_000814,D00,3,4,1
YOLO11s,China_MotorBike__China_MotorBike_000828,D00,2,3,2
YOLO11s,China_MotorBike__China_MotorBike_000838,D00,1,1,0
YOLO11s,China_MotorBike__China_MotorBike_000841,D40,1,0,1
YOLO11s,China_MotorBike__China_MotorBike_000844,D20,1,1,0
YOLO11s,China_MotorBike__China_MotorBike_000851,D10,1,3,0
YOLO11s,China_MotorBike__China_MotorBike_000855,D00,1,1,0
YOLO11s,China_MotorBike__China_MotorBike_000855,D10,0,3,2
YOLO11s,China_MotorBike__China_MotorBike_000856,D00,1,0,2
YOLO11s,China_MotorBike__China_MotorBike_000856,D10,3,0,0
YOLO11s,China_MotorBike__China_MotorBike_000856,D20,0,0,1
YOLO11s,China_MotorBike__China_MotorBike_000856,D40,1,0,0
YOLO11s,China_MotorBike__China_MotorBike_000860,D10,1,1,0
YOLO11s,China_MotorBike__China_MotorBike_000872,D00,1,0,2
YOLO11s,China_MotorBike__China_MotorBike_000872,D10,1,3,0
YOLO11s,China_MotorBike__China_MotorBike_000882,D00,1,1,0
YOLO11s,China_MotorBike__China_MotorBike_000882,D20,1,0,1
YOLO11s,China_MotorBike__China_MotorBike_000882,D40,1,0,0
YOLO11s,China_MotorBike__China_MotorBike_000883,D00,1,0,1
YOLO11s,China_MotorBike__China_MotorBike_000887,D00,1,0,0
YOLO11s,China_MotorBike__China_MotorBike_000895,D00,2,0,2
YOLO11s,China_MotorBike__China_MotorBike_000895,D10,2,1,1
YOLO11s,China_MotorBike__China_MotorBike_000896,D00,2,2,0
YOLO11s,China_MotorBike__China_MotorBike_000896,D10,1,1,0
YOLO11s,China_MotorBike__China_MotorBike_000904,D00,1,0,0
YOLO11s,China_MotorBike__China_MotorBike_000904,D10,1,1,0
YOLO11s,China_MotorBike__China_MotorBike_000911,D00,1,2,2
YOLO11s,China_MotorBike__China_MotorBike_000911,D10,2,0,0
YOLO11s,China_MotorBike__China_MotorBike_000921,D10,1,5,0
YOLO11s,China_MotorBike__China_MotorBike_000926,D20,1,3,0
YOLO11s,China_MotorBike__China_MotorBike_000928,D10,1,1,0
YOLO11s,China_MotorBike__China_MotorBike_000930,D20,1,0,0
YOLO11s,China_MotorBike__China_MotorBike_000931,D00,0,0,1
YOLO11s,China_MotorBike__China_MotorBike_000931,D20,0,0,1
YOLO11s,China_MotorBike__China_MotorBike_000942,D00,1,1,1
YOLO11s,China_MotorBike__China_MotorBike_000942,D10,0,0,2
YOLO11s,China_MotorBike__China_MotorBike_000969,D00,2,0,0
YOLO11s,China_MotorBike__China_MotorBike_000969,D10,1,0,0
YOLO11s,China_MotorBike__China_MotorBike_000971,D00,0,0,1
YOLO11s,China_MotorBike__China_MotorBike_000971,D10,1,1,1
YOLO11s,China_MotorBike__China_MotorBike_000971,D20,0,0,1
YOLO11s,China_MotorBike__China_MotorBike_000971,D40,1,0,1
YOLO11s,China_MotorBike__China_MotorBike_000973,D00,1,0,0
YOLO11s,China_MotorBike__China_MotorBike_000973,D10,1,1,0
YOLO11s,China_MotorBike__China_MotorBike_000979,D00,2,0,0
YOLO11s,China_MotorBike__China_MotorBike_000979,D10,1,0,0
YOLO11s,China_MotorBike__China_MotorBike_000981,D00,2,1,1
YOLO11s,China_MotorBike__China_MotorBike_000989,D00,2,1,1
YOLO11s,China_MotorBike__China_MotorBike_000989,D10,1,2,0
YOLO11s,China_MotorBike__China_MotorBike_000991,D00,0,2,3
YOLO11s,China_MotorBike__China_MotorBike_000996,D00,2,1,2
YOLO11s,China_MotorBike__China_MotorBike_000996,D40,0,0,1
YOLO11s,China_MotorBike__China_MotorBike_001014,D00,1,1,0
YOLO11s,China_MotorBike__China_MotorBike_001014,D10,0,1,0
YOLO11s,China_MotorBike__China_MotorBike_001016,D40,0,0,1
YOLO11s,China_MotorBike__China_MotorBike_001021,D00,0,0,1
YOLO11s,China_MotorBike__China_MotorBike_001021,D10,1,0,1
YOLO11s,China_MotorBike__China_MotorBike_001026,D00,1,2,0
YOLO11s,China_MotorBike__China_MotorBike_001027,D10,2,1,0
YOLO11s,China_MotorBike__China_MotorBike_001030,D10,1,1,0
YOLO11s,China_MotorBike__China_MotorBike_001033,D00,0,0,1
YOLO11s,China_MotorBike__China_MotorBike_001033,D10,1,0,1
YOLO11s,China_MotorBike__China_MotorBike_001033,D40,1,2,2
YOLO11s,China_MotorBike__China_MotorBike_001043,D00,1,1,3
YOLO11s,China_MotorBike__China_MotorBike_001047,D40,0,0,1
YOLO11s,China_MotorBike__China_MotorBike_001066,D00,3,2,0
YOLO11s,China_MotorBike__China_MotorBike_001087,D00,2,2,1
YOLO11s,China_MotorBike__China_MotorBike_001094,D10,0,0,1
YOLO11s,China_MotorBike__China_MotorBike_001094,D20,0,1,0
YOLO11s,China_MotorBike__China_MotorBike_001096,D00,0,0,1
YOLO11s,China_MotorBike__China_MotorBike_001096,D20,0,0,1
YOLO11s,China_MotorBike__China_MotorBike_001102,D00,1,0,0
YOLO11s,China_MotorBike__China_MotorBike_001114,D00,1,0,1
YOLO11s,China_MotorBike__China_MotorBike_001114,D10,1,0,0
YOLO11s,China_MotorBike__China_MotorBike_001117,D00,0,0,1
YOLO11s,China_MotorBike__China_MotorBike_001117,D20,0,0,1
YOLO11s,China_MotorBike__China_MotorBike_001122,D00,0,2,1
YOLO11s,China_MotorBike__China_MotorBike_001122,D10,1,0,0
YOLO11s,China_MotorBike__China_MotorBike_001126,D00,1,0,0
YOLO11s,China_MotorBike__China_MotorBike_001126,D20,1,1,1
YOLO11s,China_MotorBike__China_MotorBike_001129,D00,0,1,1
YOLO11s,China_MotorBike__China_MotorBike_001131,D00,2,0,0
YOLO11s,China_MotorBike__China_MotorBike_001139,D00,0,2,3
YOLO11s,China_MotorBike__China_MotorBike_001139,D10,2,0,1
YOLO11s,China_MotorBike__China_MotorBike_001139,D40,0,0,1
YOLO11s,China_MotorBike__China_MotorBike_001151,D00,1,0,0
YOLO11s,China_MotorBike__China_MotorBike_001151,D20,1,1,0
YOLO11s,China_MotorBike__China_MotorBike_001153,D20,1,1,1
YOLO11s,China_MotorBike__China_MotorBike_001161,D10,2,1,0
YOLO11s,China_MotorBike__China_MotorBike_001165,D00,1,1,1
YOLO11s,China_MotorBike__China_MotorBike_001165,D10,1,3,0
YOLO11s,China_MotorBike__China_MotorBike_001178,D00,1,3,0
YOLO11s,China_MotorBike__China_MotorBike_001187,D00,1,0,0
YOLO11s,China_MotorBike__China_MotorBike_001194,D00,0,2,2
YOLO11s,China_MotorBike__China_MotorBike_001194,D10,0,0,1
YOLO11s,China_MotorBike__China_MotorBike_001194,D20,0,0,1
YOLO11s,China_MotorBike__China_MotorBike_001219,D00,4,1,0
YOLO11s,China_MotorBike__China_MotorBike_001224,D00,0,0,1
YOLO11s,China_MotorBike__China_MotorBike_001224,D10,0,0,1
YOLO11s,China_MotorBike__China_MotorBike_001224,D20,1,1,0
YOLO11s,China_MotorBike__China_MotorBike_001225,D00,0,1,1
YOLO11s,China_MotorBike__China_MotorBike_001232,D10,2,1,0
YOLO11s,China_MotorBike__China_MotorBike_001248,D10,1,1,0
YOLO11s,China_MotorBike__China_MotorBike_001273,D10,1,1,0
YOLO11s,China_MotorBike__China_MotorBike_001277,D00,1,0,1
YOLO11s,China_MotorBike__China_MotorBike_001277,D10,2,1,0
YOLO11s,China_MotorBike__China_MotorBike_001285,D20,1,0,0
YOLO11s,China_MotorBike__China_MotorBike_001287,D00,2,1,4
YOLO11s,China_MotorBike__China_MotorBike_001287,D10,1,1,2
YOLO11s,China_MotorBike__China_MotorBike_001289,D10,1,1,0
YOLO11s,China_MotorBike__China_MotorBike_001300,D40,1,1,0
YOLO11s,China_MotorBike__China_MotorBike_001304,D00,1,1,0
YOLO11s,China_MotorBike__China_MotorBike_001313,D00,1,1,0
YOLO11s,China_MotorBike__China_MotorBike_001326,D00,0,1,0
YOLO11s,China_MotorBike__China_MotorBike_001326,D10,1,0,0
YOLO11s,China_MotorBike__China_MotorBike_001326,D20,1,0,0
YOLO11s,China_MotorBike__China_MotorBike_001331,D00,0,3,2
YOLO11s,China_MotorBike__China_MotorBike_001331,D20,0,1,0
YOLO11s,China_MotorBike__China_MotorBike_001337,D10,1,2,0
YOLO11s,China_MotorBike__China_MotorBike_001339,D00,2,1,0
YOLO11s,China_MotorBike__China_MotorBike_001339,D10,2,1,0
YOLO11s,China_MotorBike__China_MotorBike_001349,D00,1,0,1
YOLO11s,China_MotorBike__China_MotorBike_001349,D10,1,1,1
YOLO11s,China_MotorBike__China_MotorBike_001350,D40,1,0,1
YOLO11s,China_MotorBike__China_MotorBike_001354,D00,1,0,0
YOLO11s,China_MotorBike__China_MotorBike_001356,D20,1,0,0
YOLO11s,China_MotorBike__China_MotorBike_001365,D00,1,0,1
YOLO11s,China_MotorBike__China_MotorBike_001365,D10,0,1,0
YOLO11s,China_MotorBike__China_MotorBike_001365,D20,0,0,1
YOLO11s,China_MotorBike__China_MotorBike_001367,D00,1,0,0
YOLO11s,China_MotorBike__China_MotorBike_001367,D20,1,0,1
YOLO11s,China_MotorBike__China_MotorBike_001368,D00,1,1,0
YOLO11s,China_MotorBike__China_MotorBike_001377,D20,1,0,0
YOLO11s,China_MotorBike__China_MotorBike_001383,D20,1,0,1
YOLO11s,China_MotorBike__China_MotorBike_001384,D00,1,1,0
YOLO11s,China_MotorBike__China_MotorBike_001385,D00,1,0,0
YOLO11s,China_MotorBike__China_MotorBike_001390,D00,1,3,0
YOLO11s,China_MotorBike__China_MotorBike_001390,D10,1,0,0
YOLO11s,China_MotorBike__China_MotorBike_001409,D00,1,0,0
YOLO11s,China_MotorBike__China_MotorBike_001409,D20,2,0,0
YOLO11s,China_MotorBike__China_MotorBike_001412,D00,1,0,0
YOLO11s,China_MotorBike__China_MotorBike_001412,D20,0,1,0
YOLO11s,China_MotorBike__China_MotorBike_001413,D00,2,0,2
YOLO11s,China_MotorBike__China_MotorBike_001413,D10,1,1,0
YOLO11s,China_MotorBike__China_MotorBike_001413,D20,0,0,1
YOLO11s,China_MotorBike__China_MotorBike_001420,D10,1,1,2
YOLO11s,China_MotorBike__China_MotorBike_001429,D00,1,1,0
YOLO11s,China_MotorBike__China_MotorBike_001429,D10,1,1,0
YOLO11s,China_MotorBike__China_MotorBike_001430,D20,1,0,0
YOLO11s,China_MotorBike__China_MotorBike_001434,D00,1,0,0
YOLO11s,China_MotorBike__China_MotorBike_001436,D00,1,0,0
YOLO11s,China_MotorBike__China_MotorBike_001436,D20,1,1,1
YOLO11s,China_MotorBike__China_MotorBike_001437,D40,1,0,1
YOLO11s,China_MotorBike__China_MotorBike_001446,D10,1,2,0
YOLO11s,China_MotorBike__China_MotorBike_001458,D00,1,1,0
YOLO11s,China_MotorBike__China_MotorBike_001458,D10,1,0,0
YOLO11s,China_MotorBike__China_MotorBike_001461,D10,2,4,0
YOLO11s,China_MotorBike__China_MotorBike_001461,D20,0,1,0
YOLO11s,China_MotorBike__China_MotorBike_001472,D10,1,1,0
YOLO11s,China_MotorBike__China_MotorBike_001500,D00,1,0,0
YOLO11s,China_MotorBike__China_MotorBike_001500,D10,0,2,0
YOLO11s,China_MotorBike__China_MotorBike_001505,D10,1,0,0
YOLO11s,China_MotorBike__China_MotorBike_001508,D40,1,1,0
YOLO11s,China_MotorBike__China_MotorBike_001519,D00,3,1,2
YOLO11s,China_MotorBike__China_MotorBike_001519,D10,1,0,0
YOLO11s,China_MotorBike__China_MotorBike_001520,D00,1,3,3
YOLO11s,China_MotorBike__China_MotorBike_001520,D20,0,0,1
YOLO11s,China_MotorBike__China_MotorBike_001520,D40,0,0,1
YOLO11s,China_MotorBike__China_MotorBike_001540,D00,1,0,0
YOLO11s,China_MotorBike__China_MotorBike_001540,D10,1,1,0
YOLO11s,China_MotorBike__China_MotorBike_001553,D00,2,0,2
YOLO11s,China_MotorBike__China_MotorBike_001553,D40,0,0,1
YOLO11s,China_MotorBike__China_MotorBike_001554,D10,1,0,0
YOLO11s,China_MotorBike__China_MotorBike_001568,D20,1,0,0
YOLO11s,China_MotorBike__China_MotorBike_001573,D00,1,3,1
YOLO11s,China_MotorBike__China_MotorBike_001573,D10,1,0,0
YOLO11s,China_MotorBike__China_MotorBike_001574,D00,2,1,2
YOLO11s,China_MotorBike__China_MotorBike_001575,D00,1,0,0
YOLO11s,China_MotorBike__China_MotorBike_001575,D10,1,1,1
YOLO11s,China_MotorBike__China_MotorBike_001582,D00,0,1,0
YOLO11s,China_MotorBike__China_MotorBike_001582,D10,1,2,0
YOLO11s,China_MotorBike__China_MotorBike_001600,D00,1,0,0
YOLO11s,China_MotorBike__China_MotorBike_001600,D20,1,0,0
YOLO11s,China_MotorBike__China_MotorBike_001605,D20,1,0,0
YOLO11s,China_MotorBike__China_MotorBike_001607,D40,0,0,1
YOLO11s,China_MotorBike__China_MotorBike_001613,D00,1,0,1
YOLO11s,China_MotorBike__China_MotorBike_001613,D20,0,0,1
YOLO11s,China_MotorBike__China_MotorBike_001614,D00,3,1,2
YOLO11s,China_MotorBike__China_MotorBike_001616,D00,4,2,1
YOLO11s,China_MotorBike__China_MotorBike_001618,D00,3,1,0
YOLO11s,China_MotorBike__China_MotorBike_001622,D00,0,0,1
YOLO11s,China_MotorBike__China_MotorBike_001622,D10,1,1,0
YOLO11s,China_MotorBike__China_MotorBike_001662,D00,1,0,2
YOLO11s,China_MotorBike__China_MotorBike_001662,D10,2,0,1
YOLO11s,China_MotorBike__China_MotorBike_001662,D20,0,0,1
YOLO11s,China_MotorBike__China_MotorBike_001662,D40,1,0,0
YOLO11s,China_MotorBike__China_MotorBike_001679,D00,1,0,0
YOLO11s,China_MotorBike__China_MotorBike_001686,D00,0,0,1
YOLO11s,China_MotorBike__China_MotorBike_001686,D10,0,3,0
YOLO11s,China_MotorBike__China_MotorBike_001700,D10,1,1,0
YOLO11s,China_MotorBike__China_MotorBike_001707,D00,1,0,0
YOLO11s,China_MotorBike__China_MotorBike_001708,D00,1,0,0
YOLO11s,China_MotorBike__China_MotorBike_001712,D00,1,1,0
YOLO11s,China_MotorBike__China_MotorBike_001724,D00,1,1,0
YOLO11s,China_MotorBike__China_MotorBike_001724,D10,0,0,1
YOLO11s,China_MotorBike__China_MotorBike_001724,D20,0,0,1
YOLO11s,China_MotorBike__China_MotorBike_001727,D20,1,0,0
YOLO11s,China_MotorBike__China_MotorBike_001733,D20,1,0,0
YOLO11s,China_MotorBike__China_MotorBike_001741,D00,2,2,0
YOLO11s,China_MotorBike__China_MotorBike_001749,D00,1,0,0
YOLO11s,China_MotorBike__China_MotorBike_001749,D10,2,5,0
YOLO11s,China_MotorBike__China_MotorBike_001751,D00,1,2,2
YOLO11s,China_MotorBike__China_MotorBike_001753,D00,2,0,0
YOLO11s,China_MotorBike__China_MotorBike_001758,D00,0,2,1
YOLO11s,China_MotorBike__China_MotorBike_001760,D00,1,2,1
YOLO11s,China_MotorBike__China_MotorBike_001760,D10,0,1,2
YOLO11s,China_MotorBike__China_MotorBike_001765,D00,0,0,1
YOLO11s,China_MotorBike__China_MotorBike_001765,D20,1,2,1
YOLO11s,China_MotorBike__China_MotorBike_001773,D10,0,2,2
YOLO11s,China_MotorBike__China_MotorBike_001773,D20,0,0,1
YOLO11s,China_MotorBike__China_MotorBike_001782,D00,1,0,0
YOLO11s,China_MotorBike__China_MotorBike_001786,D00,1,1,1
YOLO11s,China_MotorBike__China_MotorBike_001786,D10,0,0,1
YOLO11s,China_MotorBike__China_MotorBike_001810,D00,0,0,1
YOLO11s,China_MotorBike__China_MotorBike_001810,D10,0,2,0
YOLO11s,China_MotorBike__China_MotorBike_001811,D40,1,0,1
YOLO11s,China_MotorBike__China_MotorBike_001829,D00,1,0,0
YOLO11s,China_MotorBike__China_MotorBike_001838,D00,0,2,1
YOLO11s,China_MotorBike__China_MotorBike_001840,D00,1,0,0
YOLO11s,China_MotorBike__China_MotorBike_001842,D00,1,0,0
YOLO11s,China_MotorBike__China_MotorBike_001842,D10,1,2,0
YOLO11s,China_MotorBike__China_MotorBike_001842,D20,0,0,1
YOLO11s,China_MotorBike__China_MotorBike_001842,D40,1,0,1
YOLO11s,China_MotorBike__China_MotorBike_001846,D00,1,1,0
YOLO11s,China_MotorBike__China_MotorBike_001846,D10,0,0,1
YOLO11s,China_MotorBike__China_MotorBike_001859,D10,1,1,0
YOLO11s,China_MotorBike__China_MotorBike_001879,D00,1,0,0
YOLO11s,China_MotorBike__China_MotorBike_001879,D20,0,1,1
YOLO11s,China_MotorBike__China_MotorBike_001881,D00,2,1,0
YOLO11s,China_MotorBike__China_MotorBike_001881,D10,1,2,0
YOLO11s,China_MotorBike__China_MotorBike_001918,D20,1,0,0
YOLO11s,China_MotorBike__China_MotorBike_001921,D00,1,0,1
YOLO11s,China_MotorBike__China_MotorBike_001921,D10,1,3,0
YOLO11s,China_MotorBike__China_MotorBike_001929,D00,1,4,4
YOLO11s,China_MotorBike__China_MotorBike_001961,D10,1,3,0
YOLO11s,China_MotorBike__China_MotorBike_001966,D00,3,1,0
YOLO11s,China_MotorBike__China_MotorBike_001967,D00,0,1,2
YOLO11s,China_MotorBike__China_MotorBike_001972,D00,0,0,1
YOLO11s,China_MotorBike__China_MotorBike_001973,D00,2,2,1
YOLO11s,China_MotorBike__China_MotorBike_001973,D10,1,0,0
YOLO11s,Czech__Czech_000031,D00,0,0,1
YOLO11s,Czech__Czech_000031,D20,0,0,2
YOLO11s,Czech__Czech_000092,D10,0,0,1
YOLO11s,Czech__Czech_000092,D20,0,0,2
YOLO11s,Czech__Czech_000103,D40,0,0,1
YOLO11s,Czech__Czech_000118,D00,0,0,1
YOLO11s,Czech__Czech_000133,D40,0,1,0
YOLO11s,Czech__Czech_000204,D00,2,0,0
YOLO11s,Czech__Czech_000248,D20,0,1,2
YOLO11s,Czech__Czech_000249,D10,0,0,1
YOLO11s,Czech__Czech_000273,D00,0,0,1
YOLO11s,Czech__Czech_000293,D40,1,1,2
YOLO11s,Czech__Czech_000296,D00,0,0,1
YOLO11s,Czech__Czech_000296,D40,0,0,1
YOLO11s,Czech__Czech_000305,D00,0,0,2
YOLO11s,Czech__Czech_000309,D00,0,1,0
YOLO11s,Czech__Czech_000325,D00,0,0,1
YOLO11s,Czech__Czech_000332,D00,0,0,1
YOLO11s,Czech__Czech_000355,D00,0,0,2
YOLO11s,Czech__Czech_000389,D00,0,0,1
YOLO11s,Czech__Czech_000398,D10,0,0,1
YOLO11s,Czech__Czech_000402,D20,0,0,1
YOLO11s,Czech__Czech_000426,D00,0,1,1
YOLO11s,Czech__Czech_000459,D00,0,0,1
YOLO11s,Czech__Czech_000472,D10,0,0,1
YOLO11s,Czech__Czech_000526,D00,0,0,1
YOLO11s,Czech__Czech_000553,D10,1,1,1
YOLO11s,Czech__Czech_000569,D00,0,0,1
YOLO11s,Czech__Czech_000594,D20,1,0,0
YOLO11s,Czech__Czech_000596,D40,0,0,1
YOLO11s,Czech__Czech_000599,D20,0,0,1
YOLO11s,Czech__Czech_000599,D40,0,1,0
YOLO11s,Czech__Czech_000662,D00,0,0,1
YOLO11s,Czech__Czech_000677,D00,0,1,1
YOLO11s,Czech__Czech_000725,D00,0,0,1
YOLO11s,Czech__Czech_000737,D00,0,1,2
YOLO11s,Czech__Czech_000738,D00,0,0,2
YOLO11s,Czech__Czech_000742,D20,1,0,0
YOLO11s,Czech__Czech_000768,D40,0,0,1
YOLO11s,Czech__Czech_000774,D00,0,1,0
YOLO11s,Czech__Czech_000814,D00,1,0,0
YOLO11s,Czech__Czech_000814,D20,0,1,0
YOLO11s,Czech__Czech_000814,D40,0,0,1
YOLO11s,Czech__Czech_000817,D00,0,0,3
YOLO11s,Czech__Czech_000853,D00,0,0,2
YOLO11s,Czech__Czech_000853,D40,0,0,1
YOLO11s,Czech__Czech_000900,D00,1,0,0
YOLO11s,Czech__Czech_000928,D00,1,0,0
YOLO11s,Czech__Czech_000928,D40,0,1,0
YOLO11s,Czech__Czech_000937,D40,0,0,2
YOLO11s,Czech__Czech_000948,D00,1,0,0
YOLO11s,Czech__Czech_000950,D00,0,0,1
YOLO11s,Czech__Czech_000973,D20,0,0,1
YOLO11s,Czech__Czech_000973,D40,0,0,2
YOLO11s,Czech__Czech_000996,D00,0,1,2
YOLO11s,Czech__Czech_001003,D00,1,0,0
YOLO11s,Czech__Czech_001005,D10,0,0,1
YOLO11s,Czech__Czech_001017,D00,0,0,1
YOLO11s,Czech__Czech_001019,D00,0,1,0
YOLO11s,Czech__Czech_001023,D00,0,0,2
YOLO11s,Czech__Czech_001023,D10,0,0,1
YOLO11s,Czech__Czech_001028,D00,1,0,0
YOLO11s,Czech__Czech_001028,D10,0,0,1
YOLO11s,Czech__Czech_001054,D10,0,0,1
YOLO11s,Czech__Czech_001054,D40,0,0,2
YOLO11s,Czech__Czech_001058,D00,0,0,3
YOLO11s,Czech__Czech_001090,D10,1,0,0
YOLO11s,Czech__Czech_001090,D40,0,0,1
YOLO11s,Czech__Czech_001107,D40,0,0,3
YOLO11s,Czech__Czech_001108,D00,1,0,0
YOLO11s,Czech__Czech_001108,D10,0,0,1
YOLO11s,Czech__Czech_001113,D00,0,0,1
YOLO11s,Czech__Czech_001120,D00,0,1,1
YOLO11s,Czech__Czech_001120,D10,0,0,2
YOLO11s,Czech__Czech_001120,D20,0,1,1
YOLO11s,Czech__Czech_001152,D00,1,0,0
YOLO11s,Czech__Czech_001159,D00,0,0,1
YOLO11s,Czech__Czech_001236,D00,0,0,3
YOLO11s,Czech__Czech_001256,D00,1,1,0
YOLO11s,Czech__Czech_001264,D20,0,0,1
YOLO11s,Czech__Czech_001296,D00,0,2,1
YOLO11s,Czech__Czech_001296,D10,0,0,1
YOLO11s,Czech__Czech_001302,D20,1,0,1
YOLO11s,Czech__Czech_001383,D00,1,0,1
YOLO11s,Czech__Czech_001391,D00,0,0,1
YOLO11s,Czech__Czech_001424,D00,1,0,0
YOLO11s,Czech__Czech_001440,D10,0,0,1
YOLO11s,Czech__Czech_001457,D00,0,0,2
YOLO11s,Czech__Czech_001496,D10,0,0,1
YOLO11s,Czech__Czech_001514,D40,0,0,1
YOLO11s,Czech__Czech_001546,D00,0,0,3
YOLO11s,Czech__Czech_001546,D10,0,0,3
YOLO11s,Czech__Czech_001546,D20,0,1,0
YOLO11s,Czech__Czech_001573,D00,0,0,3
YOLO11s,Czech__Czech_001573,D10,0,0,1
YOLO11s,Czech__Czech_001596,D00,0,3,2
YOLO11s,Czech__Czech_001596,D10,0,0,1
YOLO11s,Czech__Czech_001648,D00,0,0,1
YOLO11s,Czech__Czech_001648,D10,1,1,3
YOLO11s,Czech__Czech_001657,D10,0,1,0
YOLO11s,Czech__Czech_001657,D40,0,1,0
YOLO11s,Czech__Czech_001658,D00,0,0,1
YOLO11s,Czech__Czech_001658,D20,0,1,1
YOLO11s,Czech__Czech_001662,D00,1,0,0
YOLO11s,Czech__Czech_001682,D10,0,2,0
YOLO11s,Czech__Czech_001726,D00,1,0,0
YOLO11s,Czech__Czech_001727,D00,0,0,1
YOLO11s,Czech__Czech_001789,D10,0,0,1
YOLO11s,Czech__Czech_001823,D00,0,0,1
YOLO11s,Czech__Czech_001825,D00,0,1,1
YOLO11s,Czech__Czech_001825,D40,0,0,3
YOLO11s,Czech__Czech_001849,D00,0,0,1
YOLO11s,Czech__Czech_001860,D00,1,2,0
YOLO11s,Czech__Czech_001882,D00,0,0,1
YOLO11s,Czech__Czech_001882,D10,0,0,1
YOLO11s,Czech__Czech_001886,D00,0,0,1
YOLO11s,Czech__Czech_001934,D00,0,0,1
YOLO11s,Czech__Czech_001940,D40,0,0,1
YOLO11s,Czech__Czech_002003,D00,0,0,1
YOLO11s,Czech__Czech_002014,D00,0,0,1
YOLO11s,Czech__Czech_002021,D00,0,0,1
YOLO11s,Czech__Czech_002028,D00,0,0,2
YOLO11s,Czech__Czech_002041,D00,1,0,1
YOLO11s,Czech__Czech_002041,D10,1,0,0
YOLO11s,Czech__Czech_002145,D00,0,1,1
YOLO11s,Czech__Czech_002145,D20,0,0,1
YOLO11s,Czech__Czech_002163,D00,0,0,1
YOLO11s,Czech__Czech_002176,D00,0,0,1
YOLO11s,Czech__Czech_002242,D00,0,0,2
YOLO11s,Czech__Czech_002255,D00,1,0,0
YOLO11s,Czech__Czech_002265,D10,0,0,1
YOLO11s,Czech__Czech_002285,D00,1,0,0
YOLO11s,Czech__Czech_002294,D00,1,1,2
YOLO11s,Czech__Czech_002300,D00,1,0,1
YOLO11s,Czech__Czech_002328,D00,1,0,0
YOLO11s,Czech__Czech_002328,D40,0,1,0
YOLO11s,Czech__Czech_002361,D00,0,0,1
YOLO11s,Czech__Czech_002382,D00,0,1,0
YOLO11s,Czech__Czech_002410,D00,0,0,1
YOLO11s,Czech__Czech_002424,D00,0,0,1
YOLO11s,Czech__Czech_002424,D10,1,0,0
YOLO11s,Czech__Czech_002442,D00,0,0,1
YOLO11s,Czech__Czech_002444,D20,0,0,1
YOLO11s,Czech__Czech_002444,D40,0,0,1
YOLO11s,Czech__Czech_002456,D00,0,0,1
YOLO11s,Czech__Czech_002463,D00,1,0,1
YOLO11s,Czech__Czech_002513,D00,0,0,2
YOLO11s,Czech__Czech_002516,D10,0,0,1
YOLO11s,Czech__Czech_002555,D10,0,0,1
YOLO11s,Czech__Czech_002612,D00,0,0,1
YOLO11s,Czech__Czech_002612,D40,1,0,0
YOLO11s,Czech__Czech_002640,D00,1,1,0
YOLO11s,Czech__Czech_002647,D00,0,2,1
YOLO11s,Czech__Czech_002647,D10,0,0,1
YOLO11s,Czech__Czech_002658,D00,0,0,1
YOLO11s,Czech__Czech_002662,D00,1,0,0
YOLO11s,Czech__Czech_002662,D10,1,0,1
YOLO11s,Czech__Czech_002665,D00,0,1,0
YOLO11s,Czech__Czech_002673,D10,0,1,1
YOLO11s,Czech__Czech_002677,D10,0,0,2
YOLO11s,Czech__Czech_002689,D10,0,0,1
YOLO11s,Czech__Czech_002694,D00,1,0,0
YOLO11s,Czech__Czech_002701,D10,0,0,1
YOLO11s,Czech__Czech_002713,D20,0,0,1
YOLO11s,Czech__Czech_002715,D00,0,0,1
YOLO11s,Czech__Czech_002746,D00,0,0,1
YOLO11s,Czech__Czech_002746,D10,0,0,1
YOLO11s,Czech__Czech_002747,D00,0,0,1
YOLO11s,Czech__Czech_002794,D10,1,0,0
YOLO11s,Czech__Czech_002811,D00,0,0,1
YOLO11s,Czech__Czech_002868,D00,0,0,1
YOLO11s,Czech__Czech_002892,D10,0,0,1
YOLO11s,Czech__Czech_002909,D00,0,1,0
YOLO11s,Czech__Czech_002924,D00,0,0,3
YOLO11s,Czech__Czech_002951,D10,0,0,1
YOLO11s,Czech__Czech_002958,D00,1,0,0
YOLO11s,Czech__Czech_002998,D00,1,0,2
YOLO11s,Czech__Czech_002998,D10,2,0,0
YOLO11s,Czech__Czech_002998,D40,0,0,1
YOLO11s,Czech__Czech_003016,D00,0,0,1
YOLO11s,Czech__Czech_003058,D00,0,0,1
YOLO11s,Czech__Czech_003069,D00,0,0,1
YOLO11s,Czech__Czech_003069,D10,0,0,1
YOLO11s,Czech__Czech_003100,D00,0,0,1
YOLO11s,Czech__Czech_003121,D00,1,0,0
YOLO11s,Czech__Czech_003151,D00,1,0,0
YOLO11s,Czech__Czech_003183,D00,0,0,1
YOLO11s,Czech__Czech_003185,D00,0,1,1
YOLO11s,Czech__Czech_003216,D40,0,2,0
YOLO11s,Czech__Czech_003217,D00,0,0,1
YOLO11s,Czech__Czech_003217,D10,0,0,1
YOLO11s,Czech__Czech_003231,D00,0,0,1
YOLO11s,Czech__Czech_003243,D00,0,0,1
YOLO11s,Czech__Czech_003246,D00,0,0,1
YOLO11s,Czech__Czech_003331,D00,0,0,1
YOLO11s,Czech__Czech_003345,D10,0,0,1
YOLO11s,Czech__Czech_003345,D20,0,0,1
YOLO11s,Czech__Czech_003362,D00,0,0,1
YOLO11s,Czech__Czech_003377,D10,0,0,2
YOLO11s,Czech__Czech_003377,D40,0,1,0
YOLO11s,Czech__Czech_003444,D00,2,0,1
YOLO11s,Czech__Czech_003448,D00,0,0,1
YOLO11s,Czech__Czech_003479,D00,0,0,2
YOLO11s,Czech__Czech_003481,D00,0,1,0
YOLO11s,Czech__Czech_003481,D10,0,0,1
YOLO11s,Czech__Czech_003512,D10,1,0,0
YOLO11s,Czech__Czech_003536,D40,0,0,1
YOLO11s,Czech__Czech_003543,D00,0,0,2
YOLO11s,Czech__Czech_003544,D00,0,0,1
YOLO11s,Czech__Czech_003544,D10,0,0,1
YOLO11s,Czech__Czech_003565,D20,1,0,0
YOLO11s,Czech__Czech_003565,D40,1,0,0
YOLO11s,Czech__Czech_003584,D00,0,0,1
YOLO11s,Czech__Czech_003584,D40,0,0,1
YOLO11s,India__India_000005,D00,0,1,0
YOLO11s,India__India_000005,D40,0,0,1
YOLO11s,India__India_000052,D00,0,1,2
YOLO11s,India__India_000052,D20,0,0,1
YOLO11s,India__India_000052,D40,0,2,6
YOLO11s,India__India_000055,D40,0,0,1
YOLO11s,India__India_000099,D20,0,0,1
YOLO11s,India__India_000102,D00,0,0,2
YOLO11s,India__India_000184,D20,0,0,1
YOLO11s,India__India_000188,D40,0,1,0
YOLO11s,India__India_000193,D10,0,0,1
YOLO11s,India__India_000193,D20,0,1,0
YOLO11s,India__India_000193,D40,0,0,2
YOLO11s,India__India_000224,D00,0,0,1
YOLO11s,India__India_000261,D40,0,0,1
YOLO11s,India__India_000270,D00,0,0,1
YOLO11s,India__India_000270,D20,0,0,1
YOLO11s,India__India_000272,D20,0,0,1
YOLO11s,India__India_000279,D40,0,1,0
YOLO11s,India__India_000283,D20,1,0,0
YOLO11s,India__India_000285,D20,0,0,1
YOLO11s,India__India_000288,D40,0,0,2
YOLO11s,India__India_000368,D00,0,0,2
YOLO11s,India__India_000368,D40,2,3,1
YOLO11s,India__India_000392,D40,0,0,1
YOLO11s,India__India_000412,D00,0,0,1
YOLO11s,India__India_000412,D20,0,1,1
YOLO11s,India__India_000428,D00,1,0,0
YOLO11s,India__India_000455,D20,0,0,1
YOLO11s,India__India_000471,D20,0,0,1
YOLO11s,India__India_000483,D20,1,0,0
YOLO11s,India__India_000494,D00,1,0,1
YOLO11s,India__India_000532,D00,0,0,2
YOLO11s,India__India_000543,D00,0,1,0
YOLO11s,India__India_000543,D20,0,1,0
YOLO11s,India__India_000548,D20,1,0,0
YOLO11s,India__India_000561,D00,1,1,0
YOLO11s,India__India_000563,D20,1,1,0
YOLO11s,India__India_000563,D40,0,0,1
YOLO11s,India__India_000575,D40,2,0,0
YOLO11s,India__India_000576,D20,0,0,2
YOLO11s,India__India_000576,D40,0,0,1
YOLO11s,India__India_000580,D20,1,0,0
YOLO11s,India__India_000580,D40,0,0,1
YOLO11s,India__India_000595,D20,0,1,0
YOLO11s,India__India_000595,D40,1,0,2
YOLO11s,India__India_000609,D00,0,0,1
YOLO11s,India__India_000609,D20,1,0,0
YOLO11s,India__India_000620,D40,0,1,0
YOLO11s,India__India_000627,D40,0,0,1
YOLO11s,India__India_000646,D00,0,0,1
YOLO11s,India__India_000646,D20,1,0,0
YOLO11s,India__India_000646,D40,0,0,1
YOLO11s,India__India_000684,D40,1,2,1
YOLO11s,India__India_000732,D40,0,0,1
YOLO11s,India__India_000742,D00,0,0,1
YOLO11s,India__India_000744,D40,0,0,2
YOLO11s,India__India_000775,D20,0,0,1
YOLO11s,India__India_000808,D20,0,1,1
YOLO11s,India__India_000808,D40,1,1,3
YOLO11s,India__India_000833,D00,0,0,2
YOLO11s,India__India_000839,D00,0,0,1
YOLO11s,India__India_000839,D20,0,0,1
YOLO11s,India__India_000891,D20,1,0,0
YOLO11s,India__India_000917,D20,0,1,2
YOLO11s,India__India_000919,D20,0,0,2
YOLO11s,India__India_000922,D20,1,0,0
YOLO11s,India__India_000936,D20,1,0,0
YOLO11s,India__India_000946,D00,0,0,1
YOLO11s,India__India_000946,D40,0,0,1
YOLO11s,India__India_000949,D00,0,0,1
YOLO11s,India__India_000949,D20,0,0,1
YOLO11s,India__India_000964,D00,2,1,1
YOLO11s,India__India_000971,D20,0,1,1
YOLO11s,India__India_000991,D20,1,0,0
YOLO11s,India__India_000994,D20,1,0,1
YOLO11s,India__India_000994,D40,1,0,6
YOLO11s,India__India_001023,D20,0,1,1
YOLO11s,India__India_001042,D20,1,0,1
YOLO11s,India__India_001056,D00,1,0,0
YOLO11s,India__India_001056,D40,2,1,0
YOLO11s,India__India_001069,D00,0,1,1
YOLO11s,India__India_001069,D40,1,1,1
YOLO11s,India__India_001077,D00,0,0,1
YOLO11s,India__India_001103,D00,1,0,0
YOLO11s,India__India_001103,D40,0,0,1
YOLO11s,India__India_001125,D20,0,1,0
YOLO11s,India__India_001125,D40,0,1,2
YOLO11s,India__India_001138,D20,1,1,0
YOLO11s,India__India_001141,D20,1,0,0
YOLO11s,India__India_001141,D40,2,0,1
YOLO11s,India__India_001143,D20,0,1,1
YOLO11s,India__India_001144,D00,0,1,0
YOLO11s,India__India_001168,D40,0,0,1
YOLO11s,India__India_001176,D40,1,5,0
YOLO11s,India__India_001187,D20,0,0,1
YOLO11s,India__India_001232,D20,1,2,0
YOLO11s,India__India_001232,D40,0,0,1
YOLO11s,India__India_001241,D20,0,0,1
YOLO11s,India__India_001253,D20,1,0,0
YOLO11s,India__India_001266,D00,0,0,1
YOLO11s,India__India_001266,D10,0,0,1
YOLO11s,India__India_001266,D40,1,0,1
YOLO11s,India__India_001268,D00,0,1,0
YOLO11s,India__India_001291,D20,0,1,1
YOLO11s,India__India_001306,D00,0,1,0
YOLO11s,India__India_001368,D20,0,0,1
YOLO11s,India__India_001424,D40,0,0,1
YOLO11s,India__India_001431,D20,0,1,0
YOLO11s,India__India_001432,D20,1,0,0
YOLO11s,India__India_001450,D00,1,0,0
YOLO11s,India__India_001450,D20,1,0,0
YOLO11s,India__India_001478,D00,0,0,3
YOLO11s,India__India_001493,D40,1,0,1
YOLO11s,India__India_001541,D00,1,0,0
YOLO11s,India__India_001541,D20,0,0,1
YOLO11s,India__India_001553,D40,0,0,1
YOLO11s,India__India_001574,D20,1,0,0
YOLO11s,India__India_001580,D40,1,0,0
YOLO11s,India__India_001585,D20,0,0,1
YOLO11s,India__India_001585,D40,0,0,2
YOLO11s,India__India_001599,D20,1,0,0
YOLO11s,India__India_001611,D20,0,0,1
YOLO11s,India__India_001623,D20,1,0,0
YOLO11s,India__India_001625,D40,1,1,1
YOLO11s,India__India_001630,D00,0,0,1
YOLO11s,India__India_001630,D20,1,0,0
YOLO11s,India__India_001669,D20,0,0,1
YOLO11s,India__India_001687,D20,0,1,2
YOLO11s,India__India_001687,D40,3,0,1
YOLO11s,India__India_001709,D20,1,0,0
YOLO11s,India__India_001716,D00,0,0,1
YOLO11s,India__India_001716,D20,0,2,0
YOLO11s,India__India_001723,D00,0,0,1
YOLO11s,India__India_001744,D40,2,0,2
YOLO11s,India__India_001746,D00,0,0,1
YOLO11s,India__India_001755,D00,0,0,1
YOLO11s,India__India_001786,D40,0,1,1
YOLO11s,India__India_001787,D20,1,0,0
YOLO11s,India__India_001787,D40,0,0,1
YOLO11s,India__India_001803,D00,0,0,1
YOLO11s,India__India_001821,D20,0,0,1
YOLO11s,India__India_001821,D40,1,2,2
YOLO11s,India__India_001832,D20,1,1,0
YOLO11s,India__India_001844,D00,0,0,1
YOLO11s,India__India_001844,D20,1,0,0
YOLO11s,India__India_001853,D00,0,0,1
YOLO11s,India__India_001865,D00,0,0,2
YOLO11s,India__India_001865,D20,1,0,1
YOLO11s,India__India_001865,D40,0,0,1
YOLO11s,India__India_001881,D20,1,0,0
YOLO11s,India__India_001887,D20,1,0,0
YOLO11s,India__India_001887,D40,0,0,1
YOLO11s,India__India_001907,D20,0,0,1
YOLO11s,India__India_001907,D40,0,0,1
YOLO11s,India__India_001958,D20,0,0,1
YOLO11s,India__India_001970,D00,0,0,1
YOLO11s,India__India_001970,D20,0,1,0
YOLO11s,India__India_001982,D20,1,1,0
YOLO11s,India__India_002007,D00,1,0,0
YOLO11s,India__India_002007,D40,0,0,2
YOLO11s,India__India_002020,D40,0,0,8
YOLO11s,India__India_002025,D20,0,0,1
YOLO11s,India__India_002030,D20,1,0,0
YOLO11s,India__India_002067,D20,0,0,1
YOLO11s,India__India_002105,D20,0,0,2
YOLO11s,India__India_002184,D00,1,0,1
YOLO11s,India__India_002201,D00,0,0,1
YOLO11s,India__India_002201,D20,0,1,2
YOLO11s,India__India_002201,D40,1,1,1
YOLO11s,India__India_002227,D40,2,0,1
YOLO11s,India__India_002275,D40,0,1,0
YOLO11s,India__India_002278,D40,0,1,0
YOLO11s,India__India_002279,D10,0,0,1
YOLO11s,India__India_002344,D20,0,0,1
YOLO11s,India__India_002376,D40,2,0,2
YOLO11s,India__India_002390,D40,1,0,1
YOLO11s,India__India_002401,D20,0,1,0
YOLO11s,India__India_002426,D40,0,0,3
YOLO11s,India__India_002437,D00,0,0,1
YOLO11s,India__India_002437,D20,1,0,0
YOLO11s,India__India_002447,D00,0,0,1
YOLO11s,India__India_002447,D40,0,0,1
YOLO11s,India__India_002459,D40,0,0,1
YOLO11s,India__India_002466,D00,0,0,1
YOLO11s,India__India_002541,D40,0,1,0
YOLO11s,India__India_002553,D20,1,0,0
YOLO11s,India__India_002553,D40,0,0,1
YOLO11s,India__India_002573,D40,0,0,1
YOLO11s,India__India_002582,D00,0,1,0
YOLO11s,India__India_002582,D20,1,0,0
YOLO11s,India__India_002594,D20,1,3,1
YOLO11s,India__India_002594,D40,0,0,1
YOLO11s,India__India_002616,D00,0,0,1
YOLO11s,India__India_002616,D20,0,0,1
YOLO11s,India__India_002652,D00,0,0,1
YOLO11s,India__India_002652,D20,0,1,1
YOLO11s,India__India_002664,D40,1,0,0
YOLO11s,India__India_002666,D20,0,0,1
YOLO11s,India__India_002668,D00,0,0,1
YOLO11s,India__India_002668,D20,1,0,0
YOLO11s,India__India_002673,D40,0,0,1
YOLO11s,India__India_002681,D00,0,0,1
YOLO11s,India__India_002681,D40,2,0,0
YOLO11s,India__India_002713,D20,0,0,1
YOLO11s,India__India_002713,D40,1,1,0
YOLO11s,India__India_002716,D00,0,0,1
YOLO11s,India__India_002726,D00,0,0,2
YOLO11s,India__India_002735,D40,0,0,1
YOLO11s,India__India_002759,D40,1,0,0
YOLO11s,India__India_002771,D40,1,0,0
YOLO11s,India__India_002787,D20,0,0,1
YOLO11s,India__India_002795,D20,0,0,1
YOLO11s,India__India_002795,D40,1,1,2
YOLO11s,India__India_002804,D00,0,0,1
YOLO11s,India__India_002804,D20,0,0,1
YOLO11s,India__India_002804,D40,0,0,1
YOLO11s,India__India_002860,D40,1,0,0
YOLO11s,India__India_002901,D40,0,0,1
YOLO11s,India__India_002921,D40,1,2,0
YOLO11s,India__India_002925,D00,0,0,2
YOLO11s,India__India_002925,D40,0,0,1
YOLO11s,India__India_002954,D00,0,0,1
YOLO11s,India__India_002954,D20,1,0,0
YOLO11s,India__India_002954,D40,1,1,1
YOLO11s,India__India_002976,D40,1,0,0
YOLO11s,India__India_002995,D00,1,0,0
YOLO11s,India__India_002995,D20,1,0,0
YOLO11s,India__India_002995,D40,0,0,1
YOLO11s,India__India_003010,D00,0,1,0
YOLO11s,India__India_003013,D40,2,4,6
YOLO11s,India__India_003034,D20,1,0,0
YOLO11s,India__India_003049,D20,1,0,2
YOLO11s,India__India_003056,D40,1,0,5
YOLO11s,India__India_003094,D00,0,1,0
YOLO11s,India__India_003100,D00,0,0,1
YOLO11s,India__India_003100,D40,1,0,3
YOLO11s,India__India_003120,D40,1,0,1
YOLO11s,India__India_003143,D40,0,0,2
YOLO11s,India__India_003152,D00,0,0,1
YOLO11s,India__India_003152,D40,1,1,1
YOLO11s,India__India_003153,D00,0,0,1
YOLO11s,India__India_003153,D20,1,0,0
YOLO11s,India__India_003186,D40,1,3,1
YOLO11s,India__India_003214,D00,0,0,1
YOLO11s,India__India_003214,D20,0,1,0
YOLO11s,India__India_003214,D40,0,0,1
YOLO11s,India__India_003236,D00,0,0,1
YOLO11s,India__India_003236,D20,1,0,0
YOLO11s,India__India_003239,D40,0,0,1
YOLO11s,India__India_003256,D00,0,0,2
YOLO11s,India__India_003272,D00,0,1,0
YOLO11s,India__India_003272,D40,0,1,1
YOLO11s,India__India_003310,D00,1,0,0
YOLO11s,India__India_003310,D20,0,1,1
YOLO11s,India__India_003312,D20,1,0,0
YOLO11s,India__India_003312,D40,0,0,1
YOLO11s,India__India_003318,D40,0,0,2
YOLO11s,India__India_003320,D20,1,0,0
YOLO11s,India__India_003368,D00,0,0,1
YOLO11s,India__India_003368,D40,1,3,0
YOLO11s,India__India_003376,D00,0,0,1
YOLO11s,India__India_003376,D20,0,1,1
YOLO11s,India__India_003376,D40,1,0,0
YOLO11s,India__India_003391,D40,1,0,0
YOLO11s,India__India_003412,D20,1,0,0
YOLO11s,India__India_003412,D40,1,0,0
YOLO11s,India__India_003414,D00,1,1,2
YOLO11s,India__India_003414,D20,1,0,0
YOLO11s,India__India_003426,D40,0,0,1
YOLO11s,India__India_003431,D40,0,0,2
YOLO11s,India__India_003443,D20,1,1,1
YOLO11s,India__India_003444,D00,0,0,1
YOLO11s,India__India_003445,D00,0,1,1
YOLO11s,India__India_003465,D00,0,1,0
YOLO11s,India__India_003482,D00,0,0,1
YOLO11s,India__India_003482,D20,1,0,0
YOLO11s,India__India_003491,D00,1,0,2
YOLO11s,India__India_003491,D20,0,1,0
YOLO11s,India__India_003494,D20,1,0,0
YOLO11s,India__India_003496,D00,0,0,1
YOLO11s,India__India_003496,D20,1,0,0
YOLO11s,India__India_003507,D20,0,0,1
YOLO11s,India__India_003517,D00,0,1,0
YOLO11s,India__India_003522,D00,0,0,1
YOLO11s,India__India_003535,D00,0,0,1
YOLO11s,India__India_003535,D40,1,1,4
YOLO11s,India__India_003556,D20,1,1,0
YOLO11s,India__India_003556,D40,1,0,0
YOLO11s,India__India_003561,D40,2,3,2
YOLO11s,India__India_003568,D20,1,1,0
YOLO11s,India__India_003569,D00,0,0,1
YOLO11s,India__India_003569,D40,0,1,0
YOLO11s,India__India_003592,D00,0,0,2
YOLO11s,India__India_003599,D20,1,0,0
YOLO11s,India__India_003601,D00,1,0,1
YOLO11s,India__India_003601,D20,0,1,1
YOLO11s,India__India_003605,D20,1,0,0
YOLO11s,India__India_003610,D00,0,0,2
YOLO11s,India__India_003610,D40,0,0,1
YOLO11s,India__India_003652,D00,0,1,0
YOLO11s,India__India_003652,D20,1,0,0
YOLO11s,India__India_003673,D40,0,4,0
YOLO11s,India__India_003674,D00,1,0,1
YOLO11s,India__India_003674,D20,1,0,0
YOLO11s,India__India_003683,D20,0,0,1
YOLO11s,India__India_003697,D00,0,1,0
YOLO11s,India__India_003697,D20,0,0,1
YOLO11s,India__India_003697,D40,0,0,1
YOLO11s,India__India_003742,D00,0,0,1
YOLO11s,India__India_003757,D20,0,0,1
YOLO11s,India__India_003760,D20,0,0,1
YOLO11s,India__India_003761,D40,0,1,1
YOLO11s,India__India_003766,D20,1,1,1
YOLO11s,India__India_003784,D00,0,0,1
YOLO11s,India__India_003789,D20,0,1,1
YOLO11s,India__India_003807,D20,0,1,0
YOLO11s,India__India_003814,D20,1,0,0
YOLO11s,India__India_003831,D20,0,0,1
YOLO11s,India__India_003842,D00,0,0,3
YOLO11s,India__India_003842,D20,1,0,0
YOLO11s,India__India_003843,D20,0,1,0
YOLO11s,India__India_003857,D00,0,0,1
YOLO11s,India__India_003857,D20,0,1,2
YOLO11s,India__India_003857,D40,4,2,1
YOLO11s,India__India_003917,D20,0,0,1
YOLO11s,India__India_003925,D40,1,1,2
YOLO11s,India__India_003929,D00,1,0,0
YOLO11s,India__India_003929,D20,0,2,0
YOLO11s,India__India_003944,D00,0,0,1
YOLO11s,India__India_004081,D00,0,1,1
YOLO11s,India__India_004092,D20,0,0,2
YOLO11s,India__India_004100,D40,1,0,1
YOLO11s,India__India_004138,D20,1,0,0
YOLO11s,India__India_004139,D40,0,1,0
YOLO11s,India__India_004154,D00,0,0,1
YOLO11s,India__India_004157,D00,0,0,2
YOLO11s,India__India_004176,D40,0,0,2
YOLO11s,India__India_004185,D20,0,1,1
YOLO11s,India__India_004185,D40,0,0,1
YOLO11s,India__India_004199,D00,1,0,1
YOLO11s,India__India_004199,D20,1,0,0
YOLO11s,India__India_004226,D40,0,0,2
YOLO11s,India__India_004229,D20,0,1,0
YOLO11s,India__India_004230,D00,0,1,0
YOLO11s,India__India_004243,D40,0,0,1
YOLO11s,India__India_004256,D00,0,0,2
YOLO11s,India__India_004256,D40,1,0,5
YOLO11s,India__India_004290,D40,0,0,2
YOLO11s,India__India_004298,D40,1,0,0
YOLO11s,India__India_004315,D20,1,0,0
YOLO11s,India__India_004352,D00,0,0,1
YOLO11s,India__India_004352,D20,0,0,2
YOLO11s,India__India_004359,D20,0,0,1
YOLO11s,India__India_004374,D00,0,0,1
YOLO11s,India__India_004421,D20,0,0,1
YOLO11s,India__India_004430,D40,0,0,1
YOLO11s,India__India_004449,D40,0,0,3
YOLO11s,India__India_004465,D20,1,0,0
YOLO11s,India__India_004468,D20,0,0,1
YOLO11s,India__India_004472,D20,0,0,1
YOLO11s,India__India_004472,D40,1,0,4
YOLO11s,India__India_004482,D20,0,0,1
YOLO11s,India__India_004489,D20,0,2,3
YOLO11s,India__India_004508,D00,0,1,0
YOLO11s,India__India_004508,D20,1,0,0
YOLO11s,India__India_004512,D40,0,0,3
YOLO11s,India__India_004513,D00,0,0,2
YOLO11s,India__India_004518,D40,0,2,0
YOLO11s,India__India_004553,D40,0,0,1
YOLO11s,India__India_004555,D20,0,1,0
YOLO11s,India__India_004562,D20,1,0,0
YOLO11s,India__India_004565,D00,0,0,5
YOLO11s,India__India_004587,D40,0,1,0
YOLO11s,India__India_004592,D00,0,0,1
YOLO11s,India__India_004592,D20,0,0,1
YOLO11s,India__India_004592,D40,0,0,2
YOLO11s,India__India_004599,D20,1,0,0
YOLO11s,India__India_004655,D40,0,0,2
YOLO11s,India__India_004664,D00,0,1,0
YOLO11s,India__India_004671,D20,1,0,0
YOLO11s,India__India_004690,D20,1,0,0
YOLO11s,India__India_004700,D20,1,0,0
YOLO11s,India__India_004715,D20,0,1,1
YOLO11s,India__India_004715,D40,0,1,0
YOLO11s,India__India_004721,D20,0,0,1
YOLO11s,India__India_004726,D40,0,0,1
YOLO11s,India__India_004727,D20,1,0,0
YOLO11s,India__India_004743,D20,0,1,2
YOLO11s,India__India_004755,D00,0,1,3
YOLO11s,India__India_004755,D20,1,1,0
YOLO11s,India__India_004755,D40,0,0,4
YOLO11s,India__India_004758,D00,0,0,1
YOLO11s,India__India_004759,D20,1,0,0
YOLO11s,India__India_004759,D40,1,1,0
YOLO11s,India__India_004784,D00,0,1,0
YOLO11s,India__India_004798,D00,0,1,0
YOLO11s,India__India_004798,D20,1,0,0
YOLO11s,India__India_004819,D20,1,0,0
YOLO11s,India__India_004828,D20,0,0,1
YOLO11s,India__India_004828,D40,1,0,1
YOLO11s,India__India_004876,D40,0,0,2
YOLO11s,India__India_004887,D20,0,0,1
YOLO11s,India__India_004887,D40,2,0,1
YOLO11s,India__India_004911,D20,1,0,0
YOLO11s,India__India_004944,D00,0,0,1
YOLO11s,India__India_004944,D40,1,0,1
YOLO11s,India__India_004982,D20,1,1,0
YOLO11s,India__India_005014,D40,0,0,1
YOLO11s,India__India_005022,D00,1,0,0
YOLO11s,India__India_005022,D40,1,0,3
YOLO11s,India__India_005036,D00,0,0,2
YOLO11s,India__India_005036,D20,0,1,1
YOLO11s,India__India_005038,D20,0,1,0
YOLO11s,India__India_005081,D20,0,0,1
YOLO11s,India__India_005081,D40,1,0,2
YOLO11s,India__India_005090,D20,1,0,0
YOLO11s,India__India_005129,D20,1,0,0
YOLO11s,India__India_005129,D40,0,0,1
YOLO11s,India__India_005138,D20,1,0,0
YOLO11s,India__India_005138,D40,0,1,1
YOLO11s,India__India_005186,D00,0,0,1
YOLO11s,India__India_005186,D20,0,1,0
YOLO11s,India__India_005214,D20,1,0,0
YOLO11s,India__India_005219,D20,0,0,2
YOLO11s,India__India_005219,D40,1,2,3
YOLO11s,India__India_005254,D20,1,1,0
YOLO11s,India__India_005260,D40,0,1,2
YOLO11s,India__India_005277,D00,0,0,1
YOLO11s,India__India_005278,D20,1,0,0
YOLO11s,India__India_005284,D00,0,0,3
YOLO11s,India__India_005284,D20,0,0,1
YOLO11s,India__India_005284,D40,2,0,0
YOLO11s,India__India_005302,D20,0,0,1
YOLO11s,India__India_005316,D20,1,0,0
YOLO11s,India__India_005369,D20,0,0,1
YOLO11s,India__India_005371,D20,0,1,0
YOLO11s,India__India_005394,D00,0,0,2
YOLO11s,India__India_005394,D20,1,0,0
YOLO11s,India__India_005409,D00,0,1,0
YOLO11s,India__India_005411,D20,0,0,1
YOLO11s,India__India_005411,D40,0,0,1
YOLO11s,India__India_005422,D20,0,0,1
YOLO11s,India__India_005439,D40,1,1,2
YOLO11s,India__India_005458,D20,1,0,0
YOLO11s,India__India_005519,D00,0,0,2
YOLO11s,India__India_005519,D40,0,0,2
YOLO11s,India__India_005543,D20,1,0,0
YOLO11s,India__India_005543,D40,0,0,1
YOLO11s,India__India_005545,D00,0,0,2
YOLO11s,India__India_005545,D20,0,0,1
YOLO11s,India__India_005545,D40,0,0,1
YOLO11s,India__India_005556,D20,0,1,0
YOLO11s,India__India_005569,D20,1,1,0
YOLO11s,India__India_005569,D40,0,1,1
YOLO11s,India__India_005593,D20,1,0,0
YOLO11s,India__India_005636,D20,1,0,0
YOLO11s,India__India_005656,D40,0,3,4
YOLO11s,India__India_005665,D40,0,1,0
YOLO11s,India__India_005672,D20,1,1,1
YOLO11s,India__India_005681,D00,0,1,1
YOLO11s,India__India_005681,D20,0,0,1
YOLO11s,India__India_005699,D00,0,0,1
YOLO11s,India__India_005699,D20,0,0,1
YOLO11s,India__India_005702,D00,0,0,1
YOLO11s,India__India_005715,D20,0,1,1
YOLO11s,India__India_005715,D40,1,0,0
YOLO11s,India__India_005746,D20,0,0,2
YOLO11s,India__India_005771,D00,0,1,0
YOLO11s,India__India_005775,D40,0,0,1
YOLO11s,India__India_005788,D20,0,0,1
YOLO11s,India__India_005839,D20,0,0,1
YOLO11s,India__India_005847,D00,0,0,2
YOLO11s,India__India_005847,D20,1,0,0
YOLO11s,India__India_005849,D20,0,0,1
YOLO11s,India__India_005853,D00,0,1,2
YOLO11s,India__India_005853,D20,0,0,1
YOLO11s,India__India_005875,D00,0,1,1
YOLO11s,India__India_005875,D10,0,0,1
YOLO11s,India__India_005878,D40,0,1,3
YOLO11s,India__India_005881,D20,1,0,1
YOLO11s,India__India_005905,D20,0,0,1
YOLO11s,India__India_005921,D20,0,1,1
YOLO11s,India__India_005949,D20,0,0,1
YOLO11s,India__India_005974,D20,0,0,1
YOLO11s,India__India_005994,D20,1,0,1
YOLO11s,India__India_006009,D20,0,1,0
YOLO11s,India__India_006014,D00,0,0,1
YOLO11s,India__India_006014,D20,0,1,2
YOLO11s,India__India_006026,D00,0,0,1
YOLO11s,India__India_006026,D20,1,1,0
YOLO11s,India__India_006063,D20,1,0,0
YOLO11s,India__India_006069,D40,0,1,0
YOLO11s,India__India_006076,D20,0,1,0
YOLO11s,India__India_006076,D40,0,1,1
YOLO11s,India__India_006094,D20,0,0,1
YOLO11s,India__India_006100,D20,0,0,1
YOLO11s,India__India_006100,D40,2,2,0
YOLO11s,India__India_006121,D00,0,0,1
YOLO11s,India__India_006121,D20,0,0,1
YOLO11s,India__India_006128,D20,1,0,0
YOLO11s,India__India_006201,D20,0,0,1
YOLO11s,India__India_006201,D40,0,1,5
YOLO11s,India__India_006215,D00,1,0,0
YOLO11s,India__India_006219,D20,0,0,1
YOLO11s,India__India_006238,D00,0,1,2
YOLO11s,India__India_006238,D20,0,0,2
YOLO11s,India__India_006241,D20,0,0,1
YOLO11s,India__India_006248,D40,0,8,4
YOLO11s,India__India_006260,D00,0,0,1
YOLO11s,India__India_006260,D20,1,0,0
YOLO11s,India__India_006275,D20,0,1,1
YOLO11s,India__India_006275,D40,1,0,1
YOLO11s,India__India_006286,D20,1,0,0
YOLO11s,India__India_006297,D40,1,2,0
YOLO11s,India__India_006310,D20,1,0,0
YOLO11s,India__India_006325,D00,0,0,1
YOLO11s,India__India_006325,D20,0,0,2
YOLO11s,India__India_006325,D40,0,0,2
YOLO11s,India__India_006328,D40,0,0,1
YOLO11s,India__India_006336,D40,0,0,1
YOLO11s,India__India_006376,D40,0,1,0
YOLO11s,India__India_006381,D20,0,0,1
YOLO11s,India__India_006395,D00,0,0,3
YOLO11s,India__India_006395,D20,0,0,2
YOLO11s,India__India_006398,D20,0,0,1
YOLO11s,India__India_006462,D40,1,0,0
YOLO11s,India__India_006473,D20,1,0,0
YOLO11s,India__India_006473,D40,0,1,4
YOLO11s,India__India_006493,D00,1,1,1
YOLO11s,India__India_006493,D20,0,1,1
YOLO11s,India__India_006502,D40,0,0,1
YOLO11s,India__India_006545,D20,1,0,0
YOLO11s,India__India_006610,D20,0,1,0
YOLO11s,India__India_006633,D20,1,0,0
YOLO11s,India__India_006633,D40,0,0,2
YOLO11s,India__India_006640,D20,0,0,1
YOLO11s,India__India_006640,D40,1,1,3
YOLO11s,India__India_006643,D20,1,0,1
YOLO11s,India__India_006645,D20,0,0,1
YOLO11s,India__India_006652,D00,0,1,0
YOLO11s,India__India_006652,D20,0,1,0
YOLO11s,India__India_006665,D40,1,5,1
YOLO11s,India__India_006690,D00,0,0,1
YOLO11s,India__India_006692,D20,1,0,0
YOLO11s,India__India_006698,D00,0,0,1
YOLO11s,India__India_006715,D20,1,0,0
YOLO11s,India__India_006730,D20,1,0,0
YOLO11s,India__India_006773,D00,0,0,1
YOLO11s,India__India_006813,D00,0,0,1
YOLO11s,India__India_006813,D20,0,2,0
YOLO11s,India__India_006820,D20,1,0,0
YOLO11s,India__India_006851,D40,1,4,1
YOLO11s,India__India_006867,D00,0,0,1
YOLO11s,India__India_006920,D40,0,0,3
YOLO11s,India__India_006930,D20,0,1,0
YOLO11s,India__India_006942,D20,0,2,0
YOLO11s,India__India_006973,D40,0,0,5
YOLO11s,India__India_006998,D40,0,0,1
YOLO11s,India__India_006999,D40,1,0,2
YOLO11s,India__India_007007,D40,0,0,1
YOLO11s,India__India_007024,D20,1,0,0
YOLO11s,India__India_007037,D20,0,0,1
YOLO11s,India__India_007071,D20,0,0,1
YOLO11s,India__India_007071,D40,1,2,5
YOLO11s,India__India_007072,D00,0,0,1
YOLO11s,India__India_007088,D20,0,0,1
YOLO11s,India__India_007132,D10,0,0,2
YOLO11s,India__India_007138,D20,1,0,0
YOLO11s,India__India_007148,D20,1,0,0
YOLO11s,India__India_007159,D20,1,0,1
YOLO11s,India__India_007159,D40,0,0,1
YOLO11s,India__India_007172,D20,0,0,1
YOLO11s,India__India_007172,D40,1,0,0
YOLO11s,India__India_007178,D20,0,0,1
YOLO11s,India__India_007194,D20,1,0,0
YOLO11s,India__India_007224,D20,0,0,1
YOLO11s,India__India_007246,D40,0,0,1
YOLO11s,India__India_007254,D40,0,2,0
YOLO11s,India__India_007281,D00,0,0,1
YOLO11s,India__India_007281,D40,0,0,1
YOLO11s,India__India_007309,D00,0,2,0
YOLO11s,India__India_007309,D40,0,0,3
YOLO11s,India__India_007323,D20,0,0,1
YOLO11s,India__India_007353,D40,0,1,0
YOLO11s,India__India_007357,D40,0,0,1
YOLO11s,India__India_007377,D20,1,1,0
YOLO11s,India__India_007383,D40,0,0,1
YOLO11s,India__India_007418,D00,0,0,2
YOLO11s,India__India_007418,D40,0,0,1
YOLO11s,India__India_007431,D20,0,0,1
YOLO11s,India__India_007454,D40,0,2,0
YOLO11s,India__India_007457,D00,1,0,1
YOLO11s,India__India_007463,D20,0,0,1
YOLO11s,India__India_007470,D00,1,1,0
YOLO11s,India__India_007470,D20,1,2,0
YOLO11s,India__India_007478,D20,1,0,0
YOLO11s,India__India_007491,D40,0,1,2
YOLO11s,India__India_007492,D20,0,0,2
YOLO11s,India__India_007511,D00,0,0,2
YOLO11s,India__India_007511,D40,0,1,0
YOLO11s,India__India_007529,D00,0,0,2
YOLO11s,India__India_007529,D40,0,0,1
YOLO11s,India__India_007533,D00,0,0,2
YOLO11s,India__India_007539,D00,0,0,1
YOLO11s,India__India_007539,D20,1,1,0
YOLO11s,India__India_007565,D00,1,0,0
YOLO11s,India__India_007565,D20,1,0,0
YOLO11s,India__India_007584,D40,0,0,1
YOLO11s,India__India_007618,D00,0,0,2
YOLO11s,India__India_007618,D20,0,0,1
YOLO11s,India__India_007627,D20,1,2,1
YOLO11s,India__India_007627,D40,0,0,1
YOLO11s,India__India_007647,D40,0,1,2
YOLO11s,India__India_007688,D00,0,0,1
YOLO11s,India__India_007689,D20,0,0,1
YOLO11s,India__India_007706,D00,0,0,2
YOLO11s,India__India_007706,D20,0,0,2
YOLO11s,India__India_007706,D40,0,0,2
YOLO11s,India__India_007720,D00,0,0,1
YOLO11s,India__India_007720,D20,1,0,0
YOLO11s,India__India_007720,D40,0,0,2
YOLO11s,India__India_007722,D40,0,1,1
YOLO11s,India__India_007735,D00,0,0,1
YOLO11s,India__India_007735,D20,1,1,1
YOLO11s,India__India_007735,D40,0,1,1
YOLO11s,India__India_007740,D20,1,0,0
YOLO11s,India__India_007740,D40,0,0,1
YOLO11s,India__India_007741,D20,0,0,1
YOLO11s,India__India_007769,D20,1,0,0
YOLO11s,India__India_007781,D40,1,3,4
YOLO11s,India__India_007791,D40,0,2,3
YOLO11s,India__India_007844,D20,1,0,0
YOLO11s,India__India_007849,D00,0,1,0
YOLO11s,India__India_007849,D20,1,0,1
YOLO11s,India__India_007863,D20,1,0,0
YOLO11s,India__India_007863,D40,0,0,2
YOLO11s,India__India_007906,D20,1,0,0
YOLO11s,India__India_007911,D20,1,0,1
YOLO11s,India__India_007911,D40,0,1,0
YOLO11s,India__India_007964,D20,1,0,0
YOLO11s,India__India_007998,D00,0,0,1
YOLO11s,India__India_007998,D20,1,0,1
YOLO11s,India__India_007998,D40,1,3,3
YOLO11s,India__India_008007,D20,0,0,1
YOLO11s,India__India_008007,D40,0,0,1
YOLO11s,India__India_008012,D20,0,0,1
YOLO11s,India__India_008012,D40,1,0,1
YOLO11s,India__India_008017,D00,1,0,1
YOLO11s,India__India_008017,D10,0,0,1
YOLO11s,India__India_008017,D20,0,0,1
YOLO11s,India__India_008017,D40,0,0,1
YOLO11s,India__India_008022,D00,0,0,2
YOLO11s,India__India_008022,D20,0,0,1
YOLO11s,India__India_008022,D40,1,1,3
YOLO11s,India__India_008027,D00,0,0,1
YOLO11s,India__India_008027,D40,0,0,1
YOLO11s,India__India_008037,D20,0,0,1
YOLO11s,India__India_008037,D40,1,0,0
YOLO11s,India__India_008068,D20,1,1,0
YOLO11s,India__India_008079,D20,1,0,0
YOLO11s,India__India_008084,D00,0,0,1
YOLO11s,India__India_008084,D20,1,0,0
YOLO11s,India__India_008084,D40,0,0,1
YOLO11s,India__India_008099,D20,0,0,1
YOLO11s,India__India_008099,D40,0,0,1
YOLO11s,India__India_008103,D20,0,0,1
YOLO11s,India__India_008154,D40,0,0,3
YOLO11s,India__India_008159,D20,1,0,0
YOLO11s,India__India_008162,D20,0,0,1
YOLO11s,India__India_008190,D20,1,0,0
YOLO11s,India__India_008250,D20,1,0,0
YOLO11s,India__India_008250,D40,0,0,1
YOLO11s,India__India_008254,D00,0,0,2
YOLO11s,India__India_008254,D20,0,0,1
YOLO11s,India__India_008257,D00,0,0,3
YOLO11s,India__India_008257,D20,0,0,2
YOLO11s,India__India_008257,D40,0,1,0
YOLO11s,India__India_008266,D20,1,0,0
YOLO11s,India__India_008280,D00,0,0,3
YOLO11s,India__India_008280,D20,0,1,0
YOLO11s,India__India_008284,D00,0,1,0
YOLO11s,India__India_008284,D20,1,1,0
YOLO11s,India__India_008313,D20,0,1,1
YOLO11s,India__India_008322,D00,0,0,2
YOLO11s,India__India_008328,D00,0,1,0
YOLO11s,India__India_008329,D20,1,0,0
YOLO11s,India__India_008333,D00,0,0,2
YOLO11s,India__India_008333,D20,0,0,1
YOLO11s,India__India_008337,D40,0,5,0
YOLO11s,India__India_008340,D00,0,0,1
YOLO11s,India__India_008340,D20,1,0,0
YOLO11s,India__India_008374,D00,0,0,2
YOLO11s,India__India_008374,D20,1,1,0
YOLO11s,India__India_008400,D00,0,0,1
YOLO11s,India__India_008400,D20,0,0,1
YOLO11s,India__India_008400,D40,0,1,1
YOLO11s,India__India_008407,D00,0,0,1
YOLO11s,India__India_008407,D20,1,0,0
YOLO11s,India__India_008430,D20,0,0,1
YOLO11s,India__India_008436,D40,0,0,1
YOLO11s,India__India_008440,D20,0,0,1
YOLO11s,India__India_008440,D40,1,1,0
YOLO11s,India__India_008446,D00,0,1,0
YOLO11s,India__India_008446,D40,1,0,0
YOLO11s,India__India_008458,D40,1,0,1
YOLO11s,India__India_008471,D20,1,0,0
YOLO11s,India__India_008471,D40,0,0,1
YOLO11s,India__India_008496,D20,1,0,0
YOLO11s,India__India_008557,D40,1,0,0
YOLO11s,India__India_008565,D20,0,0,1
YOLO11s,India__India_008574,D20,0,1,1
YOLO11s,India__India_008575,D00,0,0,1
YOLO11s,India__India_008582,D00,1,0,1
YOLO11s,India__India_008582,D20,1,0,0
YOLO11s,India__India_008584,D20,1,0,0
YOLO11s,India__India_008588,D00,0,0,1
YOLO11s,India__India_008588,D20,1,0,0
YOLO11s,India__India_008595,D00,0,1,0
YOLO11s,India__India_008610,D00,0,0,1
YOLO11s,India__India_008623,D20,0,1,1
YOLO11s,India__India_008657,D20,0,0,2
YOLO11s,India__India_008673,D40,1,0,4
YOLO11s,India__India_008676,D20,0,0,1
YOLO11s,India__India_008676,D40,0,0,2
YOLO11s,India__India_008677,D40,1,0,0
YOLO11s,India__India_008682,D00,0,0,1
YOLO11s,India__India_008682,D20,0,0,1
YOLO11s,India__India_008682,D40,1,2,2
YOLO11s,India__India_008689,D40,0,1,0
YOLO11s,India__India_008711,D20,0,0,1
YOLO11s,India__India_008726,D40,0,0,1
YOLO11s,India__India_008739,D00,1,0,0
YOLO11s,India__India_008745,D20,1,0,2
YOLO11s,India__India_008752,D00,0,0,1
YOLO11s,India__India_008752,D20,0,0,1
YOLO11s,India__India_008752,D40,0,0,1
YOLO11s,India__India_008755,D00,0,0,1
YOLO11s,India__India_008792,D20,1,0,0
YOLO11s,India__India_008839,D00,1,1,0
YOLO11s,India__India_008853,D20,1,0,0
YOLO11s,India__India_008867,D40,2,3,1
YOLO11s,India__India_008886,D20,1,1,0
YOLO11s,India__India_008906,D00,1,1,0
YOLO11s,India__India_008906,D20,0,1,1
YOLO11s,India__India_008906,D40,1,0,0
YOLO11s,India__India_008909,D20,1,0,0
YOLO11s,India__India_008918,D20,1,0,0
YOLO11s,India__India_008928,D20,0,1,2
YOLO11s,India__India_008960,D20,1,0,0
YOLO11s,India__India_008969,D00,0,0,1
YOLO11s,India__India_008969,D20,0,0,2
YOLO11s,India__India_008969,D40,1,0,0
YOLO11s,India__India_009004,D20,0,0,1
YOLO11s,India__India_009039,D20,1,0,0
YOLO11s,India__India_009041,D20,1,0,0
YOLO11s,India__India_009041,D40,1,0,3
YOLO11s,India__India_009063,D20,1,0,0
YOLO11s,India__India_009096,D20,0,0,1
YOLO11s,India__India_009116,D00,0,1,0
YOLO11s,India__India_009122,D00,0,0,1
YOLO11s,India__India_009122,D40,1,0,0
YOLO11s,India__India_009133,D00,0,0,2
YOLO11s,India__India_009133,D20,0,0,1
YOLO11s,India__India_009138,D40,0,0,3
YOLO11s,India__India_009157,D00,0,0,1
YOLO11s,India__India_009157,D40,0,0,1
YOLO11s,India__India_009167,D00,0,1,2
YOLO11s,India__India_009167,D20,0,0,1
YOLO11s,India__India_009194,D40,0,2,0
YOLO11s,India__India_009212,D00,0,1,1
YOLO11s,India__India_009212,D20,1,0,0
YOLO11s,India__India_009214,D00,0,0,2
YOLO11s,India__India_009214,D20,0,1,1
YOLO11s,India__India_009221,D20,1,1,0
YOLO11s,India__India_009221,D40,0,0,1
YOLO11s,India__India_009226,D40,2,1,6
YOLO11s,India__India_009245,D00,0,0,1
YOLO11s,India__India_009245,D20,0,0,1
YOLO11s,India__India_009245,D40,1,2,0
YOLO11s,India__India_009254,D40,0,0,4
YOLO11s,India__India_009281,D40,0,0,1
YOLO11s,India__India_009284,D20,0,0,1
YOLO11s,India__India_009297,D00,0,0,1
YOLO11s,India__India_009297,D20,0,1,2
YOLO11s,India__India_009320,D00,0,0,1
YOLO11s,India__India_009320,D20,0,1,0
YOLO11s,India__India_009320,D40,0,1,0
YOLO11s,India__India_009359,D40,0,0,1
YOLO11s,India__India_009367,D00,0,1,0
YOLO11s,India__India_009381,D00,0,0,1
YOLO11s,India__India_009381,D40,1,0,2
YOLO11s,India__India_009391,D40,0,0,2
YOLO11s,India__India_009394,D20,1,0,0
YOLO11s,India__India_009406,D40,0,0,2
YOLO11s,India__India_009428,D00,0,0,1
YOLO11s,India__India_009428,D20,1,1,0
YOLO11s,India__India_009432,D00,0,1,0
YOLO11s,India__India_009445,D20,0,0,1
YOLO11s,India__India_009446,D00,0,0,1
YOLO11s,India__India_009446,D20,0,1,0
YOLO11s,India__India_009505,D00,2,0,0
YOLO11s,India__India_009505,D20,0,1,0
YOLO11s,India__India_009530,D00,0,1,0
YOLO11s,India__India_009541,D20,1,0,0
YOLO11s,India__India_009564,D00,0,0,2
YOLO11s,India__India_009564,D40,1,2,0
YOLO11s,India__India_009565,D00,0,1,0
YOLO11s,India__India_009579,D40,1,0,0
YOLO11s,India__India_009583,D00,0,0,2
YOLO11s,India__India_009595,D20,2,0,0
YOLO11s,India__India_009600,D20,1,0,1
YOLO11s,India__India_009606,D20,0,1,0
YOLO11s,India__India_009625,D00,1,3,0
YOLO11s,India__India_009640,D20,1,0,0
YOLO11s,India__India_009640,D40,0,0,1
YOLO11s,India__India_009656,D00,0,0,1
YOLO11s,India__India_009656,D40,1,0,1
YOLO11s,India__India_009666,D00,0,0,1
YOLO11s,India__India_009666,D20,1,0,0
YOLO11s,India__India_009675,D20,0,0,1
YOLO11s,India__India_009719,D20,1,0,0
YOLO11s,India__India_009723,D20,0,0,1
YOLO11s,India__India_009723,D40,0,0,1
YOLO11s,India__India_009751,D20,0,0,1
YOLO11s,India__India_009752,D40,0,0,1
YOLO11s,India__India_009793,D20,0,0,1
YOLO11s,India__India_009794,D40,0,0,3
YOLO11s,India__India_009813,D40,1,0,0
YOLO11s,India__India_009834,D00,1,0,0
YOLO11s,India__India_009842,D00,0,1,1
YOLO11s,India__India_009842,D10,0,0,2
YOLO11s,India__India_009842,D40,0,1,0
YOLO11s,India__India_009847,D00,0,0,1
YOLO11s,India__India_009856,D40,1,1,7
YOLO11s,India__India_009880,D20,1,0,0
YOLO11s,Japan__Japan_000001,D10,0,0,2
YOLO11s,Japan__Japan_000004,D00,0,1,0
YOLO11s,Japan__Japan_000004,D20,0,0,1
YOLO11s,Japan__Japan_000020,D10,2,0,3
YOLO11s,Japan__Japan_000020,D20,0,1,1
YOLO11s,Japan__Japan_000028,D00,1,0,0
YOLO11s,Japan__Japan_000028,D40,0,1,0
YOLO11s,Japan__Japan_000042,D20,1,0,1
YOLO11s,Japan__Japan_000051,D00,0,0,1
YOLO11s,Japan__Japan_000051,D10,1,0,0
YOLO11s,Japan__Japan_000058,D10,0,1,0
YOLO11s,Japan__Japan_000058,D20,0,1,1
YOLO11s,Japan__Japan_000063,D00,1,3,0
YOLO11s,Japan__Japan_000070,D10,1,0,1
YOLO11s,Japan__Japan_000073,D00,0,1,0
YOLO11s,Japan__Japan_000073,D40,0,0,1
YOLO11s,Japan__Japan_000080,D20,1,1,0
YOLO11s,Japan__Japan_000089,D10,0,0,1
YOLO11s,Japan__Japan_000089,D20,0,1,1
YOLO11s,Japan__Japan_000090,D00,0,1,0
YOLO11s,Japan__Japan_000090,D40,1,0,0
YOLO11s,Japan__Japan_000091,D00,1,0,0
YOLO11s,Japan__Japan_000097,D10,1,0,1
YOLO11s,Japan__Japan_000097,D20,1,1,0
YOLO11s,Japan__Japan_000113,D00,1,1,1
YOLO11s,Japan__Japan_000117,D20,1,0,0
YOLO11s,Japan__Japan_000117,D40,1,2,1
YOLO11s,Japan__Japan_000126,D00,1,0,0
YOLO11s,Japan__Japan_000127,D10,1,1,0
YOLO11s,Japan__Japan_000129,D40,1,1,0
YOLO11s,Japan__Japan_000144,D10,0,1,2
YOLO11s,Japan__Japan_000144,D20,1,0,0
YOLO11s,Japan__Japan_000146,D00,0,0,1
YOLO11s,Japan__Japan_000146,D10,0,0,1
YOLO11s,Japan__Japan_000151,D20,1,1,0
YOLO11s,Japan__Japan_000152,D00,1,0,0
YOLO11s,Japan__Japan_000171,D10,0,0,1
YOLO11s,Japan__Japan_000179,D20,0,0,2
YOLO11s,Japan__Japan_000188,D20,1,0,0
YOLO11s,Japan__Japan_000224,D20,1,0,0
YOLO11s,Japan__Japan_000234,D00,0,2,2
YOLO11s,Japan__Japan_000246,D00,1,0,2
YOLO11s,Japan__Japan_000246,D10,0,0,2
YOLO11s,Japan__Japan_000258,D00,1,0,0
YOLO11s,Japan__Japan_000260,D00,0,1,0
YOLO11s,Japan__Japan_000260,D20,0,0,1
YOLO11s,Japan__Japan_000270,D20,1,2,0
YOLO11s,Japan__Japan_000270,D40,1,0,0
YOLO11s,Japan__Japan_000271,D20,0,0,1
YOLO11s,Japan__Japan_000281,D20,1,0,0
YOLO11s,Japan__Japan_000281,D40,1,1,5
YOLO11s,Japan__Japan_000312,D00,0,0,2
YOLO11s,Japan__Japan_000312,D10,0,1,0
YOLO11s,Japan__Japan_000315,D20,1,1,0
YOLO11s,Japan__Japan_000332,D20,0,1,1
YOLO11s,Japan__Japan_000332,D40,1,1,2
YOLO11s,Japan__Japan_000338,D20,0,2,2
YOLO11s,Japan__Japan_000364,D20,0,1,1
YOLO11s,Japan__Japan_000364,D40,1,1,0
YOLO11s,Japan__Japan_000365,D00,0,0,1
YOLO11s,Japan__Japan_000365,D20,0,1,0
YOLO11s,Japan__Japan_000366,D20,1,0,0
YOLO11s,Japan__Japan_000371,D10,0,0,3
YOLO11s,Japan__Japan_000371,D20,0,0,1
YOLO11s,Japan__Japan_000385,D00,0,0,1
YOLO11s,Japan__Japan_000385,D20,2,0,0
YOLO11s,Japan__Japan_000393,D10,1,0,1
YOLO11s,Japan__Japan_000398,D20,0,1,0
YOLO11s,Japan__Japan_000399,D00,0,0,1
YOLO11s,Japan__Japan_000407,D20,1,0,0
YOLO11s,Japan__Japan_000409,D00,1,0,0
YOLO11s,Japan__Japan_000409,D20,1,1,0
YOLO11s,Japan__Japan_000410,D20,1,0,0
YOLO11s,Japan__Japan_000415,D20,1,0,0
YOLO11s,Japan__Japan_000418,D20,0,1,2
YOLO11s,Japan__Japan_000428,D20,2,0,1
YOLO11s,Japan__Japan_000433,D10,1,0,0
YOLO11s,Japan__Japan_000433,D20,0,0,2
YOLO11s,Japan__Japan_000434,D00,0,0,2
YOLO11s,Japan__Japan_000435,D20,0,0,1
YOLO11s,Japan__Japan_000436,D00,0,1,0
YOLO11s,Japan__Japan_000436,D10,0,1,0
YOLO11s,Japan__Japan_000438,D10,0,1,0
YOLO11s,Japan__Japan_000438,D20,1,0,0
YOLO11s,Japan__Japan_000449,D20,0,0,1
YOLO11s,Japan__Japan_000449,D40,2,1,1
YOLO11s,Japan__Japan_000453,D00,1,0,0
YOLO11s,Japan__Japan_000453,D20,1,2,2
YOLO11s,Japan__Japan_000453,D40,0,0,1
YOLO11s,Japan__Japan_000471,D00,1,0,0
YOLO11s,Japan__Japan_000471,D20,1,1,0
YOLO11s,Japan__Japan_000474,D20,0,1,0
YOLO11s,Japan__Japan_000478,D10,0,0,1
YOLO11s,Japan__Japan_000488,D20,1,2,0
YOLO11s,Japan__Japan_000492,D00,0,0,1
YOLO11s,Japan__Japan_000511,D00,1,0,0
YOLO11s,Japan__Japan_000511,D20,0,0,1
YOLO11s,Japan__Japan_000515,D00,0,0,1
YOLO11s,Japan__Japan_000528,D00,1,1,1
YOLO11s,Japan__Japan_000528,D20,0,0,1
YOLO11s,Japan__Japan_000545,D20,2,0,0
YOLO11s,Japan__Japan_000547,D00,0,0,1
YOLO11s,Japan__Japan_000552,D20,1,0,0
YOLO11s,Japan__Japan_000552,D40,1,0,0
YOLO11s,Japan__Japan_000567,D00,1,0,0
YOLO11s,Japan__Japan_000567,D10,0,0,1
YOLO11s,Japan__Japan_000583,D10,0,0,1
YOLO11s,Japan__Japan_000586,D10,0,0,1
YOLO11s,Japan__Japan_000587,D00,1,0,0
YOLO11s,Japan__Japan_000587,D10,0,1,0
YOLO11s,Japan__Japan_000587,D20,0,1,0
YOLO11s,Japan__Japan_000608,D10,0,1,0
YOLO11s,Japan__Japan_000608,D20,1,1,0
YOLO11s,Japan__Japan_000633,D00,0,1,0
YOLO11s,Japan__Japan_000633,D10,0,2,0
YOLO11s,Japan__Japan_000633,D20,1,0,0
YOLO11s,Japan__Japan_000639,D20,1,3,0
YOLO11s,Japan__Japan_000639,D40,3,0,0
YOLO11s,Japan__Japan_000658,D10,2,1,0
YOLO11s,Japan__Japan_000664,D20,1,0,0
YOLO11s,Japan__Japan_000684,D10,1,0,0
YOLO11s,Japan__Japan_000717,D00,0,0,2
YOLO11s,Japan__Japan_000717,D10,0,1,1
YOLO11s,Japan__Japan_000728,D10,0,0,3
YOLO11s,Japan__Japan_000728,D20,1,0,0
YOLO11s,Japan__Japan_000776,D00,0,0,1
YOLO11s,Japan__Japan_000781,D00,0,1,0
YOLO11s,Japan__Japan_000781,D10,0,1,0
YOLO11s,Japan__Japan_000781,D20,0,0,1
YOLO11s,Japan__Japan_000790,D20,0,0,1
YOLO11s,Japan__Japan_000790,D40,0,2,1
YOLO11s,Japan__Japan_000793,D00,0,0,1
YOLO11s,Japan__Japan_000807,D10,0,1,1
YOLO11s,Japan__Japan_000807,D20,0,1,1
YOLO11s,Japan__Japan_000808,D20,0,1,1
YOLO11s,Japan__Japan_000810,D20,0,1,3
YOLO11s,Japan__Japan_000825,D00,0,0,1
YOLO11s,Japan__Japan_000825,D10,0,1,0
YOLO11s,Japan__Japan_000825,D20,0,1,1
YOLO11s,Japan__Japan_000825,D40,1,1,2
YOLO11s,Japan__Japan_000829,D20,1,0,0
YOLO11s,Japan__Japan_000852,D00,0,0,2
YOLO11s,Japan__Japan_000852,D10,1,1,1
YOLO11s,Japan__Japan_000859,D20,1,0,0
YOLO11s,Japan__Japan_000867,D00,0,1,0
YOLO11s,Japan__Japan_000867,D10,0,1,0
YOLO11s,Japan__Japan_000867,D20,1,0,0
YOLO11s,Japan__Japan_000889,D10,0,1,0
YOLO11s,Japan__Japan_000889,D20,1,0,0
YOLO11s,Japan__Japan_000891,D10,0,0,2
YOLO11s,Japan__Japan_000895,D00,0,1,1
YOLO11s,Japan__Japan_000895,D20,0,0,1
YOLO11s,Japan__Japan_000910,D20,1,1,2
YOLO11s,Japan__Japan_000918,D10,1,0,2
YOLO11s,Japan__Japan_000929,D20,0,1,2
YOLO11s,Japan__Japan_000933,D00,0,0,2
YOLO11s,Japan__Japan_000933,D10,0,1,3
YOLO11s,Japan__Japan_000933,D20,0,0,1
YOLO11s,Japan__Japan_000945,D20,1,1,0
YOLO11s,Japan__Japan_000949,D20,0,0,1
YOLO11s,Japan__Japan_000949,D40,0,0,3
YOLO11s,Japan__Japan_000980,D20,0,0,1
YOLO11s,Japan__Japan_001000,D20,1,1,0
YOLO11s,Japan__Japan_001024,D00,0,1,1
YOLO11s,Japan__Japan_001038,D20,1,1,0
YOLO11s,Japan__Japan_001043,D00,1,1,0
YOLO11s,Japan__Japan_001043,D20,0,0,1
YOLO11s,Japan__Japan_001044,D10,0,0,4
YOLO11s,Japan__Japan_001058,D10,2,0,1
YOLO11s,Japan__Japan_001058,D20,1,0,0
YOLO11s,Japan__Japan_001071,D10,1,0,1
YOLO11s,Japan__Japan_001071,D20,1,1,1
YOLO11s,Japan__Japan_001079,D00,0,0,2
YOLO11s,Japan__Japan_001079,D20,1,2,1
YOLO11s,Japan__Japan_001087,D00,1,0,0
YOLO11s,Japan__Japan_001087,D40,0,0,2
YOLO11s,Japan__Japan_001099,D00,0,1,0
YOLO11s,Japan__Japan_001099,D20,1,3,0
YOLO11s,Japan__Japan_001104,D10,0,0,1
YOLO11s,Japan__Japan_001112,D20,1,0,1
YOLO11s,Japan__Japan_001129,D00,0,1,1
YOLO11s,Japan__Japan_001130,D20,1,1,0
YOLO11s,Japan__Japan_001145,D00,0,1,1
YOLO11s,Japan__Japan_001145,D10,0,0,3
YOLO11s,Japan__Japan_001159,D10,0,0,1
YOLO11s,Japan__Japan_001159,D20,1,2,1
YOLO11s,Japan__Japan_001160,D00,0,1,0
YOLO11s,Japan__Japan_001185,D00,1,0,0
YOLO11s,Japan__Japan_001185,D10,1,2,0
YOLO11s,Japan__Japan_001185,D20,0,1,1
YOLO11s,Japan__Japan_001219,D00,1,1,4
YOLO11s,Japan__Japan_001219,D10,0,0,1
YOLO11s,Japan__Japan_001228,D20,0,0,1
YOLO11s,Japan__Japan_001228,D40,1,2,4
YOLO11s,Japan__Japan_001238,D10,0,1,1
YOLO11s,Japan__Japan_001239,D00,1,0,0
YOLO11s,Japan__Japan_001239,D10,1,0,0
YOLO11s,Japan__Japan_001241,D40,1,0,0
YOLO11s,Japan__Japan_001242,D20,1,2,0
YOLO11s,Japan__Japan_001245,D00,1,0,0
YOLO11s,Japan__Japan_001252,D20,2,1,0
YOLO11s,Japan__Japan_001252,D40,2,0,0
YOLO11s,Japan__Japan_001257,D10,0,0,1
YOLO11s,Japan__Japan_001257,D20,1,0,0
YOLO11s,Japan__Japan_001257,D40,1,0,1
YOLO11s,Japan__Japan_001264,D10,0,1,0
YOLO11s,Japan__Japan_001264,D20,1,0,1
YOLO11s,Japan__Japan_001266,D10,1,1,0
YOLO11s,Japan__Japan_001278,D00,1,0,0
YOLO11s,Japan__Japan_001287,D20,1,0,0
YOLO11s,Japan__Japan_001295,D00,0,1,1
YOLO11s,Japan__Japan_001304,D00,0,0,1
YOLO11s,Japan__Japan_001304,D20,2,1,0
YOLO11s,Japan__Japan_001319,D20,1,1,1
YOLO11s,Japan__Japan_001319,D40,0,3,3
YOLO11s,Japan__Japan_001320,D10,0,1,1
YOLO11s,Japan__Japan_001325,D10,1,1,0
YOLO11s,Japan__Japan_001325,D20,2,0,0
YOLO11s,Japan__Japan_001327,D20,1,0,0
YOLO11s,Japan__Japan_001327,D40,0,0,1
YOLO11s,Japan__Japan_001362,D20,1,0,0
YOLO11s,Japan__Japan_001362,D40,3,0,0
YOLO11s,Japan__Japan_001386,D10,0,0,1
YOLO11s,Japan__Japan_001396,D00,0,0,1
YOLO11s,Japan__Japan_001396,D10,1,0,5
YOLO11s,Japan__Japan_001423,D10,2,0,0
YOLO11s,Japan__Japan_001432,D00,0,0,1
YOLO11s,Japan__Japan_001439,D20,1,1,0
YOLO11s,Japan__Japan_001441,D10,1,1,0
YOLO11s,Japan__Japan_001441,D40,0,0,3
YOLO11s,Japan__Japan_001457,D00,1,0,0
YOLO11s,Japan__Japan_001457,D10,0,0,1
YOLO11s,Japan__Japan_001459,D20,0,0,1
YOLO11s,Japan__Japan_001485,D00,0,1,1
YOLO11s,Japan__Japan_001486,D00,1,1,1
YOLO11s,Japan__Japan_001502,D40,0,0,1
YOLO11s,Japan__Japan_001507,D20,1,0,0
YOLO11s,Japan__Japan_001530,D20,0,0,1
YOLO11s,Japan__Japan_001533,D10,0,0,2
YOLO11s,Japan__Japan_001533,D20,1,0,0
YOLO11s,Japan__Japan_001534,D10,0,0,2
YOLO11s,Japan__Japan_001534,D20,1,1,1
YOLO11s,Japan__Japan_001534,D40,0,2,0
YOLO11s,Japan__Japan_001537,D10,0,0,1
YOLO11s,Japan__Japan_001537,D20,1,0,0
YOLO11s,Japan__Japan_001537,D40,1,0,0
YOLO11s,Japan__Japan_001557,D00,1,0,0
YOLO11s,Japan__Japan_001557,D10,0,0,1
YOLO11s,Japan__Japan_001558,D00,1,0,0
YOLO11s,Japan__Japan_001559,D20,1,1,0
YOLO11s,Japan__Japan_001560,D20,1,0,0
YOLO11s,Japan__Japan_001570,D00,0,0,1
YOLO11s,Japan__Japan_001570,D10,0,1,0
YOLO11s,Japan__Japan_001570,D20,2,1,1
YOLO11s,Japan__Japan_001576,D00,1,0,1
YOLO11s,Japan__Japan_001576,D20,1,0,0
YOLO11s,Japan__Japan_001616,D10,1,0,1
YOLO11s,Japan__Japan_001616,D20,1,0,0
YOLO11s,Japan__Japan_001627,D20,1,0,0
YOLO11s,Japan__Japan_001640,D20,1,0,0
YOLO11s,Japan__Japan_001652,D10,1,0,0
YOLO11s,Japan__Japan_001656,D20,1,1,0
YOLO11s,Japan__Japan_001656,D40,0,0,1
YOLO11s,Japan__Japan_001664,D00,2,0,1
YOLO11s,Japan__Japan_001664,D10,0,0,1
YOLO11s,Japan__Japan_001666,D20,1,0,0
YOLO11s,Japan__Japan_001669,D20,2,0,0
YOLO11s,Japan__Japan_001677,D20,1,2,3
YOLO11s,Japan__Japan_001680,D40,1,0,0
YOLO11s,Japan__Japan_001683,D20,1,1,0
YOLO11s,Japan__Japan_001690,D10,1,1,4
YOLO11s,Japan__Japan_001690,D20,0,2,1
YOLO11s,Japan__Japan_001692,D00,0,0,1
YOLO11s,Japan__Japan_001694,D20,0,0,1
YOLO11s,Japan__Japan_001696,D10,2,0,1
YOLO11s,Japan__Japan_001696,D20,1,0,0
YOLO11s,Japan__Japan_001708,D10,0,0,1
YOLO11s,Japan__Japan_001708,D20,1,2,1
YOLO11s,Japan__Japan_001713,D00,1,0,0
YOLO11s,Japan__Japan_001713,D20,0,0,1
YOLO11s,Japan__Japan_001718,D00,0,1,0
YOLO11s,Japan__Japan_001724,D40,3,0,2
YOLO11s,Japan__Japan_001733,D00,1,0,0
YOLO11s,Japan__Japan_001733,D10,0,0,1
YOLO11s,Japan__Japan_001736,D10,0,1,0
YOLO11s,Japan__Japan_001736,D20,1,1,0
YOLO11s,Japan__Japan_001742,D00,0,0,2
YOLO11s,Japan__Japan_001791,D40,0,1,2
YOLO11s,Japan__Japan_001802,D20,1,0,0
YOLO11s,Japan__Japan_001802,D40,0,0,1
YOLO11s,Japan__Japan_001804,D10,1,0,0
YOLO11s,Japan__Japan_001809,D10,0,0,1
YOLO11s,Japan__Japan_001809,D20,1,0,0
YOLO11s,Japan__Japan_001817,D00,0,0,1
YOLO11s,Japan__Japan_001817,D10,0,0,2
YOLO11s,Japan__Japan_001857,D00,1,0,1
YOLO11s,Japan__Japan_001857,D10,1,0,1
YOLO11s,Japan__Japan_001868,D20,2,0,0
YOLO11s,Japan__Japan_001879,D00,1,0,0
YOLO11s,Japan__Japan_001881,D00,0,0,2
YOLO11s,Japan__Japan_001881,D10,1,1,2
YOLO11s,Japan__Japan_001889,D00,0,0,3
YOLO11s,Japan__Japan_001889,D20,0,2,0
YOLO11s,Japan__Japan_001896,D20,1,0,1
YOLO11s,Japan__Japan_001897,D10,1,0,1
YOLO11s,Japan__Japan_001897,D20,0,1,0
YOLO11s,Japan__Japan_001898,D10,3,0,0
YOLO11s,Japan__Japan_001898,D20,1,0,0
YOLO11s,Japan__Japan_001898,D40,1,0,0
YOLO11s,Japan__Japan_001916,D20,1,0,0
YOLO11s,Japan__Japan_001916,D40,1,0,0
YOLO11s,Japan__Japan_001926,D00,0,1,0
YOLO11s,Japan__Japan_001926,D10,2,0,1
YOLO11s,Japan__Japan_001938,D20,2,1,0
YOLO11s,Japan__Japan_001944,D00,1,0,0
YOLO11s,Japan__Japan_001944,D20,0,1,1
YOLO11s,Japan__Japan_001953,D20,0,0,1
YOLO11s,Japan__Japan_001957,D00,1,0,0
YOLO11s,Japan__Japan_001969,D20,1,0,0
YOLO11s,Japan__Japan_001975,D00,0,1,0
YOLO11s,Japan__Japan_001975,D20,0,0,1
YOLO11s,Japan__Japan_001977,D20,1,1,1
YOLO11s,Japan__Japan_001984,D40,1,0,0
YOLO11s,Japan__Japan_001989,D00,0,2,4
YOLO11s,Japan__Japan_001989,D10,1,0,1
YOLO11s,Japan__Japan_001989,D20,0,1,0
YOLO11s,Japan__Japan_001991,D20,0,0,1
YOLO11s,Japan__Japan_001999,D00,0,0,1
YOLO11s,Japan__Japan_002009,D20,2,2,0
YOLO11s,Japan__Japan_002042,D20,1,1,1
YOLO11s,Japan__Japan_002047,D20,1,0,0
YOLO11s,Japan__Japan_002055,D10,2,3,2
YOLO11s,Japan__Japan_002086,D00,1,1,0
YOLO11s,Japan__Japan_002102,D00,0,0,2
YOLO11s,Japan__Japan_002102,D20,0,1,0
YOLO11s,Japan__Japan_002103,D00,1,0,2
YOLO11s,Japan__Japan_002115,D20,1,1,0
YOLO11s,Japan__Japan_002121,D20,0,0,1
YOLO11s,Japan__Japan_002121,D40,2,1,0
YOLO11s,Japan__Japan_002146,D10,0,1,3
YOLO11s,Japan__Japan_002146,D20,1,1,1
YOLO11s,Japan__Japan_002168,D20,3,1,1
YOLO11s,Japan__Japan_002182,D20,1,1,0
YOLO11s,Japan__Japan_002188,D10,0,2,0
YOLO11s,Japan__Japan_002188,D40,0,2,1
YOLO11s,Japan__Japan_002213,D10,0,1,0
YOLO11s,Japan__Japan_002213,D20,2,1,0
YOLO11s,Japan__Japan_002237,D20,1,1,2
YOLO11s,Japan__Japan_002239,D20,1,1,0
YOLO11s,Japan__Japan_002239,D40,3,1,0
YOLO11s,Japan__Japan_002250,D20,1,0,0
YOLO11s,Japan__Japan_002257,D00,1,1,0
YOLO11s,Japan__Japan_002273,D00,0,1,0
YOLO11s,Japan__Japan_002273,D20,0,0,2
YOLO11s,Japan__Japan_002276,D00,0,2,3
YOLO11s,Japan__Japan_002276,D20,0,0,3
YOLO11s,Japan__Japan_002276,D40,1,0,0
YOLO11s,Japan__Japan_002295,D20,1,0,0
YOLO11s,Japan__Japan_002295,D40,2,2,0
YOLO11s,Japan__Japan_002299,D00,0,1,1
YOLO11s,Japan__Japan_002299,D20,0,1,0
YOLO11s,Japan__Japan_002299,D40,0,1,0
YOLO11s,Japan__Japan_002317,D00,1,0,0
YOLO11s,Japan__Japan_002317,D40,0,0,1
YOLO11s,Japan__Japan_002323,D00,0,0,1
YOLO11s,Japan__Japan_002323,D20,0,0,1
YOLO11s,Japan__Japan_002324,D00,0,0,2
YOLO11s,Japan__Japan_002324,D20,0,1,0
YOLO11s,Japan__Japan_002339,D40,1,0,0
YOLO11s,Japan__Japan_002344,D00,0,0,3
YOLO11s,Japan__Japan_002358,D00,0,0,1
YOLO11s,Japan__Japan_002358,D20,1,0,0
YOLO11s,Japan__Japan_002358,D40,0,1,1
YOLO11s,Japan__Japan_002365,D20,1,0,1
YOLO11s,Japan__Japan_002365,D40,1,0,1
YOLO11s,Japan__Japan_002380,D20,1,0,0
YOLO11s,Japan__Japan_002387,D00,0,0,1
YOLO11s,Japan__Japan_002392,D20,1,0,0
YOLO11s,Japan__Japan_002394,D00,0,0,2
YOLO11s,Japan__Japan_002394,D10,0,0,1
YOLO11s,Japan__Japan_002394,D20,1,1,1
YOLO11s,Japan__Japan_002395,D00,0,1,1
YOLO11s,Japan__Japan_002408,D20,1,0,0
YOLO11s,Japan__Japan_002420,D40,0,1,1
YOLO11s,Japan__Japan_002428,D00,2,0,1
YOLO11s,Japan__Japan_002428,D10,1,0,0
YOLO11s,Japan__Japan_002446,D40,0,1,3
YOLO11s,Japan__Japan_002506,D00,0,1,0
YOLO11s,Japan__Japan_002506,D20,0,0,1
YOLO11s,Japan__Japan_002511,D00,0,1,1
YOLO11s,Japan__Japan_002511,D20,1,0,1
YOLO11s,Japan__Japan_002545,D00,0,0,1
YOLO11s,Japan__Japan_002547,D20,2,0,0
YOLO11s,Japan__Japan_002553,D20,1,0,1
YOLO11s,Japan__Japan_002558,D00,0,0,1
YOLO11s,Japan__Japan_002558,D20,0,1,0
YOLO11s,Japan__Japan_002560,D00,1,0,0
YOLO11s,Japan__Japan_002569,D10,0,1,0
YOLO11s,Japan__Japan_002574,D20,0,0,1
YOLO11s,Japan__Japan_002585,D20,1,0,0
YOLO11s,Japan__Japan_002614,D40,2,3,0
YOLO11s,Japan__Japan_002634,D20,1,0,0
YOLO11s,Japan__Japan_002634,D40,1,0,2
YOLO11s,Japan__Japan_002638,D20,0,0,1
YOLO11s,Japan__Japan_002642,D20,1,0,0
YOLO11s,Japan__Japan_002661,D10,1,1,0
YOLO11s,Japan__Japan_002666,D20,1,2,0
YOLO11s,Japan__Japan_002675,D20,1,0,1
YOLO11s,Japan__Japan_002689,D40,1,0,3
YOLO11s,Japan__Japan_002694,D00,1,0,2
YOLO11s,Japan__Japan_002716,D00,0,0,1
YOLO11s,Japan__Japan_002720,D20,0,1,1
YOLO11s,Japan__Japan_002723,D00,1,1,1
YOLO11s,Japan__Japan_002724,D00,2,1,2
YOLO11s,Japan__Japan_002724,D10,0,1,2
YOLO11s,Japan__Japan_002726,D20,1,1,0
YOLO11s,Japan__Japan_002729,D20,1,0,1
YOLO11s,Japan__Japan_002732,D00,3,0,0
YOLO11s,Japan__Japan_002732,D20,0,1,0
YOLO11s,Japan__Japan_002739,D20,0,0,1
YOLO11s,Japan__Japan_002743,D00,1,0,0
YOLO11s,Japan__Japan_002771,D10,0,0,1
YOLO11s,Japan__Japan_002771,D20,0,1,1
YOLO11s,Japan__Japan_002794,D20,1,0,0
YOLO11s,Japan__Japan_002806,D20,2,0,1
YOLO11s,Japan__Japan_002807,D00,1,0,0
YOLO11s,Japan__Japan_002829,D10,0,0,2
YOLO11s,Japan__Japan_002838,D20,1,0,0
YOLO11s,Japan__Japan_002861,D00,0,1,1
YOLO11s,Japan__Japan_002861,D20,0,0,1
YOLO11s,Japan__Japan_002865,D20,1,0,0
YOLO11s,Japan__Japan_002874,D40,1,0,0
YOLO11s,Japan__Japan_002875,D00,1,0,1
YOLO11s,Japan__Japan_002889,D20,0,0,1
YOLO11s,Japan__Japan_002911,D00,0,0,2
YOLO11s,Japan__Japan_002911,D10,0,2,0
YOLO11s,Japan__Japan_002914,D20,1,0,0
YOLO11s,Japan__Japan_002943,D20,1,1,0
YOLO11s,Japan__Japan_002943,D40,2,0,1
YOLO11s,Japan__Japan_002976,D00,0,1,0
YOLO11s,Japan__Japan_002997,D00,1,1,0
YOLO11s,Japan__Japan_003000,D10,1,0,0
YOLO11s,Japan__Japan_003009,D00,1,2,0
YOLO11s,Japan__Japan_003016,D20,1,0,0
YOLO11s,Japan__Japan_003026,D00,1,0,0
YOLO11s,Japan__Japan_003030,D00,1,0,8
YOLO11s,Japan__Japan_003033,D00,0,0,2
YOLO11s,Japan__Japan_003033,D20,0,0,1
YOLO11s,Japan__Japan_003038,D20,1,0,0
YOLO11s,Japan__Japan_003038,D40,1,0,0
YOLO11s,Japan__Japan_003039,D10,0,0,1
YOLO11s,Japan__Japan_003057,D10,1,2,1
YOLO11s,Japan__Japan_003057,D20,0,0,1
YOLO11s,Japan__Japan_003058,D00,1,0,0
YOLO11s,Japan__Japan_003064,D10,1,0,0
YOLO11s,Japan__Japan_003064,D20,0,1,1
YOLO11s,Japan__Japan_003076,D20,1,0,0
YOLO11s,Japan__Japan_003088,D40,1,2,1
YOLO11s,Japan__Japan_003095,D20,1,1,0
YOLO11s,Japan__Japan_003104,D00,1,0,0
YOLO11s,Japan__Japan_003111,D20,1,0,0
YOLO11s,Japan__Japan_003115,D40,1,0,0
YOLO11s,Japan__Japan_003124,D10,0,1,1
YOLO11s,Japan__Japan_003124,D40,0,0,1
YOLO11s,Japan__Japan_003125,D10,1,0,1
YOLO11s,Japan__Japan_003125,D20,1,0,0
YOLO11s,Japan__Japan_003156,D00,0,0,1
YOLO11s,Japan__Japan_003157,D20,1,2,1
YOLO11s,Japan__Japan_003163,D20,1,0,0
YOLO11s,Japan__Japan_003181,D20,1,0,1
YOLO11s,Japan__Japan_003219,D00,0,0,1
YOLO11s,Japan__Japan_003220,D00,0,0,1
YOLO11s,Japan__Japan_003241,D20,1,2,0
YOLO11s,Japan__Japan_003241,D40,0,1,0
YOLO11s,Japan__Japan_003242,D10,0,0,1
YOLO11s,Japan__Japan_003263,D00,0,0,2
YOLO11s,Japan__Japan_003267,D00,0,0,2
YOLO11s,Japan__Japan_003272,D10,0,0,1
YOLO11s,Japan__Japan_003272,D20,1,1,0
YOLO11s,Japan__Japan_003282,D20,1,0,0
YOLO11s,Japan__Japan_003285,D00,0,1,0
YOLO11s,Japan__Japan_003304,D00,1,0,0
YOLO11s,Japan__Japan_003321,D20,0,0,1
YOLO11s,Japan__Japan_003342,D10,0,0,3
YOLO11s,Japan__Japan_003342,D40,1,0,0
YOLO11s,Japan__Japan_003357,D00,0,0,1
YOLO11s,Japan__Japan_003357,D10,1,2,0
YOLO11s,Japan__Japan_003381,D00,1,1,0
YOLO11s,Japan__Japan_003381,D10,1,1,1
YOLO11s,Japan__Japan_003381,D20,1,1,0
YOLO11s,Japan__Japan_003389,D40,0,1,3
YOLO11s,Japan__Japan_003390,D20,1,1,0
YOLO11s,Japan__Japan_003403,D40,0,0,1
YOLO11s,Japan__Japan_003421,D20,1,0,0
YOLO11s,Japan__Japan_003461,D10,1,0,3
YOLO11s,Japan__Japan_003470,D20,1,1,0
YOLO11s,Japan__Japan_003470,D40,0,0,1
YOLO11s,Japan__Japan_003486,D40,2,1,5
YOLO11s,Japan__Japan_003496,D00,1,1,0
YOLO11s,Japan__Japan_003520,D20,1,1,0
YOLO11s,Japan__Japan_003520,D40,1,0,1
YOLO11s,Japan__Japan_003529,D20,2,2,1
YOLO11s,Japan__Japan_003533,D10,0,0,2
YOLO11s,Japan__Japan_003537,D00,0,0,1
YOLO11s,Japan__Japan_003576,D00,0,0,1
YOLO11s,Japan__Japan_003589,D00,0,0,2
YOLO11s,Japan__Japan_003589,D10,0,1,1
YOLO11s,Japan__Japan_003599,D10,1,0,0
YOLO11s,Japan__Japan_003604,D00,0,0,1
YOLO11s,Japan__Japan_003604,D20,2,2,0
YOLO11s,Japan__Japan_003613,D20,1,0,0
YOLO11s,Japan__Japan_003613,D40,0,1,0
YOLO11s,Japan__Japan_003624,D20,1,1,0
YOLO11s,Japan__Japan_003638,D00,1,0,0
YOLO11s,Japan__Japan_003638,D20,0,0,1
YOLO11s,Japan__Japan_003643,D00,0,0,1
YOLO11s,Japan__Japan_003643,D20,1,0,0
YOLO11s,Japan__Japan_003648,D00,0,0,1
YOLO11s,Japan__Japan_003670,D00,1,0,1
YOLO11s,Japan__Japan_003670,D40,1,0,2
YOLO11s,Japan__Japan_003682,D40,1,1,1
YOLO11s,Japan__Japan_003689,D10,0,1,1
YOLO11s,Japan__Japan_003689,D40,1,0,0
YOLO11s,Japan__Japan_003690,D20,1,0,0
YOLO11s,Japan__Japan_003690,D40,1,0,0
YOLO11s,Japan__Japan_003694,D00,0,0,1
YOLO11s,Japan__Japan_003697,D00,1,0,1
YOLO11s,Japan__Japan_003697,D10,0,0,2
YOLO11s,Japan__Japan_003697,D20,0,1,1
YOLO11s,Japan__Japan_003701,D20,1,0,0
YOLO11s,Japan__Japan_003713,D20,0,0,1
YOLO11s,Japan__Japan_003741,D00,0,2,0
YOLO11s,Japan__Japan_003741,D10,2,0,1
YOLO11s,Japan__Japan_003741,D20,0,0,1
YOLO11s,Japan__Japan_003759,D20,0,2,1
YOLO11s,Japan__Japan_003793,D20,1,0,0
YOLO11s,Japan__Japan_003798,D10,0,1,0
YOLO11s,Japan__Japan_003798,D20,1,0,1
YOLO11s,Japan__Japan_003801,D20,1,0,0
YOLO11s,Japan__Japan_003801,D40,0,0,1
YOLO11s,Japan__Japan_003806,D20,1,1,0
YOLO11s,Japan__Japan_003813,D20,1,0,0
YOLO11s,Japan__Japan_003822,D00,1,2,0
YOLO11s,Japan__Japan_003832,D00,0,0,1
YOLO11s,Japan__Japan_003832,D10,0,0,1
YOLO11s,Japan__Japan_003834,D10,1,0,2
YOLO11s,Japan__Japan_003836,D00,0,0,1
YOLO11s,Japan__Japan_003850,D40,1,0,1
YOLO11s,Japan__Japan_003861,D10,1,0,1
YOLO11s,Japan__Japan_003861,D20,1,2,0
YOLO11s,Japan__Japan_003867,D00,1,0,0
YOLO11s,Japan__Japan_003872,D10,1,0,1
YOLO11s,Japan__Japan_003878,D20,0,0,1
YOLO11s,Japan__Japan_003878,D40,1,0,1
YOLO11s,Japan__Japan_003880,D20,1,0,0
YOLO11s,Japan__Japan_003888,D00,0,0,1
YOLO11s,Japan__Japan_003888,D10,3,1,3
YOLO11s,Japan__Japan_003888,D20,0,0,1
YOLO11s,Japan__Japan_003902,D00,0,1,0
YOLO11s,Japan__Japan_003908,D20,2,0,0
YOLO11s,Japan__Japan_003927,D10,0,1,3
YOLO11s,Japan__Japan_003927,D20,0,2,1
YOLO11s,Japan__Japan_003952,D10,1,0,0
YOLO11s,Japan__Japan_003952,D20,0,0,1
YOLO11s,Japan__Japan_003962,D00,0,1,0
YOLO11s,Japan__Japan_003962,D10,0,0,1
YOLO11s,Japan__Japan_003962,D20,0,0,1
YOLO11s,Japan__Japan_003972,D00,0,0,1
YOLO11s,Japan__Japan_003972,D10,1,0,1
YOLO11s,Japan__Japan_003973,D20,1,0,1
YOLO11s,Japan__Japan_003973,D40,0,0,1
YOLO11s,Japan__Japan_003978,D20,1,0,0
YOLO11s,Japan__Japan_003978,D40,1,0,1
YOLO11s,Japan__Japan_003998,D20,1,0,0
YOLO11s,Japan__Japan_003998,D40,0,0,1
YOLO11s,Japan__Japan_004009,D00,1,0,0
YOLO11s,Japan__Japan_004019,D20,0,0,1
YOLO11s,Japan__Japan_004026,D40,1,0,0
YOLO11s,Japan__Japan_004052,D00,0,0,1
YOLO11s,Japan__Japan_004052,D10,0,0,1
YOLO11s,Japan__Japan_004055,D00,0,0,1
YOLO11s,Japan__Japan_004059,D00,0,0,2
YOLO11s,Japan__Japan_004059,D10,0,1,0
YOLO11s,Japan__Japan_004067,D00,1,0,0
YOLO11s,Japan__Japan_004079,D20,1,2,0
YOLO11s,Japan__Japan_004080,D20,1,0,0
YOLO11s,Japan__Japan_004096,D00,0,0,1
YOLO11s,Japan__Japan_004096,D40,0,1,0
YOLO11s,Japan__Japan_004100,D40,0,0,2
YOLO11s,Japan__Japan_004136,D40,2,0,1
YOLO11s,Japan__Japan_004174,D10,0,0,2
YOLO11s,Japan__Japan_004176,D00,0,0,1
YOLO11s,Japan__Japan_004176,D10,0,1,0
YOLO11s,Japan__Japan_004179,D40,0,0,1
YOLO11s,Japan__Japan_004182,D20,2,0,0
YOLO11s,Japan__Japan_004189,D00,0,0,1
YOLO11s,Japan__Japan_004189,D40,0,1,0
YOLO11s,Japan__Japan_004190,D00,0,1,0
YOLO11s,Japan__Japan_004190,D20,0,1,1
YOLO11s,Japan__Japan_004190,D40,0,1,0
YOLO11s,Japan__Japan_004197,D40,1,1,0
YOLO11s,Japan__Japan_004218,D20,1,1,2
YOLO11s,Japan__Japan_004218,D40,1,0,0
YOLO11s,Japan__Japan_004230,D20,1,0,0
YOLO11s,Japan__Japan_004246,D00,1,1,0
YOLO11s,Japan__Japan_004246,D20,1,0,0
YOLO11s,Japan__Japan_004250,D00,0,2,0
YOLO11s,Japan__Japan_004250,D20,0,1,0
YOLO11s,Japan__Japan_004266,D20,1,0,0
YOLO11s,Japan__Japan_004266,D40,0,1,0
YOLO11s,Japan__Japan_004290,D10,0,0,3
YOLO11s,Japan__Japan_004296,D40,0,0,1
YOLO11s,Japan__Japan_004304,D20,1,1,2
YOLO11s,Japan__Japan_004316,D10,0,1,0
YOLO11s,Japan__Japan_004327,D00,1,1,0
YOLO11s,Japan__Japan_004327,D10,0,0,1
YOLO11s,Japan__Japan_004327,D20,0,1,1
YOLO11s,Japan__Japan_004344,D00,0,0,1
YOLO11s,Japan__Japan_004346,D00,0,1,2
YOLO11s,Japan__Japan_004347,D20,1,0,0
YOLO11s,Japan__Japan_004351,D10,0,0,1
YOLO11s,Japan__Japan_004370,D00,0,1,3
YOLO11s,Japan__Japan_004380,D10,1,0,0
YOLO11s,Japan__Japan_004381,D00,0,0,1
YOLO11s,Japan__Japan_004381,D20,1,1,1
YOLO11s,Japan__Japan_004392,D00,0,0,1
YOLO11s,Japan__Japan_004392,D10,0,0,3
YOLO11s,Japan__Japan_004392,D20,1,1,2
YOLO11s,Japan__Japan_004392,D40,0,0,1
YOLO11s,Japan__Japan_004394,D20,0,2,0
YOLO11s,Japan__Japan_004394,D40,0,0,1
YOLO11s,Japan__Japan_004405,D20,1,0,0
YOLO11s,Japan__Japan_004407,D00,0,1,0
YOLO11s,Japan__Japan_004407,D20,0,0,1
YOLO11s,Japan__Japan_004422,D10,0,0,1
YOLO11s,Japan__Japan_004434,D00,1,0,0
YOLO11s,Japan__Japan_004502,D00,0,1,0
YOLO11s,Japan__Japan_004502,D20,0,0,1
YOLO11s,Japan__Japan_004504,D10,0,1,0
YOLO11s,Japan__Japan_004507,D00,0,0,1
YOLO11s,Japan__Japan_004516,D00,0,1,0
YOLO11s,Japan__Japan_004516,D10,0,0,3
YOLO11s,Japan__Japan_004524,D00,0,1,0
YOLO11s,Japan__Japan_004531,D20,1,0,0
YOLO11s,Japan__Japan_004537,D20,1,0,0
YOLO11s,Japan__Japan_004537,D40,0,0,1
YOLO11s,Japan__Japan_004544,D20,0,1,1
YOLO11s,Japan__Japan_004547,D00,1,3,1
YOLO11s,Japan__Japan_004567,D20,0,0,1
YOLO11s,Japan__Japan_004567,D40,1,1,2
YOLO11s,Japan__Japan_004569,D20,1,0,3
YOLO11s,Japan__Japan_004573,D20,1,1,2
YOLO11s,Japan__Japan_004573,D40,1,0,0
YOLO11s,Japan__Japan_004578,D00,0,0,1
YOLO11s,Japan__Japan_004578,D10,0,0,4
YOLO11s,Japan__Japan_004578,D20,0,1,0
YOLO11s,Japan__Japan_004597,D00,0,0,1
YOLO11s,Japan__Japan_004597,D20,0,0,1
YOLO11s,Japan__Japan_004607,D10,1,0,0
YOLO11s,Japan__Japan_004613,D00,0,0,1
YOLO11s,Japan__Japan_004613,D10,1,0,2
YOLO11s,Japan__Japan_004613,D20,0,0,1
YOLO11s,Japan__Japan_004617,D10,2,1,0
YOLO11s,Japan__Japan_004618,D00,1,0,0
YOLO11s,Japan__Japan_004618,D20,0,1,1
YOLO11s,Japan__Japan_004638,D10,0,1,0
YOLO11s,Japan__Japan_004643,D10,0,1,1
YOLO11s,Japan__Japan_004652,D00,1,0,0
YOLO11s,Japan__Japan_004652,D10,1,0,1
YOLO11s,Japan__Japan_004658,D20,1,0,0
YOLO11s,Japan__Japan_004665,D00,2,2,1
YOLO11s,Japan__Japan_004667,D20,1,1,1
YOLO11s,Japan__Japan_004667,D40,0,1,1
YOLO11s,Japan__Japan_004687,D20,1,2,0
YOLO11s,Japan__Japan_004691,D00,0,0,1
YOLO11s,Japan__Japan_004691,D20,1,0,0
YOLO11s,Japan__Japan_004694,D00,0,0,1
YOLO11s,Japan__Japan_004700,D20,1,0,0
YOLO11s,Japan__Japan_004700,D40,0,1,0
YOLO11s,Japan__Japan_004720,D00,0,0,1
YOLO11s,Japan__Japan_004720,D10,1,0,0
YOLO11s,Japan__Japan_004720,D20,3,3,1
YOLO11s,Japan__Japan_004720,D40,1,0,0
YOLO11s,Japan__Japan_004726,D20,1,1,0
YOLO11s,Japan__Japan_004751,D00,0,0,1
YOLO11s,Japan__Japan_004751,D20,0,1,1
YOLO11s,Japan__Japan_004758,D20,0,0,1
YOLO11s,Japan__Japan_004774,D20,1,0,0
YOLO11s,Japan__Japan_004776,D20,0,0,1
YOLO11s,Japan__Japan_004800,D20,1,0,0
YOLO11s,Japan__Japan_004830,D00,0,2,0
YOLO11s,Japan__Japan_004830,D20,0,0,1
YOLO11s,Japan__Japan_004835,D20,2,0,0
YOLO11s,Japan__Japan_004835,D40,0,0,2
YOLO11s,Japan__Japan_004840,D20,1,0,0
YOLO11s,Japan__Japan_004841,D20,0,0,1
YOLO11s,Japan__Japan_004854,D10,0,0,1
YOLO11s,Japan__Japan_004868,D00,1,0,0
YOLO11s,Japan__Japan_004868,D10,0,0,3
YOLO11s,Japan__Japan_004868,D20,2,1,0
YOLO11s,Japan__Japan_004872,D20,0,1,2
YOLO11s,Japan__Japan_004885,D10,0,0,2
YOLO11s,Japan__Japan_004885,D20,1,1,0
YOLO11s,Japan__Japan_004885,D40,0,0,1
YOLO11s,Japan__Japan_004900,D10,0,1,1
YOLO11s,Japan__Japan_004900,D20,0,1,1
YOLO11s,Japan__Japan_004909,D00,0,1,0
YOLO11s,Japan__Japan_004910,D10,0,0,1
YOLO11s,Japan__Japan_004920,D20,1,0,1
YOLO11s,Japan__Japan_004923,D10,1,0,0
YOLO11s,Japan__Japan_004923,D20,0,0,1
YOLO11s,Japan__Japan_004924,D20,1,0,0
YOLO11s,Japan__Japan_004933,D00,1,0,0
YOLO11s,Japan__Japan_004933,D10,2,0,2
YOLO11s,Japan__Japan_004941,D20,1,0,0
YOLO11s,Japan__Japan_004988,D20,0,2,0
YOLO11s,Japan__Japan_004988,D40,0,1,2
YOLO11s,Japan__Japan_005007,D00,0,3,1
YOLO11s,Japan__Japan_005007,D20,0,0,2
YOLO11s,Japan__Japan_005008,D20,1,0,0
YOLO11s,Japan__Japan_005026,D20,1,1,0
YOLO11s,Japan__Japan_005041,D00,1,0,0
YOLO11s,Japan__Japan_005049,D20,1,3,1
YOLO11s,Japan__Japan_005068,D10,1,0,2
YOLO11s,Japan__Japan_005068,D40,0,1,0
YOLO11s,Japan__Japan_005077,D20,1,0,0
YOLO11s,Japan__Japan_005084,D00,1,1,0
YOLO11s,Japan__Japan_005085,D00,1,0,1
YOLO11s,Japan__Japan_005089,D00,0,1,1
YOLO11s,Japan__Japan_005106,D10,1,0,0
YOLO11s,Japan__Japan_005106,D20,2,4,1
YOLO11s,Japan__Japan_005106,D40,1,0,1
YOLO11s,Japan__Japan_005114,D00,0,1,3
YOLO11s,Japan__Japan_005114,D10,0,0,1
YOLO11s,Japan__Japan_005119,D10,0,0,1
YOLO11s,Japan__Japan_005119,D20,1,0,1
YOLO11s,Japan__Japan_005129,D00,0,0,1
YOLO11s,Japan__Japan_005144,D00,1,0,0
YOLO11s,Japan__Japan_005144,D20,0,1,0
YOLO11s,Japan__Japan_005152,D20,1,0,0
YOLO11s,Japan__Japan_005154,D20,0,0,1
YOLO11s,Japan__Japan_005180,D10,1,0,0
YOLO11s,Japan__Japan_005190,D00,1,0,1
YOLO11s,Japan__Japan_005193,D20,0,1,1
YOLO11s,Japan__Japan_005193,D40,0,1,1
YOLO11s,Japan__Japan_005216,D00,1,0,2
YOLO11s,Japan__Japan_005216,D10,1,1,1
YOLO11s,Japan__Japan_005222,D20,1,0,1
YOLO11s,Japan__Japan_005238,D00,2,0,1
YOLO11s,Japan__Japan_005238,D10,0,0,1
YOLO11s,Japan__Japan_005262,D00,2,0,0
YOLO11s,Japan__Japan_005290,D00,1,0,0
YOLO11s,Japan__Japan_005290,D10,1,0,3
YOLO11s,Japan__Japan_005293,D20,1,0,0
YOLO11s,Japan__Japan_005317,D20,1,0,0
YOLO11s,Japan__Japan_005318,D00,2,1,0
YOLO11s,Japan__Japan_005318,D20,0,0,1
YOLO11s,Japan__Japan_005326,D00,1,0,0
YOLO11s,Japan__Japan_005326,D10,1,0,1
YOLO11s,Japan__Japan_005326,D20,1,1,1
YOLO11s,Japan__Japan_005328,D10,0,1,1
YOLO11s,Japan__Japan_005330,D00,0,0,5
YOLO11s,Japan__Japan_005338,D20,2,1,0
YOLO11s,Japan__Japan_005338,D40,3,0,0
YOLO11s,Japan__Japan_005354,D00,1,0,0
YOLO11s,Japan__Japan_005355,D00,0,1,0
YOLO11s,Japan__Japan_005355,D10,1,0,0
YOLO11s,Japan__Japan_005355,D20,1,0,1
YOLO11s,Japan__Japan_005421,D00,1,0,0
YOLO11s,Japan__Japan_005422,D00,0,1,0
YOLO11s,Japan__Japan_005422,D10,0,0,1
YOLO11s,Japan__Japan_005422,D20,2,1,0
YOLO11s,Japan__Japan_005425,D00,1,1,1
YOLO11s,Japan__Japan_005425,D10,1,1,0
YOLO11s,Japan__Japan_005438,D20,0,1,1
YOLO11s,Japan__Japan_005438,D40,0,0,1
YOLO11s,Japan__Japan_005439,D00,0,0,1
YOLO11s,Japan__Japan_005461,D00,1,0,0
YOLO11s,Japan__Japan_005472,D10,2,0,0
YOLO11s,Japan__Japan_005472,D20,0,0,1
YOLO11s,Japan__Japan_005478,D00,0,0,1
YOLO11s,Japan__Japan_005478,D10,0,0,1
YOLO11s,Japan__Japan_005494,D20,0,0,1
YOLO11s,Japan__Japan_005501,D00,0,1,0
YOLO11s,Japan__Japan_005501,D10,0,1,0
YOLO11s,Japan__Japan_005501,D20,1,0,0
YOLO11s,Japan__Japan_005513,D20,1,0,0
YOLO11s,Japan__Japan_005513,D40,1,0,0
YOLO11s,Japan__Japan_005519,D40,1,0,0
YOLO11s,Japan__Japan_005526,D00,0,0,1
YOLO11s,Japan__Japan_005533,D10,1,1,1
YOLO11s,Japan__Japan_005533,D20,0,0,1
YOLO11s,Japan__Japan_005533,D40,0,1,0
YOLO11s,Japan__Japan_005537,D10,1,0,0
YOLO11s,Japan__Japan_005537,D20,1,1,0
YOLO11s,Japan__Japan_005559,D10,0,1,0
YOLO11s,Japan__Japan_005559,D40,1,0,0
YOLO11s,Japan__Japan_005567,D00,0,1,0
YOLO11s,Japan__Japan_005570,D00,0,1,0
YOLO11s,Japan__Japan_005570,D10,3,0,0
YOLO11s,Japan__Japan_005582,D10,1,1,1
YOLO11s,Japan__Japan_005582,D20,1,0,0
YOLO11s,Japan__Japan_005582,D40,0,0,2
YOLO11s,Japan__Japan_005586,D40,0,0,1
YOLO11s,Japan__Japan_005599,D40,1,0,0
YOLO11s,Japan__Japan_005622,D20,1,0,0
YOLO11s,Japan__Japan_005622,D40,0,0,1
YOLO11s,Japan__Japan_005635,D20,1,0,0
YOLO11s,Japan__Japan_005647,D20,1,1,1
YOLO11s,Japan__Japan_005661,D10,0,2,0
YOLO11s,Japan__Japan_005661,D20,0,1,0
YOLO11s,Japan__Japan_005661,D40,0,0,1
YOLO11s,Japan__Japan_005675,D20,0,0,1
YOLO11s,Japan__Japan_005678,D00,0,1,0
YOLO11s,Japan__Japan_005678,D20,1,1,0
YOLO11s,Japan__Japan_005683,D20,0,1,1
YOLO11s,Japan__Japan_005683,D40,1,0,4
YOLO11s,Japan__Japan_005690,D20,0,0,2
YOLO11s,Japan__Japan_005693,D40,0,1,1
YOLO11s,Japan__Japan_005705,D20,1,0,0
YOLO11s,Japan__Japan_005713,D20,1,0,0
YOLO11s,Japan__Japan_005733,D20,2,0,0
YOLO11s,Japan__Japan_005741,D20,1,1,0
YOLO11s,Japan__Japan_005741,D40,0,0,1
YOLO11s,Japan__Japan_005743,D00,1,0,0
YOLO11s,Japan__Japan_005760,D00,1,1,0
YOLO11s,Japan__Japan_005760,D10,0,0,1
YOLO11s,Japan__Japan_005780,D20,1,1,0
YOLO11s,Japan__Japan_005780,D40,0,0,1
YOLO11s,Japan__Japan_005783,D10,0,1,0
YOLO11s,Japan__Japan_005783,D20,1,0,1
YOLO11s,Japan__Japan_005789,D00,0,0,1
YOLO11s,Japan__Japan_005789,D10,1,2,0
YOLO11s,Japan__Japan_005789,D20,0,0,1
YOLO11s,Japan__Japan_005800,D00,0,1,1
YOLO11s,Japan__Japan_005803,D20,1,0,1
YOLO11s,Japan__Japan_005827,D20,1,1,0
YOLO11s,Japan__Japan_005836,D10,1,1,0
YOLO11s,Japan__Japan_005836,D20,1,0,1
YOLO11s,Japan__Japan_005842,D00,0,0,1
YOLO11s,Japan__Japan_005842,D20,1,4,0
YOLO11s,Japan__Japan_005844,D20,1,1,0
YOLO11s,Japan__Japan_005854,D10,0,1,1
YOLO11s,Japan__Japan_005855,D10,0,0,1
YOLO11s,Japan__Japan_005855,D20,1,0,1
YOLO11s,Japan__Japan_005875,D20,1,0,0
YOLO11s,Japan__Japan_005904,D20,1,0,1
YOLO11s,Japan__Japan_005917,D20,1,0,1
YOLO11s,Japan__Japan_005923,D10,0,1,0
YOLO11s,Japan__Japan_005944,D40,0,0,4
YOLO11s,Japan__Japan_005946,D10,0,0,2
YOLO11s,Japan__Japan_005953,D10,1,0,1
YOLO11s,Japan__Japan_005956,D10,1,0,0
YOLO11s,Japan__Japan_005965,D20,1,1,0
YOLO11s,Japan__Japan_005966,D00,0,0,1
YOLO11s,Japan__Japan_005966,D20,1,1,2
YOLO11s,Japan__Japan_005966,D40,1,0,0
YOLO11s,Japan__Japan_005983,D20,1,1,0
YOLO11s,Japan__Japan_005986,D10,1,0,0
YOLO11s,Japan__Japan_005986,D20,1,0,0
YOLO11s,Japan__Japan_005994,D20,1,5,1
YOLO11s,Japan__Japan_005995,D10,1,0,0
YOLO11s,Japan__Japan_005995,D20,0,0,2
YOLO11s,Japan__Japan_006007,D00,0,0,1
YOLO11s,Japan__Japan_006013,D10,0,0,2
YOLO11s,Japan__Japan_006013,D20,1,0,0
YOLO11s,Japan__Japan_006027,D10,2,0,0
YOLO11s,Japan__Japan_006027,D20,1,0,0
YOLO11s,Japan__Japan_006035,D40,0,0,1
YOLO11s,Japan__Japan_006038,D00,1,0,0
YOLO11s,Japan__Japan_006042,D00,0,1,2
YOLO11s,Japan__Japan_006057,D00,0,1,1
YOLO11s,Japan__Japan_006057,D10,0,0,1
YOLO11s,Japan__Japan_006057,D20,0,0,1
YOLO11s,Japan__Japan_006062,D20,1,1,0
YOLO11s,Japan__Japan_006065,D00,0,0,1
YOLO11s,Japan__Japan_006065,D20,0,0,1
YOLO11s,Japan__Japan_006071,D00,0,0,1
YOLO11s,Japan__Japan_006071,D10,0,0,1
YOLO11s,Japan__Japan_006071,D20,1,0,0
YOLO11s,Japan__Japan_006079,D10,0,0,1
YOLO11s,Japan__Japan_006081,D00,1,0,0
YOLO11s,Japan__Japan_006083,D20,0,0,1
YOLO11s,Japan__Japan_006101,D00,0,0,1
YOLO11s,Japan__Japan_006105,D10,2,0,1
YOLO11s,Japan__Japan_006105,D20,2,0,0
YOLO11s,Japan__Japan_006115,D00,1,1,0
YOLO11s,Japan__Japan_006115,D10,0,2,1
YOLO11s,Japan__Japan_006115,D20,0,0,1
YOLO11s,Japan__Japan_006130,D20,1,0,0
YOLO11s,Japan__Japan_006131,D00,1,1,0
YOLO11s,Japan__Japan_006134,D20,1,1,0
YOLO11s,Japan__Japan_006136,D00,0,0,1
YOLO11s,Japan__Japan_006136,D20,1,0,0
YOLO11s,Japan__Japan_006145,D00,0,0,1
YOLO11s,Japan__Japan_006145,D10,0,0,1
YOLO11s,Japan__Japan_006145,D20,0,1,1
YOLO11s,Japan__Japan_006154,D10,0,0,2
YOLO11s,Japan__Japan_006154,D20,1,0,0
YOLO11s,Japan__Japan_006164,D20,1,0,0
YOLO11s,Japan__Japan_006168,D00,0,1,0
YOLO11s,Japan__Japan_006168,D10,1,0,1
YOLO11s,Japan__Japan_006168,D20,0,0,1
YOLO11s,Japan__Japan_006170,D20,1,0,0
YOLO11s,Japan__Japan_006189,D20,0,1,1
YOLO11s,Japan__Japan_006216,D20,1,0,0
YOLO11s,Japan__Japan_006216,D40,1,2,1
YOLO11s,Japan__Japan_006218,D10,1,0,3
YOLO11s,Japan__Japan_006218,D20,0,0,1
YOLO11s,Japan__Japan_006218,D40,0,1,0
YOLO11s,Japan__Japan_006227,D20,1,1,0
YOLO11s,Japan__Japan_006227,D40,1,0,0
YOLO11s,Japan__Japan_006248,D10,2,0,0
YOLO11s,Japan__Japan_006248,D20,0,0,1
YOLO11s,Japan__Japan_006259,D00,0,0,1
YOLO11s,Japan__Japan_006269,D20,2,0,0
YOLO11s,Japan__Japan_006304,D20,0,1,0
YOLO11s,Japan__Japan_006307,D20,1,1,0
YOLO11s,Japan__Japan_006307,D40,0,1,0
YOLO11s,Japan__Japan_006344,D10,1,0,0
YOLO11s,Japan__Japan_006354,D00,0,0,2
YOLO11s,Japan__Japan_006354,D40,1,1,2
YOLO11s,Japan__Japan_006387,D20,1,0,0
YOLO11s,Japan__Japan_006424,D00,0,0,3
YOLO11s,Japan__Japan_006424,D10,0,1,1
YOLO11s,Japan__Japan_006424,D20,0,2,0
YOLO11s,Japan__Japan_006428,D20,1,0,0
YOLO11s,Japan__Japan_006448,D00,0,1,0
YOLO11s,Japan__Japan_006452,D20,1,0,0
YOLO11s,Japan__Japan_006454,D00,0,0,1
YOLO11s,Japan__Japan_006454,D10,1,0,3
YOLO11s,Japan__Japan_006454,D20,0,1,0
YOLO11s,Japan__Japan_006466,D10,0,1,0
YOLO11s,Japan__Japan_006466,D20,1,0,1
YOLO11s,Japan__Japan_006466,D40,0,0,1
YOLO11s,Japan__Japan_006471,D20,1,2,0
YOLO11s,Japan__Japan_006484,D00,0,1,1
YOLO11s,Japan__Japan_006484,D20,1,0,0
YOLO11s,Japan__Japan_006512,D00,0,0,1
YOLO11s,Japan__Japan_006517,D00,0,0,1
YOLO11s,Japan__Japan_006517,D10,1,0,1
YOLO11s,Japan__Japan_006517,D20,1,0,0
YOLO11s,Japan__Japan_006528,D10,1,1,1
YOLO11s,Japan__Japan_006528,D20,1,1,0
YOLO11s,Japan__Japan_006529,D20,1,2,2
YOLO11s,Japan__Japan_006566,D00,2,2,1
YOLO11s,Japan__Japan_006566,D10,0,1,1
YOLO11s,Japan__Japan_006574,D10,0,1,0
YOLO11s,Japan__Japan_006574,D20,0,0,1
YOLO11s,Japan__Japan_006587,D20,2,2,0
YOLO11s,Japan__Japan_006616,D40,0,0,1
YOLO11s,Japan__Japan_006617,D00,0,0,1
YOLO11s,Japan__Japan_006619,D20,0,0,1
YOLO11s,Japan__Japan_006623,D20,0,0,1
YOLO11s,Japan__Japan_006628,D20,0,0,1
YOLO11s,Japan__Japan_006628,D40,0,0,1
YOLO11s,Japan__Japan_006632,D20,1,0,0
YOLO11s,Japan__Japan_006632,D40,0,1,3
YOLO11s,Japan__Japan_006650,D00,1,0,0
YOLO11s,Japan__Japan_006650,D10,0,0,1
YOLO11s,Japan__Japan_006650,D20,0,0,1
YOLO11s,Japan__Japan_006654,D00,1,1,0
YOLO11s,Japan__Japan_006674,D20,1,0,0
YOLO11s,Japan__Japan_006676,D20,1,1,0
YOLO11s,Japan__Japan_006679,D00,0,1,0
YOLO11s,Japan__Japan_006679,D20,0,0,1
YOLO11s,Japan__Japan_006685,D00,1,0,1
YOLO11s,Japan__Japan_006685,D10,1,0,1
YOLO11s,Japan__Japan_006689,D40,0,0,1
YOLO11s,Japan__Japan_006699,D20,0,0,1
YOLO11s,Japan__Japan_006699,D40,0,0,1
YOLO11s,Japan__Japan_006724,D00,0,0,1
YOLO11s,Japan__Japan_006732,D10,3,3,5
YOLO11s,Japan__Japan_006732,D20,1,0,1
YOLO11s,Japan__Japan_006732,D40,0,0,1
YOLO11s,Japan__Japan_006737,D40,1,2,0
YOLO11s,Japan__Japan_006740,D10,2,0,0
YOLO11s,Japan__Japan_006744,D00,1,0,0
YOLO11s,Japan__Japan_006748,D00,1,0,0
YOLO11s,Japan__Japan_006754,D40,0,0,1
YOLO11s,Japan__Japan_006760,D00,2,0,0
YOLO11s,Japan__Japan_006760,D10,1,0,0
YOLO11s,Japan__Japan_006808,D00,1,1,0
YOLO11s,Japan__Japan_006819,D10,0,0,2
YOLO11s,Japan__Japan_006825,D20,1,0,1
YOLO11s,Japan__Japan_006825,D40,0,0,1
YOLO11s,Japan__Japan_006838,D00,0,1,0
YOLO11s,Japan__Japan_006847,D00,1,1,0
YOLO11s,Japan__Japan_006865,D10,1,0,0
YOLO11s,Japan__Japan_006940,D00,0,0,1
YOLO11s,Japan__Japan_006956,D10,1,0,0
YOLO11s,Japan__Japan_006961,D20,2,0,0
YOLO11s,Japan__Japan_006965,D00,1,1,0
YOLO11s,Japan__Japan_006965,D10,0,1,0
YOLO11s,Japan__Japan_007003,D20,2,0,1
YOLO11s,Japan__Japan_007003,D40,1,0,0
YOLO11s,Japan__Japan_007017,D10,1,0,0
YOLO11s,Japan__Japan_007017,D20,0,0,2
YOLO11s,Japan__Japan_007018,D20,1,0,0
YOLO11s,Japan__Japan_007029,D00,1,0,0
YOLO11s,Japan__Japan_007036,D00,0,0,1
YOLO11s,Japan__Japan_007053,D10,0,2,0
YOLO11s,Japan__Japan_007053,D20,1,0,0
YOLO11s,Japan__Japan_007062,D40,1,2,1
YOLO11s,Japan__Japan_007082,D00,0,1,1
YOLO11s,Japan__Japan_007082,D10,0,1,0
YOLO11s,Japan__Japan_007083,D20,0,0,1
YOLO11s,Japan__Japan_007084,D20,0,0,1
YOLO11s,Japan__Japan_007092,D10,0,2,1
YOLO11s,Japan__Japan_007093,D20,1,0,1
YOLO11s,Japan__Japan_007106,D00,2,0,1
YOLO11s,Japan__Japan_007107,D00,0,0,1
YOLO11s,Japan__Japan_007118,D00,1,0,0
YOLO11s,Japan__Japan_007128,D20,1,0,0
YOLO11s,Japan__Japan_007149,D20,1,0,0
YOLO11s,Japan__Japan_007154,D00,1,0,0
YOLO11s,Japan__Japan_007155,D40,0,2,0
YOLO11s,Japan__Japan_007161,D00,0,0,1
YOLO11s,Japan__Japan_007161,D10,1,2,0
YOLO11s,Japan__Japan_007228,D20,1,0,0
YOLO11s,Japan__Japan_007233,D20,0,0,1
YOLO11s,Japan__Japan_007233,D40,0,0,4
YOLO11s,Japan__Japan_007259,D20,2,1,0
YOLO11s,Japan__Japan_007266,D00,0,1,0
YOLO11s,Japan__Japan_007266,D10,0,0,1
YOLO11s,Japan__Japan_007266,D20,0,0,2
YOLO11s,Japan__Japan_007280,D00,0,0,1
YOLO11s,Japan__Japan_007280,D10,2,0,0
YOLO11s,Japan__Japan_007280,D40,1,0,0
YOLO11s,Japan__Japan_007287,D20,1,0,0
YOLO11s,Japan__Japan_007293,D20,1,0,0
YOLO11s,Japan__Japan_007311,D20,1,0,0
YOLO11s,Japan__Japan_007334,D00,1,0,0
YOLO11s,Japan__Japan_007343,D20,1,0,0
YOLO11s,Japan__Japan_007344,D20,0,1,2
YOLO11s,Japan__Japan_007347,D20,1,0,0
YOLO11s,Japan__Japan_007359,D20,1,1,1
YOLO11s,Japan__Japan_007360,D10,2,0,0
YOLO11s,Japan__Japan_007360,D20,1,0,0
YOLO11s,Japan__Japan_007362,D20,1,0,0
YOLO11s,Japan__Japan_007393,D20,1,1,0
YOLO11s,Japan__Japan_007409,D20,1,1,1
YOLO11s,Japan__Japan_007409,D40,0,1,1
YOLO11s,Japan__Japan_007410,D20,1,0,0
YOLO11s,Japan__Japan_007412,D20,0,0,1
YOLO11s,Japan__Japan_007415,D20,1,0,0
YOLO11s,Japan__Japan_007433,D20,1,0,0
YOLO11s,Japan__Japan_007434,D00,0,0,1
YOLO11s,Japan__Japan_007434,D20,1,1,0
YOLO11s,Japan__Japan_007437,D00,0,0,1
YOLO11s,Japan__Japan_007437,D20,0,1,0
YOLO11s,Japan__Japan_007450,D20,1,0,0
YOLO11s,Japan__Japan_007454,D10,0,0,1
YOLO11s,Japan__Japan_007454,D20,1,0,1
YOLO11s,Japan__Japan_007464,D00,1,0,1
YOLO11s,Japan__Japan_007464,D20,1,1,0
YOLO11s,Japan__Japan_007474,D10,0,0,1
YOLO11s,Japan__Japan_007477,D00,1,0,1
YOLO11s,Japan__Japan_007477,D10,0,0,3
YOLO11s,Japan__Japan_007477,D20,0,1,0
YOLO11s,Japan__Japan_007485,D20,1,0,1
YOLO11s,Japan__Japan_007485,D40,0,1,0
YOLO11s,Japan__Japan_007495,D00,0,0,1
YOLO11s,Japan__Japan_007495,D10,1,0,4
YOLO11s,Japan__Japan_007500,D10,0,0,1
YOLO11s,Japan__Japan_007500,D20,1,0,0
YOLO11s,Japan__Japan_007502,D10,2,0,1
YOLO11s,Japan__Japan_007502,D20,0,1,2
YOLO11s,Japan__Japan_007503,D20,1,0,0
YOLO11s,Japan__Japan_007503,D40,1,0,0
YOLO11s,Japan__Japan_007527,D00,0,0,1
YOLO11s,Japan__Japan_007527,D10,1,1,0
YOLO11s,Japan__Japan_007527,D20,0,0,1
YOLO11s,Japan__Japan_007537,D20,1,2,1
YOLO11s,Japan__Japan_007539,D20,1,0,0
YOLO11s,Japan__Japan_007549,D20,0,0,1
YOLO11s,Japan__Japan_007550,D40,2,0,3
YOLO11s,Japan__Japan_007552,D40,0,0,3
YOLO11s,Japan__Japan_007558,D00,0,0,2
YOLO11s,Japan__Japan_007562,D00,0,0,1
YOLO11s,Japan__Japan_007562,D10,0,0,3
YOLO11s,Japan__Japan_007567,D20,1,0,0
YOLO11s,Japan__Japan_007575,D10,1,1,3
YOLO11s,Japan__Japan_007579,D20,0,1,1
YOLO11s,Japan__Japan_007579,D40,1,0,4
YOLO11s,Japan__Japan_007588,D10,0,0,2
YOLO11s,Japan__Japan_007595,D20,1,1,0
YOLO11s,Japan__Japan_007604,D40,0,0,5
YOLO11s,Japan__Japan_007606,D00,0,0,1
YOLO11s,Japan__Japan_007615,D00,0,1,0
YOLO11s,Japan__Japan_007618,D00,1,0,1
YOLO11s,Japan__Japan_007618,D10,1,0,2
YOLO11s,Japan__Japan_007622,D20,0,0,1
YOLO11s,Japan__Japan_007625,D00,0,1,0
YOLO11s,Japan__Japan_007625,D20,1,0,0
YOLO11s,Japan__Japan_007633,D20,0,0,1
YOLO11s,Japan__Japan_007633,D40,1,1,0
YOLO11s,Japan__Japan_007643,D00,1,0,1
YOLO11s,Japan__Japan_007649,D00,0,0,1
YOLO11s,Japan__Japan_007649,D10,1,0,1
YOLO11s,Japan__Japan_007649,D20,1,0,0
YOLO11s,Japan__Japan_007655,D20,1,0,0
YOLO11s,Japan__Japan_007655,D40,0,0,2
YOLO11s,Japan__Japan_007672,D20,0,1,1
YOLO11s,Japan__Japan_007673,D00,1,0,0
YOLO11s,Japan__Japan_007692,D10,0,0,2
YOLO11s,Japan__Japan_007692,D20,0,0,2
YOLO11s,Japan__Japan_007698,D00,1,0,0
YOLO11s,Japan__Japan_007698,D10,0,0,1
YOLO11s,Japan__Japan_007698,D20,0,0,1
YOLO11s,Japan__Japan_007722,D00,2,0,2
YOLO11s,Japan__Japan_007722,D10,0,1,2
YOLO11s,Japan__Japan_007728,D20,2,1,0
YOLO11s,Japan__Japan_007733,D00,1,0,0
YOLO11s,Japan__Japan_007746,D10,0,1,1
YOLO11s,Japan__Japan_007755,D00,0,0,1
YOLO11s,Japan__Japan_007755,D10,0,0,2
YOLO11s,Japan__Japan_007755,D20,1,1,1
YOLO11s,Japan__Japan_007756,D10,2,0,0
YOLO11s,Japan__Japan_007756,D20,1,0,0
YOLO11s,Japan__Japan_007768,D10,0,1,6
YOLO11s,Japan__Japan_007775,D00,1,0,0
YOLO11s,Japan__Japan_007775,D20,1,1,0
YOLO11s,Japan__Japan_007780,D20,1,1,0
YOLO11s,Japan__Japan_007781,D40,0,0,1
YOLO11s,Japan__Japan_007784,D00,1,0,0
YOLO11s,Japan__Japan_007784,D20,0,1,1
YOLO11s,Japan__Japan_007814,D00,0,1,0
YOLO11s,Japan__Japan_007814,D10,0,0,1
YOLO11s,Japan__Japan_007823,D00,3,0,0
YOLO11s,Japan__Japan_007823,D10,1,0,1
YOLO11s,Japan__Japan_007834,D20,1,1,0
YOLO11s,Japan__Japan_007841,D40,1,2,0
YOLO11s,Japan__Japan_007849,D20,1,0,0
YOLO11s,Japan__Japan_007852,D00,0,2,0
YOLO11s,Japan__Japan_007852,D20,0,0,1
YOLO11s,Japan__Japan_007852,D40,0,0,1
YOLO11s,Japan__Japan_007858,D10,0,1,0
YOLO11s,Japan__Japan_007858,D20,0,0,2
YOLO11s,Japan__Japan_007860,D20,0,0,1
YOLO11s,Japan__Japan_007867,D00,0,1,0
YOLO11s,Japan__Japan_007900,D10,0,1,0
YOLO11s,Japan__Japan_007900,D20,1,0,1
YOLO11s,Japan__Japan_007900,D40,1,0,0
YOLO11s,Japan__Japan_007903,D40,0,0,2
YOLO11s,Japan__Japan_007916,D10,1,0,0
YOLO11s,Japan__Japan_007916,D20,2,0,0
YOLO11s,Japan__Japan_007922,D40,0,0,2
YOLO11s,Japan__Japan_007933,D10,1,0,0
YOLO11s,Japan__Japan_007954,D20,1,0,0
YOLO11s,Japan__Japan_007964,D10,2,0,0
YOLO11s,Japan__Japan_007965,D10,0,0,2
YOLO11s,Japan__Japan_007965,D20,1,0,0
YOLO11s,Japan__Japan_007995,D10,0,0,1
YOLO11s,Japan__Japan_007995,D20,1,0,0
YOLO11s,Japan__Japan_008008,D20,1,0,0
YOLO11s,Japan__Japan_008012,D00,0,0,1
YOLO11s,Japan__Japan_008012,D20,0,1,0
YOLO11s,Japan__Japan_008013,D00,0,0,1
YOLO11s,Japan__Japan_008022,D10,1,0,0
YOLO11s,Japan__Japan_008023,D00,1,0,0
YOLO11s,Japan__Japan_008031,D40,0,0,1
YOLO11s,Japan__Japan_008047,D00,0,0,1
YOLO11s,Japan__Japan_008060,D00,0,0,1
YOLO11s,Japan__Japan_008076,D00,0,1,0
YOLO11s,Japan__Japan_008097,D10,0,0,1
YOLO11s,Japan__Japan_008097,D20,0,1,1
YOLO11s,Japan__Japan_008099,D20,0,0,2
YOLO11s,Japan__Japan_008130,D20,1,2,0
YOLO11s,Japan__Japan_008156,D00,0,0,1
YOLO11s,Japan__Japan_008156,D20,1,1,0
YOLO11s,Japan__Japan_008156,D40,1,0,0
YOLO11s,Japan__Japan_008168,D40,1,0,0
YOLO11s,Japan__Japan_008179,D20,0,0,1
YOLO11s,Japan__Japan_008184,D20,1,3,0
YOLO11s,Japan__Japan_008190,D20,2,0,0
YOLO11s,Japan__Japan_008195,D10,0,2,0
YOLO11s,Japan__Japan_008196,D40,1,0,0
YOLO11s,Japan__Japan_008211,D20,1,0,0
YOLO11s,Japan__Japan_008218,D20,1,2,0
YOLO11s,Japan__Japan_008230,D10,1,1,0
YOLO11s,Japan__Japan_008233,D00,1,0,0
YOLO11s,Japan__Japan_008247,D20,1,1,0
YOLO11s,Japan__Japan_008248,D10,0,1,0
YOLO11s,Japan__Japan_008256,D00,0,1,0
YOLO11s,Japan__Japan_008272,D20,1,0,0
YOLO11s,Japan__Japan_008277,D10,0,1,0
YOLO11s,Japan__Japan_008279,D20,1,2,0
YOLO11s,Japan__Japan_008284,D00,0,1,0
YOLO11s,Japan__Japan_008300,D00,0,0,1
YOLO11s,Japan__Japan_008300,D10,0,1,0
YOLO11s,Japan__Japan_008307,D00,0,1,0
YOLO11s,Japan__Japan_008307,D20,1,0,0
YOLO11s,Japan__Japan_008324,D20,1,0,0
YOLO11s,Japan__Japan_008345,D10,1,0,2
YOLO11s,Japan__Japan_008356,D00,0,1,0
YOLO11s,Japan__Japan_008356,D20,1,0,0
YOLO11s,Japan__Japan_008359,D00,1,1,0
YOLO11s,Japan__Japan_008375,D10,1,0,0
YOLO11s,Japan__Japan_008375,D20,0,1,1
YOLO11s,Japan__Japan_008376,D40,0,0,1
YOLO11s,Japan__Japan_008388,D00,2,1,2
YOLO11s,Japan__Japan_008388,D20,0,1,0
YOLO11s,Japan__Japan_008394,D20,2,1,0
YOLO11s,Japan__Japan_008402,D10,0,1,1
YOLO11s,Japan__Japan_008410,D40,1,1,1
YOLO11s,Japan__Japan_008511,D00,0,2,3
YOLO11s,Japan__Japan_008516,D10,0,1,1
YOLO11s,Japan__Japan_008516,D20,1,1,0
YOLO11s,Japan__Japan_008523,D00,1,1,1
YOLO11s,Japan__Japan_008523,D10,0,1,2
YOLO11s,Japan__Japan_008523,D20,0,0,1
YOLO11s,Japan__Japan_008529,D20,1,0,0
YOLO11s,Japan__Japan_008539,D20,1,0,0
YOLO11s,Japan__Japan_008547,D20,2,0,0
YOLO11s,Japan__Japan_008584,D00,1,0,0
YOLO11s,Japan__Japan_008584,D20,1,1,0
YOLO11s,Japan__Japan_008606,D00,1,0,0
YOLO11s,Japan__Japan_008606,D10,0,0,1
YOLO11s,Japan__Japan_008615,D00,0,1,0
YOLO11s,Japan__Japan_008615,D20,0,0,1
YOLO11s,Japan__Japan_008627,D00,0,0,1
YOLO11s,Japan__Japan_008627,D20,0,0,1
YOLO11s,Japan__Japan_008629,D00,2,1,0
YOLO11s,Japan__Japan_008634,D00,0,1,1
YOLO11s,Japan__Japan_008634,D10,0,0,1
YOLO11s,Japan__Japan_008634,D20,1,0,0
YOLO11s,Japan__Japan_008688,D20,1,0,0
YOLO11s,Japan__Japan_008708,D20,1,0,0
YOLO11s,Japan__Japan_008721,D40,0,0,1
YOLO11s,Japan__Japan_008726,D00,1,0,0
YOLO11s,Japan__Japan_008726,D10,0,1,2
YOLO11s,Japan__Japan_008735,D10,1,0,1
YOLO11s,Japan__Japan_008735,D20,1,0,0
YOLO11s,Japan__Japan_008739,D20,1,1,0
YOLO11s,Japan__Japan_008756,D20,1,0,0
YOLO11s,Japan__Japan_008759,D10,0,0,1
YOLO11s,Japan__Japan_008759,D20,0,1,1
YOLO11s,Japan__Japan_008770,D00,1,0,0
YOLO11s,Japan__Japan_008770,D10,0,1,0
YOLO11s,Japan__Japan_008770,D20,0,1,0
YOLO11s,Japan__Japan_008780,D00,0,0,1
YOLO11s,Japan__Japan_008780,D20,1,0,0
YOLO11s,Japan__Japan_008794,D20,1,0,0
YOLO11s,Japan__Japan_008807,D10,1,0,0
YOLO11s,Japan__Japan_008815,D00,1,0,2
YOLO11s,Japan__Japan_008815,D10,0,0,1
YOLO11s,Japan__Japan_008837,D00,1,0,3
YOLO11s,Japan__Japan_008837,D10,0,1,1
YOLO11s,Japan__Japan_008846,D00,2,1,4
YOLO11s,Japan__Japan_008846,D10,0,0,2
YOLO11s,Japan__Japan_008846,D20,0,0,1
YOLO11s,Japan__Japan_008848,D20,1,3,0
YOLO11s,Japan__Japan_008854,D00,1,0,0
YOLO11s,Japan__Japan_008854,D10,1,0,0
YOLO11s,Japan__Japan_008855,D20,1,0,0
YOLO11s,Japan__Japan_008865,D10,0,1,0
YOLO11s,Japan__Japan_008872,D20,1,1,0
YOLO11s,Japan__Japan_008873,D00,0,1,0
YOLO11s,Japan__Japan_008878,D20,0,2,1
YOLO11s,Japan__Japan_008878,D40,0,1,0
YOLO11s,Japan__Japan_008880,D00,1,0,1
YOLO11s,Japan__Japan_008880,D10,0,0,1
YOLO11s,Japan__Japan_008898,D20,2,1,0
YOLO11s,Japan__Japan_008900,D20,1,1,1
YOLO11s,Japan__Japan_008900,D40,0,1,2
YOLO11s,Japan__Japan_008926,D10,0,0,1
YOLO11s,Japan__Japan_008926,D20,0,0,1
YOLO11s,Japan__Japan_008927,D00,1,1,0
YOLO11s,Japan__Japan_008933,D20,0,0,1
YOLO11s,Japan__Japan_008939,D00,1,0,0
YOLO11s,Japan__Japan_008947,D10,0,1,1
YOLO11s,Japan__Japan_008949,D00,0,1,1
YOLO11s,Japan__Japan_008962,D20,1,1,0
YOLO11s,Japan__Japan_008963,D20,0,0,1
YOLO11s,Japan__Japan_008968,D00,2,0,3
YOLO11s,Japan__Japan_008968,D20,1,1,2
YOLO11s,Japan__Japan_008968,D40,0,0,1
YOLO11s,Japan__Japan_008970,D20,2,0,0
YOLO11s,Japan__Japan_008976,D00,0,1,1
YOLO11s,Japan__Japan_008991,D00,1,1,1
YOLO11s,Japan__Japan_009001,D00,0,0,3
YOLO11s,Japan__Japan_009001,D20,0,1,1
YOLO11s,Japan__Japan_009021,D20,1,0,0
YOLO11s,Japan__Japan_009026,D00,0,0,1
YOLO11s,Japan__Japan_009026,D10,1,0,2
YOLO11s,Japan__Japan_009026,D20,0,1,1
YOLO11s,Japan__Japan_009030,D20,0,0,1
YOLO11s,Japan__Japan_009041,D10,0,0,1
YOLO11s,Japan__Japan_009041,D20,1,0,0
YOLO11s,Japan__Japan_009044,D00,0,0,1
YOLO11s,Japan__Japan_009044,D10,1,0,0
YOLO11s,Japan__Japan_009044,D20,0,1,1
YOLO11s,Japan__Japan_009049,D00,0,0,1
YOLO11s,Japan__Japan_009049,D10,0,0,2
YOLO11s,Japan__Japan_009049,D20,0,1,0
YOLO11s,Japan__Japan_009049,D40,0,1,1
YOLO11s,Japan__Japan_009053,D10,1,0,0
YOLO11s,Japan__Japan_009053,D20,1,0,1
YOLO11s,Japan__Japan_009067,D00,1,0,0
YOLO11s,Japan__Japan_009085,D20,0,1,6
YOLO11s,Japan__Japan_009085,D40,1,0,0
YOLO11s,Japan__Japan_009088,D20,1,0,0
YOLO11s,Japan__Japan_009097,D20,0,0,1
YOLO11s,Japan__Japan_009105,D00,0,0,1
YOLO11s,Japan__Japan_009116,D00,0,0,1
YOLO11s,Japan__Japan_009122,D20,1,0,0
YOLO11s,Japan__Japan_009144,D00,1,0,0
YOLO11s,Japan__Japan_009146,D10,0,0,1
YOLO11s,Japan__Japan_009146,D20,0,0,1
YOLO11s,Japan__Japan_009147,D20,0,1,0
YOLO11s,Japan__Japan_009147,D40,1,0,1
YOLO11s,Japan__Japan_009153,D20,1,0,0
YOLO11s,Japan__Japan_009174,D10,1,0,2
YOLO11s,Japan__Japan_009174,D40,1,0,0
YOLO11s,Japan__Japan_009184,D20,1,0,0
YOLO11s,Japan__Japan_009184,D40,0,0,1
YOLO11s,Japan__Japan_009220,D20,2,0,1
YOLO11s,Japan__Japan_009223,D00,0,0,1
YOLO11s,Japan__Japan_009223,D10,0,0,2
YOLO11s,Japan__Japan_009223,D20,1,1,0
YOLO11s,Japan__Japan_009294,D00,0,0,3
YOLO11s,Japan__Japan_009294,D10,0,0,3
YOLO11s,Japan__Japan_009299,D10,0,0,1
YOLO11s,Japan__Japan_009299,D20,1,1,2
YOLO11s,Japan__Japan_009310,D00,0,0,1
YOLO11s,Japan__Japan_009312,D20,0,0,2
YOLO11s,Japan__Japan_009340,D10,1,1,0
YOLO11s,Japan__Japan_009340,D20,1,0,0
YOLO11s,Japan__Japan_009343,D20,1,1,0
YOLO11s,Japan__Japan_009350,D20,2,0,0
YOLO11s,Japan__Japan_009353,D10,0,1,0
YOLO11s,Japan__Japan_009353,D20,0,2,2
YOLO11s,Japan__Japan_009355,D10,0,0,2
YOLO11s,Japan__Japan_009355,D20,1,0,0
YOLO11s,Japan__Japan_009360,D20,0,0,2
YOLO11s,Japan__Japan_009378,D10,1,1,2
YOLO11s,Japan__Japan_009379,D20,1,1,0
YOLO11s,Japan__Japan_009379,D40,0,1,0
YOLO11s,Japan__Japan_009383,D00,2,1,1
YOLO11s,Japan__Japan_009404,D00,1,0,0
YOLO11s,Japan__Japan_009404,D20,0,0,1
YOLO11s,Japan__Japan_009415,D10,0,0,5
YOLO11s,Japan__Japan_009415,D20,1,0,0
YOLO11s,Japan__Japan_009415,D40,0,1,0
YOLO11s,Japan__Japan_009450,D00,1,0,0
YOLO11s,Japan__Japan_009450,D10,0,0,1
YOLO11s,Japan__Japan_009459,D00,0,1,0
YOLO11s,Japan__Japan_009463,D20,1,1,1
YOLO11s,Japan__Japan_009463,D40,0,1,0
YOLO11s,Japan__Japan_009464,D20,1,0,0
YOLO11s,Japan__Japan_009492,D20,0,0,2
YOLO11s,Japan__Japan_009492,D40,0,0,1
YOLO11s,Japan__Japan_009499,D20,0,0,1
YOLO11s,Japan__Japan_009523,D00,0,0,1
YOLO11s,Japan__Japan_009523,D20,1,0,0
YOLO11s,Japan__Japan_009524,D00,1,2,2
YOLO11s,Japan__Japan_009524,D10,0,1,0
YOLO11s,Japan__Japan_009524,D20,1,0,0
YOLO11s,Japan__Japan_009547,D20,1,0,1
YOLO11s,Japan__Japan_009552,D10,0,0,1
YOLO11s,Japan__Japan_009552,D20,0,0,1
YOLO11s,Japan__Japan_009586,D20,1,0,0
YOLO11s,Japan__Japan_009586,D40,0,0,1
YOLO11s,Japan__Japan_009614,D20,1,0,0
YOLO11s,Japan__Japan_009630,D20,1,1,0
YOLO11s,Japan__Japan_009630,D40,1,0,1
YOLO11s,Japan__Japan_009641,D20,1,1,2
YOLO11s,Japan__Japan_009651,D20,0,0,1
YOLO11s,Japan__Japan_009652,D00,1,0,0
YOLO11s,Japan__Japan_009652,D10,0,0,1
YOLO11s,Japan__Japan_009656,D20,2,1,0
YOLO11s,Japan__Japan_009672,D10,1,0,0
YOLO11s,Japan__Japan_009672,D20,0,0,2
YOLO11s,Japan__Japan_009672,D40,2,0,0
YOLO11s,Japan__Japan_009677,D10,0,1,0
YOLO11s,Japan__Japan_009677,D20,0,1,1
YOLO11s,Japan__Japan_009678,D20,1,0,0
YOLO11s,Japan__Japan_009681,D40,1,0,0
YOLO11s,Japan__Japan_009684,D20,0,1,3
YOLO11s,Japan__Japan_009684,D40,1,0,0
YOLO11s,Japan__Japan_009698,D20,1,2,1
YOLO11s,Japan__Japan_009698,D40,1,0,2
YOLO11s,Japan__Japan_009707,D00,0,0,1
YOLO11s,Japan__Japan_009707,D20,0,2,1
YOLO11s,Japan__Japan_009717,D20,1,0,0
YOLO11s,Japan__Japan_009743,D10,0,1,0
YOLO11s,Japan__Japan_009743,D20,1,0,0
YOLO11s,Japan__Japan_009746,D20,1,1,1
YOLO11s,Japan__Japan_009785,D00,2,0,0
YOLO11s,Japan__Japan_009785,D10,1,3,3
YOLO11s,Japan__Japan_009818,D20,0,0,1
YOLO11s,Japan__Japan_009822,D00,2,0,0
YOLO11s,Japan__Japan_009822,D10,0,0,1
YOLO11s,Japan__Japan_009831,D20,2,1,0
YOLO11s,Japan__Japan_009850,D20,1,1,0
YOLO11s,Japan__Japan_009863,D00,1,0,1
YOLO11s,Japan__Japan_009874,D20,1,0,0
YOLO11s,Japan__Japan_009882,D20,1,1,0
YOLO11s,Japan__Japan_009882,D40,1,0,0
YOLO11s,Japan__Japan_009905,D20,0,1,0
YOLO11s,Japan__Japan_009920,D40,0,1,0
YOLO11s,Japan__Japan_009922,D20,1,3,4
YOLO11s,Japan__Japan_009935,D20,1,0,0
YOLO11s,Japan__Japan_009935,D40,2,1,1
YOLO11s,Japan__Japan_009960,D40,1,0,0
YOLO11s,Japan__Japan_009968,D20,1,0,4
YOLO11s,Japan__Japan_009981,D20,1,0,0
YOLO11s,Japan__Japan_009997,D40,0,0,7
YOLO11s,Japan__Japan_010002,D00,0,0,2
YOLO11s,Japan__Japan_010018,D00,0,1,0
YOLO11s,Japan__Japan_010018,D20,0,0,1
YOLO11s,Japan__Japan_010028,D00,1,0,1
YOLO11s,Japan__Japan_010033,D00,0,1,1
YOLO11s,Japan__Japan_010037,D00,0,0,1
YOLO11s,Japan__Japan_010037,D20,0,1,0
YOLO11s,Japan__Japan_010045,D00,0,0,1
YOLO11s,Japan__Japan_010045,D10,0,1,0
YOLO11s,Japan__Japan_010045,D20,1,0,0
YOLO11s,Japan__Japan_010048,D20,1,0,0
YOLO11s,Japan__Japan_010069,D20,1,0,0
YOLO11s,Japan__Japan_010069,D40,2,2,0
YOLO11s,Japan__Japan_010075,D00,1,0,0
YOLO11s,Japan__Japan_010075,D20,0,1,1
YOLO11s,Japan__Japan_010104,D00,0,0,1
YOLO11s,Japan__Japan_010105,D10,1,0,0
YOLO11s,Japan__Japan_010108,D10,0,0,1
YOLO11s,Japan__Japan_010108,D20,1,1,0
YOLO11s,Japan__Japan_010121,D00,0,0,5
YOLO11s,Japan__Japan_010121,D10,0,0,1
YOLO11s,Japan__Japan_010158,D20,1,2,3
YOLO11s,Japan__Japan_010172,D00,1,2,0
YOLO11s,Japan__Japan_010174,D20,1,1,0
YOLO11s,Japan__Japan_010188,D10,0,0,2
YOLO11s,Japan__Japan_010188,D20,1,0,0
YOLO11s,Japan__Japan_010231,D20,1,0,1
YOLO11s,Japan__Japan_010231,D40,1,0,0
YOLO11s,Japan__Japan_010245,D20,1,0,0
YOLO11s,Japan__Japan_010245,D40,0,0,1
YOLO11s,Japan__Japan_010267,D00,0,1,1
YOLO11s,Japan__Japan_010267,D10,0,0,2
YOLO11s,Japan__Japan_010267,D20,0,0,1
YOLO11s,Japan__Japan_010279,D00,1,0,0
YOLO11s,Japan__Japan_010279,D20,1,2,0
YOLO11s,Japan__Japan_010286,D20,2,2,0
YOLO11s,Japan__Japan_010309,D10,0,1,0
YOLO11s,Japan__Japan_010309,D20,2,0,0
YOLO11s,Japan__Japan_010319,D20,1,0,2
YOLO11s,Japan__Japan_010319,D40,0,0,3
YOLO11s,Japan__Japan_010320,D10,0,0,2
YOLO11s,Japan__Japan_010341,D00,0,0,4
YOLO11s,Japan__Japan_010341,D10,0,0,1
YOLO11s,Japan__Japan_010349,D20,1,0,0
YOLO11s,Japan__Japan_010353,D00,1,0,0
YOLO11s,Japan__Japan_010353,D10,0,0,1
YOLO11s,Japan__Japan_010357,D00,0,1,1
YOLO11s,Japan__Japan_010373,D20,1,0,0
YOLO11s,Japan__Japan_010385,D20,0,0,1
YOLO11s,Japan__Japan_010392,D00,0,0,1
YOLO11s,Japan__Japan_010396,D00,1,1,2
YOLO11s,Japan__Japan_010396,D10,0,0,3
YOLO11s,Japan__Japan_010400,D00,1,0,0
YOLO11s,Japan__Japan_010407,D10,0,0,1
YOLO11s,Japan__Japan_010407,D20,0,0,1
YOLO11s,Japan__Japan_010417,D20,1,0,0
YOLO11s,Japan__Japan_010421,D00,0,0,1
YOLO11s,Japan__Japan_010421,D10,0,1,1
YOLO11s,Japan__Japan_010442,D00,1,1,0
YOLO11s,Japan__Japan_010442,D20,0,0,1
YOLO11s,Japan__Japan_010445,D00,1,0,0
YOLO11s,Japan__Japan_010445,D10,1,0,1
YOLO11s,Japan__Japan_010445,D20,0,0,1
YOLO11s,Japan__Japan_010449,D00,1,0,1
YOLO11s,Japan__Japan_010451,D00,0,1,2
YOLO11s,Japan__Japan_010451,D10,1,0,0
YOLO11s,Japan__Japan_010455,D20,1,1,0
YOLO11s,Japan__Japan_010463,D00,2,1,1
YOLO11s,Japan__Japan_010463,D10,0,2,2
YOLO11s,Japan__Japan_010467,D20,0,1,1
YOLO11s,Japan__Japan_010468,D00,1,0,0
YOLO11s,Japan__Japan_010470,D00,1,0,0
YOLO11s,Japan__Japan_010479,D20,0,0,1
YOLO11s,Japan__Japan_010501,D20,1,0,0
YOLO11s,Japan__Japan_010502,D00,0,3,3
YOLO11s,Japan__Japan_010504,D20,0,0,1
YOLO11s,Japan__Japan_010504,D40,0,1,0
YOLO11s,Japan__Japan_010514,D10,1,0,0
YOLO11s,Japan__Japan_010514,D20,0,0,1
YOLO11s,Japan__Japan_010514,D40,0,2,0
YOLO11s,Japan__Japan_010525,D00,1,1,1
YOLO11s,Japan__Japan_010528,D20,1,1,0
YOLO11s,Japan__Japan_010528,D40,2,1,0
YOLO11s,Japan__Japan_010535,D20,0,1,0
YOLO11s,Japan__Japan_010553,D20,0,0,1
YOLO11s,Japan__Japan_010553,D40,2,0,0
YOLO11s,Japan__Japan_010555,D00,0,0,1
YOLO11s,Japan__Japan_010555,D20,1,1,0
YOLO11s,Japan__Japan_010556,D20,0,1,1
YOLO11s,Japan__Japan_010575,D00,0,0,2
YOLO11s,Japan__Japan_010585,D20,1,0,0
YOLO11s,Japan__Japan_010596,D20,0,1,1
YOLO11s,Japan__Japan_010597,D10,0,0,1
YOLO11s,Japan__Japan_010597,D20,0,0,1
YOLO11s,Japan__Japan_010622,D20,1,3,2
YOLO11s,Japan__Japan_010643,D00,1,0,0
YOLO11s,Japan__Japan_010645,D00,1,1,0
YOLO11s,Japan__Japan_010645,D10,0,1,0
YOLO11s,Japan__Japan_010650,D00,1,0,0
YOLO11s,Japan__Japan_010650,D20,1,0,0
YOLO11s,Japan__Japan_010653,D20,1,0,0
YOLO11s,Japan__Japan_010657,D00,0,0,1
YOLO11s,Japan__Japan_010657,D10,0,0,3
YOLO11s,Japan__Japan_010657,D20,1,0,0
YOLO11s,Japan__Japan_010658,D20,1,1,0
YOLO11s,Japan__Japan_010658,D40,0,1,0
YOLO11s,Japan__Japan_010661,D20,0,0,1
YOLO11s,Japan__Japan_010668,D20,1,0,0
YOLO11s,Japan__Japan_010675,D20,1,0,0
YOLO11s,Japan__Japan_010695,D10,0,0,2
YOLO11s,Japan__Japan_010695,D20,0,0,1
YOLO11s,Japan__Japan_010695,D40,1,0,0
YOLO11s,Japan__Japan_010706,D20,1,0,0
YOLO11s,Japan__Japan_010710,D00,1,0,0
YOLO11s,Japan__Japan_010710,D20,0,1,0
YOLO11s,Japan__Japan_010714,D40,1,0,0
YOLO11s,Japan__Japan_010747,D00,0,0,1
YOLO11s,Japan__Japan_010747,D10,1,0,2
YOLO11s,Japan__Japan_010756,D20,2,0,0
YOLO11s,Japan__Japan_010761,D00,0,1,1
YOLO11s,Japan__Japan_010764,D20,0,0,1
YOLO11s,Japan__Japan_010764,D40,0,0,1
YOLO11s,Japan__Japan_010766,D10,1,0,1
YOLO11s,Japan__Japan_010766,D40,1,0,0
YOLO11s,Japan__Japan_010769,D20,0,1,1
YOLO11s,Japan__Japan_010769,D40,0,1,1
YOLO11s,Japan__Japan_010772,D10,0,1,0
YOLO11s,Japan__Japan_010772,D20,1,0,1
YOLO11s,Japan__Japan_010777,D00,0,0,1
YOLO11s,Japan__Japan_010833,D00,0,1,1
YOLO11s,Japan__Japan_010837,D00,1,1,2
YOLO11s,Japan__Japan_010837,D10,1,1,3
YOLO11s,Japan__Japan_010837,D20,1,0,0
YOLO11s,Japan__Japan_010839,D20,1,0,0
YOLO11s,Japan__Japan_010839,D40,0,1,1
YOLO11s,Japan__Japan_010851,D40,0,0,1
YOLO11s,Japan__Japan_010866,D00,2,1,0
YOLO11s,Japan__Japan_010879,D10,0,1,0
YOLO11s,Japan__Japan_010890,D20,1,2,0
YOLO11s,Japan__Japan_010900,D20,1,0,0
YOLO11s,Japan__Japan_010903,D20,0,2,1
YOLO11s,Japan__Japan_010920,D20,1,0,0
YOLO11s,Japan__Japan_010921,D20,0,1,2
YOLO11s,Japan__Japan_010927,D20,0,0,1
YOLO11s,Japan__Japan_010936,D20,1,1,0
YOLO11s,Japan__Japan_010937,D20,1,0,0
YOLO11s,Japan__Japan_010942,D00,0,2,0
YOLO11s,Japan__Japan_010942,D10,1,1,1
YOLO11s,Japan__Japan_010954,D00,0,1,1
YOLO11s,Japan__Japan_010963,D20,1,0,0
YOLO11s,Japan__Japan_010963,D40,1,0,1
YOLO11s,Japan__Japan_010968,D00,0,0,1
YOLO11s,Japan__Japan_010968,D10,0,1,0
YOLO11s,Japan__Japan_010976,D20,0,0,1
YOLO11s,Japan__Japan_010982,D00,2,0,0
YOLO11s,Japan__Japan_010982,D10,2,1,0
YOLO11s,Japan__Japan_010999,D00,0,0,1
YOLO11s,Japan__Japan_011022,D00,0,1,1
YOLO11s,Japan__Japan_011022,D10,0,1,0
YOLO11s,Japan__Japan_011022,D20,0,0,1
YOLO11s,Japan__Japan_011033,D10,1,0,0
YOLO11s,Japan__Japan_011034,D00,1,0,0
YOLO11s,Japan__Japan_011041,D00,1,0,0
YOLO11s,Japan__Japan_011041,D10,0,0,2
YOLO11s,Japan__Japan_011048,D10,0,1,1
YOLO11s,Japan__Japan_011048,D20,0,0,1
YOLO11s,Japan__Japan_011051,D10,0,0,1
YOLO11s,Japan__Japan_011051,D20,1,1,1
YOLO11s,Japan__Japan_011056,D20,1,0,0
YOLO11s,Japan__Japan_011067,D00,0,0,1
YOLO11s,Japan__Japan_011067,D20,0,0,1
YOLO11s,Japan__Japan_011067,D40,0,0,3
YOLO11s,Japan__Japan_011075,D00,1,0,0
YOLO11s,Japan__Japan_011075,D10,0,0,3
YOLO11s,Japan__Japan_011077,D40,0,0,1
YOLO11s,Japan__Japan_011078,D10,1,0,0
YOLO11s,Japan__Japan_011082,D20,1,2,0
YOLO11s,Japan__Japan_011089,D20,1,0,0
YOLO11s,Japan__Japan_011090,D20,1,0,0
YOLO11s,Japan__Japan_011105,D10,0,1,0
YOLO11s,Japan__Japan_011105,D20,0,0,1
YOLO11s,Japan__Japan_011110,D20,1,0,0
YOLO11s,Japan__Japan_011110,D40,1,0,0
YOLO11s,Japan__Japan_011118,D00,0,2,0
YOLO11s,Japan__Japan_011118,D10,1,0,0
YOLO11s,Japan__Japan_011122,D20,2,1,0
YOLO11s,Japan__Japan_011145,D10,1,0,0
YOLO11s,Japan__Japan_011162,D00,1,0,3
YOLO11s,Japan__Japan_011162,D20,1,1,0
YOLO11s,Japan__Japan_011172,D00,1,0,0
YOLO11s,Japan__Japan_011172,D10,0,0,1
YOLO11s,Japan__Japan_011172,D20,1,0,1
YOLO11s,Japan__Japan_011174,D20,1,0,0
YOLO11s,Japan__Japan_011195,D00,0,0,1
YOLO11s,Japan__Japan_011216,D00,0,0,1
YOLO11s,Japan__Japan_011216,D10,0,1,1
YOLO11s,Japan__Japan_011216,D20,0,1,0
YOLO11s,Japan__Japan_011244,D10,0,0,3
YOLO11s,Japan__Japan_011246,D40,1,0,0
YOLO11s,Japan__Japan_011252,D20,0,1,0
YOLO11s,Japan__Japan_011254,D00,0,0,3
YOLO11s,Japan__Japan_011254,D10,0,0,1
YOLO11s,Japan__Japan_011254,D20,1,1,0
YOLO11s,Japan__Japan_011258,D00,1,0,0
YOLO11s,Japan__Japan_011258,D10,0,0,2
YOLO11s,Japan__Japan_011263,D20,1,1,1
YOLO11s,Japan__Japan_011263,D40,0,1,1
YOLO11s,Japan__Japan_011284,D00,1,0,0
YOLO11s,Japan__Japan_011286,D20,0,0,1
YOLO11s,Japan__Japan_011299,D00,0,1,1
YOLO11s,Japan__Japan_011299,D10,1,0,2
YOLO11s,Japan__Japan_011327,D00,1,0,0
YOLO11s,Japan__Japan_011355,D20,1,1,0
YOLO11s,Japan__Japan_011359,D00,0,0,1
YOLO11s,Japan__Japan_011359,D20,1,1,0
YOLO11s,Japan__Japan_011388,D00,1,0,0
YOLO11s,Japan__Japan_011390,D00,0,0,2
YOLO11s,Japan__Japan_011390,D40,0,0,1
YOLO11s,Japan__Japan_011410,D00,0,1,0
YOLO11s,Japan__Japan_011410,D20,0,0,1
YOLO11s,Japan__Japan_011439,D00,0,0,1
YOLO11s,Japan__Japan_011439,D20,1,0,0
YOLO11s,Japan__Japan_011446,D20,1,1,0
YOLO11s,Japan__Japan_011446,D40,0,0,1
YOLO11s,Japan__Japan_011449,D00,0,0,2
YOLO11s,Japan__Japan_011449,D10,0,0,1
YOLO11s,Japan__Japan_011449,D20,1,1,0
YOLO11s,Japan__Japan_011449,D40,0,0,1
YOLO11s,Japan__Japan_011479,D20,1,1,0
YOLO11s,Japan__Japan_011479,D40,1,0,0
YOLO11s,Japan__Japan_011486,D20,1,1,0
YOLO11s,Japan__Japan_011487,D00,1,0,0
YOLO11s,Japan__Japan_011489,D00,0,0,1
YOLO11s,Japan__Japan_011489,D10,1,0,0
YOLO11s,Japan__Japan_011495,D20,1,0,0
YOLO11s,Japan__Japan_011497,D00,1,0,0
YOLO11s,Japan__Japan_011499,D00,1,0,1
YOLO11s,Japan__Japan_011499,D10,0,1,3
YOLO11s,Japan__Japan_011521,D20,1,1,0
YOLO11s,Japan__Japan_011521,D40,0,0,1
YOLO11s,Japan__Japan_011539,D20,0,0,2
YOLO11s,Japan__Japan_011552,D00,2,0,0
YOLO11s,Japan__Japan_011552,D10,0,0,1
YOLO11s,Japan__Japan_011564,D10,0,0,8
YOLO11s,Japan__Japan_011564,D20,1,0,0
YOLO11s,Japan__Japan_011579,D20,1,0,0
YOLO11s,Japan__Japan_011590,D20,1,0,0
YOLO11s,Japan__Japan_011590,D40,1,0,0
YOLO11s,Japan__Japan_011611,D00,0,0,1
YOLO11s,Japan__Japan_011622,D10,0,1,0
YOLO11s,Japan__Japan_011628,D00,1,0,1
YOLO11s,Japan__Japan_011628,D40,0,1,1
YOLO11s,Japan__Japan_011642,D00,1,0,0
YOLO11s,Japan__Japan_011642,D10,1,0,0
YOLO11s,Japan__Japan_011642,D20,1,2,1
YOLO11s,Japan__Japan_011643,D20,1,0,0
YOLO11s,Japan__Japan_011670,D00,1,1,1
YOLO11s,Japan__Japan_011714,D20,0,0,1
YOLO11s,Japan__Japan_011724,D00,0,1,0
YOLO11s,Japan__Japan_011728,D10,0,0,1
YOLO11s,Japan__Japan_011728,D20,2,2,1
YOLO11s,Japan__Japan_011728,D40,0,0,1
YOLO11s,Japan__Japan_011731,D10,0,0,1
YOLO11s,Japan__Japan_011778,D00,0,0,2
YOLO11s,Japan__Japan_011783,D00,0,2,0
YOLO11s,Japan__Japan_011783,D20,0,2,1
YOLO11s,Japan__Japan_011809,D20,1,0,0
YOLO11s,Japan__Japan_011834,D00,0,0,1
YOLO11s,Japan__Japan_011847,D20,0,0,1
YOLO11s,Japan__Japan_011849,D10,0,0,1
YOLO11s,Japan__Japan_011849,D20,1,0,2
YOLO11s,Japan__Japan_011854,D20,1,0,0
YOLO11s,Japan__Japan_011854,D40,1,0,0
YOLO11s,Japan__Japan_011860,D00,0,0,1
YOLO11s,Japan__Japan_011872,D00,0,0,1
YOLO11s,Japan__Japan_011885,D00,0,0,3
YOLO11s,Japan__Japan_011885,D10,1,2,1
YOLO11s,Japan__Japan_011901,D00,0,1,0
YOLO11s,Japan__Japan_011915,D20,1,0,0
YOLO11s,Japan__Japan_011917,D00,0,1,1
YOLO11s,Japan__Japan_011944,D40,0,0,1
YOLO11s,Japan__Japan_011948,D00,0,1,0
YOLO11s,Japan__Japan_011948,D20,0,0,2
YOLO11s,Japan__Japan_011976,D00,1,0,0
YOLO11s,Japan__Japan_012006,D10,0,1,0
YOLO11s,Japan__Japan_012006,D20,1,0,0
YOLO11s,Japan__Japan_012009,D20,1,0,0
YOLO11s,Japan__Japan_012010,D20,1,0,0
YOLO11s,Japan__Japan_012011,D00,1,0,0
YOLO11s,Japan__Japan_012025,D00,0,1,0
YOLO11s,Japan__Japan_012025,D20,0,0,1
YOLO11s,Japan__Japan_012025,D40,0,0,2
YOLO11s,Japan__Japan_012047,D20,1,0,0
YOLO11s,Japan__Japan_012066,D20,1,0,0
YOLO11s,Japan__Japan_012084,D20,1,1,0
YOLO11s,Japan__Japan_012101,D10,1,0,0
YOLO11s,Japan__Japan_012101,D20,1,0,0
YOLO11s,Japan__Japan_012101,D40,0,1,1
YOLO11s,Japan__Japan_012122,D10,1,1,1
YOLO11s,Japan__Japan_012136,D00,0,0,3
YOLO11s,Japan__Japan_012136,D10,1,0,0
YOLO11s,Japan__Japan_012160,D20,1,0,0
YOLO11s,Japan__Japan_012172,D20,1,0,0
YOLO11s,Japan__Japan_012178,D00,0,0,1
YOLO11s,Japan__Japan_012178,D10,0,1,2
YOLO11s,Japan__Japan_012178,D20,1,1,1
YOLO11s,Japan__Japan_012184,D10,1,0,3
YOLO11s,Japan__Japan_012184,D20,1,0,0
YOLO11s,Japan__Japan_012188,D00,0,1,1
YOLO11s,Japan__Japan_012200,D00,1,0,1
YOLO11s,Japan__Japan_012200,D10,0,1,2
YOLO11s,Japan__Japan_012214,D20,0,0,1
YOLO11s,Japan__Japan_012216,D20,1,0,0
YOLO11s,Japan__Japan_012228,D00,0,0,2
YOLO11s,Japan__Japan_012244,D10,1,2,2
YOLO11s,Japan__Japan_012244,D20,1,0,0
YOLO11s,Japan__Japan_012259,D40,0,0,2
YOLO11s,Japan__Japan_012263,D20,1,0,0
YOLO11s,Japan__Japan_012271,D00,0,1,1
YOLO11s,Japan__Japan_012328,D00,0,0,2
YOLO11s,Japan__Japan_012328,D10,2,1,0
YOLO11s,Japan__Japan_012329,D00,1,0,1
YOLO11s,Japan__Japan_012329,D10,1,2,1
YOLO11s,Japan__Japan_012329,D20,0,0,1
YOLO11s,Japan__Japan_012330,D00,1,1,0
YOLO11s,Japan__Japan_012352,D00,1,0,0
YOLO11s,Japan__Japan_012354,D10,1,0,0
YOLO11s,Japan__Japan_012354,D20,1,0,1
YOLO11s,Japan__Japan_012355,D00,1,0,0
YOLO11s,Japan__Japan_012358,D10,0,0,1
YOLO11s,Japan__Japan_012358,D20,1,0,0
YOLO11s,Japan__Japan_012381,D00,1,0,0
YOLO11s,Japan__Japan_012381,D10,0,0,2
YOLO11s,Japan__Japan_012381,D20,0,1,0
YOLO11s,Japan__Japan_012381,D40,0,0,1
YOLO11s,Japan__Japan_012390,D40,1,0,0
YOLO11s,Japan__Japan_012393,D20,0,0,1
YOLO11s,Japan__Japan_012403,D00,0,0,1
YOLO11s,Japan__Japan_012403,D10,2,0,0
YOLO11s,Japan__Japan_012403,D20,1,0,0
YOLO11s,Japan__Japan_012406,D20,1,1,0
YOLO11s,Japan__Japan_012411,D20,1,2,1
YOLO11s,Japan__Japan_012422,D20,1,0,0
YOLO11s,Japan__Japan_012438,D20,2,1,0
YOLO11s,Japan__Japan_012438,D40,0,0,2
YOLO11s,Japan__Japan_012444,D20,0,0,1
YOLO11s,Japan__Japan_012444,D40,0,1,0
YOLO11s,Japan__Japan_012453,D00,1,0,0
YOLO11s,Japan__Japan_012476,D00,0,0,2
YOLO11s,Japan__Japan_012476,D10,0,0,1
YOLO11s,Japan__Japan_012482,D20,0,0,3
YOLO11s,Japan__Japan_012482,D40,0,0,1
YOLO11s,Japan__Japan_012495,D20,1,1,0
YOLO11s,Japan__Japan_012495,D40,0,3,1
YOLO11s,Japan__Japan_012505,D20,0,1,1
YOLO11s,Japan__Japan_012505,D40,0,0,2
YOLO11s,Japan__Japan_012509,D20,1,0,0
YOLO11s,Japan__Japan_012509,D40,0,1,0
YOLO11s,Japan__Japan_012536,D10,1,1,0
YOLO11s,Japan__Japan_012536,D20,1,0,0
YOLO11s,Japan__Japan_012537,D00,0,0,1
YOLO11s,Japan__Japan_012537,D20,0,0,1
YOLO11s,Japan__Japan_012549,D20,1,1,0
YOLO11s,Japan__Japan_012549,D40,1,0,0
YOLO11s,Japan__Japan_012553,D20,1,2,0
YOLO11s,Japan__Japan_012558,D00,0,1,0
YOLO11s,Japan__Japan_012568,D10,0,0,1
YOLO11s,Japan__Japan_012568,D20,1,0,0
YOLO11s,Japan__Japan_012580,D20,0,0,1
YOLO11s,Japan__Japan_012602,D10,0,0,1
YOLO11s,Japan__Japan_012602,D20,0,0,1
YOLO11s,Japan__Japan_012607,D20,0,1,1
YOLO11s,Japan__Japan_012607,D40,0,0,1
YOLO11s,Japan__Japan_012612,D20,1,0,0
YOLO11s,Japan__Japan_012614,D00,0,0,1
YOLO11s,Japan__Japan_012618,D10,1,0,1
YOLO11s,Japan__Japan_012618,D20,1,1,0
YOLO11s,Japan__Japan_012622,D20,1,0,0
YOLO11s,Japan__Japan_012626,D00,1,0,0
YOLO11s,Japan__Japan_012626,D20,1,0,0
YOLO11s,Japan__Japan_012628,D10,1,0,0
YOLO11s,Japan__Japan_012634,D10,1,0,0
YOLO11s,Japan__Japan_012652,D10,0,1,0
YOLO11s,Japan__Japan_012652,D20,0,0,2
YOLO11s,Japan__Japan_012657,D00,1,0,1
YOLO11s,Japan__Japan_012661,D00,0,2,3
YOLO11s,Japan__Japan_012661,D20,1,0,1
YOLO11s,Japan__Japan_012666,D00,1,1,1
YOLO11s,Japan__Japan_012666,D10,0,0,3
YOLO11s,Japan__Japan_012699,D20,0,1,0
YOLO11s,Japan__Japan_012706,D20,1,0,0
YOLO11s,Japan__Japan_012727,D00,1,0,0
YOLO11s,Japan__Japan_012727,D10,0,0,2
YOLO11s,Japan__Japan_012734,D20,1,0,0
YOLO11s,Japan__Japan_012734,D40,2,0,0
YOLO11s,Japan__Japan_012735,D00,1,0,0
YOLO11s,Japan__Japan_012735,D10,0,0,1
YOLO11s,Japan__Japan_012735,D20,1,0,0
YOLO11s,Japan__Japan_012743,D00,1,2,4
YOLO11s,Japan__Japan_012765,D00,1,0,1
YOLO11s,Japan__Japan_012772,D00,0,1,1
YOLO11s,Japan__Japan_012784,D00,2,0,2
YOLO11s,Japan__Japan_012784,D20,0,0,1
YOLO11s,Japan__Japan_012784,D40,0,0,1
YOLO11s,Japan__Japan_012790,D10,0,0,3
YOLO11s,Japan__Japan_012807,D10,1,0,0
YOLO11s,Japan__Japan_012807,D20,0,2,3
YOLO11s,Japan__Japan_012813,D10,0,0,1
YOLO11s,Japan__Japan_012813,D20,1,1,1
YOLO11s,Japan__Japan_012829,D20,1,0,2
YOLO11s,Japan__Japan_012829,D40,1,0,0
YOLO11s,Japan__Japan_012879,D20,0,2,0
YOLO11s,Japan__Japan_012889,D10,0,0,1
YOLO11s,Japan__Japan_012923,D20,1,1,1
YOLO11s,Japan__Japan_012933,D20,1,0,0
YOLO11s,Japan__Japan_012940,D10,0,0,4
YOLO11s,Japan__Japan_012947,D10,0,0,1
YOLO11s,Japan__Japan_012954,D00,1,0,0
YOLO11s,Japan__Japan_012954,D10,1,1,1
YOLO11s,Japan__Japan_012957,D20,1,0,0
YOLO11s,Japan__Japan_012970,D00,1,1,0
YOLO11s,Japan__Japan_012970,D10,1,0,1
YOLO11s,Japan__Japan_012970,D20,1,1,0
YOLO11s,Japan__Japan_012975,D10,0,0,1
YOLO11s,Japan__Japan_012975,D20,1,1,0
YOLO11s,Japan__Japan_012975,D40,0,0,1
YOLO11s,Japan__Japan_012978,D00,1,1,0
YOLO11s,Japan__Japan_012978,D10,1,0,2
YOLO11s,Japan__Japan_013005,D00,3,2,0
YOLO11s,Japan__Japan_013005,D10,0,0,2
YOLO11s,Japan__Japan_013005,D20,1,0,0
YOLO11s,Japan__Japan_013015,D00,0,1,0
YOLO11s,Japan__Japan_013015,D10,1,0,3
YOLO11s,Japan__Japan_013015,D20,0,0,1
YOLO11s,Japan__Japan_013025,D10,0,1,1
YOLO11s,Japan__Japan_013026,D40,0,0,1
YOLO11s,Japan__Japan_013037,D00,1,0,0
YOLO11s,Japan__Japan_013047,D00,1,1,0
YOLO11s,Japan__Japan_013058,D10,0,0,1
YOLO11s,Japan__Japan_013058,D20,2,1,0
YOLO11s,Japan__Japan_013092,D00,0,0,1
YOLO11s,Japan__Japan_013109,D40,0,0,4
YOLO11s,Japan__Japan_013110,D10,0,0,1
YOLO11s,Japan__Japan_013110,D20,1,0,0
YOLO11s,Japan__Japan_013132,D00,0,1,1
YOLO11s,Japan__Japan_013132,D20,0,0,1
YOLO11s,Norway__Norway_000041,D00,0,0,1
YOLO11s,Norway__Norway_000044,D00,0,1,0
YOLO11s,Norway__Norway_000044,D10,1,0,0
YOLO11s,Norway__Norway_000050,D00,1,0,1
YOLO11s,Norway__Norway_000066,D00,1,0,1
YOLO11s,Norway__Norway_000078,D00,0,0,1
YOLO11s,Norway__Norway_000088,D10,0,0,1
YOLO11s,Norway__Norway_000090,D00,1,0,6
YOLO11s,Norway__Norway_000090,D10,0,0,1
YOLO11s,Norway__Norway_000099,D00,3,1,8
YOLO11s,Norway__Norway_000103,D00,1,1,0
YOLO11s,Norway__Norway_000149,D00,2,2,0
YOLO11s,Norway__Norway_000149,D20,0,0,1
YOLO11s,Norway__Norway_000176,D00,4,3,0
YOLO11s,Norway__Norway_000205,D00,1,0,1
YOLO11s,Norway__Norway_000215,D00,0,0,1
YOLO11s,Norway__Norway_000255,D00,0,0,5
YOLO11s,Norway__Norway_000262,D00,0,0,1
YOLO11s,Norway__Norway_000281,D10,1,0,0
YOLO11s,Norway__Norway_000285,D00,0,1,0
YOLO11s,Norway__Norway_000288,D00,1,0,0
YOLO11s,Norway__Norway_000351,D00,2,3,0
YOLO11s,Norway__Norway_000353,D00,0,0,1
YOLO11s,Norway__Norway_000366,D00,0,0,1
YOLO11s,Norway__Norway_000366,D10,0,0,1
YOLO11s,Norway__Norway_000367,D00,0,0,2
YOLO11s,Norway__Norway_000367,D10,0,0,1
YOLO11s,Norway__Norway_000416,D00,1,3,4
YOLO11s,Norway__Norway_000509,D00,1,0,1
YOLO11s,Norway__Norway_000512,D00,2,3,3
YOLO11s,Norway__Norway_000512,D10,0,0,6
YOLO11s,Norway__Norway_000532,D00,0,1,0
YOLO11s,Norway__Norway_000597,D00,1,1,0
YOLO11s,Norway__Norway_000604,D10,0,0,1
YOLO11s,Norway__Norway_000620,D00,0,0,4
YOLO11s,Norway__Norway_000632,D00,1,0,1
YOLO11s,Norway__Norway_000632,D10,0,0,1
YOLO11s,Norway__Norway_000678,D00,1,1,8
YOLO11s,Norway__Norway_000678,D10,0,0,2
YOLO11s,Norway__Norway_000678,D20,0,1,2
YOLO11s,Norway__Norway_000678,D40,0,0,1
YOLO11s,Norway__Norway_000681,D10,0,0,1
YOLO11s,Norway__Norway_000698,D00,0,0,2
YOLO11s,Norway__Norway_000698,D10,0,0,2
YOLO11s,Norway__Norway_000699,D00,0,0,1
YOLO11s,Norway__Norway_000700,D00,0,1,0
YOLO11s,Norway__Norway_000702,D00,3,2,6
YOLO11s,Norway__Norway_000702,D10,0,0,1
YOLO11s,Norway__Norway_000702,D40,0,0,1
YOLO11s,Norway__Norway_000705,D00,0,0,11
YOLO11s,Norway__Norway_000705,D20,0,0,1
YOLO11s,Norway__Norway_000711,D00,0,1,0
YOLO11s,Norway__Norway_000736,D00,1,0,1
YOLO11s,Norway__Norway_000746,D00,1,0,2
YOLO11s,Norway__Norway_000759,D00,2,0,1
YOLO11s,Norway__Norway_000775,D00,0,0,2
YOLO11s,Norway__Norway_000831,D10,1,1,0
YOLO11s,Norway__Norway_000831,D20,1,0,0
YOLO11s,Norway__Norway_000853,D00,2,1,1
YOLO11s,Norway__Norway_000853,D10,0,0,1
YOLO11s,Norway__Norway_000868,D00,1,0,6
YOLO11s,Norway__Norway_000868,D10,0,0,1
YOLO11s,Norway__Norway_000868,D20,0,0,1
YOLO11s,Norway__Norway_000922,D00,3,10,16
YOLO11s,Norway__Norway_000922,D10,3,0,5
YOLO11s,Norway__Norway_000922,D20,0,0,2
YOLO11s,Norway__Norway_000922,D40,0,0,1
YOLO11s,Norway__Norway_000943,D00,2,4,16
YOLO11s,Norway__Norway_000943,D10,0,0,1
YOLO11s,Norway__Norway_000943,D20,0,0,1
YOLO11s,Norway__Norway_000947,D00,1,0,0
YOLO11s,Norway__Norway_000963,D00,0,1,3
YOLO11s,Norway__Norway_000967,D00,0,1,1
YOLO11s,Norway__Norway_000967,D10,0,0,1
YOLO11s,Norway__Norway_000967,D40,0,0,1
YOLO11s,Norway__Norway_000986,D00,1,0,0
YOLO11s,Norway__Norway_000986,D40,0,0,1
YOLO11s,Norway__Norway_000989,D00,1,1,1
YOLO11s,Norway__Norway_000989,D10,1,0,0
YOLO11s,Norway__Norway_000991,D00,0,0,1
YOLO11s,Norway__Norway_001001,D00,0,0,1
YOLO11s,Norway__Norway_001019,D00,6,6,11
YOLO11s,Norway__Norway_001019,D10,0,0,1
YOLO11s,Norway__Norway_001019,D20,1,0,1
YOLO11s,Norway__Norway_001053,D00,3,1,1
YOLO11s,Norway__Norway_001058,D00,3,1,3
YOLO11s,Norway__Norway_001080,D00,5,2,2
YOLO11s,Norway__Norway_001083,D00,1,1,0
YOLO11s,Norway__Norway_001091,D00,0,0,2
YOLO11s,Norway__Norway_001106,D00,0,1,0
YOLO11s,Norway__Norway_001142,D00,0,2,3
YOLO11s,Norway__Norway_001152,D00,0,1,0
YOLO11s,Norway__Norway_001177,D00,0,0,1
YOLO11s,Norway__Norway_001188,D00,1,1,0
YOLO11s,Norway__Norway_001188,D10,0,0,1
YOLO11s,Norway__Norway_001192,D00,1,0,1
YOLO11s,Norway__Norway_001192,D10,0,0,1
YOLO11s,Norway__Norway_001197,D00,1,1,0
YOLO11s,Norway__Norway_001197,D10,0,1,1
YOLO11s,Norway__Norway_001210,D00,0,0,5
YOLO11s,Norway__Norway_001232,D00,0,0,2
YOLO11s,Norway__Norway_001232,D10,0,1,3
YOLO11s,Norway__Norway_001234,D00,0,1,1
YOLO11s,Norway__Norway_001234,D10,0,0,3
YOLO11s,Norway__Norway_001268,D00,0,1,0
YOLO11s,Norway__Norway_001279,D00,0,2,0
YOLO11s,Norway__Norway_001279,D40,1,0,1
YOLO11s,Norway__Norway_001332,D00,2,1,3
YOLO11s,Norway__Norway_001332,D10,0,0,1
YOLO11s,Norway__Norway_001340,D00,1,1,3
YOLO11s,Norway__Norway_001340,D20,0,0,1
YOLO11s,Norway__Norway_001343,D00,2,0,2
YOLO11s,Norway__Norway_001343,D10,0,0,1
YOLO11s,Norway__Norway_001344,D00,0,0,1
YOLO11s,Norway__Norway_001348,D00,4,2,5
YOLO11s,Norway__Norway_001348,D20,0,1,0
YOLO11s,Norway__Norway_001397,D00,1,0,2
YOLO11s,Norway__Norway_001397,D10,0,0,2
YOLO11s,Norway__Norway_001407,D00,0,0,1
YOLO11s,Norway__Norway_001425,D00,0,2,5
YOLO11s,Norway__Norway_001425,D10,0,0,3
YOLO11s,Norway__Norway_001425,D20,0,0,1
YOLO11s,Norway__Norway_001440,D00,0,2,3
YOLO11s,Norway__Norway_001440,D10,1,0,1
YOLO11s,Norway__Norway_001440,D20,0,0,2
YOLO11s,Norway__Norway_001448,D00,0,0,1
YOLO11s,Norway__Norway_001466,D10,0,0,1
YOLO11s,Norway__Norway_001468,D00,1,0,0
YOLO11s,Norway__Norway_001494,D00,4,0,3
YOLO11s,Norway__Norway_001496,D00,1,1,2
YOLO11s,Norway__Norway_001498,D00,0,0,1
YOLO11s,Norway__Norway_001507,D40,0,0,6
YOLO11s,Norway__Norway_001525,D00,3,1,1
YOLO11s,Norway__Norway_001530,D00,1,2,3
YOLO11s,Norway__Norway_001530,D10,0,1,1
YOLO11s,Norway__Norway_001643,D00,0,0,2
YOLO11s,Norway__Norway_001675,D00,2,0,3
YOLO11s,Norway__Norway_001680,D00,0,2,11
YOLO11s,Norway__Norway_001680,D10,0,1,0
YOLO11s,Norway__Norway_001680,D20,0,0,2
YOLO11s,Norway__Norway_001688,D00,1,0,4
YOLO11s,Norway__Norway_001688,D20,1,0,0
YOLO11s,Norway__Norway_001694,D00,1,0,1
YOLO11s,Norway__Norway_001696,D00,0,0,1
YOLO11s,Norway__Norway_001705,D00,2,1,1
YOLO11s,Norway__Norway_001705,D10,0,0,1
YOLO11s,Norway__Norway_001706,D00,0,0,5
YOLO11s,Norway__Norway_001706,D10,0,0,1
YOLO11s,Norway__Norway_001720,D40,0,0,1
YOLO11s,Norway__Norway_001726,D00,2,0,2
YOLO11s,Norway__Norway_001740,D00,0,0,2
YOLO11s,Norway__Norway_001770,D10,0,0,1
YOLO11s,Norway__Norway_001770,D40,0,0,8
YOLO11s,Norway__Norway_001782,D00,0,0,1
YOLO11s,Norway__Norway_001821,D00,0,0,1
YOLO11s,Norway__Norway_001846,D00,0,0,1
YOLO11s,Norway__Norway_001847,D00,1,0,4
YOLO11s,Norway__Norway_001863,D00,0,0,1
YOLO11s,Norway__Norway_001872,D00,0,2,3
YOLO11s,Norway__Norway_001935,D00,4,3,10
YOLO11s,Norway__Norway_001936,D00,1,0,0
YOLO11s,Norway__Norway_001941,D00,0,0,2
YOLO11s,Norway__Norway_001953,D00,0,0,1
YOLO11s,Norway__Norway_001962,D00,0,0,1
YOLO11s,Norway__Norway_001966,D00,0,0,2
YOLO11s,Norway__Norway_001968,D00,0,0,2
YOLO11s,Norway__Norway_001978,D00,0,0,2
YOLO11s,Norway__Norway_001979,D00,5,5,14
YOLO11s,Norway__Norway_001979,D10,1,1,3
YOLO11s,Norway__Norway_001996,D00,1,3,5
YOLO11s,Norway__Norway_001996,D10,0,0,3
YOLO11s,Norway__Norway_002025,D00,2,0,4
YOLO11s,Norway__Norway_002025,D10,0,0,2
YOLO11s,Norway__Norway_002039,D00,2,3,1
YOLO11s,Norway__Norway_002039,D10,0,1,0
YOLO11s,Norway__Norway_002039,D20,0,0,1
YOLO11s,Norway__Norway_002054,D00,1,0,1
YOLO11s,Norway__Norway_002054,D10,1,1,0
YOLO11s,Norway__Norway_002075,D00,1,0,4
YOLO11s,Norway__Norway_002075,D10,0,0,1
YOLO11s,Norway__Norway_002096,D00,0,0,1
YOLO11s,Norway__Norway_002101,D00,0,0,1
YOLO11s,Norway__Norway_002169,D00,1,0,0
YOLO11s,Norway__Norway_002181,D00,1,0,0
YOLO11s,Norway__Norway_002187,D10,0,0,1
YOLO11s,Norway__Norway_002190,D00,0,0,4
YOLO11s,Norway__Norway_002190,D10,0,0,3
YOLO11s,Norway__Norway_002198,D00,2,0,6
YOLO11s,Norway__Norway_002213,D00,0,0,1
YOLO11s,Norway__Norway_002226,D00,1,0,0
YOLO11s,Norway__Norway_002240,D00,0,0,5
YOLO11s,Norway__Norway_002240,D10,0,0,1
YOLO11s,Norway__Norway_002281,D00,1,0,6
YOLO11s,Norway__Norway_002281,D10,0,0,2
YOLO11s,Norway__Norway_002293,D00,0,0,1
YOLO11s,Norway__Norway_002299,D40,0,0,2
YOLO11s,Norway__Norway_002310,D00,0,0,2
YOLO11s,Norway__Norway_002345,D00,0,0,1
YOLO11s,Norway__Norway_002363,D00,0,0,1
YOLO11s,Norway__Norway_002398,D00,0,1,0
YOLO11s,Norway__Norway_002407,D00,1,0,0
YOLO11s,Norway__Norway_002417,D00,1,0,0
YOLO11s,Norway__Norway_002450,D00,0,1,6
YOLO11s,Norway__Norway_002463,D00,1,0,0
YOLO11s,Norway__Norway_002485,D00,1,0,1
YOLO11s,Norway__Norway_002493,D00,0,1,0
YOLO11s,Norway__Norway_002504,D00,1,0,1
YOLO11s,Norway__Norway_002504,D10,0,0,2
YOLO11s,Norway__Norway_002515,D00,1,1,4
YOLO11s,Norway__Norway_002542,D00,1,1,0
YOLO11s,Norway__Norway_002603,D00,0,0,1
YOLO11s,Norway__Norway_002603,D10,0,0,2
YOLO11s,Norway__Norway_002624,D00,1,0,0
YOLO11s,Norway__Norway_002641,D00,2,2,4
YOLO11s,Norway__Norway_002657,D00,0,0,1
YOLO11s,Norway__Norway_002663,D00,1,2,0
YOLO11s,Norway__Norway_002681,D00,1,2,5
YOLO11s,Norway__Norway_002681,D20,1,0,0
YOLO11s,Norway__Norway_002683,D00,0,1,1
YOLO11s,Norway__Norway_002683,D10,2,0,0
YOLO11s,Norway__Norway_002699,D10,0,0,1
YOLO11s,Norway__Norway_002724,D00,0,0,1
YOLO11s,Norway__Norway_002724,D10,0,1,0
YOLO11s,Norway__Norway_002755,D00,1,2,9
YOLO11s,Norway__Norway_002755,D10,0,0,1
YOLO11s,Norway__Norway_002755,D20,1,0,0
YOLO11s,Norway__Norway_002768,D00,0,0,1
YOLO11s,Norway__Norway_002768,D10,0,0,1
YOLO11s,Norway__Norway_002828,D00,0,0,1
YOLO11s,Norway__Norway_002835,D10,0,0,1
YOLO11s,Norway__Norway_002853,D00,3,2,18
YOLO11s,Norway__Norway_002853,D10,0,0,3
YOLO11s,Norway__Norway_002853,D20,0,0,2
YOLO11s,Norway__Norway_002889,D00,0,0,1
YOLO11s,Norway__Norway_002947,D00,1,5,0
YOLO11s,Norway__Norway_002955,D00,1,1,2
YOLO11s,Norway__Norway_002992,D00,2,0,7
YOLO11s,Norway__Norway_002992,D20,0,0,1
YOLO11s,Norway__Norway_003004,D00,2,1,4
YOLO11s,Norway__Norway_003004,D20,0,0,2
YOLO11s,Norway__Norway_003036,D00,0,1,0
YOLO11s,Norway__Norway_003043,D00,0,1,0
YOLO11s,Norway__Norway_003050,D00,0,0,1
YOLO11s,Norway__Norway_003101,D00,3,2,1
YOLO11s,Norway__Norway_003101,D10,1,1,1
YOLO11s,Norway__Norway_003122,D00,3,5,10
YOLO11s,Norway__Norway_003122,D10,0,0,3
YOLO11s,Norway__Norway_003129,D00,0,0,2
YOLO11s,Norway__Norway_003138,D00,1,1,1
YOLO11s,Norway__Norway_003138,D10,0,1,0
YOLO11s,Norway__Norway_003192,D00,1,0,1
YOLO11s,Norway__Norway_003192,D10,0,1,0
YOLO11s,Norway__Norway_003195,D10,1,0,0
YOLO11s,Norway__Norway_003246,D10,0,0,1
YOLO11s,Norway__Norway_003262,D00,0,1,1
YOLO11s,Norway__Norway_003263,D00,0,0,1
YOLO11s,Norway__Norway_003284,D00,0,0,2
YOLO11s,Norway__Norway_003295,D00,2,0,0
YOLO11s,Norway__Norway_003295,D10,0,0,2
YOLO11s,Norway__Norway_003308,D00,0,0,4
YOLO11s,Norway__Norway_003308,D10,0,0,2
YOLO11s,Norway__Norway_003346,D00,0,0,5
YOLO11s,Norway__Norway_003346,D10,0,0,1
YOLO11s,Norway__Norway_003348,D00,1,2,0
YOLO11s,Norway__Norway_003357,D10,0,0,2
YOLO11s,Norway__Norway_003359,D00,1,0,1
YOLO11s,Norway__Norway_003363,D40,0,0,1
YOLO11s,Norway__Norway_003396,D00,0,0,1
YOLO11s,Norway__Norway_003432,D00,0,1,0
YOLO11s,Norway__Norway_003443,D00,0,0,1
YOLO11s,Norway__Norway_003443,D10,0,1,0
YOLO11s,Norway__Norway_003446,D00,2,1,1
YOLO11s,Norway__Norway_003448,D00,1,0,4
YOLO11s,Norway__Norway_003448,D40,0,0,2
YOLO11s,Norway__Norway_003480,D10,0,1,0
YOLO11s,Norway__Norway_003490,D00,0,0,1
YOLO11s,Norway__Norway_003502,D00,0,0,1
YOLO11s,Norway__Norway_003503,D00,1,0,0
YOLO11s,Norway__Norway_003530,D00,0,1,0
YOLO11s,Norway__Norway_003542,D00,1,0,1
YOLO11s,Norway__Norway_003542,D10,0,0,1
YOLO11s,Norway__Norway_003542,D40,0,0,2
YOLO11s,Norway__Norway_003558,D00,1,2,2
YOLO11s,Norway__Norway_003601,D00,0,0,2
YOLO11s,Norway__Norway_003601,D40,0,0,1
YOLO11s,Norway__Norway_003617,D00,0,0,3
YOLO11s,Norway__Norway_003617,D10,0,0,1
YOLO11s,Norway__Norway_003641,D00,0,0,2
YOLO11s,Norway__Norway_003641,D20,0,3,0
YOLO11s,Norway__Norway_003641,D40,0,0,2
YOLO11s,Norway__Norway_003669,D00,0,0,2
YOLO11s,Norway__Norway_003708,D10,0,0,3
YOLO11s,Norway__Norway_003722,D00,0,0,1
YOLO11s,Norway__Norway_003730,D00,5,6,15
YOLO11s,Norway__Norway_003730,D10,0,0,7
YOLO11s,Norway__Norway_003771,D00,0,0,2
YOLO11s,Norway__Norway_003771,D10,1,0,0
YOLO11s,Norway__Norway_003776,D10,0,0,2
YOLO11s,Norway__Norway_003817,D00,0,1,0
YOLO11s,Norway__Norway_003836,D00,1,0,0
YOLO11s,Norway__Norway_003856,D10,0,0,3
YOLO11s,Norway__Norway_003905,D20,0,0,1
YOLO11s,Norway__Norway_003921,D00,0,0,1
YOLO11s,Norway__Norway_003922,D00,1,0,1
YOLO11s,Norway__Norway_003933,D00,0,0,2
YOLO11s,Norway__Norway_003962,D00,0,0,1
YOLO11s,Norway__Norway_004008,D10,0,1,0
YOLO11s,Norway__Norway_004032,D00,1,0,5
YOLO11s,Norway__Norway_004032,D10,0,0,3
YOLO11s,Norway__Norway_004046,D00,2,1,1
YOLO11s,Norway__Norway_004095,D00,1,0,2
YOLO11s,Norway__Norway_004095,D10,0,0,1
YOLO11s,Norway__Norway_004097,D00,0,0,2
YOLO11s,Norway__Norway_004118,D00,2,0,6
YOLO11s,Norway__Norway_004118,D10,1,0,7
YOLO11s,Norway__Norway_004131,D00,0,0,2
YOLO11s,Norway__Norway_004131,D10,0,0,2
YOLO11s,Norway__Norway_004196,D00,3,6,8
YOLO11s,Norway__Norway_004196,D10,0,0,1
YOLO11s,Norway__Norway_004237,D00,0,0,1
YOLO11s,Norway__Norway_004241,D00,0,0,6
YOLO11s,Norway__Norway_004241,D20,0,0,1
YOLO11s,Norway__Norway_004242,D00,3,1,3
YOLO11s,Norway__Norway_004267,D00,0,0,2
YOLO11s,Norway__Norway_004294,D00,1,1,3
YOLO11s,Norway__Norway_004294,D10,0,0,1
YOLO11s,Norway__Norway_004301,D00,0,0,1
YOLO11s,Norway__Norway_004302,D00,4,3,3
YOLO11s,Norway__Norway_004319,D00,0,0,3
YOLO11s,Norway__Norway_004319,D10,0,0,1
YOLO11s,Norway__Norway_004327,D00,0,1,0
YOLO11s,Norway__Norway_004376,D00,1,0,4
YOLO11s,Norway__Norway_004376,D10,0,0,2
YOLO11s,Norway__Norway_004376,D20,0,0,1
YOLO11s,Norway__Norway_004380,D00,0,0,1
YOLO11s,Norway__Norway_004380,D10,0,0,1
YOLO11s,Norway__Norway_004394,D00,1,0,3
YOLO11s,Norway__Norway_004394,D10,0,0,5
YOLO11s,Norway__Norway_004394,D20,0,0,1
YOLO11s,Norway__Norway_004432,D00,0,0,1
YOLO11s,Norway__Norway_004448,D00,0,0,1
YOLO11s,Norway__Norway_004453,D00,2,1,3
YOLO11s,Norway__Norway_004460,D00,0,0,1
YOLO11s,Norway__Norway_004468,D10,0,0,1
YOLO11s,Norway__Norway_004469,D00,0,1,0
YOLO11s,Norway__Norway_004475,D00,0,0,1
YOLO11s,Norway__Norway_004475,D10,0,0,1
YOLO11s,Norway__Norway_004487,D00,0,0,4
YOLO11s,Norway__Norway_004502,D00,1,0,0
YOLO11s,Norway__Norway_004531,D00,0,1,1
YOLO11s,Norway__Norway_004552,D20,0,0,1
YOLO11s,Norway__Norway_004552,D40,0,0,3
YOLO11s,Norway__Norway_004556,D00,0,0,2
YOLO11s,Norway__Norway_004556,D10,0,0,2
YOLO11s,Norway__Norway_004557,D00,0,0,1
YOLO11s,Norway__Norway_004561,D00,1,1,1
YOLO11s,Norway__Norway_004566,D00,0,0,2
YOLO11s,Norway__Norway_004566,D10,0,0,1
YOLO11s,Norway__Norway_004566,D40,0,0,1
YOLO11s,Norway__Norway_004591,D00,0,0,5
YOLO11s,Norway__Norway_004606,D00,0,2,0
YOLO11s,Norway__Norway_004619,D00,0,0,2
YOLO11s,Norway__Norway_004619,D40,0,0,1
YOLO11s,Norway__Norway_004626,D00,1,0,0
YOLO11s,Norway__Norway_004628,D10,0,0,1
YOLO11s,Norway__Norway_004638,D00,1,0,0
YOLO11s,Norway__Norway_004640,D10,0,1,1
YOLO11s,Norway__Norway_004657,D00,1,1,0
YOLO11s,Norway__Norway_004674,D00,2,1,0
YOLO11s,Norway__Norway_004674,D20,1,1,1
YOLO11s,Norway__Norway_004679,D00,3,3,3
YOLO11s,Norway__Norway_004693,D00,0,0,1
YOLO11s,Norway__Norway_004693,D10,0,1,2
YOLO11s,Norway__Norway_004738,D00,0,0,1
YOLO11s,Norway__Norway_004738,D10,0,0,2
YOLO11s,Norway__Norway_004743,D20,0,1,0
YOLO11s,Norway__Norway_004755,D00,1,0,2
YOLO11s,Norway__Norway_004755,D10,0,0,3
YOLO11s,Norway__Norway_004756,D00,0,0,2
YOLO11s,Norway__Norway_004771,D00,1,1,0
YOLO11s,Norway__Norway_004771,D10,0,0,2
YOLO11s,Norway__Norway_004854,D00,3,1,2
YOLO11s,Norway__Norway_004854,D20,0,0,1
YOLO11s,Norway__Norway_004878,D00,1,0,5
YOLO11s,Norway__Norway_004878,D10,0,0,2
YOLO11s,Norway__Norway_004881,D00,0,2,0
YOLO11s,Norway__Norway_004881,D20,0,0,2
YOLO11s,Norway__Norway_004892,D00,0,1,0
YOLO11s,Norway__Norway_004892,D10,1,1,0
YOLO11s,Norway__Norway_004892,D40,0,0,3
YOLO11s,Norway__Norway_004900,D10,0,0,1
YOLO11s,Norway__Norway_004925,D00,0,0,1
YOLO11s,Norway__Norway_004928,D00,1,0,1
YOLO11s,Norway__Norway_004931,D00,4,3,8
YOLO11s,Norway__Norway_004931,D10,0,0,1
YOLO11s,Norway__Norway_004931,D20,0,0,1
YOLO11s,Norway__Norway_004940,D00,2,3,1
YOLO11s,Norway__Norway_004948,D00,0,0,2
YOLO11s,Norway__Norway_004954,D00,3,0,7
YOLO11s,Norway__Norway_004966,D00,0,0,4
YOLO11s,Norway__Norway_004969,D00,1,0,3
YOLO11s,Norway__Norway_004971,D00,0,0,1
YOLO11s,Norway__Norway_004971,D10,0,0,1
YOLO11s,Norway__Norway_005032,D00,2,0,0
YOLO11s,Norway__Norway_005044,D00,2,0,0
YOLO11s,Norway__Norway_005051,D00,0,0,1
YOLO11s,Norway__Norway_005055,D00,0,1,5
YOLO11s,Norway__Norway_005075,D00,0,0,1
YOLO11s,Norway__Norway_005096,D00,0,0,1
YOLO11s,Norway__Norway_005108,D00,0,0,4
YOLO11s,Norway__Norway_005108,D20,0,1,0
YOLO11s,Norway__Norway_005121,D00,0,0,1
YOLO11s,Norway__Norway_005121,D20,0,0,1
YOLO11s,Norway__Norway_005140,D00,0,0,1
YOLO11s,Norway__Norway_005168,D00,1,0,0
YOLO11s,Norway__Norway_005197,D00,1,0,0
YOLO11s,Norway__Norway_005238,D00,5,3,4
YOLO11s,Norway__Norway_005238,D10,0,1,4
YOLO11s,Norway__Norway_005238,D20,0,0,2
YOLO11s,Norway__Norway_005238,D40,0,0,3
YOLO11s,Norway__Norway_005242,D00,1,0,4
YOLO11s,Norway__Norway_005242,D20,1,1,1
YOLO11s,Norway__Norway_005242,D40,0,0,3
YOLO11s,Norway__Norway_005254,D00,0,1,0
YOLO11s,Norway__Norway_005262,D00,0,1,0
YOLO11s,Norway__Norway_005263,D00,0,0,2
YOLO11s,Norway__Norway_005267,D00,0,0,1
YOLO11s,Norway__Norway_005274,D00,3,4,4
YOLO11s,Norway__Norway_005341,D00,0,0,1
YOLO11s,Norway__Norway_005363,D10,0,0,2
YOLO11s,Norway__Norway_005392,D00,0,0,1
YOLO11s,Norway__Norway_005400,D00,0,0,1
YOLO11s,Norway__Norway_005415,D00,0,0,2
YOLO11s,Norway__Norway_005441,D00,0,0,3
YOLO11s,Norway__Norway_005441,D40,0,0,1
YOLO11s,Norway__Norway_005443,D00,3,0,0
YOLO11s,Norway__Norway_005445,D10,1,1,0
YOLO11s,Norway__Norway_005473,D00,0,0,3
YOLO11s,Norway__Norway_005473,D10,0,0,1
YOLO11s,Norway__Norway_005501,D10,0,0,1
YOLO11s,Norway__Norway_005525,D00,1,0,1
YOLO11s,Norway__Norway_005547,D10,0,0,1
YOLO11s,Norway__Norway_005553,D00,1,0,0
YOLO11s,Norway__Norway_005553,D40,0,0,2
YOLO11s,Norway__Norway_005559,D00,2,3,10
YOLO11s,Norway__Norway_005559,D10,0,0,9
YOLO11s,Norway__Norway_005596,D00,0,2,4
YOLO11s,Norway__Norway_005610,D00,0,0,1
YOLO11s,Norway__Norway_005617,D00,0,0,1
YOLO11s,Norway__Norway_005619,D10,1,0,0
YOLO11s,Norway__Norway_005632,D00,0,0,2
YOLO11s,Norway__Norway_005632,D10,0,0,1
YOLO11s,Norway__Norway_005642,D00,0,1,0
YOLO11s,Norway__Norway_005652,D00,0,0,1
YOLO11s,Norway__Norway_005652,D10,0,0,2
YOLO11s,Norway__Norway_005661,D00,1,0,2
YOLO11s,Norway__Norway_005667,D00,0,0,1
YOLO11s,Norway__Norway_005686,D00,0,1,0
YOLO11s,Norway__Norway_005686,D20,0,0,1
YOLO11s,Norway__Norway_005711,D00,0,1,0
YOLO11s,Norway__Norway_005711,D10,0,0,1
YOLO11s,Norway__Norway_005716,D00,0,0,1
YOLO11s,Norway__Norway_005727,D00,2,3,2
YOLO11s,Norway__Norway_005727,D10,0,0,1
YOLO11s,Norway__Norway_005727,D40,0,0,1
YOLO11s,Norway__Norway_005754,D00,3,2,6
YOLO11s,Norway__Norway_005760,D00,1,1,0
YOLO11s,Norway__Norway_005793,D00,1,0,2
YOLO11s,Norway__Norway_005810,D00,1,0,0
YOLO11s,Norway__Norway_005820,D00,0,0,2
YOLO11s,Norway__Norway_005820,D40,0,0,1
YOLO11s,Norway__Norway_005826,D00,1,0,0
YOLO11s,Norway__Norway_005829,D00,0,0,2
YOLO11s,Norway__Norway_005835,D10,1,1,4
YOLO11s,Norway__Norway_005866,D00,1,0,0
YOLO11s,Norway__Norway_005898,D00,1,0,3
YOLO11s,Norway__Norway_005930,D00,4,2,0
YOLO11s,Norway__Norway_005964,D00,1,0,2
YOLO11s,Norway__Norway_005964,D10,0,0,5
YOLO11s,Norway__Norway_005971,D00,0,0,3
YOLO11s,Norway__Norway_005982,D00,0,1,1
YOLO11s,Norway__Norway_005982,D20,1,0,0
YOLO11s,Norway__Norway_005983,D00,1,0,1
YOLO11s,Norway__Norway_005996,D00,1,0,0
YOLO11s,Norway__Norway_006007,D10,0,1,0
YOLO11s,Norway__Norway_006023,D00,0,0,1
YOLO11s,Norway__Norway_006052,D00,1,0,0
YOLO11s,Norway__Norway_006133,D00,0,0,1
YOLO11s,Norway__Norway_006137,D00,0,1,0
YOLO11s,Norway__Norway_006137,D40,0,0,3
YOLO11s,Norway__Norway_006150,D00,0,0,1
YOLO11s,Norway__Norway_006166,D00,1,0,0
YOLO11s,Norway__Norway_006168,D00,3,3,8
YOLO11s,Norway__Norway_006168,D10,2,0,9
YOLO11s,Norway__Norway_006168,D20,0,0,1
YOLO11s,Norway__Norway_006168,D40,0,0,2
YOLO11s,Norway__Norway_006172,D10,0,0,1
YOLO11s,Norway__Norway_006193,D10,0,0,1
YOLO11s,Norway__Norway_006222,D00,1,1,1
YOLO11s,Norway__Norway_006222,D10,0,0,2
YOLO11s,Norway__Norway_006222,D20,0,0,2
YOLO11s,Norway__Norway_006227,D00,0,0,2
YOLO11s,Norway__Norway_006235,D00,2,4,6
YOLO11s,Norway__Norway_006235,D10,0,0,2
YOLO11s,Norway__Norway_006236,D00,1,0,4
YOLO11s,Norway__Norway_006236,D10,0,0,1
YOLO11s,Norway__Norway_006239,D00,0,1,0
YOLO11s,Norway__Norway_006261,D00,1,0,0
YOLO11s,Norway__Norway_006265,D00,0,0,4
YOLO11s,Norway__Norway_006271,D00,1,1,2
YOLO11s,Norway__Norway_006319,D00,2,1,2
YOLO11s,Norway__Norway_006319,D20,0,0,1
YOLO11s,Norway__Norway_006323,D00,1,2,7
YOLO11s,Norway__Norway_006331,D00,0,2,3
YOLO11s,Norway__Norway_006331,D20,1,1,2
YOLO11s,Norway__Norway_006335,D00,0,0,2
YOLO11s,Norway__Norway_006338,D00,2,1,6
YOLO11s,Norway__Norway_006338,D20,0,0,2
YOLO11s,Norway__Norway_006338,D40,0,0,2
YOLO11s,Norway__Norway_006349,D00,1,0,2
YOLO11s,Norway__Norway_006349,D10,0,0,1
YOLO11s,Norway__Norway_006360,D00,3,2,3
YOLO11s,Norway__Norway_006369,D00,0,1,1
YOLO11s,Norway__Norway_006379,D00,0,0,1
YOLO11s,Norway__Norway_006379,D20,0,1,1
YOLO11s,Norway__Norway_006404,D00,1,0,2
YOLO11s,Norway__Norway_006404,D10,1,0,0
YOLO11s,Norway__Norway_006417,D00,2,0,0
YOLO11s,Norway__Norway_006417,D10,0,0,1
YOLO11s,Norway__Norway_006467,D00,0,1,0
YOLO11s,Norway__Norway_006480,D00,3,0,2
YOLO11s,Norway__Norway_006482,D00,0,2,2
YOLO11s,Norway__Norway_006508,D10,0,0,1
YOLO11s,Norway__Norway_006528,D00,0,2,3
YOLO11s,Norway__Norway_006528,D10,0,0,1
YOLO11s,Norway__Norway_006533,D00,0,0,1
YOLO11s,Norway__Norway_006550,D00,1,1,5
YOLO11s,Norway__Norway_006556,D00,5,7,24
YOLO11s,Norway__Norway_006556,D10,0,0,2
YOLO11s,Norway__Norway_006559,D00,0,2,10
YOLO11s,Norway__Norway_006565,D00,0,0,8
YOLO11s,Norway__Norway_006565,D10,0,0,1
YOLO11s,Norway__Norway_006565,D20,0,0,2
YOLO11s,Norway__Norway_006583,D00,0,0,1
YOLO11s,Norway__Norway_006583,D10,0,0,1
YOLO11s,Norway__Norway_006598,D00,0,1,0
YOLO11s,Norway__Norway_006605,D00,0,0,3
YOLO11s,Norway__Norway_006605,D20,1,0,0
YOLO11s,Norway__Norway_006626,D00,0,0,1
YOLO11s,Norway__Norway_006627,D00,1,1,0
YOLO11s,Norway__Norway_006627,D10,1,0,0
YOLO11s,Norway__Norway_006647,D10,1,1,0
YOLO11s,Norway__Norway_006655,D40,0,0,1
YOLO11s,Norway__Norway_006711,D00,1,4,6
YOLO11s,Norway__Norway_006711,D10,0,0,1
YOLO11s,Norway__Norway_006739,D00,2,2,5
YOLO11s,Norway__Norway_006742,D00,0,0,1
YOLO11s,Norway__Norway_006820,D10,0,1,1
YOLO11s,Norway__Norway_006823,D00,0,1,0
YOLO11s,Norway__Norway_006823,D10,1,0,0
YOLO11s,Norway__Norway_006825,D00,4,1,4
YOLO11s,Norway__Norway_006825,D10,2,0,0
YOLO11s,Norway__Norway_006855,D00,0,1,0
YOLO11s,Norway__Norway_006897,D00,0,1,0
YOLO11s,Norway__Norway_006897,D10,0,0,3
YOLO11s,Norway__Norway_006935,D10,1,0,0
YOLO11s,Norway__Norway_006937,D00,2,2,1
YOLO11s,Norway__Norway_006942,D00,3,1,1
YOLO11s,Norway__Norway_006973,D00,2,3,0
YOLO11s,Norway__Norway_006994,D00,0,1,0
YOLO11s,Norway__Norway_007023,D00,0,0,2
YOLO11s,Norway__Norway_007040,D00,1,0,4
YOLO11s,Norway__Norway_007047,D00,1,0,0
YOLO11s,Norway__Norway_007053,D00,1,0,0
YOLO11s,Norway__Norway_007099,D00,1,0,2
YOLO11s,Norway__Norway_007124,D00,0,3,1
YOLO11s,Norway__Norway_007125,D10,0,0,1
YOLO11s,Norway__Norway_007129,D00,0,1,0
YOLO11s,Norway__Norway_007138,D00,1,1,5
YOLO11s,Norway__Norway_007140,D00,0,0,2
YOLO11s,Norway__Norway_007142,D00,1,0,13
YOLO11s,Norway__Norway_007144,D00,0,0,2
YOLO11s,Norway__Norway_007148,D00,2,0,6
YOLO11s,Norway__Norway_007149,D00,0,0,2
YOLO11s,Norway__Norway_007158,D00,0,1,0
YOLO11s,Norway__Norway_007168,D10,0,0,1
YOLO11s,Norway__Norway_007168,D20,0,0,1
YOLO11s,Norway__Norway_007190,D40,0,0,1
YOLO11s,Norway__Norway_007195,D00,0,0,2
YOLO11s,Norway__Norway_007202,D00,0,0,2
YOLO11s,Norway__Norway_007202,D20,0,0,1
YOLO11s,Norway__Norway_007202,D40,0,0,1
YOLO11s,Norway__Norway_007216,D00,0,0,1
YOLO11s,Norway__Norway_007224,D10,0,1,0
YOLO11s,Norway__Norway_007231,D00,0,1,0
YOLO11s,Norway__Norway_007231,D40,0,0,2
YOLO11s,Norway__Norway_007239,D00,0,0,1
YOLO11s,Norway__Norway_007249,D00,0,0,1
YOLO11s,Norway__Norway_007264,D00,2,1,7
YOLO11s,Norway__Norway_007264,D10,0,0,1
YOLO11s,Norway__Norway_007264,D20,0,0,4
YOLO11s,Norway__Norway_007267,D00,1,1,3
YOLO11s,Norway__Norway_007285,D00,0,0,1
YOLO11s,Norway__Norway_007292,D00,3,3,3
YOLO11s,Norway__Norway_007292,D10,1,1,1
YOLO11s,Norway__Norway_007329,D00,0,2,5
YOLO11s,Norway__Norway_007329,D40,0,2,3
YOLO11s,Norway__Norway_007355,D00,1,0,0
YOLO11s,Norway__Norway_007356,D00,1,2,1
YOLO11s,Norway__Norway_007372,D00,4,2,1
YOLO11s,Norway__Norway_007372,D10,0,0,3
YOLO11s,Norway__Norway_007373,D00,0,1,0
YOLO11s,Norway__Norway_007398,D00,1,0,1
YOLO11s,Norway__Norway_007417,D00,1,0,2
YOLO11s,Norway__Norway_007428,D00,1,0,4
YOLO11s,Norway__Norway_007428,D10,0,0,2
YOLO11s,Norway__Norway_007497,D10,0,0,1
YOLO11s,Norway__Norway_007498,D20,1,0,1
YOLO11s,Norway__Norway_007520,D00,1,1,3
YOLO11s,Norway__Norway_007520,D10,0,0,3
YOLO11s,Norway__Norway_007520,D20,0,0,4
YOLO11s,Norway__Norway_007535,D00,0,0,1
YOLO11s,Norway__Norway_007535,D20,1,0,0
YOLO11s,Norway__Norway_007536,D00,0,1,0
YOLO11s,Norway__Norway_007540,D40,0,0,5
YOLO11s,Norway__Norway_007586,D00,0,0,1
YOLO11s,Norway__Norway_007589,D00,1,1,2
YOLO11s,Norway__Norway_007634,D00,0,0,2
YOLO11s,Norway__Norway_007634,D10,0,0,1
YOLO11s,Norway__Norway_007659,D00,0,0,4
YOLO11s,Norway__Norway_007659,D10,0,0,1
YOLO11s,Norway__Norway_007680,D00,0,0,6
YOLO11s,Norway__Norway_007680,D10,0,0,1
YOLO11s,Norway__Norway_007704,D00,2,1,0
YOLO11s,Norway__Norway_007707,D00,0,2,0
YOLO11s,Norway__Norway_007707,D40,0,0,1
YOLO11s,Norway__Norway_007718,D00,2,4,8
YOLO11s,Norway__Norway_007718,D10,0,0,1
YOLO11s,Norway__Norway_007747,D00,0,0,1
YOLO11s,Norway__Norway_007747,D10,0,0,2
YOLO11s,Norway__Norway_007780,D00,1,0,2
YOLO11s,Norway__Norway_007784,D00,0,1,0
YOLO11s,Norway__Norway_007799,D00,8,5,6
YOLO11s,Norway__Norway_007799,D10,0,0,3
YOLO11s,Norway__Norway_007799,D40,1,0,0
YOLO11s,Norway__Norway_007812,D00,0,0,2
YOLO11s,Norway__Norway_007824,D40,1,0,0
YOLO11s,Norway__Norway_007828,D10,0,1,0
YOLO11s,Norway__Norway_007832,D00,0,0,1
YOLO11s,Norway__Norway_007834,D00,0,0,2
YOLO11s,Norway__Norway_007834,D10,0,0,1
YOLO11s,Norway__Norway_007861,D00,1,2,1
YOLO11s,Norway__Norway_007902,D00,0,0,2
YOLO11s,Norway__Norway_007931,D10,0,0,1
YOLO11s,Norway__Norway_007940,D00,1,0,0
YOLO11s,Norway__Norway_007965,D00,1,1,4
YOLO11s,Norway__Norway_007965,D10,0,1,3
YOLO11s,Norway__Norway_007965,D20,1,0,0
YOLO11s,Norway__Norway_007970,D00,0,1,1
YOLO11s,Norway__Norway_007970,D40,0,0,2
YOLO11s,Norway__Norway_007981,D00,0,0,1
YOLO11s,Norway__Norway_007982,D00,3,2,0
YOLO11s,Norway__Norway_007982,D10,0,0,2
YOLO11s,Norway__Norway_007999,D00,0,0,1
YOLO11s,Norway__Norway_008000,D00,1,0,1
YOLO11s,Norway__Norway_008007,D00,0,0,2
YOLO11s,Norway__Norway_008036,D00,0,0,1
YOLO11s,Norway__Norway_008100,D00,0,0,5
YOLO11s,Norway__Norway_008100,D10,0,0,1
YOLO11s,Norway__Norway_008100,D20,1,1,1
YOLO11s,Norway__Norway_008137,D00,1,1,1
YOLO11s,Norway__Norway_008137,D40,0,0,1
YOLO11s,Norway__Norway_008146,D00,0,0,1
YOLO11s,Norway__Norway_008156,D00,1,0,3
YOLO11s,United_States__United_States_000005,D00,1,1,0
YOLO11s,United_States__United_States_000009,D00,1,3,0
YOLO11s,United_States__United_States_000022,D00,1,1,0
YOLO11s,United_States__United_States_000022,D10,2,0,0
YOLO11s,United_States__United_States_000023,D00,1,0,0
YOLO11s,United_States__United_States_000023,D10,0,1,0
YOLO11s,United_States__United_States_000028,D10,2,0,0
YOLO11s,United_States__United_States_000031,D00,2,2,0
YOLO11s,United_States__United_States_000031,D10,1,1,0
YOLO11s,United_States__United_States_000043,D00,1,1,1
YOLO11s,United_States__United_States_000043,D20,0,0,1
YOLO11s,United_States__United_States_000046,D00,0,0,1
YOLO11s,United_States__United_States_000046,D10,0,0,1
YOLO11s,United_States__United_States_000052,D10,1,1,0
YOLO11s,United_States__United_States_000061,D00,2,2,0
YOLO11s,United_States__United_States_000062,D00,1,0,0
YOLO11s,United_States__United_States_000062,D10,1,1,1
YOLO11s,United_States__United_States_000062,D40,0,0,1
YOLO11s,United_States__United_States_000078,D00,1,2,0
YOLO11s,United_States__United_States_000078,D10,0,2,0
YOLO11s,United_States__United_States_000100,D00,1,1,1
YOLO11s,United_States__United_States_000100,D10,2,0,0
YOLO11s,United_States__United_States_000102,D40,0,0,1
YOLO11s,United_States__United_States_000103,D00,1,0,0
YOLO11s,United_States__United_States_000107,D00,4,0,0
YOLO11s,United_States__United_States_000107,D10,1,0,0
YOLO11s,United_States__United_States_000110,D00,1,1,0
YOLO11s,United_States__United_States_000125,D00,1,2,0
YOLO11s,United_States__United_States_000127,D10,2,1,1
YOLO11s,United_States__United_States_000129,D00,1,0,0
YOLO11s,United_States__United_States_000129,D10,0,0,1
YOLO11s,United_States__United_States_000132,D00,1,0,0
YOLO11s,United_States__United_States_000158,D00,0,2,2
YOLO11s,United_States__United_States_000158,D10,1,1,0
YOLO11s,United_States__United_States_000171,D00,2,2,0
YOLO11s,United_States__United_States_000180,D00,2,1,0
YOLO11s,United_States__United_States_000180,D10,3,0,0
YOLO11s,United_States__United_States_000191,D00,2,3,0
YOLO11s,United_States__United_States_000191,D10,0,0,1
YOLO11s,United_States__United_States_000194,D10,0,1,0
YOLO11s,United_States__United_States_000194,D20,1,0,0
YOLO11s,United_States__United_States_000197,D00,1,1,0
YOLO11s,United_States__United_States_000197,D10,0,1,1
YOLO11s,United_States__United_States_000198,D00,1,1,1
YOLO11s,United_States__United_States_000198,D10,0,0,1
YOLO11s,United_States__United_States_000202,D00,1,1,0
YOLO11s,United_States__United_States_000203,D00,1,0,0
YOLO11s,United_States__United_States_000211,D00,0,1,1
YOLO11s,United_States__United_States_000211,D10,0,0,1
YOLO11s,United_States__United_States_000213,D00,0,3,1
YOLO11s,United_States__United_States_000213,D10,2,1,1
YOLO11s,United_States__United_States_000214,D00,0,2,2
YOLO11s,United_States__United_States_000214,D10,1,0,0
YOLO11s,United_States__United_States_000219,D00,1,0,1
YOLO11s,United_States__United_States_000219,D10,1,1,1
YOLO11s,United_States__United_States_000227,D00,1,1,1
YOLO11s,United_States__United_States_000234,D20,1,0,0
YOLO11s,United_States__United_States_000255,D00,2,0,0
YOLO11s,United_States__United_States_000263,D00,2,3,0
YOLO11s,United_States__United_States_000263,D10,1,0,1
YOLO11s,United_States__United_States_000279,D00,3,0,0
YOLO11s,United_States__United_States_000279,D10,1,1,0
YOLO11s,United_States__United_States_000281,D00,1,0,0
YOLO11s,United_States__United_States_000281,D10,0,2,2
YOLO11s,United_States__United_States_000285,D00,0,0,1
YOLO11s,United_States__United_States_000285,D10,0,1,0
YOLO11s,United_States__United_States_000294,D00,1,0,1
YOLO11s,United_States__United_States_000302,D00,3,1,0
YOLO11s,United_States__United_States_000302,D20,0,1,0
YOLO11s,United_States__United_States_000319,D00,4,1,0
YOLO11s,United_States__United_States_000319,D10,0,1,0
YOLO11s,United_States__United_States_000325,D20,0,0,1
YOLO11s,United_States__United_States_000343,D00,3,2,0
YOLO11s,United_States__United_States_000349,D00,2,1,1
YOLO11s,United_States__United_States_000349,D10,1,0,0
YOLO11s,United_States__United_States_000350,D00,1,1,0
YOLO11s,United_States__United_States_000353,D00,0,1,1
YOLO11s,United_States__United_States_000353,D20,0,0,1
YOLO11s,United_States__United_States_000358,D00,1,0,0
YOLO11s,United_States__United_States_000358,D10,1,0,0
YOLO11s,United_States__United_States_000358,D20,1,0,0
YOLO11s,United_States__United_States_000370,D00,1,2,1
YOLO11s,United_States__United_States_000370,D10,1,0,1
YOLO11s,United_States__United_States_000370,D20,0,0,1
YOLO11s,United_States__United_States_000371,D00,0,0,2
YOLO11s,United_States__United_States_000371,D10,0,0,1
YOLO11s,United_States__United_States_000372,D00,0,1,0
YOLO11s,United_States__United_States_000372,D10,0,0,1
YOLO11s,United_States__United_States_000372,D20,1,0,0
YOLO11s,United_States__United_States_000374,D00,1,1,0
YOLO11s,United_States__United_States_000375,D00,0,1,0
YOLO11s,United_States__United_States_000375,D10,2,0,2
YOLO11s,United_States__United_States_000375,D40,0,1,0
YOLO11s,United_States__United_States_000376,D00,2,4,2
YOLO11s,United_States__United_States_000376,D10,1,0,0
YOLO11s,United_States__United_States_000382,D00,2,2,1
YOLO11s,United_States__United_States_000382,D20,0,0,1
YOLO11s,United_States__United_States_000384,D00,0,0,1
YOLO11s,United_States__United_States_000384,D10,0,0,1
YOLO11s,United_States__United_States_000384,D20,0,1,0
YOLO11s,United_States__United_States_000407,D00,1,0,0
YOLO11s,United_States__United_States_000407,D10,0,0,1
YOLO11s,United_States__United_States_000411,D00,1,0,0
YOLO11s,United_States__United_States_000415,D00,1,1,0
YOLO11s,United_States__United_States_000415,D10,3,2,1
YOLO11s,United_States__United_States_000441,D00,2,2,0
YOLO11s,United_States__United_States_000447,D00,1,1,0
YOLO11s,United_States__United_States_000452,D00,1,1,0
YOLO11s,United_States__United_States_000456,D00,0,2,1
YOLO11s,United_States__United_States_000456,D10,0,1,1
YOLO11s,United_States__United_States_000465,D00,0,0,1
YOLO11s,United_States__United_States_000465,D10,1,0,1
YOLO11s,United_States__United_States_000473,D20,1,0,0
YOLO11s,United_States__United_States_000476,D00,2,1,0
YOLO11s,United_States__United_States_000476,D20,1,0,0
YOLO11s,United_States__United_States_000478,D00,1,1,0
YOLO11s,United_States__United_States_000485,D00,1,0,0
YOLO11s,United_States__United_States_000492,D00,1,1,0
YOLO11s,United_States__United_States_000492,D10,1,0,0
YOLO11s,United_States__United_States_000494,D00,1,1,0
YOLO11s,United_States__United_States_000494,D10,1,1,0
YOLO11s,United_States__United_States_000512,D00,2,1,0
YOLO11s,United_States__United_States_000528,D00,2,1,2
YOLO11s,United_States__United_States_000528,D10,1,1,2
YOLO11s,United_States__United_States_000537,D00,0,2,0
YOLO11s,United_States__United_States_000537,D10,1,1,0
YOLO11s,United_States__United_States_000544,D00,0,0,1
YOLO11s,United_States__United_States_000544,D10,0,0,1
YOLO11s,United_States__United_States_000546,D00,1,2,2
YOLO11s,United_States__United_States_000547,D00,2,1,3
YOLO11s,United_States__United_States_000547,D10,1,2,2
YOLO11s,United_States__United_States_000560,D00,2,2,1
YOLO11s,United_States__United_States_000560,D10,2,2,0
YOLO11s,United_States__United_States_000563,D00,1,3,1
YOLO11s,United_States__United_States_000569,D00,0,1,0
YOLO11s,United_States__United_States_000569,D10,1,2,1
YOLO11s,United_States__United_States_000570,D00,2,0,1
YOLO11s,United_States__United_States_000570,D10,0,0,1
YOLO11s,United_States__United_States_000572,D00,2,1,0
YOLO11s,United_States__United_States_000572,D10,0,3,1
YOLO11s,United_States__United_States_000594,D00,2,0,0
YOLO11s,United_States__United_States_000594,D10,2,0,0
YOLO11s,United_States__United_States_000597,D00,0,1,1
YOLO11s,United_States__United_States_000598,D00,2,0,1
YOLO11s,United_States__United_States_000598,D10,1,0,2
YOLO11s,United_States__United_States_000598,D20,0,1,0
YOLO11s,United_States__United_States_000602,D00,1,2,1
YOLO11s,United_States__United_States_000602,D10,0,0,1
YOLO11s,United_States__United_States_000613,D00,1,0,0
YOLO11s,United_States__United_States_000633,D00,1,1,0
YOLO11s,United_States__United_States_000634,D00,1,0,0
YOLO11s,United_States__United_States_000634,D10,1,1,0
YOLO11s,United_States__United_States_000637,D00,0,1,0
YOLO11s,United_States__United_States_000637,D10,1,0,1
YOLO11s,United_States__United_States_000637,D20,1,0,0
YOLO11s,United_States__United_States_000642,D00,0,1,2
YOLO11s,United_States__United_States_000642,D10,0,1,1
YOLO11s,United_States__United_States_000643,D00,1,0,0
YOLO11s,United_States__United_States_000643,D10,1,0,0
YOLO11s,United_States__United_States_000644,D00,1,0,0
YOLO11s,United_States__United_States_000644,D10,1,0,0
YOLO11s,United_States__United_States_000644,D20,0,1,0
YOLO11s,United_States__United_States_000648,D00,0,0,1
YOLO11s,United_States__United_States_000658,D00,2,1,0
YOLO11s,United_States__United_States_000661,D00,3,1,1
YOLO11s,United_States__United_States_000661,D10,1,2,1
YOLO11s,United_States__United_States_000661,D20,0,0,1
YOLO11s,United_States__United_States_000668,D10,1,1,0
YOLO11s,United_States__United_States_000672,D00,2,1,0
YOLO11s,United_States__United_States_000672,D20,0,0,1
YOLO11s,United_States__United_States_000674,D00,1,0,0
YOLO11s,United_States__United_States_000674,D10,0,0,1
YOLO11s,United_States__United_States_000684,D00,2,2,0
YOLO11s,United_States__United_States_000684,D20,0,0,1
YOLO11s,United_States__United_States_000684,D40,0,0,1
YOLO11s,United_States__United_States_000685,D00,1,1,2
YOLO11s,United_States__United_States_000685,D10,0,1,1
YOLO11s,United_States__United_States_000692,D00,2,0,0
YOLO11s,United_States__United_States_000692,D20,0,0,1
YOLO11s,United_States__United_States_000708,D10,0,1,0
YOLO11s,United_States__United_States_000708,D20,1,0,0
YOLO11s,United_States__United_States_000709,D00,2,3,0
YOLO11s,United_States__United_States_000710,D00,1,1,0
YOLO11s,United_States__United_States_000711,D00,5,1,0
YOLO11s,United_States__United_States_000713,D00,3,1,0
YOLO11s,United_States__United_States_000725,D00,0,0,1
YOLO11s,United_States__United_States_000725,D10,0,1,1
YOLO11s,United_States__United_States_000728,D00,1,0,0
YOLO11s,United_States__United_States_000733,D00,1,3,0
YOLO11s,United_States__United_States_000733,D10,0,0,1
YOLO11s,United_States__United_States_000739,D00,2,0,0
YOLO11s,United_States__United_States_000739,D10,1,1,0
YOLO11s,United_States__United_States_000739,D40,0,0,1
YOLO11s,United_States__United_States_000741,D00,1,1,3
YOLO11s,United_States__United_States_000741,D20,0,2,0
YOLO11s,United_States__United_States_000743,D10,1,0,1
YOLO11s,United_States__United_States_000745,D00,2,0,0
YOLO11s,United_States__United_States_000746,D00,1,0,0
YOLO11s,United_States__United_States_000746,D10,0,0,1
YOLO11s,United_States__United_States_000749,D00,1,1,0
YOLO11s,United_States__United_States_000749,D10,1,0,0
YOLO11s,United_States__United_States_000751,D00,3,2,0
YOLO11s,United_States__United_States_000755,D00,2,0,0
YOLO11s,United_States__United_States_000763,D00,0,0,1
YOLO11s,United_States__United_States_000763,D10,0,1,0
YOLO11s,United_States__United_States_000763,D20,1,0,1
YOLO11s,United_States__United_States_000765,D00,1,2,1
YOLO11s,United_States__United_States_000765,D10,1,1,1
YOLO11s,United_States__United_States_000771,D00,0,1,2
YOLO11s,United_States__United_States_000774,D00,0,1,1
YOLO11s,United_States__United_States_000776,D00,1,0,0
YOLO11s,United_States__United_States_000776,D10,0,0,1
YOLO11s,United_States__United_States_000792,D00,0,1,1
YOLO11s,United_States__United_States_000792,D10,2,1,1
YOLO11s,United_States__United_States_000794,D00,1,1,0
YOLO11s,United_States__United_States_000796,D00,1,0,0
YOLO11s,United_States__United_States_000803,D10,1,0,0
YOLO11s,United_States__United_States_000805,D00,1,1,2
YOLO11s,United_States__United_States_000806,D00,2,1,0
YOLO11s,United_States__United_States_000818,D00,0,1,0
YOLO11s,United_States__United_States_000818,D10,1,2,0
YOLO11s,United_States__United_States_000818,D20,0,0,1
YOLO11s,United_States__United_States_000828,D00,1,0,0
YOLO11s,United_States__United_States_000831,D00,1,0,0
YOLO11s,United_States__United_States_000835,D00,2,1,0
YOLO11s,United_States__United_States_000846,D00,0,1,0
YOLO11s,United_States__United_States_000846,D10,1,0,0
YOLO11s,United_States__United_States_000860,D00,1,0,0
YOLO11s,United_States__United_States_000871,D00,2,0,0
YOLO11s,United_States__United_States_000879,D00,1,3,1
YOLO11s,United_States__United_States_000879,D10,0,3,1
YOLO11s,United_States__United_States_000883,D00,2,1,1
YOLO11s,United_States__United_States_000883,D10,1,0,0
YOLO11s,United_States__United_States_000887,D00,1,1,0
YOLO11s,United_States__United_States_000903,D00,0,0,1
YOLO11s,United_States__United_States_000903,D10,1,0,0
YOLO11s,United_States__United_States_000905,D00,2,2,2
YOLO11s,United_States__United_States_000905,D10,1,1,0
YOLO11s,United_States__United_States_000905,D20,0,1,0
YOLO11s,United_States__United_States_000928,D00,3,1,0
YOLO11s,United_States__United_States_000928,D10,0,0,1
YOLO11s,United_States__United_States_000934,D00,0,1,0
YOLO11s,United_States__United_States_000934,D10,1,0,0
YOLO11s,United_States__United_States_000941,D00,1,1,0
YOLO11s,United_States__United_States_000941,D10,1,0,0
YOLO11s,United_States__United_States_000958,D00,1,0,0
YOLO11s,United_States__United_States_000963,D00,2,0,1
YOLO11s,United_States__United_States_000963,D10,0,3,2
YOLO11s,United_States__United_States_000971,D00,2,0,0
YOLO11s,United_States__United_States_000994,D00,1,0,0
YOLO11s,United_States__United_States_000994,D10,0,0,1
YOLO11s,United_States__United_States_001010,D00,0,0,1
YOLO11s,United_States__United_States_001025,D00,1,2,0
YOLO11s,United_States__United_States_001034,D00,1,2,4
YOLO11s,United_States__United_States_001034,D10,0,0,1
YOLO11s,United_States__United_States_001041,D00,0,2,1
YOLO11s,United_States__United_States_001043,D00,1,1,0
YOLO11s,United_States__United_States_001049,D10,1,0,0
YOLO11s,United_States__United_States_001057,D00,0,1,1
YOLO11s,United_States__United_States_001057,D10,0,1,1
YOLO11s,United_States__United_States_001058,D00,1,0,0
YOLO11s,United_States__United_States_001063,D10,1,0,0
YOLO11s,United_States__United_States_001070,D20,1,1,0
YOLO11s,United_States__United_States_001075,D00,2,2,1
YOLO11s,United_States__United_States_001075,D10,1,2,0
YOLO11s,United_States__United_States_001079,D00,1,0,0
YOLO11s,United_States__United_States_001079,D10,0,0,1
YOLO11s,United_States__United_States_001084,D00,0,0,3
YOLO11s,United_States__United_States_001088,D00,1,0,0
YOLO11s,United_States__United_States_001095,D00,0,0,1
YOLO11s,United_States__United_States_001095,D10,1,1,0
YOLO11s,United_States__United_States_001100,D00,1,1,0
YOLO11s,United_States__United_States_001100,D10,2,0,0
YOLO11s,United_States__United_States_001100,D20,1,0,0
YOLO11s,United_States__United_States_001102,D00,1,2,1
YOLO11s,United_States__United_States_001102,D10,0,0,1
YOLO11s,United_States__United_States_001105,D00,1,1,1
YOLO11s,United_States__United_States_001112,D00,2,2,0
YOLO11s,United_States__United_States_001115,D00,1,1,1
YOLO11s,United_States__United_States_001118,D00,0,1,1
YOLO11s,United_States__United_States_001119,D00,1,1,0
YOLO11s,United_States__United_States_001119,D10,0,1,2
YOLO11s,United_States__United_States_001119,D40,0,1,0
YOLO11s,United_States__United_States_001121,D00,0,1,0
YOLO11s,United_States__United_States_001121,D10,0,1,0
YOLO11s,United_States__United_States_001121,D20,1,0,0
YOLO11s,United_States__United_States_001137,D00,1,0,0
YOLO11s,United_States__United_States_001138,D00,0,1,3
YOLO11s,United_States__United_States_001138,D10,0,0,1
YOLO11s,United_States__United_States_001142,D20,1,0,0
YOLO11s,United_States__United_States_001147,D00,0,1,0
YOLO11s,United_States__United_States_001147,D10,0,1,2
YOLO11s,United_States__United_States_001147,D20,0,0,1
YOLO11s,United_States__United_States_001160,D00,1,2,0
YOLO11s,United_States__United_States_001162,D00,1,2,0
YOLO11s,United_States__United_States_001162,D20,0,0,1
YOLO11s,United_States__United_States_001163,D20,1,1,0
YOLO11s,United_States__United_States_001168,D00,0,1,1
YOLO11s,United_States__United_States_001170,D00,0,0,1
YOLO11s,United_States__United_States_001173,D10,2,1,1
YOLO11s,United_States__United_States_001178,D00,3,0,0
YOLO11s,United_States__United_States_001181,D00,1,1,2
YOLO11s,United_States__United_States_001181,D10,0,0,1
YOLO11s,United_States__United_States_001190,D00,1,0,0
YOLO11s,United_States__United_States_001192,D00,0,1,0
YOLO11s,United_States__United_States_001192,D20,1,0,0
YOLO11s,United_States__United_States_001199,D00,1,1,0
YOLO11s,United_States__United_States_001199,D10,0,1,0
YOLO11s,United_States__United_States_001199,D20,0,0,1
YOLO11s,United_States__United_States_001216,D00,1,1,1
YOLO11s,United_States__United_States_001216,D10,3,0,0
YOLO11s,United_States__United_States_001216,D20,1,1,0
YOLO11s,United_States__United_States_001219,D00,1,0,0
YOLO11s,United_States__United_States_001230,D00,1,0,0
YOLO11s,United_States__United_States_001230,D10,0,1,0
YOLO11s,United_States__United_States_001238,D10,1,0,0
YOLO11s,United_States__United_States_001276,D00,1,0,0
YOLO11s,United_States__United_States_001288,D00,0,2,0
YOLO11s,United_States__United_States_001288,D10,0,0,1
YOLO11s,United_States__United_States_001289,D00,0,2,0
YOLO11s,United_States__United_States_001289,D10,1,0,0
YOLO11s,United_States__United_States_001295,D00,1,2,0
YOLO11s,United_States__United_States_001298,D00,2,0,0
YOLO11s,United_States__United_States_001298,D10,1,2,0
YOLO11s,United_States__United_States_001322,D00,1,0,0
YOLO11s,United_States__United_States_001322,D10,1,1,0
YOLO11s,United_States__United_States_001330,D00,1,2,0
YOLO11s,United_States__United_States_001330,D10,1,0,1
YOLO11s,United_States__United_States_001336,D00,2,4,1
YOLO11s,United_States__United_States_001336,D10,0,1,1
YOLO11s,United_States__United_States_001354,D00,0,1,3
YOLO11s,United_States__United_States_001354,D10,0,0,2
YOLO11s,United_States__United_States_001357,D10,0,0,1
YOLO11s,United_States__United_States_001376,D00,2,0,0
YOLO11s,United_States__United_States_001376,D10,0,3,1
YOLO11s,United_States__United_States_001377,D00,1,0,0
YOLO11s,United_States__United_States_001377,D10,1,0,0
YOLO11s,United_States__United_States_001398,D00,3,2,1
YOLO11s,United_States__United_States_001398,D10,0,0,1
YOLO11s,United_States__United_States_001398,D20,0,0,1
YOLO11s,United_States__United_States_001401,D00,1,0,0
YOLO11s,United_States__United_States_001423,D00,1,1,0
YOLO11s,United_States__United_States_001427,D10,1,0,0
YOLO11s,United_States__United_States_001428,D10,0,0,1
YOLO11s,United_States__United_States_001432,D00,1,0,1
YOLO11s,United_States__United_States_001432,D10,1,0,0
YOLO11s,United_States__United_States_001438,D00,2,1,0
YOLO11s,United_States__United_States_001438,D10,1,0,0
YOLO11s,United_States__United_States_001453,D00,1,2,0
YOLO11s,United_States__United_States_001453,D10,0,0,1
YOLO11s,United_States__United_States_001460,D00,1,1,0
YOLO11s,United_States__United_States_001460,D10,0,1,1
YOLO11s,United_States__United_States_001481,D00,0,2,1
YOLO11s,United_States__United_States_001481,D10,0,0,1
YOLO11s,United_States__United_States_001483,D00,1,0,1
YOLO11s,United_States__United_States_001483,D10,0,0,1
YOLO11s,United_States__United_States_001497,D00,0,0,1
YOLO11s,United_States__United_States_001497,D10,0,1,0
YOLO11s,United_States__United_States_001499,D00,2,0,0
YOLO11s,United_States__United_States_001502,D00,1,0,0
YOLO11s,United_States__United_States_001511,D00,0,1,1
YOLO11s,United_States__United_States_001511,D10,1,1,0
YOLO11s,United_States__United_States_001513,D00,0,1,1
YOLO11s,United_States__United_States_001518,D00,1,1,1
YOLO11s,United_States__United_States_001518,D10,0,0,1
YOLO11s,United_States__United_States_001523,D00,1,3,1
YOLO11s,United_States__United_States_001523,D10,3,0,0
YOLO11s,United_States__United_States_001524,D10,0,1,1
YOLO11s,United_States__United_States_001535,D00,1,1,0
YOLO11s,United_States__United_States_001536,D00,2,1,0
YOLO11s,United_States__United_States_001553,D00,1,1,0
YOLO11s,United_States__United_States_001557,D00,0,1,0
YOLO11s,United_States__United_States_001557,D10,0,0,1
YOLO11s,United_States__United_States_001570,D10,1,0,0
YOLO11s,United_States__United_States_001572,D00,1,0,1
YOLO11s,United_States__United_States_001573,D00,1,0,1
YOLO11s,United_States__United_States_001575,D00,1,0,0
YOLO11s,United_States__United_States_001575,D10,2,3,0
YOLO11s,United_States__United_States_001578,D00,1,0,0
YOLO11s,United_States__United_States_001578,D10,3,1,1
YOLO11s,United_States__United_States_001585,D20,1,0,0
YOLO11s,United_States__United_States_001589,D00,1,0,0
YOLO11s,United_States__United_States_001589,D10,0,1,0
YOLO11s,United_States__United_States_001591,D00,1,0,0
YOLO11s,United_States__United_States_001594,D00,0,0,1
YOLO11s,United_States__United_States_001614,D00,1,2,0
YOLO11s,United_States__United_States_001614,D10,2,0,0
YOLO11s,United_States__United_States_001616,D10,1,0,1
YOLO11s,United_States__United_States_001616,D20,1,1,0
YOLO11s,United_States__United_States_001618,D00,1,0,0
YOLO11s,United_States__United_States_001639,D00,1,2,1
YOLO11s,United_States__United_States_001639,D10,0,1,0
YOLO11s,United_States__United_States_001654,D00,0,0,1
YOLO11s,United_States__United_States_001654,D10,0,1,1
YOLO11s,United_States__United_States_001656,D00,2,0,0
YOLO11s,United_States__United_States_001661,D00,2,0,0
YOLO11s,United_States__United_States_001666,D00,0,1,1
YOLO11s,United_States__United_States_001669,D00,1,0,0
YOLO11s,United_States__United_States_001669,D10,1,0,0
YOLO11s,United_States__United_States_001671,D00,2,0,0
YOLO11s,United_States__United_States_001677,D00,1,0,0
YOLO11s,United_States__United_States_001681,D00,0,0,1
YOLO11s,United_States__United_States_001681,D10,0,0,2
YOLO11s,United_States__United_States_001681,D20,1,1,0
YOLO11s,United_States__United_States_001695,D00,1,0,1
YOLO11s,United_States__United_States_001700,D00,2,2,0
YOLO11s,United_States__United_States_001700,D10,0,0,1
YOLO11s,United_States__United_States_001707,D00,2,2,0
YOLO11s,United_States__United_States_001707,D10,1,1,3
YOLO11s,United_States__United_States_001711,D10,1,1,0
YOLO11s,United_States__United_States_001720,D20,1,0,0
YOLO11s,United_States__United_States_001721,D10,1,0,0
YOLO11s,United_States__United_States_001722,D00,2,1,0
YOLO11s,United_States__United_States_001722,D10,1,1,3
YOLO11s,United_States__United_States_001723,D10,0,0,1
YOLO11s,United_States__United_States_001738,D00,1,0,0
YOLO11s,United_States__United_States_001743,D00,1,0,0
YOLO11s,United_States__United_States_001762,D00,2,1,0
YOLO11s,United_States__United_States_001768,D00,0,0,1
YOLO11s,United_States__United_States_001768,D10,1,0,0
YOLO11s,United_States__United_States_001772,D00,0,2,1
YOLO11s,United_States__United_States_001772,D10,0,3,1
YOLO11s,United_States__United_States_001775,D00,0,2,0
YOLO11s,United_States__United_States_001775,D10,1,0,0
YOLO11s,United_States__United_States_001779,D00,2,2,1
YOLO11s,United_States__United_States_001779,D10,1,0,0
YOLO11s,United_States__United_States_001779,D20,1,0,0
YOLO11s,United_States__United_States_001786,D00,2,1,0
YOLO11s,United_States__United_States_001786,D10,2,0,0
YOLO11s,United_States__United_States_001786,D20,0,1,0
YOLO11s,United_States__United_States_001788,D00,0,0,1
YOLO11s,United_States__United_States_001788,D10,3,0,1
YOLO11s,United_States__United_States_001788,D20,0,1,0
YOLO11s,United_States__United_States_001796,D00,1,1,0
YOLO11s,United_States__United_States_001796,D10,1,1,0
YOLO11s,United_States__United_States_001822,D00,1,0,2
YOLO11s,United_States__United_States_001822,D10,0,0,1
YOLO11s,United_States__United_States_001822,D20,0,1,0
YOLO11s,United_States__United_States_001823,D10,1,0,0
YOLO11s,United_States__United_States_001825,D00,0,1,0
YOLO11s,United_States__United_States_001825,D10,1,1,0
YOLO11s,United_States__United_States_001828,D00,2,0,0
YOLO11s,United_States__United_States_001833,D00,1,0,0
YOLO11s,United_States__United_States_001840,D00,2,1,0
YOLO11s,United_States__United_States_001847,D00,0,0,1
YOLO11s,United_States__United_States_001847,D10,1,0,0
YOLO11s,United_States__United_States_001852,D10,2,2,0
YOLO11s,United_States__United_States_001877,D00,4,2,3
YOLO11s,United_States__United_States_001877,D10,0,1,1
YOLO11s,United_States__United_States_001879,D10,0,0,1
YOLO11s,United_States__United_States_001879,D20,2,0,0
YOLO11s,United_States__United_States_001880,D00,1,0,0
YOLO11s,United_States__United_States_001880,D10,1,3,0
YOLO11s,United_States__United_States_001886,D00,2,2,0
YOLO11s,United_States__United_States_001886,D10,2,2,0
YOLO11s,United_States__United_States_001886,D20,1,0,0
YOLO11s,United_States__United_States_001896,D00,1,2,1
YOLO11s,United_States__United_States_001896,D20,0,1,2
YOLO11s,United_States__United_States_001907,D00,2,0,0
YOLO11s,United_States__United_States_001907,D10,2,1,2
YOLO11s,United_States__United_States_001910,D00,1,2,0
YOLO11s,United_States__United_States_001917,D10,0,1,2
YOLO11s,United_States__United_States_001926,D00,2,1,0
YOLO11s,United_States__United_States_001926,D10,1,0,0
YOLO11s,United_States__United_States_001942,D00,0,0,1
YOLO11s,United_States__United_States_001943,D00,1,0,0
YOLO11s,United_States__United_States_001944,D00,1,1,0
YOLO11s,United_States__United_States_001949,D00,1,0,1
YOLO11s,United_States__United_States_001961,D00,1,2,0
YOLO11s,United_States__United_States_001961,D10,0,1,1
YOLO11s,United_States__United_States_001964,D00,2,0,1
YOLO11s,United_States__United_States_001964,D10,0,1,0
YOLO11s,United_States__United_States_001978,D00,1,1,0
YOLO11s,United_States__United_States_001981,D00,1,2,0
YOLO11s,United_States__United_States_001991,D00,1,0,0
YOLO11s,United_States__United_States_001997,D00,1,0,1
YOLO11s,United_States__United_States_001997,D10,1,0,0
YOLO11s,United_States__United_States_002009,D00,2,1,1
YOLO11s,United_States__United_States_002009,D10,1,1,0
YOLO11s,United_States__United_States_002009,D20,0,1,0
YOLO11s,United_States__United_States_002017,D00,1,1,0
YOLO11s,United_States__United_States_002017,D10,0,1,0
YOLO11s,United_States__United_States_002021,D00,1,1,1
YOLO11s,United_States__United_States_002021,D20,0,1,0
YOLO11s,United_States__United_States_002030,D00,1,0,1
YOLO11s,United_States__United_States_002030,D10,1,1,1
YOLO11s,United_States__United_States_002030,D20,0,0,1
YOLO11s,United_States__United_States_002032,D20,1,0,0
YOLO11s,United_States__United_States_002035,D20,1,0,0
YOLO11s,United_States__United_States_002035,D40,1,0,0
YOLO11s,United_States__United_States_002044,D00,1,0,0
YOLO11s,United_States__United_States_002048,D00,2,1,0
YOLO11s,United_States__United_States_002048,D10,2,0,0
YOLO11s,United_States__United_States_002061,D00,2,0,0
YOLO11s,United_States__United_States_002061,D10,0,0,1
YOLO11s,United_States__United_States_002064,D00,1,1,0
YOLO11s,United_States__United_States_002064,D10,0,1,0
YOLO11s,United_States__United_States_002064,D20,0,1,0
YOLO11s,United_States__United_States_002076,D00,1,2,0
YOLO11s,United_States__United_States_002076,D10,0,1,0
YOLO11s,United_States__United_States_002084,D00,1,1,1
YOLO11s,United_States__United_States_002088,D00,1,0,0
YOLO11s,United_States__United_States_002089,D00,1,0,0
YOLO11s,United_States__United_States_002089,D10,0,0,2
YOLO11s,United_States__United_States_002095,D00,4,1,0
YOLO11s,United_States__United_States_002095,D10,0,0,1
YOLO11s,United_States__United_States_002099,D00,0,2,1
YOLO11s,United_States__United_States_002099,D10,0,0,1
YOLO11s,United_States__United_States_002100,D10,3,1,0
YOLO11s,United_States__United_States_002100,D20,0,0,1
YOLO11s,United_States__United_States_002102,D00,0,2,0
YOLO11s,United_States__United_States_002102,D20,0,0,1
YOLO11s,United_States__United_States_002109,D00,1,1,1
YOLO11s,United_States__United_States_002126,D00,0,1,0
YOLO11s,United_States__United_States_002126,D10,1,1,0
YOLO11s,United_States__United_States_002131,D00,1,0,0
YOLO11s,United_States__United_States_002131,D10,1,0,0
YOLO11s,United_States__United_States_002138,D00,3,1,1
YOLO11s,United_States__United_States_002138,D10,0,1,0
YOLO11s,United_States__United_States_002139,D00,2,0,0
YOLO11s,United_States__United_States_002139,D10,0,0,1
YOLO11s,United_States__United_States_002143,D00,0,1,1
YOLO11s,United_States__United_States_002143,D10,0,1,0
YOLO11s,United_States__United_States_002144,D00,1,2,1
YOLO11s,United_States__United_States_002144,D20,0,0,1
YOLO11s,United_States__United_States_002148,D00,1,2,0
YOLO11s,United_States__United_States_002148,D10,0,1,1
YOLO11s,United_States__United_States_002154,D10,0,3,1
YOLO11s,United_States__United_States_002161,D00,1,2,0
YOLO11s,United_States__United_States_002161,D10,1,3,3
YOLO11s,United_States__United_States_002166,D00,1,0,0
YOLO11s,United_States__United_States_002166,D10,1,0,0
YOLO11s,United_States__United_States_002168,D00,3,0,0
YOLO11s,United_States__United_States_002184,D00,1,1,0
YOLO11s,United_States__United_States_002184,D10,2,1,0
YOLO11s,United_States__United_States_002186,D00,2,1,0
YOLO11s,United_States__United_States_002190,D00,1,1,1
YOLO11s,United_States__United_States_002196,D20,0,1,2
YOLO11s,United_States__United_States_002208,D20,1,1,0
YOLO11s,United_States__United_States_002208,D40,0,1,0
YOLO11s,United_States__United_States_002209,D00,3,1,2
YOLO11s,United_States__United_States_002217,D00,0,2,0
YOLO11s,United_States__United_States_002217,D10,1,1,0
YOLO11s,United_States__United_States_002233,D00,1,0,0
YOLO11s,United_States__United_States_002243,D10,0,0,1
YOLO11s,United_States__United_States_002245,D00,2,4,1
YOLO11s,United_States__United_States_002245,D10,1,0,0
YOLO11s,United_States__United_States_002246,D00,3,2,0
YOLO11s,United_States__United_States_002246,D10,1,0,0
YOLO11s,United_States__United_States_002249,D00,2,1,0
YOLO11s,United_States__United_States_002249,D10,1,1,1
YOLO11s,United_States__United_States_002255,D00,0,2,1
YOLO11s,United_States__United_States_002255,D10,0,0,1
YOLO11s,United_States__United_States_002258,D00,0,1,0
YOLO11s,United_States__United_States_002258,D20,1,0,0
YOLO11s,United_States__United_States_002265,D00,0,1,1
YOLO11s,United_States__United_States_002265,D20,1,0,0
YOLO11s,United_States__United_States_002272,D00,0,1,0
YOLO11s,United_States__United_States_002272,D10,1,0,0
YOLO11s,United_States__United_States_002272,D20,0,0,1
YOLO11s,United_States__United_States_002283,D00,1,1,1
YOLO11s,United_States__United_States_002292,D00,2,1,1
YOLO11s,United_States__United_States_002292,D10,1,0,0
YOLO11s,United_States__United_States_002294,D00,1,0,0
YOLO11s,United_States__United_States_002299,D00,1,0,1
YOLO11s,United_States__United_States_002302,D10,1,2,0
YOLO11s,United_States__United_States_002303,D00,1,0,0
YOLO11s,United_States__United_States_002303,D10,2,0,0
YOLO11s,United_States__United_States_002309,D00,0,1,3
YOLO11s,United_States__United_States_002309,D20,0,1,1
YOLO11s,United_States__United_States_002312,D00,0,1,1
YOLO11s,United_States__United_States_002312,D10,1,0,0
YOLO11s,United_States__United_States_002315,D00,0,1,1
YOLO11s,United_States__United_States_002315,D20,0,1,0
YOLO11s,United_States__United_States_002322,D00,3,4,0
YOLO11s,United_States__United_States_002327,D00,1,1,0
YOLO11s,United_States__United_States_002327,D10,0,3,1
YOLO11s,United_States__United_States_002328,D00,1,2,0
YOLO11s,United_States__United_States_002332,D20,1,0,0
YOLO11s,United_States__United_States_002334,D00,0,1,1
YOLO11s,United_States__United_States_002337,D00,0,3,2
YOLO11s,United_States__United_States_002337,D10,0,1,0
YOLO11s,United_States__United_States_002339,D00,1,1,0
YOLO11s,United_States__United_States_002359,D00,0,2,0
YOLO11s,United_States__United_States_002359,D10,1,0,0
YOLO11s,United_States__United_States_002361,D00,1,0,0
YOLO11s,United_States__United_States_002368,D00,2,1,2
YOLO11s,United_States__United_States_002370,D00,2,0,0
YOLO11s,United_States__United_States_002370,D10,0,0,1
YOLO11s,United_States__United_States_002388,D00,1,0,0
YOLO11s,United_States__United_States_002388,D10,1,0,1
YOLO11s,United_States__United_States_002390,D00,1,1,0
YOLO11s,United_States__United_States_002391,D10,1,1,0
YOLO11s,United_States__United_States_002394,D10,1,0,0
YOLO11s,United_States__United_States_002403,D00,1,0,0
YOLO11s,United_States__United_States_002403,D10,0,0,1
YOLO11s,United_States__United_States_002403,D20,1,1,0
YOLO11s,United_States__United_States_002405,D00,2,1,0
YOLO11s,United_States__United_States_002405,D10,0,2,2
YOLO11s,United_States__United_States_002405,D20,0,0,2
YOLO11s,United_States__United_States_002410,D10,1,3,0
YOLO11s,United_States__United_States_002410,D40,0,0,1
YOLO11s,United_States__United_States_002412,D10,2,1,0
YOLO11s,United_States__United_States_002417,D00,1,1,1
YOLO11s,United_States__United_States_002420,D00,3,0,0
YOLO11s,United_States__United_States_002428,D00,2,1,0
YOLO11s,United_States__United_States_002428,D10,1,0,0
YOLO11s,United_States__United_States_002432,D00,1,0,0
YOLO11s,United_States__United_States_002435,D00,1,1,0
YOLO11s,United_States__United_States_002435,D10,1,0,2
YOLO11s,United_States__United_States_002444,D00,2,0,4
YOLO11s,United_States__United_States_002448,D00,2,1,1
YOLO11s,United_States__United_States_002448,D10,1,0,0
YOLO11s,United_States__United_States_002451,D00,2,2,0
YOLO11s,United_States__United_States_002451,D10,1,0,0
YOLO11s,United_States__United_States_002460,D00,1,1,0
YOLO11s,United_States__United_States_002460,D10,0,2,1
YOLO11s,United_States__United_States_002462,D00,1,1,0
YOLO11s,United_States__United_States_002495,D00,2,0,0
YOLO11s,United_States__United_States_002502,D00,1,0,0
YOLO11s,United_States__United_States_002502,D10,0,1,0
YOLO11s,United_States__United_States_002502,D20,1,0,0
YOLO11s,United_States__United_States_002504,D00,1,0,0
YOLO11s,United_States__United_States_002510,D00,0,1,0
YOLO11s,United_States__United_States_002510,D20,0,0,1
YOLO11s,United_States__United_States_002513,D40,0,0,1
YOLO11s,United_States__United_States_002518,D00,1,0,1
YOLO11s,United_States__United_States_002518,D10,0,1,0
YOLO11s,United_States__United_States_002518,D20,1,1,0
YOLO11s,United_States__United_States_002522,D00,0,1,0
YOLO11s,United_States__United_States_002522,D10,1,0,0
YOLO11s,United_States__United_States_002531,D00,0,1,1
YOLO11s,United_States__United_States_002536,D00,1,1,0
YOLO11s,United_States__United_States_002541,D00,1,3,0
YOLO11s,United_States__United_States_002541,D10,1,1,0
YOLO11s,United_States__United_States_002542,D00,0,1,0
YOLO11s,United_States__United_States_002542,D10,1,2,1
YOLO11s,United_States__United_States_002542,D20,0,1,1
YOLO11s,United_States__United_States_002548,D00,2,0,0
YOLO11s,United_States__United_States_002560,D00,2,2,1
YOLO11s,United_States__United_States_002560,D20,0,1,0
YOLO11s,United_States__United_States_002561,D00,1,1,0
YOLO11s,United_States__United_States_002566,D00,2,1,1
YOLO11s,United_States__United_States_002566,D10,0,1,1
YOLO11s,United_States__United_States_002575,D10,1,0,0
YOLO11s,United_States__United_States_002577,D00,0,2,0
YOLO11s,United_States__United_States_002577,D20,1,0,0
YOLO11s,United_States__United_States_002577,D40,0,0,2
YOLO11s,United_States__United_States_002602,D10,1,0,0
YOLO11s,United_States__United_States_002603,D00,1,0,0
YOLO11s,United_States__United_States_002603,D10,1,1,0
YOLO11s,United_States__United_States_002609,D00,2,0,0
YOLO11s,United_States__United_States_002610,D10,1,1,0
YOLO11s,United_States__United_States_002610,D20,1,1,0
YOLO11s,United_States__United_States_002611,D00,2,0,1
YOLO11s,United_States__United_States_002612,D00,2,0,0
YOLO11s,United_States__United_States_002612,D10,0,0,1
YOLO11s,United_States__United_States_002613,D00,1,0,0
YOLO11s,United_States__United_States_002613,D40,1,0,0
YOLO11s,United_States__United_States_002649,D00,1,1,1
YOLO11s,United_States__United_States_002652,D00,0,0,1
YOLO11s,United_States__United_States_002652,D20,2,0,0
YOLO11s,United_States__United_States_002655,D10,1,1,0
YOLO11s,United_States__United_States_002668,D00,1,0,0
YOLO11s,United_States__United_States_002668,D10,2,1,0
YOLO11s,United_States__United_States_002669,D00,1,0,0
YOLO11s,United_States__United_States_002669,D10,1,0,0
YOLO11s,United_States__United_States_002671,D00,0,0,1
YOLO11s,United_States__United_States_002677,D00,2,1,0
YOLO11s,United_States__United_States_002677,D10,0,1,1
YOLO11s,United_States__United_States_002678,D00,1,0,0
YOLO11s,United_States__United_States_002678,D10,0,1,0
YOLO11s,United_States__United_States_002678,D20,0,2,0
YOLO11s,United_States__United_States_002681,D10,1,0,0
YOLO11s,United_States__United_States_002692,D00,0,1,0
YOLO11s,United_States__United_States_002692,D10,1,0,0
YOLO11s,United_States__United_States_002695,D00,1,0,0
YOLO11s,United_States__United_States_002711,D00,2,1,0
YOLO11s,United_States__United_States_002718,D00,0,1,1
YOLO11s,United_States__United_States_002718,D10,0,0,1
YOLO11s,United_States__United_States_002734,D00,2,0,0
YOLO11s,United_States__United_States_002738,D00,1,0,0
YOLO11s,United_States__United_States_002740,D00,1,3,0
YOLO11s,United_States__United_States_002749,D00,1,0,0
YOLO11s,United_States__United_States_002749,D10,1,0,1
YOLO11s,United_States__United_States_002779,D00,1,2,1
YOLO11s,United_States__United_States_002794,D00,2,0,0
YOLO11s,United_States__United_States_002794,D10,1,0,0
YOLO11s,United_States__United_States_002797,D00,1,0,0
YOLO11s,United_States__United_States_002798,D00,1,1,0
YOLO11s,United_States__United_States_002798,D10,1,0,0
YOLO11s,United_States__United_States_002799,D10,1,2,0
YOLO11s,United_States__United_States_002807,D00,2,1,0
YOLO11s,United_States__United_States_002838,D00,1,0,0
YOLO11s,United_States__United_States_002839,D00,1,0,0
YOLO11s,United_States__United_States_002839,D10,0,0,1
YOLO11s,United_States__United_States_002849,D00,2,2,2
YOLO11s,United_States__United_States_002849,D10,0,0,1
YOLO11s,United_States__United_States_002851,D00,1,2,0
YOLO11s,United_States__United_States_002851,D10,1,0,0
YOLO11s,United_States__United_States_002855,D00,1,0,0
YOLO11s,United_States__United_States_002858,D00,0,0,1
YOLO11s,United_States__United_States_002858,D10,1,1,0
YOLO11s,United_States__United_States_002870,D00,2,0,1
YOLO11s,United_States__United_States_002870,D10,0,1,0
YOLO11s,United_States__United_States_002887,D00,1,0,0
YOLO11s,United_States__United_States_002887,D10,0,0,1
YOLO11s,United_States__United_States_002891,D00,1,1,1
YOLO11s,United_States__United_States_002895,D00,1,2,0
YOLO11s,United_States__United_States_002895,D10,1,1,0
YOLO11s,United_States__United_States_002903,D00,2,1,0
YOLO11s,United_States__United_States_002903,D10,0,1,0
YOLO11s,United_States__United_States_002905,D00,2,2,0
YOLO11s,United_States__United_States_002905,D10,0,1,0
YOLO11s,United_States__United_States_002908,D00,2,0,0
YOLO11s,United_States__United_States_002908,D10,0,2,1
YOLO11s,United_States__United_States_002911,D10,1,1,2
YOLO11s,United_States__United_States_002911,D20,0,0,1
YOLO11s,United_States__United_States_002930,D00,2,1,0
YOLO11s,United_States__United_States_002931,D00,2,2,0
YOLO11s,United_States__United_States_002931,D10,1,0,0
YOLO11s,United_States__United_States_002936,D00,0,2,1
YOLO11s,United_States__United_States_002936,D10,0,0,1
YOLO11s,United_States__United_States_002936,D20,0,0,1
YOLO11s,United_States__United_States_002949,D00,2,0,0
YOLO11s,United_States__United_States_002949,D10,1,0,0
YOLO11s,United_States__United_States_002950,D00,0,0,1
YOLO11s,United_States__United_States_002950,D10,1,0,0
YOLO11s,United_States__United_States_002968,D00,1,1,0
YOLO11s,United_States__United_States_002972,D00,0,0,1
YOLO11s,United_States__United_States_002976,D00,0,1,1
YOLO11s,United_States__United_States_002987,D00,1,1,1
YOLO11s,United_States__United_States_002989,D00,0,1,1
YOLO11s,United_States__United_States_002989,D10,0,0,1
YOLO11s,United_States__United_States_002994,D00,0,0,1
YOLO11s,United_States__United_States_002994,D10,0,1,0
YOLO11s,United_States__United_States_002994,D20,0,0,1
YOLO11s,United_States__United_States_002995,D00,1,2,0
YOLO11s,United_States__United_States_002996,D00,1,1,0
YOLO11s,United_States__United_States_002996,D10,0,1,0
YOLO11s,United_States__United_States_003012,D00,1,1,0
YOLO11s,United_States__United_States_003012,D10,2,1,1
YOLO11s,United_States__United_States_003026,D00,1,2,1
YOLO11s,United_States__United_States_003026,D10,0,1,1
YOLO11s,United_States__United_States_003033,D00,1,2,0
YOLO11s,United_States__United_States_003033,D10,1,1,0
YOLO11s,United_States__United_States_003036,D00,1,0,0
YOLO11s,United_States__United_States_003036,D10,0,0,1
YOLO11s,United_States__United_States_003037,D00,2,1,2
YOLO11s,United_States__United_States_003037,D10,1,1,1
YOLO11s,United_States__United_States_003037,D40,0,0,1
YOLO11s,United_States__United_States_003047,D00,1,0,1
YOLO11s,United_States__United_States_003047,D10,1,6,2
YOLO11s,United_States__United_States_003055,D00,1,3,0
YOLO11s,United_States__United_States_003059,D00,0,2,3
YOLO11s,United_States__United_States_003059,D10,1,2,1
YOLO11s,United_States__United_States_003061,D10,1,2,0
YOLO11s,United_States__United_States_003062,D00,2,3,0
YOLO11s,United_States__United_States_003067,D00,1,2,1
YOLO11s,United_States__United_States_003067,D10,0,2,1
YOLO11s,United_States__United_States_003074,D00,3,2,0
YOLO11s,United_States__United_States_003074,D10,0,0,1
YOLO11s,United_States__United_States_003074,D20,1,3,0
YOLO11s,United_States__United_States_003076,D00,0,2,0
YOLO11s,United_States__United_States_003076,D10,1,1,0
YOLO11s,United_States__United_States_003078,D00,1,0,0
YOLO11s,United_States__United_States_003081,D00,0,2,1
YOLO11s,United_States__United_States_003081,D10,1,1,0
YOLO11s,United_States__United_States_003084,D10,1,0,1
YOLO11s,United_States__United_States_003084,D20,1,1,0
YOLO11s,United_States__United_States_003085,D00,1,0,0
YOLO11s,United_States__United_States_003085,D10,1,1,1
YOLO11s,United_States__United_States_003093,D00,0,0,2
YOLO11s,United_States__United_States_003093,D10,0,0,2
YOLO11s,United_States__United_States_003093,D20,0,2,0
YOLO11s,United_States__United_States_003119,D10,1,1,0
YOLO11s,United_States__United_States_003127,D00,0,3,0
YOLO11s,United_States__United_States_003127,D20,0,0,1
YOLO11s,United_States__United_States_003142,D00,1,0,1
YOLO11s,United_States__United_States_003148,D00,1,0,0
YOLO11s,United_States__United_States_003172,D00,0,2,2
YOLO11s,United_States__United_States_003175,D00,0,0,1
YOLO11s,United_States__United_States_003175,D20,1,0,0
YOLO11s,United_States__United_States_003178,D00,3,1,0
YOLO11s,United_States__United_States_003189,D00,1,0,0
YOLO11s,United_States__United_States_003189,D10,1,1,0
YOLO11s,United_States__United_States_003214,D20,0,1,1
YOLO11s,United_States__United_States_003215,D00,1,0,0
YOLO11s,United_States__United_States_003220,D00,1,0,0
YOLO11s,United_States__United_States_003220,D10,0,1,0
YOLO11s,United_States__United_States_003222,D00,0,0,1
YOLO11s,United_States__United_States_003230,D00,1,0,0
YOLO11s,United_States__United_States_003231,D00,1,1,1
YOLO11s,United_States__United_States_003240,D00,2,1,0
YOLO11s,United_States__United_States_003240,D10,3,1,0
YOLO11s,United_States__United_States_003250,D00,1,0,3
YOLO11s,United_States__United_States_003251,D00,3,0,1
YOLO11s,United_States__United_States_003258,D00,1,0,0
YOLO11s,United_States__United_States_003258,D10,0,1,0
YOLO11s,United_States__United_States_003258,D20,1,1,0
YOLO11s,United_States__United_States_003264,D20,1,0,0
YOLO11s,United_States__United_States_003266,D00,2,2,0
YOLO11s,United_States__United_States_003266,D10,0,0,1
YOLO11s,United_States__United_States_003272,D00,2,0,1
YOLO11s,United_States__United_States_003272,D10,1,0,0
YOLO11s,United_States__United_States_003279,D00,1,1,0
YOLO11s,United_States__United_States_003279,D10,0,0,1
YOLO11s,United_States__United_States_003283,D00,0,1,0
YOLO11s,United_States__United_States_003283,D10,0,1,0
YOLO11s,United_States__United_States_003283,D20,1,0,0
YOLO11s,United_States__United_States_003284,D00,2,0,0
YOLO11s,United_States__United_States_003289,D00,3,0,0
YOLO11s,United_States__United_States_003320,D00,2,1,0
YOLO11s,United_States__United_States_003320,D10,0,0,4
YOLO11s,United_States__United_States_003320,D20,0,1,0
YOLO11s,United_States__United_States_003321,D00,2,1,0
YOLO11s,United_States__United_States_003321,D10,0,0,1
YOLO11s,United_States__United_States_003321,D20,1,0,0
YOLO11s,United_States__United_States_003336,D00,1,2,1
YOLO11s,United_States__United_States_003340,D00,0,2,2
YOLO11s,United_States__United_States_003340,D10,1,2,0
YOLO11s,United_States__United_States_003356,D00,1,1,0
YOLO11s,United_States__United_States_003356,D10,0,3,0
YOLO11s,United_States__United_States_003356,D20,1,0,0
YOLO11s,United_States__United_States_003358,D00,1,0,0
YOLO11s,United_States__United_States_003358,D10,2,1,0
YOLO11s,United_States__United_States_003362,D00,1,0,0
YOLO11s,United_States__United_States_003362,D10,0,0,1
YOLO11s,United_States__United_States_003364,D00,2,0,0
YOLO11s,United_States__United_States_003369,D00,0,0,1
YOLO11s,United_States__United_States_003375,D00,1,1,0
YOLO11s,United_States__United_States_003394,D00,2,1,0
YOLO11s,United_States__United_States_003395,D00,1,1,0
YOLO11s,United_States__United_States_003428,D20,1,0,0
YOLO11s,United_States__United_States_003446,D00,2,1,2
YOLO11s,United_States__United_States_003453,D00,1,1,2
YOLO11s,United_States__United_States_003453,D10,1,0,1
YOLO11s,United_States__United_States_003454,D00,1,2,1
YOLO11s,United_States__United_States_003455,D00,2,0,0
YOLO11s,United_States__United_States_003455,D10,1,1,1
YOLO11s,United_States__United_States_003460,D00,1,1,0
YOLO11s,United_States__United_States_003481,D00,1,0,0
YOLO11s,United_States__United_States_003483,D00,1,0,0
YOLO11s,United_States__United_States_003486,D00,0,1,2
YOLO11s,United_States__United_States_003494,D00,1,1,1
YOLO11s,United_States__United_States_003502,D00,1,0,0
YOLO11s,United_States__United_States_003502,D10,0,0,1
YOLO11s,United_States__United_States_003513,D00,1,0,0
YOLO11s,United_States__United_States_003513,D10,0,1,1
YOLO11s,United_States__United_States_003516,D00,0,2,2
YOLO11s,United_States__United_States_003516,D10,1,1,1
YOLO11s,United_States__United_States_003518,D00,1,0,0
YOLO11s,United_States__United_States_003518,D10,0,1,0
YOLO11s,United_States__United_States_003519,D00,1,0,1
YOLO11s,United_States__United_States_003519,D10,0,0,1
YOLO11s,United_States__United_States_003519,D20,0,0,1
YOLO11s,United_States__United_States_003524,D00,0,0,2
YOLO11s,United_States__United_States_003526,D00,1,0,0
YOLO11s,United_States__United_States_003526,D40,0,0,1
YOLO11s,United_States__United_States_003530,D00,1,0,1
YOLO11s,United_States__United_States_003530,D10,1,0,0
YOLO11s,United_States__United_States_003530,D20,0,1,0
YOLO11s,United_States__United_States_003533,D00,3,2,0
YOLO11s,United_States__United_States_003533,D10,1,0,0
YOLO11s,United_States__United_States_003533,D20,0,0,1
YOLO11s,United_States__United_States_003543,D00,0,2,2
YOLO11s,United_States__United_States_003544,D00,2,0,0
YOLO11s,United_States__United_States_003544,D10,0,2,2
YOLO11s,United_States__United_States_003548,D00,1,1,0
YOLO11s,United_States__United_States_003555,D00,0,1,1
YOLO11s,United_States__United_States_003555,D40,0,0,1
YOLO11s,United_States__United_States_003573,D00,1,0,0
YOLO11s,United_States__United_States_003576,D00,0,0,1
YOLO11s,United_States__United_States_003576,D10,1,2,0
YOLO11s,United_States__United_States_003576,D20,0,2,0
YOLO11s,United_States__United_States_003586,D00,1,2,0
YOLO11s,United_States__United_States_003587,D00,1,0,0
YOLO11s,United_States__United_States_003587,D10,1,0,0
YOLO11s,United_States__United_States_003595,D00,1,0,0
YOLO11s,United_States__United_States_003595,D10,0,1,0
YOLO11s,United_States__United_States_003595,D20,1,0,0
YOLO11s,United_States__United_States_003600,D00,1,0,0
YOLO11s,United_States__United_States_003617,D00,0,1,0
YOLO11s,United_States__United_States_003617,D10,2,0,0
YOLO11s,United_States__United_States_003618,D00,0,0,1
YOLO11s,United_States__United_States_003619,D00,2,1,0
YOLO11s,United_States__United_States_003619,D10,1,1,0
YOLO11s,United_States__United_States_003624,D00,2,0,0
YOLO11s,United_States__United_States_003626,D20,0,0,1
YOLO11s,United_States__United_States_003633,D00,1,0,0
YOLO11s,United_States__United_States_003633,D10,0,1,0
YOLO11s,United_States__United_States_003642,D00,2,2,1
YOLO11s,United_States__United_States_003642,D10,0,2,2
YOLO11s,United_States__United_States_003648,D10,1,1,0
YOLO11s,United_States__United_States_003653,D00,1,2,0
YOLO11s,United_States__United_States_003667,D00,2,2,1
YOLO11s,United_States__United_States_003667,D10,1,0,0
YOLO11s,United_States__United_States_003672,D00,0,1,0
YOLO11s,United_States__United_States_003672,D20,1,2,0
YOLO11s,United_States__United_States_003683,D00,1,1,0
YOLO11s,United_States__United_States_003683,D10,0,0,1
YOLO11s,United_States__United_States_003690,D00,0,1,0
YOLO11s,United_States__United_States_003690,D10,1,2,1
YOLO11s,United_States__United_States_003701,D20,1,0,0
YOLO11s,United_States__United_States_003706,D00,1,1,0
YOLO11s,United_States__United_States_003722,D00,1,1,0
YOLO11s,United_States__United_States_003722,D10,0,1,1
YOLO11s,United_States__United_States_003728,D00,1,2,0
YOLO11s,United_States__United_States_003728,D10,1,0,1
YOLO11s,United_States__United_States_003729,D00,1,0,0
YOLO11s,United_States__United_States_003740,D00,3,1,1
YOLO11s,United_States__United_States_003744,D00,0,2,0
YOLO11s,United_States__United_States_003744,D10,2,2,2
YOLO11s,United_States__United_States_003744,D20,0,0,1
YOLO11s,United_States__United_States_003760,D10,1,1,0
YOLO11s,United_States__United_States_003764,D10,1,1,0
YOLO11s,United_States__United_States_003765,D00,1,0,0
YOLO11s,United_States__United_States_003775,D10,1,0,0
YOLO11s,United_States__United_States_003788,D00,2,1,0
YOLO11s,United_States__United_States_003788,D10,0,0,1
YOLO11s,United_States__United_States_003788,D20,0,1,0
YOLO11s,United_States__United_States_003792,D00,2,2,2
YOLO11s,United_States__United_States_003792,D10,2,1,0
YOLO11s,United_States__United_States_003793,D10,1,2,1
YOLO11s,United_States__United_States_003801,D00,1,0,0
YOLO11s,United_States__United_States_003808,D00,1,1,0
YOLO11s,United_States__United_States_003820,D00,1,0,1
YOLO11s,United_States__United_States_003820,D10,1,1,0
YOLO11s,United_States__United_States_003821,D00,2,0,0
YOLO11s,United_States__United_States_003821,D10,0,2,1
YOLO11s,United_States__United_States_003833,D00,2,0,0
YOLO11s,United_States__United_States_003833,D20,0,1,0
YOLO11s,United_States__United_States_003834,D00,1,2,0
YOLO11s,United_States__United_States_003836,D00,1,1,0
YOLO11s,United_States__United_States_003842,D00,1,0,0
YOLO11s,United_States__United_States_003845,D00,0,1,0
YOLO11s,United_States__United_States_003845,D10,1,0,0
YOLO11s,United_States__United_States_003859,D00,0,2,0
YOLO11s,United_States__United_States_003859,D20,1,1,1
YOLO11s,United_States__United_States_003870,D00,2,1,1
YOLO11s,United_States__United_States_003874,D00,1,1,1
YOLO11s,United_States__United_States_003879,D00,1,1,0
YOLO11s,United_States__United_States_003910,D00,2,0,0
YOLO11s,United_States__United_States_003915,D00,2,0,0
YOLO11s,United_States__United_States_003940,D00,0,1,1
YOLO11s,United_States__United_States_003940,D20,0,1,0
YOLO11s,United_States__United_States_003942,D00,0,0,1
YOLO11s,United_States__United_States_003942,D20,1,0,0
YOLO11s,United_States__United_States_003943,D20,1,1,2
YOLO11s,United_States__United_States_003945,D00,1,1,0
YOLO11s,United_States__United_States_003945,D10,1,0,0
YOLO11s,United_States__United_States_003947,D00,0,1,2
YOLO11s,United_States__United_States_003964,D10,1,0,0
YOLO11s,United_States__United_States_003966,D00,1,1,0
YOLO11s,United_States__United_States_003966,D10,0,1,0
YOLO11s,United_States__United_States_003972,D00,0,1,3
YOLO11s,United_States__United_States_003972,D10,1,0,2
YOLO11s,United_States__United_States_003985,D00,1,1,1
YOLO11s,United_States__United_States_003985,D10,0,0,1
YOLO11s,United_States__United_States_003985,D20,1,0,0
YOLO11s,United_States__United_States_003985,D40,1,0,2
YOLO11s,United_States__United_States_004003,D00,0,1,2
YOLO11s,United_States__United_States_004003,D10,1,1,0
YOLO11s,United_States__United_States_004004,D00,3,1,0
YOLO11s,United_States__United_States_004004,D20,0,3,0
YOLO11s,United_States__United_States_004005,D00,1,0,0
YOLO11s,United_States__United_States_004005,D10,0,0,2
YOLO11s,United_States__United_States_004013,D00,0,1,1
YOLO11s,United_States__United_States_004013,D10,1,2,0
YOLO11s,United_States__United_States_004020,D00,2,1,1
YOLO11s,United_States__United_States_004023,D00,1,0,0
YOLO11s,United_States__United_States_004023,D20,1,0,0
YOLO11s,United_States__United_States_004024,D00,1,0,0
YOLO11s,United_States__United_States_004024,D10,1,0,0
YOLO11s,United_States__United_States_004029,D00,1,0,0
YOLO11s,United_States__United_States_004029,D10,1,1,0
YOLO11s,United_States__United_States_004029,D20,0,0,1
YOLO11s,United_States__United_States_004053,D00,1,0,0
YOLO11s,United_States__United_States_004053,D10,1,1,0
YOLO11s,United_States__United_States_004064,D00,4,1,0
YOLO11s,United_States__United_States_004065,D00,1,0,0
YOLO11s,United_States__United_States_004071,D00,1,1,0
YOLO11s,United_States__United_States_004072,D10,0,1,1
YOLO11s,United_States__United_States_004086,D00,2,0,0
YOLO11s,United_States__United_States_004091,D00,1,1,0
YOLO11s,United_States__United_States_004091,D10,0,1,0
YOLO11s,United_States__United_States_004103,D00,1,4,0
YOLO11s,United_States__United_States_004127,D00,2,0,1
YOLO11s,United_States__United_States_004128,D00,2,0,1
YOLO11s,United_States__United_States_004131,D00,0,1,0
YOLO11s,United_States__United_States_004131,D10,1,2,0
YOLO11s,United_States__United_States_004136,D00,0,1,1
YOLO11s,United_States__United_States_004136,D20,1,0,0
YOLO11s,United_States__United_States_004136,D40,0,2,0
YOLO11s,United_States__United_States_004139,D00,2,2,1
YOLO11s,United_States__United_States_004142,D00,1,1,1
YOLO11s,United_States__United_States_004142,D10,1,0,0
YOLO11s,United_States__United_States_004153,D00,1,0,0
YOLO11s,United_States__United_States_004155,D00,1,1,0
YOLO11s,United_States__United_States_004157,D00,2,1,0
YOLO11s,United_States__United_States_004157,D10,1,0,0
YOLO11s,United_States__United_States_004159,D00,0,1,0
YOLO11s,United_States__United_States_004159,D10,1,1,1
YOLO11s,United_States__United_States_004159,D20,0,0,1
YOLO11s,United_States__United_States_004163,D00,1,0,0
YOLO11s,United_States__United_States_004163,D10,1,0,0
YOLO11s,United_States__United_States_004165,D10,1,1,0
YOLO11s,United_States__United_States_004165,D40,0,1,0
YOLO11s,United_States__United_States_004168,D00,2,0,0
YOLO11s,United_States__United_States_004168,D10,1,0,0
YOLO11s,United_States__United_States_004174,D00,1,1,0
YOLO11s,United_States__United_States_004176,D00,1,0,0
YOLO11s,United_States__United_States_004194,D00,1,1,1
YOLO11s,United_States__United_States_004198,D00,1,0,0
YOLO11s,United_States__United_States_004198,D10,1,1,1
YOLO11s,United_States__United_States_004200,D00,1,0,0
YOLO11s,United_States__United_States_004203,D00,0,0,1
YOLO11s,United_States__United_States_004203,D10,1,0,0
YOLO11s,United_States__United_States_004203,D20,1,1,0
YOLO11s,United_States__United_States_004206,D00,0,0,1
YOLO11s,United_States__United_States_004206,D10,1,0,0
YOLO11s,United_States__United_States_004206,D20,0,1,0
YOLO11s,United_States__United_States_004207,D00,1,2,2
YOLO11s,United_States__United_States_004207,D10,2,1,0
YOLO11s,United_States__United_States_004228,D20,1,1,0
YOLO11s,United_States__United_States_004250,D00,0,1,1
YOLO11s,United_States__United_States_004250,D10,1,0,4
YOLO11s,United_States__United_States_004251,D00,1,0,0
YOLO11s,United_States__United_States_004255,D10,0,0,1
YOLO11s,United_States__United_States_004257,D00,1,1,2
YOLO11s,United_States__United_States_004258,D00,1,0,2
YOLO11s,United_States__United_States_004268,D00,1,0,0
YOLO11s,United_States__United_States_004276,D20,2,0,0
YOLO11s,United_States__United_States_004276,D40,0,1,0
YOLO11s,United_States__United_States_004279,D20,1,0,0
YOLO11s,United_States__United_States_004280,D00,2,1,0
YOLO11s,United_States__United_States_004280,D10,1,1,0
YOLO11s,United_States__United_States_004309,D00,1,0,0
YOLO11s,United_States__United_States_004326,D00,2,1,1
YOLO11s,United_States__United_States_004326,D10,0,0,1
YOLO11s,United_States__United_States_004331,D00,2,1,1
YOLO11s,United_States__United_States_004331,D10,2,1,0
YOLO11s,United_States__United_States_004356,D00,0,2,0
YOLO11s,United_States__United_States_004356,D20,1,0,0
YOLO11s,United_States__United_States_004357,D00,1,0,0
YOLO11s,United_States__United_States_004357,D20,0,1,1
YOLO11s,United_States__United_States_004360,D00,1,2,1
YOLO11s,United_States__United_States_004360,D10,1,2,0
YOLO11s,United_States__United_States_004360,D20,0,0,1
YOLO11s,United_States__United_States_004368,D00,0,2,1
YOLO11s,United_States__United_States_004371,D00,0,0,2
YOLO11s,United_States__United_States_004371,D20,0,1,0
YOLO11s,United_States__United_States_004374,D00,1,0,3
YOLO11s,United_States__United_States_004374,D10,0,1,0
YOLO11s,United_States__United_States_004374,D20,2,0,0
YOLO11s,United_States__United_States_004376,D00,1,0,0
YOLO11s,United_States__United_States_004385,D10,1,1,0
YOLO11s,United_States__United_States_004386,D00,0,1,1
YOLO11s,United_States__United_States_004386,D20,0,1,0
YOLO11s,United_States__United_States_004387,D00,2,2,0
YOLO11s,United_States__United_States_004387,D10,0,0,1
YOLO11s,United_States__United_States_004388,D00,0,1,0
YOLO11s,United_States__United_States_004388,D10,1,2,0
YOLO11s,United_States__United_States_004398,D00,0,1,0
YOLO11s,United_States__United_States_004398,D40,0,0,1
YOLO11s,United_States__United_States_004400,D00,1,0,0
YOLO11s,United_States__United_States_004400,D10,1,0,0
YOLO11s,United_States__United_States_004400,D20,1,0,0
YOLO11s,United_States__United_States_004402,D00,4,4,1
YOLO11s,United_States__United_States_004402,D10,0,1,1
YOLO11s,United_States__United_States_004407,D00,2,0,1
YOLO11s,United_States__United_States_004407,D10,1,1,0
YOLO11s,United_States__United_States_004410,D20,1,0,0
YOLO11s,United_States__United_States_004412,D10,0,0,2
YOLO11s,United_States__United_States_004412,D20,2,1,0
YOLO11s,United_States__United_States_004422,D00,2,2,0
YOLO11s,United_States__United_States_004423,D00,2,1,0
YOLO11s,United_States__United_States_004423,D10,1,0,0
YOLO11s,United_States__United_States_004424,D00,1,0,1
YOLO11s,United_States__United_States_004424,D10,0,1,0
YOLO11s,United_States__United_States_004430,D00,1,0,0
YOLO11s,United_States__United_States_004437,D00,1,4,1
YOLO11s,United_States__United_States_004438,D00,1,0,0
YOLO11s,United_States__United_States_004438,D10,1,0,0
YOLO11s,United_States__United_States_004442,D00,0,0,1
YOLO11s,United_States__United_States_004442,D10,1,2,0
YOLO11s,United_States__United_States_004443,D00,1,0,0
YOLO11s,United_States__United_States_004443,D10,1,1,1
YOLO11s,United_States__United_States_004455,D00,2,1,1
YOLO11s,United_States__United_States_004455,D20,1,0,0
YOLO11s,United_States__United_States_004456,D00,0,1,1
YOLO11s,United_States__United_States_004456,D10,1,3,0
YOLO11s,United_States__United_States_004457,D00,1,1,1
YOLO11s,United_States__United_States_004458,D00,1,0,0
YOLO11s,United_States__United_States_004460,D00,1,2,0
YOLO11s,United_States__United_States_004460,D10,1,1,0
YOLO11s,United_States__United_States_004472,D00,1,0,0
YOLO11s,United_States__United_States_004472,D10,0,1,1
YOLO11s,United_States__United_States_004472,D40,1,0,0
YOLO11s,United_States__United_States_004478,D00,0,1,0
YOLO11s,United_States__United_States_004478,D10,0,0,1
YOLO11s,United_States__United_States_004480,D00,2,1,0
YOLO11s,United_States__United_States_004488,D00,1,1,0
YOLO11s,United_States__United_States_004488,D10,1,2,1
YOLO11s,United_States__United_States_004493,D10,0,0,2
YOLO11s,United_States__United_States_004503,D00,2,2,0
YOLO11s,United_States__United_States_004503,D10,1,0,0
YOLO11s,United_States__United_States_004504,D10,0,0,1
YOLO11s,United_States__United_States_004507,D00,0,1,1
YOLO11s,United_States__United_States_004517,D00,2,1,0
YOLO11s,United_States__United_States_004517,D10,1,1,0
YOLO11s,United_States__United_States_004520,D00,4,0,0
YOLO11s,United_States__United_States_004523,D20,0,0,1
YOLO11s,United_States__United_States_004526,D00,3,1,0
YOLO11s,United_States__United_States_004532,D00,1,2,1
YOLO11s,United_States__United_States_004532,D10,2,0,0
YOLO11s,United_States__United_States_004536,D00,0,0,1
YOLO11s,United_States__United_States_004536,D20,1,0,0
YOLO11s,United_States__United_States_004538,D00,0,2,1
YOLO11s,United_States__United_States_004538,D20,1,0,0
YOLO11s,United_States__United_States_004544,D00,0,0,1
YOLO11s,United_States__United_States_004545,D00,3,0,0
YOLO11s,United_States__United_States_004545,D10,1,1,0
YOLO11s,United_States__United_States_004546,D20,1,0,1
YOLO11s,United_States__United_States_004548,D00,2,1,0
YOLO11s,United_States__United_States_004548,D10,0,1,0
YOLO11s,United_States__United_States_004549,D00,1,1,0
YOLO11s,United_States__United_States_004549,D40,0,0,1
YOLO11s,United_States__United_States_004555,D00,3,2,0
YOLO11s,United_States__United_States_004555,D10,0,1,0
YOLO11s,United_States__United_States_004556,D00,1,0,0
YOLO11s,United_States__United_States_004558,D00,0,1,1
YOLO11s,United_States__United_States_004558,D20,1,0,0
YOLO11s,United_States__United_States_004575,D00,1,2,2
YOLO11s,United_States__United_States_004577,D10,1,0,0
YOLO11s,United_States__United_States_004599,D00,0,0,2
YOLO11s,United_States__United_States_004624,D00,0,0,1
YOLO11s,United_States__United_States_004625,D00,0,4,2
YOLO11s,United_States__United_States_004625,D10,0,1,1
YOLO11s,United_States__United_States_004628,D10,1,0,0
YOLO11s,United_States__United_States_004634,D00,1,1,0
YOLO11s,United_States__United_States_004634,D10,0,1,0
YOLO11s,United_States__United_States_004637,D20,0,0,1
YOLO11s,United_States__United_States_004639,D10,1,0,0
YOLO11s,United_States__United_States_004643,D40,0,0,1
YOLO11s,United_States__United_States_004646,D00,2,1,0
YOLO11s,United_States__United_States_004646,D10,2,1,0
YOLO11s,United_States__United_States_004654,D00,1,0,2
YOLO11s,United_States__United_States_004654,D10,1,1,0
YOLO11s,United_States__United_States_004670,D00,0,0,5
YOLO11s,United_States__United_States_004670,D10,1,0,0
YOLO11s,United_States__United_States_004670,D20,0,1,0
YOLO11s,United_States__United_States_004678,D10,0,1,1
YOLO11s,United_States__United_States_004682,D00,3,0,0
YOLO11s,United_States__United_States_004685,D10,1,1,0
YOLO11s,United_States__United_States_004685,D40,0,1,0
YOLO11s,United_States__United_States_004686,D00,1,1,0
YOLO11s,United_States__United_States_004686,D10,0,0,1
YOLO11s,United_States__United_States_004692,D00,1,2,1
YOLO11s,United_States__United_States_004692,D10,0,1,1
YOLO11s,United_States__United_States_004704,D00,0,1,1
YOLO11s,United_States__United_States_004704,D20,0,0,1
YOLO11s,United_States__United_States_004708,D00,1,2,0
YOLO11s,United_States__United_States_004711,D00,2,0,1
YOLO11s,United_States__United_States_004714,D10,0,1,0
YOLO11s,United_States__United_States_004714,D20,1,0,1
YOLO11s,United_States__United_States_004726,D00,1,2,0
YOLO11s,United_States__United_States_004730,D00,0,1,1
YOLO11s,United_States__United_States_004730,D10,1,0,0
YOLO11s,United_States__United_States_004738,D00,1,1,0
YOLO11s,United_States__United_States_004738,D10,0,1,0
YOLO11s,United_States__United_States_004751,D00,2,1,0
YOLO11s,United_States__United_States_004751,D10,0,0,1
YOLO11s,United_States__United_States_004754,D00,1,0,0
YOLO11s,United_States__United_States_004766,D00,0,1,0
YOLO11s,United_States__United_States_004766,D10,1,1,0
YOLO11s,United_States__United_States_004766,D20,0,0,1
YOLO11s,United_States__United_States_004767,D10,1,0,0
YOLO11s,United_States__United_States_004774,D00,1,0,2
YOLO11s,United_States__United_States_004774,D10,1,0,0
YOLO11s,United_States__United_States_004784,D00,5,3,1
