image_id,split,image_path,mask_path,width,height,brightness,dhash,sha1,mask_width,mask_height,damage_pixel_pct,n_components,is_corrupt,source_component,dims_match,is_empty_mask,duplicate_group_id,in_duplicate_group
test/gaps384__test_0016,test,/Users/foury333/Desktop/cv-road-damage-inspection-system-main/Pothole Mix/pothole_mix_prepared/test/images/gaps384__test_0016.jpg,/Users/foury333/Desktop/cv-road-damage-inspection-system-main/Pothole Mix/pothole_mix_prepared/test/masks/gaps384__test_0016.png,1920,1080,110.57939910888672,17363902111136411888,ab7ae797a81dea0fee22693c5436a9f7d750d554,1920,1080,0.0,0,False,gaps384,True,True,276,True
test/gaps384__test_0018,test,/Users/foury333/Desktop/cv-road-damage-inspection-system-main/Pothole Mix/pothole_mix_prepared/test/images/gaps384__test_0018.jpg,/Users/foury333/Desktop/cv-road-damage-inspection-system-main/Pothole Mix/pothole_mix_prepared/test/masks/gaps384__test_0018.png,1920,1080,109.91020202636719,17363893280952086768,febb15728572d2b32f673a0ba4a2af0d1ee0d397,1920,1080,0.0,0,False,gaps384,True,True,276,True
test/gaps384__test_0025,test,/Users/foury333/Desktop/cv-road-damage-inspection-system-main/Pothole Mix/pothole_mix_prepared/test/images/gaps384__test_0025.jpg,/Users/foury333/Desktop/cv-road-damage-inspection-system-main/Pothole Mix/pothole_mix_prepared/test/masks/gaps384__test_0025.png,1920,1080,102.54129791259766,17363902077045104864,d41786f7266b2966ca8f734a3946d1fd92029068,1920,1080,0.0,0,False,gaps384,True,True,276,True
test/gaps384__test_0026,test,/Users/foury333/Desktop/cv-road-damage-inspection-system-main/Pothole Mix/pothole_mix_prepared/test/images/gaps384__test_0026.jpg,/Users/foury333/Desktop/cv-road-damage-inspection-system-main/Pothole Mix/pothole_mix_prepared/test/masks/gaps384__test_0026.png,1920,1080,101.63404083251953,17363902111404847328,9b78cc5b3ff56cf8d8001895978445fa8cc03dd3,1920,1080,0.0,0,False,gaps384,True,True,276,True
test/gaps384__test_0028,test,/Users/foury333/Desktop/cv-road-damage-inspection-system-main/Pothole Mix/pothole_mix_prepared/test/images/gaps384__test_0028.jpg,/Users/foury333/Desktop/cv-road-damage-inspection-system-main/Pothole Mix/pothole_mix_prepared/test/masks/gaps384__test_0028.png,1920,1080,93.21971893310547,17940362863708270832,6a356e06f73efdd5a27ae7aa3ac255c363c62938,1920,1080,0.0,0,False,gaps384,True,True,276,True
test/gaps384__test_0029,test,/Users/foury333/Desktop/cv-road-damage-inspection-system-main/Pothole Mix/pothole_mix_prepared/test/images/gaps384__test_0029.jpg,/Users/foury333/Desktop/cv-road-damage-inspection-system-main/Pothole Mix/pothole_mix_prepared/test/masks/gaps384__test_0029.png,1920,1080,95.92070770263672,17363902111539065072,fbcf64b6a11eeadfc88a2330c6aeec57f2e0532f,1920,1080,0.0,0,False,gaps384,True,True,276,True
test/gaps384__test_0030,test,/Users/foury333/Desktop/cv-road-damage-inspection-system-main/Pothole Mix/pothole_mix_prepared/test/images/gaps384__test_0030.jpg,/Users/foury333/Desktop/cv-road-damage-inspection-system-main/Pothole Mix/pothole_mix_prepared/test/masks/gaps384__test_0030.png,1920,1080,100.72822570800781,17940362863842488560,b0025e0ba12c3fb095004130513bc9a8a2c74d35,1920,1080,0.0,0,False,gaps384,True,True,276,True
test/gaps384__test_0031,test,/Users/foury333/Desktop/cv-road-damage-inspection-system-main/Pothole Mix/pothole_mix_prepared/test/images/gaps384__test_0031.jpg,/Users/foury333/Desktop/cv-road-damage-inspection-system-main/Pothole Mix/pothole_mix_prepared/test/masks/gaps384__test_0031.png,1920,1080,99.90205383300781,17940362863843012848,fd4a283e5caefa8902560ae27beeab2e0dc681e2,1920,1080,0.0,0,False,gaps384,True,True,276,True
test/gaps384__test_0032,test,/Users/foury333/Desktop/cv-road-damage-inspection-system-main/Pothole Mix/pothole_mix_prepared/test/images/gaps384__test_0032.jpg,/Users/foury333/Desktop/cv-road-damage-inspection-system-main/Pothole Mix/pothole_mix_prepared/test/masks/gaps384__test_0032.png,1920,1080,99.60076904296875,17940362863842488560,858d6d4f65c518d67ee6fe0e0480ba2421e48fb1,1920,1080,0.0,0,False,gaps384,True,True,276,True
test/gaps384__test_0033,test,/Users/foury333/Desktop/cv-road-damage-inspection-system-main/Pothole Mix/pothole_mix_prepared/test/images/gaps384__test_0033.jpg,/Users/foury333/Desktop/cv-road-damage-inspection-system-main/Pothole Mix/pothole_mix_prepared/test/masks/gaps384__test_0033.png,1920,1080,109.98860931396484,17940362863842488560,aaeef7976059d6b184ab1e86fe1b3a1fa4808f75,1920,1080,0.0,0,False,gaps384,True,True,276,True
test/gaps384__test_0034,test,/Users/foury333/Desktop/cv-road-damage-inspection-system-main/Pothole Mix/pothole_mix_prepared/test/images/gaps384__test_0034.jpg,/Users/foury333/Desktop/cv-road-damage-inspection-system-main/Pothole Mix/pothole_mix_prepared/test/masks/gaps384__test_0034.png,1920,1080,110.89803314208984,17363902077045108976,b9c212ea0519621e82af98cb3c6302d6ea20d63a,1920,1080,0.0,0,False,gaps384,True,True,276,True
test/gaps384__test_0039,test,/Users/foury333/Desktop/cv-road-damage-inspection-system-main/Pothole Mix/pothole_mix_prepared/test/images/gaps384__test_0039.jpg,/Users/foury333/Desktop/cv-road-damage-inspection-system-main/Pothole Mix/pothole_mix_prepared/test/masks/gaps384__test_0039.png,1920,1080,98.90119171142578,17361641481138401520,93f5d705128ba0d36acc6b35ac79f1ec42a830c9,1920,1080,0.0,0,False,gaps384,True,True,276,True
test/gaps384__test_0040,test,/Users/foury333/Desktop/cv-road-damage-inspection-system-main/Pothole Mix/pothole_mix_prepared/test/images/gaps384__test_0040.jpg,/Users/foury333/Desktop/cv-road-damage-inspection-system-main/Pothole Mix/pothole_mix_prepared/test/masks/gaps384__test_0040.png,1920,1080,98.67891693115234,17363902111405371632,c647dec70f4a22e761fcdee430ead52d45b182ea,1920,1080,0.0,0,False,gaps384,True,True,276,True
test/gaps384__test_0041,test,/Users/foury333/Desktop/cv-road-damage-inspection-system-main/Pothole Mix/pothole_mix_prepared/test/images/gaps384__test_0041.jpg,/Users/foury333/Desktop/cv-road-damage-inspection-system-main/Pothole Mix/pothole_mix_prepared/test/masks/gaps384__test_0041.png,1920,1080,97.5333023071289,17363893280952086768,16726a8837115cc7b869a665d0ad08acc400f06b,1920,1080,0.0,0,False,gaps384,True,True,276,True
test/gaps384__test_0042,test,/Users/foury333/Desktop/cv-road-damage-inspection-system-main/Pothole Mix/pothole_mix_prepared/test/images/gaps384__test_0042.jpg,/Users/foury333/Desktop/cv-road-damage-inspection-system-main/Pothole Mix/pothole_mix_prepared/test/masks/gaps384__test_0042.png,1920,1080,95.5868148803711,17361650277231423728,1d46cbaf5ac7342e191bd6ee43d11440fb4cd306,1920,1080,0.0,0,False,gaps384,True,True,276,True
test/gaps384__test_0058,test,/Users/foury333/Desktop/cv-road-damage-inspection-system-main/Pothole Mix/pothole_mix_prepared/test/images/gaps384__test_0058.jpg,/Users/foury333/Desktop/cv-road-damage-inspection-system-main/Pothole Mix/pothole_mix_prepared/test/masks/gaps384__test_0058.png,1920,1080,108.63462829589844,17940367261889519840,2107c4edd5707ff108dc555fbaba7a7fe30485db,1920,1080,0.0,0,False,gaps384,True,True,276,True
train/gaps384__train_0178,train,/Users/foury333/Desktop/cv-road-damage-inspection-system-main/Pothole Mix/pothole_mix_prepared/train/images/gaps384__train_0178.jpg,/Users/foury333/Desktop/cv-road-damage-inspection-system-main/Pothole Mix/pothole_mix_prepared/train/masks/gaps384__train_0178.png,1920,1080,79.5888900756836,17940362863843012848,b461ebd2e4d08ac1a6ea0e5052f4aabec2c0b72c,1920,1080,0.0,0,False,gaps384,True,True,276,True
train/gaps384__train_0417,train,/Users/foury333/Desktop/cv-road-damage-inspection-system-main/Pothole Mix/pothole_mix_prepared/train/images/gaps384__train_0417.jpg,/Users/foury333/Desktop/cv-road-damage-inspection-system-main/Pothole Mix/pothole_mix_prepared/train/masks/gaps384__train_0417.png,1920,1080,98.55410766601562,17361641412184039520,2c3622fdf69ee2dbce365819e23d1a0dd16b8e6f,1920,1080,0.0,0,False,gaps384,True,True,276,True
train/gaps384__train_0418,train,/Users/foury333/Desktop/cv-road-damage-inspection-system-main/Pothole Mix/pothole_mix_prepared/train/images/gaps384__train_0418.jpg,/Users/foury333/Desktop/cv-road-damage-inspection-system-main/Pothole Mix/pothole_mix_prepared/train/masks/gaps384__train_0418.png,1920,1080,98.70130920410156,8138269375328350432,8f1c00129696adc4b3172735b9d8e54c5a83b971,1920,1080,0.0,0,False,gaps384,True,True,276,True
train/gaps384__train_0419,train,/Users/foury333/Desktop/cv-road-damage-inspection-system-main/Pothole Mix/pothole_mix_prepared/train/images/gaps384__train_0419.jpg,/Users/foury333/Desktop/cv-road-damage-inspection-system-main/Pothole Mix/pothole_mix_prepared/train/masks/gaps384__train_0419.png,1920,1080,97.84814453125,17362204439715410544,a9126478f08757981709f61836e9973b3372157c,1920,1080,0.0,0,False,gaps384,True,True,276,True
train/gaps384__train_0437,train,/Users/foury333/Desktop/cv-road-damage-inspection-system-main/Pothole Mix/pothole_mix_prepared/train/images/gaps384__train_0437.jpg,/Users/foury333/Desktop/cv-road-damage-inspection-system-main/Pothole Mix/pothole_mix_prepared/train/masks/gaps384__train_0437.png,1920,1080,104.72607421875,16206459311635882208,f524c2beaadd7c112d0638e1fff286588da94633,1920,1080,0.0,0,False,gaps384,True,True,276,True
train/gaps384__train_0438,train,/Users/foury333/Desktop/cv-road-damage-inspection-system-main/Pothole Mix/pothole_mix_prepared/train/images/gaps384__train_0438.jpg,/Users/foury333/Desktop/cv-road-damage-inspection-system-main/Pothole Mix/pothole_mix_prepared/train/masks/gaps384__train_0438.png,1920,1080,108.12257385253906,16210954115170230496,ba34403be8ef93080f580e84b09952b25f5e7347,1920,1080,0.0,0,False,gaps384,True,True,276,True
train/gaps384__train_0440,train,/Users/foury333/Desktop/cv-road-damage-inspection-system-main/Pothole Mix/pothole_mix_prepared/train/images/gaps384__train_0440.jpg,/Users/foury333/Desktop/cv-road-damage-inspection-system-main/Pothole Mix/pothole_mix_prepared/train/masks/gaps384__train_0440.png,1920,1080,103.318359375,17365032435363016944,8d6661219e3012dcf305eaea3c5ebd793b7154cb,1920,1080,0.0,0,False,gaps384,True,True,276,True
train/gaps384__train_0441,train,/Users/foury333/Desktop/cv-road-damage-inspection-system-main/Pothole Mix/pothole_mix_prepared/train/images/gaps384__train_0441.jpg,/Users/foury333/Desktop/cv-road-damage-inspection-system-main/Pothole Mix/pothole_mix_prepared/train/masks/gaps384__train_0441.png,1920,1080,103.27545928955078,17437371504243433696,f6d97871dc449e0c1c3c3f259f436c754416cac8,1920,1080,0.0,0,False,gaps384,True,True,276,True
train/gaps384__train_0445,train,/Users/foury333/Desktop/cv-road-damage-inspection-system-main/Pothole Mix/pothole_mix_prepared/train/images/gaps384__train_0445.jpg,/Users/foury333/Desktop/cv-road-damage-inspection-system-main/Pothole Mix/pothole_mix_prepared/train/masks/gaps384__train_0445.png,1920,1080,99.10853576660156,17361650242737463520,c58b083b18298d97371451410a2be5fa124fbe32,1920,1080,0.0,0,False,gaps384,True,True,276,True
train/gaps384__train_0446,train,/Users/foury333/Desktop/cv-road-damage-inspection-system-main/Pothole Mix/pothole_mix_prepared/train/images/gaps384__train_0446.jpg,/Users/foury333/Desktop/cv-road-damage-inspection-system-main/Pothole Mix/pothole_mix_prepared/train/masks/gaps384__train_0446.png,1920,1080,97.18164825439453,17363902008056144096,55c67b54323f31347d6d0536226bfdb993dd716a,1920,1080,0.0,0,False,gaps384,True,True,276,True
train/gaps384__train_0447,train,/Users/foury333/Desktop/cv-road-damage-inspection-system-main/Pothole Mix/pothole_mix_prepared/train/images/gaps384__train_0447.jpg,/Users/foury333/Desktop/cv-road-damage-inspection-system-main/Pothole Mix/pothole_mix_prepared/train/masks/gaps384__train_0447.png,1920,1080,99.30069732666016,17363893280952086768,e06e0f875350e27a8bf9d2b7a10eee390000a75f,1920,1080,0.0,0,False,gaps384,True,True,276,True
train/gaps384__train_0448,train,/Users/foury333/Desktop/cv-road-damage-inspection-system-main/Pothole Mix/pothole_mix_prepared/train/images/gaps384__train_0448.jpg,/Users/foury333/Desktop/cv-road-damage-inspection-system-main/Pothole Mix/pothole_mix_prepared/train/masks/gaps384__train_0448.png,1920,1080,98.58180236816406,17361641481138401520,7839d585063f0f8e5756475ac218e67ac4195ac4,1920,1080,0.0,0,False,gaps384,True,True,276,True
train/gaps384__train_0449,train,/Users/foury333/Desktop/cv-road-damage-inspection-system-main/Pothole Mix/pothole_mix_prepared/train/images/gaps384__train_0449.jpg,/Users/foury333/Desktop/cv-road-damage-inspection-system-main/Pothole Mix/pothole_mix_prepared/train/masks/gaps384__train_0449.png,1920,1080,98.73856353759766,17363902077045108976,ba4fe291ccfbfc88566a88f6b80a9054d20e926e,1920,1080,0.0,0,False,gaps384,True,True,276,True
train/gaps384__train_0450,train,/Users/foury333/Desktop/cv-road-damage-inspection-system-main/Pothole Mix/pothole_mix_prepared/train/images/gaps384__train_0450.jpg,/Users/foury333/Desktop/cv-road-damage-inspection-system-main/Pothole Mix/pothole_mix_prepared/train/masks/gaps384__train_0450.png,1920,1080,93.47845458984375,17363902111404847344,f7b92c7eefa2f420671cbc91aa5a9a8c7e9140d5,1920,1080,0.0,0,False,gaps384,True,True,276,True
train/gaps384__train_0451,train,/Users/foury333/Desktop/cv-road-damage-inspection-system-main/Pothole Mix/pothole_mix_prepared/train/images/gaps384__train_0451.jpg,/Users/foury333/Desktop/cv-road-damage-inspection-system-main/Pothole Mix/pothole_mix_prepared/train/masks/gaps384__train_0451.png,1920,1080,93.41874694824219,17363902008056144096,43a67ed2fd1e52b6441e4e862ef125df9839e77c,1920,1080,0.0,0,False,gaps384,True,True,276,True
train/gaps384__train_0452,train,/Users/foury333/Desktop/cv-road-damage-inspection-system-main/Pothole Mix/pothole_mix_prepared/train/images/gaps384__train_0452.jpg,/Users/foury333/Desktop/cv-road-damage-inspection-system-main/Pothole Mix/pothole_mix_prepared/train/masks/gaps384__train_0452.png,1920,1080,92.04200744628906,17363902076775620832,c9ddb7f70c3b2f78a06bdac7752533a87e6ab21d,1920,1080,0.0,0,False,gaps384,True,True,276,True
train/gaps384__train_0453,train,/Users/foury333/Desktop/cv-road-damage-inspection-system-main/Pothole Mix/pothole_mix_prepared/train/images/gaps384__train_0453.jpg,/Users/foury333/Desktop/cv-road-damage-inspection-system-main/Pothole Mix/pothole_mix_prepared/train/masks/gaps384__train_0453.png,1920,1080,91.18767547607422,17363902008057192672,a1b1f35589b7130dc32eafae3d1a3acb12e14934,1920,1080,0.0,0,False,gaps384,True,True,276,True
train/gaps384__train_0454,train,/Users/foury333/Desktop/cv-road-damage-inspection-system-main/Pothole Mix/pothole_mix_prepared/train/images/gaps384__train_0454.jpg,/Users/foury333/Desktop/cv-road-damage-inspection-system-main/Pothole Mix/pothole_mix_prepared/train/masks/gaps384__train_0454.png,1920,1080,89.31763458251953,16210980503449297120,316c931871e61af5c7d149b8cc6e95b975bbedce,1920,1080,0.0,0,False,gaps384,True,True,276,True
train/gaps384__train_0455,train,/Users/foury333/Desktop/cv-road-damage-inspection-system-main/Pothole Mix/pothole_mix_prepared/train/images/gaps384__train_0455.jpg,/Users/foury333/Desktop/cv-road-damage-inspection-system-main/Pothole Mix/pothole_mix_prepared/train/masks/gaps384__train_0455.png,1920,1080,87.82244110107422,16210962945622991072,98333a795d843d73c527dd6a6930ab3c3ba9fe1d,1920,1080,0.0,0,False,gaps384,True,True,276,True
train/gaps384__train_0458,train,/Users/foury333/Desktop/cv-road-damage-inspection-system-main/Pothole Mix/pothole_mix_prepared/train/images/gaps384__train_0458.jpg,/Users/foury333/Desktop/cv-road-damage-inspection-system-main/Pothole Mix/pothole_mix_prepared/train/masks/gaps384__train_0458.png,1920,1080,99.11399841308594,16210962911263252704,88e0c4d29d0e56d76136049226dbde846ec24f24,1920,1080,0.0,0,False,gaps384,True,True,276,True
train/gaps384__train_0472,train,/Users/foury333/Desktop/cv-road-damage-inspection-system-main/Pothole Mix/pothole_mix_prepared/train/images/gaps384__train_0472.jpg,/Users/foury333/Desktop/cv-road-damage-inspection-system-main/Pothole Mix/pothole_mix_prepared/train/masks/gaps384__train_0472.png,1920,1080,98.84453582763672,17941495386354148064,2af781f5598cf15e2c58109472315f7203f4b383,1920,1080,0.0,0,False,gaps384,True,True,276,True
train/gaps384__train_0503,train,/Users/foury333/Desktop/cv-road-damage-inspection-system-main/Pothole Mix/pothole_mix_prepared/train/images/gaps384__train_0503.jpg,/Users/foury333/Desktop/cv-road-damage-inspection-system-main/Pothole Mix/pothole_mix_prepared/train/masks/gaps384__train_0503.png,1920,1080,92.53945922851562,17363906509451358448,901b6b0320546c047d05d46f720b4f87737289c0,1920,1080,0.0,0,False,gaps384,True,True,276,True
train/gaps384__train_0506,train,/Users/foury333/Desktop/cv-road-damage-inspection-system-main/Pothole Mix/pothole_mix_prepared/train/images/gaps384__train_0506.jpg,/Users/foury333/Desktop/cv-road-damage-inspection-system-main/Pothole Mix/pothole_mix_prepared/train/masks/gaps384__train_0506.png,1920,1080,98.38162231445312,17940362872466108640,3ee6266875d56f36fed32c44f045c565e48b2eb0,1920,1080,0.0,0,False,gaps384,True,True,276,True
train/gaps384__train_0507,train,/Users/foury333/Desktop/cv-road-damage-inspection-system-main/Pothole Mix/pothole_mix_prepared/train/images/gaps384__train_0507.jpg,/Users/foury333/Desktop/cv-road-damage-inspection-system-main/Pothole Mix/pothole_mix_prepared/train/masks/gaps384__train_0507.png,1920,1080,100.18048095703125,17940369469535875824,cc43d851735f55c65091b279561441cd807d1bfb,1920,1080,0.0,0,False,gaps384,True,True,276,True
train/gaps384__train_0533,train,/Users/foury333/Desktop/cv-road-damage-inspection-system-main/Pothole Mix/pothole_mix_prepared/train/images/gaps384__train_0533.jpg,/Users/foury333/Desktop/cv-road-damage-inspection-system-main/Pothole Mix/pothole_mix_prepared/train/masks/gaps384__train_0533.png,1920,1080,101.4695816040039,15626645178221523650,709c7fd73408ea7d7a4c13d2634cba83513317c7,1920,1080,0.0,0,False,gaps384,True,True,276,True
train/gaps384__train_0534,train,/Users/foury333/Desktop/cv-road-damage-inspection-system-main/Pothole Mix/pothole_mix_prepared/train/images/gaps384__train_0534.jpg,/Users/foury333/Desktop/cv-road-damage-inspection-system-main/Pothole Mix/pothole_mix_prepared/train/masks/gaps384__train_0534.png,1920,1080,99.29327392578125,17941495386555478770,09dbd58618792c76b38d7df7e631ed3a92d57ac1,1920,1080,0.0,0,False,gaps384,True,True,276,True
train/gaps384__train_0535,train,/Users/foury333/Desktop/cv-road-damage-inspection-system-main/Pothole Mix/pothole_mix_prepared/train/images/gaps384__train_0535.jpg,/Users/foury333/Desktop/cv-road-damage-inspection-system-main/Pothole Mix/pothole_mix_prepared/train/masks/gaps384__train_0535.png,1920,1080,99.32930755615234,17941495386555478768,0b175fd81a5fbe0cf89680053e40101c5bfd6617,1920,1080,0.0,0,False,gaps384,True,True,276,True
train/gaps384__train_0536,train,/Users/foury333/Desktop/cv-road-damage-inspection-system-main/Pothole Mix/pothole_mix_prepared/train/images/gaps384__train_0536.jpg,/Users/foury333/Desktop/cv-road-damage-inspection-system-main/Pothole Mix/pothole_mix_prepared/train/masks/gaps384__train_0536.png,1920,1080,100.41429138183594,17942058336643117762,9cf8d39848ac94c646672ba524554b7ea205cb64,1920,1080,0.0,0,False,gaps384,True,True,276,True
train/gaps384__train_0538,train,/Users/foury333/Desktop/cv-road-damage-inspection-system-main/Pothole Mix/pothole_mix_prepared/train/images/gaps384__train_0538.jpg,/Users/foury333/Desktop/cv-road-damage-inspection-system-main/Pothole Mix/pothole_mix_prepared/train/masks/gaps384__train_0538.png,1920,1080,97.99908447265625,17942058336508900082,89c8b1d4067b5bb98fe6227d1323ce7d1626d3aa,1920,1080,0.0,0,False,gaps384,True,True,276,True
train/gaps384__train_0540,train,/Users/foury333/Desktop/cv-road-damage-inspection-system-main/Pothole Mix/pothole_mix_prepared/train/images/gaps384__train_0540.jpg,/Users/foury333/Desktop/cv-road-damage-inspection-system-main/Pothole Mix/pothole_mix_prepared/train/masks/gaps384__train_0540.png,1920,1080,96.63075256347656,16784050482623347964,9cfd7b4cfa7fbf882e9c4915579af430a19712b5,1920,1080,0.0,0,False,gaps384,True,True,276,True
train/gaps384__train_0544,train,/Users/foury333/Desktop/cv-road-damage-inspection-system-main/Pothole Mix/pothole_mix_prepared/train/images/gaps384__train_0544.jpg,/Users/foury333/Desktop/cv-road-damage-inspection-system-main/Pothole Mix/pothole_mix_prepared/train/masks/gaps384__train_0544.png,1920,1080,94.4642562866211,18229723555195321580,a74cbeb8f0725f5a0597c2b5b4a1d5a6563865a7,1920,1080,0.0,0,False,gaps384,True,True,276,True
train/gaps384__train_0547,train,/Users/foury333/Desktop/cv-road-damage-inspection-system-main/Pothole Mix/pothole_mix_prepared/train/images/gaps384__train_0547.jpg,/Users/foury333/Desktop/cv-road-damage-inspection-system-main/Pothole Mix/pothole_mix_prepared/train/masks/gaps384__train_0547.png,1920,1080,99.94176483154297,17072280790055582972,21e16b251c9c77edc118df74c0e075106a684e3b,1920,1080,0.0,0,False,gaps384,True,True,276,True
train/gaps384__train_0551,train,/Users/foury333/Desktop/cv-road-damage-inspection-system-main/Pothole Mix/pothole_mix_prepared/train/images/gaps384__train_0551.jpg,/Users/foury333/Desktop/cv-road-damage-inspection-system-main/Pothole Mix/pothole_mix_prepared/train/masks/gaps384__train_0551.png,1920,1080,98.15605163574219,17942058336508899568,b6fbcbface3673eacf85519c6902e2f090c743e9,1920,1080,0.0,0,False,gaps384,True,True,276,True
train/gaps384__train_0572,train,/Users/foury333/Desktop/cv-road-damage-inspection-system-main/Pothole Mix/pothole_mix_prepared/train/images/gaps384__train_0572.jpg,/Users/foury333/Desktop/cv-road-damage-inspection-system-main/Pothole Mix/pothole_mix_prepared/train/masks/gaps384__train_0572.png,1920,1080,102.48432159423828,17941495386420471520,eb850d0ff968714cc9d4bfa37fc79c4c790168f1,1920,1080,0.0,0,False,gaps384,True,True,276,True
train/gaps384__train_0578,train,/Users/foury333/Desktop/cv-road-damage-inspection-system-main/Pothole Mix/pothole_mix_prepared/train/images/gaps384__train_0578.jpg,/Users/foury333/Desktop/cv-road-damage-inspection-system-main/Pothole Mix/pothole_mix_prepared/train/masks/gaps384__train_0578.png,1920,1080,98.76250457763672,17365034565263352544,1c12011c506991462c24d080be754c6d07329549,1920,1080,0.0,0,False,gaps384,True,True,276,True
train/gaps384__train_0579,train,/Users/foury333/Desktop/cv-road-damage-inspection-system-main/Pothole Mix/pothole_mix_prepared/train/images/gaps384__train_0579.jpg,/Users/foury333/Desktop/cv-road-damage-inspection-system-main/Pothole Mix/pothole_mix_prepared/train/masks/gaps384__train_0579.png,1920,1080,99.28166961669922,17941495386286252768,ab68275de7a49858e42996a1710ea322424afb8a,1920,1080,0.0,0,False,gaps384,True,True,276,True
train/gaps384__train_0580,train,/Users/foury333/Desktop/cv-road-damage-inspection-system-main/Pothole Mix/pothole_mix_prepared/train/images/gaps384__train_0580.jpg,/Users/foury333/Desktop/cv-road-damage-inspection-system-main/Pothole Mix/pothole_mix_prepared/train/masks/gaps384__train_0580.png,1920,1080,99.99337768554688,17942058267519935200,f30688e65a9924034d328e253c2c7d3d73e99354,1920,1080,0.0,0,False,gaps384,True,True,276,True
train/gaps384__train_0581,train,/Users/foury333/Desktop/cv-road-damage-inspection-system-main/Pothole Mix/pothole_mix_prepared/train/images/gaps384__train_0581.jpg,/Users/foury333/Desktop/cv-road-damage-inspection-system-main/Pothole Mix/pothole_mix_prepared/train/masks/gaps384__train_0581.png,1920,1080,101.9400405883789,17942058267519935200,e070158a82b3206373198db4f1b1f22eb233beb5,1920,1080,0.0,0,False,gaps384,True,True,276,True
train/gaps384__train_0582,train,/Users/foury333/Desktop/cv-road-damage-inspection-system-main/Pothole Mix/pothole_mix_prepared/train/images/gaps384__train_0582.jpg,/Users/foury333/Desktop/cv-road-damage-inspection-system-main/Pothole Mix/pothole_mix_prepared/train/masks/gaps384__train_0582.png,1920,1080,102.08676147460938,17365034565263352544,1c4038474a25c34d909fedd51c4556124c4fcd90,1920,1080,0.0,0,False,gaps384,True,True,276,True
train/gaps384__train_0584,train,/Users/foury333/Desktop/cv-road-damage-inspection-system-main/Pothole Mix/pothole_mix_prepared/train/images/gaps384__train_0584.jpg,/Users/foury333/Desktop/cv-road-damage-inspection-system-main/Pothole Mix/pothole_mix_prepared/train/masks/gaps384__train_0584.png,1920,1080,100.13368225097656,17941495317700993760,695c333e5d79955de5501f15650b8a3c5e342106,1920,1080,0.0,0,False,gaps384,True,True,276,True
train/gaps384__train_0585,train,/Users/foury333/Desktop/cv-road-damage-inspection-system-main/Pothole Mix/pothole_mix_prepared/train/images/gaps384__train_0585.jpg,/Users/foury333/Desktop/cv-road-damage-inspection-system-main/Pothole Mix/pothole_mix_prepared/train/masks/gaps384__train_0585.png,1920,1080,100.97496795654297,17941495317700993760,84eed25e582c62b32ed359c3f407acc050c35482,1920,1080,0.0,0,False,gaps384,True,True,276,True
train/gaps384__train_0605,train,/Users/foury333/Desktop/cv-road-damage-inspection-system-main/Pothole Mix/pothole_mix_prepared/train/images/gaps384__train_0605.jpg,/Users/foury333/Desktop/cv-road-damage-inspection-system-main/Pothole Mix/pothole_mix_prepared/train/masks/gaps384__train_0605.png,1920,1080,101.1875228881836,13330337133709685490,642c93768e9f04c89d89c2f742bdd02ac747da3a,1920,1080,0.0,0,False,gaps384,True,True,276,True
train/gaps384__train_0606,train,/Users/foury333/Desktop/cv-road-damage-inspection-system-main/Pothole Mix/pothole_mix_prepared/train/images/gaps384__train_0606.jpg,/Users/foury333/Desktop/cv-road-damage-inspection-system-main/Pothole Mix/pothole_mix_prepared/train/masks/gaps384__train_0606.png,1920,1080,101.46944427490234,17933015952882328290,a294cf0f21a6f3af292d9e2611fe82d1f5c8b629,1920,1080,0.0,0,False,gaps384,True,True,276,True
train/gaps384__train_0607,train,/Users/foury333/Desktop/cv-road-damage-inspection-system-main/Pothole Mix/pothole_mix_prepared/train/images/gaps384__train_0607.jpg,/Users/foury333/Desktop/cv-road-damage-inspection-system-main/Pothole Mix/pothole_mix_prepared/train/masks/gaps384__train_0607.png,1920,1080,104.56993865966797,17942058336643379954,e61f043c30adacf7cf8cd1c97a0de811ec4f8486,1920,1080,0.0,0,False,gaps384,True,True,276,True
train/gaps384__train_0608,train,/Users/foury333/Desktop/cv-road-damage-inspection-system-main/Pothole Mix/pothole_mix_prepared/train/images/gaps384__train_0608.jpg,/Users/foury333/Desktop/cv-road-damage-inspection-system-main/Pothole Mix/pothole_mix_prepared/train/masks/gaps384__train_0608.png,1920,1080,96.83191680908203,17941493179043477752,0fe346fb82b5e10929f3870a14268574e2ba04f1,1920,1080,0.0,0,False,gaps384,True,True,276,True
train/gaps384__train_0609,train,/Users/foury333/Desktop/cv-road-damage-inspection-system-main/Pothole Mix/pothole_mix_prepared/train/images/gaps384__train_0609.jpg,/Users/foury333/Desktop/cv-road-damage-inspection-system-main/Pothole Mix/pothole_mix_prepared/train/masks/gaps384__train_0609.png,1920,1080,99.61864471435547,17941493179077292272,07bd34513e94055838fa21e878a0faeb7402b29c,1920,1080,0.0,0,False,gaps384,True,True,276,True
train/gaps384__train_0616,train,/Users/foury333/Desktop/cv-road-damage-inspection-system-main/Pothole Mix/pothole_mix_prepared/train/images/gaps384__train_0616.jpg,/Users/foury333/Desktop/cv-road-damage-inspection-system-main/Pothole Mix/pothole_mix_prepared/train/masks/gaps384__train_0616.png,1920,1080,97.84210968017578,17941493179043608776,bb77d55aced1a19aa61fa8bdf2a751d355e4abda,1920,1080,0.0,0,False,gaps384,True,True,276,True
train/gaps384__train_0622,train,/Users/foury333/Desktop/cv-road-damage-inspection-system-main/Pothole Mix/pothole_mix_prepared/train/images/gaps384__train_0622.jpg,/Users/foury333/Desktop/cv-road-damage-inspection-system-main/Pothole Mix/pothole_mix_prepared/train/masks/gaps384__train_0622.png,1920,1080,91.54853057861328,17941493179043082480,aa76661f5f2d577946fa099bb70d47c6b043fc80,1920,1080,0.0,0,False,gaps384,True,True,276,True
train/gaps384__train_0623,train,/Users/foury333/Desktop/cv-road-damage-inspection-system-main/Pothole Mix/pothole_mix_prepared/train/images/gaps384__train_0623.jpg,/Users/foury333/Desktop/cv-road-damage-inspection-system-main/Pothole Mix/pothole_mix_prepared/train/masks/gaps384__train_0623.png,1920,1080,93.56085205078125,17941493179043606768,ee42ab6c0f821f6cd448bc498f0615a4c1f6b4d8,1920,1080,0.0,0,False,gaps384,True,True,276,True
train/gaps384__train_0627,train,/Users/foury333/Desktop/cv-road-damage-inspection-system-main/Pothole Mix/pothole_mix_prepared/train/images/gaps384__train_0627.jpg,/Users/foury333/Desktop/cv-road-damage-inspection-system-main/Pothole Mix/pothole_mix_prepared/train/masks/gaps384__train_0627.png,1920,1080,99.2388687133789,15635650169829650640,8b1a0acc38e7a288ebbb85b7a72a9a69ee1c7b6e,1920,1080,0.0,0,False,gaps384,True,True,276,True
train/gaps384__train_0628,train,/Users/foury333/Desktop/cv-road-damage-inspection-system-main/Pothole Mix/pothole_mix_prepared/train/images/gaps384__train_0628.jpg,/Users/foury333/Desktop/cv-road-damage-inspection-system-main/Pothole Mix/pothole_mix_prepared/train/masks/gaps384__train_0628.png,1920,1080,100.79642486572266,17941493179043344624,3785f5a63112c7d8427f3a57e0c3fc8e6de43055,1920,1080,0.0,0,False,gaps384,True,True,276,True
train/gaps384__train_0633,train,/Users/foury333/Desktop/cv-road-damage-inspection-system-main/Pothole Mix/pothole_mix_prepared/train/images/gaps384__train_0633.jpg,/Users/foury333/Desktop/cv-road-damage-inspection-system-main/Pothole Mix/pothole_mix_prepared/train/masks/gaps384__train_0633.png,1920,1080,97.10847473144531,17941493179043606768,45737fd0a88d32ecb6ef1ba65d93b0c4e907e250,1920,1080,0.0,0,False,gaps384,True,True,276,True
train/gaps384__train_0642,train,/Users/foury333/Desktop/cv-road-damage-inspection-system-main/Pothole Mix/pothole_mix_prepared/train/images/gaps384__train_0642.jpg,/Users/foury333/Desktop/cv-road-damage-inspection-system-main/Pothole Mix/pothole_mix_prepared/train/masks/gaps384__train_0642.png,1920,1080,91.5754165649414,15626607648764129480,8687e5aafc0aae2c3f8db10d419e06b66fede879,1920,1080,0.0,0,False,gaps384,True,True,276,True
train/gaps384__train_0643,train,/Users/foury333/Desktop/cv-road-damage-inspection-system-main/Pothole Mix/pothole_mix_prepared/train/images/gaps384__train_0643.jpg,/Users/foury333/Desktop/cv-road-damage-inspection-system-main/Pothole Mix/pothole_mix_prepared/train/masks/gaps384__train_0643.png,1920,1080,86.24551391601562,17941493179043344624,f90834ddf3ae119c398e1c0592c3c4cd7eca5f90,1920,1080,0.0,0,False,gaps384,True,True,276,True
train/gaps384__train_0645,train,/Users/foury333/Desktop/cv-road-damage-inspection-system-main/Pothole Mix/pothole_mix_prepared/train/images/gaps384__train_0645.jpg,/Users/foury333/Desktop/cv-road-damage-inspection-system-main/Pothole Mix/pothole_mix_prepared/train/masks/gaps384__train_0645.png,1920,1080,91.73033905029297,17941493179043344624,981781b93bb84f903959bad801b0b6d8c49aba45,1920,1080,0.0,0,False,gaps384,True,True,276,True
train/gaps384__train_0649,train,/Users/foury333/Desktop/cv-road-damage-inspection-system-main/Pothole Mix/pothole_mix_prepared/train/images/gaps384__train_0649.jpg,/Users/foury333/Desktop/cv-road-damage-inspection-system-main/Pothole Mix/pothole_mix_prepared/train/masks/gaps384__train_0649.png,1920,1080,101.8768539428711,17941493179043082480,b13eb4401a752f43890267fba1f27259d8de156c,1920,1080,0.0,0,False,gaps384,True,True,276,True
train/gaps384__train_0650,train,/Users/foury333/Desktop/cv-road-damage-inspection-system-main/Pothole Mix/pothole_mix_prepared/train/images/gaps384__train_0650.jpg,/Users/foury333/Desktop/cv-road-damage-inspection-system-main/Pothole Mix/pothole_mix_prepared/train/masks/gaps384__train_0650.png,1920,1080,104.01378631591797,17940367261956108528,718566996c1db1c496f426ecac65417108a8a7c0,1920,1080,0.0,0,False,gaps384,True,True,276,True
train/gaps384__train_0651,train,/Users/foury333/Desktop/cv-road-damage-inspection-system-main/Pothole Mix/pothole_mix_prepared/train/images/gaps384__train_0651.jpg,/Users/foury333/Desktop/cv-road-damage-inspection-system-main/Pothole Mix/pothole_mix_prepared/train/masks/gaps384__train_0651.png,1920,1080,108.41478729248047,17941493179043344624,203a95ea8c02f31b601d27ef56c69e2cb59e6547,1920,1080,0.0,0,False,gaps384,True,True,276,True
train/gaps384__train_0652,train,/Users/foury333/Desktop/cv-road-damage-inspection-system-main/Pothole Mix/pothole_mix_prepared/train/images/gaps384__train_0652.jpg,/Users/foury333/Desktop/cv-road-damage-inspection-system-main/Pothole Mix/pothole_mix_prepared/train/masks/gaps384__train_0652.png,1920,1080,109.23933410644531,17941493179043606768,dbd9d30a8e2de6f3a6ea173a2b991f6b94dcd209,1920,1080,0.0,0,False,gaps384,True,True,276,True
train/gaps384__train_0653,train,/Users/foury333/Desktop/cv-road-damage-inspection-system-main/Pothole Mix/pothole_mix_prepared/train/images/gaps384__train_0653.jpg,/Users/foury333/Desktop/cv-road-damage-inspection-system-main/Pothole Mix/pothole_mix_prepared/train/masks/gaps384__train_0653.png,1920,1080,103.71070861816406,17941493179043606768,945194e4945bba8bd024546a46cff327bf2b5f0c,1920,1080,0.0,0,False,gaps384,True,True,276,True
train/gaps384__train_0661,train,/Users/foury333/Desktop/cv-road-damage-inspection-system-main/Pothole Mix/pothole_mix_prepared/train/images/gaps384__train_0661.jpg,/Users/foury333/Desktop/cv-road-damage-inspection-system-main/Pothole Mix/pothole_mix_prepared/train/masks/gaps384__train_0661.png,1920,1080,74.29588317871094,17941493179076767984,99c8711a0a74a063faf10541bf420cd088449541,1920,1080,0.0,0,False,gaps384,True,True,276,True
train/gaps384__train_0662,train,/Users/foury333/Desktop/cv-road-damage-inspection-system-main/Pothole Mix/pothole_mix_prepared/train/images/gaps384__train_0662.jpg,/Users/foury333/Desktop/cv-road-damage-inspection-system-main/Pothole Mix/pothole_mix_prepared/train/masks/gaps384__train_0662.png,1920,1080,78.85578918457031,17941493179043344624,5e55e41e5e305677fa0b80411af93426c74acf59,1920,1080,0.0,0,False,gaps384,True,True,276,True
train/gaps384__train_0664,train,/Users/foury333/Desktop/cv-road-damage-inspection-system-main/Pothole Mix/pothole_mix_prepared/train/images/gaps384__train_0664.jpg,/Users/foury333/Desktop/cv-road-damage-inspection-system-main/Pothole Mix/pothole_mix_prepared/train/masks/gaps384__train_0664.png,1920,1080,86.42863464355469,17941493179043344624,8a14ce0a1a7d88ff31e04063b2fad68d1351ddc9,1920,1080,0.0,0,False,gaps384,True,True,276,True
train/gaps384__train_0665,train,/Users/foury333/Desktop/cv-road-damage-inspection-system-main/Pothole Mix/pothole_mix_prepared/train/images/gaps384__train_0665.jpg,/Users/foury333/Desktop/cv-road-damage-inspection-system-main/Pothole Mix/pothole_mix_prepared/train/masks/gaps384__train_0665.png,1920,1080,90.62884521484375,17932450795416514800,9bea26db6145cbbfe39918d6ffaa8cf35df86394,1920,1080,0.0,0,False,gaps384,True,True,276,True
train/gaps384__train_0666,train,/Users/foury333/Desktop/cv-road-damage-inspection-system-main/Pothole Mix/pothole_mix_prepared/train/images/gaps384__train_0666.jpg,/Users/foury333/Desktop/cv-road-damage-inspection-system-main/Pothole Mix/pothole_mix_prepared/train/masks/gaps384__train_0666.png,1920,1080,94.56446075439453,17941493187666440432,bae2fc8421df196cc546069153b6cc7f4d111522,1920,1080,0.0,0,False,gaps384,True,True,276,True
train/gaps384__train_0667,train,/Users/foury333/Desktop/cv-road-damage-inspection-system-main/Pothole Mix/pothole_mix_prepared/train/images/gaps384__train_0667.jpg,/Users/foury333/Desktop/cv-road-damage-inspection-system-main/Pothole Mix/pothole_mix_prepared/train/masks/gaps384__train_0667.png,1920,1080,111.29132843017578,17941493179043082480,570b9060172bc16357bee8c27f4253f996c67ff7,1920,1080,0.0,0,False,gaps384,True,True,276,True
train/gaps384__train_0669,train,/Users/foury333/Desktop/cv-road-damage-inspection-system-main/Pothole Mix/pothole_mix_prepared/train/images/gaps384__train_0669.jpg,/Users/foury333/Desktop/cv-road-damage-inspection-system-main/Pothole Mix/pothole_mix_prepared/train/masks/gaps384__train_0669.png,1920,1080,95.48448944091797,17365032409358200976,81a6948cb27e96247f228ed5f65fc9c9516b88cb,1920,1080,0.0,0,False,gaps384,True,True,276,True
train/gaps384__train_0682,train,/Users/foury333/Desktop/cv-road-damage-inspection-system-main/Pothole Mix/pothole_mix_prepared/train/images/gaps384__train_0682.jpg,/Users/foury333/Desktop/cv-road-damage-inspection-system-main/Pothole Mix/pothole_mix_prepared/train/masks/gaps384__train_0682.png,1920,1080,98.03157043457031,17365032426739527920,bd3559e7b033e3ef8c2a185f2426e976b6d555e0,1920,1080,0.0,0,False,gaps384,True,True,276,True
train/gaps384__train_0683,train,/Users/foury333/Desktop/cv-road-damage-inspection-system-main/Pothole Mix/pothole_mix_prepared/train/images/gaps384__train_0683.jpg,/Users/foury333/Desktop/cv-road-damage-inspection-system-main/Pothole Mix/pothole_mix_prepared/train/masks/gaps384__train_0683.png,1920,1080,98.31148529052734,17365032426772951280,1d3a45fc667852d7d2bd8bd7e0f95d1d6033e5e2,1920,1080,0.0,0,False,gaps384,True,True,276,True
train/gaps384__train_0684,train,/Users/foury333/Desktop/cv-road-damage-inspection-system-main/Pothole Mix/pothole_mix_prepared/train/images/gaps384__train_0684.jpg,/Users/foury333/Desktop/cv-road-damage-inspection-system-main/Pothole Mix/pothole_mix_prepared/train/masks/gaps384__train_0684.png,1920,1080,100.18669891357422,17941493179043082480,61fdb7f93e0bb7adfa2e9f1e00654fbb7cfecd69,1920,1080,0.0,0,False,gaps384,True,True,276,True
train/gaps384__train_0685,train,/Users/foury333/Desktop/cv-road-damage-inspection-system-main/Pothole Mix/pothole_mix_prepared/train/images/gaps384__train_0685.jpg,/Users/foury333/Desktop/cv-road-damage-inspection-system-main/Pothole Mix/pothole_mix_prepared/train/masks/gaps384__train_0685.png,1920,1080,100.78337860107422,17941493179042820336,791ac4652d858569c78b399762bbc809a934024a,1920,1080,0.0,0,False,gaps384,True,True,276,True
train/gaps384__train_0686,train,/Users/foury333/Desktop/cv-road-damage-inspection-system-main/Pothole Mix/pothole_mix_prepared/train/images/gaps384__train_0686.jpg,/Users/foury333/Desktop/cv-road-damage-inspection-system-main/Pothole Mix/pothole_mix_prepared/train/masks/gaps384__train_0686.png,1920,1080,102.76632690429688,15635650169829253312,30e0135caf7b7e0e7909604346cd94dce47523de,1920,1080,0.0,0,False,gaps384,True,True,276,True
train/gaps384__train_0691,train,/Users/foury333/Desktop/cv-road-damage-inspection-system-main/Pothole Mix/pothole_mix_prepared/train/images/gaps384__train_0691.jpg,/Users/foury333/Desktop/cv-road-damage-inspection-system-main/Pothole Mix/pothole_mix_prepared/train/masks/gaps384__train_0691.png,1920,1080,96.08055877685547,17941493179042951408,c00432d7194613ddf4408e81f76f44ad9f90eda5,1920,1080,0.0,0,False,gaps384,True,True,276,True
train/gaps384__train_0692,train,/Users/foury333/Desktop/cv-road-damage-inspection-system-main/Pothole Mix/pothole_mix_prepared/train/images/gaps384__train_0692.jpg,/Users/foury333/Desktop/cv-road-damage-inspection-system-main/Pothole Mix/pothole_mix_prepared/train/masks/gaps384__train_0692.png,1920,1080,97.17613983154297,17940367210180702960,291b85f0b097430eeef817d7ccabca4ce6b281ea,1920,1080,0.0,0,False,gaps384,True,True,276,True
train/gaps384__train_0693,train,/Users/foury333/Desktop/cv-road-damage-inspection-system-main/Pothole Mix/pothole_mix_prepared/train/images/gaps384__train_0693.jpg,/Users/foury333/Desktop/cv-road-damage-inspection-system-main/Pothole Mix/pothole_mix_prepared/train/masks/gaps384__train_0693.png,1920,1080,98.93740844726562,17941493179075457248,d1de2e01d02c4a4bd878c2e2049429a48dc3dc22,1920,1080,0.0,0,False,gaps384,True,True,276,True
train/gaps384__train_0694,train,/Users/foury333/Desktop/cv-road-damage-inspection-system-main/Pothole Mix/pothole_mix_prepared/train/images/gaps384__train_0694.jpg,/Users/foury333/Desktop/cv-road-damage-inspection-system-main/Pothole Mix/pothole_mix_prepared/train/masks/gaps384__train_0694.png,1920,1080,100.51677703857422,17365032366375100640,44c355088f37111d845d92b60aad292a7c4415d2,1920,1080,0.0,0,False,gaps384,True,True,276,True
train/gaps384__train_0695,train,/Users/foury333/Desktop/cv-road-damage-inspection-system-main/Pothole Mix/pothole_mix_prepared/train/images/gaps384__train_0695.jpg,/Users/foury333/Desktop/cv-road-damage-inspection-system-main/Pothole Mix/pothole_mix_prepared/train/masks/gaps384__train_0695.png,1920,1080,101.45024871826172,17941493118677738208,9857e5c02f66d755431a0c05ce1a67d649578cb1,1920,1080,0.0,0,False,gaps384,True,True,276,True
train/gaps384__train_0700,train,/Users/foury333/Desktop/cv-road-damage-inspection-system-main/Pothole Mix/pothole_mix_prepared/train/images/gaps384__train_0700.jpg,/Users/foury333/Desktop/cv-road-damage-inspection-system-main/Pothole Mix/pothole_mix_prepared/train/masks/gaps384__train_0700.png,1920,1080,98.11505889892578,17941495386689692384,35ff137f204d865caac5dc2c3af7306a12bb2ad0,1920,1080,0.0,0,False,gaps384,True,True,276,True
train/gaps384__train_0701,train,/Users/foury333/Desktop/cv-road-damage-inspection-system-main/Pothole Mix/pothole_mix_prepared/train/images/gaps384__train_0701.jpg,/Users/foury333/Desktop/cv-road-damage-inspection-system-main/Pothole Mix/pothole_mix_prepared/train/masks/gaps384__train_0701.png,1920,1080,98.07913208007812,17941493187599332080,f72c7a15a72dd599909e584fa7c32a964cdff773,1920,1080,0.0,0,False,gaps384,True,True,276,True
train/gaps384__train_0762,train,/Users/foury333/Desktop/cv-road-damage-inspection-system-main/Pothole Mix/pothole_mix_prepared/train/images/gaps384__train_0762.jpg,/Users/foury333/Desktop/cv-road-damage-inspection-system-main/Pothole Mix/pothole_mix_prepared/train/masks/gaps384__train_0762.png,1920,1080,97.17925262451172,16206450515576414432,59215d8d69ba6ed5a3e49f5dfef0b847477a4382,1920,1080,0.0,0,False,gaps384,True,True,276,True
train/gaps384__train_0763,train,/Users/foury333/Desktop/cv-road-damage-inspection-system-main/Pothole Mix/pothole_mix_prepared/train/images/gaps384__train_0763.jpg,/Users/foury333/Desktop/cv-road-damage-inspection-system-main/Pothole Mix/pothole_mix_prepared/train/masks/gaps384__train_0763.png,1920,1080,96.41272735595703,17361641412150485216,b9a453d47047e99d00227c1bd0d9c3182d38bb82,1920,1080,0.0,0,False,gaps384,True,True,276,True
train/gaps384__train_0764,train,/Users/foury333/Desktop/cv-road-damage-inspection-system-main/Pothole Mix/pothole_mix_prepared/train/images/gaps384__train_0764.jpg,/Users/foury333/Desktop/cv-road-damage-inspection-system-main/Pothole Mix/pothole_mix_prepared/train/masks/gaps384__train_0764.png,1920,1080,98.18328857421875,17361645896398467312,338a0c62ce1eba6ef2775bea3e81413282432bc5,1920,1080,0.0,0,False,gaps384,True,True,276,True
train/gaps384__train_0765,train,/Users/foury333/Desktop/cv-road-damage-inspection-system-main/Pothole Mix/pothole_mix_prepared/train/images/gaps384__train_0765.jpg,/Users/foury333/Desktop/cv-road-damage-inspection-system-main/Pothole Mix/pothole_mix_prepared/train/masks/gaps384__train_0765.png,1920,1080,99.5782470703125,17361645896398467312,2b0f4ae8cfa165c8316260246bda84d203dce34b,1920,1080,0.0,0,False,gaps384,True,True,276,True
train/gaps384__train_0766,train,/Users/foury333/Desktop/cv-road-damage-inspection-system-main/Pothole Mix/pothole_mix_prepared/train/images/gaps384__train_0766.jpg,/Users/foury333/Desktop/cv-road-damage-inspection-system-main/Pothole Mix/pothole_mix_prepared/train/masks/gaps384__train_0766.png,1920,1080,100.39706420898438,17361645887875641584,b67a197622d13d9ce50cb87f2205c095be862a63,1920,1080,0.0,0,False,gaps384,True,True,276,True
train/gaps384__train_0767,train,/Users/foury333/Desktop/cv-road-damage-inspection-system-main/Pothole Mix/pothole_mix_prepared/train/images/gaps384__train_0767.jpg,/Users/foury333/Desktop/cv-road-damage-inspection-system-main/Pothole Mix/pothole_mix_prepared/train/masks/gaps384__train_0767.png,1920,1080,101.22349548339844,17361645896398467312,a0f6f50b88730b6098a71ab94253f011b22e63d1,1920,1080,0.0,0,False,gaps384,True,True,276,True
train/gaps384__train_0797,train,/Users/foury333/Desktop/cv-road-damage-inspection-system-main/Pothole Mix/pothole_mix_prepared/train/images/gaps384__train_0797.jpg,/Users/foury333/Desktop/cv-road-damage-inspection-system-main/Pothole Mix/pothole_mix_prepared/train/masks/gaps384__train_0797.png,1920,1080,95.87396240234375,15059189417190158560,5fc34920334c205f1250927c96bbb3c1f6b92252,1920,1080,0.0,0,False,gaps384,True,True,276,True
train/gaps384__train_0799,train,/Users/foury333/Desktop/cv-road-damage-inspection-system-main/Pothole Mix/pothole_mix_prepared/train/images/gaps384__train_0799.jpg,/Users/foury333/Desktop/cv-road-damage-inspection-system-main/Pothole Mix/pothole_mix_prepared/train/masks/gaps384__train_0799.png,1920,1080,98.02565002441406,15634524252675305712,77da0da61103f4cf087cffba11e5928aed82d73a,1920,1080,0.0,0,False,gaps384,True,True,276,True
train/gaps384__train_0907,train,/Users/foury333/Desktop/cv-road-damage-inspection-system-main/Pothole Mix/pothole_mix_prepared/train/images/gaps384__train_0907.jpg,/Users/foury333/Desktop/cv-road-damage-inspection-system-main/Pothole Mix/pothole_mix_prepared/train/masks/gaps384__train_0907.png,1920,1080,97.90351867675781,16208711111449567456,b9b6b72d8ac8989cd121399a308b3c3131e3cee0,1920,1080,0.0,0,False,gaps384,True,True,276,True
train/gaps384__train_0908,train,/Users/foury333/Desktop/cv-road-damage-inspection-system-main/Pothole Mix/pothole_mix_prepared/train/images/gaps384__train_0908.jpg,/Users/foury333/Desktop/cv-road-damage-inspection-system-main/Pothole Mix/pothole_mix_prepared/train/masks/gaps384__train_0908.png,1920,1080,97.08143615722656,16208711111449567456,431bc7349498fac855b3126e497cfad9a132166a,1920,1080,0.0,0,False,gaps384,True,True,276,True
train/gaps384__train_0917,train,/Users/foury333/Desktop/cv-road-damage-inspection-system-main/Pothole Mix/pothole_mix_prepared/train/images/gaps384__train_0917.jpg,/Users/foury333/Desktop/cv-road-damage-inspection-system-main/Pothole Mix/pothole_mix_prepared/train/masks/gaps384__train_0917.png,1920,1080,96.7915267944336,16210962911263252704,876cc205795a1048bc7f614ad53d5833e4d491dc,1920,1080,0.0,0,False,gaps384,True,True,276,True
train/gaps384__train_1078,train,/Users/foury333/Desktop/cv-road-damage-inspection-system-main/Pothole Mix/pothole_mix_prepared/train/images/gaps384__train_1078.jpg,/Users/foury333/Desktop/cv-road-damage-inspection-system-main/Pothole Mix/pothole_mix_prepared/train/masks/gaps384__train_1078.png,1920,1080,103.72941589355469,17941493179042820336,afc83419d4c9fead92a4830bafd0da7dced0a35e,1920,1080,0.0,0,False,gaps384,True,True,276,True
train/gaps384__train_1084,train,/Users/foury333/Desktop/cv-road-damage-inspection-system-main/Pothole Mix/pothole_mix_prepared/train/images/gaps384__train_1084.jpg,/Users/foury333/Desktop/cv-road-damage-inspection-system-main/Pothole Mix/pothole_mix_prepared/train/masks/gaps384__train_1084.png,1920,1080,100.41146850585938,17941493179043608824,62e9e67d33a29d63a35d74b316d958899d921fbe,1920,1080,0.0,0,False,gaps384,True,True,276,True
train/gaps384__train_1085,train,/Users/foury333/Desktop/cv-road-damage-inspection-system-main/Pothole Mix/pothole_mix_prepared/train/images/gaps384__train_1085.jpg,/Users/foury333/Desktop/cv-road-damage-inspection-system-main/Pothole Mix/pothole_mix_prepared/train/masks/gaps384__train_1085.png,1920,1080,98.19046783447266,17941493179043609848,39f54c31ff09f2316b41b34bda71cc0206ede95e,1920,1080,0.0,0,False,gaps384,True,True,276,True
train/gaps384__train_1086,train,/Users/foury333/Desktop/cv-road-damage-inspection-system-main/Pothole Mix/pothole_mix_prepared/train/images/gaps384__train_1086.jpg,/Users/foury333/Desktop/cv-road-damage-inspection-system-main/Pothole Mix/pothole_mix_prepared/train/masks/gaps384__train_1086.png,1920,1080,100.96343994140625,17941493179043740924,2d69daa6ecf1a7396ff6b685dfc2d66f3b5c1ee8,1920,1080,0.0,0,False,gaps384,True,True,276,True
train/gaps384__train_1091,train,/Users/foury333/Desktop/cv-road-damage-inspection-system-main/Pothole Mix/pothole_mix_prepared/train/images/gaps384__train_1091.jpg,/Users/foury333/Desktop/cv-road-damage-inspection-system-main/Pothole Mix/pothole_mix_prepared/train/masks/gaps384__train_1091.png,1920,1080,102.91590118408203,17940367261889526008,83a4afd585b66d2da1af5aac2a0e6e6de157834d,1920,1080,0.0,0,False,gaps384,True,True,276,True
train/gaps384__train_1092,train,/Users/foury333/Desktop/cv-road-damage-inspection-system-main/Pothole Mix/pothole_mix_prepared/train/images/gaps384__train_1092.jpg,/Users/foury333/Desktop/cv-road-damage-inspection-system-main/Pothole Mix/pothole_mix_prepared/train/masks/gaps384__train_1092.png,1920,1080,99.61932373046875,17941493178976237816,3d186b111f59eda8c8f715fc109d920b8ebf3edd,1920,1080,0.0,0,False,gaps384,True,True,276,True
train/gaps384__train_1125,train,/Users/foury333/Desktop/cv-road-damage-inspection-system-main/Pothole Mix/pothole_mix_prepared/train/images/gaps384__train_1125.jpg,/Users/foury333/Desktop/cv-road-damage-inspection-system-main/Pothole Mix/pothole_mix_prepared/train/masks/gaps384__train_1125.png,1920,1080,96.29412078857422,13311792762106720496,b77a207773ff426e2f4bb26f89605d9e9a81ed37,1920,1080,0.0,0,False,gaps384,True,True,276,True
train/gaps384__train_1126,train,/Users/foury333/Desktop/cv-road-damage-inspection-system-main/Pothole Mix/pothole_mix_prepared/train/images/gaps384__train_1126.jpg,/Users/foury333/Desktop/cv-road-damage-inspection-system-main/Pothole Mix/pothole_mix_prepared/train/masks/gaps384__train_1126.png,1920,1080,97.02102661132812,17941493179043608816,4cbf255f1b3fac4568adbd701c98a3239f9c8efe,1920,1080,0.0,0,False,gaps384,True,True,276,True
train/gaps384__train_1140,train,/Users/foury333/Desktop/cv-road-damage-inspection-system-main/Pothole Mix/pothole_mix_prepared/train/images/gaps384__train_1140.jpg,/Users/foury333/Desktop/cv-road-damage-inspection-system-main/Pothole Mix/pothole_mix_prepared/train/masks/gaps384__train_1140.png,1920,1080,101.71041870117188,17941493179043606776,bda88c9fbc563ee0a8c28058de65893209283571,1920,1080,0.0,0,False,gaps384,True,True,276,True
train/gaps384__train_1145,train,/Users/foury333/Desktop/cv-road-damage-inspection-system-main/Pothole Mix/pothole_mix_prepared/train/images/gaps384__train_1145.jpg,/Users/foury333/Desktop/cv-road-damage-inspection-system-main/Pothole Mix/pothole_mix_prepared/train/masks/gaps384__train_1145.png,1920,1080,104.5048828125,17941493179043082480,ea3d238831fa119805e7d6f0d663ec1ebe579683,1920,1080,0.0,0,False,gaps384,True,True,276,True
train/gaps384__train_1146,train,/Users/foury333/Desktop/cv-road-damage-inspection-system-main/Pothole Mix/pothole_mix_prepared/train/images/gaps384__train_1146.jpg,/Users/foury333/Desktop/cv-road-damage-inspection-system-main/Pothole Mix/pothole_mix_prepared/train/masks/gaps384__train_1146.png,1920,1080,106.85356903076172,17941493179043082480,aa451fea980606fe42de8d46be5ec8c725b91aa5,1920,1080,0.0,0,False,gaps384,True,True,276,True
train/gaps384__train_1147,train,/Users/foury333/Desktop/cv-road-damage-inspection-system-main/Pothole Mix/pothole_mix_prepared/train/images/gaps384__train_1147.jpg,/Users/foury333/Desktop/cv-road-damage-inspection-system-main/Pothole Mix/pothole_mix_prepared/train/masks/gaps384__train_1147.png,1920,1080,109.51329040527344,17932450657438323920,72ab2f8a4e83161dd83ca2413c64f2eb3d865435,1920,1080,0.0,0,False,gaps384,True,True,276,True
train/gaps384__train_1148,train,/Users/foury333/Desktop/cv-road-damage-inspection-system-main/Pothole Mix/pothole_mix_prepared/train/images/gaps384__train_1148.jpg,/Users/foury333/Desktop/cv-road-damage-inspection-system-main/Pothole Mix/pothole_mix_prepared/train/masks/gaps384__train_1148.png,1920,1080,102.22691345214844,17941493179043082448,93f18fee624368adffd794807515961d65df92f4,1920,1080,0.0,0,False,gaps384,True,True,276,True
train/gaps384__train_1150,train,/Users/foury333/Desktop/cv-road-damage-inspection-system-main/Pothole Mix/pothole_mix_prepared/train/images/gaps384__train_1150.jpg,/Users/foury333/Desktop/cv-road-damage-inspection-system-main/Pothole Mix/pothole_mix_prepared/train/masks/gaps384__train_1150.png,1920,1080,100.78302001953125,17941493179043607792,22f00b07ba175c05644d14d4b8286a2c33249571,1920,1080,0.0,0,False,gaps384,True,True,276,True
train/gaps384__train_1155,train,/Users/foury333/Desktop/cv-road-damage-inspection-system-main/Pothole Mix/pothole_mix_prepared/train/images/gaps384__train_1155.jpg,/Users/foury333/Desktop/cv-road-damage-inspection-system-main/Pothole Mix/pothole_mix_prepared/train/masks/gaps384__train_1155.png,1920,1080,99.69342041015625,15626607648224628944,39b4d67b9211d3b249ca8c4cc5b2a607fc832ded,1920,1080,0.0,0,False,gaps384,True,True,276,True
train/gaps384__train_1156,train,/Users/foury333/Desktop/cv-road-damage-inspection-system-main/Pothole Mix/pothole_mix_prepared/train/images/gaps384__train_1156.jpg,/Users/foury333/Desktop/cv-road-damage-inspection-system-main/Pothole Mix/pothole_mix_prepared/train/masks/gaps384__train_1156.png,1920,1080,100.10623168945312,15626607648225153232,c459476d08bc1c15081ee094986031cb37822ef9,1920,1080,0.0,0,False,gaps384,True,True,276,True
train/gaps384__train_1157,train,/Users/foury333/Desktop/cv-road-damage-inspection-system-main/Pothole Mix/pothole_mix_prepared/train/images/gaps384__train_1157.jpg,/Users/foury333/Desktop/cv-road-damage-inspection-system-main/Pothole Mix/pothole_mix_prepared/train/masks/gaps384__train_1157.png,1920,1080,106.67811584472656,15626607648225153232,6ab28ed7f11e8c8b505a98aa0b624c1dcc8f32d6,1920,1080,0.0,0,False,gaps384,True,True,276,True
train/gaps384__train_1159,train,/Users/foury333/Desktop/cv-road-damage-inspection-system-main/Pothole Mix/pothole_mix_prepared/train/images/gaps384__train_1159.jpg,/Users/foury333/Desktop/cv-road-damage-inspection-system-main/Pothole Mix/pothole_mix_prepared/train/masks/gaps384__train_1159.png,1920,1080,97.27650451660156,17941493179043737840,5e131e5e0b0a0772017320b64183d5e16604b33c,1920,1080,0.0,0,False,gaps384,True,True,276,True
train/gaps384__train_1160,train,/Users/foury333/Desktop/cv-road-damage-inspection-system-main/Pothole Mix/pothole_mix_prepared/train/images/gaps384__train_1160.jpg,/Users/foury333/Desktop/cv-road-damage-inspection-system-main/Pothole Mix/pothole_mix_prepared/train/masks/gaps384__train_1160.png,1920,1080,99.45755004882812,17941493179077161200,e54e4f6365e47a8ede73e2d0f08e278403d3fce8,1920,1080,0.0,0,False,gaps384,True,True,276,True
train/gaps384__train_1161,train,/Users/foury333/Desktop/cv-road-damage-inspection-system-main/Pothole Mix/pothole_mix_prepared/train/images/gaps384__train_1161.jpg,/Users/foury333/Desktop/cv-road-damage-inspection-system-main/Pothole Mix/pothole_mix_prepared/train/masks/gaps384__train_1161.png,1920,1080,103.81011199951172,15626607648258840792,cd30669b388c1b96842a1d6659b835ff76e6ff4a,1920,1080,0.0,0,False,gaps384,True,True,276,True
train/gaps384__train_1162,train,/Users/foury333/Desktop/cv-road-damage-inspection-system-main/Pothole Mix/pothole_mix_prepared/train/images/gaps384__train_1162.jpg,/Users/foury333/Desktop/cv-road-damage-inspection-system-main/Pothole Mix/pothole_mix_prepared/train/masks/gaps384__train_1162.png,1920,1080,102.1358413696289,15626607648225156312,310a4823e94ee74d2568f4b6910141151fb59b30,1920,1080,0.0,0,False,gaps384,True,True,276,True
train/gaps384__train_1163,train,/Users/foury333/Desktop/cv-road-damage-inspection-system-main/Pothole Mix/pothole_mix_prepared/train/images/gaps384__train_1163.jpg,/Users/foury333/Desktop/cv-road-damage-inspection-system-main/Pothole Mix/pothole_mix_prepared/train/masks/gaps384__train_1163.png,1920,1080,101.6954345703125,15626607648225287384,eea1e79d5eb4d0e8acc99f3948f791bc0ee0afc5,1920,1080,0.0,0,False,gaps384,True,True,276,True
train/gaps384__train_1164,train,/Users/foury333/Desktop/cv-road-damage-inspection-system-main/Pothole Mix/pothole_mix_prepared/train/images/gaps384__train_1164.jpg,/Users/foury333/Desktop/cv-road-damage-inspection-system-main/Pothole Mix/pothole_mix_prepared/train/masks/gaps384__train_1164.png,1920,1080,102.95115661621094,15626607648225156312,988ea22fe9f09d303102c90fab406b6384512e50,1920,1080,0.0,0,False,gaps384,True,True,276,True
train/gaps384__train_1165,train,/Users/foury333/Desktop/cv-road-damage-inspection-system-main/Pothole Mix/pothole_mix_prepared/train/images/gaps384__train_1165.jpg,/Users/foury333/Desktop/cv-road-damage-inspection-system-main/Pothole Mix/pothole_mix_prepared/train/masks/gaps384__train_1165.png,1920,1080,101.5180892944336,15626607648225156312,f2d1cdaafc1b47ae6fbee8ab99d6ada4075984cc,1920,1080,0.0,0,False,gaps384,True,True,276,True
train/gaps384__train_1166,train,/Users/foury333/Desktop/cv-road-damage-inspection-system-main/Pothole Mix/pothole_mix_prepared/train/images/gaps384__train_1166.jpg,/Users/foury333/Desktop/cv-road-damage-inspection-system-main/Pothole Mix/pothole_mix_prepared/train/masks/gaps384__train_1166.png,1920,1080,102.36129760742188,15914838024376868056,02e1e42859eadbfb1b86406c657c372d3a7998d4,1920,1080,0.0,0,False,gaps384,True,True,276,True
train/gaps384__train_1167,train,/Users/foury333/Desktop/cv-road-damage-inspection-system-main/Pothole Mix/pothole_mix_prepared/train/images/gaps384__train_1167.jpg,/Users/foury333/Desktop/cv-road-damage-inspection-system-main/Pothole Mix/pothole_mix_prepared/train/masks/gaps384__train_1167.png,1920,1080,96.4248275756836,15626642970575166680,cbe91edab2338100a48b22e18b598b73107b2feb,1920,1080,0.0,0,False,gaps384,True,True,276,True
train/gaps384__train_1168,train,/Users/foury333/Desktop/cv-road-damage-inspection-system-main/Pothole Mix/pothole_mix_prepared/train/images/gaps384__train_1168.jpg,/Users/foury333/Desktop/cv-road-damage-inspection-system-main/Pothole Mix/pothole_mix_prepared/train/masks/gaps384__train_1168.png,1920,1080,101.3663558959961,15626607648225156316,109a7b6224bc3e34407db572516db741d9dc1772,1920,1080,0.0,0,False,gaps384,True,True,276,True
train/gaps384__train_1169,train,/Users/foury333/Desktop/cv-road-damage-inspection-system-main/Pothole Mix/pothole_mix_prepared/train/images/gaps384__train_1169.jpg,/Users/foury333/Desktop/cv-road-damage-inspection-system-main/Pothole Mix/pothole_mix_prepared/train/masks/gaps384__train_1169.png,1920,1080,98.5988540649414,15923880545981619420,a76de86fd0ae7a6a1020c5c3f9fe8e459e1293da,1920,1080,0.0,0,False,gaps384,True,True,276,True
train/gaps384__train_1170,train,/Users/foury333/Desktop/cv-road-damage-inspection-system-main/Pothole Mix/pothole_mix_prepared/train/images/gaps384__train_1170.jpg,/Users/foury333/Desktop/cv-road-damage-inspection-system-main/Pothole Mix/pothole_mix_prepared/train/masks/gaps384__train_1170.png,1920,1080,102.75508880615234,15914838024376868088,2d020fb2a37afe9e7ae754bed2d44371ddc0e451,1920,1080,0.0,0,False,gaps384,True,True,276,True
train/gaps384__train_1171,train,/Users/foury333/Desktop/cv-road-damage-inspection-system-main/Pothole Mix/pothole_mix_prepared/train/images/gaps384__train_1171.jpg,/Users/foury333/Desktop/cv-road-damage-inspection-system-main/Pothole Mix/pothole_mix_prepared/train/masks/gaps384__train_1171.png,1920,1080,101.77958679199219,15914838162352692444,fbb82ca1922bd905874b16fda553f9476f10271f,1920,1080,0.0,0,False,gaps384,True,True,276,True
train/gaps384__train_1172,train,/Users/foury333/Desktop/cv-road-damage-inspection-system-main/Pothole Mix/pothole_mix_prepared/train/images/gaps384__train_1172.jpg,/Users/foury333/Desktop/cv-road-damage-inspection-system-main/Pothole Mix/pothole_mix_prepared/train/masks/gaps384__train_1172.png,1920,1080,103.65477752685547,15914838024376868060,870f2530882c879437a09892ee0e972912bd8222,1920,1080,0.0,0,False,gaps384,True,True,276,True
train/gaps384__train_1173,train,/Users/foury333/Desktop/cv-road-damage-inspection-system-main/Pothole Mix/pothole_mix_prepared/train/images/gaps384__train_1173.jpg,/Users/foury333/Desktop/cv-road-damage-inspection-system-main/Pothole Mix/pothole_mix_prepared/train/masks/gaps384__train_1173.png,1920,1080,103.07170104980469,15626607648225156312,d673d275f14d68e8af27b21983e7c5ce697a21ba,1920,1080,0.0,0,False,gaps384,True,True,276,True
train/gaps384__train_1174,train,/Users/foury333/Desktop/cv-road-damage-inspection-system-main/Pothole Mix/pothole_mix_prepared/train/images/gaps384__train_1174.jpg,/Users/foury333/Desktop/cv-road-damage-inspection-system-main/Pothole Mix/pothole_mix_prepared/train/masks/gaps384__train_1174.png,1920,1080,103.38356018066406,15914838024376868056,a40f3d441520152a1b6ad6b562ff9cdbb367c123,1920,1080,0.0,0,False,gaps384,True,True,276,True
train/gaps384__train_1175,train,/Users/foury333/Desktop/cv-road-damage-inspection-system-main/Pothole Mix/pothole_mix_prepared/train/images/gaps384__train_1175.jpg,/Users/foury333/Desktop/cv-road-damage-inspection-system-main/Pothole Mix/pothole_mix_prepared/train/masks/gaps384__train_1175.png,1920,1080,104.3962173461914,15626607648225156312,546d58f114f23a8f3082b3a6f231cb3d6467b2a7,1920,1080,0.0,0,False,gaps384,True,True,276,True
train/gaps384__train_1177,train,/Users/foury333/Desktop/cv-road-damage-inspection-system-main/Pothole Mix/pothole_mix_prepared/train/images/gaps384__train_1177.jpg,/Users/foury333/Desktop/cv-road-damage-inspection-system-main/Pothole Mix/pothole_mix_prepared/train/masks/gaps384__train_1177.png,1920,1080,104.88249206542969,15914838024376868060,b4aee2036c8154fb6773b8d39ba7fde1b494781b,1920,1080,0.0,0,False,gaps384,True,True,276,True
train/gaps384__train_1178,train,/Users/foury333/Desktop/cv-road-damage-inspection-system-main/Pothole Mix/pothole_mix_prepared/train/images/gaps384__train_1178.jpg,/Users/foury333/Desktop/cv-road-damage-inspection-system-main/Pothole Mix/pothole_mix_prepared/train/masks/gaps384__train_1178.png,1920,1080,104.31708526611328,15626607648225156312,3294ce3bb43a278f3fa9752f688088659812f3f5,1920,1080,0.0,0,False,gaps384,True,True,276,True
train/gaps384__train_1179,train,/Users/foury333/Desktop/cv-road-damage-inspection-system-main/Pothole Mix/pothole_mix_prepared/train/images/gaps384__train_1179.jpg,/Users/foury333/Desktop/cv-road-damage-inspection-system-main/Pothole Mix/pothole_mix_prepared/train/masks/gaps384__train_1179.png,1920,1080,102.18714141845703,15626607648225156312,272d9d1c7eddb0c14ea2dc23d94dc8be87984b97,1920,1080,0.0,0,False,gaps384,True,True,276,True
train/gaps384__train_1180,train,/Users/foury333/Desktop/cv-road-damage-inspection-system-main/Pothole Mix/pothole_mix_prepared/train/images/gaps384__train_1180.jpg,/Users/foury333/Desktop/cv-road-damage-inspection-system-main/Pothole Mix/pothole_mix_prepared/train/masks/gaps384__train_1180.png,1920,1080,102.78008270263672,15626607648225156316,0ca820ec52b272883b331f9217c49895b446d0e2,1920,1080,0.0,0,False,gaps384,True,True,276,True
train/gaps384__train_1181,train,/Users/foury333/Desktop/cv-road-damage-inspection-system-main/Pothole Mix/pothole_mix_prepared/train/images/gaps384__train_1181.jpg,/Users/foury333/Desktop/cv-road-damage-inspection-system-main/Pothole Mix/pothole_mix_prepared/train/masks/gaps384__train_1181.png,1920,1080,101.38479614257812,15626607648225156312,9f747e7c38814800e254a1e8f80c575a7a721ca7,1920,1080,0.0,0,False,gaps384,True,True,276,True
train/gaps384__train_1182,train,/Users/foury333/Desktop/cv-road-damage-inspection-system-main/Pothole Mix/pothole_mix_prepared/train/images/gaps384__train_1182.jpg,/Users/foury333/Desktop/cv-road-damage-inspection-system-main/Pothole Mix/pothole_mix_prepared/train/masks/gaps384__train_1182.png,1920,1080,102.84538269042969,15626607648225156312,6637ebb8cba931235fc07327decf7f4d5206a00a,1920,1080,0.0,0,False,gaps384,True,True,276,True
train/gaps384__train_1183,train,/Users/foury333/Desktop/cv-road-damage-inspection-system-main/Pothole Mix/pothole_mix_prepared/train/images/gaps384__train_1183.jpg,/Users/foury333/Desktop/cv-road-damage-inspection-system-main/Pothole Mix/pothole_mix_prepared/train/masks/gaps384__train_1183.png,1920,1080,102.51207733154297,15626607648225156312,3b7d9c980310522f8274f2b5f624cb3e222534a9,1920,1080,0.0,0,False,gaps384,True,True,276,True
train/gaps384__train_1184,train,/Users/foury333/Desktop/cv-road-damage-inspection-system-main/Pothole Mix/pothole_mix_prepared/train/images/gaps384__train_1184.jpg,/Users/foury333/Desktop/cv-road-damage-inspection-system-main/Pothole Mix/pothole_mix_prepared/train/masks/gaps384__train_1184.png,1920,1080,102.96742248535156,15626607648225156312,1b58c03a344c85a0571b1f499462a5edc8e37e6e,1920,1080,0.0,0,False,gaps384,True,True,276,True
train/gaps384__train_1187,train,/Users/foury333/Desktop/cv-road-damage-inspection-system-main/Pothole Mix/pothole_mix_prepared/train/images/gaps384__train_1187.jpg,/Users/foury333/Desktop/cv-road-damage-inspection-system-main/Pothole Mix/pothole_mix_prepared/train/masks/gaps384__train_1187.png,1920,1080,101.40724182128906,13311722393362559216,e6d992f3e54a3464f4d3c897ea35193803f2da2c,1920,1080,0.0,0,False,gaps384,True,True,276,True
train/gaps384__train_1190,train,/Users/foury333/Desktop/cv-road-damage-inspection-system-main/Pothole Mix/pothole_mix_prepared/train/images/gaps384__train_1190.jpg,/Users/foury333/Desktop/cv-road-damage-inspection-system-main/Pothole Mix/pothole_mix_prepared/train/masks/gaps384__train_1190.png,1920,1080,100.91081237792969,13311792762106738936,726187fe4981ea583c2a3c21a7898bee95801509,1920,1080,0.0,0,False,gaps384,True,True,276,True
train/gaps384__train_1201,train,/Users/foury333/Desktop/cv-road-damage-inspection-system-main/Pothole Mix/pothole_mix_prepared/train/images/gaps384__train_1201.jpg,/Users/foury333/Desktop/cv-road-damage-inspection-system-main/Pothole Mix/pothole_mix_prepared/train/masks/gaps384__train_1201.png,1920,1080,104.19673156738281,17941493179043608824,ddb2156e51d3c5466431e1a4d5470fcf9b609c43,1920,1080,0.0,0,False,gaps384,True,True,276,True
test/gaps384__test_0251,test,/Users/foury333/Desktop/cv-road-damage-inspection-system-main/Pothole Mix/pothole_mix_prepared/test/images/gaps384__test_0251.jpg,/Users/foury333/Desktop/cv-road-damage-inspection-system-main/Pothole Mix/pothole_mix_prepared/test/masks/gaps384__test_0251.png,1920,1080,97.96544647216797,14177543561062432992,bfd17c9eccc6e0241e1b889f826f96d3fc8986f2,1920,1080,0.0,0,False,gaps384,True,True,279,True
test/gaps384__test_0252,test,/Users/foury333/Desktop/cv-road-damage-inspection-system-main/Pothole Mix/pothole_mix_prepared/test/images/gaps384__test_0252.jpg,/Users/foury333/Desktop/cv-road-damage-inspection-system-main/Pothole Mix/pothole_mix_prepared/test/masks/gaps384__test_0252.png,1920,1080,96.7804183959961,13889313184910721248,22a75faa19d38e9f61adacfa6294df18d8291502,1920,1080,0.0,0,False,gaps384,True,True,279,True
test/gaps384__test_0278,test,/Users/foury333/Desktop/cv-road-damage-inspection-system-main/Pothole Mix/pothole_mix_prepared/test/images/gaps384__test_0278.jpg,/Users/foury333/Desktop/cv-road-damage-inspection-system-main/Pothole Mix/pothole_mix_prepared/test/masks/gaps384__test_0278.png,1920,1080,95.96359252929688,13889313184910721248,077660406495ef29d7aef9a395dfb757944ed970,1920,1080,0.0,0,False,gaps384,True,True,279,True
train/gaps384__train_0927,train,/Users/foury333/Desktop/cv-road-damage-inspection-system-main/Pothole Mix/pothole_mix_prepared/train/images/gaps384__train_0927.jpg,/Users/foury333/Desktop/cv-road-damage-inspection-system-main/Pothole Mix/pothole_mix_prepared/train/masks/gaps384__train_0927.png,1920,1080,97.01655578613281,15042234689787064560,fac2ae8d1e4d8c327a85e2c5f0201dba90b80d11,1920,1080,0.0,0,False,gaps384,True,True,279,True
train/crack500__20160222_165031,train,/Users/foury333/Desktop/cv-road-damage-inspection-system-main/Pothole Mix/pothole_mix_prepared/train/images/crack500__20160222_165031.jpg,/Users/foury333/Desktop/cv-road-damage-inspection-system-main/Pothole Mix/pothole_mix_prepared/train/masks/crack500__20160222_165031.png,2560,1440,132.10035705566406,14468034567615339724,15bbc88b55130d0b5ba758a61feb90fca8731b9b,2560,1440,0.0,0,False,crack500,True,True,498,True
val/crack500__20160222_164851,val,/Users/foury333/Desktop/cv-road-damage-inspection-system-main/Pothole Mix/pothole_mix_prepared/val/images/crack500__20160222_164851.jpg,/Users/foury333/Desktop/cv-road-damage-inspection-system-main/Pothole Mix/pothole_mix_prepared/val/masks/crack500__20160222_164851.png,2560,1440,133.41429138183594,14469160467538955464,e03895e7cb4a47b4fa27f86217c1eaca61bd3fe4,2560,1440,0.0,0,False,crack500,True,True,498,True
test/crack500__20160330_163946,test,/Users/foury333/Desktop/cv-road-damage-inspection-system-main/Pothole Mix/pothole_mix_prepared/test/images/crack500__20160330_163946.jpg,/Users/foury333/Desktop/cv-road-damage-inspection-system-main/Pothole Mix/pothole_mix_prepared/test/masks/crack500__20160330_163946.png,2560,1440,127.89324951171875,16195165127657443536,e36604221194c5d2f0318da0b3663d795738e3cb,2560,1440,0.0,0,False,crack500,True,True,611,True
train/crack500__20160328_151814,train,/Users/foury333/Desktop/cv-road-damage-inspection-system-main/Pothole Mix/pothole_mix_prepared/train/images/crack500__20160328_151814.jpg,/Users/foury333/Desktop/cv-road-damage-inspection-system-main/Pothole Mix/pothole_mix_prepared/train/masks/crack500__20160328_151814.png,2560,1440,127.55699920654297,16195156330489626816,c261ea6e1f5ca18a37cc58962b7968614be78fae,2560,1440,0.0,0,False,crack500,True,True,611,True
train/cracks-and-potholes-in-road__917162_RS_290_290RS294095_19261,train,/Users/foury333/Desktop/cv-road-damage-inspection-system-main/Pothole Mix/pothole_mix_prepared/train/images/cracks-and-potholes-in-road__917162_RS_290_290RS294095_19261.jpg,/Users/foury333/Desktop/cv-road-damage-inspection-system-main/Pothole Mix/pothole_mix_prepared/train/masks/cracks-and-potholes-in-road__917162_RS_290_290RS294095_19261.png,1024,640,104.5807113647461,14453234789083455841,16d13330e5e7789c431b90542d3df3554ac33ffb,1024,640,0.0,0,False,cracks-and-potholes-in-road,True,True,1807,True
val/cracks-and-potholes-in-road__919702_RS_290_290RS294095_31960,val,/Users/foury333/Desktop/cv-road-damage-inspection-system-main/Pothole Mix/pothole_mix_prepared/val/images/cracks-and-potholes-in-road__919702_RS_290_290RS294095_31960.jpg,/Users/foury333/Desktop/cv-road-damage-inspection-system-main/Pothole Mix/pothole_mix_prepared/val/masks/cracks-and-potholes-in-road__919702_RS_290_290RS294095_31960.png,1024,640,101.22026062011719,15894386667962966373,9e075775444293dfe90c949cf3f5af31953120aa,1024,640,0.0,0,False,cracks-and-potholes-in-road,True,True,1807,True
test/edmcrack600__111,test,/Users/foury333/Desktop/cv-road-damage-inspection-system-main/Pothole Mix/pothole_mix_prepared/test/images/edmcrack600__111.png,/Users/foury333/Desktop/cv-road-damage-inspection-system-main/Pothole Mix/pothole_mix_prepared/test/masks/edmcrack600__111.png,1920,1080,140.22494506835938,17572118540712113019,5c13cc715a1d743397ccb4d59ca386abedaf06ed,1920,1080,0.0,0,False,edmcrack600,True,True,1987,True
train/edmcrack600__112,train,/Users/foury333/Desktop/cv-road-damage-inspection-system-main/Pothole Mix/pothole_mix_prepared/train/images/edmcrack600__112.png,/Users/foury333/Desktop/cv-road-damage-inspection-system-main/Pothole Mix/pothole_mix_prepared/train/masks/edmcrack600__112.png,1920,1080,146.91900634765625,17427970367291618107,b87903a14685a9c2e8393719944328ab76a1c5a6,1920,1080,0.0,0,False,edmcrack600,True,True,1987,True
train/edmcrack600__152,train,/Users/foury333/Desktop/cv-road-damage-inspection-system-main/Pothole Mix/pothole_mix_prepared/train/images/edmcrack600__152.png,/Users/foury333/Desktop/cv-road-damage-inspection-system-main/Pothole Mix/pothole_mix_prepared/train/masks/edmcrack600__152.png,1920,1080,114.1668701171875,16276256309817566179,321e26480cd63af027c765c11795f670160d21e1,1920,1080,0.0,0,False,edmcrack600,True,True,2021,True
val/edmcrack600__151,val,/Users/foury333/Desktop/cv-road-damage-inspection-system-main/Pothole Mix/pothole_mix_prepared/val/images/edmcrack600__151.png,/Users/foury333/Desktop/cv-road-damage-inspection-system-main/Pothole Mix/pothole_mix_prepared/val/masks/edmcrack600__151.png,1920,1080,116.14136505126953,16276256309767136227,e604ce630630c2eaa1cac1e0a6fb0775a05c74d9,1920,1080,0.0,0,False,edmcrack600,True,True,2021,True
test/edmcrack600__521,test,/Users/foury333/Desktop/cv-road-damage-inspection-system-main/Pothole Mix/pothole_mix_prepared/test/images/edmcrack600__521.png,/Users/foury333/Desktop/cv-road-damage-inspection-system-main/Pothole Mix/pothole_mix_prepared/test/masks/edmcrack600__521.png,1920,1080,118.19087982177734,1102773561827025217,05fb006c2660a55a7b75401a7d69a2c5dfe02693,1920,1080,0.0,0,False,edmcrack600,True,True,2023,True
train/edmcrack600__154,train,/Users/foury333/Desktop/cv-road-damage-inspection-system-main/Pothole Mix/pothole_mix_prepared/train/images/edmcrack600__154.png,/Users/foury333/Desktop/cv-road-damage-inspection-system-main/Pothole Mix/pothole_mix_prepared/train/masks/edmcrack600__154.png,1920,1080,118.41803741455078,1085322113270702177,f54bdad8bfa2af85b5db64819b52446a53e24c22,1920,1080,0.0,0,False,edmcrack600,True,True,2023,True
train/edmcrack600__155,train,/Users/foury333/Desktop/cv-road-damage-inspection-system-main/Pothole Mix/pothole_mix_prepared/train/images/edmcrack600__155.png,/Users/foury333/Desktop/cv-road-damage-inspection-system-main/Pothole Mix/pothole_mix_prepared/train/masks/edmcrack600__155.png,1920,1080,116.5023422241211,526805390729437217,ff3161ec4509a72edbababb14e9abe92d2d55b2d,1920,1080,0.0,0,False,edmcrack600,True,True,2023,True
train/edmcrack600__436,train,/Users/foury333/Desktop/cv-road-damage-inspection-system-main/Pothole Mix/pothole_mix_prepared/train/images/edmcrack600__436.png,/Users/foury333/Desktop/cv-road-damage-inspection-system-main/Pothole Mix/pothole_mix_prepared/train/masks/edmcrack600__436.png,1920,1080,118.66316223144531,508859161945071713,e27434adfff85b1dab01ef7ec63f6b12cc387d0d,1920,1080,0.0,0,False,edmcrack600,True,True,2023,True
train/edmcrack600__476,train,/Users/foury333/Desktop/cv-road-damage-inspection-system-main/Pothole Mix/pothole_mix_prepared/train/images/edmcrack600__476.png,/Users/foury333/Desktop/cv-road-damage-inspection-system-main/Pothole Mix/pothole_mix_prepared/train/masks/edmcrack600__476.png,1920,1080,120.18563842773438,14106895562507207651,f11a66def2546b3edebcce5b9413195cb5fc1657,1920,1080,0.0,0,False,edmcrack600,True,True,2273,True
val/edmcrack600__587,val,/Users/foury333/Desktop/cv-road-damage-inspection-system-main/Pothole Mix/pothole_mix_prepared/val/images/edmcrack600__587.png,/Users/foury333/Desktop/cv-road-damage-inspection-system-main/Pothole Mix/pothole_mix_prepared/val/masks/edmcrack600__587.png,1920,1080,120.31282043457031,14106901060067181379,3f8757e377ca8024db01017546419ab806d7dace,1920,1080,0.0,0,False,edmcrack600,True,True,2273,True
test/edmcrack600__115,test,/Users/foury333/Desktop/cv-road-damage-inspection-system-main/Pothole Mix/pothole_mix_prepared/test/images/edmcrack600__115.png,/Users/foury333/Desktop/cv-road-damage-inspection-system-main/Pothole Mix/pothole_mix_prepared/test/masks/edmcrack600__115.png,1920,1080,137.76885986328125,8345333611241812835,1e58198b6920673ffabc5f3994a8828eefbaf8a4,1920,1080,0.0,0,False,edmcrack600,True,True,2301,True
train/edmcrack600__511,train,/Users/foury333/Desktop/cv-road-damage-inspection-system-main/Pothole Mix/pothole_mix_prepared/train/images/edmcrack600__511.png,/Users/foury333/Desktop/cv-road-damage-inspection-system-main/Pothole Mix/pothole_mix_prepared/train/masks/edmcrack600__511.png,1920,1080,139.78456115722656,8345333611178910563,4583696c1534b0658667686f04e50501c19aebcd,1920,1080,0.0,0,False,edmcrack600,True,True,2301,True
test/edmcrack600__532,test,/Users/foury333/Desktop/cv-road-damage-inspection-system-main/Pothole Mix/pothole_mix_prepared/test/images/edmcrack600__532.png,/Users/foury333/Desktop/cv-road-damage-inspection-system-main/Pothole Mix/pothole_mix_prepared/test/masks/edmcrack600__532.png,1920,1080,120.86072540283203,17357120770089861827,0bdb3b864ad1e22bc14870129d6a07ab9f83abd8,1920,1080,0.0,0,False,edmcrack600,True,True,2315,True
train/edmcrack600__533,train,/Users/foury333/Desktop/cv-road-damage-inspection-system-main/Pothole Mix/pothole_mix_prepared/train/images/edmcrack600__533.png,/Users/foury333/Desktop/cv-road-damage-inspection-system-main/Pothole Mix/pothole_mix_prepared/train/masks/edmcrack600__533.png,1920,1080,120.66092681884766,17356979894627779555,fb6aa25355115b829700fcf38d3406b310ba959e,1920,1080,0.0,0,False,edmcrack600,True,True,2315,True
train/gaps384__train_1226,train,/Users/foury333/Desktop/cv-road-damage-inspection-system-main/Pothole Mix/pothole_mix_prepared/train/images/gaps384__train_1226.jpg,/Users/foury333/Desktop/cv-road-damage-inspection-system-main/Pothole Mix/pothole_mix_prepared/train/masks/gaps384__train_1226.png,1920,1080,106.63521575927734,14178669185013432512,07ca1c782de1e4e1eb1d595a02b93a770fbbd449,1920,1080,0.0,0,False,gaps384,True,True,2479,True
train/gaps384__train_1227,train,/Users/foury333/Desktop/cv-road-damage-inspection-system-main/Pothole Mix/pothole_mix_prepared/train/images/gaps384__train_1227.jpg,/Users/foury333/Desktop/cv-road-damage-inspection-system-main/Pothole Mix/pothole_mix_prepared/train/masks/gaps384__train_1227.png,1920,1080,98.75941467285156,14178669460969275632,1c204d724222afd7d60fba285c70546c3a94be97,1920,1080,0.0,0,False,gaps384,True,True,2479,True
train/gaps384__train_1230,train,/Users/foury333/Desktop/cv-road-damage-inspection-system-main/Pothole Mix/pothole_mix_prepared/train/images/gaps384__train_1230.jpg,/Users/foury333/Desktop/cv-road-damage-inspection-system-main/Pothole Mix/pothole_mix_prepared/train/masks/gaps384__train_1230.png,1920,1080,102.41927337646484,14322789047091644656,c8be4e25e3d21c39a332f2c8eccd3c4a2628043a,1920,1080,0.0,0,False,gaps384,True,True,2479,True
train/gaps384__train_1236,train,/Users/foury333/Desktop/cv-road-damage-inspection-system-main/Pothole Mix/pothole_mix_prepared/train/images/gaps384__train_1236.jpg,/Users/foury333/Desktop/cv-road-damage-inspection-system-main/Pothole Mix/pothole_mix_prepared/train/masks/gaps384__train_1236.png,1920,1080,99.06665802001953,14323354220764381376,b463cf2dbd70418147daf739d4b9214dc9917931,1920,1080,0.0,0,False,gaps384,True,True,2479,True
train/gaps384__train_1238,train,/Users/foury333/Desktop/cv-road-damage-inspection-system-main/Pothole Mix/pothole_mix_prepared/train/images/gaps384__train_1238.jpg,/Users/foury333/Desktop/cv-road-damage-inspection-system-main/Pothole Mix/pothole_mix_prepared/train/masks/gaps384__train_1238.png,1920,1080,96.21974182128906,14323353929881010370,84ef2b01e499728fecf1e1dfd645ede3934e6057,1920,1080,0.0,0,False,gaps384,True,True,2479,True
train/gaps384__train_1247,train,/Users/foury333/Desktop/cv-road-damage-inspection-system-main/Pothole Mix/pothole_mix_prepared/train/images/gaps384__train_1247.jpg,/Users/foury333/Desktop/cv-road-damage-inspection-system-main/Pothole Mix/pothole_mix_prepared/train/masks/gaps384__train_1247.png,1920,1080,97.76671600341797,14178669460969275841,ce776f3dd26f900f897896119b2ec6d30b866005,1920,1080,0.0,0,False,gaps384,True,True,2479,True
train/gaps384__train_1302,train,/Users/foury333/Desktop/cv-road-damage-inspection-system-main/Pothole Mix/pothole_mix_prepared/train/images/gaps384__train_1302.jpg,/Users/foury333/Desktop/cv-road-damage-inspection-system-main/Pothole Mix/pothole_mix_prepared/train/masks/gaps384__train_1302.png,1920,1080,93.41680908203125,14323351997045063872,6f6d5da6a3dcd6b95482dd9a0a4e81ec0ad5e621,1920,1080,0.0,0,False,gaps384,True,True,2479,True
train/gaps384__train_1305,train,/Users/foury333/Desktop/cv-road-damage-inspection-system-main/Pothole Mix/pothole_mix_prepared/train/images/gaps384__train_1305.jpg,/Users/foury333/Desktop/cv-road-damage-inspection-system-main/Pothole Mix/pothole_mix_prepared/train/masks/gaps384__train_1305.png,1920,1080,103.65531158447266,13889313183836985520,043af51189e89cf33587f29e83aeb761e1fd377e,1920,1080,0.0,0,False,gaps384,True,True,2479,True
train/gaps384__train_1306,train,/Users/foury333/Desktop/cv-road-damage-inspection-system-main/Pothole Mix/pothole_mix_prepared/train/images/gaps384__train_1306.jpg,/Users/foury333/Desktop/cv-road-damage-inspection-system-main/Pothole Mix/pothole_mix_prepared/train/masks/gaps384__train_1306.png,1920,1080,105.69921112060547,13889313184375959792,4a16476081ed3d82e0b263a93088c9436d17eb51,1920,1080,0.0,0,False,gaps384,True,True,2479,True
train/gaps384__train_1319,train,/Users/foury333/Desktop/cv-road-damage-inspection-system-main/Pothole Mix/pothole_mix_prepared/train/images/gaps384__train_1319.jpg,/Users/foury333/Desktop/cv-road-damage-inspection-system-main/Pothole Mix/pothole_mix_prepared/train/masks/gaps384__train_1319.png,1920,1080,97.23001861572266,14177543561062432960,c2f910932aec953685115ba925c6b46c560dd223,1920,1080,0.0,0,False,gaps384,True,True,2479,True
train/gaps384__train_1320,train,/Users/foury333/Desktop/cv-road-damage-inspection-system-main/Pothole Mix/pothole_mix_prepared/train/images/gaps384__train_1320.jpg,/Users/foury333/Desktop/cv-road-damage-inspection-system-main/Pothole Mix/pothole_mix_prepared/train/masks/gaps384__train_1320.png,1920,1080,97.0699234008789,14177543561062432992,1592584115cc162917bb1224acb4705c957ac241,1920,1080,0.0,0,False,gaps384,True,True,2479,True
train/gaps384__train_1321,train,/Users/foury333/Desktop/cv-road-damage-inspection-system-main/Pothole Mix/pothole_mix_prepared/train/images/gaps384__train_1321.jpg,/Users/foury333/Desktop/cv-road-damage-inspection-system-main/Pothole Mix/pothole_mix_prepared/train/masks/gaps384__train_1321.png,1920,1080,98.96244049072266,14177543561062432992,e72461380ff7cf0711a8bfa3220e0c1094452c4f,1920,1080,0.0,0,False,gaps384,True,True,2479,True
train/gaps384__train_1324,train,/Users/foury333/Desktop/cv-road-damage-inspection-system-main/Pothole Mix/pothole_mix_prepared/train/images/gaps384__train_1324.jpg,/Users/foury333/Desktop/cv-road-damage-inspection-system-main/Pothole Mix/pothole_mix_prepared/train/masks/gaps384__train_1324.png,1920,1080,101.50727081298828,14177543561064538336,aa7116053000f6e163ffb85a002f88bed9a44ec3,1920,1080,0.0,0,False,gaps384,True,True,2479,True
train/gaps384__train_1336,train,/Users/foury333/Desktop/cv-road-damage-inspection-system-main/Pothole Mix/pothole_mix_prepared/train/images/gaps384__train_1336.jpg,/Users/foury333/Desktop/cv-road-damage-inspection-system-main/Pothole Mix/pothole_mix_prepared/train/masks/gaps384__train_1336.png,1920,1080,102.34546661376953,14178673583060469968,041bf9212654232275e79325f4a6d0d424135dad,1920,1080,0.0,0,False,gaps384,True,True,2479,True
train/gaps384__train_1337,train,/Users/foury333/Desktop/cv-road-damage-inspection-system-main/Pothole Mix/pothole_mix_prepared/train/images/gaps384__train_1337.jpg,/Users/foury333/Desktop/cv-road-damage-inspection-system-main/Pothole Mix/pothole_mix_prepared/train/masks/gaps384__train_1337.png,1920,1080,102.8001708984375,14178603215393704152,b64f7370cc331c3bc3037693b13399495417caf1,1920,1080,0.0,0,False,gaps384,True,True,2479,True
train/gaps384__train_1340,train,/Users/foury333/Desktop/cv-road-damage-inspection-system-main/Pothole Mix/pothole_mix_prepared/train/images/gaps384__train_1340.jpg,/Users/foury333/Desktop/cv-road-damage-inspection-system-main/Pothole Mix/pothole_mix_prepared/train/masks/gaps384__train_1340.png,1920,1080,102.70990753173828,14178669186091370712,27f5b0e675fb77f01bc3f5c9634bdab4395269c4,1920,1080,0.0,0,False,gaps384,True,True,2479,True
train/gaps384__train_1341,train,/Users/foury333/Desktop/cv-road-damage-inspection-system-main/Pothole Mix/pothole_mix_prepared/train/images/gaps384__train_1341.jpg,/Users/foury333/Desktop/cv-road-damage-inspection-system-main/Pothole Mix/pothole_mix_prepared/train/masks/gaps384__train_1341.png,1920,1080,103.51028442382812,14322714279223017704,99ef046d5616bbb5bae94eda434253e4848100e1,1920,1080,0.0,0,False,gaps384,True,True,2479,True
train/gaps384__train_1344,train,/Users/foury333/Desktop/cv-road-damage-inspection-system-main/Pothole Mix/pothole_mix_prepared/train/images/gaps384__train_1344.jpg,/Users/foury333/Desktop/cv-road-damage-inspection-system-main/Pothole Mix/pothole_mix_prepared/train/masks/gaps384__train_1344.png,1920,1080,103.99325561523438,14178673634603752664,3606aaa3166517c5c7fe346545e9d7a48d39d3c9,1920,1080,0.0,0,False,gaps384,True,True,2479,True
train/gaps384__train_1345,train,/Users/foury333/Desktop/cv-road-damage-inspection-system-main/Pothole Mix/pothole_mix_prepared/train/images/gaps384__train_1345.jpg,/Users/foury333/Desktop/cv-road-damage-inspection-system-main/Pothole Mix/pothole_mix_prepared/train/masks/gaps384__train_1345.png,1920,1080,100.7248306274414,14755064019439638780,0fce7696c114f78035cb7e38e9bc8f602efe4a83,1920,1080,0.0,0,False,gaps384,True,True,2479,True
train/gaps384__train_1347,train,/Users/foury333/Desktop/cv-road-damage-inspection-system-main/Pothole Mix/pothole_mix_prepared/train/images/gaps384__train_1347.jpg,/Users/foury333/Desktop/cv-road-damage-inspection-system-main/Pothole Mix/pothole_mix_prepared/train/masks/gaps384__train_1347.png,1920,1080,103.32141876220703,14178603524766099704,9475744334e1d5caf37466365b678572725a3570,1920,1080,0.0,0,False,gaps384,True,True,2479,True
train/gaps384__train_1348,train,/Users/foury333/Desktop/cv-road-damage-inspection-system-main/Pothole Mix/pothole_mix_prepared/train/images/gaps384__train_1348.jpg,/Users/foury333/Desktop/cv-road-damage-inspection-system-main/Pothole Mix/pothole_mix_prepared/train/masks/gaps384__train_1348.png,1920,1080,103.40211486816406,14755134370936846584,9ca23eaac600e145747f03f0d0176bbd81b4a893,1920,1080,0.0,0,False,gaps384,True,True,2479,True
train/gaps384__train_1361,train,/Users/foury333/Desktop/cv-road-damage-inspection-system-main/Pothole Mix/pothole_mix_prepared/train/images/gaps384__train_1361.jpg,/Users/foury333/Desktop/cv-road-damage-inspection-system-main/Pothole Mix/pothole_mix_prepared/train/masks/gaps384__train_1361.png,1920,1080,100.39698791503906,14755134370935789784,4628702d8e1a41d1182d14bb9b9f1ed8508500b7,1920,1080,0.0,0,False,gaps384,True,True,2479,True
train/gaps384__train_1362,train,/Users/foury333/Desktop/cv-road-damage-inspection-system-main/Pothole Mix/pothole_mix_prepared/train/images/gaps384__train_1362.jpg,/Users/foury333/Desktop/cv-road-damage-inspection-system-main/Pothole Mix/pothole_mix_prepared/train/masks/gaps384__train_1362.png,1920,1080,101.69513702392578,14755134645813692632,50e3c55487f244f6aee1e377f82da8264f1a2848,1920,1080,0.0,0,False,gaps384,True,True,2479,True
train/gaps384__train_1364,train,/Users/foury333/Desktop/cv-road-damage-inspection-system-main/Pothole Mix/pothole_mix_prepared/train/images/gaps384__train_1364.jpg,/Users/foury333/Desktop/cv-road-damage-inspection-system-main/Pothole Mix/pothole_mix_prepared/train/masks/gaps384__train_1364.png,1920,1080,104.0875473022461,14755134645814745304,6534351a012128f4c0e8e9d53a69b3c98800d62a,1920,1080,0.0,0,False,gaps384,True,True,2479,True
train/gaps384__train_1365,train,/Users/foury333/Desktop/cv-road-damage-inspection-system-main/Pothole Mix/pothole_mix_prepared/train/images/gaps384__train_1365.jpg,/Users/foury333/Desktop/cv-road-damage-inspection-system-main/Pothole Mix/pothole_mix_prepared/train/masks/gaps384__train_1365.png,1920,1080,104.83554077148438,14755134370936838360,199bcce30e1772772fdb5caeeb062968a877e0d1,1920,1080,0.0,0,False,gaps384,True,True,2479,True
train/gaps384__train_1366,train,/Users/foury333/Desktop/cv-road-damage-inspection-system-main/Pothole Mix/pothole_mix_prepared/train/images/gaps384__train_1366.jpg,/Users/foury333/Desktop/cv-road-damage-inspection-system-main/Pothole Mix/pothole_mix_prepared/train/masks/gaps384__train_1366.png,1920,1080,104.00181579589844,14899249833890601176,5ab254ccca8c3e17bac40a2318f300aed9dd4ded,1920,1080,0.0,0,False,gaps384,True,True,2479,True
train/gaps384__train_1381,train,/Users/foury333/Desktop/cv-road-damage-inspection-system-main/Pothole Mix/pothole_mix_prepared/train/images/gaps384__train_1381.jpg,/Users/foury333/Desktop/cv-road-damage-inspection-system-main/Pothole Mix/pothole_mix_prepared/train/masks/gaps384__train_1381.png,1920,1080,100.83574676513672,14305266953836071128,e9b19e1fac9373c8707f87bfe49dc2d1bb194451,1920,1080,0.0,0,False,gaps384,True,True,2479,True
train/gaps384__train_1386,train,/Users/foury333/Desktop/cv-road-damage-inspection-system-main/Pothole Mix/pothole_mix_prepared/train/images/gaps384__train_1386.jpg,/Users/foury333/Desktop/cv-road-damage-inspection-system-main/Pothole Mix/pothole_mix_prepared/train/masks/gaps384__train_1386.png,1920,1080,101.09921264648438,14304704003886317760,29b409ee30575bfb5cfb076f0fca6348c250bdff,1920,1080,0.0,0,False,gaps384,True,True,2479,True
train/gaps384__train_1389,train,/Users/foury333/Desktop/cv-road-damage-inspection-system-main/Pothole Mix/pothole_mix_prepared/train/images/gaps384__train_1389.jpg,/Users/foury333/Desktop/cv-road-damage-inspection-system-main/Pothole Mix/pothole_mix_prepared/train/masks/gaps384__train_1389.png,1920,1080,105.59310913085938,14304704021062009024,77c7a959c8fcc833087bcab0ff080401982d505a,1920,1080,0.0,0,False,gaps384,True,True,2479,True
train/gaps384__train_1412,train,/Users/foury333/Desktop/cv-road-damage-inspection-system-main/Pothole Mix/pothole_mix_prepared/train/images/gaps384__train_1412.jpg,/Users/foury333/Desktop/cv-road-damage-inspection-system-main/Pothole Mix/pothole_mix_prepared/train/masks/gaps384__train_1412.png,1920,1080,102.58688354492188,14323281352345043136,b96c34c1f049ede716022fbb8daedd3580cb283f,1920,1080,0.0,0,False,gaps384,True,True,2479,True
train/gaps384__train_1415,train,/Users/foury333/Desktop/cv-road-damage-inspection-system-main/Pothole Mix/pothole_mix_prepared/train/images/gaps384__train_1415.jpg,/Users/foury333/Desktop/cv-road-damage-inspection-system-main/Pothole Mix/pothole_mix_prepared/train/masks/gaps384__train_1415.png,1920,1080,98.38327026367188,14323351997045063880,dcf51946e4a04e20fd4bce8cf312ddc3ef7fea4a,1920,1080,0.0,0,False,gaps384,True,True,2479,True
val/gaps384__valid_0009,val,/Users/foury333/Desktop/cv-road-damage-inspection-system-main/Pothole Mix/pothole_mix_prepared/val/images/gaps384__valid_0009.jpg,/Users/foury333/Desktop/cv-road-damage-inspection-system-main/Pothole Mix/pothole_mix_prepared/val/masks/gaps384__valid_0009.png,1920,1080,99.46748352050781,14322784649045131456,ad9545f7a1318b409270680dd27bf64ee78e72f5,1920,1080,0.0,0,False,gaps384,True,True,2479,True
val/gaps384__valid_0010,val,/Users/foury333/Desktop/cv-road-damage-inspection-system-main/Pothole Mix/pothole_mix_prepared/val/images/gaps384__valid_0010.jpg,/Users/foury333/Desktop/cv-road-damage-inspection-system-main/Pothole Mix/pothole_mix_prepared/val/masks/gaps384__valid_0010.png,1920,1080,102.20148468017578,14321658749138288832,d03cc6b5a593de381568400639e794566a8a4a38,1920,1080,0.0,0,False,gaps384,True,True,2479,True
test/crack500__20160310_114459,test,/Users/foury333/Desktop/cv-road-damage-inspection-system-main/Pothole Mix/pothole_mix_prepared/test/images/crack500__20160310_114459.jpg,/Users/foury333/Desktop/cv-road-damage-inspection-system-main/Pothole Mix/pothole_mix_prepared/test/masks/crack500__20160310_114459.png,2560,1440,126.22870635986328,16068435409278515250,4997eb31ca0428a6e38e7687f6d830b7d6c9cd7a,2560,1440,0.0,0,False,crack500,True,True,2734,True
val/crack500__20160310_114505,val,/Users/foury333/Desktop/cv-road-damage-inspection-system-main/Pothole Mix/pothole_mix_prepared/val/images/crack500__20160310_114505.jpg,/Users/foury333/Desktop/cv-road-damage-inspection-system-main/Pothole Mix/pothole_mix_prepared/val/masks/crack500__20160310_114505.png,2560,1440,130.19786071777344,10736173450480252978,fc3c2f723fcfb1a4422c09b8d02f5be668bbd937,2560,1440,0.0,0,False,crack500,True,True,2734,True
test/crack500__20160225_114535,test,/Users/foury333/Desktop/cv-road-damage-inspection-system-main/Pothole Mix/pothole_mix_prepared/test/images/crack500__20160225_114535.jpg,/Users/foury333/Desktop/cv-road-damage-inspection-system-main/Pothole Mix/pothole_mix_prepared/test/masks/crack500__20160225_114535.png,2560,1440,125.17823028564453,16492428988399019236,24fb80ae9463ea48172bd9dc9b227d7f24883943,2560,1440,0.0,0,False,crack500,True,True,2743,True
val/crack500__20160326_141808,val,/Users/foury333/Desktop/cv-road-damage-inspection-system-main/Pothole Mix/pothole_mix_prepared/val/images/crack500__20160326_141808.jpg,/Users/foury333/Desktop/cv-road-damage-inspection-system-main/Pothole Mix/pothole_mix_prepared/val/masks/crack500__20160326_141808.png,2560,1440,132.8322296142578,16492428958334247108,672e52cc60652dc815c9ab3fe867e72584b6f99c,2560,1440,0.0,0,False,crack500,True,True,2743,True
train/cracks-and-potholes-in-road__916114_RS_290_290RS294095_14020,train,/Users/foury333/Desktop/cv-road-damage-inspection-system-main/Pothole Mix/pothole_mix_prepared/train/images/cracks-and-potholes-in-road__916114_RS_290_290RS294095_14020.jpg,/Users/foury333/Desktop/cv-road-damage-inspection-system-main/Pothole Mix/pothole_mix_prepared/train/masks/cracks-and-potholes-in-road__916114_RS_290_290RS294095_14020.png,1024,640,104.96379089355469,16766132676145066785,3ea3c5daaf45fc7772bc4dc2d25aee8487ef8dfe,1024,640,0.0,0,False,cracks-and-potholes-in-road,True,True,2788,True
train/cracks-and-potholes-in-road__916117_RS_290_290RS294095_14035,train,/Users/foury333/Desktop/cv-road-damage-inspection-system-main/Pothole Mix/pothole_mix_prepared/train/images/cracks-and-potholes-in-road__916117_RS_290_290RS294095_14035.jpg,/Users/foury333/Desktop/cv-road-damage-inspection-system-main/Pothole Mix/pothole_mix_prepared/train/masks/cracks-and-potholes-in-road__916117_RS_290_290RS294095_14035.png,1024,640,102.91838073730469,16189680719934665569,9095346434024feb7352b6c7d3d1bf8b2a5dbdaa,1024,640,0.0,0,False,cracks-and-potholes-in-road,True,True,2788,True
train/cracks-and-potholes-in-road__916118_RS_290_290RS294095_14040,train,/Users/foury333/Desktop/cv-road-damage-inspection-system-main/Pothole Mix/pothole_mix_prepared/train/images/cracks-and-potholes-in-road__916118_RS_290_290RS294095_14040.jpg,/Users/foury333/Desktop/cv-road-damage-inspection-system-main/Pothole Mix/pothole_mix_prepared/train/masks/cracks-and-potholes-in-road__916118_RS_290_290RS294095_14040.png,1024,640,101.27359008789062,16189680720001774449,4d6a9123852f1d1a316a18ff0cbbbaa1f64aceaf,1024,640,0.0,0,False,cracks-and-potholes-in-road,True,True,2788,True
train/cracks-and-potholes-in-road__916119_RS_290_290RS294095_14045,train,/Users/foury333/Desktop/cv-road-damage-inspection-system-main/Pothole Mix/pothole_mix_prepared/train/images/cracks-and-potholes-in-road__916119_RS_290_290RS294095_14045.jpg,/Users/foury333/Desktop/cv-road-damage-inspection-system-main/Pothole Mix/pothole_mix_prepared/train/masks/cracks-and-potholes-in-road__916119_RS_290_290RS294095_14045.png,1024,640,102.83320617675781,16189680711411839841,df216eb37cccac213eda91bf1bf91e211940df29,1024,640,0.0,0,False,cracks-and-potholes-in-road,True,True,2788,True
train/cracks-and-potholes-in-road__916134_RS_290_290RS294095_14120,train,/Users/foury333/Desktop/cv-road-damage-inspection-system-main/Pothole Mix/pothole_mix_prepared/train/images/cracks-and-potholes-in-road__916134_RS_290_290RS294095_14120.jpg,/Users/foury333/Desktop/cv-road-damage-inspection-system-main/Pothole Mix/pothole_mix_prepared/train/masks/cracks-and-potholes-in-road__916134_RS_290_290RS294095_14120.png,1024,640,100.36521911621094,16187420115505128293,01fa5c3cd52849314c42a8db05f0ba9c907b89f1,1024,640,0.0,0,False,cracks-and-potholes-in-road,True,True,2788,True
train/cracks-and-potholes-in-road__916335_RS_290_290RS294095_15126,train,/Users/foury333/Desktop/cv-road-damage-inspection-system-main/Pothole Mix/pothole_mix_prepared/train/images/cracks-and-potholes-in-road__916335_RS_290_290RS294095_15126.jpg,/Users/foury333/Desktop/cv-road-damage-inspection-system-main/Pothole Mix/pothole_mix_prepared/train/masks/cracks-and-potholes-in-road__916335_RS_290_290RS294095_15126.png,1024,640,94.25072479248047,17340095356416012593,e457563f8501776b98bd3a51a2c40291a4b963cb,1024,640,0.117950439453125,1,False,cracks-and-potholes-in-road,True,False,2788,True
train/cracks-and-potholes-in-road__916336_RS_290_290RS294095_15130,train,/Users/foury333/Desktop/cv-road-damage-inspection-system-main/Pothole Mix/pothole_mix_prepared/train/images/cracks-and-potholes-in-road__916336_RS_290_290RS294095_15130.jpg,/Users/foury333/Desktop/cv-road-damage-inspection-system-main/Pothole Mix/pothole_mix_prepared/train/masks/cracks-and-potholes-in-road__916336_RS_290_290RS294095_15130.png,1024,640,92.23583984375,17340095253336789297,c5737267aaacb8546410831c34f6ace2ef1939bc,1024,640,0.3887939453125,2,False,cracks-and-potholes-in-road,True,False,2788,True
train/cracks-and-potholes-in-road__916337_RS_290_290RS294095_15137,train,/Users/foury333/Desktop/cv-road-damage-inspection-system-main/Pothole Mix/pothole_mix_prepared/train/images/cracks-and-potholes-in-road__916337_RS_290_290RS294095_15137.jpg,/Users/foury333/Desktop/cv-road-damage-inspection-system-main/Pothole Mix/pothole_mix_prepared/train/masks/cracks-and-potholes-in-road__916337_RS_290_290RS294095_15137.png,1024,640,91.80056762695312,17916556005505995057,573076b7f8349202f4655f284cfaf13e697d3e4b,1024,640,0.0,0,False,cracks-and-potholes-in-road,True,True,2788,True
train/cracks-and-potholes-in-road__916338_RS_290_290RS294095_15140,train,/Users/foury333/Desktop/cv-road-damage-inspection-system-main/Pothole Mix/pothole_mix_prepared/train/images/cracks-and-potholes-in-road__916338_RS_290_290RS294095_15140.jpg,/Users/foury333/Desktop/cv-road-damage-inspection-system-main/Pothole Mix/pothole_mix_prepared/train/masks/cracks-and-potholes-in-road__916338_RS_290_290RS294095_15140.png,1024,640,91.70026397705078,17880527225666900401,fa9305a898265bdc7b69d793fcebffbcbd83354e,1024,640,0.0,0,False,cracks-and-potholes-in-road,True,True,2788,True
train/cracks-and-potholes-in-road__916434_RS_290_290RS294095_15621,train,/Users/foury333/Desktop/cv-road-damage-inspection-system-main/Pothole Mix/pothole_mix_prepared/train/images/cracks-and-potholes-in-road__916434_RS_290_290RS294095_15621.jpg,/Users/foury333/Desktop/cv-road-damage-inspection-system-main/Pothole Mix/pothole_mix_prepared/train/masks/cracks-and-potholes-in-road__916434_RS_290_290RS294095_15621.png,1024,640,98.99244689941406,16205187957052814129,fd83ed9ca8646c5ec7665552ee4b2c52930d76aa,1024,640,0.0,0,False,cracks-and-potholes-in-road,True,True,2788,True
train/cracks-and-potholes-in-road__916435_RS_290_290RS294095_15626,train,/Users/foury333/Desktop/cv-road-damage-inspection-system-main/Pothole Mix/pothole_mix_prepared/train/images/cracks-and-potholes-in-road__916435_RS_290_290RS294095_15626.jpg,/Users/foury333/Desktop/cv-road-damage-inspection-system-main/Pothole Mix/pothole_mix_prepared/train/masks/cracks-and-potholes-in-road__916435_RS_290_290RS294095_15626.png,1024,640,100.48815155029297,16189390448864932657,d8f1555060f920e9794e5d5339244ffe1416dffa,1024,640,0.0,0,False,cracks-and-potholes-in-road,True,True,2788,True
train/cracks-and-potholes-in-road__916436_RS_290_290RS294095_15630,train,/Users/foury333/Desktop/cv-road-damage-inspection-system-main/Pothole Mix/pothole_mix_prepared/train/images/cracks-and-potholes-in-road__916436_RS_290_290RS294095_15630.jpg,/Users/foury333/Desktop/cv-road-damage-inspection-system-main/Pothole Mix/pothole_mix_prepared/train/masks/cracks-and-potholes-in-road__916436_RS_290_290RS294095_15630.png,1024,640,101.73577117919922,16207413574747960177,2e3684069fb5276e8a4f6dac5e531d3a3295f9ea,1024,640,0.0,0,False,cracks-and-potholes-in-road,True,True,2788,True
train/cracks-and-potholes-in-road__916437_RS_290_290RS294095_15635,train,/Users/foury333/Desktop/cv-road-damage-inspection-system-main/Pothole Mix/pothole_mix_prepared/train/images/cracks-and-potholes-in-road__916437_RS_290_290RS294095_15635.jpg,/Users/foury333/Desktop/cv-road-damage-inspection-system-main/Pothole Mix/pothole_mix_prepared/train/masks/cracks-and-potholes-in-road__916437_RS_290_290RS294095_15635.png,1024,640,98.3252944946289,16189399244958475041,9c9555b184418fa205ab90ba26de95fdddc346f3,1024,640,0.0,0,False,cracks-and-potholes-in-road,True,True,2788,True
train/cracks-and-potholes-in-road__916438_RS_290_290RS294095_15640,train,/Users/foury333/Desktop/cv-road-damage-inspection-system-main/Pothole Mix/pothole_mix_prepared/train/images/cracks-and-potholes-in-road__916438_RS_290_290RS294095_15640.jpg,/Users/foury333/Desktop/cv-road-damage-inspection-system-main/Pothole Mix/pothole_mix_prepared/train/masks/cracks-and-potholes-in-road__916438_RS_290_290RS294095_15640.png,1024,640,98.3175277709961,16207413643534545777,a0fad7ae338f1ee570f173084a1e3581a28e0584,1024,640,0.0,0,False,cracks-and-potholes-in-road,True,True,2788,True
train/cracks-and-potholes-in-road__916443_RS_290_290RS294095_15665,train,/Users/foury333/Desktop/cv-road-damage-inspection-system-main/Pothole Mix/pothole_mix_prepared/train/images/cracks-and-potholes-in-road__916443_RS_290_290RS294095_15665.jpg,/Users/foury333/Desktop/cv-road-damage-inspection-system-main/Pothole Mix/pothole_mix_prepared/train/masks/cracks-and-potholes-in-road__916443_RS_290_290RS294095_15665.png,1024,640,96.9484634399414,16205188163213341555,e94e123f915bb87e9670d995c85c1e2f526ab80a,1024,640,0.0,0,False,cracks-and-potholes-in-road,True,True,2788,True
train/cracks-and-potholes-in-road__916611_RS_290_290RS294095_16505,train,/Users/foury333/Desktop/cv-road-damage-inspection-system-main/Pothole Mix/pothole_mix_prepared/train/images/cracks-and-potholes-in-road__916611_RS_290_290RS294095_16505.jpg,/Users/foury333/Desktop/cv-road-damage-inspection-system-main/Pothole Mix/pothole_mix_prepared/train/masks/cracks-and-potholes-in-road__916611_RS_290_290RS294095_16505.png,1024,640,98.71733093261719,16783865599669449585,958c8d51834fff9aaacaec9fcd91cf8b27acd6d1,1024,640,0.174560546875,1,False,cracks-and-potholes-in-road,True,False,2788,True
train/cracks-and-potholes-in-road__916636_RS_290_290RS294095_16630,train,/Users/foury333/Desktop/cv-road-damage-inspection-system-main/Pothole Mix/pothole_mix_prepared/train/images/cracks-and-potholes-in-road__916636_RS_290_290RS294095_16630.jpg,/Users/foury333/Desktop/cv-road-damage-inspection-system-main/Pothole Mix/pothole_mix_prepared/train/masks/cracks-and-potholes-in-road__916636_RS_290_290RS294095_16630.png,1024,640,99.88453674316406,16783865599668462437,4037efde91223bd5725b6c6530c1d57daca4b5d1,1024,640,0.0,0,False,cracks-and-potholes-in-road,True,True,2788,True
train/cracks-and-potholes-in-road__916639_RS_290_290RS294095_16645,train,/Users/foury333/Desktop/cv-road-damage-inspection-system-main/Pothole Mix/pothole_mix_prepared/train/images/cracks-and-potholes-in-road__916639_RS_290_290RS294095_16645.jpg,/Users/foury333/Desktop/cv-road-damage-inspection-system-main/Pothole Mix/pothole_mix_prepared/train/masks/cracks-and-potholes-in-road__916639_RS_290_290RS294095_16645.png,1024,640,100.15550231933594,16783865599676851041,55e7da79a1229e18eb7cde1ded916ba9549b5136,1024,640,0.0,0,False,cracks-and-potholes-in-road,True,True,2788,True
train/cracks-and-potholes-in-road__916868_RS_290_290RS294095_17790,train,/Users/foury333/Desktop/cv-road-damage-inspection-system-main/Pothole Mix/pothole_mix_prepared/train/images/cracks-and-potholes-in-road__916868_RS_290_290RS294095_17790.jpg,/Users/foury333/Desktop/cv-road-damage-inspection-system-main/Pothole Mix/pothole_mix_prepared/train/masks/cracks-and-potholes-in-road__916868_RS_290_290RS294095_17790.png,1024,640,92.20353698730469,14745918031636148577,8a81edb72a512931f970a307c757abfaf66c3250,1024,640,0.0,0,False,cracks-and-potholes-in-road,True,True,2788,True
train/cracks-and-potholes-in-road__916869_RS_290_290RS294095_17795,train,/Users/foury333/Desktop/cv-road-damage-inspection-system-main/Pothole Mix/pothole_mix_prepared/train/images/cracks-and-potholes-in-road__916869_RS_290_290RS294095_17795.jpg,/Users/foury333/Desktop/cv-road-damage-inspection-system-main/Pothole Mix/pothole_mix_prepared/train/masks/cracks-and-potholes-in-road__916869_RS_290_290RS294095_17795.png,1024,640,93.19856262207031,14737016316778193249,0aff91a45a63894f2b0f9cfda880b07f5c0e1af2,1024,640,0.0,0,False,cracks-and-potholes-in-road,True,True,2788,True
train/cracks-and-potholes-in-road__916872_RS_290_290RS294095_17810,train,/Users/foury333/Desktop/cv-road-damage-inspection-system-main/Pothole Mix/pothole_mix_prepared/train/images/cracks-and-potholes-in-road__916872_RS_290_290RS294095_17810.jpg,/Users/foury333/Desktop/cv-road-damage-inspection-system-main/Pothole Mix/pothole_mix_prepared/train/masks/cracks-and-potholes-in-road__916872_RS_290_290RS294095_17810.png,1024,640,92.56119537353516,14709994787731349809,c67794517151f52ab96356d48660e16b51fb1768,1024,640,1.5570068359375,2,False,cracks-and-potholes-in-road,True,False,2788,True
train/cracks-and-potholes-in-road__916873_RS_290_290RS294095_17815,train,/Users/foury333/Desktop/cv-road-damage-inspection-system-main/Pothole Mix/pothole_mix_prepared/train/images/cracks-and-potholes-in-road__916873_RS_290_290RS294095_17815.jpg,/Users/foury333/Desktop/cv-road-damage-inspection-system-main/Pothole Mix/pothole_mix_prepared/train/masks/cracks-and-potholes-in-road__916873_RS_290_290RS294095_17815.png,1024,640,95.47249603271484,14736909200292782433,51e93c205eb245451eb42168a8950acb36f0707a,1024,640,0.48492431640625,1,False,cracks-and-potholes-in-road,True,False,2788,True
train/cracks-and-potholes-in-road__916886_RS_290_290RS294095_17880,train,/Users/foury333/Desktop/cv-road-damage-inspection-system-main/Pothole Mix/pothole_mix_prepared/train/images/cracks-and-potholes-in-road__916886_RS_290_290RS294095_17880.jpg,/Users/foury333/Desktop/cv-road-damage-inspection-system-main/Pothole Mix/pothole_mix_prepared/train/masks/cracks-and-potholes-in-road__916886_RS_290_290RS294095_17880.png,1024,640,93.3595962524414,14703220164018252641,66178500c3478df7e1788face93acf289efa0bfa,1024,640,0.34393310546875,3,False,cracks-and-potholes-in-road,True,False,2788,True
train/cracks-and-potholes-in-road__916887_RS_290_290RS294095_17885,train,/Users/foury333/Desktop/cv-road-damage-inspection-system-main/Pothole Mix/pothole_mix_prepared/train/images/cracks-and-potholes-in-road__916887_RS_290_290RS294095_17885.jpg,/Users/foury333/Desktop/cv-road-damage-inspection-system-main/Pothole Mix/pothole_mix_prepared/train/masks/cracks-and-potholes-in-road__916887_RS_290_290RS294095_17885.png,1024,640,91.90277862548828,14739248684539781953,e8d6bf4ca5c7b90413f222d7fe0b2909de2f14a8,1024,640,0.704498291015625,3,False,cracks-and-potholes-in-road,True,False,2788,True
train/cracks-and-potholes-in-road__916888_RS_290_290RS294095_17890,train,/Users/foury333/Desktop/cv-road-damage-inspection-system-main/Pothole Mix/pothole_mix_prepared/train/images/cracks-and-potholes-in-road__916888_RS_290_290RS294095_17890.jpg,/Users/foury333/Desktop/cv-road-damage-inspection-system-main/Pothole Mix/pothole_mix_prepared/train/masks/cracks-and-potholes-in-road__916888_RS_290_290RS294095_17890.png,1024,640,91.15910339355469,14703202295335314273,f73a117f5f20e827ad662175616a222828d3d2b1,1024,640,1.53228759765625,1,False,cracks-and-potholes-in-road,True,False,2788,True
train/cracks-and-potholes-in-road__916892_RS_290_290RS294095_17910,train,/Users/foury333/Desktop/cv-road-damage-inspection-system-main/Pothole Mix/pothole_mix_prepared/train/images/cracks-and-potholes-in-road__916892_RS_290_290RS294095_17910.jpg,/Users/foury333/Desktop/cv-road-damage-inspection-system-main/Pothole Mix/pothole_mix_prepared/train/masks/cracks-and-potholes-in-road__916892_RS_290_290RS294095_17910.png,1024,640,91.61338806152344,14736997161224004449,2be1eb682779b3ed5730add2f8cec30c3c66b385,1024,640,0.517120361328125,2,False,cracks-and-potholes-in-road,True,False,2788,True
train/cracks-and-potholes-in-road__916893_RS_290_290RS294095_17916,train,/Users/foury333/Desktop/cv-road-damage-inspection-system-main/Pothole Mix/pothole_mix_prepared/train/images/cracks-and-potholes-in-road__916893_RS_290_290RS294095_17916.jpg,/Users/foury333/Desktop/cv-road-damage-inspection-system-main/Pothole Mix/pothole_mix_prepared/train/masks/cracks-and-potholes-in-road__916893_RS_290_290RS294095_17916.png,1024,640,92.24958801269531,17042839896087274337,46f6f88f80040233032c1438a48d0da8071eba58,1024,640,0.881195068359375,1,False,cracks-and-potholes-in-road,True,False,2788,True
train/cracks-and-potholes-in-road__916922_RS_290_290RS294095_18061,train,/Users/foury333/Desktop/cv-road-damage-inspection-system-main/Pothole Mix/pothole_mix_prepared/train/images/cracks-and-potholes-in-road__916922_RS_290_290RS294095_18061.jpg,/Users/foury333/Desktop/cv-road-damage-inspection-system-main/Pothole Mix/pothole_mix_prepared/train/masks/cracks-and-potholes-in-road__916922_RS_290_290RS294095_18061.png,1024,640,93.04624938964844,16475412387190682417,c9290e30af1283296ff1c2614e6167a2a84cff2e,1024,640,0.685272216796875,1,False,cracks-and-potholes-in-road,True,False,2788,True
train/cracks-and-potholes-in-road__916930_RS_290_290RS294095_18100,train,/Users/foury333/Desktop/cv-road-damage-inspection-system-main/Pothole Mix/pothole_mix_prepared/train/images/cracks-and-potholes-in-road__916930_RS_290_290RS294095_18100.jpg,/Users/foury333/Desktop/cv-road-damage-inspection-system-main/Pothole Mix/pothole_mix_prepared/train/masks/cracks-and-potholes-in-road__916930_RS_290_290RS294095_18100.png,1024,640,96.31907653808594,16475369025201906465,0ac1c19f71ea5d5843a3de5b36a319ab9b7e6e25,1024,640,0.0,0,False,cracks-and-potholes-in-road,True,True,2788,True
train/cracks-and-potholes-in-road__916938_RS_290_290RS294095_18140,train,/Users/foury333/Desktop/cv-road-damage-inspection-system-main/Pothole Mix/pothole_mix_prepared/train/images/cracks-and-potholes-in-road__916938_RS_290_290RS294095_18140.jpg,/Users/foury333/Desktop/cv-road-damage-inspection-system-main/Pothole Mix/pothole_mix_prepared/train/masks/cracks-and-potholes-in-road__916938_RS_290_290RS294095_18140.png,1024,640,99.08888244628906,15322482087564550961,d574d5de4d51668720f570c382f5468e293fa4e6,1024,640,0.10437011718750001,1,False,cracks-and-potholes-in-road,True,False,2788,True
train/cracks-and-potholes-in-road__916939_RS_290_290RS294095_18145,train,/Users/foury333/Desktop/cv-road-damage-inspection-system-main/Pothole Mix/pothole_mix_prepared/train/images/cracks-and-potholes-in-road__916939_RS_290_290RS294095_18145.jpg,/Users/foury333/Desktop/cv-road-damage-inspection-system-main/Pothole Mix/pothole_mix_prepared/train/masks/cracks-and-potholes-in-road__916939_RS_290_290RS294095_18145.png,1024,640,98.83003997802734,15322482636246623009,381b139d41105e3363be5201357faa8206bd6bd2,1024,640,0.37628173828125,1,False,cracks-and-potholes-in-road,True,False,2788,True
train/cracks-and-potholes-in-road__916949_RS_290_290RS294095_18195,train,/Users/foury333/Desktop/cv-road-damage-inspection-system-main/Pothole Mix/pothole_mix_prepared/train/images/cracks-and-potholes-in-road__916949_RS_290_290RS294095_18195.jpg,/Users/foury333/Desktop/cv-road-damage-inspection-system-main/Pothole Mix/pothole_mix_prepared/train/masks/cracks-and-potholes-in-road__916949_RS_290_290RS294095_18195.png,1024,640,99.54593658447266,15322482086491435825,5ab16471f9b21c8d548e4eac13d5f0b198cd5c77,1024,640,0.181884765625,1,False,cracks-and-potholes-in-road,True,False,2788,True
train/cracks-and-potholes-in-road__916950_RS_290_290RS294095_18200,train,/Users/foury333/Desktop/cv-road-damage-inspection-system-main/Pothole Mix/pothole_mix_prepared/train/images/cracks-and-potholes-in-road__916950_RS_290_290RS294095_18200.jpg,/Users/foury333/Desktop/cv-road-damage-inspection-system-main/Pothole Mix/pothole_mix_prepared/train/masks/cracks-and-potholes-in-road__916950_RS_290_290RS294095_18200.png,1024,640,98.70621490478516,15322482087564587825,57271494078316e83133cbd83e40099d3d989d0b,1024,640,0.562896728515625,1,False,cracks-and-potholes-in-road,True,False,2788,True
train/cracks-and-potholes-in-road__916994_RS_290_290RS294095_18420,train,/Users/foury333/Desktop/cv-road-damage-inspection-system-main/Pothole Mix/pothole_mix_prepared/train/images/cracks-and-potholes-in-road__916994_RS_290_290RS294095_18420.jpg,/Users/foury333/Desktop/cv-road-damage-inspection-system-main/Pothole Mix/pothole_mix_prepared/train/masks/cracks-and-potholes-in-road__916994_RS_290_290RS294095_18420.png,1024,640,96.56346130371094,15286418715044880995,355ffe2d250897d788ab45d805089070d0446de8,1024,640,0.23773193359375003,1,False,cracks-and-potholes-in-road,True,False,2788,True
train/cracks-and-potholes-in-road__917025_RS_290_290RS294095_18576,train,/Users/foury333/Desktop/cv-road-damage-inspection-system-main/Pothole Mix/pothole_mix_prepared/train/images/cracks-and-potholes-in-road__917025_RS_290_290RS294095_18576.jpg,/Users/foury333/Desktop/cv-road-damage-inspection-system-main/Pothole Mix/pothole_mix_prepared/train/masks/cracks-and-potholes-in-road__917025_RS_290_290RS294095_18576.png,1024,640,97.90904235839844,17592261732791364449,25b9a23018cfcb5743b33b6afd37e4b978741755,1024,640,0.0,0,False,cracks-and-potholes-in-road,True,True,2788,True
train/cracks-and-potholes-in-road__917104_RS_290_290RS294095_18970,train,/Users/foury333/Desktop/cv-road-damage-inspection-system-main/Pothole Mix/pothole_mix_prepared/train/images/cracks-and-potholes-in-road__917104_RS_290_290RS294095_18970.jpg,/Users/foury333/Desktop/cv-road-damage-inspection-system-main/Pothole Mix/pothole_mix_prepared/train/masks/cracks-and-potholes-in-road__917104_RS_290_290RS294095_18970.png,1024,640,97.0353775024414,15576935809640702757,d2523526614472a8308caf7d7da71ea4f93fe9c2,1024,640,0.0,0,False,cracks-and-potholes-in-road,True,True,2788,True
train/cracks-and-potholes-in-road__917120_RS_290_290RS294095_19051,train,/Users/foury333/Desktop/cv-road-damage-inspection-system-main/Pothole Mix/pothole_mix_prepared/train/images/cracks-and-potholes-in-road__917120_RS_290_290RS294095_19051.jpg,/Users/foury333/Desktop/cv-road-damage-inspection-system-main/Pothole Mix/pothole_mix_prepared/train/masks/cracks-and-potholes-in-road__917120_RS_290_290RS294095_19051.png,1024,640,87.30397033691406,15577199692364260193,cdc771e09c5151043ca0381e474080ba822fe0e3,1024,640,0.0,0,False,cracks-and-potholes-in-road,True,True,2788,True
train/cracks-and-potholes-in-road__917129_RS_290_290RS294095_19096,train,/Users/foury333/Desktop/cv-road-damage-inspection-system-main/Pothole Mix/pothole_mix_prepared/train/images/cracks-and-potholes-in-road__917129_RS_290_290RS294095_19096.jpg,/Users/foury333/Desktop/cv-road-damage-inspection-system-main/Pothole Mix/pothole_mix_prepared/train/masks/cracks-and-potholes-in-road__917129_RS_290_290RS294095_19096.png,1024,640,97.90052795410156,14423934862567355233,3a8e3e69b0f80159e735bbba28b72f8b3f1b1fc7,1024,640,0.0,0,False,cracks-and-potholes-in-road,True,True,2788,True
train/cracks-and-potholes-in-road__917161_RS_290_290RS294095_19255,train,/Users/foury333/Desktop/cv-road-damage-inspection-system-main/Pothole Mix/pothole_mix_prepared/train/images/cracks-and-potholes-in-road__917161_RS_290_290RS294095_19255.jpg,/Users/foury333/Desktop/cv-road-damage-inspection-system-main/Pothole Mix/pothole_mix_prepared/train/masks/cracks-and-potholes-in-road__917161_RS_290_290RS294095_19255.png,1024,640,104.085693359375,14453234650570776929,9ff18f5d061e66cf2fd58f6b9b43ba092092396f,1024,640,0.0,0,False,cracks-and-potholes-in-road,True,True,2788,True
train/cracks-and-potholes-in-road__917170_RS_290_290RS294095_19300,train,/Users/foury333/Desktop/cv-road-damage-inspection-system-main/Pothole Mix/pothole_mix_prepared/train/images/cracks-and-potholes-in-road__917170_RS_290_290RS294095_19300.jpg,/Users/foury333/Desktop/cv-road-damage-inspection-system-main/Pothole Mix/pothole_mix_prepared/train/masks/cracks-and-potholes-in-road__917170_RS_290_290RS294095_19300.png,1024,640,89.4943618774414,13872323075734987617,5cc9899bf859b0a7f97dfb066c51f0815d4599c4,1024,640,0.0,0,False,cracks-and-potholes-in-road,True,True,2788,True
train/cracks-and-potholes-in-road__917171_RS_290_290RS294095_19305,train,/Users/foury333/Desktop/cv-road-damage-inspection-system-main/Pothole Mix/pothole_mix_prepared/train/images/cracks-and-potholes-in-road__917171_RS_290_290RS294095_19305.jpg,/Users/foury333/Desktop/cv-road-damage-inspection-system-main/Pothole Mix/pothole_mix_prepared/train/masks/cracks-and-potholes-in-road__917171_RS_290_290RS294095_19305.png,1024,640,89.44090270996094,13876738713895265121,4c0e361881da98147e889178075aace8105473de,1024,640,0.0,0,False,cracks-and-potholes-in-road,True,True,2788,True
train/cracks-and-potholes-in-road__917187_RS_290_290RS294095_19385,train,/Users/foury333/Desktop/cv-road-damage-inspection-system-main/Pothole Mix/pothole_mix_prepared/train/images/cracks-and-potholes-in-road__917187_RS_290_290RS294095_19385.jpg,/Users/foury333/Desktop/cv-road-damage-inspection-system-main/Pothole Mix/pothole_mix_prepared/train/masks/cracks-and-potholes-in-road__917187_RS_290_290RS294095_19385.png,1024,640,102.28118133544922,14160553364376723809,8acd1e6a758bc4b2654b31166c159a6f26099648,1024,640,0.0,0,False,cracks-and-potholes-in-road,True,True,2788,True
train/cracks-and-potholes-in-road__917190_RS_290_290RS294095_19400,train,/Users/foury333/Desktop/cv-road-damage-inspection-system-main/Pothole Mix/pothole_mix_prepared/train/images/cracks-and-potholes-in-road__917190_RS_290_290RS294095_19400.jpg,/Users/foury333/Desktop/cv-road-damage-inspection-system-main/Pothole Mix/pothole_mix_prepared/train/masks/cracks-and-potholes-in-road__917190_RS_290_290RS294095_19400.png,1024,640,99.2256088256836,14737014133860017509,5d194da6dbddb9ff4057a8aa25f7699f8b15fdeb,1024,640,0.0,0,False,cracks-and-potholes-in-road,True,True,2788,True
train/cracks-and-potholes-in-road__917191_RS_290_290RS294095_19405,train,/Users/foury333/Desktop/cv-road-damage-inspection-system-main/Pothole Mix/pothole_mix_prepared/train/images/cracks-and-potholes-in-road__917191_RS_290_290RS294095_19405.jpg,/Users/foury333/Desktop/cv-road-damage-inspection-system-main/Pothole Mix/pothole_mix_prepared/train/masks/cracks-and-potholes-in-road__917191_RS_290_290RS294095_19405.png,1024,640,100.71255493164062,14736981769133958501,c5e0f356f27ac8115c6f36b0c04aad8a48a95211,1024,640,0.0,0,False,cracks-and-potholes-in-road,True,True,2788,True
train/cracks-and-potholes-in-road__917193_RS_290_290RS294095_19415,train,/Users/foury333/Desktop/cv-road-damage-inspection-system-main/Pothole Mix/pothole_mix_prepared/train/images/cracks-and-potholes-in-road__917193_RS_290_290RS294095_19415.jpg,/Users/foury333/Desktop/cv-road-damage-inspection-system-main/Pothole Mix/pothole_mix_prepared/train/masks/cracks-and-potholes-in-road__917193_RS_290_290RS294095_19415.png,1024,640,96.65943145751953,14709924297648054625,3dd9c2a74e18d500fd5b6a21cf8cf4392f3fede9,1024,640,0.0,0,False,cracks-and-potholes-in-road,True,True,2788,True
train/cracks-and-potholes-in-road__917194_RS_290_290RS294095_19420,train,/Users/foury333/Desktop/cv-road-damage-inspection-system-main/Pothole Mix/pothole_mix_prepared/train/images/cracks-and-potholes-in-road__917194_RS_290_290RS294095_19420.jpg,/Users/foury333/Desktop/cv-road-damage-inspection-system-main/Pothole Mix/pothole_mix_prepared/train/masks/cracks-and-potholes-in-road__917194_RS_290_290RS294095_19420.png,1024,640,97.39218139648438,14705453754243835237,8efb670ba0ec3ac6c4b89e0e3826a9debc0fb316,1024,640,0.353851318359375,1,False,cracks-and-potholes-in-road,True,False,2788,True
train/cracks-and-potholes-in-road__917195_RS_290_290RS294095_19426,train,/Users/foury333/Desktop/cv-road-damage-inspection-system-main/Pothole Mix/pothole_mix_prepared/train/images/cracks-and-potholes-in-road__917195_RS_290_290RS294095_19426.jpg,/Users/foury333/Desktop/cv-road-damage-inspection-system-main/Pothole Mix/pothole_mix_prepared/train/masks/cracks-and-potholes-in-road__917195_RS_290_290RS294095_19426.png,1024,640,98.31163024902344,14450947390701774181,c9d8eaeb5dc2f3a2d60429f1a45e8578513c9da8,1024,640,0.0,0,False,cracks-and-potholes-in-road,True,True,2788,True
train/cracks-and-potholes-in-road__917197_RS_290_290RS294095_19435,train,/Users/foury333/Desktop/cv-road-damage-inspection-system-main/Pothole Mix/pothole_mix_prepared/train/images/cracks-and-potholes-in-road__917197_RS_290_290RS294095_19435.jpg,/Users/foury333/Desktop/cv-road-damage-inspection-system-main/Pothole Mix/pothole_mix_prepared/train/masks/cracks-and-potholes-in-road__917197_RS_290_290RS294095_19435.png,1024,640,96.41477966308594,14703202022076393317,487df48b607dfc925764b297e69c5ba1ebc7ab5f,1024,640,0.0,0,False,cracks-and-potholes-in-road,True,True,2788,True
train/cracks-and-potholes-in-road__917198_RS_290_290RS294095_19440,train,/Users/foury333/Desktop/cv-road-damage-inspection-system-main/Pothole Mix/pothole_mix_prepared/train/images/cracks-and-potholes-in-road__917198_RS_290_290RS294095_19440.jpg,/Users/foury333/Desktop/cv-road-damage-inspection-system-main/Pothole Mix/pothole_mix_prepared/train/masks/cracks-and-potholes-in-road__917198_RS_290_290RS294095_19440.png,1024,640,97.36505889892578,14703149795273549157,9efcd1413dc7d1c427255dd8487421937bb478aa,1024,640,0.0,0,False,cracks-and-potholes-in-road,True,True,2788,True
train/cracks-and-potholes-in-road__917199_RS_290_290RS294095_19445,train,/Users/foury333/Desktop/cv-road-damage-inspection-system-main/Pothole Mix/pothole_mix_prepared/train/images/cracks-and-potholes-in-road__917199_RS_290_290RS294095_19445.jpg,/Users/foury333/Desktop/cv-road-damage-inspection-system-main/Pothole Mix/pothole_mix_prepared/train/masks/cracks-and-potholes-in-road__917199_RS_290_290RS294095_19445.png,1024,640,95.55753326416016,14700897169208190309,5773a8576d654fc703bc52f5234badbe9b8b13f4,1024,640,0.0,0,False,cracks-and-potholes-in-road,True,True,2788,True
train/cracks-and-potholes-in-road__917200_RS_290_290RS294095_19450,train,/Users/foury333/Desktop/cv-road-damage-inspection-system-main/Pothole Mix/pothole_mix_prepared/train/images/cracks-and-potholes-in-road__917200_RS_290_290RS294095_19450.jpg,/Users/foury333/Desktop/cv-road-damage-inspection-system-main/Pothole Mix/pothole_mix_prepared/train/masks/cracks-and-potholes-in-road__917200_RS_290_290RS294095_19450.png,1024,640,95.86247253417969,14737013927157376357,9d06632062a7392d554d3181032a8706aa6e3e18,1024,640,0.0,0,False,cracks-and-potholes-in-road,True,True,2788,True
train/cracks-and-potholes-in-road__917201_RS_290_290RS294095_19455,train,/Users/foury333/Desktop/cv-road-damage-inspection-system-main/Pothole Mix/pothole_mix_prepared/train/images/cracks-and-potholes-in-road__917201_RS_290_290RS294095_19455.jpg,/Users/foury333/Desktop/cv-road-damage-inspection-system-main/Pothole Mix/pothole_mix_prepared/train/masks/cracks-and-potholes-in-road__917201_RS_290_290RS294095_19455.png,1024,640,97.44036865234375,14703149245517735269,b0295c3b412c17b0412d67f7ce0d7c526ba3f4f5,1024,640,0.0,0,False,cracks-and-potholes-in-road,True,True,2788,True
train/cracks-and-potholes-in-road__917202_RS_290_290RS294095_19460,train,/Users/foury333/Desktop/cv-road-damage-inspection-system-main/Pothole Mix/pothole_mix_prepared/train/images/cracks-and-potholes-in-road__917202_RS_290_290RS294095_19460.jpg,/Users/foury333/Desktop/cv-road-damage-inspection-system-main/Pothole Mix/pothole_mix_prepared/train/masks/cracks-and-potholes-in-road__917202_RS_290_290RS294095_19460.png,1024,640,95.68836975097656,14700897718971344197,5b203f37bf297252070312b3d31c2101fec59a61,1024,640,0.0,0,False,cracks-and-potholes-in-road,True,True,2788,True
train/cracks-and-potholes-in-road__917203_RS_290_290RS294095_19465,train,/Users/foury333/Desktop/cv-road-damage-inspection-system-main/Pothole Mix/pothole_mix_prepared/train/images/cracks-and-potholes-in-road__917203_RS_290_290RS294095_19465.jpg,/Users/foury333/Desktop/cv-road-damage-inspection-system-main/Pothole Mix/pothole_mix_prepared/train/masks/cracks-and-potholes-in-road__917203_RS_290_290RS294095_19465.png,1024,640,93.14106750488281,14739232741085360481,063af2853a0f8a47cf32836f17b1a7d4b061a023,1024,640,0.0,0,False,cracks-and-potholes-in-road,True,True,2788,True
train/cracks-and-potholes-in-road__917204_RS_290_290RS294095_19470,train,/Users/foury333/Desktop/cv-road-damage-inspection-system-main/Pothole Mix/pothole_mix_prepared/train/images/cracks-and-potholes-in-road__917204_RS_290_290RS294095_19470.jpg,/Users/foury333/Desktop/cv-road-damage-inspection-system-main/Pothole Mix/pothole_mix_prepared/train/masks/cracks-and-potholes-in-road__917204_RS_290_290RS294095_19470.png,1024,640,93.5386962890625,14705456003733991793,0a2a7d3e562dcf2ac8a03c05373aed923015d0a2,1024,640,0.279083251953125,1,False,cracks-and-potholes-in-road,True,False,2788,True
train/cracks-and-potholes-in-road__917206_RS_290_290RS294095_19480,train,/Users/foury333/Desktop/cv-road-damage-inspection-system-main/Pothole Mix/pothole_mix_prepared/train/images/cracks-and-potholes-in-road__917206_RS_290_290RS294095_19480.jpg,/Users/foury333/Desktop/cv-road-damage-inspection-system-main/Pothole Mix/pothole_mix_prepared/train/masks/cracks-and-potholes-in-road__917206_RS_290_290RS294095_19480.png,1024,640,94.19935607910156,14745970687398326625,f75a94acac686cb068ea445642e0be6e060bc7c3,1024,640,0.0,0,False,cracks-and-potholes-in-road,True,True,2788,True
train/cracks-and-potholes-in-road__917207_RS_290_290RS294095_19485,train,/Users/foury333/Desktop/cv-road-damage-inspection-system-main/Pothole Mix/pothole_mix_prepared/train/images/cracks-and-potholes-in-road__917207_RS_290_290RS294095_19485.jpg,/Users/foury333/Desktop/cv-road-damage-inspection-system-main/Pothole Mix/pothole_mix_prepared/train/masks/cracks-and-potholes-in-road__917207_RS_290_290RS294095_19485.png,1024,640,94.83594512939453,14739266002931102065,315b9e11e8abd6afc9548382fe23b916f5eeda7c,1024,640,0.0,0,False,cracks-and-potholes-in-road,True,True,2788,True
train/cracks-and-potholes-in-road__917208_RS_290_290RS294095_19490,train,/Users/foury333/Desktop/cv-road-damage-inspection-system-main/Pothole Mix/pothole_mix_prepared/train/images/cracks-and-potholes-in-road__917208_RS_290_290RS294095_19490.jpg,/Users/foury333/Desktop/cv-road-damage-inspection-system-main/Pothole Mix/pothole_mix_prepared/train/masks/cracks-and-potholes-in-road__917208_RS_290_290RS294095_19490.png,1024,640,97.29842376708984,14419457653366530401,fcdfbe07a40381abd708fdbcba858ee2c1f3dbf2,1024,640,0.0,0,False,cracks-and-potholes-in-road,True,True,2788,True
train/cracks-and-potholes-in-road__917209_RS_290_290RS294095_19495,train,/Users/foury333/Desktop/cv-road-damage-inspection-system-main/Pothole Mix/pothole_mix_prepared/train/images/cracks-and-potholes-in-road__917209_RS_290_290RS294095_19495.jpg,/Users/foury333/Desktop/cv-road-damage-inspection-system-main/Pothole Mix/pothole_mix_prepared/train/masks/cracks-and-potholes-in-road__917209_RS_290_290RS294095_19495.png,1024,640,95.1588363647461,14421955467296334193,09b85a4d8c46f2ecb8ab3ecdd910b424cedc766d,1024,640,0.0,0,False,cracks-and-potholes-in-road,True,True,2788,True
train/cracks-and-potholes-in-road__917210_RS_290_290RS294095_19500,train,/Users/foury333/Desktop/cv-road-damage-inspection-system-main/Pothole Mix/pothole_mix_prepared/train/images/cracks-and-potholes-in-road__917210_RS_290_290RS294095_19500.jpg,/Users/foury333/Desktop/cv-road-damage-inspection-system-main/Pothole Mix/pothole_mix_prepared/train/masks/cracks-and-potholes-in-road__917210_RS_290_290RS294095_19500.png,1024,640,95.03739929199219,14422043428226557285,2665a031fe2f8c7d0f771a6cb54bbdc7f3923371,1024,640,0.0,0,False,cracks-and-potholes-in-road,True,True,2788,True
train/cracks-and-potholes-in-road__917211_RS_290_290RS294095_19505,train,/Users/foury333/Desktop/cv-road-damage-inspection-system-main/Pothole Mix/pothole_mix_prepared/train/images/cracks-and-potholes-in-road__917211_RS_290_290RS294095_19505.jpg,/Users/foury333/Desktop/cv-road-damage-inspection-system-main/Pothole Mix/pothole_mix_prepared/train/masks/cracks-and-potholes-in-road__917211_RS_290_290RS294095_19505.png,1024,640,95.13636779785156,14455451266013423461,0e699d77564d80436a07299e3c930286b9f1bc37,1024,640,0.0,0,False,cracks-and-potholes-in-road,True,True,2788,True
train/cracks-and-potholes-in-road__917212_RS_290_290RS294095_19510,train,/Users/foury333/Desktop/cv-road-damage-inspection-system-main/Pothole Mix/pothole_mix_prepared/train/images/cracks-and-potholes-in-road__917212_RS_290_290RS294095_19510.jpg,/Users/foury333/Desktop/cv-road-damage-inspection-system-main/Pothole Mix/pothole_mix_prepared/train/masks/cracks-and-potholes-in-road__917212_RS_290_290RS294095_19510.png,1024,640,93.13741302490234,14450947527336469345,d90f0514ea1d733cb6439a5e3fdd8a1923724e63,1024,640,0.0,0,False,cracks-and-potholes-in-road,True,True,2788,True
train/cracks-and-potholes-in-road__917213_RS_290_290RS294095_19515,train,/Users/foury333/Desktop/cv-road-damage-inspection-system-main/Pothole Mix/pothole_mix_prepared/train/images/cracks-and-potholes-in-road__917213_RS_290_290RS294095_19515.jpg,/Users/foury333/Desktop/cv-road-damage-inspection-system-main/Pothole Mix/pothole_mix_prepared/train/masks/cracks-and-potholes-in-road__917213_RS_290_290RS294095_19515.png,1024,640,91.32012176513672,14451035350827753953,5c4da3446bae09de507cae9faad194843ccbfbd6,1024,640,0.0,0,False,cracks-and-potholes-in-road,True,True,2788,True
train/cracks-and-potholes-in-road__917214_RS_290_290RS294095_19520,train,/Users/foury333/Desktop/cv-road-damage-inspection-system-main/Pothole Mix/pothole_mix_prepared/train/images/cracks-and-potholes-in-road__917214_RS_290_290RS294095_19520.jpg,/Users/foury333/Desktop/cv-road-damage-inspection-system-main/Pothole Mix/pothole_mix_prepared/train/masks/cracks-and-potholes-in-road__917214_RS_290_290RS294095_19520.png,1024,640,91.94590759277344,14451009239037211425,8a915f119e91a45736967f42f340a1f4f146e769,1024,640,0.0,0,False,cracks-and-potholes-in-road,True,True,2788,True
train/cracks-and-potholes-in-road__917215_RS_290_290RS294095_19525,train,/Users/foury333/Desktop/cv-road-damage-inspection-system-main/Pothole Mix/pothole_mix_prepared/train/images/cracks-and-potholes-in-road__917215_RS_290_290RS294095_19525.jpg,/Users/foury333/Desktop/cv-road-damage-inspection-system-main/Pothole Mix/pothole_mix_prepared/train/masks/cracks-and-potholes-in-road__917215_RS_290_290RS294095_19525.png,1024,640,91.0639877319336,14412649200341954849,a9312e796c589f79749bd7fa92bd93d3dc6a0ef7,1024,640,0.380401611328125,1,False,cracks-and-potholes-in-road,True,False,2788,True
train/cracks-and-potholes-in-road__917216_RS_290_290RS294095_19530,train,/Users/foury333/Desktop/cv-road-damage-inspection-system-main/Pothole Mix/pothole_mix_prepared/train/images/cracks-and-potholes-in-road__917216_RS_290_290RS294095_19530.jpg,/Users/foury333/Desktop/cv-road-damage-inspection-system-main/Pothole Mix/pothole_mix_prepared/train/masks/cracks-and-potholes-in-road__917216_RS_290_290RS294095_19530.png,1024,640,89.96018981933594,14421673992854384945,814488ac476de3c8ad5aecd24821c26398a6235f,1024,640,0.1513671875,1,False,cracks-and-potholes-in-road,True,False,2788,True
train/cracks-and-potholes-in-road__917217_RS_290_290RS294095_19535,train,/Users/foury333/Desktop/cv-road-damage-inspection-system-main/Pothole Mix/pothole_mix_prepared/train/images/cracks-and-potholes-in-road__917217_RS_290_290RS294095_19535.jpg,/Users/foury333/Desktop/cv-road-damage-inspection-system-main/Pothole Mix/pothole_mix_prepared/train/masks/cracks-and-potholes-in-road__917217_RS_290_290RS294095_19535.png,1024,640,90.71235656738281,14451035625166713649,c64c3cfed9d9ea241d26bacff92f90a921b121fa,1024,640,0.0,0,False,cracks-and-potholes-in-road,True,True,2788,True
train/cracks-and-potholes-in-road__917218_RS_290_290RS294095_19540,train,/Users/foury333/Desktop/cv-road-damage-inspection-system-main/Pothole Mix/pothole_mix_prepared/train/images/cracks-and-potholes-in-road__917218_RS_290_290RS294095_19540.jpg,/Users/foury333/Desktop/cv-road-damage-inspection-system-main/Pothole Mix/pothole_mix_prepared/train/masks/cracks-and-potholes-in-road__917218_RS_290_290RS294095_19540.png,1024,640,92.89010620117188,14455450991135503217,4fdf5f01b799d8e43732e7d6aa2b7243ee80532b,1024,640,0.0,0,False,cracks-and-potholes-in-road,True,True,2788,True
train/cracks-and-potholes-in-road__917219_RS_290_290RS294095_19545,train,/Users/foury333/Desktop/cv-road-damage-inspection-system-main/Pothole Mix/pothole_mix_prepared/train/images/cracks-and-potholes-in-road__917219_RS_290_290RS294095_19545.jpg,/Users/foury333/Desktop/cv-road-damage-inspection-system-main/Pothole Mix/pothole_mix_prepared/train/masks/cracks-and-potholes-in-road__917219_RS_290_290RS294095_19545.png,1024,640,90.22431182861328,14448730912431747889,a585357567423f1f24f2816fc7f4aa8ee55a1e97,1024,640,0.0,0,False,cracks-and-potholes-in-road,True,True,2788,True
train/cracks-and-potholes-in-road__917220_RS_290_290RS294095_19551,train,/Users/foury333/Desktop/cv-road-damage-inspection-system-main/Pothole Mix/pothole_mix_prepared/train/images/cracks-and-potholes-in-road__917220_RS_290_290RS294095_19551.jpg,/Users/foury333/Desktop/cv-road-damage-inspection-system-main/Pothole Mix/pothole_mix_prepared/train/masks/cracks-and-potholes-in-road__917220_RS_290_290RS294095_19551.png,1024,640,90.9871826171875,14451035351364612977,5d1b2ecd4ae87b5c55b10bd3fa38fb9983e9853d,1024,640,0.0,0,False,cracks-and-potholes-in-road,True,True,2788,True
train/cracks-and-potholes-in-road__917221_RS_290_290RS294095_19555,train,/Users/foury333/Desktop/cv-road-damage-inspection-system-main/Pothole Mix/pothole_mix_prepared/train/images/cracks-and-potholes-in-road__917221_RS_290_290RS294095_19555.jpg,/Users/foury333/Desktop/cv-road-damage-inspection-system-main/Pothole Mix/pothole_mix_prepared/train/masks/cracks-and-potholes-in-road__917221_RS_290_290RS294095_19555.png,1024,640,92.47883605957031,14419422468994446193,f85295d897743e7036d9a8782d015b405c5fe928,1024,640,0.0,0,False,cracks-and-potholes-in-road,True,True,2788,True
train/cracks-and-potholes-in-road__917222_RS_290_290RS294095_19560,train,/Users/foury333/Desktop/cv-road-damage-inspection-system-main/Pothole Mix/pothole_mix_prepared/train/images/cracks-and-potholes-in-road__917222_RS_290_290RS294095_19560.jpg,/Users/foury333/Desktop/cv-road-damage-inspection-system-main/Pothole Mix/pothole_mix_prepared/train/masks/cracks-and-potholes-in-road__917222_RS_290_290RS294095_19560.png,1024,640,91.2158432006836,14412948405480534385,b8cd2f9d99f4d6e760e04bd98e5389bba5606ada,1024,640,0.0,0,False,cracks-and-potholes-in-road,True,True,2788,True
train/cracks-and-potholes-in-road__917223_RS_290_290RS294095_19565,train,/Users/foury333/Desktop/cv-road-damage-inspection-system-main/Pothole Mix/pothole_mix_prepared/train/images/cracks-and-potholes-in-road__917223_RS_290_290RS294095_19565.jpg,/Users/foury333/Desktop/cv-road-damage-inspection-system-main/Pothole Mix/pothole_mix_prepared/train/masks/cracks-and-potholes-in-road__917223_RS_290_290RS294095_19565.png,1024,640,91.04190826416016,14459936996966216049,231ef9ffc6a04f915b77526fac3de86bec1c0e19,1024,640,0.0,0,False,cracks-and-potholes-in-road,True,True,2788,True
train/cracks-and-potholes-in-road__917224_RS_290_290RS294095_19570,train,/Users/foury333/Desktop/cv-road-damage-inspection-system-main/Pothole Mix/pothole_mix_prepared/train/images/cracks-and-potholes-in-road__917224_RS_290_290RS294095_19570.jpg,/Users/foury333/Desktop/cv-road-damage-inspection-system-main/Pothole Mix/pothole_mix_prepared/train/masks/cracks-and-potholes-in-road__917224_RS_290_290RS294095_19570.png,1024,640,91.66511535644531,14743734968479069025,d41c36bcac67939ce5df4b1477f986d410e41443,1024,640,0.0,0,False,cracks-and-potholes-in-road,True,True,2788,True
train/cracks-and-potholes-in-road__917225_RS_290_290RS294095_19575,train,/Users/foury333/Desktop/cv-road-damage-inspection-system-main/Pothole Mix/pothole_mix_prepared/train/images/cracks-and-potholes-in-road__917225_RS_290_290RS294095_19575.jpg,/Users/foury333/Desktop/cv-road-damage-inspection-system-main/Pothole Mix/pothole_mix_prepared/train/masks/cracks-and-potholes-in-road__917225_RS_290_290RS294095_19575.png,1024,640,92.81473541259766,17011243777520776033,a5164269d54dce81dfe6364acbb4e587c693c78a,1024,640,0.0,0,False,cracks-and-potholes-in-road,True,True,2788,True
train/cracks-and-potholes-in-road__917226_RS_290_290RS294095_19580,train,/Users/foury333/Desktop/cv-road-damage-inspection-system-main/Pothole Mix/pothole_mix_prepared/train/images/cracks-and-potholes-in-road__917226_RS_290_290RS294095_19580.jpg,/Users/foury333/Desktop/cv-road-damage-inspection-system-main/Pothole Mix/pothole_mix_prepared/train/masks/cracks-and-potholes-in-road__917226_RS_290_290RS294095_19580.png,1024,640,91.12883758544922,14421674130295436641,f77530eb82543dda8bf96641badf8d4811a7f8e7,1024,640,0.0,0,False,cracks-and-potholes-in-road,True,True,2788,True
train/cracks-and-potholes-in-road__917227_RS_290_290RS294095_19585,train,/Users/foury333/Desktop/cv-road-damage-inspection-system-main/Pothole Mix/pothole_mix_prepared/train/images/cracks-and-potholes-in-road__917227_RS_290_290RS294095_19585.jpg,/Users/foury333/Desktop/cv-road-damage-inspection-system-main/Pothole Mix/pothole_mix_prepared/train/masks/cracks-and-potholes-in-road__917227_RS_290_290RS294095_19585.png,1024,640,91.8632583618164,14448748641519923553,1c81f741e98ea3f4a0507e511ad18dfacc17983b,1024,640,0.0,0,False,cracks-and-potholes-in-road,True,True,2788,True
train/cracks-and-potholes-in-road__917229_RS_290_290RS294095_19595,train,/Users/foury333/Desktop/cv-road-damage-inspection-system-main/Pothole Mix/pothole_mix_prepared/train/images/cracks-and-potholes-in-road__917229_RS_290_290RS294095_19595.jpg,/Users/foury333/Desktop/cv-road-damage-inspection-system-main/Pothole Mix/pothole_mix_prepared/train/masks/cracks-and-potholes-in-road__917229_RS_290_290RS294095_19595.png,1024,640,90.85641479492188,14736925965690286449,1c4373f726da51a79a8a775d0ac91e2fed7dd07e,1024,640,0.0,0,False,cracks-and-potholes-in-road,True,True,2788,True
train/cracks-and-potholes-in-road__917230_RS_290_290RS294095_19600,train,/Users/foury333/Desktop/cv-road-damage-inspection-system-main/Pothole Mix/pothole_mix_prepared/train/images/cracks-and-potholes-in-road__917230_RS_290_290RS294095_19600.jpg,/Users/foury333/Desktop/cv-road-damage-inspection-system-main/Pothole Mix/pothole_mix_prepared/train/masks/cracks-and-potholes-in-road__917230_RS_290_290RS294095_19600.png,1024,640,91.01969909667969,14415288303126520161,12f013c04765248268ce13206ef366e2fe6a4c6c,1024,640,0.0,0,False,cracks-and-potholes-in-road,True,True,2788,True
train/cracks-and-potholes-in-road__917231_RS_290_290RS294095_19605,train,/Users/foury333/Desktop/cv-road-damage-inspection-system-main/Pothole Mix/pothole_mix_prepared/train/images/cracks-and-potholes-in-road__917231_RS_290_290RS294095_19605.jpg,/Users/foury333/Desktop/cv-road-damage-inspection-system-main/Pothole Mix/pothole_mix_prepared/train/masks/cracks-and-potholes-in-road__917231_RS_290_290RS294095_19605.png,1024,640,92.14195251464844,14451299510106923873,416f7de6410d04498a9f088a655ca6b5cd0db0ba,1024,640,0.0,0,False,cracks-and-potholes-in-road,True,True,2788,True
train/cracks-and-potholes-in-road__917232_RS_290_290RS294095_19613,train,/Users/foury333/Desktop/cv-road-damage-inspection-system-main/Pothole Mix/pothole_mix_prepared/train/images/cracks-and-potholes-in-road__917232_RS_290_290RS294095_19613.jpg,/Users/foury333/Desktop/cv-road-damage-inspection-system-main/Pothole Mix/pothole_mix_prepared/train/masks/cracks-and-potholes-in-road__917232_RS_290_290RS294095_19613.png,1024,640,91.61707305908203,14460253656306639713,b46decddbf5a7ca0841918173249c20b90752772,1024,640,0.0,0,False,cracks-and-potholes-in-road,True,True,2788,True
train/cracks-and-potholes-in-road__917233_RS_290_290RS294095_19615,train,/Users/foury333/Desktop/cv-road-damage-inspection-system-main/Pothole Mix/pothole_mix_prepared/train/images/cracks-and-potholes-in-road__917233_RS_290_290RS294095_19615.jpg,/Users/foury333/Desktop/cv-road-damage-inspection-system-main/Pothole Mix/pothole_mix_prepared/train/masks/cracks-and-potholes-in-road__917233_RS_290_290RS294095_19615.png,1024,640,91.61707305908203,14460253656306639713,b46decddbf5a7ca0841918173249c20b90752772,1024,640,0.0,0,False,cracks-and-potholes-in-road,True,True,2788,True
train/cracks-and-potholes-in-road__917234_RS_290_290RS294095_19620,train,/Users/foury333/Desktop/cv-road-damage-inspection-system-main/Pothole Mix/pothole_mix_prepared/train/images/cracks-and-potholes-in-road__917234_RS_290_290RS294095_19620.jpg,/Users/foury333/Desktop/cv-road-damage-inspection-system-main/Pothole Mix/pothole_mix_prepared/train/masks/cracks-and-potholes-in-road__917234_RS_290_290RS294095_19620.png,1024,640,92.4775161743164,14451000990552503137,5b99a7ca4fd9445f2bc4c41251f389a4eec7e35d,1024,640,0.0,0,False,cracks-and-potholes-in-road,True,True,2788,True
train/cracks-and-potholes-in-road__917235_RS_290_290RS294095_19625,train,/Users/foury333/Desktop/cv-road-damage-inspection-system-main/Pothole Mix/pothole_mix_prepared/train/images/cracks-and-potholes-in-road__917235_RS_290_290RS294095_19625.jpg,/Users/foury333/Desktop/cv-road-damage-inspection-system-main/Pothole Mix/pothole_mix_prepared/train/masks/cracks-and-potholes-in-road__917235_RS_290_290RS294095_19625.png,1024,640,94.07136535644531,17042768977058800481,18e072c75da87c29d540239f03045d40b6cff9bd,1024,640,0.0,0,False,cracks-and-potholes-in-road,True,True,2788,True
train/cracks-and-potholes-in-road__917236_RS_290_290RS294095_19630,train,/Users/foury333/Desktop/cv-road-damage-inspection-system-main/Pothole Mix/pothole_mix_prepared/train/images/cracks-and-potholes-in-road__917236_RS_290_290RS294095_19630.jpg,/Users/foury333/Desktop/cv-road-damage-inspection-system-main/Pothole Mix/pothole_mix_prepared/train/masks/cracks-and-potholes-in-road__917236_RS_290_290RS294095_19630.png,1024,640,92.0553970336914,14712138576089539425,3cab21cea62d0f1f9a979c400440e377400d791d,1024,640,0.0,0,False,cracks-and-potholes-in-road,True,True,2788,True
train/cracks-and-potholes-in-road__917237_RS_290_290RS294095_19635,train,/Users/foury333/Desktop/cv-road-damage-inspection-system-main/Pothole Mix/pothole_mix_prepared/train/images/cracks-and-potholes-in-road__917237_RS_290_290RS294095_19635.jpg,/Users/foury333/Desktop/cv-road-damage-inspection-system-main/Pothole Mix/pothole_mix_prepared/train/masks/cracks-and-potholes-in-road__917237_RS_290_290RS294095_19635.png,1024,640,92.47992706298828,14739231367232643937,f608fbe2506e78b893532c892a3b967aad5daf1e,1024,640,0.0,0,False,cracks-and-potholes-in-road,True,True,2788,True
train/cracks-and-potholes-in-road__917238_RS_290_290RS294095_19640,train,/Users/foury333/Desktop/cv-road-damage-inspection-system-main/Pothole Mix/pothole_mix_prepared/train/images/cracks-and-potholes-in-road__917238_RS_290_290RS294095_19640.jpg,/Users/foury333/Desktop/cv-road-damage-inspection-system-main/Pothole Mix/pothole_mix_prepared/train/masks/cracks-and-potholes-in-road__917238_RS_290_290RS294095_19640.png,1024,640,93.5093765258789,17042768975448187745,476038a0281e0fcb2129b8939171d5c7cf85d778,1024,640,0.0,0,False,cracks-and-potholes-in-road,True,True,2788,True
train/cracks-and-potholes-in-road__917239_RS_290_290RS294095_19646,train,/Users/foury333/Desktop/cv-road-damage-inspection-system-main/Pothole Mix/pothole_mix_prepared/train/images/cracks-and-potholes-in-road__917239_RS_290_290RS294095_19646.jpg,/Users/foury333/Desktop/cv-road-damage-inspection-system-main/Pothole Mix/pothole_mix_prepared/train/masks/cracks-and-potholes-in-road__917239_RS_290_290RS294095_19646.png,1024,640,92.24986267089844,7819397076023976801,808f309e6ca5416e65f18a44becd485f0b7cf01e,1024,640,0.0,0,False,cracks-and-potholes-in-road,True,True,2788,True
train/cracks-and-potholes-in-road__917240_RS_290_290RS294095_19650,train,/Users/foury333/Desktop/cv-road-damage-inspection-system-main/Pothole Mix/pothole_mix_prepared/train/images/cracks-and-potholes-in-road__917240_RS_290_290RS294095_19650.jpg,/Users/foury333/Desktop/cv-road-damage-inspection-system-main/Pothole Mix/pothole_mix_prepared/train/masks/cracks-and-potholes-in-road__917240_RS_290_290RS294095_19650.png,1024,640,93.04150390625,14451282466057692005,ea79ca4e005c0b19426ace29e70a40393f15a915,1024,640,0.0,0,False,cracks-and-potholes-in-road,True,True,2788,True
train/cracks-and-potholes-in-road__917241_RS_290_290RS294095_19655,train,/Users/foury333/Desktop/cv-road-damage-inspection-system-main/Pothole Mix/pothole_mix_prepared/train/images/cracks-and-potholes-in-road__917241_RS_290_290RS294095_19655.jpg,/Users/foury333/Desktop/cv-road-damage-inspection-system-main/Pothole Mix/pothole_mix_prepared/train/masks/cracks-and-potholes-in-road__917241_RS_290_290RS294095_19655.png,1024,640,94.13956451416016,14739460067270275937,423d9a6a6ae0a1d6cac7fb56bbe1673ceabfdf97,1024,640,0.0,0,False,cracks-and-potholes-in-road,True,True,2788,True
train/cracks-and-potholes-in-road__917242_RS_290_290RS294095_19660,train,/Users/foury333/Desktop/cv-road-damage-inspection-system-main/Pothole Mix/pothole_mix_prepared/train/images/cracks-and-potholes-in-road__917242_RS_290_290RS294095_19660.jpg,/Users/foury333/Desktop/cv-road-damage-inspection-system-main/Pothole Mix/pothole_mix_prepared/train/masks/cracks-and-potholes-in-road__917242_RS_290_290RS294095_19660.png,1024,640,93.77193450927734,14451228864336307045,91e952cfa97435c80c65060dd7c664d4fcce8478,1024,640,0.0,0,False,cracks-and-potholes-in-road,True,True,2788,True
train/cracks-and-potholes-in-road__917243_RS_290_290RS294095_19665,train,/Users/foury333/Desktop/cv-road-damage-inspection-system-main/Pothole Mix/pothole_mix_prepared/train/images/cracks-and-potholes-in-road__917243_RS_290_290RS294095_19665.jpg,/Users/foury333/Desktop/cv-road-damage-inspection-system-main/Pothole Mix/pothole_mix_prepared/train/masks/cracks-and-potholes-in-road__917243_RS_290_290RS294095_19665.png,1024,640,93.12391662597656,14460324024513930081,286cc8d5d2c809b61001b60261cefee0317e0abb,1024,640,0.0,0,False,cracks-and-potholes-in-road,True,True,2788,True
train/cracks-and-potholes-in-road__917244_RS_290_290RS294095_19670,train,/Users/foury333/Desktop/cv-road-damage-inspection-system-main/Pothole Mix/pothole_mix_prepared/train/images/cracks-and-potholes-in-road__917244_RS_290_290RS294095_19670.jpg,/Users/foury333/Desktop/cv-road-damage-inspection-system-main/Pothole Mix/pothole_mix_prepared/train/masks/cracks-and-potholes-in-road__917244_RS_290_290RS294095_19670.png,1024,640,94.23248291015625,14739529886258639713,5f25bfb153b3ba4c194985b8adf7dd66faf2e628,1024,640,0.0,0,False,cracks-and-potholes-in-road,True,True,2788,True
train/cracks-and-potholes-in-road__917245_RS_290_290RS294095_19675,train,/Users/foury333/Desktop/cv-road-damage-inspection-system-main/Pothole Mix/pothole_mix_prepared/train/images/cracks-and-potholes-in-road__917245_RS_290_290RS294095_19675.jpg,/Users/foury333/Desktop/cv-road-damage-inspection-system-main/Pothole Mix/pothole_mix_prepared/train/masks/cracks-and-potholes-in-road__917245_RS_290_290RS294095_19675.png,1024,640,94.75303649902344,14703430446153409377,e973883bbde9b9258d9982a55f774ee862e0c72d,1024,640,0.0,0,False,cracks-and-potholes-in-road,True,True,2788,True
train/cracks-and-potholes-in-road__917247_RS_290_290RS294095_19685,train,/Users/foury333/Desktop/cv-road-damage-inspection-system-main/Pothole Mix/pothole_mix_prepared/train/images/cracks-and-potholes-in-road__917247_RS_290_290RS294095_19685.jpg,/Users/foury333/Desktop/cv-road-damage-inspection-system-main/Pothole Mix/pothole_mix_prepared/train/masks/cracks-and-potholes-in-road__917247_RS_290_290RS294095_19685.png,1024,640,90.36135864257812,14703484044653572897,7eb5db48815e1083b828af0e5ef61dca2f1bb152,1024,640,0.0,0,False,cracks-and-potholes-in-road,True,True,2788,True
train/cracks-and-potholes-in-road__917248_RS_290_290RS294095_19690,train,/Users/foury333/Desktop/cv-road-damage-inspection-system-main/Pothole Mix/pothole_mix_prepared/train/images/cracks-and-potholes-in-road__917248_RS_290_290RS294095_19690.jpg,/Users/foury333/Desktop/cv-road-damage-inspection-system-main/Pothole Mix/pothole_mix_prepared/train/masks/cracks-and-potholes-in-road__917248_RS_290_290RS294095_19690.png,1024,640,90.05582427978516,14703430445617591153,4706541893283071144031713f114dcbe57e3cbe,1024,640,0.0,0,False,cracks-and-potholes-in-road,True,True,2788,True
train/cracks-and-potholes-in-road__917249_RS_290_290RS294095_19695,train,/Users/foury333/Desktop/cv-road-damage-inspection-system-main/Pothole Mix/pothole_mix_prepared/train/images/cracks-and-potholes-in-road__917249_RS_290_290RS294095_19695.jpg,/Users/foury333/Desktop/cv-road-damage-inspection-system-main/Pothole Mix/pothole_mix_prepared/train/masks/cracks-and-potholes-in-road__917249_RS_290_290RS294095_19695.png,1024,640,88.53316497802734,14710396949680566641,336c91791ba408d00d682cabb5b59a297ae80e8f,1024,640,0.0,0,False,cracks-and-potholes-in-road,True,True,2788,True
train/cracks-and-potholes-in-road__917250_RS_290_290RS294095_19700,train,/Users/foury333/Desktop/cv-road-damage-inspection-system-main/Pothole Mix/pothole_mix_prepared/train/images/cracks-and-potholes-in-road__917250_RS_290_290RS294095_19700.jpg,/Users/foury333/Desktop/cv-road-damage-inspection-system-main/Pothole Mix/pothole_mix_prepared/train/masks/cracks-and-potholes-in-road__917250_RS_290_290RS294095_19700.png,1024,640,90.38382720947266,14703624507800891761,56f21342611ea0543e5f2432fcee403147aa6baf,1024,640,0.0,0,False,cracks-and-potholes-in-road,True,True,2788,True
train/cracks-and-potholes-in-road__917251_RS_290_290RS294095_19705,train,/Users/foury333/Desktop/cv-road-damage-inspection-system-main/Pothole Mix/pothole_mix_prepared/train/images/cracks-and-potholes-in-road__917251_RS_290_290RS294095_19705.jpg,/Users/foury333/Desktop/cv-road-damage-inspection-system-main/Pothole Mix/pothole_mix_prepared/train/masks/cracks-and-potholes-in-road__917251_RS_290_290RS294095_19705.png,1024,640,92.69400024414062,14703501089239675249,78f6800da3d2a2a1aaa7243a16d47fb1da4bb099,1024,640,0.0,0,False,cracks-and-potholes-in-road,True,True,2788,True
train/cracks-and-potholes-in-road__917252_RS_290_290RS294095_19710,train,/Users/foury333/Desktop/cv-road-damage-inspection-system-main/Pothole Mix/pothole_mix_prepared/train/images/cracks-and-potholes-in-road__917252_RS_290_290RS294095_19710.jpg,/Users/foury333/Desktop/cv-road-damage-inspection-system-main/Pothole Mix/pothole_mix_prepared/train/masks/cracks-and-potholes-in-road__917252_RS_290_290RS294095_19710.png,1024,640,90.47500610351562,14703219869805130097,ea185021151b178da553d4604b48cfc757cee02d,1024,640,0.0,0,False,cracks-and-potholes-in-road,True,True,2788,True
train/cracks-and-potholes-in-road__917253_RS_290_290RS294095_19715,train,/Users/foury333/Desktop/cv-road-damage-inspection-system-main/Pothole Mix/pothole_mix_prepared/train/images/cracks-and-potholes-in-road__917253_RS_290_290RS294095_19715.jpg,/Users/foury333/Desktop/cv-road-damage-inspection-system-main/Pothole Mix/pothole_mix_prepared/train/masks/cracks-and-potholes-in-road__917253_RS_290_290RS294095_19715.png,1024,640,89.904541015625,14709966490333032753,7c7362f5829437ad3b4e57d4680c5c3829d6d560,1024,640,0.0,0,False,cracks-and-potholes-in-road,True,True,2788,True
train/cracks-and-potholes-in-road__917254_RS_290_290RS294095_19721,train,/Users/foury333/Desktop/cv-road-damage-inspection-system-main/Pothole Mix/pothole_mix_prepared/train/images/cracks-and-potholes-in-road__917254_RS_290_290RS294095_19721.jpg,/Users/foury333/Desktop/cv-road-damage-inspection-system-main/Pothole Mix/pothole_mix_prepared/train/masks/cracks-and-potholes-in-road__917254_RS_290_290RS294095_19721.png,1024,640,92.9495620727539,14703149245518786865,1c6f8e1d056f546b90fa8bb1c9efac0c6e835990,1024,640,0.0,0,False,cracks-and-potholes-in-road,True,True,2788,True
train/cracks-and-potholes-in-road__917255_RS_290_290RS294095_19725,train,/Users/foury333/Desktop/cv-road-damage-inspection-system-main/Pothole Mix/pothole_mix_prepared/train/images/cracks-and-potholes-in-road__917255_RS_290_290RS294095_19725.jpg,/Users/foury333/Desktop/cv-road-damage-inspection-system-main/Pothole Mix/pothole_mix_prepared/train/masks/cracks-and-potholes-in-road__917255_RS_290_290RS294095_19725.png,1024,640,92.77714538574219,10098289250818798961,1f70f54de611fdc8f8601f6ea696123c1a44402e,1024,640,0.0,0,False,cracks-and-potholes-in-road,True,True,2788,True
train/cracks-and-potholes-in-road__917256_RS_290_290RS294095_19730,train,/Users/foury333/Desktop/cv-road-damage-inspection-system-main/Pothole Mix/pothole_mix_prepared/train/images/cracks-and-potholes-in-road__917256_RS_290_290RS294095_19730.jpg,/Users/foury333/Desktop/cv-road-damage-inspection-system-main/Pothole Mix/pothole_mix_prepared/train/masks/cracks-and-potholes-in-road__917256_RS_290_290RS294095_19730.png,1024,640,93.20346069335938,10100840134975107377,e31aa44e7d1789daeb7d435fa04a365f5765d20f,1024,640,0.0,0,False,cracks-and-potholes-in-road,True,True,2788,True
train/cracks-and-potholes-in-road__917268_RS_290_290RS294095_19790,train,/Users/foury333/Desktop/cv-road-damage-inspection-system-main/Pothole Mix/pothole_mix_prepared/train/images/cracks-and-potholes-in-road__917268_RS_290_290RS294095_19790.jpg,/Users/foury333/Desktop/cv-road-damage-inspection-system-main/Pothole Mix/pothole_mix_prepared/train/masks/cracks-and-potholes-in-road__917268_RS_290_290RS294095_19790.png,1024,640,94.84073638916016,14709975289118798689,702722150d748bc8485d22026f7bf08be5d69a88,1024,640,0.0,0,False,cracks-and-potholes-in-road,True,True,2788,True
train/cracks-and-potholes-in-road__917269_RS_290_290RS294095_19795,train,/Users/foury333/Desktop/cv-road-damage-inspection-system-main/Pothole Mix/pothole_mix_prepared/train/images/cracks-and-potholes-in-road__917269_RS_290_290RS294095_19795.jpg,/Users/foury333/Desktop/cv-road-damage-inspection-system-main/Pothole Mix/pothole_mix_prepared/train/masks/cracks-and-potholes-in-road__917269_RS_290_290RS294095_19795.png,1024,640,93.33565521240234,10098271678505379685,3495ab948089278725d36bf35e447852cdb641d8,1024,640,0.0,0,False,cracks-and-potholes-in-road,True,True,2788,True
train/cracks-and-potholes-in-road__917272_RS_290_290RS294095_19810,train,/Users/foury333/Desktop/cv-road-damage-inspection-system-main/Pothole Mix/pothole_mix_prepared/train/images/cracks-and-potholes-in-road__917272_RS_290_290RS294095_19810.jpg,/Users/foury333/Desktop/cv-road-damage-inspection-system-main/Pothole Mix/pothole_mix_prepared/train/masks/cracks-and-potholes-in-road__917272_RS_290_290RS294095_19810.png,1024,640,94.44131469726562,14709975286962943333,1410309be8efc853b4426b4e18d3d454a6bf0bbe,1024,640,0.0,0,False,cracks-and-potholes-in-road,True,True,2788,True
train/cracks-and-potholes-in-road__917273_RS_290_290RS294095_19816,train,/Users/foury333/Desktop/cv-road-damage-inspection-system-main/Pothole Mix/pothole_mix_prepared/train/images/cracks-and-potholes-in-road__917273_RS_290_290RS294095_19816.jpg,/Users/foury333/Desktop/cv-road-damage-inspection-system-main/Pothole Mix/pothole_mix_prepared/train/masks/cracks-and-potholes-in-road__917273_RS_290_290RS294095_19816.png,1024,640,95.30412292480469,15858410990822712673,b7fa72958e65706f89c45c54eb9bb8592c449468,1024,640,0.0,0,False,cracks-and-potholes-in-road,True,True,2788,True
train/cracks-and-potholes-in-road__917290_RS_290_290RS294095_19900,train,/Users/foury333/Desktop/cv-road-damage-inspection-system-main/Pothole Mix/pothole_mix_prepared/train/images/cracks-and-potholes-in-road__917290_RS_290_290RS294095_19900.jpg,/Users/foury333/Desktop/cv-road-damage-inspection-system-main/Pothole Mix/pothole_mix_prepared/train/masks/cracks-and-potholes-in-road__917290_RS_290_290RS294095_19900.png,1024,640,95.67597198486328,15862914660251628389,d31bbfc3de7c15e3f502881faadca38ada02f4b1,1024,640,0.0,0,False,cracks-and-potholes-in-road,True,True,2788,True
train/cracks-and-potholes-in-road__917292_RS_290_290RS294095_19910,train,/Users/foury333/Desktop/cv-road-damage-inspection-system-main/Pothole Mix/pothole_mix_prepared/train/images/cracks-and-potholes-in-road__917292_RS_290_290RS294095_19910.jpg,/Users/foury333/Desktop/cv-road-damage-inspection-system-main/Pothole Mix/pothole_mix_prepared/train/masks/cracks-and-potholes-in-road__917292_RS_290_290RS294095_19910.png,1024,640,91.1773452758789,15934971635815359333,abd1e48ecd0a566aa7b3216b013ec922a22fe620,1024,640,0.0,0,False,cracks-and-potholes-in-road,True,True,2788,True
train/cracks-and-potholes-in-road__917293_RS_290_290RS294095_19915,train,/Users/foury333/Desktop/cv-road-damage-inspection-system-main/Pothole Mix/pothole_mix_prepared/train/images/cracks-and-potholes-in-road__917293_RS_290_290RS294095_19915.jpg,/Users/foury333/Desktop/cv-road-damage-inspection-system-main/Pothole Mix/pothole_mix_prepared/train/masks/cracks-and-potholes-in-road__917293_RS_290_290RS294095_19915.png,1024,640,91.06856536865234,15934971636889101157,e752597522ab70ebc8fe574dff146ae103c2e45d,1024,640,0.0,0,False,cracks-and-potholes-in-road,True,True,2788,True
train/cracks-and-potholes-in-road__917294_RS_290_290RS294095_19920,train,/Users/foury333/Desktop/cv-road-damage-inspection-system-main/Pothole Mix/pothole_mix_prepared/train/images/cracks-and-potholes-in-road__917294_RS_290_290RS294095_19920.jpg,/Users/foury333/Desktop/cv-road-damage-inspection-system-main/Pothole Mix/pothole_mix_prepared/train/masks/cracks-and-potholes-in-road__917294_RS_290_290RS294095_19920.png,1024,640,92.42329406738281,15072532925648085829,adced3bc125036954128400df0df7431b2e5da8d,1024,640,0.0,0,False,cracks-and-potholes-in-road,True,True,2788,True
train/cracks-and-potholes-in-road__917297_RS_290_290RS294095_19935,train,/Users/foury333/Desktop/cv-road-damage-inspection-system-main/Pothole Mix/pothole_mix_prepared/train/images/cracks-and-potholes-in-road__917297_RS_290_290RS294095_19935.jpg,/Users/foury333/Desktop/cv-road-damage-inspection-system-main/Pothole Mix/pothole_mix_prepared/train/masks/cracks-and-potholes-in-road__917297_RS_290_290RS294095_19935.png,1024,640,93.19026947021484,15070281125834924901,03b52d39f8c75b472eac37e673a8a5bfaea135ab,1024,640,0.0,0,False,cracks-and-potholes-in-road,True,True,2788,True
train/cracks-and-potholes-in-road__917306_RS_290_290RS294095_19980,train,/Users/foury333/Desktop/cv-road-damage-inspection-system-main/Pothole Mix/pothole_mix_prepared/train/images/cracks-and-potholes-in-road__917306_RS_290_290RS294095_19980.jpg,/Users/foury333/Desktop/cv-road-damage-inspection-system-main/Pothole Mix/pothole_mix_prepared/train/masks/cracks-and-potholes-in-road__917306_RS_290_290RS294095_19980.png,1024,640,90.65431213378906,10386536894893794149,d03903d69cd5c58746431b4b4019a0b6f87949db,1024,640,0.0,0,False,cracks-and-potholes-in-road,True,True,2788,True
train/cracks-and-potholes-in-road__917307_RS_290_290RS294095_19987,train,/Users/foury333/Desktop/cv-road-damage-inspection-system-main/Pothole Mix/pothole_mix_prepared/train/images/cracks-and-potholes-in-road__917307_RS_290_290RS294095_19987.jpg,/Users/foury333/Desktop/cv-road-damage-inspection-system-main/Pothole Mix/pothole_mix_prepared/train/masks/cracks-and-potholes-in-road__917307_RS_290_290RS294095_19987.png,1024,640,92.60136413574219,10494904762001205093,74bd77b9ad5468cd2d41843a4ff23fb5197d8eca,1024,640,0.0,0,False,cracks-and-potholes-in-road,True,True,2788,True
train/cracks-and-potholes-in-road__917308_RS_290_290RS294095_19990,train,/Users/foury333/Desktop/cv-road-damage-inspection-system-main/Pothole Mix/pothole_mix_prepared/train/images/cracks-and-potholes-in-road__917308_RS_290_290RS294095_19990.jpg,/Users/foury333/Desktop/cv-road-damage-inspection-system-main/Pothole Mix/pothole_mix_prepared/train/masks/cracks-and-potholes-in-road__917308_RS_290_290RS294095_19990.png,1024,640,88.82453918457031,10386818370943264101,29e42dc9b6841d59332e6fd97b573e5c2ebe6183,1024,640,0.0,0,False,cracks-and-potholes-in-road,True,True,2788,True
train/cracks-and-potholes-in-road__917311_RS_290_290RS294095_20005,train,/Users/foury333/Desktop/cv-road-damage-inspection-system-main/Pothole Mix/pothole_mix_prepared/train/images/cracks-and-potholes-in-road__917311_RS_290_290RS294095_20005.jpg,/Users/foury333/Desktop/cv-road-damage-inspection-system-main/Pothole Mix/pothole_mix_prepared/train/masks/cracks-and-potholes-in-road__917311_RS_290_290RS294095_20005.png,1024,640,90.042236328125,10386818988346319717,175cec2ac77e86aea57e8c6cb660a1b08db44555,1024,640,0.23681640624999997,1,False,cracks-and-potholes-in-road,True,False,2788,True
train/cracks-and-potholes-in-road__917312_RS_290_290RS294095_20010,train,/Users/foury333/Desktop/cv-road-damage-inspection-system-main/Pothole Mix/pothole_mix_prepared/train/images/cracks-and-potholes-in-road__917312_RS_290_290RS294095_20010.jpg,/Users/foury333/Desktop/cv-road-damage-inspection-system-main/Pothole Mix/pothole_mix_prepared/train/masks/cracks-and-potholes-in-road__917312_RS_290_290RS294095_20010.png,1024,640,90.48346710205078,10458849575629890421,4e50db3534b39a126f835f4f7aed8c2776816c8a,1024,640,0.657958984375,1,False,cracks-and-potholes-in-road,True,False,2788,True
train/cracks-and-potholes-in-road__917320_RS_290_290RS294095_20050,train,/Users/foury333/Desktop/cv-road-damage-inspection-system-main/Pothole Mix/pothole_mix_prepared/train/images/cracks-and-potholes-in-road__917320_RS_290_290RS294095_20050.jpg,/Users/foury333/Desktop/cv-road-damage-inspection-system-main/Pothole Mix/pothole_mix_prepared/train/masks/cracks-and-potholes-in-road__917320_RS_290_290RS294095_20050.png,1024,640,91.60164642333984,10965258303301624675,261b633fb8b6e9b697aa13599650ba0672c2d3de,1024,640,0.0,0,False,cracks-and-potholes-in-road,True,True,2788,True
train/cracks-and-potholes-in-road__917324_RS_290_290RS294095_20070,train,/Users/foury333/Desktop/cv-road-damage-inspection-system-main/Pothole Mix/pothole_mix_prepared/train/images/cracks-and-potholes-in-road__917324_RS_290_290RS294095_20070.jpg,/Users/foury333/Desktop/cv-road-damage-inspection-system-main/Pothole Mix/pothole_mix_prepared/train/masks/cracks-and-potholes-in-road__917324_RS_290_290RS294095_20070.png,1024,640,90.7524185180664,11251228023349453649,5617d315f958fbf9772fb875ecd98767a0c7c92f,1024,640,0.0,0,False,cracks-and-potholes-in-road,True,True,2788,True
train/cracks-and-potholes-in-road__917325_RS_290_290RS294095_20075,train,/Users/foury333/Desktop/cv-road-damage-inspection-system-main/Pothole Mix/pothole_mix_prepared/train/images/cracks-and-potholes-in-road__917325_RS_290_290RS294095_20075.jpg,/Users/foury333/Desktop/cv-road-damage-inspection-system-main/Pothole Mix/pothole_mix_prepared/train/masks/cracks-and-potholes-in-road__917325_RS_290_290RS294095_20075.png,1024,640,90.21632385253906,11251236888162546545,5fbf81df47eacaac385ee3ed6915123ae5a1da7d,1024,640,0.0,0,False,cracks-and-potholes-in-road,True,True,2788,True
train/cracks-and-potholes-in-road__917327_RS_290_290RS294095_20085,train,/Users/foury333/Desktop/cv-road-damage-inspection-system-main/Pothole Mix/pothole_mix_prepared/train/images/cracks-and-potholes-in-road__917327_RS_290_290RS294095_20085.jpg,/Users/foury333/Desktop/cv-road-damage-inspection-system-main/Pothole Mix/pothole_mix_prepared/train/masks/cracks-and-potholes-in-road__917327_RS_290_290RS294095_20085.png,1024,640,91.83809661865234,10674767271046099797,ae7cdb1c5dd169ae17ab891553b583338ac1d7a1,1024,640,0.0,0,False,cracks-and-potholes-in-road,True,True,2788,True
train/cracks-and-potholes-in-road__917336_RS_290_290RS294095_20131,train,/Users/foury333/Desktop/cv-road-damage-inspection-system-main/Pothole Mix/pothole_mix_prepared/train/images/cracks-and-potholes-in-road__917336_RS_290_290RS294095_20131.jpg,/Users/foury333/Desktop/cv-road-damage-inspection-system-main/Pothole Mix/pothole_mix_prepared/train/masks/cracks-and-potholes-in-road__917336_RS_290_290RS294095_20131.png,1024,640,89.52424621582031,11251228024421687665,26d2e2ed2fe805cc013ede3dcbc227004c281350,1024,640,0.0,0,False,cracks-and-potholes-in-road,True,True,2788,True
train/cracks-and-potholes-in-road__917337_RS_290_290RS294095_20135,train,/Users/foury333/Desktop/cv-road-damage-inspection-system-main/Pothole Mix/pothole_mix_prepared/train/images/cracks-and-potholes-in-road__917337_RS_290_290RS294095_20135.jpg,/Users/foury333/Desktop/cv-road-damage-inspection-system-main/Pothole Mix/pothole_mix_prepared/train/masks/cracks-and-potholes-in-road__917337_RS_290_290RS294095_20135.png,1024,640,91.11421203613281,11255731622976364833,c0d8a87d8fd5a21cc077418dfcb589581a080c69,1024,640,0.0,0,False,cracks-and-potholes-in-road,True,True,2788,True
train/cracks-and-potholes-in-road__917338_RS_290_290RS294095_20140,train,/Users/foury333/Desktop/cv-road-damage-inspection-system-main/Pothole Mix/pothole_mix_prepared/train/images/cracks-and-potholes-in-road__917338_RS_290_290RS294095_20140.jpg,/Users/foury333/Desktop/cv-road-damage-inspection-system-main/Pothole Mix/pothole_mix_prepared/train/masks/cracks-and-potholes-in-road__917338_RS_290_290RS294095_20140.png,1024,640,90.6904525756836,10679270871744586049,e3f9b8cceae3dae4742a5117261ab67a17f8f64f,1024,640,0.0,0,False,cracks-and-potholes-in-road,True,True,2788,True
train/cracks-and-potholes-in-road__917364_RS_290_290RS294095_20270,train,/Users/foury333/Desktop/cv-road-damage-inspection-system-main/Pothole Mix/pothole_mix_prepared/train/images/cracks-and-potholes-in-road__917364_RS_290_290RS294095_20270.jpg,/Users/foury333/Desktop/cv-road-damage-inspection-system-main/Pothole Mix/pothole_mix_prepared/train/masks/cracks-and-potholes-in-road__917364_RS_290_290RS294095_20270.png,1024,640,88.7514877319336,15070421244847465313,777af571307ffee377060ca4de475f570272200c,1024,640,0.0,0,False,cracks-and-potholes-in-road,True,True,2788,True
train/cracks-and-potholes-in-road__917375_RS_290_290RS294095_20325,train,/Users/foury333/Desktop/cv-road-damage-inspection-system-main/Pothole Mix/pothole_mix_prepared/train/images/cracks-and-potholes-in-road__917375_RS_290_290RS294095_20325.jpg,/Users/foury333/Desktop/cv-road-damage-inspection-system-main/Pothole Mix/pothole_mix_prepared/train/masks/cracks-and-potholes-in-road__917375_RS_290_290RS294095_20325.png,1024,640,89.90835571289062,15070562533164396849,82a94aa9235e587e251460ea49b3bb2bc7c662db,1024,640,0.0,0,False,cracks-and-potholes-in-road,True,True,2788,True
train/cracks-and-potholes-in-road__917379_RS_290_290RS294095_20345,train,/Users/foury333/Desktop/cv-road-damage-inspection-system-main/Pothole Mix/pothole_mix_prepared/train/images/cracks-and-potholes-in-road__917379_RS_290_290RS294095_20345.jpg,/Users/foury333/Desktop/cv-road-damage-inspection-system-main/Pothole Mix/pothole_mix_prepared/train/masks/cracks-and-potholes-in-road__917379_RS_290_290RS294095_20345.png,1024,640,89.01023864746094,15070289853341184305,95d6c78f5973c0fa27048a1100b3f47dddd4b5c5,1024,640,0.0,0,False,cracks-and-potholes-in-road,True,True,2788,True
train/cracks-and-potholes-in-road__917380_RS_290_290RS294095_20350,train,/Users/foury333/Desktop/cv-road-damage-inspection-system-main/Pothole Mix/pothole_mix_prepared/train/images/cracks-and-potholes-in-road__917380_RS_290_290RS294095_20350.jpg,/Users/foury333/Desktop/cv-road-damage-inspection-system-main/Pothole Mix/pothole_mix_prepared/train/masks/cracks-and-potholes-in-road__917380_RS_290_290RS294095_20350.png,1024,640,89.26823425292969,15358485079348425009,d2f1d2167bc3862dfff9121f727e7453fd0862ad,1024,640,0.0,0,False,cracks-and-potholes-in-road,True,True,2788,True
train/cracks-and-potholes-in-road__917381_RS_290_290RS294095_20355,train,/Users/foury333/Desktop/cv-road-damage-inspection-system-main/Pothole Mix/pothole_mix_prepared/train/images/cracks-and-potholes-in-road__917381_RS_290_290RS294095_20355.jpg,/Users/foury333/Desktop/cv-road-damage-inspection-system-main/Pothole Mix/pothole_mix_prepared/train/masks/cracks-and-potholes-in-road__917381_RS_290_290RS294095_20355.png,1024,640,88.71539306640625,15358510883644584241,af2e6ab38d0fa86c9fc66551e34be2f8498aa344,1024,640,0.0,0,False,cracks-and-potholes-in-road,True,True,2788,True
train/cracks-and-potholes-in-road__917389_RS_290_290RS294095_20395,train,/Users/foury333/Desktop/cv-road-damage-inspection-system-main/Pothole Mix/pothole_mix_prepared/train/images/cracks-and-potholes-in-road__917389_RS_290_290RS294095_20395.jpg,/Users/foury333/Desktop/cv-road-damage-inspection-system-main/Pothole Mix/pothole_mix_prepared/train/masks/cracks-and-potholes-in-road__917389_RS_290_290RS294095_20395.png,1024,640,92.03361511230469,15070289339019403569,508eab2b99b71e98fe5430f4816b71269a7dbd64,1024,640,0.0,0,False,cracks-and-potholes-in-road,True,True,2788,True
train/cracks-and-potholes-in-road__917390_RS_290_290RS294095_20400,train,/Users/foury333/Desktop/cv-road-damage-inspection-system-main/Pothole Mix/pothole_mix_prepared/train/images/cracks-and-potholes-in-road__917390_RS_290_290RS294095_20400.jpg,/Users/foury333/Desktop/cv-road-damage-inspection-system-main/Pothole Mix/pothole_mix_prepared/train/masks/cracks-and-potholes-in-road__917390_RS_290_290RS294095_20400.png,1024,640,91.72598266601562,15358519697856475441,404442a3765a3cc8504ad0eee85f4108058f9525,1024,640,0.0,0,False,cracks-and-potholes-in-road,True,True,2788,True
train/cracks-and-potholes-in-road__917391_RS_290_290RS294095_20405,train,/Users/foury333/Desktop/cv-road-damage-inspection-system-main/Pothole Mix/pothole_mix_prepared/train/images/cracks-and-potholes-in-road__917391_RS_290_290RS294095_20405.jpg,/Users/foury333/Desktop/cv-road-damage-inspection-system-main/Pothole Mix/pothole_mix_prepared/train/masks/cracks-and-potholes-in-road__917391_RS_290_290RS294095_20405.png,1024,640,93.32865905761719,15070280491252037921,8c866b803d6ee8c46bde0f79b23d5fa6e2af9808,1024,640,0.0,0,False,cracks-and-potholes-in-road,True,True,2788,True
train/cracks-and-potholes-in-road__917395_RS_290_290RS294095_20425,train,/Users/foury333/Desktop/cv-road-damage-inspection-system-main/Pothole Mix/pothole_mix_prepared/train/images/cracks-and-potholes-in-road__917395_RS_290_290RS294095_20425.jpg,/Users/foury333/Desktop/cv-road-damage-inspection-system-main/Pothole Mix/pothole_mix_prepared/train/masks/cracks-and-potholes-in-road__917395_RS_290_290RS294095_20425.png,1024,640,92.7554931640625,17376229688164365169,6d6ec6d8e29a611ef7c5364045cdb7422b97f9fe,1024,640,0.161285400390625,1,False,cracks-and-potholes-in-road,True,False,2788,True
train/cracks-and-potholes-in-road__917396_RS_290_290RS294095_20430,train,/Users/foury333/Desktop/cv-road-damage-inspection-system-main/Pothole Mix/pothole_mix_prepared/train/images/cracks-and-potholes-in-road__917396_RS_290_290RS294095_20430.jpg,/Users/foury333/Desktop/cv-road-damage-inspection-system-main/Pothole Mix/pothole_mix_prepared/train/masks/cracks-and-potholes-in-road__917396_RS_290_290RS294095_20430.png,1024,640,93.3147964477539,17376238484257383249,2ac38717881d0e0e138651c279b975ac9392611d,1024,640,0.72845458984375,1,False,cracks-and-potholes-in-road,True,False,2788,True
train/cracks-and-potholes-in-road__917397_RS_290_290RS294095_20435,train,/Users/foury333/Desktop/cv-road-damage-inspection-system-main/Pothole Mix/pothole_mix_prepared/train/images/cracks-and-potholes-in-road__917397_RS_290_290RS294095_20435.jpg,/Users/foury333/Desktop/cv-road-damage-inspection-system-main/Pothole Mix/pothole_mix_prepared/train/masks/cracks-and-potholes-in-road__917397_RS_290_290RS294095_20435.png,1024,640,93.21456146240234,15358476317615076209,63e616af117aa5ccb2ccc36a4c6f93e1aa72ee29,1024,640,0.0,0,False,cracks-and-potholes-in-road,True,True,2788,True
train/cracks-and-potholes-in-road__917398_RS_290_290RS294095_20441,train,/Users/foury333/Desktop/cv-road-damage-inspection-system-main/Pothole Mix/pothole_mix_prepared/train/images/cracks-and-potholes-in-road__917398_RS_290_290RS294095_20441.jpg,/Users/foury333/Desktop/cv-road-damage-inspection-system-main/Pothole Mix/pothole_mix_prepared/train/masks/cracks-and-potholes-in-road__917398_RS_290_290RS294095_20441.png,1024,640,92.84400177001953,17664353961445110641,a077f6a6daba04f7687a64e455b2bc09acd5f643,1024,640,0.0,0,False,cracks-and-potholes-in-road,True,True,2788,True
train/cracks-and-potholes-in-road__917399_RS_290_290RS294095_20445,train,/Users/foury333/Desktop/cv-road-damage-inspection-system-main/Pothole Mix/pothole_mix_prepared/train/images/cracks-and-potholes-in-road__917399_RS_290_290RS294095_20445.jpg,/Users/foury333/Desktop/cv-road-damage-inspection-system-main/Pothole Mix/pothole_mix_prepared/train/masks/cracks-and-potholes-in-road__917399_RS_290_290RS294095_20445.png,1024,640,93.02059936523438,15070289372172727153,ae81fde3f80edc0b957d11cb9501c37285483288,1024,640,0.0,0,False,cracks-and-potholes-in-road,True,True,2788,True
train/cracks-and-potholes-in-road__917400_RS_290_290RS294095_20451,train,/Users/foury333/Desktop/cv-road-damage-inspection-system-main/Pothole Mix/pothole_mix_prepared/train/images/cracks-and-potholes-in-road__917400_RS_290_290RS294095_20451.jpg,/Users/foury333/Desktop/cv-road-damage-inspection-system-main/Pothole Mix/pothole_mix_prepared/train/masks/cracks-and-potholes-in-road__917400_RS_290_290RS294095_20451.png,1024,640,91.72529602050781,15070394925288993649,35df485b0eada1791ca6b345e4079253a9c3a4fa,1024,640,0.0,0,False,cracks-and-potholes-in-road,True,True,2788,True
train/cracks-and-potholes-in-road__917401_RS_290_290RS294095_20455,train,/Users/foury333/Desktop/cv-road-damage-inspection-system-main/Pothole Mix/pothole_mix_prepared/train/images/cracks-and-potholes-in-road__917401_RS_290_290RS294095_20455.jpg,/Users/foury333/Desktop/cv-road-damage-inspection-system-main/Pothole Mix/pothole_mix_prepared/train/masks/cracks-and-potholes-in-road__917401_RS_290_290RS294095_20455.png,1024,640,93.10306549072266,17304074787348427633,c8f3441bcdfa88e27882383156472c950cc9e2f9,1024,640,0.0,0,False,cracks-and-potholes-in-road,True,True,2788,True
train/cracks-and-potholes-in-road__917402_RS_290_290RS294095_20460,train,/Users/foury333/Desktop/cv-road-damage-inspection-system-main/Pothole Mix/pothole_mix_prepared/train/images/cracks-and-potholes-in-road__917402_RS_290_290RS294095_20460.jpg,/Users/foury333/Desktop/cv-road-damage-inspection-system-main/Pothole Mix/pothole_mix_prepared/train/masks/cracks-and-potholes-in-road__917402_RS_290_290RS294095_20460.png,1024,640,94.47349548339844,17376132381386421105,4ff3f066e30c8c66f6d953b1faf3dab988dfbb43,1024,640,0.0,0,False,cracks-and-potholes-in-road,True,True,2788,True
train/cracks-and-potholes-in-road__917403_RS_290_290RS294095_20465,train,/Users/foury333/Desktop/cv-road-damage-inspection-system-main/Pothole Mix/pothole_mix_prepared/train/images/cracks-and-potholes-in-road__917403_RS_290_290RS294095_20465.jpg,/Users/foury333/Desktop/cv-road-damage-inspection-system-main/Pothole Mix/pothole_mix_prepared/train/masks/cracks-and-potholes-in-road__917403_RS_290_290RS294095_20465.png,1024,640,93.85856628417969,15070430040941540145,34e7c78905ab534dd1672bcce1ee3275951a1b32,1024,640,0.0,0,False,cracks-and-potholes-in-road,True,True,2788,True
train/cracks-and-potholes-in-road__917425_RS_290_290RS294095_20576,train,/Users/foury333/Desktop/cv-road-damage-inspection-system-main/Pothole Mix/pothole_mix_prepared/train/images/cracks-and-potholes-in-road__917425_RS_290_290RS294095_20576.jpg,/Users/foury333/Desktop/cv-road-damage-inspection-system-main/Pothole Mix/pothole_mix_prepared/train/masks/cracks-and-potholes-in-road__917425_RS_290_290RS294095_20576.png,1024,640,92.71009063720703,11559830769415955249,b146ae51f2c5acb909787c60b6a77f8d842eaa5d,1024,640,0.727081298828125,1,False,cracks-and-potholes-in-road,True,False,2788,True
train/cracks-and-potholes-in-road__917426_RS_290_290RS294095_20580,train,/Users/foury333/Desktop/cv-road-damage-inspection-system-main/Pothole Mix/pothole_mix_prepared/train/images/cracks-and-potholes-in-road__917426_RS_290_290RS294095_20580.jpg,/Users/foury333/Desktop/cv-road-damage-inspection-system-main/Pothole Mix/pothole_mix_prepared/train/masks/cracks-and-potholes-in-road__917426_RS_290_290RS294095_20580.png,1024,640,92.1407470703125,12136581792789046113,81a2c4a6922fbdc259003ad6de7bd79550722f41,1024,640,1.099090576171875,1,False,cracks-and-potholes-in-road,True,False,2788,True
train/cracks-and-potholes-in-road__917440_RS_290_290RS294095_20650,train,/Users/foury333/Desktop/cv-road-damage-inspection-system-main/Pothole Mix/pothole_mix_prepared/train/images/cracks-and-potholes-in-road__917440_RS_290_290RS294095_20650.jpg,/Users/foury333/Desktop/cv-road-damage-inspection-system-main/Pothole Mix/pothole_mix_prepared/train/masks/cracks-and-potholes-in-road__917440_RS_290_290RS294095_20650.png,1024,640,92.4872055053711,12980583960700728177,2c4347075631dd0aa56b2dd7f8ca5c41d8978978,1024,640,0.0,0,False,cracks-and-potholes-in-road,True,True,2788,True
train/cracks-and-potholes-in-road__917441_RS_290_290RS294095_20655,train,/Users/foury333/Desktop/cv-road-damage-inspection-system-main/Pothole Mix/pothole_mix_prepared/train/images/cracks-and-potholes-in-road__917441_RS_290_290RS294095_20655.jpg,/Users/foury333/Desktop/cv-road-damage-inspection-system-main/Pothole Mix/pothole_mix_prepared/train/masks/cracks-and-potholes-in-road__917441_RS_290_290RS294095_20655.png,1024,640,92.139404296875,17592296917162996593,2c600225759df00873a663e4622203af17caab63,1024,640,0.0,0,False,cracks-and-potholes-in-road,True,True,2788,True
train/cracks-and-potholes-in-road__917442_RS_290_290RS294095_20660,train,/Users/foury333/Desktop/cv-road-damage-inspection-system-main/Pothole Mix/pothole_mix_prepared/train/images/cracks-and-potholes-in-road__917442_RS_290_290RS294095_20660.jpg,/Users/foury333/Desktop/cv-road-damage-inspection-system-main/Pothole Mix/pothole_mix_prepared/train/masks/cracks-and-potholes-in-road__917442_RS_290_290RS294095_20660.png,1024,640,94.17759704589844,17304031356639196001,bc05f09922bda7735e2e311ae4e981173fd69c60,1024,640,0.0,0,False,cracks-and-potholes-in-road,True,True,2788,True
train/cracks-and-potholes-in-road__917448_RS_290_290RS294095_20691,train,/Users/foury333/Desktop/cv-road-damage-inspection-system-main/Pothole Mix/pothole_mix_prepared/train/images/cracks-and-potholes-in-road__917448_RS_290_290RS294095_20691.jpg,/Users/foury333/Desktop/cv-road-damage-inspection-system-main/Pothole Mix/pothole_mix_prepared/train/masks/cracks-and-potholes-in-road__917448_RS_290_290RS294095_20691.png,1024,640,91.8482666015625,17340094703446733105,3aaac6271b93f769a8fad5466d64ea2ea1d31d83,1024,640,0.0,0,False,cracks-and-potholes-in-road,True,True,2788,True
train/cracks-and-potholes-in-road__917449_RS_290_290RS294095_20695,train,/Users/foury333/Desktop/cv-road-damage-inspection-system-main/Pothole Mix/pothole_mix_prepared/train/images/cracks-and-potholes-in-road__917449_RS_290_290RS294095_20695.jpg,/Users/foury333/Desktop/cv-road-damage-inspection-system-main/Pothole Mix/pothole_mix_prepared/train/masks/cracks-and-potholes-in-road__917449_RS_290_290RS294095_20695.png,1024,640,92.86473083496094,15286596244237136177,e8b14e3bf97ece58ec1423a5d529bb45a610efec,1024,640,0.0,0,False,cracks-and-potholes-in-road,True,True,2788,True
train/cracks-and-potholes-in-road__917454_RS_290_290RS294095_20720,train,/Users/foury333/Desktop/cv-road-damage-inspection-system-main/Pothole Mix/pothole_mix_prepared/train/images/cracks-and-potholes-in-road__917454_RS_290_290RS294095_20720.jpg,/Users/foury333/Desktop/cv-road-damage-inspection-system-main/Pothole Mix/pothole_mix_prepared/train/masks/cracks-and-potholes-in-road__917454_RS_290_290RS294095_20720.png,1024,640,93.59673309326172,17340376195603312945,dc8c4a0f7d65fed10a25a8a9f166b657dafd7943,1024,640,0.0,0,False,cracks-and-potholes-in-road,True,True,2788,True
train/cracks-and-potholes-in-road__917455_RS_290_290RS294095_20725,train,/Users/foury333/Desktop/cv-road-damage-inspection-system-main/Pothole Mix/pothole_mix_prepared/train/images/cracks-and-potholes-in-road__917455_RS_290_290RS294095_20725.jpg,/Users/foury333/Desktop/cv-road-damage-inspection-system-main/Pothole Mix/pothole_mix_prepared/train/masks/cracks-and-potholes-in-road__917455_RS_290_290RS294095_20725.png,1024,640,93.75236511230469,17340376195603312945,45a61b1cd9120549cb693ff6900f4fbbd5a7d6ae,1024,640,0.0,0,False,cracks-and-potholes-in-road,True,True,2788,True
train/cracks-and-potholes-in-road__917460_RS_290_290RS294095_20750,train,/Users/foury333/Desktop/cv-road-damage-inspection-system-main/Pothole Mix/pothole_mix_prepared/train/images/cracks-and-potholes-in-road__917460_RS_290_290RS294095_20750.jpg,/Users/foury333/Desktop/cv-road-damage-inspection-system-main/Pothole Mix/pothole_mix_prepared/train/masks/cracks-and-potholes-in-road__917460_RS_290_290RS294095_20750.png,1024,640,93.40323638916016,17340376229963051313,4561bef69858d7362835b5acfb422d1b57f319a8,1024,640,0.0,0,False,cracks-and-potholes-in-road,True,True,2788,True
train/cracks-and-potholes-in-road__917461_RS_290_290RS294095_20755,train,/Users/foury333/Desktop/cv-road-damage-inspection-system-main/Pothole Mix/pothole_mix_prepared/train/images/cracks-and-potholes-in-road__917461_RS_290_290RS294095_20755.jpg,/Users/foury333/Desktop/cv-road-damage-inspection-system-main/Pothole Mix/pothole_mix_prepared/train/masks/cracks-and-potholes-in-road__917461_RS_290_290RS294095_20755.png,1024,640,94.14681243896484,17340384991696335153,e1db4efa10fc7f07cf89a0728a9f4f519e57afb9,1024,640,0.0,0,False,cracks-and-potholes-in-road,True,True,2788,True
train/cracks-and-potholes-in-road__917466_RS_290_290RS294095_20780,train,/Users/foury333/Desktop/cv-road-damage-inspection-system-main/Pothole Mix/pothole_mix_prepared/train/images/cracks-and-potholes-in-road__917466_RS_290_290RS294095_20780.jpg,/Users/foury333/Desktop/cv-road-damage-inspection-system-main/Pothole Mix/pothole_mix_prepared/train/masks/cracks-and-potholes-in-road__917466_RS_290_290RS294095_20780.png,1024,640,93.50614166259766,17340094737806993713,9f0cf3ebc072d95bdb60e29ae9052bf3e40c9b3d,1024,640,0.0,0,False,cracks-and-potholes-in-road,True,True,2788,True
train/cracks-and-potholes-in-road__917467_RS_290_290RS294095_20785,train,/Users/foury333/Desktop/cv-road-damage-inspection-system-main/Pothole Mix/pothole_mix_prepared/train/images/cracks-and-potholes-in-road__917467_RS_290_290RS294095_20785.jpg,/Users/foury333/Desktop/cv-road-damage-inspection-system-main/Pothole Mix/pothole_mix_prepared/train/masks/cracks-and-potholes-in-road__917467_RS_290_290RS294095_20785.png,1024,640,93.61612701416016,17340094720627128633,2719ef79d4f20f3f64b84ba832b22c9a8e452406,1024,640,0.0,0,False,cracks-and-potholes-in-road,True,True,2788,True
train/cracks-and-potholes-in-road__917468_RS_290_290RS294095_20790,train,/Users/foury333/Desktop/cv-road-damage-inspection-system-main/Pothole Mix/pothole_mix_prepared/train/images/cracks-and-potholes-in-road__917468_RS_290_290RS294095_20790.jpg,/Users/foury333/Desktop/cv-road-damage-inspection-system-main/Pothole Mix/pothole_mix_prepared/train/masks/cracks-and-potholes-in-road__917468_RS_290_290RS294095_20790.png,1024,640,94.9709243774414,17340376195603833185,bbc6233be186b80129ff204dd73b04760b6fddad,1024,640,0.0,0,False,cracks-and-potholes-in-road,True,True,2788,True
train/cracks-and-potholes-in-road__917469_RS_290_290RS294095_20795,train,/Users/foury333/Desktop/cv-road-damage-inspection-system-main/Pothole Mix/pothole_mix_prepared/train/images/cracks-and-potholes-in-road__917469_RS_290_290RS294095_20795.jpg,/Users/foury333/Desktop/cv-road-damage-inspection-system-main/Pothole Mix/pothole_mix_prepared/train/masks/cracks-and-potholes-in-road__917469_RS_290_290RS294095_20795.png,1024,640,93.66866302490234,17340385575812413745,92f3660ea91b104bc95c6420059833caa9f9264e,1024,640,0.0,0,False,cracks-and-potholes-in-road,True,True,2788,True
train/cracks-and-potholes-in-road__917470_RS_290_290RS294095_20800,train,/Users/foury333/Desktop/cv-road-damage-inspection-system-main/Pothole Mix/pothole_mix_prepared/train/images/cracks-and-potholes-in-road__917470_RS_290_290RS294095_20800.jpg,/Users/foury333/Desktop/cv-road-damage-inspection-system-main/Pothole Mix/pothole_mix_prepared/train/masks/cracks-and-potholes-in-road__917470_RS_290_290RS294095_20800.png,1024,640,92.3247299194336,17340385059342070065,aaf016d4a5ede0a46fdad382ac0f36a2abfee491,1024,640,0.0,0,False,cracks-and-potholes-in-road,True,True,2788,True
train/cracks-and-potholes-in-road__917471_RS_290_290RS294095_20805,train,/Users/foury333/Desktop/cv-road-damage-inspection-system-main/Pothole Mix/pothole_mix_prepared/train/images/cracks-and-potholes-in-road__917471_RS_290_290RS294095_20805.jpg,/Users/foury333/Desktop/cv-road-damage-inspection-system-main/Pothole Mix/pothole_mix_prepared/train/masks/cracks-and-potholes-in-road__917471_RS_290_290RS294095_20805.png,1024,640,92.79084014892578,17412434407044821873,34ffb7b06b72c268f87167c748c6d98271795ebb,1024,640,0.0,0,False,cracks-and-potholes-in-road,True,True,2788,True
train/cracks-and-potholes-in-road__917481_RS_290_290RS294095_20856,train,/Users/foury333/Desktop/cv-road-damage-inspection-system-main/Pothole Mix/pothole_mix_prepared/train/images/cracks-and-potholes-in-road__917481_RS_290_290RS294095_20856.jpg,/Users/foury333/Desktop/cv-road-damage-inspection-system-main/Pothole Mix/pothole_mix_prepared/train/masks/cracks-and-potholes-in-road__917481_RS_290_290RS294095_20856.png,1024,640,92.99388122558594,17412161145252034865,5ddb31f111b35a3e7c8b9936cc0b006ca8a42b0b,1024,640,0.0,0,False,cracks-and-potholes-in-road,True,True,2788,True
train/cracks-and-potholes-in-road__917482_RS_290_290RS294095_20860,train,/Users/foury333/Desktop/cv-road-damage-inspection-system-main/Pothole Mix/pothole_mix_prepared/train/images/cracks-and-potholes-in-road__917482_RS_290_290RS294095_20860.jpg,/Users/foury333/Desktop/cv-road-damage-inspection-system-main/Pothole Mix/pothole_mix_prepared/train/masks/cracks-and-potholes-in-road__917482_RS_290_290RS294095_20860.png,1024,640,92.43954467773438,17412161144178293041,3b0fcb72949535f0613d421781716e1911d34283,1024,640,0.0,0,False,cracks-and-potholes-in-road,True,True,2788,True
train/cracks-and-potholes-in-road__917489_RS_290_290RS294095_20895,train,/Users/foury333/Desktop/cv-road-damage-inspection-system-main/Pothole Mix/pothole_mix_prepared/train/images/cracks-and-potholes-in-road__917489_RS_290_290RS294095_20895.jpg,/Users/foury333/Desktop/cv-road-damage-inspection-system-main/Pothole Mix/pothole_mix_prepared/train/masks/cracks-and-potholes-in-road__917489_RS_290_290RS294095_20895.png,1024,640,95.23802947998047,17412161178404795249,4b00378ea764926a8e1deed7f8819440c36f2101,1024,640,0.229644775390625,1,False,cracks-and-potholes-in-road,True,False,2788,True
train/cracks-and-potholes-in-road__917490_RS_290_290RS294095_20900,train,/Users/foury333/Desktop/cv-road-damage-inspection-system-main/Pothole Mix/pothole_mix_prepared/train/images/cracks-and-potholes-in-road__917490_RS_290_290RS294095_20900.jpg,/Users/foury333/Desktop/cv-road-damage-inspection-system-main/Pothole Mix/pothole_mix_prepared/train/masks/cracks-and-potholes-in-road__917490_RS_290_290RS294095_20900.png,1024,640,94.9532699584961,17378375934861779813,a63561be83963f2cec9dcbd9d5f6559cbfbf9fa3,1024,640,0.71258544921875,1,False,cracks-and-potholes-in-road,True,False,2788,True
train/cracks-and-potholes-in-road__917494_RS_290_290RS294095_20920,train,/Users/foury333/Desktop/cv-road-damage-inspection-system-main/Pothole Mix/pothole_mix_prepared/train/images/cracks-and-potholes-in-road__917494_RS_290_290RS294095_20920.jpg,/Users/foury333/Desktop/cv-road-damage-inspection-system-main/Pothole Mix/pothole_mix_prepared/train/masks/cracks-and-potholes-in-road__917494_RS_290_290RS294095_20920.png,1024,640,95.00086975097656,17430272883693925233,905590eb79d08da2ef1a59ced40c9af18920c3fb,1024,640,0.0,0,False,cracks-and-potholes-in-road,True,True,2788,True
train/cracks-and-potholes-in-road__917495_RS_290_290RS294095_20925,train,/Users/foury333/Desktop/cv-road-damage-inspection-system-main/Pothole Mix/pothole_mix_prepared/train/images/cracks-and-potholes-in-road__917495_RS_290_290RS294095_20925.jpg,/Users/foury333/Desktop/cv-road-damage-inspection-system-main/Pothole Mix/pothole_mix_prepared/train/masks/cracks-and-potholes-in-road__917495_RS_290_290RS294095_20925.png,1024,640,95.76717376708984,17414377793846981489,6b55e8ba748647913ac574d1bf27f02e829a7ebb,1024,640,0.48797607421875,3,False,cracks-and-potholes-in-road,True,False,2788,True
train/cracks-and-potholes-in-road__917503_RS_290_290RS294095_20965,train,/Users/foury333/Desktop/cv-road-damage-inspection-system-main/Pothole Mix/pothole_mix_prepared/train/images/cracks-and-potholes-in-road__917503_RS_290_290RS294095_20965.jpg,/Users/foury333/Desktop/cv-road-damage-inspection-system-main/Pothole Mix/pothole_mix_prepared/train/masks/cracks-and-potholes-in-road__917503_RS_290_290RS294095_20965.png,1024,640,95.57376861572266,12692389285388824881,cf87128a717e256455554808ea7417edb51f9d0a,1024,640,0.162811279296875,2,False,cracks-and-potholes-in-road,True,False,2788,True
train/cracks-and-potholes-in-road__917504_RS_290_290RS294095_20970,train,/Users/foury333/Desktop/cv-road-damage-inspection-system-main/Pothole Mix/pothole_mix_prepared/train/images/cracks-and-potholes-in-road__917504_RS_290_290RS294095_20970.jpg,/Users/foury333/Desktop/cv-road-damage-inspection-system-main/Pothole Mix/pothole_mix_prepared/train/masks/cracks-and-potholes-in-road__917504_RS_290_290RS294095_20970.png,1024,640,95.34893798828125,12692380489295802673,015c87e917edb57e0155e704235d4cd64b013a9b,1024,640,0.29022216796875,2,False,cracks-and-potholes-in-road,True,False,2788,True
train/cracks-and-potholes-in-road__917517_RS_290_290RS294095_21035,train,/Users/foury333/Desktop/cv-road-damage-inspection-system-main/Pothole Mix/pothole_mix_prepared/train/images/cracks-and-potholes-in-road__917517_RS_290_290RS294095_21035.jpg,/Users/foury333/Desktop/cv-road-damage-inspection-system-main/Pothole Mix/pothole_mix_prepared/train/masks/cracks-and-potholes-in-road__917517_RS_290_290RS294095_21035.png,1024,640,92.59896087646484,12692380453862318369,d0eb59dedf1630db341b6ebbd3415d1c92f76a0d,1024,640,0.0,0,False,cracks-and-potholes-in-road,True,True,2788,True
train/cracks-and-potholes-in-road__917518_RS_290_290RS294095_21040,train,/Users/foury333/Desktop/cv-road-damage-inspection-system-main/Pothole Mix/pothole_mix_prepared/train/images/cracks-and-potholes-in-road__917518_RS_290_290RS294095_21040.jpg,/Users/foury333/Desktop/cv-road-damage-inspection-system-main/Pothole Mix/pothole_mix_prepared/train/masks/cracks-and-potholes-in-road__917518_RS_290_290RS294095_21040.png,1024,640,91.86183166503906,11539459017974948133,05a84c5e1ef64d1dc224fbc2de38299b9969ef55,1024,640,0.0,0,False,cracks-and-potholes-in-road,True,True,2788,True
train/cracks-and-potholes-in-road__917529_RS_290_290RS294095_21095,train,/Users/foury333/Desktop/cv-road-damage-inspection-system-main/Pothole Mix/pothole_mix_prepared/train/images/cracks-and-potholes-in-road__917529_RS_290_290RS294095_21095.jpg,/Users/foury333/Desktop/cv-road-damage-inspection-system-main/Pothole Mix/pothole_mix_prepared/train/masks/cracks-and-potholes-in-road__917529_RS_290_290RS294095_21095.png,1024,640,91.96502685546875,12136150775707607905,3a4a1ad931a08375abbb65ffdb268bf1df00b176,1024,640,0.0,0,False,cracks-and-potholes-in-road,True,True,2788,True
train/cracks-and-potholes-in-road__917530_RS_290_290RS294095_21100,train,/Users/foury333/Desktop/cv-road-damage-inspection-system-main/Pothole Mix/pothole_mix_prepared/train/images/cracks-and-potholes-in-road__917530_RS_290_290RS294095_21100.jpg,/Users/foury333/Desktop/cv-road-damage-inspection-system-main/Pothole Mix/pothole_mix_prepared/train/masks/cracks-and-potholes-in-road__917530_RS_290_290RS294095_21100.png,1024,640,90.39751434326172,16747845590219629411,d5bc654e5b2385b5483d52accff41de9bd261095,1024,640,0.0,0,False,cracks-and-potholes-in-road,True,True,2788,True
train/cracks-and-potholes-in-road__917531_RS_290_290RS294095_21105,train,/Users/foury333/Desktop/cv-road-damage-inspection-system-main/Pothole Mix/pothole_mix_prepared/train/images/cracks-and-potholes-in-road__917531_RS_290_290RS294095_21105.jpg,/Users/foury333/Desktop/cv-road-damage-inspection-system-main/Pothole Mix/pothole_mix_prepared/train/masks/cracks-and-potholes-in-road__917531_RS_290_290RS294095_21105.png,1024,640,91.90470886230469,12136150775699235683,e6644e1b031be10770314e6ab4c5df04da6ab1ae,1024,640,0.0,0,False,cracks-and-potholes-in-road,True,True,2788,True
train/cracks-and-potholes-in-road__917542_RS_290_290RS294095_21160,train,/Users/foury333/Desktop/cv-road-damage-inspection-system-main/Pothole Mix/pothole_mix_prepared/train/images/cracks-and-potholes-in-road__917542_RS_290_290RS294095_21160.jpg,/Users/foury333/Desktop/cv-road-damage-inspection-system-main/Pothole Mix/pothole_mix_prepared/train/masks/cracks-and-potholes-in-road__917542_RS_290_290RS294095_21160.png,1024,640,92.7554702758789,12118136385721475937,90b0708e0b960ef3ad6b20127dfffe9b0d082fc0,1024,640,0.119476318359375,1,False,cracks-and-potholes-in-road,True,False,2788,True
train/cracks-and-potholes-in-road__917543_RS_290_290RS294095_21165,train,/Users/foury333/Desktop/cv-road-damage-inspection-system-main/Pothole Mix/pothole_mix_prepared/train/images/cracks-and-potholes-in-road__917543_RS_290_290RS294095_21165.jpg,/Users/foury333/Desktop/cv-road-damage-inspection-system-main/Pothole Mix/pothole_mix_prepared/train/masks/cracks-and-potholes-in-road__917543_RS_290_290RS294095_21165.png,1024,640,93.44792175292969,12136150784230433633,86b62482b2e5532b2b844e8a0bf4ad448c1873eb,1024,640,0.30487060546875,1,False,cracks-and-potholes-in-road,True,False,2788,True
train/cracks-and-potholes-in-road__917556_RS_290_290RS294095_21230,train,/Users/foury333/Desktop/cv-road-damage-inspection-system-main/Pothole Mix/pothole_mix_prepared/train/images/cracks-and-potholes-in-road__917556_RS_290_290RS294095_21230.jpg,/Users/foury333/Desktop/cv-road-damage-inspection-system-main/Pothole Mix/pothole_mix_prepared/train/masks/cracks-and-potholes-in-road__917556_RS_290_290RS294095_21230.png,1024,640,94.22815704345703,12118171501374678309,d26743f18f0b462a5fdb53bb0dbf5044f1ac445d,1024,640,0.0,0,False,cracks-and-potholes-in-road,True,True,2788,True
train/cracks-and-potholes-in-road__917558_RS_290_290RS294095_21240,train,/Users/foury333/Desktop/cv-road-damage-inspection-system-main/Pothole Mix/pothole_mix_prepared/train/images/cracks-and-potholes-in-road__917558_RS_290_290RS294095_21240.jpg,/Users/foury333/Desktop/cv-road-damage-inspection-system-main/Pothole Mix/pothole_mix_prepared/train/masks/cracks-and-potholes-in-road__917558_RS_290_290RS294095_21240.png,1024,640,95.2458267211914,12406366761873778017,91abcf9e6f6b29dacdcd388fc830394d3d7dac4d,1024,640,0.0,0,False,cracks-and-potholes-in-road,True,True,2788,True
train/cracks-and-potholes-in-road__917563_RS_290_290RS294095_21265,train,/Users/foury333/Desktop/cv-road-damage-inspection-system-main/Pothole Mix/pothole_mix_prepared/train/images/cracks-and-potholes-in-road__917563_RS_290_290RS294095_21265.jpg,/Users/foury333/Desktop/cv-road-damage-inspection-system-main/Pothole Mix/pothole_mix_prepared/train/masks/cracks-and-potholes-in-road__917563_RS_290_290RS294095_21265.png,1024,640,94.07332611083984,12404114962060091681,95f4d349ed62fb6023a75aeb6bb1ae31730772df,1024,640,0.0,0,False,cracks-and-potholes-in-road,True,True,2788,True
train/cracks-and-potholes-in-road__917564_RS_290_290RS294095_21270,train,/Users/foury333/Desktop/cv-road-damage-inspection-system-main/Pothole Mix/pothole_mix_prepared/train/images/cracks-and-potholes-in-road__917564_RS_290_290RS294095_21270.jpg,/Users/foury333/Desktop/cv-road-damage-inspection-system-main/Pothole Mix/pothole_mix_prepared/train/masks/cracks-and-potholes-in-road__917564_RS_290_290RS294095_21270.png,1024,640,94.0714111328125,12115884585908380001,d1f190b34ad587706a6d95e7ff3b89088e000142,1024,640,0.0,0,False,cracks-and-potholes-in-road,True,True,2788,True
train/cracks-and-potholes-in-road__917566_RS_290_290RS294095_21280,train,/Users/foury333/Desktop/cv-road-damage-inspection-system-main/Pothole Mix/pothole_mix_prepared/train/images/cracks-and-potholes-in-road__917566_RS_290_290RS294095_21280.jpg,/Users/foury333/Desktop/cv-road-damage-inspection-system-main/Pothole Mix/pothole_mix_prepared/train/masks/cracks-and-potholes-in-road__917566_RS_290_290RS294095_21280.png,1024,640,93.62660217285156,12406366761873776993,8cd9857b53369f0bf185508f336b8e557014dde3,1024,640,0.0,0,False,cracks-and-potholes-in-road,True,True,2788,True
train/cracks-and-potholes-in-road__917567_RS_290_290RS294095_21285,train,/Users/foury333/Desktop/cv-road-damage-inspection-system-main/Pothole Mix/pothole_mix_prepared/train/images/cracks-and-potholes-in-road__917567_RS_290_290RS294095_21285.jpg,/Users/foury333/Desktop/cv-road-damage-inspection-system-main/Pothole Mix/pothole_mix_prepared/train/masks/cracks-and-potholes-in-road__917567_RS_290_290RS294095_21285.png,1024,640,93.22671508789062,12406366761873777505,fd2ae75eb84d45a6bf0bb3575218a40e232c6f54,1024,640,0.0,0,False,cracks-and-potholes-in-road,True,True,2788,True
train/cracks-and-potholes-in-road__917568_RS_290_290RS294095_21290,train,/Users/foury333/Desktop/cv-road-damage-inspection-system-main/Pothole Mix/pothole_mix_prepared/train/images/cracks-and-potholes-in-road__917568_RS_290_290RS294095_21290.jpg,/Users/foury333/Desktop/cv-road-damage-inspection-system-main/Pothole Mix/pothole_mix_prepared/train/masks/cracks-and-potholes-in-road__917568_RS_290_290RS294095_21290.png,1024,640,93.0887451171875,12406375557966799713,c5e66f630d98f67f2151543697d682f51d9d903f,1024,640,0.0,0,False,cracks-and-potholes-in-road,True,True,2788,True
train/cracks-and-potholes-in-road__917569_RS_290_290RS294095_21295,train,/Users/foury333/Desktop/cv-road-damage-inspection-system-main/Pothole Mix/pothole_mix_prepared/train/images/cracks-and-potholes-in-road__917569_RS_290_290RS294095_21295.jpg,/Users/foury333/Desktop/cv-road-damage-inspection-system-main/Pothole Mix/pothole_mix_prepared/train/masks/cracks-and-potholes-in-road__917569_RS_290_290RS294095_21295.png,1024,640,92.03541564941406,12136150784298591077,bc4b34093c677c6a0a2cd98c052f2377c1e54ae8,1024,640,0.0,0,False,cracks-and-potholes-in-road,True,True,2788,True
train/cracks-and-potholes-in-road__917570_RS_290_290RS294095_21300,train,/Users/foury333/Desktop/cv-road-damage-inspection-system-main/Pothole Mix/pothole_mix_prepared/train/images/cracks-and-potholes-in-road__917570_RS_290_290RS294095_21300.jpg,/Users/foury333/Desktop/cv-road-damage-inspection-system-main/Pothole Mix/pothole_mix_prepared/train/masks/cracks-and-potholes-in-road__917570_RS_290_290RS294095_21300.png,1024,640,92.13602447509766,12136291521785897837,5913ae6c823a78d99f000c288132d44e9d586c09,1024,640,0.0,0,False,cracks-and-potholes-in-road,True,True,2788,True
train/cracks-and-potholes-in-road__917571_RS_290_290RS294095_21305,train,/Users/foury333/Desktop/cv-road-damage-inspection-system-main/Pothole Mix/pothole_mix_prepared/train/images/cracks-and-potholes-in-road__917571_RS_290_290RS294095_21305.jpg,/Users/foury333/Desktop/cv-road-damage-inspection-system-main/Pothole Mix/pothole_mix_prepared/train/masks/cracks-and-potholes-in-road__917571_RS_290_290RS294095_21305.png,1024,640,92.2931900024414,12424381160449254241,5fa6934ea280788b9c9333260e1c844f79279bcd,1024,640,0.0,0,False,cracks-and-potholes-in-road,True,True,2788,True
train/cracks-and-potholes-in-road__917572_RS_290_290RS294095_21310,train,/Users/foury333/Desktop/cv-road-damage-inspection-system-main/Pothole Mix/pothole_mix_prepared/train/images/cracks-and-potholes-in-road__917572_RS_290_290RS294095_21310.jpg,/Users/foury333/Desktop/cv-road-damage-inspection-system-main/Pothole Mix/pothole_mix_prepared/train/masks/cracks-and-potholes-in-road__917572_RS_290_290RS294095_21310.png,1024,640,93.29219818115234,12136150775707607913,35684c47a618618cc37d03e181c7275e56f5b642,1024,640,0.0,0,False,cracks-and-potholes-in-road,True,True,2788,True
train/cracks-and-potholes-in-road__917577_RS_290_290RS294095_21335,train,/Users/foury333/Desktop/cv-road-damage-inspection-system-main/Pothole Mix/pothole_mix_prepared/train/images/cracks-and-potholes-in-road__917577_RS_290_290RS294095_21335.jpg,/Users/foury333/Desktop/cv-road-damage-inspection-system-main/Pothole Mix/pothole_mix_prepared/train/masks/cracks-and-potholes-in-road__917577_RS_290_290RS294095_21335.png,1024,640,93.2327651977539,12424381160382210913,ff61d0650d585970e78e752c026607826460eefb,1024,640,0.0,0,False,cracks-and-potholes-in-road,True,True,2788,True
train/cracks-and-potholes-in-road__917579_RS_290_290RS294095_21345,train,/Users/foury333/Desktop/cv-road-damage-inspection-system-main/Pothole Mix/pothole_mix_prepared/train/images/cracks-and-potholes-in-road__917579_RS_290_290RS294095_21345.jpg,/Users/foury333/Desktop/cv-road-damage-inspection-system-main/Pothole Mix/pothole_mix_prepared/train/masks/cracks-and-potholes-in-road__917579_RS_290_290RS294095_21345.png,1024,640,92.22286224365234,12406375557966799729,31eda7e9d84f8a3c0dab0c01496b756dee39f790,1024,640,0.0,0,False,cracks-and-potholes-in-road,True,True,2788,True
train/cracks-and-potholes-in-road__917620_RS_290_290RS294095_21550,train,/Users/foury333/Desktop/cv-road-damage-inspection-system-main/Pothole Mix/pothole_mix_prepared/train/images/cracks-and-potholes-in-road__917620_RS_290_290RS294095_21550.jpg,/Users/foury333/Desktop/cv-road-damage-inspection-system-main/Pothole Mix/pothole_mix_prepared/train/masks/cracks-and-potholes-in-road__917620_RS_290_290RS294095_21550.png,1024,640,94.87461853027344,10674767889520862565,c64006073824aa6e52d3925743fab84e64e213c6,1024,640,0.415802001953125,1,False,cracks-and-potholes-in-road,True,False,2788,True
train/cracks-and-potholes-in-road__917622_RS_290_290RS294095_21560,train,/Users/foury333/Desktop/cv-road-damage-inspection-system-main/Pothole Mix/pothole_mix_prepared/train/images/cracks-and-potholes-in-road__917622_RS_290_290RS294095_21560.jpg,/Users/foury333/Desktop/cv-road-damage-inspection-system-main/Pothole Mix/pothole_mix_prepared/train/masks/cracks-and-potholes-in-road__917622_RS_290_290RS294095_21560.png,1024,640,93.83663177490234,10674770019824640353,0dc932a1120393c63753cfb3751e7045ac080a11,1024,640,0.456695556640625,1,False,cracks-and-potholes-in-road,True,False,2788,True
train/cracks-and-potholes-in-road__917772_RS_290_290RS294095_22312,train,/Users/foury333/Desktop/cv-road-damage-inspection-system-main/Pothole Mix/pothole_mix_prepared/train/images/cracks-and-potholes-in-road__917772_RS_290_290RS294095_22312.jpg,/Users/foury333/Desktop/cv-road-damage-inspection-system-main/Pothole Mix/pothole_mix_prepared/train/masks/cracks-and-potholes-in-road__917772_RS_290_290RS294095_22312.png,1024,640,87.59940338134766,10170487876558730097,9b60d709c35c4c1fe89d6667f60e7e342ac853b1,1024,640,0.0,0,False,cracks-and-potholes-in-road,True,True,2788,True
train/cracks-and-potholes-in-road__917854_RS_290_290RS294095_22720,train,/Users/foury333/Desktop/cv-road-damage-inspection-system-main/Pothole Mix/pothole_mix_prepared/train/images/cracks-and-potholes-in-road__917854_RS_290_290RS294095_22720.jpg,/Users/foury333/Desktop/cv-road-damage-inspection-system-main/Pothole Mix/pothole_mix_prepared/train/masks/cracks-and-potholes-in-road__917854_RS_290_290RS294095_22720.png,1024,640,85.96894836425781,14703202295334790989,65229560decb88dea743a85ff42a67e2d8411682,1024,640,0.0,0,False,cracks-and-potholes-in-road,True,True,2788,True
train/cracks-and-potholes-in-road__917892_RS_290_290RS294095_22910,train,/Users/foury333/Desktop/cv-road-damage-inspection-system-main/Pothole Mix/pothole_mix_prepared/train/images/cracks-and-potholes-in-road__917892_RS_290_290RS294095_22910.jpg,/Users/foury333/Desktop/cv-road-damage-inspection-system-main/Pothole Mix/pothole_mix_prepared/train/masks/cracks-and-potholes-in-road__917892_RS_290_290RS294095_22910.png,1024,640,90.9118881225586,16765859997259346225,45880db119da6a27e5c879355c8cf0026217cf60,1024,640,0.0,0,False,cracks-and-potholes-in-road,True,True,2788,True
train/cracks-and-potholes-in-road__917904_RS_290_290RS294095_22970,train,/Users/foury333/Desktop/cv-road-damage-inspection-system-main/Pothole Mix/pothole_mix_prepared/train/images/cracks-and-potholes-in-road__917904_RS_290_290RS294095_22970.jpg,/Users/foury333/Desktop/cv-road-damage-inspection-system-main/Pothole Mix/pothole_mix_prepared/train/masks/cracks-and-potholes-in-road__917904_RS_290_290RS294095_22970.png,1024,640,90.11925506591797,16763528517346603297,40fe2d56bccd8be714731749ee2ac599f6f85e21,1024,640,0.0,0,False,cracks-and-potholes-in-road,True,True,2788,True
train/cracks-and-potholes-in-road__917905_RS_290_290RS294095_22975,train,/Users/foury333/Desktop/cv-road-damage-inspection-system-main/Pothole Mix/pothole_mix_prepared/train/images/cracks-and-potholes-in-road__917905_RS_290_290RS294095_22975.jpg,/Users/foury333/Desktop/cv-road-damage-inspection-system-main/Pothole Mix/pothole_mix_prepared/train/masks/cracks-and-potholes-in-road__917905_RS_290_290RS294095_22975.png,1024,640,90.03763580322266,17045082658760767793,0769270b616e3eb34a052c90dd6c9271e5047229,1024,640,0.0,0,False,cracks-and-potholes-in-road,True,True,2788,True
train/cracks-and-potholes-in-road__917906_RS_290_290RS294095_22980,train,/Users/foury333/Desktop/cv-road-damage-inspection-system-main/Pothole Mix/pothole_mix_prepared/train/images/cracks-and-potholes-in-road__917906_RS_290_290RS294095_22980.jpg,/Users/foury333/Desktop/cv-road-damage-inspection-system-main/Pothole Mix/pothole_mix_prepared/train/masks/cracks-and-potholes-in-road__917906_RS_290_290RS294095_22980.png,1024,640,90.6369400024414,16756773117907644721,d7d017a5a95daeabbdb931d744137953c481948d,1024,640,0.0,0,False,cracks-and-potholes-in-road,True,True,2788,True
train/cracks-and-potholes-in-road__917907_RS_290_290RS294095_22986,train,/Users/foury333/Desktop/cv-road-damage-inspection-system-main/Pothole Mix/pothole_mix_prepared/train/images/cracks-and-potholes-in-road__917907_RS_290_290RS294095_22986.jpg,/Users/foury333/Desktop/cv-road-damage-inspection-system-main/Pothole Mix/pothole_mix_prepared/train/masks/cracks-and-potholes-in-road__917907_RS_290_290RS294095_22986.png,1024,640,90.04542541503906,16763528482852647201,f386b31d3544d4a7302e7b625f85906f77c4c456,1024,640,0.0,0,False,cracks-and-potholes-in-road,True,True,2788,True
train/cracks-and-potholes-in-road__917908_RS_290_290RS294095_22990,train,/Users/foury333/Desktop/cv-road-damage-inspection-system-main/Pothole Mix/pothole_mix_prepared/train/images/cracks-and-potholes-in-road__917908_RS_290_290RS294095_22990.jpg,/Users/foury333/Desktop/cv-road-damage-inspection-system-main/Pothole Mix/pothole_mix_prepared/train/masks/cracks-and-potholes-in-road__917908_RS_290_290RS294095_22990.png,1024,640,90.2640380859375,16763563976598692129,ab9d7bd069882f6508e5db6e7fe35f1a3862b70b,1024,640,0.0,0,False,cracks-and-potholes-in-road,True,True,2788,True
train/cracks-and-potholes-in-road__917938_RS_290_290RS294095_23140,train,/Users/foury333/Desktop/cv-road-damage-inspection-system-main/Pothole Mix/pothole_mix_prepared/train/images/cracks-and-potholes-in-road__917938_RS_290_290RS294095_23140.jpg,/Users/foury333/Desktop/cv-road-damage-inspection-system-main/Pothole Mix/pothole_mix_prepared/train/masks/cracks-and-potholes-in-road__917938_RS_290_290RS294095_23140.png,1024,640,91.96159362792969,14450964912817775393,e0357601ab122db01fa5d8da1807b9b4a9543b00,1024,640,0.0,0,False,cracks-and-potholes-in-road,True,True,2788,True
train/cracks-and-potholes-in-road__917944_RS_290_290RS294095_23170,train,/Users/foury333/Desktop/cv-road-damage-inspection-system-main/Pothole Mix/pothole_mix_prepared/train/images/cracks-and-potholes-in-road__917944_RS_290_290RS294095_23170.jpg,/Users/foury333/Desktop/cv-road-damage-inspection-system-main/Pothole Mix/pothole_mix_prepared/train/masks/cracks-and-potholes-in-road__917944_RS_290_290RS294095_23170.png,1024,640,91.29534912109375,17054010658820137825,8df17bb238aeff07cdfc1aa819ec16328684b2b3,1024,640,0.0,0,False,cracks-and-potholes-in-road,True,True,2788,True
train/cracks-and-potholes-in-road__917945_RS_290_290RS294095_23175,train,/Users/foury333/Desktop/cv-road-damage-inspection-system-main/Pothole Mix/pothole_mix_prepared/train/images/cracks-and-potholes-in-road__917945_RS_290_290RS294095_23175.jpg,/Users/foury333/Desktop/cv-road-damage-inspection-system-main/Pothole Mix/pothole_mix_prepared/train/masks/cracks-and-potholes-in-road__917945_RS_290_290RS294095_23175.png,1024,640,91.69059753417969,17045073828846445921,4d8e05cef6cfb9df9a0f9284b74a8a21a15f1bd1,1024,640,0.0,0,False,cracks-and-potholes-in-road,True,True,2788,True
train/cracks-and-potholes-in-road__917958_RS_290_290RS294095_23240,train,/Users/foury333/Desktop/cv-road-damage-inspection-system-main/Pothole Mix/pothole_mix_prepared/train/images/cracks-and-potholes-in-road__917958_RS_290_290RS294095_23240.jpg,/Users/foury333/Desktop/cv-road-damage-inspection-system-main/Pothole Mix/pothole_mix_prepared/train/masks/cracks-and-potholes-in-road__917958_RS_290_290RS294095_23240.png,1024,640,88.55119323730469,16754626559689827169,060e13a76b4607d1c1a3b4c4c3e32f7c232e46e6,1024,640,0.0,0,False,cracks-and-potholes-in-road,True,True,2788,True
train/cracks-and-potholes-in-road__917959_RS_290_290RS294095_23245,train,/Users/foury333/Desktop/cv-road-damage-inspection-system-main/Pothole Mix/pothole_mix_prepared/train/images/cracks-and-potholes-in-road__917959_RS_290_290RS294095_23245.jpg,/Users/foury333/Desktop/cv-road-damage-inspection-system-main/Pothole Mix/pothole_mix_prepared/train/masks/cracks-and-potholes-in-road__917959_RS_290_290RS294095_23245.png,1024,640,89.73359680175781,16754591652343128929,67dbce6f245ec40625e04d584342bbb92d2fc415,1024,640,0.0,0,False,cracks-and-potholes-in-road,True,True,2788,True
train/cracks-and-potholes-in-road__918213_RS_290_290RS294095_24515,train,/Users/foury333/Desktop/cv-road-damage-inspection-system-main/Pothole Mix/pothole_mix_prepared/train/images/cracks-and-potholes-in-road__918213_RS_290_290RS294095_24515.jpg,/Users/foury333/Desktop/cv-road-damage-inspection-system-main/Pothole Mix/pothole_mix_prepared/train/masks/cracks-and-potholes-in-road__918213_RS_290_290RS294095_24515.png,1024,640,95.43025970458984,15286453358192436577,0580736934d3b4b59c184a1a7d2d1c2fb1fef70c,1024,640,0.0,0,False,cracks-and-potholes-in-road,True,True,2788,True
train/cracks-and-potholes-in-road__918214_RS_290_290RS294095_24520,train,/Users/foury333/Desktop/cv-road-damage-inspection-system-main/Pothole Mix/pothole_mix_prepared/train/images/cracks-and-potholes-in-road__918214_RS_290_290RS294095_24520.jpg,/Users/foury333/Desktop/cv-road-damage-inspection-system-main/Pothole Mix/pothole_mix_prepared/train/masks/cracks-and-potholes-in-road__918214_RS_290_290RS294095_24520.png,1024,640,95.03190612792969,15286453290546963749,770b2c031ab88d2c3c864f6f3bd439ca2ee5cf24,1024,640,0.0,0,False,cracks-and-potholes-in-road,True,True,2788,True
train/cracks-and-potholes-in-road__918219_RS_290_290RS294095_24545,train,/Users/foury333/Desktop/cv-road-damage-inspection-system-main/Pothole Mix/pothole_mix_prepared/train/images/cracks-and-potholes-in-road__918219_RS_290_290RS294095_24545.jpg,/Users/foury333/Desktop/cv-road-damage-inspection-system-main/Pothole Mix/pothole_mix_prepared/train/masks/cracks-and-potholes-in-road__918219_RS_290_290RS294095_24545.png,1024,640,97.76175689697266,11251228555924939041,3fd1b38707e66be41d0e93c8252744c936b8c691,1024,640,0.0,0,False,cracks-and-potholes-in-road,True,True,2788,True
train/cracks-and-potholes-in-road__918220_RS_290_290RS294095_24551,train,/Users/foury333/Desktop/cv-road-damage-inspection-system-main/Pothole Mix/pothole_mix_prepared/train/images/cracks-and-potholes-in-road__918220_RS_290_290RS294095_24551.jpg,/Users/foury333/Desktop/cv-road-damage-inspection-system-main/Pothole Mix/pothole_mix_prepared/train/masks/cracks-and-potholes-in-road__918220_RS_290_290RS294095_24551.png,1024,640,98.05882263183594,10677265431257096549,93c23184cc3ece05a3814e0aa3120ad1d1c29a7b,1024,640,0.0,0,False,cracks-and-potholes-in-road,True,True,2788,True
train/cracks-and-potholes-in-road__918355_RS_290_290RS294095_25225,train,/Users/foury333/Desktop/cv-road-damage-inspection-system-main/Pothole Mix/pothole_mix_prepared/train/images/cracks-and-potholes-in-road__918355_RS_290_290RS294095_25225.jpg,/Users/foury333/Desktop/cv-road-damage-inspection-system-main/Pothole Mix/pothole_mix_prepared/train/masks/cracks-and-potholes-in-road__918355_RS_290_290RS294095_25225.png,1024,640,91.76005554199219,10386536895967601473,e646790711ced81fae4ac3e00a41199115648184,1024,640,0.0,0,False,cracks-and-potholes-in-road,True,True,2788,True
train/cracks-and-potholes-in-road__918356_RS_290_290RS294095_25230,train,/Users/foury333/Desktop/cv-road-damage-inspection-system-main/Pothole Mix/pothole_mix_prepared/train/images/cracks-and-potholes-in-road__918356_RS_290_290RS294095_25230.jpg,/Users/foury333/Desktop/cv-road-damage-inspection-system-main/Pothole Mix/pothole_mix_prepared/train/masks/cracks-and-potholes-in-road__918356_RS_290_290RS294095_25230.png,1024,640,92.7257308959961,15286453289472959333,2a8c43c2bc5eee92241775f220483fbeb76925b4,1024,640,0.0,0,False,cracks-and-potholes-in-road,True,True,2788,True
train/cracks-and-potholes-in-road__918373_RS_290_290RS294095_25315,train,/Users/foury333/Desktop/cv-road-damage-inspection-system-main/Pothole Mix/pothole_mix_prepared/train/images/cracks-and-potholes-in-road__918373_RS_290_290RS294095_25315.jpg,/Users/foury333/Desktop/cv-road-damage-inspection-system-main/Pothole Mix/pothole_mix_prepared/train/masks/cracks-and-potholes-in-road__918373_RS_290_290RS294095_25315.png,1024,640,88.0171890258789,14998188347425497953,cb96899a8774cf2287f79fed0f494222e299149f,1024,640,0.0,0,False,cracks-and-potholes-in-road,True,True,2788,True
train/cracks-and-potholes-in-road__918374_RS_290_290RS294095_25320,train,/Users/foury333/Desktop/cv-road-damage-inspection-system-main/Pothole Mix/pothole_mix_prepared/train/images/cracks-and-potholes-in-road__918374_RS_290_290RS294095_25320.jpg,/Users/foury333/Desktop/cv-road-damage-inspection-system-main/Pothole Mix/pothole_mix_prepared/train/masks/cracks-and-potholes-in-road__918374_RS_290_290RS294095_25320.png,1024,640,87.86073303222656,15286418173821399905,53526d1ba8760bc96c06ddfdc76d110fe1d08de5,1024,640,0.0,0,False,cracks-and-potholes-in-road,True,True,2788,True
train/cracks-and-potholes-in-road__918396_RS_290_290RS294095_25430,train,/Users/foury333/Desktop/cv-road-damage-inspection-system-main/Pothole Mix/pothole_mix_prepared/train/images/cracks-and-potholes-in-road__918396_RS_290_290RS294095_25430.jpg,/Users/foury333/Desktop/cv-road-damage-inspection-system-main/Pothole Mix/pothole_mix_prepared/train/masks/cracks-and-potholes-in-road__918396_RS_290_290RS294095_25430.png,1024,640,87.98406982421875,16475403660890944821,71aad31730bc14a5c58cd2aefeb3ef72972d4c09,1024,640,0.0,0,False,cracks-and-potholes-in-road,True,True,2788,True
train/cracks-and-potholes-in-road__918403_RS_290_290RS294095_25465,train,/Users/foury333/Desktop/cv-road-damage-inspection-system-main/Pothole Mix/pothole_mix_prepared/train/images/cracks-and-potholes-in-road__918403_RS_290_290RS294095_25465.jpg,/Users/foury333/Desktop/cv-road-damage-inspection-system-main/Pothole Mix/pothole_mix_prepared/train/masks/cracks-and-potholes-in-road__918403_RS_290_290RS294095_25465.png,1024,640,91.31132507324219,16261729517937238885,01eeec771b12677b013d927454c0f7b8e60de82c,1024,640,0.0,0,False,cracks-and-potholes-in-road,True,True,2788,True
train/cracks-and-potholes-in-road__918922_RS_290_290RS294095_28060,train,/Users/foury333/Desktop/cv-road-damage-inspection-system-main/Pothole Mix/pothole_mix_prepared/train/images/cracks-and-potholes-in-road__918922_RS_290_290RS294095_28060.jpg,/Users/foury333/Desktop/cv-road-damage-inspection-system-main/Pothole Mix/pothole_mix_prepared/train/masks/cracks-and-potholes-in-road__918922_RS_290_290RS294095_28060.png,1024,640,92.59785461425781,15322490952377152821,992c4ff58ce996e508c5a11bf70cd331e8f7f506,1024,640,0.0,0,False,cracks-and-potholes-in-road,True,True,2788,True
train/cracks-and-potholes-in-road__918923_RS_290_290RS294095_28065,train,/Users/foury333/Desktop/cv-road-damage-inspection-system-main/Pothole Mix/pothole_mix_prepared/train/images/cracks-and-potholes-in-road__918923_RS_290_290RS294095_28065.jpg,/Users/foury333/Desktop/cv-road-damage-inspection-system-main/Pothole Mix/pothole_mix_prepared/train/masks/cracks-and-potholes-in-road__918923_RS_290_290RS294095_28065.png,1024,640,91.82010650634766,15898942908587521333,245996366a593a5c6bdcbd853055fc2601eac743,1024,640,0.0,0,False,cracks-and-potholes-in-road,True,True,2788,True
train/cracks-and-potholes-in-road__918939_RS_290_290RS294095_28145,train,/Users/foury333/Desktop/cv-road-damage-inspection-system-main/Pothole Mix/pothole_mix_prepared/train/images/cracks-and-potholes-in-road__918939_RS_290_290RS294095_28145.jpg,/Users/foury333/Desktop/cv-road-damage-inspection-system-main/Pothole Mix/pothole_mix_prepared/train/masks/cracks-and-potholes-in-road__918939_RS_290_290RS294095_28145.png,1024,640,92.11446380615234,15322482704966168881,ed3c088d9f6176e5a4134071f04529aa9f466569,1024,640,0.0,0,False,cracks-and-potholes-in-road,True,True,2788,True
train/cracks-and-potholes-in-road__918958_RS_290_290RS294095_28240,train,/Users/foury333/Desktop/cv-road-damage-inspection-system-main/Pothole Mix/pothole_mix_prepared/train/images/cracks-and-potholes-in-road__918958_RS_290_290RS294095_28240.jpg,/Users/foury333/Desktop/cv-road-damage-inspection-system-main/Pothole Mix/pothole_mix_prepared/train/masks/cracks-and-potholes-in-road__918958_RS_290_290RS294095_28240.png,1024,640,89.66944885253906,15898945090433004337,3bab54c59566d382e08a5dba9e211e500eec5170,1024,640,0.0,0,False,cracks-and-potholes-in-road,True,True,2788,True
train/cracks-and-potholes-in-road__918959_RS_290_290RS294095_28245,train,/Users/foury333/Desktop/cv-road-damage-inspection-system-main/Pothole Mix/pothole_mix_prepared/train/images/cracks-and-potholes-in-road__918959_RS_290_290RS294095_28245.jpg,/Users/foury333/Desktop/cv-road-damage-inspection-system-main/Pothole Mix/pothole_mix_prepared/train/masks/cracks-and-potholes-in-road__918959_RS_290_290RS294095_28245.png,1024,640,89.61273193359375,15862916293414072625,49be03d77f5da6c839dc4f86a9ccd77c794d8f74,1024,640,0.0,0,False,cracks-and-potholes-in-road,True,True,2788,True
train/cracks-and-potholes-in-road__918976_RS_290_290RS294095_28330,train,/Users/foury333/Desktop/cv-road-damage-inspection-system-main/Pothole Mix/pothole_mix_prepared/train/images/cracks-and-potholes-in-road__918976_RS_290_290RS294095_28330.jpg,/Users/foury333/Desktop/cv-road-damage-inspection-system-main/Pothole Mix/pothole_mix_prepared/train/masks/cracks-and-potholes-in-road__918976_RS_290_290RS294095_28330.png,1024,640,92.48085021972656,15034252328816489265,88023cde82edbca7e37ac9aafcbb0e1c225b9b80,1024,640,0.0,0,False,cracks-and-potholes-in-road,True,True,2788,True
train/cracks-and-potholes-in-road__918993_RS_290_290RS294095_28415,train,/Users/foury333/Desktop/cv-road-damage-inspection-system-main/Pothole Mix/pothole_mix_prepared/train/images/cracks-and-potholes-in-road__918993_RS_290_290RS294095_28415.jpg,/Users/foury333/Desktop/cv-road-damage-inspection-system-main/Pothole Mix/pothole_mix_prepared/train/masks/cracks-and-potholes-in-road__918993_RS_290_290RS294095_28415.png,1024,640,87.76460266113281,16475405859916292897,bdd3adbeb6008e42a94a0a8c650d8ccda0a98396,1024,640,0.0,0,False,cracks-and-potholes-in-road,True,True,2788,True
train/cracks-and-potholes-in-road__918994_RS_290_290RS294095_28420,train,/Users/foury333/Desktop/cv-road-damage-inspection-system-main/Pothole Mix/pothole_mix_prepared/train/images/cracks-and-potholes-in-road__918994_RS_290_290RS294095_28420.jpg,/Users/foury333/Desktop/cv-road-damage-inspection-system-main/Pothole Mix/pothole_mix_prepared/train/masks/cracks-and-potholes-in-road__918994_RS_290_290RS294095_28420.png,1024,640,87.47138977050781,16475403659819299633,4d13dbe654b669b38758465d0752f14f68dd561b,1024,640,0.0,0,False,cracks-and-potholes-in-road,True,True,2788,True
train/cracks-and-potholes-in-road__918995_RS_290_290RS294095_28425,train,/Users/foury333/Desktop/cv-road-damage-inspection-system-main/Pothole Mix/pothole_mix_prepared/train/images/cracks-and-potholes-in-road__918995_RS_290_290RS294095_28425.jpg,/Users/foury333/Desktop/cv-road-damage-inspection-system-main/Pothole Mix/pothole_mix_prepared/train/masks/cracks-and-potholes-in-road__918995_RS_290_290RS294095_28425.png,1024,640,88.55891418457031,16475368475447210337,3ae8c01d3820bf815da3b96fbeaf8776ce447987,1024,640,0.0,0,False,cracks-and-potholes-in-road,True,True,2788,True
train/cracks-and-potholes-in-road__918996_RS_290_290RS294095_28430,train,/Users/foury333/Desktop/cv-road-damage-inspection-system-main/Pothole Mix/pothole_mix_prepared/train/images/cracks-and-potholes-in-road__918996_RS_290_290RS294095_28430.jpg,/Users/foury333/Desktop/cv-road-damage-inspection-system-main/Pothole Mix/pothole_mix_prepared/train/masks/cracks-and-potholes-in-road__918996_RS_290_290RS294095_28430.png,1024,640,91.0339584350586,15322482155212453669,df21fccf2ad1069f16a7aadeabb92e2a62a36148,1024,640,0.0,0,False,cracks-and-potholes-in-road,True,True,2788,True
train/cracks-and-potholes-in-road__919012_RS_290_290RS294095_28510,train,/Users/foury333/Desktop/cv-road-damage-inspection-system-main/Pothole Mix/pothole_mix_prepared/train/images/cracks-and-potholes-in-road__919012_RS_290_290RS294095_28510.jpg,/Users/foury333/Desktop/cv-road-damage-inspection-system-main/Pothole Mix/pothole_mix_prepared/train/masks/cracks-and-potholes-in-road__919012_RS_290_290RS294095_28510.png,1024,640,94.08503723144531,16475403591163716449,8632adc2a6aaf51bf8612c7941fa504b607eaf18,1024,640,0.0,0,False,cracks-and-potholes-in-road,True,True,2788,True
train/cracks-and-potholes-in-road__919073_RS_290_290RS294095_28815,train,/Users/foury333/Desktop/cv-road-damage-inspection-system-main/Pothole Mix/pothole_mix_prepared/train/images/cracks-and-potholes-in-road__919073_RS_290_290RS294095_28815.jpg,/Users/foury333/Desktop/cv-road-damage-inspection-system-main/Pothole Mix/pothole_mix_prepared/train/masks/cracks-and-potholes-in-road__919073_RS_290_290RS294095_28815.png,1024,640,95.88685607910156,14133496669214548833,10635bb19f1b1fe1e595643467ddc6b5dee9d308,1024,640,0.0,0,False,cracks-and-potholes-in-road,True,True,2788,True
train/cracks-and-potholes-in-road__919090_RS_290_290RS294095_28900,train,/Users/foury333/Desktop/cv-road-damage-inspection-system-main/Pothole Mix/pothole_mix_prepared/train/images/cracks-and-potholes-in-road__919090_RS_290_290RS294095_28900.jpg,/Users/foury333/Desktop/cv-road-damage-inspection-system-main/Pothole Mix/pothole_mix_prepared/train/masks/cracks-and-potholes-in-road__919090_RS_290_290RS294095_28900.png,1024,640,94.02354431152344,1451360668295050097,26e701cd434cc822a7a222acb69f7589528a2dc8,1024,640,0.0,0,False,cracks-and-potholes-in-road,True,True,2788,True
train/cracks-and-potholes-in-road__919101_RS_290_290RS294095_28955,train,/Users/foury333/Desktop/cv-road-damage-inspection-system-main/Pothole Mix/pothole_mix_prepared/train/images/cracks-and-potholes-in-road__919101_RS_290_290RS294095_28955.jpg,/Users/foury333/Desktop/cv-road-damage-inspection-system-main/Pothole Mix/pothole_mix_prepared/train/masks/cracks-and-potholes-in-road__919101_RS_290_290RS294095_28955.png,1024,640,93.85008239746094,10170329546884264753,e686ff2fdcf5e79f81274d5ade039117b5021c52,1024,640,0.0,0,False,cracks-and-potholes-in-road,True,True,2788,True
train/cracks-and-potholes-in-road__919106_RS_290_290RS294095_28980,train,/Users/foury333/Desktop/cv-road-damage-inspection-system-main/Pothole Mix/pothole_mix_prepared/train/images/cracks-and-potholes-in-road__919106_RS_290_290RS294095_28980.jpg,/Users/foury333/Desktop/cv-road-damage-inspection-system-main/Pothole Mix/pothole_mix_prepared/train/masks/cracks-and-potholes-in-road__919106_RS_290_290RS294095_28980.png,1024,640,96.13964080810547,14205591629465858353,d38b85e52601e9911c56d2f57c2e3f3f36f769b5,1024,640,0.0,0,False,cracks-and-potholes-in-road,True,True,2788,True
train/cracks-and-potholes-in-road__919127_RS_290_290RS294095_29085,train,/Users/foury333/Desktop/cv-road-damage-inspection-system-main/Pothole Mix/pothole_mix_prepared/train/images/cracks-and-potholes-in-road__919127_RS_290_290RS294095_29085.jpg,/Users/foury333/Desktop/cv-road-damage-inspection-system-main/Pothole Mix/pothole_mix_prepared/train/masks/cracks-and-potholes-in-road__919127_RS_290_290RS294095_29085.png,1024,640,94.42771911621094,14709977195547407153,61bd5f7a95f0022e9812b3a0aa9d91f56f0c573a,1024,640,0.0,0,False,cracks-and-potholes-in-road,True,True,2788,True
train/cracks-and-potholes-in-road__919128_RS_290_290RS294095_29090,train,/Users/foury333/Desktop/cv-road-damage-inspection-system-main/Pothole Mix/pothole_mix_prepared/train/images/cracks-and-potholes-in-road__919128_RS_290_290RS294095_29090.jpg,/Users/foury333/Desktop/cv-road-damage-inspection-system-main/Pothole Mix/pothole_mix_prepared/train/masks/cracks-and-potholes-in-road__919128_RS_290_290RS294095_29090.png,1024,640,95.28114318847656,14742045568862990641,006f06a8a5489ab3c376987623055c36ceb1d5c4,1024,640,0.0,0,False,cracks-and-potholes-in-road,True,True,2788,True
train/cracks-and-potholes-in-road__919137_RS_290_290RS294095_29135,train,/Users/foury333/Desktop/cv-road-damage-inspection-system-main/Pothole Mix/pothole_mix_prepared/train/images/cracks-and-potholes-in-road__919137_RS_290_290RS294095_29135.jpg,/Users/foury333/Desktop/cv-road-damage-inspection-system-main/Pothole Mix/pothole_mix_prepared/train/masks/cracks-and-potholes-in-road__919137_RS_290_290RS294095_29135.png,1024,640,92.54408264160156,14710292222808634161,ddda3e6d59cb5fa47ed3df8f71cbe61dbc4c56f5,1024,640,0.0,0,False,cracks-and-potholes-in-road,True,True,2788,True
train/cracks-and-potholes-in-road__919138_RS_290_290RS294095_29140,train,/Users/foury333/Desktop/cv-road-damage-inspection-system-main/Pothole Mix/pothole_mix_prepared/train/images/cracks-and-potholes-in-road__919138_RS_290_290RS294095_29140.jpg,/Users/foury333/Desktop/cv-road-damage-inspection-system-main/Pothole Mix/pothole_mix_prepared/train/masks/cracks-and-potholes-in-road__919138_RS_290_290RS294095_29140.png,1024,640,92.74527740478516,14710239446250435361,973b784c22af6025b8572a734baede8c44b75448,1024,640,0.0,0,False,cracks-and-potholes-in-road,True,True,2788,True
train/cracks-and-potholes-in-road__919139_RS_290_290RS294095_29145,train,/Users/foury333/Desktop/cv-road-damage-inspection-system-main/Pothole Mix/pothole_mix_prepared/train/images/cracks-and-potholes-in-road__919139_RS_290_290RS294095_29145.jpg,/Users/foury333/Desktop/cv-road-damage-inspection-system-main/Pothole Mix/pothole_mix_prepared/train/masks/cracks-and-potholes-in-road__919139_RS_290_290RS294095_29145.png,1024,640,93.23380279541016,14714760088308032357,6473fee6aaf23041795270554164d0623e5957a5,1024,640,0.0,0,False,cracks-and-potholes-in-road,True,True,2788,True
train/cracks-and-potholes-in-road__919140_RS_290_290RS294095_29150,train,/Users/foury333/Desktop/cv-road-damage-inspection-system-main/Pothole Mix/pothole_mix_prepared/train/images/cracks-and-potholes-in-road__919140_RS_290_290RS294095_29150.jpg,/Users/foury333/Desktop/cv-road-damage-inspection-system-main/Pothole Mix/pothole_mix_prepared/train/masks/cracks-and-potholes-in-road__919140_RS_290_290RS294095_29150.png,1024,640,92.48316955566406,10098571020613071649,d8d3077024cde4ca52bdf0e4d087c22ef1b7a6c1,1024,640,0.0,0,False,cracks-and-potholes-in-road,True,True,2788,True
train/cracks-and-potholes-in-road__919142_RS_290_290RS294095_29160,train,/Users/foury333/Desktop/cv-road-damage-inspection-system-main/Pothole Mix/pothole_mix_prepared/train/images/cracks-and-potholes-in-road__919142_RS_290_290RS294095_29160.jpg,/Users/foury333/Desktop/cv-road-damage-inspection-system-main/Pothole Mix/pothole_mix_prepared/train/masks/cracks-and-potholes-in-road__919142_RS_290_290RS294095_29160.png,1024,640,92.6462173461914,14710257038503584611,219033a499d709f821fe740716d1d67d594095a1,1024,640,0.0,0,False,cracks-and-potholes-in-road,True,True,2788,True
train/cracks-and-potholes-in-road__919143_RS_290_290RS294095_29165,train,/Users/foury333/Desktop/cv-road-damage-inspection-system-main/Pothole Mix/pothole_mix_prepared/train/images/cracks-and-potholes-in-road__919143_RS_290_290RS294095_29165.jpg,/Users/foury333/Desktop/cv-road-damage-inspection-system-main/Pothole Mix/pothole_mix_prepared/train/masks/cracks-and-potholes-in-road__919143_RS_290_290RS294095_29165.png,1024,640,91.67915344238281,14712491246131229539,29d7a16fa0f870b96d3dd62a110e7faf8e17fbbe,1024,640,0.0,0,False,cracks-and-potholes-in-road,True,True,2788,True
train/cracks-and-potholes-in-road__919144_RS_290_290RS294095_29170,train,/Users/foury333/Desktop/cv-road-damage-inspection-system-main/Pothole Mix/pothole_mix_prepared/train/images/cracks-and-potholes-in-road__919144_RS_290_290RS294095_29170.jpg,/Users/foury333/Desktop/cv-road-damage-inspection-system-main/Pothole Mix/pothole_mix_prepared/train/masks/cracks-and-potholes-in-road__919144_RS_290_290RS294095_29170.png,1024,640,92.322509765625,10100840412343313251,aed92819bcfc81571c58007b467e96122bf684db,1024,640,0.0,0,False,cracks-and-potholes-in-road,True,True,2788,True
train/cracks-and-potholes-in-road__919149_RS_290_290RS294095_29196,train,/Users/foury333/Desktop/cv-road-damage-inspection-system-main/Pothole Mix/pothole_mix_prepared/train/images/cracks-and-potholes-in-road__919149_RS_290_290RS294095_29196.jpg,/Users/foury333/Desktop/cv-road-damage-inspection-system-main/Pothole Mix/pothole_mix_prepared/train/masks/cracks-and-potholes-in-road__919149_RS_290_290RS294095_29196.png,1024,640,89.94085693359375,14741781686609195889,c122e0bc18effcf6d519bc3a1c8f77d7bbb3c968,1024,640,0.0,0,False,cracks-and-potholes-in-road,True,True,2788,True
train/cracks-and-potholes-in-road__919150_RS_290_290RS294095_29201,train,/Users/foury333/Desktop/cv-road-damage-inspection-system-main/Pothole Mix/pothole_mix_prepared/train/images/cracks-and-potholes-in-road__919150_RS_290_290RS294095_29201.jpg,/Users/foury333/Desktop/cv-road-damage-inspection-system-main/Pothole Mix/pothole_mix_prepared/train/masks/cracks-and-potholes-in-road__919150_RS_290_290RS294095_29201.png,1024,640,90.94099426269531,14460341893733770085,cd03443f322925fe214ac132c476147dd0253a02,1024,640,0.0,0,False,cracks-and-potholes-in-road,True,True,2788,True
train/cracks-and-potholes-in-road__919151_RS_290_290RS294095_29205,train,/Users/foury333/Desktop/cv-road-damage-inspection-system-main/Pothole Mix/pothole_mix_prepared/train/images/cracks-and-potholes-in-road__919151_RS_290_290RS294095_29205.jpg,/Users/foury333/Desktop/cv-road-damage-inspection-system-main/Pothole Mix/pothole_mix_prepared/train/masks/cracks-and-potholes-in-road__919151_RS_290_290RS294095_29205.png,1024,640,90.42552185058594,14462541466736735089,eaa334a31fd9c8b28a86d7683e9298df3bf22f2f,1024,640,0.0,0,False,cracks-and-potholes-in-road,True,True,2788,True
train/cracks-and-potholes-in-road__919153_RS_290_290RS294095_29215,train,/Users/foury333/Desktop/cv-road-damage-inspection-system-main/Pothole Mix/pothole_mix_prepared/train/images/cracks-and-potholes-in-road__919153_RS_290_290RS294095_29215.jpg,/Users/foury333/Desktop/cv-road-damage-inspection-system-main/Pothole Mix/pothole_mix_prepared/train/masks/cracks-and-potholes-in-road__919153_RS_290_290RS294095_29215.png,1024,640,90.19902038574219,14460324301547647841,31bfe5de6961dc9f6f52b13d116f0e0775f96a18,1024,640,0.0,0,False,cracks-and-potholes-in-road,True,True,2788,True
train/cracks-and-potholes-in-road__919154_RS_290_290RS294095_29220,train,/Users/foury333/Desktop/cv-road-damage-inspection-system-main/Pothole Mix/pothole_mix_prepared/train/images/cracks-and-potholes-in-road__919154_RS_290_290RS294095_29220.jpg,/Users/foury333/Desktop/cv-road-damage-inspection-system-main/Pothole Mix/pothole_mix_prepared/train/masks/cracks-and-potholes-in-road__919154_RS_290_290RS294095_29220.png,1024,640,88.38006591796875,14421727595122013027,35d6360fc2bddb9f673676c865c5a67a7acca2d7,1024,640,0.0,0,False,cracks-and-potholes-in-road,True,True,2788,True
train/cracks-and-potholes-in-road__919155_RS_290_290RS294095_29225,train,/Users/foury333/Desktop/cv-road-damage-inspection-system-main/Pothole Mix/pothole_mix_prepared/train/images/cracks-and-potholes-in-road__919155_RS_290_290RS294095_29225.jpg,/Users/foury333/Desktop/cv-road-damage-inspection-system-main/Pothole Mix/pothole_mix_prepared/train/masks/cracks-and-potholes-in-road__919155_RS_290_290RS294095_29225.png,1024,640,89.09862518310547,14708005238689903459,1eed60435935d56e4ecb3d58d5c837f0527c084e,1024,640,0.0,0,False,cracks-and-potholes-in-road,True,True,2788,True
train/cracks-and-potholes-in-road__919159_RS_290_290RS294095_29245,train,/Users/foury333/Desktop/cv-road-damage-inspection-system-main/Pothole Mix/pothole_mix_prepared/train/images/cracks-and-potholes-in-road__919159_RS_290_290RS294095_29245.jpg,/Users/foury333/Desktop/cv-road-damage-inspection-system-main/Pothole Mix/pothole_mix_prepared/train/masks/cracks-and-potholes-in-road__919159_RS_290_290RS294095_29245.png,1024,640,88.15162658691406,14422026662284768097,e3b139966987f49d3f856b8abd3b70fc824131d0,1024,640,0.0,0,False,cracks-and-potholes-in-road,True,True,2788,True
train/cracks-and-potholes-in-road__919164_RS_290_290RS294095_29271,train,/Users/foury333/Desktop/cv-road-damage-inspection-system-main/Pothole Mix/pothole_mix_prepared/train/images/cracks-and-potholes-in-road__919164_RS_290_290RS294095_29271.jpg,/Users/foury333/Desktop/cv-road-damage-inspection-system-main/Pothole Mix/pothole_mix_prepared/train/masks/cracks-and-potholes-in-road__919164_RS_290_290RS294095_29271.png,1024,640,91.34017181396484,14741517804355396385,7a315be3ae89e56e07f6992a8033dec8a7837214,1024,640,0.0,0,False,cracks-and-potholes-in-road,True,True,2788,True
train/cracks-and-potholes-in-road__919165_RS_290_290RS294095_29275,train,/Users/foury333/Desktop/cv-road-damage-inspection-system-main/Pothole Mix/pothole_mix_prepared/train/images/cracks-and-potholes-in-road__919165_RS_290_290RS294095_29275.jpg,/Users/foury333/Desktop/cv-road-damage-inspection-system-main/Pothole Mix/pothole_mix_prepared/train/masks/cracks-and-potholes-in-road__919165_RS_290_290RS294095_29275.png,1024,640,91.88037109375,14705436229704561505,e6be6b3d314d4ab73e13a32d55cba773860ee38c,1024,640,0.0,0,False,cracks-and-potholes-in-road,True,True,2788,True
train/cracks-and-potholes-in-road__919166_RS_290_290RS294095_29280,train,/Users/foury333/Desktop/cv-road-damage-inspection-system-main/Pothole Mix/pothole_mix_prepared/train/images/cracks-and-potholes-in-road__919166_RS_290_290RS294095_29280.jpg,/Users/foury333/Desktop/cv-road-damage-inspection-system-main/Pothole Mix/pothole_mix_prepared/train/masks/cracks-and-potholes-in-road__919166_RS_290_290RS294095_29280.png,1024,640,89.5828857421875,14457740450294116641,684b7777a440e14617f4d99266a56639ec2a9a7a,1024,640,0.0,0,False,cracks-and-potholes-in-road,True,True,2788,True
train/cracks-and-potholes-in-road__919167_RS_290_290RS294095_29285,train,/Users/foury333/Desktop/cv-road-damage-inspection-system-main/Pothole Mix/pothole_mix_prepared/train/images/cracks-and-potholes-in-road__919167_RS_290_290RS294095_29285.jpg,/Users/foury333/Desktop/cv-road-damage-inspection-system-main/Pothole Mix/pothole_mix_prepared/train/masks/cracks-and-potholes-in-road__919167_RS_290_290RS294095_29285.png,1024,640,89.40296936035156,13847553260068745521,02d3637ecb6abf3e51a1fd7632f9ed606045f888,1024,640,0.0,0,False,cracks-and-potholes-in-road,True,True,2788,True
train/cracks-and-potholes-in-road__919203_RS_290_290RS294095_29465,train,/Users/foury333/Desktop/cv-road-damage-inspection-system-main/Pothole Mix/pothole_mix_prepared/train/images/cracks-and-potholes-in-road__919203_RS_290_290RS294095_29465.jpg,/Users/foury333/Desktop/cv-road-damage-inspection-system-main/Pothole Mix/pothole_mix_prepared/train/masks/cracks-and-potholes-in-road__919203_RS_290_290RS294095_29465.png,1024,640,94.07453918457031,14709904644959843105,bd60da0479998e45f1ebc555f9a3d17e54841646,1024,640,0.0,0,False,cracks-and-potholes-in-road,True,True,2788,True
train/cracks-and-potholes-in-road__919204_RS_290_290RS294095_29470,train,/Users/foury333/Desktop/cv-road-damage-inspection-system-main/Pothole Mix/pothole_mix_prepared/train/images/cracks-and-potholes-in-road__919204_RS_290_290RS294095_29470.jpg,/Users/foury333/Desktop/cv-road-damage-inspection-system-main/Pothole Mix/pothole_mix_prepared/train/masks/cracks-and-potholes-in-road__919204_RS_290_290RS294095_29470.png,1024,640,94.81248474121094,14709992605890065265,06b47f7eea035a462f8d049b065fb3a4ee70f047,1024,640,0.0,0,False,cracks-and-potholes-in-road,True,True,2788,True
train/cracks-and-potholes-in-road__919207_RS_290_290RS294095_29485,train,/Users/foury333/Desktop/cv-road-damage-inspection-system-main/Pothole Mix/pothole_mix_prepared/train/images/cracks-and-potholes-in-road__919207_RS_290_290RS294095_29485.jpg,/Users/foury333/Desktop/cv-road-damage-inspection-system-main/Pothole Mix/pothole_mix_prepared/train/masks/cracks-and-potholes-in-road__919207_RS_290_290RS294095_29485.png,1024,640,93.93009948730469,14710186119936549217,1f1bccb7a7809c958a10389529c5d285dd7a867a,1024,640,0.0,0,False,cracks-and-potholes-in-road,True,True,2788,True
train/cracks-and-potholes-in-road__919208_RS_290_290RS294095_29490,train,/Users/foury333/Desktop/cv-road-damage-inspection-system-main/Pothole Mix/pothole_mix_prepared/train/images/cracks-and-potholes-in-road__919208_RS_290_290RS294095_29490.jpg,/Users/foury333/Desktop/cv-road-damage-inspection-system-main/Pothole Mix/pothole_mix_prepared/train/masks/cracks-and-potholes-in-road__919208_RS_290_290RS294095_29490.png,1024,640,93.50882720947266,14710238896494682977,e9a5ad2411c5ddce73a2b36a16f6936bda27d968,1024,640,0.0,0,False,cracks-and-potholes-in-road,True,True,2788,True
train/cracks-and-potholes-in-road__919209_RS_290_290RS294095_29495,train,/Users/foury333/Desktop/cv-road-damage-inspection-system-main/Pothole Mix/pothole_mix_prepared/train/images/cracks-and-potholes-in-road__919209_RS_290_290RS294095_29495.jpg,/Users/foury333/Desktop/cv-road-damage-inspection-system-main/Pothole Mix/pothole_mix_prepared/train/masks/cracks-and-potholes-in-road__919209_RS_290_290RS294095_29495.png,1024,640,95.2627182006836,14739248961036690273,0b71e844d9afe3593532afed33df34a47dd9551f,1024,640,0.0,0,False,cracks-and-potholes-in-road,True,True,2788,True
train/cracks-and-potholes-in-road__919210_RS_290_290RS294095_29500,train,/Users/foury333/Desktop/cv-road-damage-inspection-system-main/Pothole Mix/pothole_mix_prepared/train/images/cracks-and-potholes-in-road__919210_RS_290_290RS294095_29500.jpg,/Users/foury333/Desktop/cv-road-damage-inspection-system-main/Pothole Mix/pothole_mix_prepared/train/masks/cracks-and-potholes-in-road__919210_RS_290_290RS294095_29500.png,1024,640,93.7444076538086,14737278086444950369,f604481a01ee5c719472d28291573933540eae01,1024,640,0.0,0,False,cracks-and-potholes-in-road,True,True,2788,True
train/cracks-and-potholes-in-road__919215_RS_290_290RS294095_29525,train,/Users/foury333/Desktop/cv-road-damage-inspection-system-main/Pothole Mix/pothole_mix_prepared/train/images/cracks-and-potholes-in-road__919215_RS_290_290RS294095_29525.jpg,/Users/foury333/Desktop/cv-road-damage-inspection-system-main/Pothole Mix/pothole_mix_prepared/train/masks/cracks-and-potholes-in-road__919215_RS_290_290RS294095_29525.png,1024,640,91.96015930175781,14746021402906931505,bd9246b9e7debc9d029ad47e9f2a204ce45d9318,1024,640,0.0,0,False,cracks-and-potholes-in-road,True,True,2788,True
train/cracks-and-potholes-in-road__919218_RS_290_290RS294095_29540,train,/Users/foury333/Desktop/cv-road-damage-inspection-system-main/Pothole Mix/pothole_mix_prepared/train/images/cracks-and-potholes-in-road__919218_RS_290_290RS294095_29540.jpg,/Users/foury333/Desktop/cv-road-damage-inspection-system-main/Pothole Mix/pothole_mix_prepared/train/masks/cracks-and-potholes-in-road__919218_RS_290_290RS294095_29540.png,1024,640,94.19937133789062,14745933441978807137,40cf610183f22c91e2a2ea1ce6282615931f739d,1024,640,0.0,0,False,cracks-and-potholes-in-road,True,True,2788,True
train/cracks-and-potholes-in-road__919242_RS_290_290RS294095_29660,train,/Users/foury333/Desktop/cv-road-damage-inspection-system-main/Pothole Mix/pothole_mix_prepared/train/images/cracks-and-potholes-in-road__919242_RS_290_290RS294095_29660.jpg,/Users/foury333/Desktop/cv-road-damage-inspection-system-main/Pothole Mix/pothole_mix_prepared/train/masks/cracks-and-potholes-in-road__919242_RS_290_290RS294095_29660.png,1024,640,90.96977233886719,14169560581952119653,fa841fea01607a8db8e39e21fe10deda8e13755d,1024,640,0.0,0,False,cracks-and-potholes-in-road,True,True,2788,True
train/cracks-and-potholes-in-road__919243_RS_290_290RS294095_29665,train,/Users/foury333/Desktop/cv-road-damage-inspection-system-main/Pothole Mix/pothole_mix_prepared/train/images/cracks-and-potholes-in-road__919243_RS_290_290RS294095_29665.jpg,/Users/foury333/Desktop/cv-road-damage-inspection-system-main/Pothole Mix/pothole_mix_prepared/train/masks/cracks-and-potholes-in-road__919243_RS_290_290RS294095_29665.png,1024,640,90.01170349121094,16439374862799217509,518912780bfe3d5519a7a66b6fb4cc50249718ae,1024,640,0.0,0,False,cracks-and-potholes-in-road,True,True,2788,True
train/cracks-and-potholes-in-road__919249_RS_290_290RS294095_29695,train,/Users/foury333/Desktop/cv-road-damage-inspection-system-main/Pothole Mix/pothole_mix_prepared/train/images/cracks-and-potholes-in-road__919249_RS_290_290RS294095_29695.jpg,/Users/foury333/Desktop/cv-road-damage-inspection-system-main/Pothole Mix/pothole_mix_prepared/train/masks/cracks-and-potholes-in-road__919249_RS_290_290RS294095_29695.png,1024,640,92.06275939941406,16475685134863049569,2636efd9582808bccda3c46b2a1b4cd18473ce91,1024,640,0.0,0,False,cracks-and-potholes-in-road,True,True,2788,True
train/cracks-and-potholes-in-road__919252_RS_290_290RS294095_29711,train,/Users/foury333/Desktop/cv-road-damage-inspection-system-main/Pothole Mix/pothole_mix_prepared/train/images/cracks-and-potholes-in-road__919252_RS_290_290RS294095_29711.jpg,/Users/foury333/Desktop/cv-road-damage-inspection-system-main/Pothole Mix/pothole_mix_prepared/train/masks/cracks-and-potholes-in-road__919252_RS_290_290RS294095_29711.png,1024,640,91.91795349121094,14169525947335844707,46edde603c77c4054b8b62c6ba59c734bf7a7d62,1024,640,0.10894775390625001,1,False,cracks-and-potholes-in-road,True,False,2788,True
train/cracks-and-potholes-in-road__919262_RS_290_290RS294095_29760,train,/Users/foury333/Desktop/cv-road-damage-inspection-system-main/Pothole Mix/pothole_mix_prepared/train/images/cracks-and-potholes-in-road__919262_RS_290_290RS294095_29760.jpg,/Users/foury333/Desktop/cv-road-damage-inspection-system-main/Pothole Mix/pothole_mix_prepared/train/masks/cracks-and-potholes-in-road__919262_RS_290_290RS294095_29760.png,1024,640,92.0977783203125,14241873881162982243,3799363b0122b5cc86a026096ff1ca315b0800f1,1024,640,0.050506591796875,1,False,cracks-and-potholes-in-road,True,False,2788,True
train/cracks-and-potholes-in-road__919263_RS_290_290RS294095_29766,train,/Users/foury333/Desktop/cv-road-damage-inspection-system-main/Pothole Mix/pothole_mix_prepared/train/images/cracks-and-potholes-in-road__919263_RS_290_290RS294095_29766.jpg,/Users/foury333/Desktop/cv-road-damage-inspection-system-main/Pothole Mix/pothole_mix_prepared/train/masks/cracks-and-potholes-in-road__919263_RS_290_290RS294095_29766.png,1024,640,92.80384826660156,13018891495634248545,408a1b9f2d5252e177eadd7586e18bd8f449df0b,1024,640,0.12145996093749999,1,False,cracks-and-potholes-in-road,True,False,2788,True
train/cracks-and-potholes-in-road__919265_RS_290_290RS294095_29776,train,/Users/foury333/Desktop/cv-road-damage-inspection-system-main/Pothole Mix/pothole_mix_prepared/train/images/cracks-and-potholes-in-road__919265_RS_290_290RS294095_29776.jpg,/Users/foury333/Desktop/cv-road-damage-inspection-system-main/Pothole Mix/pothole_mix_prepared/train/masks/cracks-and-potholes-in-road__919265_RS_290_290RS294095_29776.png,1024,640,92.09794616699219,14748247364257063779,c2e5fd89a69edb596e8f2008b82ed2211f04fd6e,1024,640,0.0,0,False,cracks-and-potholes-in-road,True,True,2788,True
train/cracks-and-potholes-in-road__919267_RS_290_290RS294095_29785,train,/Users/foury333/Desktop/cv-road-damage-inspection-system-main/Pothole Mix/pothole_mix_prepared/train/images/cracks-and-potholes-in-road__919267_RS_290_290RS294095_29785.jpg,/Users/foury333/Desktop/cv-road-damage-inspection-system-main/Pothole Mix/pothole_mix_prepared/train/masks/cracks-and-potholes-in-road__919267_RS_290_290RS294095_29785.png,1024,640,92.41609954833984,16477937484431500135,78d5b27839df46259154fc6d8ee6637bd457c2c1,1024,640,0.0,0,False,cracks-and-potholes-in-road,True,True,2788,True
train/cracks-and-potholes-in-road__919268_RS_290_290RS294095_29790,train,/Users/foury333/Desktop/cv-road-damage-inspection-system-main/Pothole Mix/pothole_mix_prepared/train/images/cracks-and-potholes-in-road__919268_RS_290_290RS294095_29790.jpg,/Users/foury333/Desktop/cv-road-damage-inspection-system-main/Pothole Mix/pothole_mix_prepared/train/masks/cracks-and-potholes-in-road__919268_RS_290_290RS294095_29790.png,1024,640,90.8886947631836,16475650500179669859,a9a6c984e9bcf03a5e9321ea60928eab4c49a9bb,1024,640,0.0,0,False,cracks-and-potholes-in-road,True,True,2788,True
train/cracks-and-potholes-in-road__919274_RS_290_290RS294095_29820,train,/Users/foury333/Desktop/cv-road-damage-inspection-system-main/Pothole Mix/pothole_mix_prepared/train/images/cracks-and-potholes-in-road__919274_RS_290_290RS294095_29820.jpg,/Users/foury333/Desktop/cv-road-damage-inspection-system-main/Pothole Mix/pothole_mix_prepared/train/masks/cracks-and-potholes-in-road__919274_RS_290_290RS294095_29820.png,1024,640,91.46543884277344,14745986768359793507,1be23b9a1583bbd7a2aefd4086a7a1d059a6368a,1024,640,0.0,0,False,cracks-and-potholes-in-road,True,True,2788,True
train/cracks-and-potholes-in-road__919277_RS_290_290RS294095_29836,train,/Users/foury333/Desktop/cv-road-damage-inspection-system-main/Pothole Mix/pothole_mix_prepared/train/images/cracks-and-potholes-in-road__919277_RS_290_290RS294095_29836.jpg,/Users/foury333/Desktop/cv-road-damage-inspection-system-main/Pothole Mix/pothole_mix_prepared/train/masks/cracks-and-potholes-in-road__919277_RS_290_290RS294095_29836.png,1024,640,91.17427062988281,10098271952913445747,ecf76f160096919028e9f4c1b42be61e37c1af48,1024,640,0.0,0,False,cracks-and-potholes-in-road,True,True,2788,True
train/cracks-and-potholes-in-road__919293_RS_290_290RS294095_29915,train,/Users/foury333/Desktop/cv-road-damage-inspection-system-main/Pothole Mix/pothole_mix_prepared/train/images/cracks-and-potholes-in-road__919293_RS_290_290RS294095_29915.jpg,/Users/foury333/Desktop/cv-road-damage-inspection-system-main/Pothole Mix/pothole_mix_prepared/train/masks/cracks-and-potholes-in-road__919293_RS_290_290RS294095_29915.png,1024,640,93.13444519042969,14710274012147234675,beef1c765de313fa522c2b861b39662619f8c8f9,1024,640,0.0,0,False,cracks-and-potholes-in-road,True,True,2788,True
train/cracks-and-potholes-in-road__919294_RS_290_290RS294095_29920,train,/Users/foury333/Desktop/cv-road-damage-inspection-system-main/Pothole Mix/pothole_mix_prepared/train/images/cracks-and-potholes-in-road__919294_RS_290_290RS294095_29920.jpg,/Users/foury333/Desktop/cv-road-damage-inspection-system-main/Pothole Mix/pothole_mix_prepared/train/masks/cracks-and-potholes-in-road__919294_RS_290_290RS294095_29920.png,1024,640,92.86386108398438,15286734833170199411,9906531dc06caf61b60510b00372fcf6a868493a,1024,640,0.0,0,False,cracks-and-potholes-in-road,True,True,2788,True
train/cracks-and-potholes-in-road__919349_RS_290_290RS294095_30195,train,/Users/foury333/Desktop/cv-road-damage-inspection-system-main/Pothole Mix/pothole_mix_prepared/train/images/cracks-and-potholes-in-road__919349_RS_290_290RS294095_30195.jpg,/Users/foury333/Desktop/cv-road-damage-inspection-system-main/Pothole Mix/pothole_mix_prepared/train/masks/cracks-and-potholes-in-road__919349_RS_290_290RS294095_30195.png,1024,640,92.83757019042969,17630542321091240803,bf8b5d42d4486c35211074e5432abbb1881c58b3,1024,640,0.10391235351562499,1,False,cracks-and-potholes-in-road,True,False,2788,True
train/cracks-and-potholes-in-road__919350_RS_290_290RS294095_30200,train,/Users/foury333/Desktop/cv-road-damage-inspection-system-main/Pothole Mix/pothole_mix_prepared/train/images/cracks-and-potholes-in-road__919350_RS_290_290RS294095_30200.jpg,/Users/foury333/Desktop/cv-road-damage-inspection-system-main/Pothole Mix/pothole_mix_prepared/train/masks/cracks-and-potholes-in-road__919350_RS_290_290RS294095_30200.png,1024,640,93.05142974853516,17630551117184246371,a433f4fa5a2ab6c735421ba693b2d4e2a538e441,1024,640,0.40771484375,1,False,cracks-and-potholes-in-road,True,False,2788,True
train/cracks-and-potholes-in-road__919356_RS_290_290RS294095_30230,train,/Users/foury333/Desktop/cv-road-damage-inspection-system-main/Pothole Mix/pothole_mix_prepared/train/images/cracks-and-potholes-in-road__919356_RS_290_290RS294095_30230.jpg,/Users/foury333/Desktop/cv-road-damage-inspection-system-main/Pothole Mix/pothole_mix_prepared/train/masks/cracks-and-potholes-in-road__919356_RS_290_290RS294095_30230.png,1024,640,92.6139144897461,17628325714181895009,e908d236244310da05f305b3d0be9321dcfb58b5,1024,640,0.0,0,False,cracks-and-potholes-in-road,True,True,2788,True
train/cracks-and-potholes-in-road__919357_RS_290_290RS294095_30235,train,/Users/foury333/Desktop/cv-road-damage-inspection-system-main/Pothole Mix/pothole_mix_prepared/train/images/cracks-and-potholes-in-road__919357_RS_290_290RS294095_30235.jpg,/Users/foury333/Desktop/cv-road-damage-inspection-system-main/Pothole Mix/pothole_mix_prepared/train/masks/cracks-and-potholes-in-road__919357_RS_290_290RS294095_30235.png,1024,640,93.51881408691406,17628334510274982753,db87bf78957dec57e0dd71c71b973c998596dbc0,1024,640,0.0,0,False,cracks-and-potholes-in-road,True,True,2788,True
train/cracks-and-potholes-in-road__919374_RS_290_290RS294095_30320,train,/Users/foury333/Desktop/cv-road-damage-inspection-system-main/Pothole Mix/pothole_mix_prepared/train/images/cracks-and-potholes-in-road__919374_RS_290_290RS294095_30320.jpg,/Users/foury333/Desktop/cv-road-damage-inspection-system-main/Pothole Mix/pothole_mix_prepared/train/masks/cracks-and-potholes-in-road__919374_RS_290_290RS294095_30320.png,1024,640,93.64445495605469,15322482706039911217,6964de1bea77aa486e5962c4e191d431d5d1ddd1,1024,640,0.0,0,False,cracks-and-potholes-in-road,True,True,2788,True
train/cracks-and-potholes-in-road__919398_RS_290_290RS294095_30440,train,/Users/foury333/Desktop/cv-road-damage-inspection-system-main/Pothole Mix/pothole_mix_prepared/train/images/cracks-and-potholes-in-road__919398_RS_290_290RS294095_30440.jpg,/Users/foury333/Desktop/cv-road-damage-inspection-system-main/Pothole Mix/pothole_mix_prepared/train/masks/cracks-and-potholes-in-road__919398_RS_290_290RS294095_30440.png,1024,640,92.88673400878906,10674767889520796483,c7e58290aa2b3b8d5128301a62b9c96dd1d61898,1024,640,0.0,0,False,cracks-and-potholes-in-road,True,True,2788,True
train/cracks-and-potholes-in-road__919399_RS_290_290RS294095_30445,train,/Users/foury333/Desktop/cv-road-damage-inspection-system-main/Pothole Mix/pothole_mix_prepared/train/images/cracks-and-potholes-in-road__919399_RS_290_290RS294095_30445.jpg,/Users/foury333/Desktop/cv-road-damage-inspection-system-main/Pothole Mix/pothole_mix_prepared/train/masks/cracks-and-potholes-in-road__919399_RS_290_290RS294095_30445.png,1024,640,93.1820068359375,15286453907948184419,2b4ba5d6c0b7a7d430e0ba1c89faae703171373d,1024,640,0.0,0,False,cracks-and-potholes-in-road,True,True,2788,True
train/cracks-and-potholes-in-road__919412_RS_290_290RS294095_30511,train,/Users/foury333/Desktop/cv-road-damage-inspection-system-main/Pothole Mix/pothole_mix_prepared/train/images/cracks-and-potholes-in-road__919412_RS_290_290RS294095_30511.jpg,/Users/foury333/Desktop/cv-road-damage-inspection-system-main/Pothole Mix/pothole_mix_prepared/train/masks/cracks-and-potholes-in-road__919412_RS_290_290RS294095_30511.png,1024,640,87.66767120361328,15286453289474011953,06e8410c4ac93699cf02666c91501eebc73d599a,1024,640,0.0,0,False,cracks-and-potholes-in-road,True,True,2788,True
train/cracks-and-potholes-in-road__919413_RS_290_290RS294095_30515,train,/Users/foury333/Desktop/cv-road-damage-inspection-system-main/Pothole Mix/pothole_mix_prepared/train/images/cracks-and-potholes-in-road__919413_RS_290_290RS294095_30515.jpg,/Users/foury333/Desktop/cv-road-damage-inspection-system-main/Pothole Mix/pothole_mix_prepared/train/masks/cracks-and-potholes-in-road__919413_RS_290_290RS294095_30515.png,1024,640,88.16253662109375,15286418723577209637,0f3a47b7f2b9c9cb9f4d9692d1a94666adff6270,1024,640,0.0,0,False,cracks-and-potholes-in-road,True,True,2788,True
train/cracks-and-potholes-in-road__919454_RS_290_290RS294095_30720,train,/Users/foury333/Desktop/cv-road-damage-inspection-system-main/Pothole Mix/pothole_mix_prepared/train/images/cracks-and-potholes-in-road__919454_RS_290_290RS294095_30720.jpg,/Users/foury333/Desktop/cv-road-damage-inspection-system-main/Pothole Mix/pothole_mix_prepared/train/masks/cracks-and-potholes-in-road__919454_RS_290_290RS294095_30720.png,1024,640,91.55891418457031,15322482104879229241,66d0d25e4b35067336dcfb663e56c333d9e2f25a,1024,640,0.0,0,False,cracks-and-potholes-in-road,True,True,2788,True
train/cracks-and-potholes-in-road__919470_RS_290_290RS294095_30800,train,/Users/foury333/Desktop/cv-road-damage-inspection-system-main/Pothole Mix/pothole_mix_prepared/train/images/cracks-and-potholes-in-road__919470_RS_290_290RS294095_30800.jpg,/Users/foury333/Desktop/cv-road-damage-inspection-system-main/Pothole Mix/pothole_mix_prepared/train/masks/cracks-and-potholes-in-road__919470_RS_290_290RS294095_30800.png,1024,640,92.2761459350586,15034260507505402625,3d98ec6d01791c9819b05998599c44b557ddacec,1024,640,0.0,0,False,cracks-and-potholes-in-road,True,True,2788,True
train/cracks-and-potholes-in-road__919474_RS_290_290RS294095_30820,train,/Users/foury333/Desktop/cv-road-damage-inspection-system-main/Pothole Mix/pothole_mix_prepared/train/images/cracks-and-potholes-in-road__919474_RS_290_290RS294095_30820.jpg,/Users/foury333/Desktop/cv-road-damage-inspection-system-main/Pothole Mix/pothole_mix_prepared/train/masks/cracks-and-potholes-in-road__919474_RS_290_290RS294095_30820.png,1024,640,90.84544372558594,17304065906561460521,3f7257f17a143a030d6eb29dda9b0d7f72d41dac,1024,640,0.0,0,False,cracks-and-potholes-in-road,True,True,2788,True
train/cracks-and-potholes-in-road__919481_RS_290_290RS294095_30855,train,/Users/foury333/Desktop/cv-road-damage-inspection-system-main/Pothole Mix/pothole_mix_prepared/train/images/cracks-and-potholes-in-road__919481_RS_290_290RS294095_30855.jpg,/Users/foury333/Desktop/cv-road-damage-inspection-system-main/Pothole Mix/pothole_mix_prepared/train/masks/cracks-and-potholes-in-road__919481_RS_290_290RS294095_30855.png,1024,640,91.61878967285156,17340095304876896561,f144a298d18663d17780b59f826f4614d9d174b7,1024,640,0.0,0,False,cracks-and-potholes-in-road,True,True,2788,True
train/cracks-and-potholes-in-road__919488_RS_290_290RS294095_30891,train,/Users/foury333/Desktop/cv-road-damage-inspection-system-main/Pothole Mix/pothole_mix_prepared/train/images/cracks-and-potholes-in-road__919488_RS_290_290RS294095_30891.jpg,/Users/foury333/Desktop/cv-road-damage-inspection-system-main/Pothole Mix/pothole_mix_prepared/train/masks/cracks-and-potholes-in-road__919488_RS_290_290RS294095_30891.png,1024,640,93.4579849243164,17340095338029130597,6c1bf8e1a517fe4ea71278d23d0344fa0831ea4a,1024,640,0.5560302734375,1,False,cracks-and-potholes-in-road,True,False,2788,True
train/cracks-and-potholes-in-road__919492_RS_290_290RS294095_30910,train,/Users/foury333/Desktop/cv-road-damage-inspection-system-main/Pothole Mix/pothole_mix_prepared/train/images/cracks-and-potholes-in-road__919492_RS_290_290RS294095_30910.jpg,/Users/foury333/Desktop/cv-road-damage-inspection-system-main/Pothole Mix/pothole_mix_prepared/train/masks/cracks-and-potholes-in-road__919492_RS_290_290RS294095_30910.png,1024,640,92.11333465576172,17306283147928937283,5665d3f66b920a5d2f2d1bdb4390f6f26f101289,1024,640,0.273590087890625,1,False,cracks-and-potholes-in-road,True,False,2788,True
train/cracks-and-potholes-in-road__919493_RS_290_290RS294095_30915,train,/Users/foury333/Desktop/cv-road-damage-inspection-system-main/Pothole Mix/pothole_mix_prepared/train/images/cracks-and-potholes-in-road__919493_RS_290_290RS294095_30915.jpg,/Users/foury333/Desktop/cv-road-damage-inspection-system-main/Pothole Mix/pothole_mix_prepared/train/masks/cracks-and-potholes-in-road__919493_RS_290_290RS294095_30915.png,1024,640,92.62156677246094,17340095338029130593,83755b7bebdc1e19e7a4a44e723cde82be517f5a,1024,640,0.0,0,False,cracks-and-potholes-in-road,True,True,2788,True
train/cracks-and-potholes-in-road__919523_RS_290_290RS294095_31066,train,/Users/foury333/Desktop/cv-road-damage-inspection-system-main/Pothole Mix/pothole_mix_prepared/train/images/cracks-and-potholes-in-road__919523_RS_290_290RS294095_31066.jpg,/Users/foury333/Desktop/cv-road-damage-inspection-system-main/Pothole Mix/pothole_mix_prepared/train/masks/cracks-and-potholes-in-road__919523_RS_290_290RS294095_31066.png,1024,640,95.61811828613281,15322482122059136293,b8f6eaa6527c9c1086d7624cc6913ccdd92a2033,1024,640,0.0,0,False,cracks-and-potholes-in-road,True,True,2788,True
train/cracks-and-potholes-in-road__919524_RS_290_290RS294095_31070,train,/Users/foury333/Desktop/cv-road-damage-inspection-system-main/Pothole Mix/pothole_mix_prepared/train/images/cracks-and-potholes-in-road__919524_RS_290_290RS294095_31070.jpg,/Users/foury333/Desktop/cv-road-damage-inspection-system-main/Pothole Mix/pothole_mix_prepared/train/masks/cracks-and-potholes-in-road__919524_RS_290_290RS294095_31070.png,1024,640,95.28760528564453,15322484303767778613,cbb9ac24cfb365d446b831c826383172853c1321,1024,640,0.0,0,False,cracks-and-potholes-in-road,True,True,2788,True
train/cracks-and-potholes-in-road__919525_RS_290_290RS294095_31075,train,/Users/foury333/Desktop/cv-road-damage-inspection-system-main/Pothole Mix/pothole_mix_prepared/train/images/cracks-and-potholes-in-road__919525_RS_290_290RS294095_31075.jpg,/Users/foury333/Desktop/cv-road-damage-inspection-system-main/Pothole Mix/pothole_mix_prepared/train/masks/cracks-and-potholes-in-road__919525_RS_290_290RS294095_31075.png,1024,640,95.31449890136719,15322482104744522041,41b873844f1f547db69e34ab10d581c21cc29574,1024,640,0.0,0,False,cracks-and-potholes-in-road,True,True,2788,True
train/cracks-and-potholes-in-road__919526_RS_290_290RS294095_31080,train,/Users/foury333/Desktop/cv-road-damage-inspection-system-main/Pothole Mix/pothole_mix_prepared/train/images/cracks-and-potholes-in-road__919526_RS_290_290RS294095_31080.jpg,/Users/foury333/Desktop/cv-road-damage-inspection-system-main/Pothole Mix/pothole_mix_prepared/train/masks/cracks-and-potholes-in-road__919526_RS_290_290RS294095_31080.png,1024,640,95.69389343261719,15322482121924358449,189bb48727440012c90f5ec886e7e0ed4b4d785f,1024,640,0.0,0,False,cracks-and-potholes-in-road,True,True,2788,True
train/cracks-and-potholes-in-road__919527_RS_290_290RS294095_31085,train,/Users/foury333/Desktop/cv-road-damage-inspection-system-main/Pothole Mix/pothole_mix_prepared/train/images/cracks-and-potholes-in-road__919527_RS_290_290RS294095_31085.jpg,/Users/foury333/Desktop/cv-road-damage-inspection-system-main/Pothole Mix/pothole_mix_prepared/train/masks/cracks-and-potholes-in-road__919527_RS_290_290RS294095_31085.png,1024,640,96.16144561767578,17916556091405316401,9181cdf4da15cc82da95aacfbdadf6ab9ad67519,1024,640,0.0,0,False,cracks-and-potholes-in-road,True,True,2788,True
train/cracks-and-potholes-in-road__919528_RS_290_290RS294095_31091,train,/Users/foury333/Desktop/cv-road-damage-inspection-system-main/Pothole Mix/pothole_mix_prepared/train/images/cracks-and-potholes-in-road__919528_RS_290_290RS294095_31091.jpg,/Users/foury333/Desktop/cv-road-damage-inspection-system-main/Pothole Mix/pothole_mix_prepared/train/masks/cracks-and-potholes-in-road__919528_RS_290_290RS294095_31091.png,1024,640,96.1920166015625,15610712463715279665,01b610459f508d7723f700a4b44413208fda387b,1024,640,0.0,0,False,cracks-and-potholes-in-road,True,True,2788,True
train/cracks-and-potholes-in-road__919529_RS_290_290RS294095_31095,train,/Users/foury333/Desktop/cv-road-damage-inspection-system-main/Pothole Mix/pothole_mix_prepared/train/images/cracks-and-potholes-in-road__919529_RS_290_290RS294095_31095.jpg,/Users/foury333/Desktop/cv-road-damage-inspection-system-main/Pothole Mix/pothole_mix_prepared/train/masks/cracks-and-potholes-in-road__919529_RS_290_290RS294095_31095.png,1024,640,98.0631103515625,17918807890147287889,9474b304cbe04bae9ba1f2d9077b68852151b7cc,1024,640,0.0,0,False,cracks-and-potholes-in-road,True,True,2788,True
train/cracks-and-potholes-in-road__919530_RS_290_290RS294095_31101,train,/Users/foury333/Desktop/cv-road-damage-inspection-system-main/Pothole Mix/pothole_mix_prepared/train/images/cracks-and-potholes-in-road__919530_RS_290_290RS294095_31101.jpg,/Users/foury333/Desktop/cv-road-damage-inspection-system-main/Pothole Mix/pothole_mix_prepared/train/masks/cracks-and-potholes-in-road__919530_RS_290_290RS294095_31101.png,1024,640,95.73463439941406,17342320749564801905,21d90f3ad7ab399e59cfa5cdb878fe7070d3fdca,1024,640,0.0,0,False,cracks-and-potholes-in-road,True,True,2788,True
train/cracks-and-potholes-in-road__919531_RS_290_290RS294095_31105,train,/Users/foury333/Desktop/cv-road-damage-inspection-system-main/Pothole Mix/pothole_mix_prepared/train/images/cracks-and-potholes-in-road__919531_RS_290_290RS294095_31105.jpg,/Users/foury333/Desktop/cv-road-damage-inspection-system-main/Pothole Mix/pothole_mix_prepared/train/masks/cracks-and-potholes-in-road__919531_RS_290_290RS294095_31105.png,1024,640,95.08686828613281,17342320749564801905,6fbfaae99987467b766f34f09b8843872526f264,1024,640,0.0,0,False,cracks-and-potholes-in-road,True,True,2788,True
train/cracks-and-potholes-in-road__919532_RS_290_290RS294095_31110,train,/Users/foury333/Desktop/cv-road-damage-inspection-system-main/Pothole Mix/pothole_mix_prepared/train/images/cracks-and-potholes-in-road__919532_RS_290_290RS294095_31110.jpg,/Users/foury333/Desktop/cv-road-damage-inspection-system-main/Pothole Mix/pothole_mix_prepared/train/masks/cracks-and-potholes-in-road__919532_RS_290_290RS294095_31110.png,1024,640,94.96096801757812,17340104125600379697,c41a6a9881c7b4619b41c4ac4d3a77fbcdb19c7f,1024,640,0.0,0,False,cracks-and-potholes-in-road,True,True,2788,True
train/cracks-and-potholes-in-road__919533_RS_290_290RS294095_31115,train,/Users/foury333/Desktop/cv-road-damage-inspection-system-main/Pothole Mix/pothole_mix_prepared/train/images/cracks-and-potholes-in-road__919533_RS_290_290RS294095_31115.jpg,/Users/foury333/Desktop/cv-road-damage-inspection-system-main/Pothole Mix/pothole_mix_prepared/train/masks/cracks-and-potholes-in-road__919533_RS_290_290RS294095_31115.png,1024,640,95.94873046875,17342355925414585187,88e04f9cc28abbe8dabde259c27477673f25404d,1024,640,0.0,0,False,cracks-and-potholes-in-road,True,True,2788,True
train/cracks-and-potholes-in-road__919534_RS_290_290RS294095_31120,train,/Users/foury333/Desktop/cv-road-damage-inspection-system-main/Pothole Mix/pothole_mix_prepared/train/images/cracks-and-potholes-in-road__919534_RS_290_290RS294095_31120.jpg,/Users/foury333/Desktop/cv-road-damage-inspection-system-main/Pothole Mix/pothole_mix_prepared/train/masks/cracks-and-potholes-in-road__919534_RS_290_290RS294095_31120.png,1024,640,95.78211212158203,17342355934003471203,20118d27c9993f61180a1ab3d6eb11c99d9ae636,1024,640,0.0,0,False,cracks-and-potholes-in-road,True,True,2788,True
train/cracks-and-potholes-in-road__919535_RS_290_290RS294095_31125,train,/Users/foury333/Desktop/cv-road-damage-inspection-system-main/Pothole Mix/pothole_mix_prepared/train/images/cracks-and-potholes-in-road__919535_RS_290_290RS294095_31125.jpg,/Users/foury333/Desktop/cv-road-damage-inspection-system-main/Pothole Mix/pothole_mix_prepared/train/masks/cracks-and-potholes-in-road__919535_RS_290_290RS294095_31125.png,1024,640,95.91848754882812,17306327136985555811,8e67aea2f80121a4dfe9b6a5a99a8d7ce201fcd9,1024,640,0.0,0,False,cracks-and-potholes-in-road,True,True,2788,True
train/cracks-and-potholes-in-road__919541_RS_290_290RS294095_31155,train,/Users/foury333/Desktop/cv-road-damage-inspection-system-main/Pothole Mix/pothole_mix_prepared/train/images/cracks-and-potholes-in-road__919541_RS_290_290RS294095_31155.jpg,/Users/foury333/Desktop/cv-road-damage-inspection-system-main/Pothole Mix/pothole_mix_prepared/train/masks/cracks-and-potholes-in-road__919541_RS_290_290RS294095_31155.png,1024,640,90.41354370117188,17306291952545833827,388f5c923159c1999d3be900d4b5cdd0005fc058,1024,640,0.0,0,False,cracks-and-potholes-in-road,True,True,2788,True
train/cracks-and-potholes-in-road__919545_RS_290_290RS294095_31175,train,/Users/foury333/Desktop/cv-road-damage-inspection-system-main/Pothole Mix/pothole_mix_prepared/train/images/cracks-and-potholes-in-road__919545_RS_290_290RS294095_31175.jpg,/Users/foury333/Desktop/cv-road-damage-inspection-system-main/Pothole Mix/pothole_mix_prepared/train/masks/cracks-and-potholes-in-road__919545_RS_290_290RS294095_31175.png,1024,640,91.70166778564453,15036504128630170465,87e005347d5f75393f634ec7dca93c23f4e892ff,1024,640,0.0,0,False,cracks-and-potholes-in-road,True,True,2788,True
train/cracks-and-potholes-in-road__919546_RS_290_290RS294095_31180,train,/Users/foury333/Desktop/cv-road-damage-inspection-system-main/Pothole Mix/pothole_mix_prepared/train/images/cracks-and-potholes-in-road__919546_RS_290_290RS294095_31180.jpg,/Users/foury333/Desktop/cv-road-damage-inspection-system-main/Pothole Mix/pothole_mix_prepared/train/masks/cracks-and-potholes-in-road__919546_RS_290_290RS294095_31180.png,1024,640,91.78800964355469,12694605934118445921,d09377c6cb77f34bbcea1a4e3b1cc012ece492d4,1024,640,0.0,0,False,cracks-and-potholes-in-road,True,True,2788,True
train/cracks-and-potholes-in-road__919547_RS_290_290RS294095_31185,train,/Users/foury333/Desktop/cv-road-damage-inspection-system-main/Pothole Mix/pothole_mix_prepared/train/images/cracks-and-potholes-in-road__919547_RS_290_290RS294095_31185.jpg,/Users/foury333/Desktop/cv-road-damage-inspection-system-main/Pothole Mix/pothole_mix_prepared/train/masks/cracks-and-potholes-in-road__919547_RS_290_290RS294095_31185.png,1024,640,89.6717300415039,17628333960519168881,8202637a9b5dd5d1727cb25d52a810141e618338,1024,640,0.0,0,False,cracks-and-potholes-in-road,True,True,2788,True
train/cracks-and-potholes-in-road__919548_RS_290_290RS294095_31191,train,/Users/foury333/Desktop/cv-road-damage-inspection-system-main/Pothole Mix/pothole_mix_prepared/train/images/cracks-and-potholes-in-road__919548_RS_290_290RS294095_31191.jpg,/Users/foury333/Desktop/cv-road-damage-inspection-system-main/Pothole Mix/pothole_mix_prepared/train/masks/cracks-and-potholes-in-road__919548_RS_290_290RS294095_31191.png,1024,640,91.68938446044922,15322482155212387185,09a3ae8b74b383f92dda0caf89ef19abf17ba5f8,1024,640,0.0,0,False,cracks-and-potholes-in-road,True,True,2788,True
train/cracks-and-potholes-in-road__919553_RS_290_290RS294095_31216,train,/Users/foury333/Desktop/cv-road-damage-inspection-system-main/Pothole Mix/pothole_mix_prepared/train/images/cracks-and-potholes-in-road__919553_RS_290_290RS294095_31216.jpg,/Users/foury333/Desktop/cv-road-damage-inspection-system-main/Pothole Mix/pothole_mix_prepared/train/masks/cracks-and-potholes-in-road__919553_RS_290_290RS294095_31216.png,1024,640,95.4432144165039,12980612463175344929,5396479128e0304b754763a970fa6af75d400af0,1024,640,0.0,0,False,cracks-and-potholes-in-road,True,True,2788,True
train/cracks-and-potholes-in-road__919554_RS_290_290RS294095_31220,train,/Users/foury333/Desktop/cv-road-damage-inspection-system-main/Pothole Mix/pothole_mix_prepared/train/images/cracks-and-potholes-in-road__919554_RS_290_290RS294095_31220.jpg,/Users/foury333/Desktop/cv-road-damage-inspection-system-main/Pothole Mix/pothole_mix_prepared/train/masks/cracks-and-potholes-in-road__919554_RS_290_290RS294095_31220.png,1024,640,94.8124008178711,15286462155360248097,9450988a421db184e735d0f7d5db6fac0b8e709d,1024,640,0.0,0,False,cracks-and-potholes-in-road,True,True,2788,True
train/cracks-and-potholes-in-road__919558_RS_290_290RS294095_31240,train,/Users/foury333/Desktop/cv-road-damage-inspection-system-main/Pothole Mix/pothole_mix_prepared/train/images/cracks-and-potholes-in-road__919558_RS_290_290RS294095_31240.jpg,/Users/foury333/Desktop/cv-road-damage-inspection-system-main/Pothole Mix/pothole_mix_prepared/train/masks/cracks-and-potholes-in-road__919558_RS_290_290RS294095_31240.png,1024,640,91.49510192871094,14457791576513063785,cc65b2a8b0202b9aa0834cec329ca11ccd126a58,1024,640,0.0,0,False,cracks-and-potholes-in-road,True,True,2788,True
train/cracks-and-potholes-in-road__919559_RS_290_290RS294095_31245,train,/Users/foury333/Desktop/cv-road-damage-inspection-system-main/Pothole Mix/pothole_mix_prepared/train/images/cracks-and-potholes-in-road__919559_RS_290_290RS294095_31245.jpg,/Users/foury333/Desktop/cv-road-damage-inspection-system-main/Pothole Mix/pothole_mix_prepared/train/masks/cracks-and-potholes-in-road__919559_RS_290_290RS294095_31245.png,1024,640,91.32733154296875,15000475331610159977,24d25146d0590340b9497129192239672c3eb722,1024,640,0.13275146484375,3,False,cracks-and-potholes-in-road,True,False,2788,True
train/cracks-and-potholes-in-road__919560_RS_290_290RS294095_31250,train,/Users/foury333/Desktop/cv-road-damage-inspection-system-main/Pothole Mix/pothole_mix_prepared/train/images/cracks-and-potholes-in-road__919560_RS_290_290RS294095_31250.jpg,/Users/foury333/Desktop/cv-road-damage-inspection-system-main/Pothole Mix/pothole_mix_prepared/train/masks/cracks-and-potholes-in-road__919560_RS_290_290RS294095_31250.png,1024,640,91.74198150634766,16151109852032279393,5bb63403fcaba470d0310d041eed31326e0bffb3,1024,640,0.060882568359375,1,False,cracks-and-potholes-in-road,True,False,2788,True
train/cracks-and-potholes-in-road__919561_RS_290_290RS294095_31255,train,/Users/foury333/Desktop/cv-road-damage-inspection-system-main/Pothole Mix/pothole_mix_prepared/train/images/cracks-and-potholes-in-road__919561_RS_290_290RS294095_31255.jpg,/Users/foury333/Desktop/cv-road-damage-inspection-system-main/Pothole Mix/pothole_mix_prepared/train/masks/cracks-and-potholes-in-road__919561_RS_290_290RS294095_31255.png,1024,640,92.33204650878906,16187138649118352227,a378c2bcc9cee39e4672f4f362f9cbf1f3f51564,1024,640,0.0,0,False,cracks-and-potholes-in-road,True,True,2788,True
train/cracks-and-potholes-in-road__919562_RS_290_290RS294095_31260,train,/Users/foury333/Desktop/cv-road-damage-inspection-system-main/Pothole Mix/pothole_mix_prepared/train/images/cracks-and-potholes-in-road__919562_RS_290_290RS294095_31260.jpg,/Users/foury333/Desktop/cv-road-damage-inspection-system-main/Pothole Mix/pothole_mix_prepared/train/masks/cracks-and-potholes-in-road__919562_RS_290_290RS294095_31260.png,1024,640,92.50428771972656,13883547439651234659,9961883c1425ea68815098bdd6937cf3ff66727b,1024,640,0.0,0,False,cracks-and-potholes-in-road,True,True,2788,True
train/cracks-and-potholes-in-road__919563_RS_290_290RS294095_31266,train,/Users/foury333/Desktop/cv-road-damage-inspection-system-main/Pothole Mix/pothole_mix_prepared/train/images/cracks-and-potholes-in-road__919563_RS_290_290RS294095_31266.jpg,/Users/foury333/Desktop/cv-road-damage-inspection-system-main/Pothole Mix/pothole_mix_prepared/train/masks/cracks-and-potholes-in-road__919563_RS_290_290RS294095_31266.png,1024,640,90.93287658691406,13847527438724244321,98fa67bd95122ece3c22eccfaa474309cc49b2ae,1024,640,0.0,0,False,cracks-and-potholes-in-road,True,True,2788,True
val/cracks-and-potholes-in-road__919630_RS_290_290RS294095_31600,val,/Users/foury333/Desktop/cv-road-damage-inspection-system-main/Pothole Mix/pothole_mix_prepared/val/images/cracks-and-potholes-in-road__919630_RS_290_290RS294095_31600.jpg,/Users/foury333/Desktop/cv-road-damage-inspection-system-main/Pothole Mix/pothole_mix_prepared/val/masks/cracks-and-potholes-in-road__919630_RS_290_290RS294095_31600.png,1024,640,87.85023498535156,14709993155644760929,5e5ee2951ad1fab438f08907d7e83d41b49eaa6a,1024,640,0.0,0,False,cracks-and-potholes-in-road,True,True,2788,True
val/cracks-and-potholes-in-road__919633_RS_290_290RS294095_31617,val,/Users/foury333/Desktop/cv-road-damage-inspection-system-main/Pothole Mix/pothole_mix_prepared/val/images/cracks-and-potholes-in-road__919633_RS_290_290RS294095_31617.jpg,/Users/foury333/Desktop/cv-road-damage-inspection-system-main/Pothole Mix/pothole_mix_prepared/val/masks/cracks-and-potholes-in-road__919633_RS_290_290RS294095_31617.png,1024,640,88.90492248535156,15322484338129580385,c3e338e3ce34b449a8d8139932a40e165e82b396,1024,640,0.0,0,False,cracks-and-potholes-in-road,True,True,2788,True
val/cracks-and-potholes-in-road__919634_RS_290_290RS294095_31621,val,/Users/foury333/Desktop/cv-road-damage-inspection-system-main/Pothole Mix/pothole_mix_prepared/val/images/cracks-and-potholes-in-road__919634_RS_290_290RS294095_31621.jpg,/Users/foury333/Desktop/cv-road-damage-inspection-system-main/Pothole Mix/pothole_mix_prepared/val/masks/cracks-and-potholes-in-road__919634_RS_290_290RS294095_31621.png,1024,640,88.03765869140625,15326987936683209009,fe942f6605ab72b80dfbe90d812ad5d2caf63db3,1024,640,0.0,0,False,cracks-and-potholes-in-road,True,True,2788,True
val/cracks-and-potholes-in-road__919729_RS_290_290RS294095_32095,val,/Users/foury333/Desktop/cv-road-damage-inspection-system-main/Pothole Mix/pothole_mix_prepared/val/images/cracks-and-potholes-in-road__919729_RS_290_290RS294095_32095.jpg,/Users/foury333/Desktop/cv-road-damage-inspection-system-main/Pothole Mix/pothole_mix_prepared/val/masks/cracks-and-potholes-in-road__919729_RS_290_290RS294095_32095.png,1024,640,86.95790100097656,14709922238219629361,821d1bdbd73cf21b29b4b79e4129b2e2d5322a5e,1024,640,0.0,0,False,cracks-and-potholes-in-road,True,True,2788,True
val/cracks-and-potholes-in-road__919730_RS_290_290RS294095_32100,val,/Users/foury333/Desktop/cv-road-damage-inspection-system-main/Pothole Mix/pothole_mix_prepared/val/images/cracks-and-potholes-in-road__919730_RS_290_290RS294095_32100.jpg,/Users/foury333/Desktop/cv-road-damage-inspection-system-main/Pothole Mix/pothole_mix_prepared/val/masks/cracks-and-potholes-in-road__919730_RS_290_290RS294095_32100.png,1024,640,87.0456314086914,14709922238219629345,0df2625ddb2bc796ac4ce435fc255d1a46ee586d,1024,640,0.0,0,False,cracks-and-potholes-in-road,True,True,2788,True
val/cracks-and-potholes-in-road__919737_RS_290_290RS294095_32135,val,/Users/foury333/Desktop/cv-road-damage-inspection-system-main/Pothole Mix/pothole_mix_prepared/val/images/cracks-and-potholes-in-road__919737_RS_290_290RS294095_32135.jpg,/Users/foury333/Desktop/cv-road-damage-inspection-system-main/Pothole Mix/pothole_mix_prepared/val/masks/cracks-and-potholes-in-road__919737_RS_290_290RS294095_32135.png,1024,640,86.9791259765625,14464493648564433201,5c859d3ec8dcc25e0fdc0cface4e15d78e6f3cab,1024,640,0.0,0,False,cracks-and-potholes-in-road,True,True,2788,True
val/cracks-and-potholes-in-road__919738_RS_290_290RS294095_32140,val,/Users/foury333/Desktop/cv-road-damage-inspection-system-main/Pothole Mix/pothole_mix_prepared/val/images/cracks-and-potholes-in-road__919738_RS_290_290RS294095_32140.jpg,/Users/foury333/Desktop/cv-road-damage-inspection-system-main/Pothole Mix/pothole_mix_prepared/val/masks/cracks-and-potholes-in-road__919738_RS_290_290RS294095_32140.png,1024,640,86.83122253417969,14712174035883766065,13603706ff4cc576f1ecc852696dd52c312cacaa,1024,640,0.0,0,False,cracks-and-potholes-in-road,True,True,2788,True
val/cracks-and-potholes-in-road__919755_RS_290_290RS294095_32225,val,/Users/foury333/Desktop/cv-road-damage-inspection-system-main/Pothole Mix/pothole_mix_prepared/val/images/cracks-and-potholes-in-road__919755_RS_290_290RS294095_32225.jpg,/Users/foury333/Desktop/cv-road-damage-inspection-system-main/Pothole Mix/pothole_mix_prepared/val/masks/cracks-and-potholes-in-road__919755_RS_290_290RS294095_32225.png,1024,640,88.45523071289062,14417205853552849697,201d872ad50327f04647440dcfb77fc835da352c,1024,640,0.0,0,False,cracks-and-potholes-in-road,True,True,2788,True
val/cracks-and-potholes-in-road__919756_RS_290_290RS294095_32230,val,/Users/foury333/Desktop/cv-road-damage-inspection-system-main/Pothole Mix/pothole_mix_prepared/val/images/cracks-and-potholes-in-road__919756_RS_290_290RS294095_32230.jpg,/Users/foury333/Desktop/cv-road-damage-inspection-system-main/Pothole Mix/pothole_mix_prepared/val/masks/cracks-and-potholes-in-road__919756_RS_290_290RS294095_32230.png,1024,640,86.87421417236328,14423961254067680033,ed35f817fe01864f71b2bf80751a1a46b3816a14,1024,640,0.0,0,False,cracks-and-potholes-in-road,True,True,2788,True
val/cracks-and-potholes-in-road__919757_RS_290_290RS294095_32235,val,/Users/foury333/Desktop/cv-road-damage-inspection-system-main/Pothole Mix/pothole_mix_prepared/val/images/cracks-and-potholes-in-road__919757_RS_290_290RS294095_32235.jpg,/Users/foury333/Desktop/cv-road-damage-inspection-system-main/Pothole Mix/pothole_mix_prepared/val/masks/cracks-and-potholes-in-road__919757_RS_290_290RS294095_32235.png,1024,640,87.35115051269531,14423943661881635617,6114821266c03971f0d5506dff94505f048ff40f,1024,640,0.0,0,False,cracks-and-potholes-in-road,True,True,2788,True
val/cracks-and-potholes-in-road__919762_RS_290_290RS294095_32260,val,/Users/foury333/Desktop/cv-road-damage-inspection-system-main/Pothole Mix/pothole_mix_prepared/val/images/cracks-and-potholes-in-road__919762_RS_290_290RS294095_32260.jpg,/Users/foury333/Desktop/cv-road-damage-inspection-system-main/Pothole Mix/pothole_mix_prepared/val/masks/cracks-and-potholes-in-road__919762_RS_290_290RS294095_32260.png,1024,640,88.55357360839844,14716739758993912629,01e43b2c223f8602a98d7a67a63213899bed8f96,1024,640,0.0,0,False,cracks-and-potholes-in-road,True,True,2788,True
val/cracks-and-potholes-in-road__919764_RS_290_290RS294095_32270,val,/Users/foury333/Desktop/cv-road-damage-inspection-system-main/Pothole Mix/pothole_mix_prepared/val/images/cracks-and-potholes-in-road__919764_RS_290_290RS294095_32270.jpg,/Users/foury333/Desktop/cv-road-damage-inspection-system-main/Pothole Mix/pothole_mix_prepared/val/masks/cracks-and-potholes-in-road__919764_RS_290_290RS294095_32270.png,1024,640,87.38675689697266,14746021402909029169,7db7ca323ff37ec63955c63eddfac5991ff8674f,1024,640,0.0,0,False,cracks-and-potholes-in-road,True,True,2788,True
val/cracks-and-potholes-in-road__919768_RS_290_290RS294095_32290,val,/Users/foury333/Desktop/cv-road-damage-inspection-system-main/Pothole Mix/pothole_mix_prepared/val/images/cracks-and-potholes-in-road__919768_RS_290_290RS294095_32290.jpg,/Users/foury333/Desktop/cv-road-damage-inspection-system-main/Pothole Mix/pothole_mix_prepared/val/masks/cracks-and-potholes-in-road__919768_RS_290_290RS294095_32290.png,1024,640,88.01105499267578,15862916310593909041,f86eef36a30de2994d3b5f931143551dd5c40d39,1024,640,0.0,0,False,cracks-and-potholes-in-road,True,True,2788,True
val/cracks-and-potholes-in-road__919769_RS_290_290RS294095_32295,val,/Users/foury333/Desktop/cv-road-damage-inspection-system-main/Pothole Mix/pothole_mix_prepared/val/images/cracks-and-potholes-in-road__919769_RS_290_290RS294095_32295.jpg,/Users/foury333/Desktop/cv-road-damage-inspection-system-main/Pothole Mix/pothole_mix_prepared/val/masks/cracks-and-potholes-in-road__919769_RS_290_290RS294095_32295.png,1024,640,87.9098129272461,15903448688986632497,1d23dbbcf470260854c0dea1b404daa11788d828,1024,640,0.0,0,False,cracks-and-potholes-in-road,True,True,2788,True
val/cracks-and-potholes-in-road__919770_RS_290_290RS294095_32300,val,/Users/foury333/Desktop/cv-road-damage-inspection-system-main/Pothole Mix/pothole_mix_prepared/val/images/cracks-and-potholes-in-road__919770_RS_290_290RS294095_32300.jpg,/Users/foury333/Desktop/cv-road-damage-inspection-system-main/Pothole Mix/pothole_mix_prepared/val/masks/cracks-and-potholes-in-road__919770_RS_290_290RS294095_32300.png,1024,640,87.39828491210938,15903448690060374321,98d95700d3c6363ade355b8261106abd32125b0a,1024,640,0.0,0,False,cracks-and-potholes-in-road,True,True,2788,True
val/cracks-and-potholes-in-road__919771_RS_290_290RS294095_32305,val,/Users/foury333/Desktop/cv-road-damage-inspection-system-main/Pothole Mix/pothole_mix_prepared/val/images/cracks-and-potholes-in-road__919771_RS_290_290RS294095_32305.jpg,/Users/foury333/Desktop/cv-road-damage-inspection-system-main/Pothole Mix/pothole_mix_prepared/val/masks/cracks-and-potholes-in-road__919771_RS_290_290RS294095_32305.png,1024,640,86.92821502685547,14746021386800836913,f5ed18439f6230e596ad1becb373b5c0cd0e9d38,1024,640,0.0,0,False,cracks-and-potholes-in-road,True,True,2788,True
val/cracks-and-potholes-in-road__919773_RS_290_290RS294095_32315,val,/Users/foury333/Desktop/cv-road-damage-inspection-system-main/Pothole Mix/pothole_mix_prepared/val/images/cracks-and-potholes-in-road__919773_RS_290_290RS294095_32315.jpg,/Users/foury333/Desktop/cv-road-damage-inspection-system-main/Pothole Mix/pothole_mix_prepared/val/masks/cracks-and-potholes-in-road__919773_RS_290_290RS294095_32315.png,1024,640,88.2917251586914,17056368012821737777,83a6786334b72af9b4ef2e8188f4298cd0e26aa6,1024,640,0.0,0,False,cracks-and-potholes-in-road,True,True,2788,True
val/cracks-and-potholes-in-road__919774_RS_290_290RS294095_32320,val,/Users/foury333/Desktop/cv-road-damage-inspection-system-main/Pothole Mix/pothole_mix_prepared/val/images/cracks-and-potholes-in-road__919774_RS_290_290RS294095_32320.jpg,/Users/foury333/Desktop/cv-road-damage-inspection-system-main/Pothole Mix/pothole_mix_prepared/val/masks/cracks-and-potholes-in-road__919774_RS_290_290RS294095_32320.png,1024,640,86.52888488769531,17015818006809489713,2758131ea79816d46c2cb9370139172d5418d430,1024,640,0.0,0,False,cracks-and-potholes-in-road,True,True,2788,True
val/cracks-and-potholes-in-road__919775_RS_290_290RS294095_32325,val,/Users/foury333/Desktop/cv-road-damage-inspection-system-main/Pothole Mix/pothole_mix_prepared/val/images/cracks-and-potholes-in-road__919775_RS_290_290RS294095_32325.jpg,/Users/foury333/Desktop/cv-road-damage-inspection-system-main/Pothole Mix/pothole_mix_prepared/val/masks/cracks-and-potholes-in-road__919775_RS_290_290RS294095_32325.png,1024,640,87.20942687988281,14460008189805146929,db7a73552f87d8d27b37a83b8de80aaa3f215da4,1024,640,0.0,0,False,cracks-and-potholes-in-road,True,True,2788,True
val/cracks-and-potholes-in-road__919776_RS_290_290RS294095_32330,val,/Users/foury333/Desktop/cv-road-damage-inspection-system-main/Pothole Mix/pothole_mix_prepared/val/images/cracks-and-potholes-in-road__919776_RS_290_290RS294095_32330.jpg,/Users/foury333/Desktop/cv-road-damage-inspection-system-main/Pothole Mix/pothole_mix_prepared/val/masks/cracks-and-potholes-in-road__919776_RS_290_290RS294095_32330.png,1024,640,88.93283081054688,14703220164018778417,4519b9bcf57b103055bdcbc98b4e691e7b527b84,1024,640,0.0,0,False,cracks-and-potholes-in-road,True,True,2788,True
val/cracks-and-potholes-in-road__919777_RS_290_290RS294095_32335,val,/Users/foury333/Desktop/cv-road-damage-inspection-system-main/Pothole Mix/pothole_mix_prepared/val/images/cracks-and-potholes-in-road__919777_RS_290_290RS294095_32335.jpg,/Users/foury333/Desktop/cv-road-damage-inspection-system-main/Pothole Mix/pothole_mix_prepared/val/masks/cracks-and-potholes-in-road__919777_RS_290_290RS294095_32335.png,1024,640,88.3393325805664,17587775448324191009,3c8abec11864b73cbb1a1e70083b0d94c4a3a5d6,1024,640,0.0,0,False,cracks-and-potholes-in-road,True,True,2788,True
val/cracks-and-potholes-in-road__919778_RS_290_290RS294095_32340,val,/Users/foury333/Desktop/cv-road-damage-inspection-system-main/Pothole Mix/pothole_mix_prepared/val/images/cracks-and-potholes-in-road__919778_RS_290_290RS294095_32340.jpg,/Users/foury333/Desktop/cv-road-damage-inspection-system-main/Pothole Mix/pothole_mix_prepared/val/masks/cracks-and-potholes-in-road__919778_RS_290_290RS294095_32340.png,1024,640,87.96387481689453,17304048671791461153,d4aeda1933b4ce87105d4d7e6b75cdbe7ef8c3dc,1024,640,0.0,0,False,cracks-and-potholes-in-road,True,True,2788,True
val/cracks-and-potholes-in-road__919779_RS_290_290RS294095_32345,val,/Users/foury333/Desktop/cv-road-damage-inspection-system-main/Pothole Mix/pothole_mix_prepared/val/images/cracks-and-potholes-in-road__919779_RS_290_290RS294095_32345.jpg,/Users/foury333/Desktop/cv-road-damage-inspection-system-main/Pothole Mix/pothole_mix_prepared/val/masks/cracks-and-potholes-in-road__919779_RS_290_290RS294095_32345.png,1024,640,87.25008392333984,15000474781855396641,2e118227c93e39b0ce9d022365ba4c8a2376f49b,1024,640,0.0,0,False,cracks-and-potholes-in-road,True,True,2788,True
val/cracks-and-potholes-in-road__919788_RS_290_290RS294095_32390,val,/Users/foury333/Desktop/cv-road-damage-inspection-system-main/Pothole Mix/pothole_mix_prepared/val/images/cracks-and-potholes-in-road__919788_RS_290_290RS294095_32390.jpg,/Users/foury333/Desktop/cv-road-damage-inspection-system-main/Pothole Mix/pothole_mix_prepared/val/masks/cracks-and-potholes-in-road__919788_RS_290_290RS294095_32390.png,1024,640,89.88545989990234,14998222983115518833,89ad9451759e2b34786b198cefac448ba08298e1,1024,640,0.0,0,False,cracks-and-potholes-in-road,True,True,2788,True
val/cracks-and-potholes-in-road__919789_RS_290_290RS294095_32395,val,/Users/foury333/Desktop/cv-road-damage-inspection-system-main/Pothole Mix/pothole_mix_prepared/val/images/cracks-and-potholes-in-road__919789_RS_290_290RS294095_32395.jpg,/Users/foury333/Desktop/cv-road-damage-inspection-system-main/Pothole Mix/pothole_mix_prepared/val/masks/cracks-and-potholes-in-road__919789_RS_290_290RS294095_32395.png,1024,640,90.20710754394531,14998222983115453233,b1c03f13a56f4ae9e45a47c9a9a48e2344e1e1ed,1024,640,0.0,0,False,cracks-and-potholes-in-road,True,True,2788,True
val/cracks-and-potholes-in-road__919790_RS_290_290RS294095_32400,val,/Users/foury333/Desktop/cv-road-damage-inspection-system-main/Pothole Mix/pothole_mix_prepared/val/images/cracks-and-potholes-in-road__919790_RS_290_290RS294095_32400.jpg,/Users/foury333/Desktop/cv-road-damage-inspection-system-main/Pothole Mix/pothole_mix_prepared/val/masks/cracks-and-potholes-in-road__919790_RS_290_290RS294095_32400.png,1024,640,90.219482421875,10386536964688130929,6fe20979d527a4655a81cbbf83e59d2c3f5e478d,1024,640,0.0,0,False,cracks-and-potholes-in-road,True,True,2788,True
val/cracks-and-potholes-in-road__919791_RS_290_290RS294095_32405,val,/Users/foury333/Desktop/cv-road-damage-inspection-system-main/Pothole Mix/pothole_mix_prepared/val/images/cracks-and-potholes-in-road__919791_RS_290_290RS294095_32405.jpg,/Users/foury333/Desktop/cv-road-damage-inspection-system-main/Pothole Mix/pothole_mix_prepared/val/masks/cracks-and-potholes-in-road__919791_RS_290_290RS294095_32405.png,1024,640,91.45288848876953,17304065923609735969,95d20183729b6275fdd051a82b9cf57e5103d406,1024,640,0.0,0,False,cracks-and-potholes-in-road,True,True,2788,True
val/cracks-and-potholes-in-road__919794_RS_290_290RS294095_32420,val,/Users/foury333/Desktop/cv-road-damage-inspection-system-main/Pothole Mix/pothole_mix_prepared/val/images/cracks-and-potholes-in-road__919794_RS_290_290RS294095_32420.jpg,/Users/foury333/Desktop/cv-road-damage-inspection-system-main/Pothole Mix/pothole_mix_prepared/val/masks/cracks-and-potholes-in-road__919794_RS_290_290RS294095_32420.png,1024,640,90.99916076660156,16765895181633467233,89ed9b976613d83bf7fb4aac873b69630088db15,1024,640,0.0,0,False,cracks-and-potholes-in-road,True,True,2788,True
val/cracks-and-potholes-in-road__919804_RS_290_290RS294095_32470,val,/Users/foury333/Desktop/cv-road-damage-inspection-system-main/Pothole Mix/pothole_mix_prepared/val/images/cracks-and-potholes-in-road__919804_RS_290_290RS294095_32470.jpg,/Users/foury333/Desktop/cv-road-damage-inspection-system-main/Pothole Mix/pothole_mix_prepared/val/masks/cracks-and-potholes-in-road__919804_RS_290_290RS294095_32470.png,1024,640,90.66199493408203,16765894598589624625,4534ebbe83c5e07bfe49bfca5e76fa2774a67be0,1024,640,0.0,0,False,cracks-and-potholes-in-road,True,True,2788,True
val/cracks-and-potholes-in-road__919806_RS_290_290RS294095_32481,val,/Users/foury333/Desktop/cv-road-damage-inspection-system-main/Pothole Mix/pothole_mix_prepared/val/images/cracks-and-potholes-in-road__919806_RS_290_290RS294095_32481.jpg,/Users/foury333/Desktop/cv-road-damage-inspection-system-main/Pothole Mix/pothole_mix_prepared/val/masks/cracks-and-potholes-in-road__919806_RS_290_290RS294095_32481.png,1024,640,89.24918365478516,16765894598724399409,10091a9fe530e60c823acc40a97e5b94bc1c3767,1024,640,0.0,0,False,cracks-and-potholes-in-road,True,True,2788,True
val/cracks-and-potholes-in-road__919809_RS_290_290RS294095_32495,val,/Users/foury333/Desktop/cv-road-damage-inspection-system-main/Pothole Mix/pothole_mix_prepared/val/images/cracks-and-potholes-in-road__919809_RS_290_290RS294095_32495.jpg,/Users/foury333/Desktop/cv-road-damage-inspection-system-main/Pothole Mix/pothole_mix_prepared/val/masks/cracks-and-potholes-in-road__919809_RS_290_290RS294095_32495.png,1024,640,89.23902893066406,16763642830988194613,388e5c1bc1b1aff7305836d9a267179fa354f76c,1024,640,0.0,0,False,cracks-and-potholes-in-road,True,True,2788,True
test/edmcrack600__215,test,/Users/foury333/Desktop/cv-road-damage-inspection-system-main/Pothole Mix/pothole_mix_prepared/test/images/edmcrack600__215.png,/Users/foury333/Desktop/cv-road-damage-inspection-system-main/Pothole Mix/pothole_mix_prepared/test/masks/edmcrack600__215.png,1920,1080,148.50595092773438,1389549765953767111,99f40c6d50e8ea0052d3acce4df988af7a7adbe7,1920,1080,0.0,0,False,edmcrack600,True,True,2884,True
val/edmcrack600__214,val,/Users/foury333/Desktop/cv-road-damage-inspection-system-main/Pothole Mix/pothole_mix_prepared/val/images/edmcrack600__214.png,/Users/foury333/Desktop/cv-road-damage-inspection-system-main/Pothole Mix/pothole_mix_prepared/val/masks/edmcrack600__214.png,1920,1080,147.5987091064453,3731421572186425031,ff9598d496fb67745a0cd5bc43791eb6a0c21790,1920,1080,0.0,0,False,edmcrack600,True,True,2884,True
test/crack500__IMG_5752,test,/Users/foury333/Desktop/cv-road-damage-inspection-system-main/Pothole Mix/pothole_mix_prepared/test/images/crack500__IMG_5752.JPG,/Users/foury333/Desktop/cv-road-damage-inspection-system-main/Pothole Mix/pothole_mix_prepared/test/masks/crack500__IMG_5752.png,3264,2448,128.94976806640625,4210688,7be4bdb9c830684158ef23868cabfc83fb8b7f06,3264,2448,0.0,0,False,crack500,True,True,3009,True
test/crack500__IMG_5758,test,/Users/foury333/Desktop/cv-road-damage-inspection-system-main/Pothole Mix/pothole_mix_prepared/test/images/crack500__IMG_5758.JPG,/Users/foury333/Desktop/cv-road-damage-inspection-system-main/Pothole Mix/pothole_mix_prepared/test/masks/crack500__IMG_5758.png,3264,2448,126.77029418945312,0,7a9e224b69ddc186c5ea07a35463044e1493c2a1,3264,2448,0.0,0,False,crack500,True,True,3009,True
test/crack500__IMG_5763,test,/Users/foury333/Desktop/cv-road-damage-inspection-system-main/Pothole Mix/pothole_mix_prepared/test/images/crack500__IMG_5763.JPG,/Users/foury333/Desktop/cv-road-damage-inspection-system-main/Pothole Mix/pothole_mix_prepared/test/masks/crack500__IMG_5763.png,3264,2448,126.72310638427734,32768,58c3ddece8c93ce0791570f4aadeb98434f86b7e,3264,2448,0.0,0,False,crack500,True,True,3009,True
test/crack500__IMG_6180,test,/Users/foury333/Desktop/cv-road-damage-inspection-system-main/Pothole Mix/pothole_mix_prepared/test/images/crack500__IMG_6180.JPG,/Users/foury333/Desktop/cv-road-damage-inspection-system-main/Pothole Mix/pothole_mix_prepared/test/masks/crack500__IMG_6180.png,3264,2448,127.01930236816406,9241421688455823874,6697761a6ccf79bfa6e7aca81aca871cc8a0340a,3264,2448,0.0,0,False,crack500,True,True,3009,True
test/pothole600__0156,test,/Users/foury333/Desktop/cv-road-damage-inspection-system-main/Pothole Mix/pothole_mix_prepared/test/images/pothole600__0156.png,/Users/foury333/Desktop/cv-road-damage-inspection-system-main/Pothole Mix/pothole_mix_prepared/test/masks/pothole600__0156.png,400,400,125.10261535644531,74591968625164288,dbfee70680a3d3555d89c24c66e2f8938a31e6d1,400,400,2.809375,1,False,pothole600,True,False,3009,True
train/crack500__20160222_081102,train,/Users/foury333/Desktop/cv-road-damage-inspection-system-main/Pothole Mix/pothole_mix_prepared/train/images/crack500__20160222_081102.jpg,/Users/foury333/Desktop/cv-road-damage-inspection-system-main/Pothole Mix/pothole_mix_prepared/train/masks/crack500__20160222_081102.png,2560,1440,130.54421997070312,18004502904833,1fe188d5dc873f24fcd845f00070a5065d9e7dfd,2560,1440,0.0,0,False,crack500,True,True,3009,True
train/crack500__20160222_081111,train,/Users/foury333/Desktop/cv-road-damage-inspection-system-main/Pothole Mix/pothole_mix_prepared/train/images/crack500__20160222_081111.jpg,/Users/foury333/Desktop/cv-road-damage-inspection-system-main/Pothole Mix/pothole_mix_prepared/train/masks/crack500__20160222_081111.png,2560,1440,131.36190795898438,70920647475328,b3aa557372096b420fe53d6ee8d126e975d9fdb0,2560,1440,0.0,0,False,crack500,True,True,3009,True
train/crack500__20160222_081113,train,/Users/foury333/Desktop/cv-road-damage-inspection-system-main/Pothole Mix/pothole_mix_prepared/train/images/crack500__20160222_081113.jpg,/Users/foury333/Desktop/cv-road-damage-inspection-system-main/Pothole Mix/pothole_mix_prepared/train/masks/crack500__20160222_081113.png,2560,1440,130.14756774902344,1077936128,a2e40a12b6d6ce72859fd978ffd5689b5bd47048,2560,1440,0.0,0,False,crack500,True,True,3009,True
val/pothole600__0089,val,/Users/foury333/Desktop/cv-road-damage-inspection-system-main/Pothole Mix/pothole_mix_prepared/val/images/pothole600__0089.png,/Users/foury333/Desktop/cv-road-damage-inspection-system-main/Pothole Mix/pothole_mix_prepared/val/masks/pothole600__0089.png,400,400,128.88661193847656,576465304968765440,c0c40237ee54e7b640c6cf3c7d25248ba8510b4f,400,400,2.69375,1,False,pothole600,True,False,3009,True
val/pothole600__0115,val,/Users/foury333/Desktop/cv-road-damage-inspection-system-main/Pothole Mix/pothole_mix_prepared/val/images/pothole600__0115.png,/Users/foury333/Desktop/cv-road-damage-inspection-system-main/Pothole Mix/pothole_mix_prepared/val/masks/pothole600__0115.png,400,400,136.36888122558594,288230380459261952,4efe1466c455caa5404fcc430e1ea797e0244997,400,400,2.831875,1,False,pothole600,True,False,3009,True
