image_id_a,image_id_b,hamming,thumb_rmse
train/crack500__20160222_081102,train/crack500__20160222_081113,6,0.03597142547369003
train/crack500__20160222_081102,test/crack500__IMG_5752,6,0.037640709429979324
train/crack500__20160222_081102,test/crack500__IMG_5758,4,0.04806235060095787
train/crack500__20160222_081102,test/crack500__IMG_5763,5,0.043369024991989136
train/crack500__20160222_081111,train/crack500__20160222_081113,6,0.016946807503700256
train/crack500__20160222_081111,test/crack500__IMG_5752,6,0.03138380125164986
train/crack500__20160222_081111,test/crack500__IMG_5763,5,0.035035308450460434
train/crack500__20160222_081113,val/pothole600__0115,4,0.04624452441930771
train/crack500__20160222_081113,test/crack500__IMG_5752,2,0.029608719050884247
train/crack500__20160222_081113,test/crack500__IMG_5763,3,0.03351598605513573
train/crack500__20160222_165031,val/crack500__20160222_164851,4,0.027185458689928055
train/crack500__20160328_151814,test/crack500__20160330_163946,5,0.04615708440542221
train/cracks-and-potholes-in-road__1007607_RS_386_386RS289112_28960,train/cracks-and-potholes-in-road__1007608_RS_386_386RS289112_28966,6,0.04441332444548607
train/cracks-and-potholes-in-road__1014615_RS_386_386RS124739_30000,train/cracks-and-potholes-in-road__1014616_RS_386_386RS124739_30005,4,0.02819267101585865
train/cracks-and-potholes-in-road__1014615_RS_386_386RS124739_30000,train/cracks-and-potholes-in-road__1014617_RS_386_386RS124739_30010,6,0.03199633210897446
train/cracks-and-potholes-in-road__1014616_RS_386_386RS124739_30005,train/cracks-and-potholes-in-road__1014617_RS_386_386RS124739_30010,6,0.030032264068722725
train/cracks-and-potholes-in-road__1014617_RS_386_386RS124739_30010,train/cracks-and-potholes-in-road__1014618_RS_386_386RS124739_30015,5,0.022590940818190575
train/cracks-and-potholes-in-road__1014620_RS_386_386RS124739_30026,train/cracks-and-potholes-in-road__1014621_RS_386_386RS124739_30030,5,0.023099111393094063
train/cracks-and-potholes-in-road__1014627_RS_386_386RS124739_30061,train/cracks-and-potholes-in-road__1014629_RS_386_386RS124739_30070,6,0.047383230179548264
train/cracks-and-potholes-in-road__1014637_RS_386_386RS124739_30110,train/cracks-and-potholes-in-road__1014640_RS_386_386RS124739_30127,6,0.04854875057935715
train/cracks-and-potholes-in-road__1014638_RS_386_386RS124739_30115,train/cracks-and-potholes-in-road__1014640_RS_386_386RS124739_30127,5,0.04082538187503815
train/cracks-and-potholes-in-road__1014638_RS_386_386RS124739_30115,train/cracks-and-potholes-in-road__1014641_RS_386_386RS124739_30130,5,0.04204860329627991
train/cracks-and-potholes-in-road__1014639_RS_386_386RS124739_30121,train/cracks-and-potholes-in-road__1014645_RS_386_386RS124739_30150,6,0.04277101159095764
train/cracks-and-potholes-in-road__1014640_RS_386_386RS124739_30127,train/cracks-and-potholes-in-road__1014641_RS_386_386RS124739_30130,6,0.038834698498249054
train/cracks-and-potholes-in-road__1014641_RS_386_386RS124739_30130,train/cracks-and-potholes-in-road__1014643_RS_386_386RS124739_30140,5,0.0393737256526947
train/cracks-and-potholes-in-road__1014648_RS_386_386RS124739_30165,train/cracks-and-potholes-in-road__1014649_RS_386_386RS124739_30170,5,0.03627161309123039
train/cracks-and-potholes-in-road__1014651_RS_386_386RS124739_30180,train/cracks-and-potholes-in-road__1014652_RS_386_386RS124739_30185,5,0.03463089093565941
train/cracks-and-potholes-in-road__1014651_RS_386_386RS124739_30180,train/cracks-and-potholes-in-road__1014658_RS_386_386RS124739_30216,6,0.04797947034239769
train/cracks-and-potholes-in-road__1014663_RS_386_386RS124739_30240,train/cracks-and-potholes-in-road__1014668_RS_386_386RS124739_30265,5,0.03226369619369507
train/cracks-and-potholes-in-road__1014663_RS_386_386RS124739_30240,train/cracks-and-potholes-in-road__1014669_RS_386_386RS124739_30271,6,0.037831343710422516
train/cracks-and-potholes-in-road__1014664_RS_386_386RS124739_30246,train/cracks-and-potholes-in-road__1014665_RS_386_386RS124739_30250,4,0.026420898735523224
train/cracks-and-potholes-in-road__1014664_RS_386_386RS124739_30246,train/cracks-and-potholes-in-road__1014668_RS_386_386RS124739_30265,6,0.03999212384223938
train/cracks-and-potholes-in-road__1014664_RS_386_386RS124739_30246,train/cracks-and-potholes-in-road__1014670_RS_386_386RS124739_30275,6,0.03606024384498596
train/cracks-and-potholes-in-road__1014664_RS_386_386RS124739_30246,train/cracks-and-potholes-in-road__1014671_RS_386_386RS124739_30280,5,0.03211135044693947
train/cracks-and-potholes-in-road__1014664_RS_386_386RS124739_30246,train/cracks-and-potholes-in-road__1014672_RS_386_386RS124739_30285,6,0.029579535126686096
train/cracks-and-potholes-in-road__1014665_RS_386_386RS124739_30250,train/cracks-and-potholes-in-road__1014668_RS_386_386RS124739_30265,6,0.04467983543872833
train/cracks-and-potholes-in-road__1014665_RS_386_386RS124739_30250,train/cracks-and-potholes-in-road__1014671_RS_386_386RS124739_30280,5,0.03672996535897255
train/cracks-and-potholes-in-road__1014665_RS_386_386RS124739_30250,train/cracks-and-potholes-in-road__1014672_RS_386_386RS124739_30285,6,0.03097800724208355
train/cracks-and-potholes-in-road__1014665_RS_386_386RS124739_30250,train/cracks-and-potholes-in-road__1014673_RS_386_386RS124739_30290,5,0.035028230398893356
train/cracks-and-potholes-in-road__1014668_RS_386_386RS124739_30265,train/cracks-and-potholes-in-road__1014669_RS_386_386RS124739_30271,5,0.030496245250105858
train/cracks-and-potholes-in-road__1014668_RS_386_386RS124739_30265,train/cracks-and-potholes-in-road__1014670_RS_386_386RS124739_30275,6,0.0351485051214695
train/cracks-and-potholes-in-road__1014668_RS_386_386RS124739_30265,train/cracks-and-potholes-in-road__1014671_RS_386_386RS124739_30280,5,0.03616255521774292
train/cracks-and-potholes-in-road__1014668_RS_386_386RS124739_30265,train/cracks-and-potholes-in-road__1014672_RS_386_386RS124739_30285,4,0.040595002472400665
train/cracks-and-potholes-in-road__1014669_RS_386_386RS124739_30271,train/cracks-and-potholes-in-road__1014670_RS_386_386RS124739_30275,5,0.023352263495326042
train/cracks-and-potholes-in-road__1014670_RS_386_386RS124739_30275,train/cracks-and-potholes-in-road__1014672_RS_386_386RS124739_30285,6,0.03324558585882187
train/cracks-and-potholes-in-road__1014671_RS_386_386RS124739_30280,train/cracks-and-potholes-in-road__1014672_RS_386_386RS124739_30285,1,0.026142897084355354
train/cracks-and-potholes-in-road__1014708_RS_386_386RS124739_30465,train/cracks-and-potholes-in-road__1014728_RS_386_386RS124739_30565,6,0.04003922641277313
train/cracks-and-potholes-in-road__1014728_RS_386_386RS124739_30565,train/cracks-and-potholes-in-road__1014730_RS_386_386RS124739_30575,5,0.042044319212436676
train/cracks-and-potholes-in-road__1014730_RS_386_386RS124739_30575,train/cracks-and-potholes-in-road__1014735_RS_386_386RS124739_30601,6,0.046963948756456375
train/cracks-and-potholes-in-road__1014778_RS_386_386RS124739_30816,train/cracks-and-potholes-in-road__1014779_RS_386_386RS124739_30820,6,0.027497991919517517
train/cracks-and-potholes-in-road__1014779_RS_386_386RS124739_30820,train/cracks-and-potholes-in-road__1014780_RS_386_386RS124739_30826,6,0.04529806971549988
train/cracks-and-potholes-in-road__1014797_RS_386_386RS124739_30910,train/cracks-and-potholes-in-road__1014798_RS_386_386RS124739_30915,5,0.03184884041547775
train/cracks-and-potholes-in-road__1014802_RS_386_386RS124739_30935,train/cracks-and-potholes-in-road__1014803_RS_386_386RS124739_30940,6,0.03928380087018013
train/cracks-and-potholes-in-road__1014840_RS_386_386RS124739_31125,train/cracks-and-potholes-in-road__1014846_RS_386_386RS124739_31155,6,0.037854958325624466
train/cracks-and-potholes-in-road__1014840_RS_386_386RS124739_31125,train/cracks-and-potholes-in-road__1014847_RS_386_386RS124739_31160,6,0.03978806734085083
train/cracks-and-potholes-in-road__1014840_RS_386_386RS124739_31125,train/cracks-and-potholes-in-road__1014855_RS_386_386RS124739_31201,6,0.04203217104077339
train/cracks-and-potholes-in-road__1014841_RS_386_386RS124739_31130,train/cracks-and-potholes-in-road__1014842_RS_386_386RS124739_31135,6,0.042668361216783524
train/cracks-and-potholes-in-road__1014841_RS_386_386RS124739_31130,train/cracks-and-potholes-in-road__1014845_RS_386_386RS124739_31150,4,0.032490286976099014
train/cracks-and-potholes-in-road__1014841_RS_386_386RS124739_31130,train/cracks-and-potholes-in-road__1014846_RS_386_386RS124739_31155,5,0.028362885117530823
train/cracks-and-potholes-in-road__1014844_RS_386_386RS124739_31145,train/cracks-and-potholes-in-road__1014845_RS_386_386RS124739_31150,5,0.03238287195563316
train/cracks-and-potholes-in-road__1014844_RS_386_386RS124739_31145,train/cracks-and-potholes-in-road__1014846_RS_386_386RS124739_31155,4,0.03622002899646759
train/cracks-and-potholes-in-road__1014845_RS_386_386RS124739_31150,train/cracks-and-potholes-in-road__1014846_RS_386_386RS124739_31155,3,0.022004975005984306
train/cracks-and-potholes-in-road__1014846_RS_386_386RS124739_31155,train/cracks-and-potholes-in-road__1014847_RS_386_386RS124739_31160,6,0.022584958001971245
train/cracks-and-potholes-in-road__1014846_RS_386_386RS124739_31155,train/cracks-and-potholes-in-road__1014855_RS_386_386RS124739_31201,6,0.038792528212070465
train/cracks-and-potholes-in-road__1014848_RS_386_386RS124739_31165,train/cracks-and-potholes-in-road__1014849_RS_386_386RS124739_31170,3,0.024033362045884132
train/cracks-and-potholes-in-road__1014849_RS_386_386RS124739_31170,train/cracks-and-potholes-in-road__1014854_RS_386_386RS124739_31196,6,0.039964139461517334
train/cracks-and-potholes-in-road__1014862_RS_386_386RS124739_31235,train/cracks-and-potholes-in-road__1014865_RS_386_386RS124739_31250,6,0.04493005946278572
train/cracks-and-potholes-in-road__1014862_RS_386_386RS124739_31235,train/cracks-and-potholes-in-road__1014867_RS_386_386RS124739_31260,6,0.04476412758231163
train/cracks-and-potholes-in-road__1014864_RS_386_386RS124739_31245,train/cracks-and-potholes-in-road__1014865_RS_386_386RS124739_31250,2,0.02315366081893444
train/cracks-and-potholes-in-road__1014864_RS_386_386RS124739_31245,train/cracks-and-potholes-in-road__1014866_RS_386_386RS124739_31255,3,0.030170466750860214
train/cracks-and-potholes-in-road__1014864_RS_386_386RS124739_31245,train/cracks-and-potholes-in-road__1014867_RS_386_386RS124739_31260,6,0.03347114101052284
train/cracks-and-potholes-in-road__1014864_RS_386_386RS124739_31245,train/cracks-and-potholes-in-road__1014868_RS_386_386RS124739_31265,5,0.034711677581071854
train/cracks-and-potholes-in-road__1014864_RS_386_386RS124739_31245,train/cracks-and-potholes-in-road__1014869_RS_386_386RS124739_31270,6,0.041971925646066666
train/cracks-and-potholes-in-road__1014865_RS_386_386RS124739_31250,train/cracks-and-potholes-in-road__1014866_RS_386_386RS124739_31255,3,0.021436624228954315
train/cracks-and-potholes-in-road__1014865_RS_386_386RS124739_31250,train/cracks-and-potholes-in-road__1014867_RS_386_386RS124739_31260,6,0.03291097283363342
train/cracks-and-potholes-in-road__1014865_RS_386_386RS124739_31250,train/cracks-and-potholes-in-road__1014868_RS_386_386RS124739_31265,5,0.03685752674937248
train/cracks-and-potholes-in-road__1014865_RS_386_386RS124739_31250,train/cracks-and-potholes-in-road__1014869_RS_386_386RS124739_31270,6,0.04278593882918358
train/cracks-and-potholes-in-road__1014866_RS_386_386RS124739_31255,train/cracks-and-potholes-in-road__1014868_RS_386_386RS124739_31265,6,0.03897309675812721
train/cracks-and-potholes-in-road__1014867_RS_386_386RS124739_31260,train/cracks-and-potholes-in-road__1014868_RS_386_386RS124739_31265,5,0.025844773277640343
train/cracks-and-potholes-in-road__1014868_RS_386_386RS124739_31265,train/cracks-and-potholes-in-road__1014869_RS_386_386RS124739_31270,5,0.027806749567389488
train/cracks-and-potholes-in-road__1014868_RS_386_386RS124739_31265,train/cracks-and-potholes-in-road__1014872_RS_386_386RS124739_31285,6,0.043987248092889786
train/cracks-and-potholes-in-road__1014869_RS_386_386RS124739_31270,train/cracks-and-potholes-in-road__1014870_RS_386_386RS124739_31275,4,0.032528169453144073
train/cracks-and-potholes-in-road__1014869_RS_386_386RS124739_31270,train/cracks-and-potholes-in-road__1014872_RS_386_386RS124739_31285,5,0.03665916249155998
train/cracks-and-potholes-in-road__1014871_RS_386_386RS124739_31280,train/cracks-and-potholes-in-road__1014872_RS_386_386RS124739_31285,4,0.0233110673725605
train/cracks-and-potholes-in-road__1014872_RS_386_386RS124739_31285,train/cracks-and-potholes-in-road__1014873_RS_386_386RS124739_31290,6,0.030635541304945946
train/cracks-and-potholes-in-road__1014872_RS_386_386RS124739_31285,train/cracks-and-potholes-in-road__1014874_RS_386_386RS124739_31295,6,0.032500915229320526
train/cracks-and-potholes-in-road__1014873_RS_386_386RS124739_31290,train/cracks-and-potholes-in-road__1014874_RS_386_386RS124739_31295,6,0.02285202406346798
train/cracks-and-potholes-in-road__1014888_RS_386_386RS124739_31365,train/cracks-and-potholes-in-road__1014891_RS_386_386RS124739_31381,6,0.03189219534397125
train/cracks-and-potholes-in-road__1014889_RS_386_386RS124739_31370,train/cracks-and-potholes-in-road__1014892_RS_386_386RS124739_31385,5,0.0330321341753006
train/cracks-and-potholes-in-road__1014889_RS_386_386RS124739_31370,train/cracks-and-potholes-in-road__1014893_RS_386_386RS124739_31390,4,0.04109889641404152
train/cracks-and-potholes-in-road__1014889_RS_386_386RS124739_31370,train/cracks-and-potholes-in-road__1014895_RS_386_386RS124739_31400,5,0.04564601555466652
train/cracks-and-potholes-in-road__1014890_RS_386_386RS124739_31375,train/cracks-and-potholes-in-road__1014893_RS_386_386RS124739_31390,5,0.033683598041534424
train/cracks-and-potholes-in-road__1014890_RS_386_386RS124739_31375,train/cracks-and-potholes-in-road__1014894_RS_386_386RS124739_31395,5,0.034662965685129166
train/cracks-and-potholes-in-road__1014891_RS_386_386RS124739_31381,train/cracks-and-potholes-in-road__1014892_RS_386_386RS124739_31385,6,0.03717237710952759
train/cracks-and-potholes-in-road__1014892_RS_386_386RS124739_31385,train/cracks-and-potholes-in-road__1014893_RS_386_386RS124739_31390,5,0.02437462843954563
train/cracks-and-potholes-in-road__1014892_RS_386_386RS124739_31385,train/cracks-and-potholes-in-road__1014895_RS_386_386RS124739_31400,6,0.034781478345394135
train/cracks-and-potholes-in-road__1014915_RS_386_386RS124739_31500,train/cracks-and-potholes-in-road__1014916_RS_386_386RS124739_31505,3,0.03331620991230011
train/cracks-and-potholes-in-road__1014915_RS_386_386RS124739_31500,train/cracks-and-potholes-in-road__1014917_RS_386_386RS124739_31510,6,0.04280611127614975
train/cracks-and-potholes-in-road__1025766_RS_386_386RS169832_08570,train/cracks-and-potholes-in-road__1025767_RS_386_386RS169832_08575,6,0.03991638123989105
train/cracks-and-potholes-in-road__1025779_RS_386_386RS169832_08635,train/cracks-and-potholes-in-road__1025780_RS_386_386RS169832_08640,2,0.032651208341121674
train/cracks-and-potholes-in-road__1025779_RS_386_386RS169832_08635,train/cracks-and-potholes-in-road__1025781_RS_386_386RS169832_08645,5,0.036037955433130264
train/cracks-and-potholes-in-road__1025780_RS_386_386RS169832_08640,train/cracks-and-potholes-in-road__1025781_RS_386_386RS169832_08645,5,0.036623094230890274
train/cracks-and-potholes-in-road__1025782_RS_386_386RS169832_08650,train/cracks-and-potholes-in-road__1025784_RS_386_386RS169832_08660,3,0.0305201206356287
train/cracks-and-potholes-in-road__1025782_RS_386_386RS169832_08650,train/cracks-and-potholes-in-road__1025785_RS_386_386RS169832_08665,5,0.031046532094478607
train/cracks-and-potholes-in-road__1025783_RS_386_386RS169832_08655,train/cracks-and-potholes-in-road__1025784_RS_386_386RS169832_08660,6,0.019879402592778206
train/cracks-and-potholes-in-road__1025784_RS_386_386RS169832_08660,train/cracks-and-potholes-in-road__1025785_RS_386_386RS169832_08665,4,0.01952418126165867
train/cracks-and-potholes-in-road__1025784_RS_386_386RS169832_08660,train/cracks-and-potholes-in-road__1025786_RS_386_386RS169832_08670,5,0.0309750996530056
train/cracks-and-potholes-in-road__1025785_RS_386_386RS169832_08665,train/cracks-and-potholes-in-road__1025786_RS_386_386RS169832_08670,3,0.020784256979823112
train/cracks-and-potholes-in-road__1025791_RS_386_386RS169832_08695,train/cracks-and-potholes-in-road__1025792_RS_386_386RS169832_08700,3,0.041276104748249054
train/cracks-and-potholes-in-road__1025793_RS_386_386RS169832_08705,train/cracks-and-potholes-in-road__1025794_RS_386_386RS169832_08710,3,0.025742879137396812
train/cracks-and-potholes-in-road__1025793_RS_386_386RS169832_08705,train/cracks-and-potholes-in-road__1025795_RS_386_386RS169832_08715,6,0.04245293512940407
train/cracks-and-potholes-in-road__1025794_RS_386_386RS169832_08710,train/cracks-and-potholes-in-road__1025795_RS_386_386RS169832_08715,3,0.030910545960068703
train/cracks-and-potholes-in-road__1025794_RS_386_386RS169832_08710,train/cracks-and-potholes-in-road__1025796_RS_386_386RS169832_08721,4,0.04795285314321518
train/cracks-and-potholes-in-road__1025795_RS_386_386RS169832_08715,train/cracks-and-potholes-in-road__1025796_RS_386_386RS169832_08721,3,0.028224080801010132
train/cracks-and-potholes-in-road__1025795_RS_386_386RS169832_08715,train/cracks-and-potholes-in-road__1025797_RS_386_386RS169832_08725,5,0.04912320896983147
train/cracks-and-potholes-in-road__1025796_RS_386_386RS169832_08721,train/cracks-and-potholes-in-road__1025797_RS_386_386RS169832_08725,4,0.03618435189127922
train/cracks-and-potholes-in-road__1025796_RS_386_386RS169832_08721,train/cracks-and-potholes-in-road__1025798_RS_386_386RS169832_08730,4,0.046566855162382126
train/cracks-and-potholes-in-road__1025797_RS_386_386RS169832_08725,train/cracks-and-potholes-in-road__1025798_RS_386_386RS169832_08730,2,0.02151983045041561
train/cracks-and-potholes-in-road__1025799_RS_386_386RS169832_08735,train/cracks-and-potholes-in-road__1025800_RS_386_386RS169832_08740,3,0.04766290262341499
train/cracks-and-potholes-in-road__1025810_RS_386_386RS169832_08790,train/cracks-and-potholes-in-road__1025811_RS_386_386RS169832_08795,1,0.04035065323114395
train/cracks-and-potholes-in-road__1025811_RS_386_386RS169832_08795,train/cracks-and-potholes-in-road__1025812_RS_386_386RS169832_08800,2,0.0417354553937912
train/cracks-and-potholes-in-road__1025811_RS_386_386RS169832_08795,train/cracks-and-potholes-in-road__1025813_RS_386_386RS169832_08805,2,0.04585430026054382
train/cracks-and-potholes-in-road__1025812_RS_386_386RS169832_08800,train/cracks-and-potholes-in-road__1025813_RS_386_386RS169832_08805,0,0.03597309812903404
train/cracks-and-potholes-in-road__1025812_RS_386_386RS169832_08800,train/cracks-and-potholes-in-road__1025815_RS_386_386RS169832_08815,3,0.04645093157887459
train/cracks-and-potholes-in-road__1025813_RS_386_386RS169832_08805,train/cracks-and-potholes-in-road__1025814_RS_386_386RS169832_08810,2,0.03578830137848854
train/cracks-and-potholes-in-road__1025813_RS_386_386RS169832_08805,train/cracks-and-potholes-in-road__1025815_RS_386_386RS169832_08815,3,0.039499398320913315
train/cracks-and-potholes-in-road__1025813_RS_386_386RS169832_08805,train/cracks-and-potholes-in-road__1025816_RS_386_386RS169832_08821,4,0.049914926290512085
train/cracks-and-potholes-in-road__1025814_RS_386_386RS169832_08810,train/cracks-and-potholes-in-road__1025815_RS_386_386RS169832_08815,1,0.03788251802325249
train/cracks-and-potholes-in-road__1025814_RS_386_386RS169832_08810,train/cracks-and-potholes-in-road__1025816_RS_386_386RS169832_08821,2,0.048444077372550964
train/cracks-and-potholes-in-road__1025815_RS_386_386RS169832_08815,train/cracks-and-potholes-in-road__1025816_RS_386_386RS169832_08821,3,0.033907126635313034
train/cracks-and-potholes-in-road__1025815_RS_386_386RS169832_08815,train/cracks-and-potholes-in-road__1025817_RS_386_386RS169832_08825,5,0.04268595576286316
train/cracks-and-potholes-in-road__1025816_RS_386_386RS169832_08821,train/cracks-and-potholes-in-road__1025817_RS_386_386RS169832_08825,2,0.02733035571873188
train/cracks-and-potholes-in-road__1025879_RS_386_386RS169832_09135,train/cracks-and-potholes-in-road__1025880_RS_386_386RS169832_09140,5,0.03873945027589798
train/cracks-and-potholes-in-road__1025898_RS_386_386RS169832_09230,train/cracks-and-potholes-in-road__1025899_RS_386_386RS169832_09235,5,0.04131538048386574
train/cracks-and-potholes-in-road__1025898_RS_386_386RS169832_09230,train/cracks-and-potholes-in-road__1025900_RS_386_386RS169832_09240,5,0.04805109649896622
train/cracks-and-potholes-in-road__1025898_RS_386_386RS169832_09230,train/cracks-and-potholes-in-road__1025914_RS_386_386RS169832_09310,6,0.04559285193681717
train/cracks-and-potholes-in-road__1025899_RS_386_386RS169832_09235,train/cracks-and-potholes-in-road__1025900_RS_386_386RS169832_09240,6,0.03354061767458916
train/cracks-and-potholes-in-road__1025902_RS_386_386RS169832_09250,train/cracks-and-potholes-in-road__1025903_RS_386_386RS169832_09255,5,0.034684620797634125
train/cracks-and-potholes-in-road__1025904_RS_386_386RS169832_09260,train/cracks-and-potholes-in-road__1025905_RS_386_386RS169832_09265,3,0.043349798768758774
train/cracks-and-potholes-in-road__1025910_RS_386_386RS169832_09290,train/cracks-and-potholes-in-road__1025911_RS_386_386RS169832_09295,5,0.03819619491696358
train/cracks-and-potholes-in-road__1025910_RS_386_386RS169832_09290,train/cracks-and-potholes-in-road__1025913_RS_386_386RS169832_09305,6,0.04754934087395668
train/cracks-and-potholes-in-road__1025910_RS_386_386RS169832_09290,train/cracks-and-potholes-in-road__1025914_RS_386_386RS169832_09310,5,0.044943928718566895
train/cracks-and-potholes-in-road__1025911_RS_386_386RS169832_09295,train/cracks-and-potholes-in-road__1025912_RS_386_386RS169832_09301,4,0.03453252464532852
train/cracks-and-potholes-in-road__1025912_RS_386_386RS169832_09301,train/cracks-and-potholes-in-road__1025913_RS_386_386RS169832_09305,5,0.03013559989631176
train/cracks-and-potholes-in-road__1025912_RS_386_386RS169832_09301,train/cracks-and-potholes-in-road__1025914_RS_386_386RS169832_09310,6,0.03936399891972542
train/cracks-and-potholes-in-road__1025913_RS_386_386RS169832_09305,train/cracks-and-potholes-in-road__1025914_RS_386_386RS169832_09310,1,0.024652771651744843
train/cracks-and-potholes-in-road__1025919_RS_386_386RS169832_09335,train/cracks-and-potholes-in-road__1025920_RS_386_386RS169832_09340,1,0.021768929436802864
train/cracks-and-potholes-in-road__1025919_RS_386_386RS169832_09335,train/cracks-and-potholes-in-road__1025921_RS_386_386RS169832_09345,5,0.028994178399443626
train/cracks-and-potholes-in-road__1025919_RS_386_386RS169832_09335,train/cracks-and-potholes-in-road__1025923_RS_386_386RS169832_09355,1,0.02429378032684326
train/cracks-and-potholes-in-road__1025919_RS_386_386RS169832_09335,train/cracks-and-potholes-in-road__1025924_RS_386_386RS169832_09360,5,0.036007314920425415
train/cracks-and-potholes-in-road__1025920_RS_386_386RS169832_09340,train/cracks-and-potholes-in-road__1025921_RS_386_386RS169832_09345,4,0.026625027880072594
train/cracks-and-potholes-in-road__1025920_RS_386_386RS169832_09340,train/cracks-and-potholes-in-road__1025923_RS_386_386RS169832_09355,2,0.027276450768113136
train/cracks-and-potholes-in-road__1025920_RS_386_386RS169832_09340,train/cracks-and-potholes-in-road__1025924_RS_386_386RS169832_09360,4,0.03946535289287567
train/cracks-and-potholes-in-road__1025921_RS_386_386RS169832_09345,train/cracks-and-potholes-in-road__1025923_RS_386_386RS169832_09355,4,0.03159959614276886
train/cracks-and-potholes-in-road__1025921_RS_386_386RS169832_09345,train/cracks-and-potholes-in-road__1025924_RS_386_386RS169832_09360,6,0.0379672609269619
train/cracks-and-potholes-in-road__1025923_RS_386_386RS169832_09355,train/cracks-and-potholes-in-road__1025924_RS_386_386RS169832_09360,4,0.026969140395522118
train/cracks-and-potholes-in-road__1025932_RS_386_386RS169832_09400,train/cracks-and-potholes-in-road__1025934_RS_386_386RS169832_09410,5,0.04426666721701622
train/cracks-and-potholes-in-road__1026150_RS_386_386RS169832_10490,train/cracks-and-potholes-in-road__1026151_RS_386_386RS169832_10495,2,0.04979141056537628
train/cracks-and-potholes-in-road__1026154_RS_386_386RS169832_10510,train/cracks-and-potholes-in-road__1026155_RS_386_386RS169832_10515,6,0.033044181764125824
train/cracks-and-potholes-in-road__1044259_DF_060_060BDF0050_00121,train/cracks-and-potholes-in-road__1044260_DF_060_060BDF0050_00122,4,0.03599396347999573
train/cracks-and-potholes-in-road__1045837_DF_060_060BDF0030_00575,train/cracks-and-potholes-in-road__1045838_DF_060_060BDF0030_00577,4,0.03873557224869728
train/cracks-and-potholes-in-road__1046387_DF_060_060BDF0030_01577,train/cracks-and-potholes-in-road__1046388_DF_060_060BDF0030_01578,2,0.020772334188222885
train/cracks-and-potholes-in-road__1047047_DF_060_060BDF0030_02806,train/cracks-and-potholes-in-road__1047052_DF_060_060BDF0030_02817,5,0.030917106196284294
train/cracks-and-potholes-in-road__1051762_DF_020_020BDF0070_01668,train/cracks-and-potholes-in-road__1051763_DF_020_020BDF0070_01670,6,0.027060311287641525
train/cracks-and-potholes-in-road__1051762_DF_020_020BDF0070_01668,train/cracks-and-potholes-in-road__1051765_DF_020_020BDF0070_01674,5,0.03825041651725769
train/cracks-and-potholes-in-road__1051763_DF_020_020BDF0070_01670,train/cracks-and-potholes-in-road__1051764_DF_020_020BDF0070_01672,3,0.023642752319574356
train/cracks-and-potholes-in-road__1051764_DF_020_020BDF0070_01672,train/cracks-and-potholes-in-road__1051765_DF_020_020BDF0070_01674,6,0.034370794892311096
train/cracks-and-potholes-in-road__1052120_DF_020_020BDF0070_02437,train/cracks-and-potholes-in-road__1052121_DF_020_020BDF0070_02438,6,0.023207753896713257
train/cracks-and-potholes-in-road__1053938_DF_020_020BDF0070_06163,train/cracks-and-potholes-in-road__1053939_DF_020_020BDF0070_06165,6,0.030843183398246765
train/cracks-and-potholes-in-road__1053938_DF_020_020BDF0070_06163,train/cracks-and-potholes-in-road__1053962_DF_020_020BDF0070_06208,4,0.023593472316861153
train/cracks-and-potholes-in-road__1053938_DF_020_020BDF0070_06163,train/cracks-and-potholes-in-road__1066570_DF_010_010BDF0018_01156,6,0.03801727294921875
train/cracks-and-potholes-in-road__1053962_DF_020_020BDF0070_06208,train/cracks-and-potholes-in-road__1066570_DF_010_010BDF0018_01156,6,0.04860270395874977
train/cracks-and-potholes-in-road__1053964_DF_020_020BDF0070_06212,train/cracks-and-potholes-in-road__1053965_DF_020_020BDF0070_06213,5,0.014393643476068974
train/cracks-and-potholes-in-road__1053964_DF_020_020BDF0070_06212,train/cracks-and-potholes-in-road__1053991_DF_020_020BDF0070_06265,5,0.02344468981027603
train/cracks-and-potholes-in-road__1053965_DF_020_020BDF0070_06213,train/cracks-and-potholes-in-road__1053991_DF_020_020BDF0070_06265,6,0.028039904311299324
train/cracks-and-potholes-in-road__1053965_DF_020_020BDF0070_06213,train/cracks-and-potholes-in-road__1053992_DF_020_020BDF0070_06266,6,0.02377009019255638
train/cracks-and-potholes-in-road__1054936_DF_020_020BDF0070_08017,train/cracks-and-potholes-in-road__1054940_DF_020_020BDF0070_08024,4,0.03203338757157326
train/cracks-and-potholes-in-road__1054937_DF_020_020BDF0070_08018,train/cracks-and-potholes-in-road__1054938_DF_020_020BDF0070_08020,6,0.0315527468919754
train/cracks-and-potholes-in-road__1054937_DF_020_020BDF0070_08018,train/cracks-and-potholes-in-road__1054940_DF_020_020BDF0070_08024,4,0.0274791456758976
train/cracks-and-potholes-in-road__1054938_DF_020_020BDF0070_08020,train/cracks-and-potholes-in-road__1054941_DF_020_020BDF0070_08025,6,0.017025940120220184
train/cracks-and-potholes-in-road__1055969_DF_010_010BDF0010_00127,train/cracks-and-potholes-in-road__1055970_DF_010_010BDF0010_00128,5,0.04559910669922829
train/cracks-and-potholes-in-road__1058796_DF_010_010BDF0010_06132,train/cracks-and-potholes-in-road__1058797_DF_010_010BDF0010_06134,6,0.041538696736097336
train/cracks-and-potholes-in-road__1058797_DF_010_010BDF0010_06134,train/cracks-and-potholes-in-road__1058798_DF_010_010BDF0010_06135,4,0.03833826258778572
train/cracks-and-potholes-in-road__1066570_DF_010_010BDF0018_01156,train/cracks-and-potholes-in-road__1066571_DF_010_010BDF0018_01158,5,0.022163081914186478
train/cracks-and-potholes-in-road__1067606_DF_010_010BDF0018_03300,train/cracks-and-potholes-in-road__1067608_DF_010_010BDF0018_03303,5,0.036734871566295624
train/cracks-and-potholes-in-road__1067607_DF_010_010BDF0018_03301,train/cracks-and-potholes-in-road__1067608_DF_010_010BDF0018_03303,5,0.03440529853105545
train/cracks-and-potholes-in-road__1068044_DF_010_010BDF0018_04237,train/cracks-and-potholes-in-road__1068045_DF_010_010BDF0018_04239,3,0.029913758859038353
train/cracks-and-potholes-in-road__1068447_DF_010_010BDF0018_05110,train/cracks-and-potholes-in-road__1068448_DF_010_010BDF0018_05112,5,0.034567080438137054
train/cracks-and-potholes-in-road__1068448_DF_010_010BDF0018_05112,train/cracks-and-potholes-in-road__1068449_DF_010_010BDF0018_05113,5,0.03257476165890694
train/cracks-and-potholes-in-road__1075612_DF_251_251BDF0530_01986,train/cracks-and-potholes-in-road__1075613_DF_251_251BDF0530_01988,5,0.03291873261332512
train/cracks-and-potholes-in-road__1076073_DF_251_251BDF0530_02837,train/cracks-and-potholes-in-road__1076329_DF_251_251BDF0530_03316,3,0.04418499767780304
train/cracks-and-potholes-in-road__1076608_DF_251_251BDF0530_03838,train/cracks-and-potholes-in-road__1076609_DF_251_251BDF0530_03839,6,0.03095594048500061
train/cracks-and-potholes-in-road__1076632_DF_251_251BDF0530_03880,train/cracks-and-potholes-in-road__1076633_DF_251_251BDF0530_03882,4,0.03090447187423706
train/cracks-and-potholes-in-road__1076638_DF_251_251BDF0530_03892,train/cracks-and-potholes-in-road__1076639_DF_251_251BDF0530_03893,4,0.02629583515226841
train/cracks-and-potholes-in-road__1076683_DF_251_251BDF0530_03975,train/cracks-and-potholes-in-road__1076684_DF_251_251BDF0530_03977,5,0.02843269519507885
train/cracks-and-potholes-in-road__1076684_DF_251_251BDF0530_03977,train/cracks-and-potholes-in-road__1076685_DF_251_251BDF0530_03978,5,0.023411676287651062
train/cracks-and-potholes-in-road__1076695_DF_251_251BDF0530_03997,train/cracks-and-potholes-in-road__1076696_DF_251_251BDF0530_03999,4,0.030919291079044342
train/cracks-and-potholes-in-road__1076756_DF_251_251BDF0530_04109,train/cracks-and-potholes-in-road__1076757_DF_251_251BDF0530_04111,5,0.02475642040371895
train/cracks-and-potholes-in-road__1076756_DF_251_251BDF0530_04109,train/cracks-and-potholes-in-road__1076758_DF_251_251BDF0530_04113,5,0.034778669476509094
train/cracks-and-potholes-in-road__1076757_DF_251_251BDF0530_04111,train/cracks-and-potholes-in-road__1076758_DF_251_251BDF0530_04113,2,0.02383885718882084
train/cracks-and-potholes-in-road__1077169_DF_251_251BDF0530_04882,train/cracks-and-potholes-in-road__1077170_DF_251_251BDF0530_04883,2,0.015269037336111069
train/cracks-and-potholes-in-road__1077169_DF_251_251BDF0530_04882,train/cracks-and-potholes-in-road__1077179_DF_251_251BDF0530_04900,5,0.03645622357726097
train/cracks-and-potholes-in-road__1077179_DF_251_251BDF0530_04900,train/cracks-and-potholes-in-road__1077199_DF_251_251BDF0530_04936,6,0.02386026829481125
train/cracks-and-potholes-in-road__1077179_DF_251_251BDF0530_04900,train/cracks-and-potholes-in-road__1077204_DF_251_251BDF0530_04946,6,0.02707030065357685
train/cracks-and-potholes-in-road__1077199_DF_251_251BDF0530_04936,train/cracks-and-potholes-in-road__1077204_DF_251_251BDF0530_04946,2,0.0242665633559227
train/cracks-and-potholes-in-road__1077204_DF_251_251BDF0530_04946,train/cracks-and-potholes-in-road__1077333_DF_251_251BDF0530_05183,6,0.039000254124403
train/cracks-and-potholes-in-road__1077206_DF_251_251BDF0530_04950,train/cracks-and-potholes-in-road__1077207_DF_251_251BDF0530_04952,6,0.015485852025449276
train/cracks-and-potholes-in-road__1077207_DF_251_251BDF0530_04952,train/cracks-and-potholes-in-road__1077208_DF_251_251BDF0530_04954,6,0.018004698678851128
train/cracks-and-potholes-in-road__1077244_DF_251_251BDF0530_05022,train/cracks-and-potholes-in-road__1077245_DF_251_251BDF0530_05023,5,0.018343506380915642
train/cracks-and-potholes-in-road__1077246_DF_251_251BDF0530_05025,train/cracks-and-potholes-in-road__1077247_DF_251_251BDF0530_05027,6,0.017624065279960632
train/cracks-and-potholes-in-road__1077333_DF_251_251BDF0530_05183,train/cracks-and-potholes-in-road__1077334_DF_251_251BDF0530_05186,6,0.02262747660279274
train/cracks-and-potholes-in-road__1077333_DF_251_251BDF0530_05183,train/cracks-and-potholes-in-road__1077337_DF_251_251BDF0530_05192,6,0.03016548976302147
train/cracks-and-potholes-in-road__1077333_DF_251_251BDF0530_05183,train/cracks-and-potholes-in-road__1077338_DF_251_251BDF0530_05194,4,0.04456119239330292
train/cracks-and-potholes-in-road__1077334_DF_251_251BDF0530_05186,train/cracks-and-potholes-in-road__1077335_DF_251_251BDF0530_05188,5,0.020788593217730522
train/cracks-and-potholes-in-road__1077334_DF_251_251BDF0530_05186,train/cracks-and-potholes-in-road__1077336_DF_251_251BDF0530_05189,5,0.024320658296346664
train/cracks-and-potholes-in-road__1077334_DF_251_251BDF0530_05186,train/cracks-and-potholes-in-road__1077337_DF_251_251BDF0530_05192,6,0.025818612426519394
train/cracks-and-potholes-in-road__1077335_DF_251_251BDF0530_05188,train/cracks-and-potholes-in-road__1077336_DF_251_251BDF0530_05189,4,0.015758395195007324
train/cracks-and-potholes-in-road__1077337_DF_251_251BDF0530_05192,train/cracks-and-potholes-in-road__1077338_DF_251_251BDF0530_05194,4,0.031571779400110245
train/cracks-and-potholes-in-road__1077339_DF_251_251BDF0530_05197,train/cracks-and-potholes-in-road__1077340_DF_251_251BDF0530_05199,6,0.04568251967430115
train/cracks-and-potholes-in-road__1077340_DF_251_251BDF0530_05199,train/cracks-and-potholes-in-road__1077341_DF_251_251BDF0530_05200,2,0.025374457240104675
train/cracks-and-potholes-in-road__1077522_DF_251_251BDF0530_05541,train/cracks-and-potholes-in-road__1077523_DF_251_251BDF0530_05543,5,0.013802417553961277
train/cracks-and-potholes-in-road__1081350_DF_080_080BDF0070_00026,train/cracks-and-potholes-in-road__1085376_DF_080_080BDF0090_03501,5,0.04978357255458832
train/cracks-and-potholes-in-road__1081458_DF_080_080BDF0070_00239,train/cracks-and-potholes-in-road__1081459_DF_080_080BDF0070_00240,5,0.021186454221606255
train/cracks-and-potholes-in-road__1081458_DF_080_080BDF0070_00239,train/cracks-and-potholes-in-road__1081487_DF_080_080BDF0070_00291,6,0.04779348894953728
train/cracks-and-potholes-in-road__1081458_DF_080_080BDF0070_00239,train/cracks-and-potholes-in-road__1081494_DF_080_080BDF0070_00303,4,0.04450824484229088
train/cracks-and-potholes-in-road__1081458_DF_080_080BDF0070_00239,train/cracks-and-potholes-in-road__1081495_DF_080_080BDF0070_00305,3,0.04496730864048004
train/cracks-and-potholes-in-road__1081459_DF_080_080BDF0070_00240,train/cracks-and-potholes-in-road__1081487_DF_080_080BDF0070_00291,5,0.04398946464061737
train/cracks-and-potholes-in-road__1081459_DF_080_080BDF0070_00240,train/cracks-and-potholes-in-road__1081492_DF_080_080BDF0070_00299,6,0.047812338918447495
train/cracks-and-potholes-in-road__1081459_DF_080_080BDF0070_00240,train/cracks-and-potholes-in-road__1081494_DF_080_080BDF0070_00303,3,0.04243789613246918
train/cracks-and-potholes-in-road__1081459_DF_080_080BDF0070_00240,train/cracks-and-potholes-in-road__1081495_DF_080_080BDF0070_00305,4,0.04194829985499382
train/cracks-and-potholes-in-road__1081459_DF_080_080BDF0070_00240,train/cracks-and-potholes-in-road__1081496_DF_080_080BDF0070_00307,4,0.0422232523560524
train/cracks-and-potholes-in-road__1081459_DF_080_080BDF0070_00240,train/cracks-and-potholes-in-road__1081606_DF_080_080BDF0070_00510,6,0.04908987134695053
train/cracks-and-potholes-in-road__1081487_DF_080_080BDF0070_00291,train/cracks-and-potholes-in-road__1081494_DF_080_080BDF0070_00303,6,0.026981107890605927
train/cracks-and-potholes-in-road__1081487_DF_080_080BDF0070_00291,train/cracks-and-potholes-in-road__1081495_DF_080_080BDF0070_00305,5,0.023494280874729156
train/cracks-and-potholes-in-road__1081487_DF_080_080BDF0070_00291,train/cracks-and-potholes-in-road__1081597_DF_080_080BDF0070_00493,3,0.046480827033519745
train/cracks-and-potholes-in-road__1081487_DF_080_080BDF0070_00291,train/cracks-and-potholes-in-road__1081598_DF_080_080BDF0070_00496,6,0.046500369906425476
train/cracks-and-potholes-in-road__1081492_DF_080_080BDF0070_00299,train/cracks-and-potholes-in-road__1081494_DF_080_080BDF0070_00303,5,0.028141751885414124
train/cracks-and-potholes-in-road__1081492_DF_080_080BDF0070_00299,train/cracks-and-potholes-in-road__1081495_DF_080_080BDF0070_00305,6,0.02862720377743244
train/cracks-and-potholes-in-road__1081494_DF_080_080BDF0070_00303,train/cracks-and-potholes-in-road__1081495_DF_080_080BDF0070_00305,3,0.017937006428837776
train/cracks-and-potholes-in-road__1081494_DF_080_080BDF0070_00303,train/cracks-and-potholes-in-road__1081496_DF_080_080BDF0070_00307,5,0.023350654169917107
train/cracks-and-potholes-in-road__1081494_DF_080_080BDF0070_00303,train/cracks-and-potholes-in-road__1081597_DF_080_080BDF0070_00493,5,0.04835595563054085
train/cracks-and-potholes-in-road__1081494_DF_080_080BDF0070_00303,train/cracks-and-potholes-in-road__1081598_DF_080_080BDF0070_00496,6,0.048196520656347275
train/cracks-and-potholes-in-road__1081495_DF_080_080BDF0070_00305,train/cracks-and-potholes-in-road__1081496_DF_080_080BDF0070_00307,4,0.016876650974154472
train/cracks-and-potholes-in-road__1081495_DF_080_080BDF0070_00305,train/cracks-and-potholes-in-road__1081597_DF_080_080BDF0070_00493,6,0.046872079372406006
train/cracks-and-potholes-in-road__1081496_DF_080_080BDF0070_00307,train/cracks-and-potholes-in-road__1081499_DF_080_080BDF0070_00313,5,0.03190137445926666
train/cracks-and-potholes-in-road__1081496_DF_080_080BDF0070_00307,train/cracks-and-potholes-in-road__1081597_DF_080_080BDF0070_00493,4,0.04579317942261696
train/cracks-and-potholes-in-road__1081507_DF_080_080BDF0070_00328,train/cracks-and-potholes-in-road__1081508_DF_080_080BDF0070_00331,6,0.020500147715210915
train/cracks-and-potholes-in-road__1081508_DF_080_080BDF0070_00331,train/cracks-and-potholes-in-road__1081509_DF_080_080BDF0070_00332,5,0.014335617423057556
train/cracks-and-potholes-in-road__1081509_DF_080_080BDF0070_00332,train/cracks-and-potholes-in-road__1081511_DF_080_080BDF0070_00336,5,0.02202918939292431
train/cracks-and-potholes-in-road__1081509_DF_080_080BDF0070_00332,train/cracks-and-potholes-in-road__1081513_DF_080_080BDF0070_00340,6,0.03180542588233948
train/cracks-and-potholes-in-road__1081509_DF_080_080BDF0070_00332,train/cracks-and-potholes-in-road__1081515_DF_080_080BDF0070_00344,6,0.027656737715005875
train/cracks-and-potholes-in-road__1081509_DF_080_080BDF0070_00332,train/cracks-and-potholes-in-road__1081516_DF_080_080BDF0070_00346,5,0.027497172355651855
train/cracks-and-potholes-in-road__1081509_DF_080_080BDF0070_00332,train/cracks-and-potholes-in-road__1081519_DF_080_080BDF0070_00351,6,0.031662266701459885
train/cracks-and-potholes-in-road__1081511_DF_080_080BDF0070_00336,train/cracks-and-potholes-in-road__1081512_DF_080_080BDF0070_00338,6,0.023096509277820587
train/cracks-and-potholes-in-road__1081511_DF_080_080BDF0070_00336,train/cracks-and-potholes-in-road__1081516_DF_080_080BDF0070_00346,6,0.026172753423452377
train/cracks-and-potholes-in-road__1081512_DF_080_080BDF0070_00338,train/cracks-and-potholes-in-road__1081513_DF_080_080BDF0070_00340,3,0.01903577335178852
train/cracks-and-potholes-in-road__1081512_DF_080_080BDF0070_00338,train/cracks-and-potholes-in-road__1081516_DF_080_080BDF0070_00346,4,0.020995620638132095
train/cracks-and-potholes-in-road__1081513_DF_080_080BDF0070_00340,train/cracks-and-potholes-in-road__1081514_DF_080_080BDF0070_00342,4,0.02445398084819317
train/cracks-and-potholes-in-road__1081513_DF_080_080BDF0070_00340,train/cracks-and-potholes-in-road__1081515_DF_080_080BDF0070_00344,6,0.02604736015200615
train/cracks-and-potholes-in-road__1081513_DF_080_080BDF0070_00340,train/cracks-and-potholes-in-road__1081516_DF_080_080BDF0070_00346,3,0.021249450743198395
train/cracks-and-potholes-in-road__1081513_DF_080_080BDF0070_00340,train/cracks-and-potholes-in-road__1081519_DF_080_080BDF0070_00351,6,0.035212110728025436
train/cracks-and-potholes-in-road__1081514_DF_080_080BDF0070_00342,train/cracks-and-potholes-in-road__1081515_DF_080_080BDF0070_00344,6,0.0269379373639822
train/cracks-and-potholes-in-road__1081514_DF_080_080BDF0070_00342,train/cracks-and-potholes-in-road__1081516_DF_080_080BDF0070_00346,3,0.025784270837903023
train/cracks-and-potholes-in-road__1081514_DF_080_080BDF0070_00342,train/cracks-and-potholes-in-road__1081519_DF_080_080BDF0070_00351,6,0.03717520460486412
train/cracks-and-potholes-in-road__1081515_DF_080_080BDF0070_00344,train/cracks-and-potholes-in-road__1081516_DF_080_080BDF0070_00346,3,0.020159967243671417
train/cracks-and-potholes-in-road__1081515_DF_080_080BDF0070_00344,train/cracks-and-potholes-in-road__1081519_DF_080_080BDF0070_00351,4,0.03117108717560768
train/cracks-and-potholes-in-road__1081516_DF_080_080BDF0070_00346,train/cracks-and-potholes-in-road__1081519_DF_080_080BDF0070_00351,3,0.03017270565032959
train/cracks-and-potholes-in-road__1081522_DF_080_080BDF0070_00358,train/cracks-and-potholes-in-road__1081523_DF_080_080BDF0070_00360,5,0.020930785685777664
train/cracks-and-potholes-in-road__1081523_DF_080_080BDF0070_00360,train/cracks-and-potholes-in-road__1081524_DF_080_080BDF0070_00362,5,0.027807017788290977
train/cracks-and-potholes-in-road__1081524_DF_080_080BDF0070_00362,train/cracks-and-potholes-in-road__1081538_DF_080_080BDF0070_00388,5,0.0414719358086586
train/cracks-and-potholes-in-road__1081524_DF_080_080BDF0070_00362,train/cracks-and-potholes-in-road__1081566_DF_080_080BDF0070_00437,6,0.04899018630385399
train/cracks-and-potholes-in-road__1081524_DF_080_080BDF0070_00362,train/cracks-and-potholes-in-road__1081598_DF_080_080BDF0070_00496,6,0.04692443460226059
train/cracks-and-potholes-in-road__1081524_DF_080_080BDF0070_00362,train/cracks-and-potholes-in-road__1085383_DF_080_080BDF0090_03514,6,0.04395667836070061
train/cracks-and-potholes-in-road__1081525_DF_080_080BDF0070_00364,train/cracks-and-potholes-in-road__1081589_DF_080_080BDF0070_00478,6,0.0339035801589489
train/cracks-and-potholes-in-road__1081525_DF_080_080BDF0070_00364,train/cracks-and-potholes-in-road__1081598_DF_080_080BDF0070_00496,5,0.04318562150001526
train/cracks-and-potholes-in-road__1081538_DF_080_080BDF0070_00388,train/cracks-and-potholes-in-road__1081539_DF_080_080BDF0070_00390,6,0.019963081926107407
train/cracks-and-potholes-in-road__1081538_DF_080_080BDF0070_00388,train/cracks-and-potholes-in-road__1081541_DF_080_080BDF0070_00394,6,0.0406421422958374
train/cracks-and-potholes-in-road__1081538_DF_080_080BDF0070_00388,train/cracks-and-potholes-in-road__1081565_DF_080_080BDF0070_00435,2,0.03875495493412018
train/cracks-and-potholes-in-road__1081538_DF_080_080BDF0070_00388,train/cracks-and-potholes-in-road__1081566_DF_080_080BDF0070_00437,5,0.03657303377985954
train/cracks-and-potholes-in-road__1081538_DF_080_080BDF0070_00388,train/cracks-and-potholes-in-road__1081568_DF_080_080BDF0070_00441,5,0.042192116379737854
train/cracks-and-potholes-in-road__1081538_DF_080_080BDF0070_00388,train/cracks-and-potholes-in-road__1081576_DF_080_080BDF0070_00455,5,0.03659971430897713
train/cracks-and-potholes-in-road__1081538_DF_080_080BDF0070_00388,train/cracks-and-potholes-in-road__1081595_DF_080_080BDF0070_00490,6,0.033604588359594345
train/cracks-and-potholes-in-road__1081538_DF_080_080BDF0070_00388,train/cracks-and-potholes-in-road__1085383_DF_080_080BDF0090_03514,3,0.04666206240653992
train/cracks-and-potholes-in-road__1081538_DF_080_080BDF0070_00388,train/cracks-and-potholes-in-road__1085449_DF_080_080BDF0090_03640,5,0.03701508045196533
train/cracks-and-potholes-in-road__1081539_DF_080_080BDF0070_00390,train/cracks-and-potholes-in-road__1081589_DF_080_080BDF0070_00478,4,0.03566029295325279
train/cracks-and-potholes-in-road__1081540_DF_080_080BDF0070_00392,train/cracks-and-potholes-in-road__1081541_DF_080_080BDF0070_00394,6,0.024062087759375572
train/cracks-and-potholes-in-road__1081540_DF_080_080BDF0070_00392,train/cracks-and-potholes-in-road__1085386_DF_080_080BDF0090_03519,6,0.039148420095443726
train/cracks-and-potholes-in-road__1081541_DF_080_080BDF0070_00394,train/cracks-and-potholes-in-road__1081565_DF_080_080BDF0070_00435,4,0.026904186233878136
train/cracks-and-potholes-in-road__1081541_DF_080_080BDF0070_00394,train/cracks-and-potholes-in-road__1081568_DF_080_080BDF0070_00441,5,0.038220565766096115
train/cracks-and-potholes-in-road__1081541_DF_080_080BDF0070_00394,train/cracks-and-potholes-in-road__1085376_DF_080_080BDF0090_03501,5,0.0410502627491951
train/cracks-and-potholes-in-road__1081541_DF_080_080BDF0070_00394,train/cracks-and-potholes-in-road__1085386_DF_080_080BDF0090_03519,6,0.04921147972345352
train/cracks-and-potholes-in-road__1081565_DF_080_080BDF0070_00435,train/cracks-and-potholes-in-road__1081566_DF_080_080BDF0070_00437,3,0.01630408689379692
train/cracks-and-potholes-in-road__1081565_DF_080_080BDF0070_00435,train/cracks-and-potholes-in-road__1081568_DF_080_080BDF0070_00441,5,0.03247341141104698
train/cracks-and-potholes-in-road__1081565_DF_080_080BDF0070_00435,train/cracks-and-potholes-in-road__1081576_DF_080_080BDF0070_00455,5,0.03249421715736389
train/cracks-and-potholes-in-road__1081565_DF_080_080BDF0070_00435,train/cracks-and-potholes-in-road__1081595_DF_080_080BDF0070_00490,6,0.040141306817531586
train/cracks-and-potholes-in-road__1081565_DF_080_080BDF0070_00435,train/cracks-and-potholes-in-road__1085376_DF_080_080BDF0090_03501,5,0.03733302652835846
train/cracks-and-potholes-in-road__1081565_DF_080_080BDF0070_00435,train/cracks-and-potholes-in-road__1085383_DF_080_080BDF0090_03514,3,0.045006703585386276
train/cracks-and-potholes-in-road__1081565_DF_080_080BDF0070_00435,train/cracks-and-potholes-in-road__1085449_DF_080_080BDF0090_03640,5,0.038720835000276566
train/cracks-and-potholes-in-road__1081566_DF_080_080BDF0070_00437,train/cracks-and-potholes-in-road__1081568_DF_080_080BDF0070_00441,4,0.03184671700000763
train/cracks-and-potholes-in-road__1081566_DF_080_080BDF0070_00437,train/cracks-and-potholes-in-road__1081576_DF_080_080BDF0070_00455,6,0.030681343749165535
train/cracks-and-potholes-in-road__1081566_DF_080_080BDF0070_00437,train/cracks-and-potholes-in-road__1085376_DF_080_080BDF0090_03501,6,0.03436358645558357
train/cracks-and-potholes-in-road__1081566_DF_080_080BDF0070_00437,train/cracks-and-potholes-in-road__1085383_DF_080_080BDF0090_03514,6,0.042529281228780746
train/cracks-and-potholes-in-road__1081566_DF_080_080BDF0070_00437,train/cracks-and-potholes-in-road__1085406_DF_080_080BDF0090_03556,5,0.04241807386279106
train/cracks-and-potholes-in-road__1081566_DF_080_080BDF0070_00437,train/cracks-and-potholes-in-road__1085449_DF_080_080BDF0090_03640,6,0.037283916026353836
train/cracks-and-potholes-in-road__1081568_DF_080_080BDF0070_00441,train/cracks-and-potholes-in-road__1085376_DF_080_080BDF0090_03501,6,0.03477240726351738
train/cracks-and-potholes-in-road__1081568_DF_080_080BDF0070_00441,train/cracks-and-potholes-in-road__1085383_DF_080_080BDF0090_03514,6,0.04037278890609741
train/cracks-and-potholes-in-road__1081579_DF_080_080BDF0070_00460,train/cracks-and-potholes-in-road__1085449_DF_080_080BDF0090_03640,6,0.03581955283880234
train/cracks-and-potholes-in-road__1081589_DF_080_080BDF0070_00478,train/cracks-and-potholes-in-road__1081591_DF_080_080BDF0070_00482,6,0.020709335803985596
train/cracks-and-potholes-in-road__1081589_DF_080_080BDF0070_00478,train/cracks-and-potholes-in-road__1081599_DF_080_080BDF0070_00498,6,0.041793350130319595
train/cracks-and-potholes-in-road__1081589_DF_080_080BDF0070_00478,train/cracks-and-potholes-in-road__1085376_DF_080_080BDF0090_03501,5,0.02855786867439747
train/cracks-and-potholes-in-road__1081591_DF_080_080BDF0070_00482,train/cracks-and-potholes-in-road__1081599_DF_080_080BDF0070_00498,6,0.0378410667181015
train/cracks-and-potholes-in-road__1081597_DF_080_080BDF0070_00493,train/cracks-and-potholes-in-road__1081598_DF_080_080BDF0070_00496,5,0.027281679213047028
train/cracks-and-potholes-in-road__1081597_DF_080_080BDF0070_00493,train/cracks-and-potholes-in-road__1081605_DF_080_080BDF0070_00508,3,0.03829161822795868
train/cracks-and-potholes-in-road__1081598_DF_080_080BDF0070_00496,train/cracks-and-potholes-in-road__1081605_DF_080_080BDF0070_00508,4,0.03787894919514656
train/cracks-and-potholes-in-road__1081676_DF_080_080BDF0070_00638,train/cracks-and-potholes-in-road__1081677_DF_080_080BDF0070_00640,3,0.02429872378706932
train/cracks-and-potholes-in-road__1081676_DF_080_080BDF0070_00638,train/cracks-and-potholes-in-road__1081678_DF_080_080BDF0070_00641,5,0.022291461005806923
train/cracks-and-potholes-in-road__1081677_DF_080_080BDF0070_00640,train/cracks-and-potholes-in-road__1081678_DF_080_080BDF0070_00641,4,0.017397213727235794
train/cracks-and-potholes-in-road__1081703_DF_080_080BDF0070_00686,train/cracks-and-potholes-in-road__1085369_DF_080_080BDF0090_03488,6,0.04791102930903435
train/cracks-and-potholes-in-road__1081805_DF_080_080BDF0070_00877,train/cracks-and-potholes-in-road__1081806_DF_080_080BDF0070_00878,5,0.03301781043410301
train/cracks-and-potholes-in-road__1081808_DF_080_080BDF0070_00882,train/cracks-and-potholes-in-road__1081809_DF_080_080BDF0070_00884,2,0.027428817003965378
train/cracks-and-potholes-in-road__1081813_DF_080_080BDF0070_00891,train/cracks-and-potholes-in-road__1081818_DF_080_080BDF0070_00900,4,0.028909362852573395
train/cracks-and-potholes-in-road__1082253_DF_080_080BDF0070_01829,train/cracks-and-potholes-in-road__1082254_DF_080_080BDF0070_01831,0,0.024646982550621033
train/cracks-and-potholes-in-road__1083772_DF_080_080BDF0090_00331,train/cracks-and-potholes-in-road__1083773_DF_080_080BDF0090_00332,5,0.027173293754458427
train/cracks-and-potholes-in-road__1083786_DF_080_080BDF0090_00357,train/cracks-and-potholes-in-road__1083787_DF_080_080BDF0090_00359,6,0.02918107993900776
train/cracks-and-potholes-in-road__1083994_DF_080_080BDF0090_00778,train/cracks-and-potholes-in-road__1083995_DF_080_080BDF0090_00780,5,0.034863632172346115
train/cracks-and-potholes-in-road__1084106_DF_080_080BDF0090_00986,train/cracks-and-potholes-in-road__1084107_DF_080_080BDF0090_00987,4,0.02072202041745186
train/cracks-and-potholes-in-road__1084398_DF_080_080BDF0090_01592,train/cracks-and-potholes-in-road__1084399_DF_080_080BDF0090_01595,6,0.021633632481098175
train/cracks-and-potholes-in-road__1085383_DF_080_080BDF0090_03514,train/cracks-and-potholes-in-road__1085449_DF_080_080BDF0090_03640,6,0.032293934375047684
train/cracks-and-potholes-in-road__1085398_DF_080_080BDF0090_03541,train/cracks-and-potholes-in-road__1085399_DF_080_080BDF0090_03543,3,0.021038493141531944
train/cracks-and-potholes-in-road__1085404_DF_080_080BDF0090_03552,train/cracks-and-potholes-in-road__1085406_DF_080_080BDF0090_03556,4,0.024747924879193306
train/cracks-and-potholes-in-road__1085429_DF_080_080BDF0090_03601,train/cracks-and-potholes-in-road__1085430_DF_080_080BDF0090_03602,2,0.013966826722025871
train/cracks-and-potholes-in-road__1090135_DF_070_070BDF0050_05559,train/cracks-and-potholes-in-road__1090136_DF_070_070BDF0050_05561,6,0.027404438704252243
train/cracks-and-potholes-in-road__1091170_DF_070_070BDF0050_07510,train/cracks-and-potholes-in-road__1091171_DF_070_070BDF0050_07512,6,0.02462107129395008
train/cracks-and-potholes-in-road__1091612_DF_251_251BDF0490_00589,train/cracks-and-potholes-in-road__1091614_DF_251_251BDF0490_00592,6,0.020626861602067947
train/cracks-and-potholes-in-road__1091612_DF_251_251BDF0490_00589,train/cracks-and-potholes-in-road__1091616_DF_251_251BDF0490_00595,6,0.02561596967279911
train/cracks-and-potholes-in-road__1091614_DF_251_251BDF0490_00592,train/cracks-and-potholes-in-road__1091616_DF_251_251BDF0490_00595,6,0.01626165769994259
train/cracks-and-potholes-in-road__1091614_DF_251_251BDF0490_00592,train/cracks-and-potholes-in-road__1091618_DF_251_251BDF0490_00599,6,0.028251469135284424
train/cracks-and-potholes-in-road__1091614_DF_251_251BDF0490_00592,train/cracks-and-potholes-in-road__1091966_DF_251_251BDF0490_01257,6,0.02404772862792015
train/cracks-and-potholes-in-road__1091615_DF_251_251BDF0490_00594,train/cracks-and-potholes-in-road__1091616_DF_251_251BDF0490_00595,5,0.016842801123857498
train/cracks-and-potholes-in-road__1091616_DF_251_251BDF0490_00595,train/cracks-and-potholes-in-road__1091619_DF_251_251BDF0490_00601,6,0.021320007741451263
train/cracks-and-potholes-in-road__1091616_DF_251_251BDF0490_00595,train/cracks-and-potholes-in-road__1091620_DF_251_251BDF0490_00603,6,0.02334454283118248
train/cracks-and-potholes-in-road__1091619_DF_251_251BDF0490_00601,train/cracks-and-potholes-in-road__1091621_DF_251_251BDF0490_00604,5,0.02434626780450344
train/cracks-and-potholes-in-road__1091633_DF_251_251BDF0490_00627,train/cracks-and-potholes-in-road__1091634_DF_251_251BDF0490_00628,3,0.014682375825941563
train/cracks-and-potholes-in-road__1091701_DF_251_251BDF0490_00756,train/cracks-and-potholes-in-road__1091702_DF_251_251BDF0490_00758,5,0.013959296979010105
train/cracks-and-potholes-in-road__1091704_DF_251_251BDF0490_00762,train/cracks-and-potholes-in-road__1091883_DF_251_251BDF0490_01101,5,0.015438745729625225
train/cracks-and-potholes-in-road__1091708_DF_251_251BDF0490_00769,train/cracks-and-potholes-in-road__1091873_DF_251_251BDF0490_01082,6,0.019215984269976616
train/cracks-and-potholes-in-road__1091712_DF_251_251BDF0490_00776,train/cracks-and-potholes-in-road__1091726_DF_251_251BDF0490_00803,4,0.0249226875603199
train/cracks-and-potholes-in-road__1091712_DF_251_251BDF0490_00776,train/cracks-and-potholes-in-road__1091781_DF_251_251BDF0490_00907,6,0.03131049871444702
train/cracks-and-potholes-in-road__1091712_DF_251_251BDF0490_00776,train/cracks-and-potholes-in-road__1091864_DF_251_251BDF0490_01064,4,0.02679174765944481
train/cracks-and-potholes-in-road__1091715_DF_251_251BDF0490_00782,train/cracks-and-potholes-in-road__1091722_DF_251_251BDF0490_00796,6,0.024414950981736183
train/cracks-and-potholes-in-road__1091715_DF_251_251BDF0490_00782,train/cracks-and-potholes-in-road__1091882_DF_251_251BDF0490_01100,6,0.019177649170160294
train/cracks-and-potholes-in-road__1091724_DF_251_251BDF0490_00799,train/cracks-and-potholes-in-road__1091831_DF_251_251BDF0490_01002,6,0.03871249407529831
train/cracks-and-potholes-in-road__1091724_DF_251_251BDF0490_00799,train/cracks-and-potholes-in-road__1091871_DF_251_251BDF0490_01078,6,0.030219703912734985
train/cracks-and-potholes-in-road__1091729_DF_251_251BDF0490_00809,train/cracks-and-potholes-in-road__1091732_DF_251_251BDF0490_00815,4,0.01973305456340313
train/cracks-and-potholes-in-road__1091733_DF_251_251BDF0490_00817,train/cracks-and-potholes-in-road__1091738_DF_251_251BDF0490_00826,6,0.015447497367858887
train/cracks-and-potholes-in-road__1091733_DF_251_251BDF0490_00817,train/cracks-and-potholes-in-road__1091932_DF_251_251BDF0490_01195,6,0.027268191799521446
train/cracks-and-potholes-in-road__1091733_DF_251_251BDF0490_00817,train/cracks-and-potholes-in-road__1091961_DF_251_251BDF0490_01248,6,0.027507001534104347
train/cracks-and-potholes-in-road__1091733_DF_251_251BDF0490_00817,train/cracks-and-potholes-in-road__1091993_DF_251_251BDF0490_01306,5,0.030476540327072144
train/cracks-and-potholes-in-road__1091736_DF_251_251BDF0490_00822,train/cracks-and-potholes-in-road__1091739_DF_251_251BDF0490_00828,6,0.019931836053729057
train/cracks-and-potholes-in-road__1091736_DF_251_251BDF0490_00822,train/cracks-and-potholes-in-road__1091960_DF_251_251BDF0490_01246,6,0.029216313734650612
train/cracks-and-potholes-in-road__1091739_DF_251_251BDF0490_00828,train/cracks-and-potholes-in-road__1091746_DF_251_251BDF0490_00842,6,0.028885718435049057
train/cracks-and-potholes-in-road__1091746_DF_251_251BDF0490_00842,train/cracks-and-potholes-in-road__1091901_DF_251_251BDF0490_01135,5,0.03693648427724838
train/cracks-and-potholes-in-road__1091747_DF_251_251BDF0490_00844,train/cracks-and-potholes-in-road__1091748_DF_251_251BDF0490_00846,6,0.01949261501431465
train/cracks-and-potholes-in-road__1091747_DF_251_251BDF0490_00844,train/cracks-and-potholes-in-road__1091961_DF_251_251BDF0490_01248,5,0.03282872959971428
train/cracks-and-potholes-in-road__1091747_DF_251_251BDF0490_00844,train/cracks-and-potholes-in-road__1091971_DF_251_251BDF0490_01265,6,0.029038429260253906
train/cracks-and-potholes-in-road__1091750_DF_251_251BDF0490_00850,train/cracks-and-potholes-in-road__1091751_DF_251_251BDF0490_00851,5,0.017058102414011955
train/cracks-and-potholes-in-road__1091773_DF_251_251BDF0490_00892,train/cracks-and-potholes-in-road__1091945_DF_251_251BDF0490_01219,6,0.018281588330864906
train/cracks-and-potholes-in-road__1091775_DF_251_251BDF0490_00895,train/cracks-and-potholes-in-road__1091778_DF_251_251BDF0490_00901,5,0.015382710844278336
train/cracks-and-potholes-in-road__1091775_DF_251_251BDF0490_00895,train/cracks-and-potholes-in-road__1091838_DF_251_251BDF0490_01016,6,0.01991223730146885
train/cracks-and-potholes-in-road__1091775_DF_251_251BDF0490_00895,train/cracks-and-potholes-in-road__1091937_DF_251_251BDF0490_01204,6,0.022656992077827454
train/cracks-and-potholes-in-road__1091777_DF_251_251BDF0490_00899,train/cracks-and-potholes-in-road__1091901_DF_251_251BDF0490_01135,6,0.01887931302189827
train/cracks-and-potholes-in-road__1091781_DF_251_251BDF0490_00907,train/cracks-and-potholes-in-road__1091864_DF_251_251BDF0490_01064,4,0.03058525174856186
train/cracks-and-potholes-in-road__1091782_DF_251_251BDF0490_00910,train/cracks-and-potholes-in-road__1091783_DF_251_251BDF0490_00911,6,0.014409285970032215
train/cracks-and-potholes-in-road__1091782_DF_251_251BDF0490_00910,train/cracks-and-potholes-in-road__1091812_DF_251_251BDF0490_00966,5,0.031296342611312866
train/cracks-and-potholes-in-road__1091783_DF_251_251BDF0490_00911,train/cracks-and-potholes-in-road__1091831_DF_251_251BDF0490_01002,6,0.022713594138622284
train/cracks-and-potholes-in-road__1091788_DF_251_251BDF0490_00921,train/cracks-and-potholes-in-road__1091831_DF_251_251BDF0490_01002,6,0.02484392374753952
train/cracks-and-potholes-in-road__1091788_DF_251_251BDF0490_00921,train/cracks-and-potholes-in-road__1091983_DF_251_251BDF0490_01289,5,0.04038618132472038
train/cracks-and-potholes-in-road__1091809_DF_251_251BDF0490_00960,train/cracks-and-potholes-in-road__1091814_DF_251_251BDF0490_00970,5,0.020617756992578506
train/cracks-and-potholes-in-road__1091809_DF_251_251BDF0490_00960,train/cracks-and-potholes-in-road__1091838_DF_251_251BDF0490_01016,6,0.03132344409823418
train/cracks-and-potholes-in-road__1091809_DF_251_251BDF0490_00960,train/cracks-and-potholes-in-road__1091885_DF_251_251BDF0490_01105,6,0.02610236592590809
train/cracks-and-potholes-in-road__1091810_DF_251_251BDF0490_00962,train/cracks-and-potholes-in-road__1091813_DF_251_251BDF0490_00968,6,0.02072238363325596
train/cracks-and-potholes-in-road__1091810_DF_251_251BDF0490_00962,train/cracks-and-potholes-in-road__1091866_DF_251_251BDF0490_01069,5,0.025250451639294624
train/cracks-and-potholes-in-road__1091810_DF_251_251BDF0490_00962,train/cracks-and-potholes-in-road__1091917_DF_251_251BDF0490_01166,5,0.02507018856704235
train/cracks-and-potholes-in-road__1091812_DF_251_251BDF0490_00966,train/cracks-and-potholes-in-road__1091831_DF_251_251BDF0490_01002,5,0.03277195245027542
train/cracks-and-potholes-in-road__1091812_DF_251_251BDF0490_00966,train/cracks-and-potholes-in-road__1091851_DF_251_251BDF0490_01040,6,0.026749392971396446
train/cracks-and-potholes-in-road__1091813_DF_251_251BDF0490_00968,train/cracks-and-potholes-in-road__1091870_DF_251_251BDF0490_01076,6,0.0202027540653944
train/cracks-and-potholes-in-road__1091813_DF_251_251BDF0490_00968,train/cracks-and-potholes-in-road__1091885_DF_251_251BDF0490_01105,4,0.02446257695555687
train/cracks-and-potholes-in-road__1091813_DF_251_251BDF0490_00968,train/cracks-and-potholes-in-road__1091886_DF_251_251BDF0490_01107,6,0.024078309535980225
train/cracks-and-potholes-in-road__1091813_DF_251_251BDF0490_00968,train/cracks-and-potholes-in-road__1091917_DF_251_251BDF0490_01166,5,0.023407507687807083
train/cracks-and-potholes-in-road__1091813_DF_251_251BDF0490_00968,train/cracks-and-potholes-in-road__1091983_DF_251_251BDF0490_01289,5,0.047330427914857864
train/cracks-and-potholes-in-road__1091813_DF_251_251BDF0490_00968,train/cracks-and-potholes-in-road__1091984_DF_251_251BDF0490_01290,6,0.04351819306612015
train/cracks-and-potholes-in-road__1091820_DF_251_251BDF0490_00981,train/cracks-and-potholes-in-road__1091873_DF_251_251BDF0490_01082,6,0.01900813914835453
train/cracks-and-potholes-in-road__1091828_DF_251_251BDF0490_00995,train/cracks-and-potholes-in-road__1091835_DF_251_251BDF0490_01010,5,0.017318913713097572
train/cracks-and-potholes-in-road__1091828_DF_251_251BDF0490_00995,train/cracks-and-potholes-in-road__1091937_DF_251_251BDF0490_01204,6,0.029843395575881004
train/cracks-and-potholes-in-road__1091831_DF_251_251BDF0490_01002,train/cracks-and-potholes-in-road__1091871_DF_251_251BDF0490_01078,6,0.024185042828321457
train/cracks-and-potholes-in-road__1091838_DF_251_251BDF0490_01016,train/cracks-and-potholes-in-road__1091937_DF_251_251BDF0490_01204,6,0.026913398876786232
train/cracks-and-potholes-in-road__1091838_DF_251_251BDF0490_01016,train/cracks-and-potholes-in-road__1092902_DF_251_251BDF0052_00771,6,0.04220724478363991
train/cracks-and-potholes-in-road__1091851_DF_251_251BDF0490_01040,train/cracks-and-potholes-in-road__1091863_DF_251_251BDF0490_01063,5,0.023722970858216286
train/cracks-and-potholes-in-road__1091851_DF_251_251BDF0490_01040,train/cracks-and-potholes-in-road__1091974_DF_251_251BDF0490_01271,5,0.01844230480492115
train/cracks-and-potholes-in-road__1091863_DF_251_251BDF0490_01063,train/cracks-and-potholes-in-road__1091974_DF_251_251BDF0490_01271,4,0.025238553062081337
train/cracks-and-potholes-in-road__1091864_DF_251_251BDF0490_01064,train/cracks-and-potholes-in-road__1091871_DF_251_251BDF0490_01078,5,0.01617925614118576
train/cracks-and-potholes-in-road__1091869_DF_251_251BDF0490_01075,train/cracks-and-potholes-in-road__1091870_DF_251_251BDF0490_01076,6,0.015609493479132652
train/cracks-and-potholes-in-road__1091869_DF_251_251BDF0490_01075,train/cracks-and-potholes-in-road__1091871_DF_251_251BDF0490_01078,4,0.014925343915820122
train/cracks-and-potholes-in-road__1091869_DF_251_251BDF0490_01075,train/cracks-and-potholes-in-road__1091872_DF_251_251BDF0490_01080,6,0.01689266227185726
train/cracks-and-potholes-in-road__1091869_DF_251_251BDF0490_01075,train/cracks-and-potholes-in-road__1091885_DF_251_251BDF0490_01105,6,0.01854867674410343
train/cracks-and-potholes-in-road__1091870_DF_251_251BDF0490_01076,train/cracks-and-potholes-in-road__1091871_DF_251_251BDF0490_01078,6,0.017828671261668205
train/cracks-and-potholes-in-road__1091870_DF_251_251BDF0490_01076,train/cracks-and-potholes-in-road__1091873_DF_251_251BDF0490_01082,3,0.017379075288772583
train/cracks-and-potholes-in-road__1091870_DF_251_251BDF0490_01076,train/cracks-and-potholes-in-road__1091886_DF_251_251BDF0490_01107,6,0.021401915699243546
train/cracks-and-potholes-in-road__1091870_DF_251_251BDF0490_01076,train/cracks-and-potholes-in-road__1091921_DF_251_251BDF0490_01174,6,0.02149783819913864
train/cracks-and-potholes-in-road__1091871_DF_251_251BDF0490_01078,train/cracks-and-potholes-in-road__1091872_DF_251_251BDF0490_01080,6,0.012291612103581429
train/cracks-and-potholes-in-road__1091872_DF_251_251BDF0490_01080,train/cracks-and-potholes-in-road__1091885_DF_251_251BDF0490_01105,6,0.018373362720012665
train/cracks-and-potholes-in-road__1091872_DF_251_251BDF0490_01080,train/cracks-and-potholes-in-road__1091983_DF_251_251BDF0490_01289,5,0.04500019550323486
train/cracks-and-potholes-in-road__1091927_DF_251_251BDF0490_01185,train/cracks-and-potholes-in-road__1092086_DF_251_251BDF0490_01477,4,0.02378840558230877
train/cracks-and-potholes-in-road__1091933_DF_251_251BDF0490_01197,train/cracks-and-potholes-in-road__1091934_DF_251_251BDF0490_01198,6,0.01603894867002964
train/cracks-and-potholes-in-road__1091961_DF_251_251BDF0490_01248,train/cracks-and-potholes-in-road__1091964_DF_251_251BDF0490_01253,6,0.01672513596713543
train/cracks-and-potholes-in-road__1091963_DF_251_251BDF0490_01252,train/cracks-and-potholes-in-road__1091965_DF_251_251BDF0490_01255,6,0.021604806184768677
train/cracks-and-potholes-in-road__1091963_DF_251_251BDF0490_01252,train/cracks-and-potholes-in-road__1091966_DF_251_251BDF0490_01257,3,0.021134288981556892
train/cracks-and-potholes-in-road__1091963_DF_251_251BDF0490_01252,train/cracks-and-potholes-in-road__1091974_DF_251_251BDF0490_01271,6,0.02440418303012848
train/cracks-and-potholes-in-road__1091965_DF_251_251BDF0490_01255,train/cracks-and-potholes-in-road__1091966_DF_251_251BDF0490_01257,5,0.020247308537364006
train/cracks-and-potholes-in-road__1091966_DF_251_251BDF0490_01257,train/cracks-and-potholes-in-road__1091974_DF_251_251BDF0490_01271,5,0.02208162099123001
train/cracks-and-potholes-in-road__1091970_DF_251_251BDF0490_01263,train/cracks-and-potholes-in-road__1091974_DF_251_251BDF0490_01271,6,0.024630524218082428
train/cracks-and-potholes-in-road__1092031_DF_251_251BDF0490_01377,train/cracks-and-potholes-in-road__1092032_DF_251_251BDF0490_01379,5,0.030707519501447678
train/cracks-and-potholes-in-road__1092062_DF_251_251BDF0490_01434,train/cracks-and-potholes-in-road__1092063_DF_251_251BDF0490_01436,6,0.018598806113004684
train/cracks-and-potholes-in-road__1092062_DF_251_251BDF0490_01434,train/cracks-and-potholes-in-road__1092064_DF_251_251BDF0490_01438,4,0.022644061595201492
train/cracks-and-potholes-in-road__1092063_DF_251_251BDF0490_01436,train/cracks-and-potholes-in-road__1092064_DF_251_251BDF0490_01438,6,0.017741695046424866
train/cracks-and-potholes-in-road__1092068_DF_251_251BDF0490_01445,train/cracks-and-potholes-in-road__1092073_DF_251_251BDF0490_01454,5,0.018302524462342262
train/cracks-and-potholes-in-road__1092079_DF_251_251BDF0490_01465,train/cracks-and-potholes-in-road__1092082_DF_251_251BDF0490_01470,6,0.015583496540784836
train/cracks-and-potholes-in-road__1092079_DF_251_251BDF0490_01465,train/cracks-and-potholes-in-road__1092086_DF_251_251BDF0490_01477,6,0.025381261482834816
train/cracks-and-potholes-in-road__1092082_DF_251_251BDF0490_01470,train/cracks-and-potholes-in-road__1092083_DF_251_251BDF0490_01472,3,0.01711479388177395
train/cracks-and-potholes-in-road__1092082_DF_251_251BDF0490_01470,train/cracks-and-potholes-in-road__1092086_DF_251_251BDF0490_01477,6,0.022267868742346764
train/cracks-and-potholes-in-road__1092083_DF_251_251BDF0490_01472,train/cracks-and-potholes-in-road__1092085_DF_251_251BDF0490_01475,6,0.01603051647543907
train/cracks-and-potholes-in-road__1092083_DF_251_251BDF0490_01472,train/cracks-and-potholes-in-road__1092086_DF_251_251BDF0490_01477,5,0.01725853979587555
train/cracks-and-potholes-in-road__1092083_DF_251_251BDF0490_01472,train/cracks-and-potholes-in-road__1092902_DF_251_251BDF0052_00771,6,0.044920697808265686
train/cracks-and-potholes-in-road__1092292_DF_251_251BDF0490_01853,train/cracks-and-potholes-in-road__1092319_DF_251_251BDF0490_01904,2,0.024946780875325203
train/cracks-and-potholes-in-road__1092317_DF_251_251BDF0490_01901,train/cracks-and-potholes-in-road__1092318_DF_251_251BDF0490_01903,3,0.01343519613146782
train/cracks-and-potholes-in-road__1092318_DF_251_251BDF0490_01903,train/cracks-and-potholes-in-road__1092319_DF_251_251BDF0490_01904,6,0.015852464362978935
train/cracks-and-potholes-in-road__1092499_DF_251_251BDF0052_00068,train/cracks-and-potholes-in-road__1092501_DF_251_251BDF0052_00072,6,0.0246225968003273
train/cracks-and-potholes-in-road__1092540_DF_251_251BDF0052_00142,train/cracks-and-potholes-in-road__1092541_DF_251_251BDF0052_00143,6,0.03715762495994568
train/cracks-and-potholes-in-road__1092540_DF_251_251BDF0052_00142,train/cracks-and-potholes-in-road__1092542_DF_251_251BDF0052_00145,3,0.03897020220756531
train/cracks-and-potholes-in-road__1092542_DF_251_251BDF0052_00145,train/cracks-and-potholes-in-road__1092543_DF_251_251BDF0052_00148,6,0.02343796193599701
train/cracks-and-potholes-in-road__1092542_DF_251_251BDF0052_00145,train/cracks-and-potholes-in-road__1092544_DF_251_251BDF0052_00150,4,0.04619578272104263
train/cracks-and-potholes-in-road__1092543_DF_251_251BDF0052_00148,train/cracks-and-potholes-in-road__1092544_DF_251_251BDF0052_00150,6,0.04156110808253288
train/cracks-and-potholes-in-road__1092543_DF_251_251BDF0052_00148,train/cracks-and-potholes-in-road__1092547_DF_251_251BDF0052_00155,5,0.0383768267929554
train/cracks-and-potholes-in-road__1092543_DF_251_251BDF0052_00148,train/cracks-and-potholes-in-road__1092548_DF_251_251BDF0052_00157,6,0.0440225712954998
train/cracks-and-potholes-in-road__1092543_DF_251_251BDF0052_00148,train/cracks-and-potholes-in-road__1092549_DF_251_251BDF0052_00159,5,0.043379586189985275
train/cracks-and-potholes-in-road__1092544_DF_251_251BDF0052_00150,train/cracks-and-potholes-in-road__1092548_DF_251_251BDF0052_00157,4,0.04633406549692154
train/cracks-and-potholes-in-road__1092547_DF_251_251BDF0052_00155,train/cracks-and-potholes-in-road__1092548_DF_251_251BDF0052_00157,3,0.025284333154559135
train/cracks-and-potholes-in-road__1092547_DF_251_251BDF0052_00155,train/cracks-and-potholes-in-road__1092549_DF_251_251BDF0052_00159,2,0.024023985490202904
train/cracks-and-potholes-in-road__1092547_DF_251_251BDF0052_00155,train/cracks-and-potholes-in-road__1092550_DF_251_251BDF0052_00160,3,0.03194371610879898
train/cracks-and-potholes-in-road__1092547_DF_251_251BDF0052_00155,train/cracks-and-potholes-in-road__1092551_DF_251_251BDF0052_00162,4,0.036931201815605164
train/cracks-and-potholes-in-road__1092547_DF_251_251BDF0052_00155,train/cracks-and-potholes-in-road__1092552_DF_251_251BDF0052_00164,3,0.032278355211019516
train/cracks-and-potholes-in-road__1092547_DF_251_251BDF0052_00155,train/cracks-and-potholes-in-road__1092554_DF_251_251BDF0052_00167,3,0.03193078190088272
train/cracks-and-potholes-in-road__1092547_DF_251_251BDF0052_00155,train/cracks-and-potholes-in-road__1092555_DF_251_251BDF0052_00169,5,0.03447398170828819
train/cracks-and-potholes-in-road__1092547_DF_251_251BDF0052_00155,train/cracks-and-potholes-in-road__1092556_DF_251_251BDF0052_00170,3,0.0342598520219326
train/cracks-and-potholes-in-road__1092548_DF_251_251BDF0052_00157,train/cracks-and-potholes-in-road__1092549_DF_251_251BDF0052_00159,3,0.029384179040789604
train/cracks-and-potholes-in-road__1092548_DF_251_251BDF0052_00157,train/cracks-and-potholes-in-road__1092550_DF_251_251BDF0052_00160,2,0.03205681964755058
train/cracks-and-potholes-in-road__1092548_DF_251_251BDF0052_00157,train/cracks-and-potholes-in-road__1092551_DF_251_251BDF0052_00162,5,0.034808021038770676
train/cracks-and-potholes-in-road__1092548_DF_251_251BDF0052_00157,train/cracks-and-potholes-in-road__1092552_DF_251_251BDF0052_00164,2,0.03209591656923294
train/cracks-and-potholes-in-road__1092548_DF_251_251BDF0052_00157,train/cracks-and-potholes-in-road__1092553_DF_251_251BDF0052_00166,4,0.028318902477622032
train/cracks-and-potholes-in-road__1092548_DF_251_251BDF0052_00157,train/cracks-and-potholes-in-road__1092554_DF_251_251BDF0052_00167,4,0.03236059844493866
train/cracks-and-potholes-in-road__1092548_DF_251_251BDF0052_00157,train/cracks-and-potholes-in-road__1092555_DF_251_251BDF0052_00169,2,0.03194747492671013
train/cracks-and-potholes-in-road__1092548_DF_251_251BDF0052_00157,train/cracks-and-potholes-in-road__1092556_DF_251_251BDF0052_00170,4,0.03660176321864128
train/cracks-and-potholes-in-road__1092548_DF_251_251BDF0052_00157,train/cracks-and-potholes-in-road__1094287_DF_251_251BDF0052_03289,6,0.046637434512376785
train/cracks-and-potholes-in-road__1092548_DF_251_251BDF0052_00157,train/cracks-and-potholes-in-road__1094290_DF_251_251BDF0052_03295,4,0.04811996966600418
train/cracks-and-potholes-in-road__1092549_DF_251_251BDF0052_00159,train/cracks-and-potholes-in-road__1092550_DF_251_251BDF0052_00160,3,0.027469577267766
train/cracks-and-potholes-in-road__1092549_DF_251_251BDF0052_00159,train/cracks-and-potholes-in-road__1092551_DF_251_251BDF0052_00162,2,0.02863270975649357
train/cracks-and-potholes-in-road__1092549_DF_251_251BDF0052_00159,train/cracks-and-potholes-in-road__1092552_DF_251_251BDF0052_00164,3,0.03130282461643219
train/cracks-and-potholes-in-road__1092549_DF_251_251BDF0052_00159,train/cracks-and-potholes-in-road__1092553_DF_251_251BDF0052_00166,5,0.029562270268797874
train/cracks-and-potholes-in-road__1092549_DF_251_251BDF0052_00159,train/cracks-and-potholes-in-road__1092554_DF_251_251BDF0052_00167,3,0.033367786556482315
train/cracks-and-potholes-in-road__1092549_DF_251_251BDF0052_00159,train/cracks-and-potholes-in-road__1092555_DF_251_251BDF0052_00169,5,0.03670461103320122
train/cracks-and-potholes-in-road__1092549_DF_251_251BDF0052_00159,train/cracks-and-potholes-in-road__1092556_DF_251_251BDF0052_00170,3,0.03942118585109711
train/cracks-and-potholes-in-road__1092549_DF_251_251BDF0052_00159,train/cracks-and-potholes-in-road__1092557_DF_251_251BDF0052_00172,6,0.038649797439575195
train/cracks-and-potholes-in-road__1092550_DF_251_251BDF0052_00160,train/cracks-and-potholes-in-road__1092551_DF_251_251BDF0052_00162,5,0.025093242526054382
train/cracks-and-potholes-in-road__1092550_DF_251_251BDF0052_00160,train/cracks-and-potholes-in-road__1092552_DF_251_251BDF0052_00164,0,0.021917782723903656
train/cracks-and-potholes-in-road__1092550_DF_251_251BDF0052_00160,train/cracks-and-potholes-in-road__1092553_DF_251_251BDF0052_00166,6,0.029304083436727524
train/cracks-and-potholes-in-road__1092550_DF_251_251BDF0052_00160,train/cracks-and-potholes-in-road__1092554_DF_251_251BDF0052_00167,4,0.026757534593343735
train/cracks-and-potholes-in-road__1092550_DF_251_251BDF0052_00160,train/cracks-and-potholes-in-road__1092555_DF_251_251BDF0052_00169,4,0.03304281458258629
train/cracks-and-potholes-in-road__1092550_DF_251_251BDF0052_00160,train/cracks-and-potholes-in-road__1092556_DF_251_251BDF0052_00170,4,0.03695416823029518
train/cracks-and-potholes-in-road__1092550_DF_251_251BDF0052_00160,train/cracks-and-potholes-in-road__1094173_DF_251_251BDF0052_03073,6,0.045769065618515015
train/cracks-and-potholes-in-road__1092550_DF_251_251BDF0052_00160,train/cracks-and-potholes-in-road__1094287_DF_251_251BDF0052_03289,6,0.04142102599143982
train/cracks-and-potholes-in-road__1092550_DF_251_251BDF0052_00160,train/cracks-and-potholes-in-road__1094290_DF_251_251BDF0052_03295,6,0.04389667883515358
train/cracks-and-potholes-in-road__1092551_DF_251_251BDF0052_00162,train/cracks-and-potholes-in-road__1092552_DF_251_251BDF0052_00164,5,0.025620661675930023
train/cracks-and-potholes-in-road__1092551_DF_251_251BDF0052_00162,train/cracks-and-potholes-in-road__1092553_DF_251_251BDF0052_00166,5,0.026473425328731537
train/cracks-and-potholes-in-road__1092551_DF_251_251BDF0052_00162,train/cracks-and-potholes-in-road__1092554_DF_251_251BDF0052_00167,5,0.03238913044333458
train/cracks-and-potholes-in-road__1092551_DF_251_251BDF0052_00162,train/cracks-and-potholes-in-road__1092556_DF_251_251BDF0052_00170,5,0.03681430593132973
train/cracks-and-potholes-in-road__1092552_DF_251_251BDF0052_00164,train/cracks-and-potholes-in-road__1092553_DF_251_251BDF0052_00166,6,0.026004085317254066
train/cracks-and-potholes-in-road__1092552_DF_251_251BDF0052_00164,train/cracks-and-potholes-in-road__1092554_DF_251_251BDF0052_00167,4,0.022669252008199692
train/cracks-and-potholes-in-road__1092552_DF_251_251BDF0052_00164,train/cracks-and-potholes-in-road__1092555_DF_251_251BDF0052_00169,4,0.03142158314585686
train/cracks-and-potholes-in-road__1092552_DF_251_251BDF0052_00164,train/cracks-and-potholes-in-road__1092556_DF_251_251BDF0052_00170,4,0.030245782807469368
train/cracks-and-potholes-in-road__1092552_DF_251_251BDF0052_00164,train/cracks-and-potholes-in-road__1094173_DF_251_251BDF0052_03073,6,0.04836713522672653
train/cracks-and-potholes-in-road__1092552_DF_251_251BDF0052_00164,train/cracks-and-potholes-in-road__1094287_DF_251_251BDF0052_03289,6,0.04091522470116615
train/cracks-and-potholes-in-road__1092552_DF_251_251BDF0052_00164,train/cracks-and-potholes-in-road__1094290_DF_251_251BDF0052_03295,6,0.04313621297478676
train/cracks-and-potholes-in-road__1092553_DF_251_251BDF0052_00166,train/cracks-and-potholes-in-road__1092554_DF_251_251BDF0052_00167,4,0.023595064878463745
train/cracks-and-potholes-in-road__1092553_DF_251_251BDF0052_00166,train/cracks-and-potholes-in-road__1092555_DF_251_251BDF0052_00169,2,0.024296563118696213
train/cracks-and-potholes-in-road__1092553_DF_251_251BDF0052_00166,train/cracks-and-potholes-in-road__1092556_DF_251_251BDF0052_00170,6,0.03156416863203049
train/cracks-and-potholes-in-road__1092553_DF_251_251BDF0052_00166,train/cracks-and-potholes-in-road__1092557_DF_251_251BDF0052_00172,5,0.027285534888505936
train/cracks-and-potholes-in-road__1092554_DF_251_251BDF0052_00167,train/cracks-and-potholes-in-road__1092555_DF_251_251BDF0052_00169,2,0.022816181182861328
train/cracks-and-potholes-in-road__1092554_DF_251_251BDF0052_00167,train/cracks-and-potholes-in-road__1092556_DF_251_251BDF0052_00170,2,0.02542737126350403
train/cracks-and-potholes-in-road__1092554_DF_251_251BDF0052_00167,train/cracks-and-potholes-in-road__1092557_DF_251_251BDF0052_00172,5,0.03054717369377613
train/cracks-and-potholes-in-road__1092555_DF_251_251BDF0052_00169,train/cracks-and-potholes-in-road__1092556_DF_251_251BDF0052_00170,4,0.027277551591396332
train/cracks-and-potholes-in-road__1092555_DF_251_251BDF0052_00169,train/cracks-and-potholes-in-road__1092557_DF_251_251BDF0052_00172,5,0.020154006779193878
train/cracks-and-potholes-in-road__1092555_DF_251_251BDF0052_00169,train/cracks-and-potholes-in-road__1094287_DF_251_251BDF0052_03289,6,0.04193594679236412
train/cracks-and-potholes-in-road__1092555_DF_251_251BDF0052_00169,train/cracks-and-potholes-in-road__1094290_DF_251_251BDF0052_03295,6,0.0406949520111084
train/cracks-and-potholes-in-road__1092659_DF_251_251BDF0052_00347,train/cracks-and-potholes-in-road__1092660_DF_251_251BDF0052_00348,4,0.031948648393154144
train/cracks-and-potholes-in-road__1092758_DF_251_251BDF0052_00520,train/cracks-and-potholes-in-road__1092759_DF_251_251BDF0052_00521,4,0.02141103707253933
train/cracks-and-potholes-in-road__1092761_DF_251_251BDF0052_00524,train/cracks-and-potholes-in-road__1092762_DF_251_251BDF0052_00526,5,0.027827536687254906
train/cracks-and-potholes-in-road__1092763_DF_251_251BDF0052_00527,train/cracks-and-potholes-in-road__1092820_DF_251_251BDF0052_00627,5,0.046565085649490356
train/cracks-and-potholes-in-road__1092802_DF_251_251BDF0052_00595,train/cracks-and-potholes-in-road__1092820_DF_251_251BDF0052_00627,6,0.03036966547369957
train/cracks-and-potholes-in-road__1092802_DF_251_251BDF0052_00595,train/cracks-and-potholes-in-road__1092821_DF_251_251BDF0052_00629,4,0.027811339125037193
train/cracks-and-potholes-in-road__1092802_DF_251_251BDF0052_00595,train/cracks-and-potholes-in-road__1092856_DF_251_251BDF0052_00690,4,0.031177351251244545
train/cracks-and-potholes-in-road__1092802_DF_251_251BDF0052_00595,train/cracks-and-potholes-in-road__1092866_DF_251_251BDF0052_00708,5,0.02885424718260765
train/cracks-and-potholes-in-road__1092803_DF_251_251BDF0052_00597,train/cracks-and-potholes-in-road__1092813_DF_251_251BDF0052_00615,6,0.03425809368491173
train/cracks-and-potholes-in-road__1092804_DF_251_251BDF0052_00599,train/cracks-and-potholes-in-road__1092805_DF_251_251BDF0052_00600,4,0.020427126437425613
train/cracks-and-potholes-in-road__1092804_DF_251_251BDF0052_00599,train/cracks-and-potholes-in-road__1092806_DF_251_251BDF0052_00602,6,0.028343023732304573
train/cracks-and-potholes-in-road__1092804_DF_251_251BDF0052_00599,train/cracks-and-potholes-in-road__1092809_DF_251_251BDF0052_00607,6,0.024944676086306572
train/cracks-and-potholes-in-road__1092804_DF_251_251BDF0052_00599,train/cracks-and-potholes-in-road__1092813_DF_251_251BDF0052_00615,5,0.029718833044171333
train/cracks-and-potholes-in-road__1092804_DF_251_251BDF0052_00599,train/cracks-and-potholes-in-road__1092817_DF_251_251BDF0052_00622,6,0.027377299964427948
train/cracks-and-potholes-in-road__1092804_DF_251_251BDF0052_00599,train/cracks-and-potholes-in-road__1092818_DF_251_251BDF0052_00624,4,0.023975174874067307
train/cracks-and-potholes-in-road__1092804_DF_251_251BDF0052_00599,train/cracks-and-potholes-in-road__1092819_DF_251_251BDF0052_00625,5,0.026794275268912315
train/cracks-and-potholes-in-road__1092805_DF_251_251BDF0052_00600,train/cracks-and-potholes-in-road__1092806_DF_251_251BDF0052_00602,6,0.019613971933722496
train/cracks-and-potholes-in-road__1092805_DF_251_251BDF0052_00600,train/cracks-and-potholes-in-road__1092813_DF_251_251BDF0052_00615,5,0.02600957080721855
train/cracks-and-potholes-in-road__1092808_DF_251_251BDF0052_00606,train/cracks-and-potholes-in-road__1092811_DF_251_251BDF0052_00611,4,0.01785140112042427
train/cracks-and-potholes-in-road__1092808_DF_251_251BDF0052_00606,train/cracks-and-potholes-in-road__1092818_DF_251_251BDF0052_00624,5,0.02111971564590931
train/cracks-and-potholes-in-road__1092809_DF_251_251BDF0052_00607,train/cracks-and-potholes-in-road__1092810_DF_251_251BDF0052_00610,6,0.018531261011958122
train/cracks-and-potholes-in-road__1092809_DF_251_251BDF0052_00607,train/cracks-and-potholes-in-road__1092814_DF_251_251BDF0052_00616,6,0.020455043762922287
train/cracks-and-potholes-in-road__1092809_DF_251_251BDF0052_00607,train/cracks-and-potholes-in-road__1093101_DF_251_251BDF0052_01121,6,0.03341231122612953
train/cracks-and-potholes-in-road__1092811_DF_251_251BDF0052_00611,train/cracks-and-potholes-in-road__1092812_DF_251_251BDF0052_00613,6,0.017653442919254303
train/cracks-and-potholes-in-road__1092811_DF_251_251BDF0052_00611,train/cracks-and-potholes-in-road__1092816_DF_251_251BDF0052_00620,5,0.02424675226211548
train/cracks-and-potholes-in-road__1092811_DF_251_251BDF0052_00611,train/cracks-and-potholes-in-road__1092818_DF_251_251BDF0052_00624,5,0.025821808725595474
train/cracks-and-potholes-in-road__1092812_DF_251_251BDF0052_00613,train/cracks-and-potholes-in-road__1092813_DF_251_251BDF0052_00615,6,0.021595420315861702
train/cracks-and-potholes-in-road__1092812_DF_251_251BDF0052_00613,train/cracks-and-potholes-in-road__1092816_DF_251_251BDF0052_00620,5,0.02232646942138672
train/cracks-and-potholes-in-road__1092812_DF_251_251BDF0052_00613,train/cracks-and-potholes-in-road__1092821_DF_251_251BDF0052_00629,5,0.023041173815727234
train/cracks-and-potholes-in-road__1092813_DF_251_251BDF0052_00615,train/cracks-and-potholes-in-road__1092814_DF_251_251BDF0052_00616,5,0.01626119762659073
train/cracks-and-potholes-in-road__1092813_DF_251_251BDF0052_00615,train/cracks-and-potholes-in-road__1092817_DF_251_251BDF0052_00622,5,0.020043417811393738
train/cracks-and-potholes-in-road__1092813_DF_251_251BDF0052_00615,train/cracks-and-potholes-in-road__1092819_DF_251_251BDF0052_00625,6,0.025396641343832016
train/cracks-and-potholes-in-road__1092813_DF_251_251BDF0052_00615,train/cracks-and-potholes-in-road__1092820_DF_251_251BDF0052_00627,5,0.03105015866458416
train/cracks-and-potholes-in-road__1092813_DF_251_251BDF0052_00615,train/cracks-and-potholes-in-road__1092821_DF_251_251BDF0052_00629,5,0.026523016393184662
train/cracks-and-potholes-in-road__1092813_DF_251_251BDF0052_00615,train/cracks-and-potholes-in-road__1092866_DF_251_251BDF0052_00708,6,0.027673296630382538
train/cracks-and-potholes-in-road__1092813_DF_251_251BDF0052_00615,train/cracks-and-potholes-in-road__1092873_DF_251_251BDF0052_00720,6,0.026416637003421783
train/cracks-and-potholes-in-road__1092814_DF_251_251BDF0052_00616,train/cracks-and-potholes-in-road__1092816_DF_251_251BDF0052_00620,6,0.024260064586997032
train/cracks-and-potholes-in-road__1092814_DF_251_251BDF0052_00616,train/cracks-and-potholes-in-road__1092821_DF_251_251BDF0052_00629,6,0.023154955357313156
train/cracks-and-potholes-in-road__1092814_DF_251_251BDF0052_00616,train/cracks-and-potholes-in-road__1092842_DF_251_251BDF0052_00665,6,0.025298288092017174
train/cracks-and-potholes-in-road__1092814_DF_251_251BDF0052_00616,train/cracks-and-potholes-in-road__1092846_DF_251_251BDF0052_00673,6,0.0239400714635849
train/cracks-and-potholes-in-road__1092814_DF_251_251BDF0052_00616,train/cracks-and-potholes-in-road__1092854_DF_251_251BDF0052_00687,4,0.02384452521800995
train/cracks-and-potholes-in-road__1092814_DF_251_251BDF0052_00616,train/cracks-and-potholes-in-road__1092858_DF_251_251BDF0052_00694,5,0.02044512890279293
train/cracks-and-potholes-in-road__1092814_DF_251_251BDF0052_00616,train/cracks-and-potholes-in-road__1092867_DF_251_251BDF0052_00710,6,0.024251705035567284
train/cracks-and-potholes-in-road__1092814_DF_251_251BDF0052_00616,train/cracks-and-potholes-in-road__1092873_DF_251_251BDF0052_00720,5,0.026052840054035187
train/cracks-and-potholes-in-road__1092816_DF_251_251BDF0052_00620,train/cracks-and-potholes-in-road__1092817_DF_251_251BDF0052_00622,6,0.01981508359313011
train/cracks-and-potholes-in-road__1092816_DF_251_251BDF0052_00620,train/cracks-and-potholes-in-road__1092818_DF_251_251BDF0052_00624,6,0.01763727143406868
train/cracks-and-potholes-in-road__1092816_DF_251_251BDF0052_00620,train/cracks-and-potholes-in-road__1092821_DF_251_251BDF0052_00629,4,0.021627387031912804
train/cracks-and-potholes-in-road__1092816_DF_251_251BDF0052_00620,train/cracks-and-potholes-in-road__1092854_DF_251_251BDF0052_00687,6,0.022182727232575417
train/cracks-and-potholes-in-road__1092816_DF_251_251BDF0052_00620,train/cracks-and-potholes-in-road__1092855_DF_251_251BDF0052_00689,5,0.022939594462513924
train/cracks-and-potholes-in-road__1092816_DF_251_251BDF0052_00620,train/cracks-and-potholes-in-road__1092856_DF_251_251BDF0052_00690,6,0.022324787452816963
train/cracks-and-potholes-in-road__1092816_DF_251_251BDF0052_00620,train/cracks-and-potholes-in-road__1092857_DF_251_251BDF0052_00692,6,0.020370066165924072
train/cracks-and-potholes-in-road__1092816_DF_251_251BDF0052_00620,train/cracks-and-potholes-in-road__1092867_DF_251_251BDF0052_00710,6,0.028089402243494987
train/cracks-and-potholes-in-road__1092816_DF_251_251BDF0052_00620,train/cracks-and-potholes-in-road__1093021_DF_251_251BDF0052_00982,6,0.035474926233291626
train/cracks-and-potholes-in-road__1092817_DF_251_251BDF0052_00622,train/cracks-and-potholes-in-road__1092818_DF_251_251BDF0052_00624,6,0.02162252366542816
train/cracks-and-potholes-in-road__1092817_DF_251_251BDF0052_00622,train/cracks-and-potholes-in-road__1092821_DF_251_251BDF0052_00629,6,0.01914394646883011
train/cracks-and-potholes-in-road__1092817_DF_251_251BDF0052_00622,train/cracks-and-potholes-in-road__1092862_DF_251_251BDF0052_00701,5,0.028016863390803337
train/cracks-and-potholes-in-road__1092818_DF_251_251BDF0052_00624,train/cracks-and-potholes-in-road__1092820_DF_251_251BDF0052_00627,6,0.0201618280261755
train/cracks-and-potholes-in-road__1092819_DF_251_251BDF0052_00625,train/cracks-and-potholes-in-road__1092821_DF_251_251BDF0052_00629,5,0.022941885516047478
train/cracks-and-potholes-in-road__1092820_DF_251_251BDF0052_00627,train/cracks-and-potholes-in-road__1092821_DF_251_251BDF0052_00629,4,0.020562324672937393
train/cracks-and-potholes-in-road__1092821_DF_251_251BDF0052_00629,train/cracks-and-potholes-in-road__1092842_DF_251_251BDF0052_00665,6,0.025846226140856743
train/cracks-and-potholes-in-road__1092821_DF_251_251BDF0052_00629,train/cracks-and-potholes-in-road__1092846_DF_251_251BDF0052_00673,6,0.0325344018638134
train/cracks-and-potholes-in-road__1092821_DF_251_251BDF0052_00629,train/cracks-and-potholes-in-road__1092854_DF_251_251BDF0052_00687,4,0.021207710728049278
train/cracks-and-potholes-in-road__1092821_DF_251_251BDF0052_00629,train/cracks-and-potholes-in-road__1092855_DF_251_251BDF0052_00689,3,0.027895454317331314
train/cracks-and-potholes-in-road__1092821_DF_251_251BDF0052_00629,train/cracks-and-potholes-in-road__1092856_DF_251_251BDF0052_00690,6,0.02202850766479969
train/cracks-and-potholes-in-road__1092821_DF_251_251BDF0052_00629,train/cracks-and-potholes-in-road__1092857_DF_251_251BDF0052_00692,6,0.024243654683232307
train/cracks-and-potholes-in-road__1092821_DF_251_251BDF0052_00629,train/cracks-and-potholes-in-road__1092859_DF_251_251BDF0052_00695,6,0.02417852357029915
train/cracks-and-potholes-in-road__1092821_DF_251_251BDF0052_00629,train/cracks-and-potholes-in-road__1092860_DF_251_251BDF0052_00697,6,0.027179650962352753
train/cracks-and-potholes-in-road__1092821_DF_251_251BDF0052_00629,train/cracks-and-potholes-in-road__1092866_DF_251_251BDF0052_00708,5,0.022944176569581032
train/cracks-and-potholes-in-road__1092821_DF_251_251BDF0052_00629,train/cracks-and-potholes-in-road__1092867_DF_251_251BDF0052_00710,6,0.02621518261730671
train/cracks-and-potholes-in-road__1092821_DF_251_251BDF0052_00629,train/cracks-and-potholes-in-road__1092869_DF_251_251BDF0052_00713,5,0.028727751225233078
train/cracks-and-potholes-in-road__1092821_DF_251_251BDF0052_00629,train/cracks-and-potholes-in-road__1093021_DF_251_251BDF0052_00982,6,0.03923502191901207
train/cracks-and-potholes-in-road__1092822_DF_251_251BDF0052_00631,train/cracks-and-potholes-in-road__1092983_DF_251_251BDF0052_00914,6,0.03703637421131134
train/cracks-and-potholes-in-road__1092822_DF_251_251BDF0052_00631,train/cracks-and-potholes-in-road__1093004_DF_251_251BDF0052_00952,4,0.03380976617336273
train/cracks-and-potholes-in-road__1092829_DF_251_251BDF0052_00643,train/cracks-and-potholes-in-road__1094544_DF_251_251BDF0052_03764,6,0.04917408525943756
train/cracks-and-potholes-in-road__1092830_DF_251_251BDF0052_00645,train/cracks-and-potholes-in-road__1092831_DF_251_251BDF0052_00646,5,0.014864346012473106
train/cracks-and-potholes-in-road__1092834_DF_251_251BDF0052_00651,train/cracks-and-potholes-in-road__1092945_DF_251_251BDF0052_00846,5,0.026453280821442604
train/cracks-and-potholes-in-road__1092835_DF_251_251BDF0052_00654,train/cracks-and-potholes-in-road__1092844_DF_251_251BDF0052_00669,6,0.024034610018134117
train/cracks-and-potholes-in-road__1092835_DF_251_251BDF0052_00654,train/cracks-and-potholes-in-road__1092867_DF_251_251BDF0052_00710,6,0.02203872986137867
train/cracks-and-potholes-in-road__1092836_DF_251_251BDF0052_00655,train/cracks-and-potholes-in-road__1092838_DF_251_251BDF0052_00658,6,0.02321810834109783
train/cracks-and-potholes-in-road__1092836_DF_251_251BDF0052_00655,train/cracks-and-potholes-in-road__1092843_DF_251_251BDF0052_00667,6,0.022381223738193512
train/cracks-and-potholes-in-road__1092836_DF_251_251BDF0052_00655,train/cracks-and-potholes-in-road__1092846_DF_251_251BDF0052_00673,6,0.021215496584773064
train/cracks-and-potholes-in-road__1092836_DF_251_251BDF0052_00655,train/cracks-and-potholes-in-road__1092848_DF_251_251BDF0052_00676,2,0.01976613514125347
train/cracks-and-potholes-in-road__1092836_DF_251_251BDF0052_00655,train/cracks-and-potholes-in-road__1092853_DF_251_251BDF0052_00685,6,0.027947895228862762
train/cracks-and-potholes-in-road__1092836_DF_251_251BDF0052_00655,train/cracks-and-potholes-in-road__1093023_DF_251_251BDF0052_00986,6,0.04177160561084747
train/cracks-and-potholes-in-road__1092838_DF_251_251BDF0052_00658,train/cracks-and-potholes-in-road__1092839_DF_251_251BDF0052_00660,6,0.024109166115522385
train/cracks-and-potholes-in-road__1092838_DF_251_251BDF0052_00658,train/cracks-and-potholes-in-road__1092840_DF_251_251BDF0052_00662,5,0.025415262207388878
train/cracks-and-potholes-in-road__1092839_DF_251_251BDF0052_00660,train/cracks-and-potholes-in-road__1092840_DF_251_251BDF0052_00662,5,0.02303302474319935
train/cracks-and-potholes-in-road__1092839_DF_251_251BDF0052_00660,train/cracks-and-potholes-in-road__1092842_DF_251_251BDF0052_00665,6,0.02799997106194496
train/cracks-and-potholes-in-road__1092839_DF_251_251BDF0052_00660,train/cracks-and-potholes-in-road__1092861_DF_251_251BDF0052_00699,5,0.025180768221616745
train/cracks-and-potholes-in-road__1092840_DF_251_251BDF0052_00662,train/cracks-and-potholes-in-road__1092846_DF_251_251BDF0052_00673,5,0.025996286422014236
train/cracks-and-potholes-in-road__1092840_DF_251_251BDF0052_00662,train/cracks-and-potholes-in-road__1092848_DF_251_251BDF0052_00676,5,0.02299092896282673
train/cracks-and-potholes-in-road__1092840_DF_251_251BDF0052_00662,train/cracks-and-potholes-in-road__1092850_DF_251_251BDF0052_00679,4,0.023966718465089798
train/cracks-and-potholes-in-road__1092840_DF_251_251BDF0052_00662,train/cracks-and-potholes-in-road__1092851_DF_251_251BDF0052_00681,6,0.025386586785316467
train/cracks-and-potholes-in-road__1092840_DF_251_251BDF0052_00662,train/cracks-and-potholes-in-road__1092852_DF_251_251BDF0052_00683,6,0.025116272270679474
train/cracks-and-potholes-in-road__1092840_DF_251_251BDF0052_00662,train/cracks-and-potholes-in-road__1092861_DF_251_251BDF0052_00699,6,0.024097327142953873
train/cracks-and-potholes-in-road__1092840_DF_251_251BDF0052_00662,train/cracks-and-potholes-in-road__1092866_DF_251_251BDF0052_00708,6,0.025910353288054466
train/cracks-and-potholes-in-road__1092840_DF_251_251BDF0052_00662,train/cracks-and-potholes-in-road__1092873_DF_251_251BDF0052_00720,6,0.027261029928922653
train/cracks-and-potholes-in-road__1092841_DF_251_251BDF0052_00663,train/cracks-and-potholes-in-road__1092842_DF_251_251BDF0052_00665,6,0.022913716733455658
train/cracks-and-potholes-in-road__1092841_DF_251_251BDF0052_00663,train/cracks-and-potholes-in-road__1092843_DF_251_251BDF0052_00667,4,0.02562154084444046
train/cracks-and-potholes-in-road__1092841_DF_251_251BDF0052_00663,train/cracks-and-potholes-in-road__1092846_DF_251_251BDF0052_00673,4,0.022133929654955864
train/cracks-and-potholes-in-road__1092841_DF_251_251BDF0052_00663,train/cracks-and-potholes-in-road__1092853_DF_251_251BDF0052_00685,6,0.02567160688340664
train/cracks-and-potholes-in-road__1092841_DF_251_251BDF0052_00663,train/cracks-and-potholes-in-road__1092854_DF_251_251BDF0052_00687,6,0.02229819819331169
train/cracks-and-potholes-in-road__1092841_DF_251_251BDF0052_00663,train/cracks-and-potholes-in-road__1092855_DF_251_251BDF0052_00689,5,0.031484607607126236
train/cracks-and-potholes-in-road__1092841_DF_251_251BDF0052_00663,train/cracks-and-potholes-in-road__1092857_DF_251_251BDF0052_00692,6,0.02545393630862236
train/cracks-and-potholes-in-road__1092841_DF_251_251BDF0052_00663,train/cracks-and-potholes-in-road__1092867_DF_251_251BDF0052_00710,4,0.022867463529109955
train/cracks-and-potholes-in-road__1092841_DF_251_251BDF0052_00663,train/cracks-and-potholes-in-road__1092870_DF_251_251BDF0052_00715,5,0.02466677688062191
train/cracks-and-potholes-in-road__1092841_DF_251_251BDF0052_00663,train/cracks-and-potholes-in-road__1092871_DF_251_251BDF0052_00716,6,0.023223282769322395
train/cracks-and-potholes-in-road__1092841_DF_251_251BDF0052_00663,train/cracks-and-potholes-in-road__1092872_DF_251_251BDF0052_00718,5,0.021211251616477966
train/cracks-and-potholes-in-road__1092841_DF_251_251BDF0052_00663,train/cracks-and-potholes-in-road__1092947_DF_251_251BDF0052_00849,6,0.032025888562202454
train/cracks-and-potholes-in-road__1092841_DF_251_251BDF0052_00663,train/cracks-and-potholes-in-road__1093023_DF_251_251BDF0052_00986,6,0.038091663271188736
train/cracks-and-potholes-in-road__1092841_DF_251_251BDF0052_00663,train/cracks-and-potholes-in-road__1093024_DF_251_251BDF0052_00987,6,0.031667958945035934
train/cracks-and-potholes-in-road__1092842_DF_251_251BDF0052_00665,train/cracks-and-potholes-in-road__1092844_DF_251_251BDF0052_00669,6,0.021640922874212265
train/cracks-and-potholes-in-road__1092842_DF_251_251BDF0052_00665,train/cracks-and-potholes-in-road__1092846_DF_251_251BDF0052_00673,6,0.025198953226208687
train/cracks-and-potholes-in-road__1092842_DF_251_251BDF0052_00665,train/cracks-and-potholes-in-road__1092854_DF_251_251BDF0052_00687,4,0.019641133025288582
train/cracks-and-potholes-in-road__1092842_DF_251_251BDF0052_00665,train/cracks-and-potholes-in-road__1092855_DF_251_251BDF0052_00689,5,0.024858126416802406
train/cracks-and-potholes-in-road__1092842_DF_251_251BDF0052_00665,train/cracks-and-potholes-in-road__1092873_DF_251_251BDF0052_00720,5,0.023494280874729156
train/cracks-and-potholes-in-road__1092842_DF_251_251BDF0052_00665,train/cracks-and-potholes-in-road__1093101_DF_251_251BDF0052_01121,6,0.036142200231552124
train/cracks-and-potholes-in-road__1092843_DF_251_251BDF0052_00667,train/cracks-and-potholes-in-road__1092845_DF_251_251BDF0052_00671,3,0.0190105102956295
train/cracks-and-potholes-in-road__1092843_DF_251_251BDF0052_00667,train/cracks-and-potholes-in-road__1092846_DF_251_251BDF0052_00673,4,0.022484321147203445
train/cracks-and-potholes-in-road__1092843_DF_251_251BDF0052_00667,train/cracks-and-potholes-in-road__1092847_DF_251_251BDF0052_00674,5,0.025908613577485085
train/cracks-and-potholes-in-road__1092843_DF_251_251BDF0052_00667,train/cracks-and-potholes-in-road__1092848_DF_251_251BDF0052_00676,4,0.019444402307271957
train/cracks-and-potholes-in-road__1092843_DF_251_251BDF0052_00667,train/cracks-and-potholes-in-road__1092849_DF_251_251BDF0052_00678,6,0.022938285022974014
train/cracks-and-potholes-in-road__1092843_DF_251_251BDF0052_00667,train/cracks-and-potholes-in-road__1092851_DF_251_251BDF0052_00681,5,0.024275846779346466
train/cracks-and-potholes-in-road__1092843_DF_251_251BDF0052_00667,train/cracks-and-potholes-in-road__1092853_DF_251_251BDF0052_00685,2,0.024590857326984406
train/cracks-and-potholes-in-road__1092843_DF_251_251BDF0052_00667,train/cracks-and-potholes-in-road__1092854_DF_251_251BDF0052_00687,6,0.021907158195972443
train/cracks-and-potholes-in-road__1092843_DF_251_251BDF0052_00667,train/cracks-and-potholes-in-road__1092855_DF_251_251BDF0052_00689,5,0.02791859395802021
train/cracks-and-potholes-in-road__1092843_DF_251_251BDF0052_00667,train/cracks-and-potholes-in-road__1092856_DF_251_251BDF0052_00690,6,0.023018021136522293
train/cracks-and-potholes-in-road__1092843_DF_251_251BDF0052_00667,train/cracks-and-potholes-in-road__1092857_DF_251_251BDF0052_00692,4,0.024221962317824364
train/cracks-and-potholes-in-road__1092843_DF_251_251BDF0052_00667,train/cracks-and-potholes-in-road__1092858_DF_251_251BDF0052_00694,5,0.021361177787184715
train/cracks-and-potholes-in-road__1092843_DF_251_251BDF0052_00667,train/cracks-and-potholes-in-road__1092860_DF_251_251BDF0052_00697,6,0.0261638592928648
train/cracks-and-potholes-in-road__1092843_DF_251_251BDF0052_00667,train/cracks-and-potholes-in-road__1092865_DF_251_251BDF0052_00706,6,0.035167086869478226
train/cracks-and-potholes-in-road__1092843_DF_251_251BDF0052_00667,train/cracks-and-potholes-in-road__1092866_DF_251_251BDF0052_00708,5,0.023748913779854774
train/cracks-and-potholes-in-road__1092843_DF_251_251BDF0052_00667,train/cracks-and-potholes-in-road__1092867_DF_251_251BDF0052_00710,6,0.02172749489545822
train/cracks-and-potholes-in-road__1092843_DF_251_251BDF0052_00667,train/cracks-and-potholes-in-road__1092868_DF_251_251BDF0052_00711,5,0.024003345519304276
train/cracks-and-potholes-in-road__1092843_DF_251_251BDF0052_00667,train/cracks-and-potholes-in-road__1092869_DF_251_251BDF0052_00713,5,0.028679613023996353
train/cracks-and-potholes-in-road__1092843_DF_251_251BDF0052_00667,train/cracks-and-potholes-in-road__1092871_DF_251_251BDF0052_00716,4,0.024447225034236908
train/cracks-and-potholes-in-road__1092843_DF_251_251BDF0052_00667,train/cracks-and-potholes-in-road__1092872_DF_251_251BDF0052_00718,5,0.022785881534218788
train/cracks-and-potholes-in-road__1092843_DF_251_251BDF0052_00667,train/cracks-and-potholes-in-road__1092873_DF_251_251BDF0052_00720,3,0.023539302870631218
train/cracks-and-potholes-in-road__1092843_DF_251_251BDF0052_00667,train/cracks-and-potholes-in-road__1092947_DF_251_251BDF0052_00849,4,0.037389107048511505
train/cracks-and-potholes-in-road__1092843_DF_251_251BDF0052_00667,train/cracks-and-potholes-in-road__1093023_DF_251_251BDF0052_00986,2,0.0428166389465332
train/cracks-and-potholes-in-road__1092843_DF_251_251BDF0052_00667,train/cracks-and-potholes-in-road__1093024_DF_251_251BDF0052_00987,2,0.0326751209795475
train/cracks-and-potholes-in-road__1092844_DF_251_251BDF0052_00669,train/cracks-and-potholes-in-road__1092847_DF_251_251BDF0052_00674,5,0.0228536669164896
train/cracks-and-potholes-in-road__1092844_DF_251_251BDF0052_00669,train/cracks-and-potholes-in-road__1092853_DF_251_251BDF0052_00685,6,0.024516543373465538
train/cracks-and-potholes-in-road__1092844_DF_251_251BDF0052_00669,train/cracks-and-potholes-in-road__1092854_DF_251_251BDF0052_00687,6,0.0175878144800663
train/cracks-and-potholes-in-road__1092844_DF_251_251BDF0052_00669,train/cracks-and-potholes-in-road__1092874_DF_251_251BDF0052_00722,5,0.020186396315693855
train/cracks-and-potholes-in-road__1092844_DF_251_251BDF0052_00669,train/cracks-and-potholes-in-road__1092875_DF_251_251BDF0052_00723,6,0.020580941811203957
train/cracks-and-potholes-in-road__1092844_DF_251_251BDF0052_00669,train/cracks-and-potholes-in-road__1093023_DF_251_251BDF0052_00986,6,0.04598969593644142
train/cracks-and-potholes-in-road__1092845_DF_251_251BDF0052_00671,train/cracks-and-potholes-in-road__1092846_DF_251_251BDF0052_00673,5,0.018320158123970032
train/cracks-and-potholes-in-road__1092845_DF_251_251BDF0052_00671,train/cracks-and-potholes-in-road__1092847_DF_251_251BDF0052_00674,6,0.02224729023873806
train/cracks-and-potholes-in-road__1092845_DF_251_251BDF0052_00671,train/cracks-and-potholes-in-road__1092848_DF_251_251BDF0052_00676,5,0.01520250178873539
train/cracks-and-potholes-in-road__1092845_DF_251_251BDF0052_00671,train/cracks-and-potholes-in-road__1092853_DF_251_251BDF0052_00685,3,0.02397611364722252
train/cracks-and-potholes-in-road__1092845_DF_251_251BDF0052_00671,train/cracks-and-potholes-in-road__1092854_DF_251_251BDF0052_00687,5,0.021676979959011078
train/cracks-and-potholes-in-road__1092845_DF_251_251BDF0052_00671,train/cracks-and-potholes-in-road__1092855_DF_251_251BDF0052_00689,6,0.028407065197825432
train/cracks-and-potholes-in-road__1092845_DF_251_251BDF0052_00671,train/cracks-and-potholes-in-road__1092858_DF_251_251BDF0052_00694,4,0.017888380214571953
train/cracks-and-potholes-in-road__1092845_DF_251_251BDF0052_00671,train/cracks-and-potholes-in-road__1092866_DF_251_251BDF0052_00708,6,0.022540027275681496
train/cracks-and-potholes-in-road__1092845_DF_251_251BDF0052_00671,train/cracks-and-potholes-in-road__1092873_DF_251_251BDF0052_00720,2,0.02221587672829628
train/cracks-and-potholes-in-road__1092845_DF_251_251BDF0052_00671,train/cracks-and-potholes-in-road__1093023_DF_251_251BDF0052_00986,3,0.037930261343717575
train/cracks-and-potholes-in-road__1092845_DF_251_251BDF0052_00671,train/cracks-and-potholes-in-road__1093024_DF_251_251BDF0052_00987,5,0.028720172122120857
train/cracks-and-potholes-in-road__1092846_DF_251_251BDF0052_00673,train/cracks-and-potholes-in-road__1092848_DF_251_251BDF0052_00676,4,0.015233095735311508
train/cracks-and-potholes-in-road__1092846_DF_251_251BDF0052_00673,train/cracks-and-potholes-in-road__1092849_DF_251_251BDF0052_00678,6,0.025139283388853073
train/cracks-and-potholes-in-road__1092846_DF_251_251BDF0052_00673,train/cracks-and-potholes-in-road__1092850_DF_251_251BDF0052_00679,3,0.02733749896287918
train/cracks-and-potholes-in-road__1092846_DF_251_251BDF0052_00673,train/cracks-and-potholes-in-road__1092852_DF_251_251BDF0052_00683,5,0.023688126355409622
train/cracks-and-potholes-in-road__1092846_DF_251_251BDF0052_00673,train/cracks-and-potholes-in-road__1092853_DF_251_251BDF0052_00685,4,0.029446210712194443
train/cracks-and-potholes-in-road__1092846_DF_251_251BDF0052_00673,train/cracks-and-potholes-in-road__1092854_DF_251_251BDF0052_00687,4,0.028425563126802444
train/cracks-and-potholes-in-road__1092846_DF_251_251BDF0052_00673,train/cracks-and-potholes-in-road__1092855_DF_251_251BDF0052_00689,5,0.03418964147567749
train/cracks-and-potholes-in-road__1092846_DF_251_251BDF0052_00673,train/cracks-and-potholes-in-road__1092857_DF_251_251BDF0052_00692,6,0.02761244587600231
train/cracks-and-potholes-in-road__1092846_DF_251_251BDF0052_00673,train/cracks-and-potholes-in-road__1092858_DF_251_251BDF0052_00694,5,0.020860351622104645
train/cracks-and-potholes-in-road__1092846_DF_251_251BDF0052_00673,train/cracks-and-potholes-in-road__1092859_DF_251_251BDF0052_00695,4,0.023944459855556488
train/cracks-and-potholes-in-road__1092846_DF_251_251BDF0052_00673,train/cracks-and-potholes-in-road__1092860_DF_251_251BDF0052_00697,6,0.026457253843545914
train/cracks-and-potholes-in-road__1092846_DF_251_251BDF0052_00673,train/cracks-and-potholes-in-road__1092867_DF_251_251BDF0052_00710,6,0.02218645066022873
train/cracks-and-potholes-in-road__1092846_DF_251_251BDF0052_00673,train/cracks-and-potholes-in-road__1092871_DF_251_251BDF0052_00716,6,0.027795134112238884
train/cracks-and-potholes-in-road__1092846_DF_251_251BDF0052_00673,train/cracks-and-potholes-in-road__1092873_DF_251_251BDF0052_00720,5,0.026089129969477654
train/cracks-and-potholes-in-road__1092846_DF_251_251BDF0052_00673,train/cracks-and-potholes-in-road__1093023_DF_251_251BDF0052_00986,4,0.033771321177482605
train/cracks-and-potholes-in-road__1092846_DF_251_251BDF0052_00673,train/cracks-and-potholes-in-road__1093024_DF_251_251BDF0052_00987,6,0.02746657095849514
train/cracks-and-potholes-in-road__1092847_DF_251_251BDF0052_00674,train/cracks-and-potholes-in-road__1092849_DF_251_251BDF0052_00678,5,0.015516372397542
train/cracks-and-potholes-in-road__1092847_DF_251_251BDF0052_00674,train/cracks-and-potholes-in-road__1092851_DF_251_251BDF0052_00681,6,0.019665969535708427
train/cracks-and-potholes-in-road__1092847_DF_251_251BDF0052_00674,train/cracks-and-potholes-in-road__1092852_DF_251_251BDF0052_00683,6,0.02117617428302765
train/cracks-and-potholes-in-road__1092847_DF_251_251BDF0052_00674,train/cracks-and-potholes-in-road__1092853_DF_251_251BDF0052_00685,5,0.020685391500592232
train/cracks-and-potholes-in-road__1092847_DF_251_251BDF0052_00674,train/cracks-and-potholes-in-road__1092854_DF_251_251BDF0052_00687,5,0.023048343136906624
train/cracks-and-potholes-in-road__1092847_DF_251_251BDF0052_00674,train/cracks-and-potholes-in-road__1092855_DF_251_251BDF0052_00689,4,0.02433701604604721
train/cracks-and-potholes-in-road__1092847_DF_251_251BDF0052_00674,train/cracks-and-potholes-in-road__1092856_DF_251_251BDF0052_00690,5,0.024333003908395767
train/cracks-and-potholes-in-road__1092847_DF_251_251BDF0052_00674,train/cracks-and-potholes-in-road__1092857_DF_251_251BDF0052_00692,5,0.01811654306948185
train/cracks-and-potholes-in-road__1092847_DF_251_251BDF0052_00674,train/cracks-and-potholes-in-road__1092858_DF_251_251BDF0052_00694,4,0.022621169686317444
train/cracks-and-potholes-in-road__1092847_DF_251_251BDF0052_00674,train/cracks-and-potholes-in-road__1092866_DF_251_251BDF0052_00708,4,0.01981470361351967
train/cracks-and-potholes-in-road__1092847_DF_251_251BDF0052_00674,train/cracks-and-potholes-in-road__1092869_DF_251_251BDF0052_00713,6,0.02100849337875843
train/cracks-and-potholes-in-road__1092847_DF_251_251BDF0052_00674,train/cracks-and-potholes-in-road__1092873_DF_251_251BDF0052_00720,6,0.025513458997011185
train/cracks-and-potholes-in-road__1092847_DF_251_251BDF0052_00674,train/cracks-and-potholes-in-road__1093022_DF_251_251BDF0052_00984,4,0.03317323699593544
train/cracks-and-potholes-in-road__1092847_DF_251_251BDF0052_00674,train/cracks-and-potholes-in-road__1093023_DF_251_251BDF0052_00986,5,0.034067973494529724
train/cracks-and-potholes-in-road__1092847_DF_251_251BDF0052_00674,train/cracks-and-potholes-in-road__1093024_DF_251_251BDF0052_00987,5,0.02744688093662262
train/cracks-and-potholes-in-road__1092848_DF_251_251BDF0052_00676,train/cracks-and-potholes-in-road__1092849_DF_251_251BDF0052_00678,6,0.01784929819405079
train/cracks-and-potholes-in-road__1092848_DF_251_251BDF0052_00676,train/cracks-and-potholes-in-road__1092851_DF_251_251BDF0052_00681,5,0.017667898908257484
train/cracks-and-potholes-in-road__1092848_DF_251_251BDF0052_00676,train/cracks-and-potholes-in-road__1092853_DF_251_251BDF0052_00685,4,0.023282378911972046
train/cracks-and-potholes-in-road__1092848_DF_251_251BDF0052_00676,train/cracks-and-potholes-in-road__1092858_DF_251_251BDF0052_00694,5,0.01665404997766018
train/cracks-and-potholes-in-road__1092848_DF_251_251BDF0052_00676,train/cracks-and-potholes-in-road__1092871_DF_251_251BDF0052_00716,6,0.021055975928902626
train/cracks-and-potholes-in-road__1092848_DF_251_251BDF0052_00676,train/cracks-and-potholes-in-road__1092873_DF_251_251BDF0052_00720,5,0.02317051775753498
train/cracks-and-potholes-in-road__1092848_DF_251_251BDF0052_00676,train/cracks-and-potholes-in-road__1093023_DF_251_251BDF0052_00986,4,0.03297412022948265
train/cracks-and-potholes-in-road__1092848_DF_251_251BDF0052_00676,train/cracks-and-potholes-in-road__1093024_DF_251_251BDF0052_00987,6,0.024872321635484695
train/cracks-and-potholes-in-road__1092849_DF_251_251BDF0052_00678,train/cracks-and-potholes-in-road__1092851_DF_251_251BDF0052_00681,3,0.015750767663121223
train/cracks-and-potholes-in-road__1092849_DF_251_251BDF0052_00678,train/cracks-and-potholes-in-road__1092852_DF_251_251BDF0052_00683,5,0.016960538923740387
train/cracks-and-potholes-in-road__1092849_DF_251_251BDF0052_00678,train/cracks-and-potholes-in-road__1092853_DF_251_251BDF0052_00685,6,0.018090827390551567
train/cracks-and-potholes-in-road__1092849_DF_251_251BDF0052_00678,train/cracks-and-potholes-in-road__1092857_DF_251_251BDF0052_00692,6,0.015048602595925331
train/cracks-and-potholes-in-road__1092849_DF_251_251BDF0052_00678,train/cracks-and-potholes-in-road__1092859_DF_251_251BDF0052_00695,6,0.013708521611988544
train/cracks-and-potholes-in-road__1092849_DF_251_251BDF0052_00678,train/cracks-and-potholes-in-road__1092860_DF_251_251BDF0052_00697,4,0.015632569789886475
train/cracks-and-potholes-in-road__1092849_DF_251_251BDF0052_00678,train/cracks-and-potholes-in-road__1092869_DF_251_251BDF0052_00713,5,0.021283701062202454
train/cracks-and-potholes-in-road__1092849_DF_251_251BDF0052_00678,train/cracks-and-potholes-in-road__1092871_DF_251_251BDF0052_00716,6,0.022205058485269547
train/cracks-and-potholes-in-road__1092849_DF_251_251BDF0052_00678,train/cracks-and-potholes-in-road__1092872_DF_251_251BDF0052_00718,5,0.023471899330615997
train/cracks-and-potholes-in-road__1092849_DF_251_251BDF0052_00678,train/cracks-and-potholes-in-road__1093023_DF_251_251BDF0052_00986,6,0.037532027810811996
train/cracks-and-potholes-in-road__1092849_DF_251_251BDF0052_00678,train/cracks-and-potholes-in-road__1093024_DF_251_251BDF0052_00987,6,0.029115648940205574
train/cracks-and-potholes-in-road__1092850_DF_251_251BDF0052_00679,train/cracks-and-potholes-in-road__1092852_DF_251_251BDF0052_00683,6,0.017826145514845848
train/cracks-and-potholes-in-road__1092850_DF_251_251BDF0052_00679,train/cracks-and-potholes-in-road__1092854_DF_251_251BDF0052_00687,5,0.022024760022759438
train/cracks-and-potholes-in-road__1092850_DF_251_251BDF0052_00679,train/cracks-and-potholes-in-road__1092859_DF_251_251BDF0052_00695,5,0.015465473756194115
train/cracks-and-potholes-in-road__1092850_DF_251_251BDF0052_00679,train/cracks-and-potholes-in-road__1092861_DF_251_251BDF0052_00699,4,0.019584085792303085
train/cracks-and-potholes-in-road__1092850_DF_251_251BDF0052_00679,train/cracks-and-potholes-in-road__1092873_DF_251_251BDF0052_00720,6,0.025554629042744637
train/cracks-and-potholes-in-road__1092851_DF_251_251BDF0052_00681,train/cracks-and-potholes-in-road__1092852_DF_251_251BDF0052_00683,6,0.016841910779476166
train/cracks-and-potholes-in-road__1092851_DF_251_251BDF0052_00681,train/cracks-and-potholes-in-road__1092853_DF_251_251BDF0052_00685,5,0.022357391193509102
train/cracks-and-potholes-in-road__1092851_DF_251_251BDF0052_00681,train/cracks-and-potholes-in-road__1092860_DF_251_251BDF0052_00697,5,0.017211487516760826
train/cracks-and-potholes-in-road__1092851_DF_251_251BDF0052_00681,train/cracks-and-potholes-in-road__1092866_DF_251_251BDF0052_00708,6,0.021015997976064682
train/cracks-and-potholes-in-road__1092851_DF_251_251BDF0052_00681,train/cracks-and-potholes-in-road__1092870_DF_251_251BDF0052_00715,6,0.02267421968281269
train/cracks-and-potholes-in-road__1092851_DF_251_251BDF0052_00681,train/cracks-and-potholes-in-road__1093023_DF_251_251BDF0052_00986,5,0.03684448450803757
train/cracks-and-potholes-in-road__1092851_DF_251_251BDF0052_00681,train/cracks-and-potholes-in-road__1093024_DF_251_251BDF0052_00987,5,0.02810169942677021
train/cracks-and-potholes-in-road__1092852_DF_251_251BDF0052_00683,train/cracks-and-potholes-in-road__1092854_DF_251_251BDF0052_00687,5,0.019412711262702942
train/cracks-and-potholes-in-road__1092852_DF_251_251BDF0052_00683,train/cracks-and-potholes-in-road__1092855_DF_251_251BDF0052_00689,6,0.022707311436533928
train/cracks-and-potholes-in-road__1092852_DF_251_251BDF0052_00683,train/cracks-and-potholes-in-road__1092858_DF_251_251BDF0052_00694,6,0.018643571063876152
train/cracks-and-potholes-in-road__1092852_DF_251_251BDF0052_00683,train/cracks-and-potholes-in-road__1092861_DF_251_251BDF0052_00699,6,0.017837094143033028
train/cracks-and-potholes-in-road__1092852_DF_251_251BDF0052_00683,train/cracks-and-potholes-in-road__1092866_DF_251_251BDF0052_00708,6,0.01943860948085785
train/cracks-and-potholes-in-road__1092852_DF_251_251BDF0052_00683,train/cracks-and-potholes-in-road__1093022_DF_251_251BDF0052_00984,6,0.03480996564030647
train/cracks-and-potholes-in-road__1092853_DF_251_251BDF0052_00685,train/cracks-and-potholes-in-road__1092854_DF_251_251BDF0052_00687,4,0.020528700202703476
train/cracks-and-potholes-in-road__1092853_DF_251_251BDF0052_00685,train/cracks-and-potholes-in-road__1092855_DF_251_251BDF0052_00689,5,0.02109374664723873
train/cracks-and-potholes-in-road__1092853_DF_251_251BDF0052_00685,train/cracks-and-potholes-in-road__1092856_DF_251_251BDF0052_00690,6,0.02339627593755722
train/cracks-and-potholes-in-road__1092853_DF_251_251BDF0052_00685,train/cracks-and-potholes-in-road__1092857_DF_251_251BDF0052_00692,4,0.017400667071342468
train/cracks-and-potholes-in-road__1092853_DF_251_251BDF0052_00685,train/cracks-and-potholes-in-road__1092858_DF_251_251BDF0052_00694,5,0.02609805203974247
train/cracks-and-potholes-in-road__1092853_DF_251_251BDF0052_00685,train/cracks-and-potholes-in-road__1092859_DF_251_251BDF0052_00695,6,0.017812659963965416
train/cracks-and-potholes-in-road__1092853_DF_251_251BDF0052_00685,train/cracks-and-potholes-in-road__1092860_DF_251_251BDF0052_00697,6,0.022377196699380875
train/cracks-and-potholes-in-road__1092853_DF_251_251BDF0052_00685,train/cracks-and-potholes-in-road__1092865_DF_251_251BDF0052_00706,6,0.033173687756061554
train/cracks-and-potholes-in-road__1092853_DF_251_251BDF0052_00685,train/cracks-and-potholes-in-road__1092866_DF_251_251BDF0052_00708,5,0.022006338462233543
train/cracks-and-potholes-in-road__1092853_DF_251_251BDF0052_00685,train/cracks-and-potholes-in-road__1092867_DF_251_251BDF0052_00710,6,0.025234686210751534
train/cracks-and-potholes-in-road__1092853_DF_251_251BDF0052_00685,train/cracks-and-potholes-in-road__1092869_DF_251_251BDF0052_00713,5,0.02326979860663414
train/cracks-and-potholes-in-road__1092853_DF_251_251BDF0052_00685,train/cracks-and-potholes-in-road__1092871_DF_251_251BDF0052_00716,6,0.023676712065935135
train/cracks-and-potholes-in-road__1092853_DF_251_251BDF0052_00685,train/cracks-and-potholes-in-road__1092873_DF_251_251BDF0052_00720,3,0.02533891797065735
train/cracks-and-potholes-in-road__1092853_DF_251_251BDF0052_00685,train/cracks-and-potholes-in-road__1092947_DF_251_251BDF0052_00849,6,0.03778049722313881
train/cracks-and-potholes-in-road__1092853_DF_251_251BDF0052_00685,train/cracks-and-potholes-in-road__1093023_DF_251_251BDF0052_00986,0,0.04065193235874176
train/cracks-and-potholes-in-road__1092853_DF_251_251BDF0052_00685,train/cracks-and-potholes-in-road__1093024_DF_251_251BDF0052_00987,2,0.03120647929608822
train/cracks-and-potholes-in-road__1092854_DF_251_251BDF0052_00687,train/cracks-and-potholes-in-road__1092855_DF_251_251BDF0052_00689,3,0.02274993434548378
train/cracks-and-potholes-in-road__1092854_DF_251_251BDF0052_00687,train/cracks-and-potholes-in-road__1092857_DF_251_251BDF0052_00692,6,0.019911861047148705
train/cracks-and-potholes-in-road__1092854_DF_251_251BDF0052_00687,train/cracks-and-potholes-in-road__1092858_DF_251_251BDF0052_00694,5,0.018615756183862686
train/cracks-and-potholes-in-road__1092854_DF_251_251BDF0052_00687,train/cracks-and-potholes-in-road__1092859_DF_251_251BDF0052_00695,6,0.0188868697732687
train/cracks-and-potholes-in-road__1092854_DF_251_251BDF0052_00687,train/cracks-and-potholes-in-road__1092866_DF_251_251BDF0052_00708,3,0.01826062798500061
train/cracks-and-potholes-in-road__1092854_DF_251_251BDF0052_00687,train/cracks-and-potholes-in-road__1092867_DF_251_251BDF0052_00710,6,0.02147442288696766
train/cracks-and-potholes-in-road__1092854_DF_251_251BDF0052_00687,train/cracks-and-potholes-in-road__1092869_DF_251_251BDF0052_00713,5,0.027003088966012
train/cracks-and-potholes-in-road__1092854_DF_251_251BDF0052_00687,train/cracks-and-potholes-in-road__1092873_DF_251_251BDF0052_00720,3,0.025018317624926567
train/cracks-and-potholes-in-road__1092854_DF_251_251BDF0052_00687,train/cracks-and-potholes-in-road__1093021_DF_251_251BDF0052_00982,6,0.03537381440401077
train/cracks-and-potholes-in-road__1092854_DF_251_251BDF0052_00687,train/cracks-and-potholes-in-road__1093022_DF_251_251BDF0052_00984,5,0.04095613583922386
train/cracks-and-potholes-in-road__1092854_DF_251_251BDF0052_00687,train/cracks-and-potholes-in-road__1093023_DF_251_251BDF0052_00986,4,0.04476630687713623
train/cracks-and-potholes-in-road__1092854_DF_251_251BDF0052_00687,train/cracks-and-potholes-in-road__1093024_DF_251_251BDF0052_00987,6,0.0344567708671093
train/cracks-and-potholes-in-road__1092854_DF_251_251BDF0052_00687,train/cracks-and-potholes-in-road__1093101_DF_251_251BDF0052_01121,6,0.035802990198135376
train/cracks-and-potholes-in-road__1092855_DF_251_251BDF0052_00689,train/cracks-and-potholes-in-road__1092856_DF_251_251BDF0052_00690,5,0.021259697154164314
train/cracks-and-potholes-in-road__1092855_DF_251_251BDF0052_00689,train/cracks-and-potholes-in-road__1092857_DF_251_251BDF0052_00692,3,0.019454825669527054
train/cracks-and-potholes-in-road__1092855_DF_251_251BDF0052_00689,train/cracks-and-potholes-in-road__1092858_DF_251_251BDF0052_00694,6,0.028618017211556435
train/cracks-and-potholes-in-road__1092855_DF_251_251BDF0052_00689,train/cracks-and-potholes-in-road__1092860_DF_251_251BDF0052_00697,5,0.022937629371881485
train/cracks-and-potholes-in-road__1092855_DF_251_251BDF0052_00689,train/cracks-and-potholes-in-road__1092866_DF_251_251BDF0052_00708,4,0.022375520318746567
train/cracks-and-potholes-in-road__1092855_DF_251_251BDF0052_00689,train/cracks-and-potholes-in-road__1092867_DF_251_251BDF0052_00710,5,0.028108377009630203
train/cracks-and-potholes-in-road__1092855_DF_251_251BDF0052_00689,train/cracks-and-potholes-in-road__1092868_DF_251_251BDF0052_00711,6,0.028172949329018593
train/cracks-and-potholes-in-road__1092855_DF_251_251BDF0052_00689,train/cracks-and-potholes-in-road__1092869_DF_251_251BDF0052_00713,4,0.02628897875547409
train/cracks-and-potholes-in-road__1092855_DF_251_251BDF0052_00689,train/cracks-and-potholes-in-road__1092871_DF_251_251BDF0052_00716,5,0.02922993339598179
train/cracks-and-potholes-in-road__1092855_DF_251_251BDF0052_00689,train/cracks-and-potholes-in-road__1092873_DF_251_251BDF0052_00720,6,0.02955108880996704
train/cracks-and-potholes-in-road__1092855_DF_251_251BDF0052_00689,train/cracks-and-potholes-in-road__1093021_DF_251_251BDF0052_00982,5,0.0339650996029377
train/cracks-and-potholes-in-road__1092855_DF_251_251BDF0052_00689,train/cracks-and-potholes-in-road__1093022_DF_251_251BDF0052_00984,4,0.040843404829502106
train/cracks-and-potholes-in-road__1092855_DF_251_251BDF0052_00689,train/cracks-and-potholes-in-road__1093023_DF_251_251BDF0052_00986,5,0.044764626771211624
train/cracks-and-potholes-in-road__1092855_DF_251_251BDF0052_00689,train/cracks-and-potholes-in-road__1093024_DF_251_251BDF0052_00987,5,0.03525090217590332
train/cracks-and-potholes-in-road__1092856_DF_251_251BDF0052_00690,train/cracks-and-potholes-in-road__1092857_DF_251_251BDF0052_00692,4,0.01913531683385372
train/cracks-and-potholes-in-road__1092856_DF_251_251BDF0052_00690,train/cracks-and-potholes-in-road__1092866_DF_251_251BDF0052_00708,5,0.018498003482818604
train/cracks-and-potholes-in-road__1092856_DF_251_251BDF0052_00690,train/cracks-and-potholes-in-road__1093023_DF_251_251BDF0052_00986,6,0.046385738998651505
train/cracks-and-potholes-in-road__1092856_DF_251_251BDF0052_00690,train/cracks-and-potholes-in-road__1093024_DF_251_251BDF0052_00987,6,0.03554429113864899
train/cracks-and-potholes-in-road__1092857_DF_251_251BDF0052_00692,train/cracks-and-potholes-in-road__1092859_DF_251_251BDF0052_00695,6,0.014496052637696266
train/cracks-and-potholes-in-road__1092857_DF_251_251BDF0052_00692,train/cracks-and-potholes-in-road__1092860_DF_251_251BDF0052_00697,4,0.018263917416334152
train/cracks-and-potholes-in-road__1092857_DF_251_251BDF0052_00692,train/cracks-and-potholes-in-road__1092865_DF_251_251BDF0052_00706,6,0.03270154073834419
train/cracks-and-potholes-in-road__1092857_DF_251_251BDF0052_00692,train/cracks-and-potholes-in-road__1092867_DF_251_251BDF0052_00710,6,0.020789314061403275
train/cracks-and-potholes-in-road__1092857_DF_251_251BDF0052_00692,train/cracks-and-potholes-in-road__1092868_DF_251_251BDF0052_00711,3,0.02047412469983101
train/cracks-and-potholes-in-road__1092857_DF_251_251BDF0052_00692,train/cracks-and-potholes-in-road__1092869_DF_251_251BDF0052_00713,3,0.019260872155427933
train/cracks-and-potholes-in-road__1092857_DF_251_251BDF0052_00692,train/cracks-and-potholes-in-road__1092871_DF_251_251BDF0052_00716,4,0.022826381027698517
train/cracks-and-potholes-in-road__1092857_DF_251_251BDF0052_00692,train/cracks-and-potholes-in-road__1093021_DF_251_251BDF0052_00982,6,0.029489023610949516
train/cracks-and-potholes-in-road__1092857_DF_251_251BDF0052_00692,train/cracks-and-potholes-in-road__1093023_DF_251_251BDF0052_00986,4,0.03847707808017731
train/cracks-and-potholes-in-road__1092857_DF_251_251BDF0052_00692,train/cracks-and-potholes-in-road__1093024_DF_251_251BDF0052_00987,4,0.029240978881716728
train/cracks-and-potholes-in-road__1092858_DF_251_251BDF0052_00694,train/cracks-and-potholes-in-road__1092866_DF_251_251BDF0052_00708,6,0.020927555859088898
train/cracks-and-potholes-in-road__1092858_DF_251_251BDF0052_00694,train/cracks-and-potholes-in-road__1092868_DF_251_251BDF0052_00711,6,0.019750934094190598
train/cracks-and-potholes-in-road__1092858_DF_251_251BDF0052_00694,train/cracks-and-potholes-in-road__1092873_DF_251_251BDF0052_00720,4,0.024829411879181862
train/cracks-and-potholes-in-road__1092858_DF_251_251BDF0052_00694,train/cracks-and-potholes-in-road__1093023_DF_251_251BDF0052_00986,5,0.040477558970451355
train/cracks-and-potholes-in-road__1092859_DF_251_251BDF0052_00695,train/cracks-and-potholes-in-road__1092867_DF_251_251BDF0052_00710,6,0.01691354252398014
train/cracks-and-potholes-in-road__1092859_DF_251_251BDF0052_00695,train/cracks-and-potholes-in-road__1093023_DF_251_251BDF0052_00986,6,0.037186916917562485
train/cracks-and-potholes-in-road__1092860_DF_251_251BDF0052_00697,train/cracks-and-potholes-in-road__1092861_DF_251_251BDF0052_00699,5,0.016294414177536964
train/cracks-and-potholes-in-road__1092860_DF_251_251BDF0052_00697,train/cracks-and-potholes-in-road__1092867_DF_251_251BDF0052_00710,6,0.019967973232269287
train/cracks-and-potholes-in-road__1092860_DF_251_251BDF0052_00697,train/cracks-and-potholes-in-road__1092868_DF_251_251BDF0052_00711,5,0.021754782646894455
train/cracks-and-potholes-in-road__1092860_DF_251_251BDF0052_00697,train/cracks-and-potholes-in-road__1092869_DF_251_251BDF0052_00713,5,0.02168702334165573
train/cracks-and-potholes-in-road__1092860_DF_251_251BDF0052_00697,train/cracks-and-potholes-in-road__1092870_DF_251_251BDF0052_00715,5,0.020689381286501884
train/cracks-and-potholes-in-road__1092860_DF_251_251BDF0052_00697,train/cracks-and-potholes-in-road__1092871_DF_251_251BDF0052_00716,4,0.02238759957253933
train/cracks-and-potholes-in-road__1092860_DF_251_251BDF0052_00697,train/cracks-and-potholes-in-road__1093023_DF_251_251BDF0052_00986,6,0.03800640627741814
train/cracks-and-potholes-in-road__1092860_DF_251_251BDF0052_00697,train/cracks-and-potholes-in-road__1093024_DF_251_251BDF0052_00987,6,0.03052775003015995
train/cracks-and-potholes-in-road__1092865_DF_251_251BDF0052_00706,train/cracks-and-potholes-in-road__1092869_DF_251_251BDF0052_00713,5,0.02859623357653618
train/cracks-and-potholes-in-road__1092865_DF_251_251BDF0052_00706,train/cracks-and-potholes-in-road__1093023_DF_251_251BDF0052_00986,6,0.03975597396492958
train/cracks-and-potholes-in-road__1092865_DF_251_251BDF0052_00706,train/cracks-and-potholes-in-road__1093024_DF_251_251BDF0052_00987,6,0.03451120853424072
train/cracks-and-potholes-in-road__1092866_DF_251_251BDF0052_00708,train/cracks-and-potholes-in-road__1092869_DF_251_251BDF0052_00713,6,0.019152574241161346
train/cracks-and-potholes-in-road__1092866_DF_251_251BDF0052_00708,train/cracks-and-potholes-in-road__1092873_DF_251_251BDF0052_00720,4,0.025561975315213203
train/cracks-and-potholes-in-road__1092866_DF_251_251BDF0052_00708,train/cracks-and-potholes-in-road__1093022_DF_251_251BDF0052_00984,6,0.03980674594640732
train/cracks-and-potholes-in-road__1092866_DF_251_251BDF0052_00708,train/cracks-and-potholes-in-road__1093023_DF_251_251BDF0052_00986,5,0.04232361540198326
train/cracks-and-potholes-in-road__1092866_DF_251_251BDF0052_00708,train/cracks-and-potholes-in-road__1093024_DF_251_251BDF0052_00987,5,0.032474335283041
train/cracks-and-potholes-in-road__1092867_DF_251_251BDF0052_00710,train/cracks-and-potholes-in-road__1092870_DF_251_251BDF0052_00715,5,0.02141384407877922
train/cracks-and-potholes-in-road__1092867_DF_251_251BDF0052_00710,train/cracks-and-potholes-in-road__1093023_DF_251_251BDF0052_00986,6,0.03951878473162651
train/cracks-and-potholes-in-road__1092867_DF_251_251BDF0052_00710,train/cracks-and-potholes-in-road__1093024_DF_251_251BDF0052_00987,6,0.029956407845020294
train/cracks-and-potholes-in-road__1092868_DF_251_251BDF0052_00711,train/cracks-and-potholes-in-road__1092869_DF_251_251BDF0052_00713,4,0.016758328303694725
train/cracks-and-potholes-in-road__1092868_DF_251_251BDF0052_00711,train/cracks-and-potholes-in-road__1092871_DF_251_251BDF0052_00716,5,0.017990097403526306
train/cracks-and-potholes-in-road__1092868_DF_251_251BDF0052_00711,train/cracks-and-potholes-in-road__1092872_DF_251_251BDF0052_00718,6,0.020942261442542076
train/cracks-and-potholes-in-road__1092869_DF_251_251BDF0052_00713,train/cracks-and-potholes-in-road__1092870_DF_251_251BDF0052_00715,6,0.015012632124125957
train/cracks-and-potholes-in-road__1092869_DF_251_251BDF0052_00713,train/cracks-and-potholes-in-road__1092871_DF_251_251BDF0052_00716,5,0.01761980541050434
train/cracks-and-potholes-in-road__1092869_DF_251_251BDF0052_00713,train/cracks-and-potholes-in-road__1092872_DF_251_251BDF0052_00718,6,0.02295595407485962
train/cracks-and-potholes-in-road__1092869_DF_251_251BDF0052_00713,train/cracks-and-potholes-in-road__1092873_DF_251_251BDF0052_00720,6,0.028207313269376755
train/cracks-and-potholes-in-road__1092869_DF_251_251BDF0052_00713,train/cracks-and-potholes-in-road__1093023_DF_251_251BDF0052_00986,5,0.040071286261081696
train/cracks-and-potholes-in-road__1092869_DF_251_251BDF0052_00713,train/cracks-and-potholes-in-road__1093024_DF_251_251BDF0052_00987,5,0.033417709171772
train/cracks-and-potholes-in-road__1092870_DF_251_251BDF0052_00715,train/cracks-and-potholes-in-road__1092872_DF_251_251BDF0052_00718,6,0.018921032547950745
train/cracks-and-potholes-in-road__1092871_DF_251_251BDF0052_00716,train/cracks-and-potholes-in-road__1092872_DF_251_251BDF0052_00718,3,0.013317307457327843
train/cracks-and-potholes-in-road__1092871_DF_251_251BDF0052_00716,train/cracks-and-potholes-in-road__1093023_DF_251_251BDF0052_00986,6,0.04084781929850578
train/cracks-and-potholes-in-road__1092871_DF_251_251BDF0052_00716,train/cracks-and-potholes-in-road__1093024_DF_251_251BDF0052_00987,6,0.034482911229133606
train/cracks-and-potholes-in-road__1092873_DF_251_251BDF0052_00720,train/cracks-and-potholes-in-road__1093023_DF_251_251BDF0052_00986,3,0.04074234515428543
train/cracks-and-potholes-in-road__1092873_DF_251_251BDF0052_00720,train/cracks-and-potholes-in-road__1093024_DF_251_251BDF0052_00987,5,0.03338241204619408
train/cracks-and-potholes-in-road__1092873_DF_251_251BDF0052_00720,train/cracks-and-potholes-in-road__1093101_DF_251_251BDF0052_01121,5,0.03599020838737488
train/cracks-and-potholes-in-road__1092874_DF_251_251BDF0052_00722,train/cracks-and-potholes-in-road__1092875_DF_251_251BDF0052_00723,5,0.010195164941251278
train/cracks-and-potholes-in-road__1092875_DF_251_251BDF0052_00723,train/cracks-and-potholes-in-road__1092877_DF_251_251BDF0052_00727,6,0.02684914693236351
train/cracks-and-potholes-in-road__1092888_DF_251_251BDF0052_00746,train/cracks-and-potholes-in-road__1092889_DF_251_251BDF0052_00748,5,0.020171139389276505
train/cracks-and-potholes-in-road__1092889_DF_251_251BDF0052_00748,train/cracks-and-potholes-in-road__1093013_DF_251_251BDF0052_00968,5,0.04006997495889664
train/cracks-and-potholes-in-road__1092901_DF_251_251BDF0052_00770,train/cracks-and-potholes-in-road__1092908_DF_251_251BDF0052_00782,6,0.031592462211847305
train/cracks-and-potholes-in-road__1092902_DF_251_251BDF0052_00771,train/cracks-and-potholes-in-road__1092908_DF_251_251BDF0052_00782,6,0.029418407008051872
train/cracks-and-potholes-in-road__1092905_DF_251_251BDF0052_00777,train/cracks-and-potholes-in-road__1092906_DF_251_251BDF0052_00778,5,0.028499171137809753
train/cracks-and-potholes-in-road__1092907_DF_251_251BDF0052_00780,train/cracks-and-potholes-in-road__1092964_DF_251_251BDF0052_00881,6,0.03972724825143814
train/cracks-and-potholes-in-road__1092938_DF_251_251BDF0052_00835,train/cracks-and-potholes-in-road__1092939_DF_251_251BDF0052_00836,5,0.03711273521184921
train/cracks-and-potholes-in-road__1092939_DF_251_251BDF0052_00836,train/cracks-and-potholes-in-road__1092940_DF_251_251BDF0052_00838,6,0.03005925565958023
train/cracks-and-potholes-in-road__1092946_DF_251_251BDF0052_00848,train/cracks-and-potholes-in-road__1092948_DF_251_251BDF0052_00851,6,0.02508067525923252
train/cracks-and-potholes-in-road__1092947_DF_251_251BDF0052_00849,train/cracks-and-potholes-in-road__1093023_DF_251_251BDF0052_00986,6,0.043089885264635086
train/cracks-and-potholes-in-road__1092947_DF_251_251BDF0052_00849,train/cracks-and-potholes-in-road__1093024_DF_251_251BDF0052_00987,6,0.039253201335668564
train/cracks-and-potholes-in-road__1092962_DF_251_251BDF0052_00877,train/cracks-and-potholes-in-road__1092964_DF_251_251BDF0052_00881,6,0.02458597533404827
train/cracks-and-potholes-in-road__1092964_DF_251_251BDF0052_00881,train/cracks-and-potholes-in-road__1092965_DF_251_251BDF0052_00883,4,0.01763812080025673
train/cracks-and-potholes-in-road__1092964_DF_251_251BDF0052_00881,train/cracks-and-potholes-in-road__1092979_DF_251_251BDF0052_00907,6,0.019806742668151855
train/cracks-and-potholes-in-road__1092964_DF_251_251BDF0052_00881,train/cracks-and-potholes-in-road__1092981_DF_251_251BDF0052_00911,6,0.02474246360361576
train/cracks-and-potholes-in-road__1092964_DF_251_251BDF0052_00881,train/cracks-and-potholes-in-road__1092982_DF_251_251BDF0052_00912,6,0.02413935773074627
train/cracks-and-potholes-in-road__1092964_DF_251_251BDF0052_00881,train/cracks-and-potholes-in-road__1093001_DF_251_251BDF0052_00947,5,0.030685503035783768
train/cracks-and-potholes-in-road__1092965_DF_251_251BDF0052_00883,train/cracks-and-potholes-in-road__1092979_DF_251_251BDF0052_00907,6,0.02529769204556942
train/cracks-and-potholes-in-road__1092965_DF_251_251BDF0052_00883,train/cracks-and-potholes-in-road__1092981_DF_251_251BDF0052_00911,6,0.028512606397271156
train/cracks-and-potholes-in-road__1092965_DF_251_251BDF0052_00883,train/cracks-and-potholes-in-road__1092982_DF_251_251BDF0052_00912,6,0.029029637575149536
train/cracks-and-potholes-in-road__1092965_DF_251_251BDF0052_00883,train/cracks-and-potholes-in-road__1093001_DF_251_251BDF0052_00947,3,0.034893132746219635
train/cracks-and-potholes-in-road__1092979_DF_251_251BDF0052_00907,train/cracks-and-potholes-in-road__1092980_DF_251_251BDF0052_00909,6,0.01769041083753109
train/cracks-and-potholes-in-road__1092979_DF_251_251BDF0052_00907,train/cracks-and-potholes-in-road__1092981_DF_251_251BDF0052_00911,2,0.024352746084332466
train/cracks-and-potholes-in-road__1092979_DF_251_251BDF0052_00907,train/cracks-and-potholes-in-road__1092982_DF_251_251BDF0052_00912,2,0.02164786122739315
train/cracks-and-potholes-in-road__1092980_DF_251_251BDF0052_00909,train/cracks-and-potholes-in-road__1092981_DF_251_251BDF0052_00911,6,0.02202373556792736
train/cracks-and-potholes-in-road__1092980_DF_251_251BDF0052_00909,train/cracks-and-potholes-in-road__1092982_DF_251_251BDF0052_00912,6,0.02048145979642868
train/cracks-and-potholes-in-road__1092981_DF_251_251BDF0052_00911,train/cracks-and-potholes-in-road__1092982_DF_251_251BDF0052_00912,2,0.013658031821250916
train/cracks-and-potholes-in-road__1092983_DF_251_251BDF0052_00914,train/cracks-and-potholes-in-road__1093004_DF_251_251BDF0052_00952,6,0.02500811032950878
train/cracks-and-potholes-in-road__1092988_DF_251_251BDF0052_00923,train/cracks-and-potholes-in-road__1092989_DF_251_251BDF0052_00925,5,0.015292137861251831
train/cracks-and-potholes-in-road__1092989_DF_251_251BDF0052_00925,train/cracks-and-potholes-in-road__1092990_DF_251_251BDF0052_00927,5,0.015648415312170982
train/cracks-and-potholes-in-road__1092989_DF_251_251BDF0052_00925,train/cracks-and-potholes-in-road__1092991_DF_251_251BDF0052_00928,4,0.015193610452115536
train/cracks-and-potholes-in-road__1092990_DF_251_251BDF0052_00927,train/cracks-and-potholes-in-road__1092993_DF_251_251BDF0052_00932,5,0.017592940479516983
train/cracks-and-potholes-in-road__1092990_DF_251_251BDF0052_00927,train/cracks-and-potholes-in-road__1092994_DF_251_251BDF0052_00934,4,0.017543785274028778
train/cracks-and-potholes-in-road__1092990_DF_251_251BDF0052_00927,train/cracks-and-potholes-in-road__1092995_DF_251_251BDF0052_00936,6,0.01978246681392193
train/cracks-and-potholes-in-road__1092990_DF_251_251BDF0052_00927,train/cracks-and-potholes-in-road__1092996_DF_251_251BDF0052_00937,6,0.021355554461479187
train/cracks-and-potholes-in-road__1092991_DF_251_251BDF0052_00928,train/cracks-and-potholes-in-road__1092993_DF_251_251BDF0052_00932,6,0.01706690527498722
train/cracks-and-potholes-in-road__1092991_DF_251_251BDF0052_00928,train/cracks-and-potholes-in-road__1092994_DF_251_251BDF0052_00934,5,0.019611677154898643
train/cracks-and-potholes-in-road__1092991_DF_251_251BDF0052_00928,train/cracks-and-potholes-in-road__1093000_DF_251_251BDF0052_00945,5,0.024696290493011475
train/cracks-and-potholes-in-road__1092992_DF_251_251BDF0052_00931,train/cracks-and-potholes-in-road__1092993_DF_251_251BDF0052_00932,5,0.008746602572500706
train/cracks-and-potholes-in-road__1092992_DF_251_251BDF0052_00931,train/cracks-and-potholes-in-road__1092994_DF_251_251BDF0052_00934,6,0.016206618398427963
train/cracks-and-potholes-in-road__1092992_DF_251_251BDF0052_00931,train/cracks-and-potholes-in-road__1092995_DF_251_251BDF0052_00936,6,0.021207356825470924
train/cracks-and-potholes-in-road__1092992_DF_251_251BDF0052_00931,train/cracks-and-potholes-in-road__1092996_DF_251_251BDF0052_00937,4,0.01988997496664524
train/cracks-and-potholes-in-road__1092993_DF_251_251BDF0052_00932,train/cracks-and-potholes-in-road__1092994_DF_251_251BDF0052_00934,3,0.0157230943441391
train/cracks-and-potholes-in-road__1092993_DF_251_251BDF0052_00932,train/cracks-and-potholes-in-road__1092995_DF_251_251BDF0052_00936,5,0.021670399233698845
train/cracks-and-potholes-in-road__1092993_DF_251_251BDF0052_00932,train/cracks-and-potholes-in-road__1092996_DF_251_251BDF0052_00937,5,0.019519565626978874
train/cracks-and-potholes-in-road__1092993_DF_251_251BDF0052_00932,train/cracks-and-potholes-in-road__1093000_DF_251_251BDF0052_00945,5,0.018674157559871674
train/cracks-and-potholes-in-road__1092993_DF_251_251BDF0052_00932,train/cracks-and-potholes-in-road__1093020_DF_251_251BDF0052_00980,6,0.0300420131534338
train/cracks-and-potholes-in-road__1092994_DF_251_251BDF0052_00934,train/cracks-and-potholes-in-road__1092996_DF_251_251BDF0052_00937,6,0.020975226536393166
train/cracks-and-potholes-in-road__1092994_DF_251_251BDF0052_00934,train/cracks-and-potholes-in-road__1093000_DF_251_251BDF0052_00945,6,0.0238876324146986
train/cracks-and-potholes-in-road__1092995_DF_251_251BDF0052_00936,train/cracks-and-potholes-in-road__1093000_DF_251_251BDF0052_00945,4,0.027356447651982307
train/cracks-and-potholes-in-road__1092996_DF_251_251BDF0052_00937,train/cracks-and-potholes-in-road__1093000_DF_251_251BDF0052_00945,6,0.02323007397353649
train/cracks-and-potholes-in-road__1092998_DF_251_251BDF0052_00941,train/cracks-and-potholes-in-road__1092999_DF_251_251BDF0052_00943,6,0.023657044395804405
train/cracks-and-potholes-in-road__1093013_DF_251_251BDF0052_00968,train/cracks-and-potholes-in-road__1093014_DF_251_251BDF0052_00970,3,0.019376708194613457
train/cracks-and-potholes-in-road__1093013_DF_251_251BDF0052_00968,train/cracks-and-potholes-in-road__1093015_DF_251_251BDF0052_00971,4,0.018730370327830315
train/cracks-and-potholes-in-road__1093014_DF_251_251BDF0052_00970,train/cracks-and-potholes-in-road__1093015_DF_251_251BDF0052_00971,5,0.019874870777130127
train/cracks-and-potholes-in-road__1093014_DF_251_251BDF0052_00970,train/cracks-and-potholes-in-road__1093018_DF_251_251BDF0052_00976,6,0.024524813517928123
train/cracks-and-potholes-in-road__1093015_DF_251_251BDF0052_00971,train/cracks-and-potholes-in-road__1093018_DF_251_251BDF0052_00976,5,0.02538362890481949
train/cracks-and-potholes-in-road__1093023_DF_251_251BDF0052_00986,train/cracks-and-potholes-in-road__1093024_DF_251_251BDF0052_00987,2,0.021267112344503403
train/cracks-and-potholes-in-road__1093203_DF_251_251BDF0052_01334,train/cracks-and-potholes-in-road__1093204_DF_251_251BDF0052_01335,6,0.025319945067167282
train/cracks-and-potholes-in-road__1093337_DF_251_251BDF0052_01595,train/cracks-and-potholes-in-road__1093339_DF_251_251BDF0052_01599,3,0.038546882569789886
train/cracks-and-potholes-in-road__1093338_DF_251_251BDF0052_01597,train/cracks-and-potholes-in-road__1093339_DF_251_251BDF0052_01599,6,0.022953011095523834
train/cracks-and-potholes-in-road__1093878_DF_251_251BDF0052_02531,train/cracks-and-potholes-in-road__1093881_DF_251_251BDF0052_02537,5,0.031990695744752884
train/cracks-and-potholes-in-road__1093878_DF_251_251BDF0052_02531,train/cracks-and-potholes-in-road__1093882_DF_251_251BDF0052_02538,5,0.03368315100669861
train/cracks-and-potholes-in-road__1093881_DF_251_251BDF0052_02537,train/cracks-and-potholes-in-road__1093882_DF_251_251BDF0052_02538,4,0.02267090603709221
train/cracks-and-potholes-in-road__1094000_DF_251_251BDF0052_02753,train/cracks-and-potholes-in-road__1094001_DF_251_251BDF0052_02755,6,0.02436784841120243
train/cracks-and-potholes-in-road__1094000_DF_251_251BDF0052_02753,train/cracks-and-potholes-in-road__1094002_DF_251_251BDF0052_02756,6,0.02666504494845867
train/cracks-and-potholes-in-road__1094001_DF_251_251BDF0052_02755,train/cracks-and-potholes-in-road__1094002_DF_251_251BDF0052_02756,4,0.02659059688448906
train/cracks-and-potholes-in-road__1094173_DF_251_251BDF0052_03073,train/cracks-and-potholes-in-road__1094287_DF_251_251BDF0052_03289,6,0.03054422326385975
train/cracks-and-potholes-in-road__1094241_DF_251_251BDF0052_03202,train/cracks-and-potholes-in-road__1094242_DF_251_251BDF0052_03203,4,0.016399605199694633
train/cracks-and-potholes-in-road__1094241_DF_251_251BDF0052_03202,train/cracks-and-potholes-in-road__1094243_DF_251_251BDF0052_03205,2,0.02907848358154297
train/cracks-and-potholes-in-road__1094241_DF_251_251BDF0052_03202,train/cracks-and-potholes-in-road__1094244_DF_251_251BDF0052_03207,3,0.03292853757739067
train/cracks-and-potholes-in-road__1094242_DF_251_251BDF0052_03203,train/cracks-and-potholes-in-road__1094243_DF_251_251BDF0052_03205,4,0.026449020951986313
train/cracks-and-potholes-in-road__1094243_DF_251_251BDF0052_03205,train/cracks-and-potholes-in-road__1094244_DF_251_251BDF0052_03207,3,0.020618850365281105
train/cracks-and-potholes-in-road__1094253_DF_251_251BDF0052_03226,train/cracks-and-potholes-in-road__1094254_DF_251_251BDF0052_03227,6,0.047609467059373856
train/cracks-and-potholes-in-road__1094278_DF_251_251BDF0052_03273,train/cracks-and-potholes-in-road__1094290_DF_251_251BDF0052_03295,6,0.02744605764746666
train/cracks-and-potholes-in-road__1094285_DF_251_251BDF0052_03285,train/cracks-and-potholes-in-road__1094287_DF_251_251BDF0052_03289,3,0.02767058089375496
train/cracks-and-potholes-in-road__1094285_DF_251_251BDF0052_03285,train/cracks-and-potholes-in-road__1094288_DF_251_251BDF0052_03291,5,0.02867201901972294
train/cracks-and-potholes-in-road__1094285_DF_251_251BDF0052_03285,train/cracks-and-potholes-in-road__1094535_DF_251_251BDF0052_03747,5,0.033937007188797
train/cracks-and-potholes-in-road__1094287_DF_251_251BDF0052_03289,train/cracks-and-potholes-in-road__1094288_DF_251_251BDF0052_03291,4,0.027589865028858185
train/cracks-and-potholes-in-road__1094551_DF_251_251BDF0052_03777,train/cracks-and-potholes-in-road__1094552_DF_251_251BDF0052_03779,3,0.03213122859597206
train/cracks-and-potholes-in-road__1094551_DF_251_251BDF0052_03777,train/cracks-and-potholes-in-road__1094553_DF_251_251BDF0052_03781,3,0.0348731130361557
train/cracks-and-potholes-in-road__1094552_DF_251_251BDF0052_03779,train/cracks-and-potholes-in-road__1094553_DF_251_251BDF0052_03781,4,0.032884955406188965
train/cracks-and-potholes-in-road__1096057_DF_070_070BDF0010_02023,train/cracks-and-potholes-in-road__1096058_DF_070_070BDF0010_02025,6,0.04353354871273041
train/cracks-and-potholes-in-road__1096058_DF_070_070BDF0010_02025,train/cracks-and-potholes-in-road__1096059_DF_070_070BDF0010_02026,6,0.03174516558647156
train/cracks-and-potholes-in-road__1097246_DF_070_070BDF0010_04154,train/cracks-and-potholes-in-road__1097247_DF_070_070BDF0010_04156,6,0.03392328694462776
train/cracks-and-potholes-in-road__765237_ES_259_259ES000000_00285,train/cracks-and-potholes-in-road__765238_ES_259_259ES000000_00290,5,0.04826751723885536
train/cracks-and-potholes-in-road__766171_ES_259_259ES000000_04955,train/cracks-and-potholes-in-road__766172_ES_259_259ES000000_04960,4,0.032863251864910126
train/cracks-and-potholes-in-road__774899_ES_259_259ES000000_48595,train/cracks-and-potholes-in-road__774900_ES_259_259ES000000_48600,1,0.031039033085107803
train/cracks-and-potholes-in-road__819783_ES_259_259ES000000_00400,train/cracks-and-potholes-in-road__819784_ES_259_259ES000000_00405,4,0.04141776263713837
train/cracks-and-potholes-in-road__819784_ES_259_259ES000000_00405,train/cracks-and-potholes-in-road__819785_ES_259_259ES000000_00410,3,0.030277300626039505
train/cracks-and-potholes-in-road__883065_RS_290_290RS150131_16055,train/cracks-and-potholes-in-road__883066_RS_290_290RS150131_16060,6,0.031233416870236397
train/cracks-and-potholes-in-road__883130_RS_290_290RS150131_16380,train/cracks-and-potholes-in-road__883131_RS_290_290RS150131_16385,2,0.026226064190268517
train/cracks-and-potholes-in-road__883238_RS_290_290RS150131_16920,train/cracks-and-potholes-in-road__883239_RS_290_290RS150131_16926,6,0.03836410492658615
train/cracks-and-potholes-in-road__883238_RS_290_290RS150131_16920,train/cracks-and-potholes-in-road__883241_RS_290_290RS150131_16935,5,0.049618128687143326
train/cracks-and-potholes-in-road__883239_RS_290_290RS150131_16926,train/cracks-and-potholes-in-road__883240_RS_290_290RS150131_16930,6,0.04154429957270622
train/cracks-and-potholes-in-road__883239_RS_290_290RS150131_16926,train/cracks-and-potholes-in-road__883241_RS_290_290RS150131_16935,3,0.04415201395750046
train/cracks-and-potholes-in-road__883240_RS_290_290RS150131_16930,train/cracks-and-potholes-in-road__883241_RS_290_290RS150131_16935,5,0.0487794354557991
train/cracks-and-potholes-in-road__883241_RS_290_290RS150131_16935,train/cracks-and-potholes-in-road__883242_RS_290_290RS150131_16940,5,0.039394889026880264
train/cracks-and-potholes-in-road__883242_RS_290_290RS150131_16940,train/cracks-and-potholes-in-road__883243_RS_290_290RS150131_16945,6,0.04029552638530731
train/cracks-and-potholes-in-road__883244_RS_290_290RS150131_16950,train/cracks-and-potholes-in-road__883245_RS_290_290RS150131_16955,6,0.03672833368182182
train/cracks-and-potholes-in-road__883244_RS_290_290RS150131_16950,train/cracks-and-potholes-in-road__883248_RS_290_290RS150131_16970,6,0.040523722767829895
train/cracks-and-potholes-in-road__883244_RS_290_290RS150131_16950,train/cracks-and-potholes-in-road__883249_RS_290_290RS150131_16975,6,0.04568285122513771
train/cracks-and-potholes-in-road__883244_RS_290_290RS150131_16950,train/cracks-and-potholes-in-road__883253_RS_290_290RS150131_16996,4,0.038274943828582764
train/cracks-and-potholes-in-road__883245_RS_290_290RS150131_16955,train/cracks-and-potholes-in-road__883246_RS_290_290RS150131_16960,3,0.027281679213047028
train/cracks-and-potholes-in-road__883245_RS_290_290RS150131_16955,train/cracks-and-potholes-in-road__883247_RS_290_290RS150131_16965,5,0.03900660574436188
train/cracks-and-potholes-in-road__883245_RS_290_290RS150131_16955,train/cracks-and-potholes-in-road__883253_RS_290_290RS150131_16996,2,0.03641624003648758
train/cracks-and-potholes-in-road__883246_RS_290_290RS150131_16960,train/cracks-and-potholes-in-road__883247_RS_290_290RS150131_16965,6,0.033584244549274445
train/cracks-and-potholes-in-road__883246_RS_290_290RS150131_16960,train/cracks-and-potholes-in-road__883248_RS_290_290RS150131_16970,5,0.046170253306627274
train/cracks-and-potholes-in-road__883246_RS_290_290RS150131_16960,train/cracks-and-potholes-in-road__883253_RS_290_290RS150131_16996,3,0.03796033933758736
train/cracks-and-potholes-in-road__883246_RS_290_290RS150131_16960,train/cracks-and-potholes-in-road__883254_RS_290_290RS150131_17000,6,0.03805319592356682
train/cracks-and-potholes-in-road__883247_RS_290_290RS150131_16965,train/cracks-and-potholes-in-road__883248_RS_290_290RS150131_16970,5,0.03383418172597885
train/cracks-and-potholes-in-road__883247_RS_290_290RS150131_16965,train/cracks-and-potholes-in-road__883253_RS_290_290RS150131_16996,5,0.04255840182304382
train/cracks-and-potholes-in-road__883248_RS_290_290RS150131_16970,train/cracks-and-potholes-in-road__883249_RS_290_290RS150131_16975,4,0.026768475770950317
train/cracks-and-potholes-in-road__883248_RS_290_290RS150131_16970,train/cracks-and-potholes-in-road__883252_RS_290_290RS150131_16990,5,0.045894403010606766
train/cracks-and-potholes-in-road__883248_RS_290_290RS150131_16970,train/cracks-and-potholes-in-road__883253_RS_290_290RS150131_16996,4,0.047275181859731674
train/cracks-and-potholes-in-road__883249_RS_290_290RS150131_16975,train/cracks-and-potholes-in-road__883252_RS_290_290RS150131_16990,5,0.044500142335891724
train/cracks-and-potholes-in-road__883254_RS_290_290RS150131_17000,train/cracks-and-potholes-in-road__883256_RS_290_290RS150131_17010,6,0.0445527620613575
train/cracks-and-potholes-in-road__883269_RS_290_290RS150131_17075,train/cracks-and-potholes-in-road__883270_RS_290_290RS150131_17080,5,0.030407967045903206
train/cracks-and-potholes-in-road__883269_RS_290_290RS150131_17075,train/cracks-and-potholes-in-road__883272_RS_290_290RS150131_17090,5,0.042504552751779556
train/cracks-and-potholes-in-road__883269_RS_290_290RS150131_17075,train/cracks-and-potholes-in-road__883273_RS_290_290RS150131_17095,6,0.04271514713764191
train/cracks-and-potholes-in-road__883269_RS_290_290RS150131_17075,train/cracks-and-potholes-in-road__883274_RS_290_290RS150131_17100,6,0.043879393488168716
train/cracks-and-potholes-in-road__883269_RS_290_290RS150131_17075,train/cracks-and-potholes-in-road__883275_RS_290_290RS150131_17105,5,0.04880913719534874
train/cracks-and-potholes-in-road__883270_RS_290_290RS150131_17080,train/cracks-and-potholes-in-road__883272_RS_290_290RS150131_17090,6,0.032401181757450104
train/cracks-and-potholes-in-road__883270_RS_290_290RS150131_17080,train/cracks-and-potholes-in-road__883275_RS_290_290RS150131_17105,6,0.04499485343694687
train/cracks-and-potholes-in-road__883271_RS_290_290RS150131_17085,train/cracks-and-potholes-in-road__883272_RS_290_290RS150131_17090,5,0.03345745429396629
train/cracks-and-potholes-in-road__883271_RS_290_290RS150131_17085,train/cracks-and-potholes-in-road__883273_RS_290_290RS150131_17095,6,0.03788469731807709
train/cracks-and-potholes-in-road__883271_RS_290_290RS150131_17085,train/cracks-and-potholes-in-road__883274_RS_290_290RS150131_17100,6,0.03985538333654404
train/cracks-and-potholes-in-road__883271_RS_290_290RS150131_17085,train/cracks-and-potholes-in-road__883276_RS_290_290RS150131_17110,6,0.049832720309495926
train/cracks-and-potholes-in-road__883272_RS_290_290RS150131_17090,train/cracks-and-potholes-in-road__883273_RS_290_290RS150131_17095,5,0.04103891924023628
train/cracks-and-potholes-in-road__883272_RS_290_290RS150131_17090,train/cracks-and-potholes-in-road__883274_RS_290_290RS150131_17100,5,0.04412173107266426
train/cracks-and-potholes-in-road__883272_RS_290_290RS150131_17090,train/cracks-and-potholes-in-road__883275_RS_290_290RS150131_17105,6,0.04364964738488197
train/cracks-and-potholes-in-road__883273_RS_290_290RS150131_17095,train/cracks-and-potholes-in-road__883274_RS_290_290RS150131_17100,6,0.03032066859304905
train/cracks-and-potholes-in-road__883274_RS_290_290RS150131_17100,train/cracks-and-potholes-in-road__883276_RS_290_290RS150131_17110,6,0.04005197435617447
train/cracks-and-potholes-in-road__883276_RS_290_290RS150131_17110,train/cracks-and-potholes-in-road__883277_RS_290_290RS150131_17115,4,0.04910853132605553
train/cracks-and-potholes-in-road__884191_RS_290_290RS150131_21685,train/cracks-and-potholes-in-road__884192_RS_290_290RS150131_21690,6,0.036812674254179
train/cracks-and-potholes-in-road__884193_RS_290_290RS150131_21695,train/cracks-and-potholes-in-road__884194_RS_290_290RS150131_21700,5,0.02770909108221531
train/cracks-and-potholes-in-road__915945_RS_290_290RS294095_13175,train/cracks-and-potholes-in-road__915946_RS_290_290RS294095_13181,6,0.032251354306936264
train/cracks-and-potholes-in-road__915947_RS_290_290RS294095_13185,train/cracks-and-potholes-in-road__915964_RS_290_290RS294095_13270,5,0.02744167670607567
train/cracks-and-potholes-in-road__915957_RS_290_290RS294095_13235,train/cracks-and-potholes-in-road__915958_RS_290_290RS294095_13241,6,0.04502738639712334
train/cracks-and-potholes-in-road__915963_RS_290_290RS294095_13265,train/cracks-and-potholes-in-road__916321_RS_290_290RS294095_15055,6,0.04959829896688461
train/cracks-and-potholes-in-road__916024_RS_290_290RS294095_13570,train/cracks-and-potholes-in-road__916025_RS_290_290RS294095_13575,5,0.03256162256002426
train/cracks-and-potholes-in-road__916109_RS_290_290RS294095_13996,train/cracks-and-potholes-in-road__916110_RS_290_290RS294095_14000,6,0.04745955020189285
train/cracks-and-potholes-in-road__916109_RS_290_290RS294095_13996,train/cracks-and-potholes-in-road__916111_RS_290_290RS294095_14005,5,0.04480000585317612
train/cracks-and-potholes-in-road__916109_RS_290_290RS294095_13996,train/cracks-and-potholes-in-road__916112_RS_290_290RS294095_14010,6,0.04955665022134781
train/cracks-and-potholes-in-road__916110_RS_290_290RS294095_14000,train/cracks-and-potholes-in-road__916111_RS_290_290RS294095_14005,1,0.02912699431180954
train/cracks-and-potholes-in-road__916110_RS_290_290RS294095_14000,train/cracks-and-potholes-in-road__916112_RS_290_290RS294095_14010,4,0.026968304067850113
train/cracks-and-potholes-in-road__916111_RS_290_290RS294095_14005,train/cracks-and-potholes-in-road__916112_RS_290_290RS294095_14010,3,0.034371670335531235
train/cracks-and-potholes-in-road__916114_RS_290_290RS294095_14020,train/cracks-and-potholes-in-road__916117_RS_290_290RS294095_14035,3,0.04308988153934479
train/cracks-and-potholes-in-road__916114_RS_290_290RS294095_14020,train/cracks-and-potholes-in-road__916118_RS_290_290RS294095_14040,5,0.04344496876001358
train/cracks-and-potholes-in-road__916117_RS_290_290RS294095_14035,train/cracks-and-potholes-in-road__916118_RS_290_290RS294095_14040,2,0.027259377762675285
train/cracks-and-potholes-in-road__916117_RS_290_290RS294095_14035,train/cracks-and-potholes-in-road__916119_RS_290_290RS294095_14045,2,0.03833219036459923
train/cracks-and-potholes-in-road__916117_RS_290_290RS294095_14035,train/cracks-and-potholes-in-road__916134_RS_290_290RS294095_14120,6,0.03484058007597923
train/cracks-and-potholes-in-road__916117_RS_290_290RS294095_14035,train/cracks-and-potholes-in-road__916437_RS_290_290RS294095_15635,4,0.041187044233083725
train/cracks-and-potholes-in-road__916117_RS_290_290RS294095_14035,train/cracks-and-potholes-in-road__916438_RS_290_290RS294095_15640,4,0.04071597754955292
train/cracks-and-potholes-in-road__916118_RS_290_290RS294095_14040,train/cracks-and-potholes-in-road__916119_RS_290_290RS294095_14045,2,0.04063308984041214
train/cracks-and-potholes-in-road__916118_RS_290_290RS294095_14040,train/cracks-and-potholes-in-road__916134_RS_290_290RS294095_14120,6,0.03914017230272293
train/cracks-and-potholes-in-road__916118_RS_290_290RS294095_14040,train/cracks-and-potholes-in-road__916436_RS_290_290RS294095_15630,4,0.049741923809051514
train/cracks-and-potholes-in-road__916118_RS_290_290RS294095_14040,train/cracks-and-potholes-in-road__916437_RS_290_290RS294095_15635,6,0.040863070636987686
train/cracks-and-potholes-in-road__916118_RS_290_290RS294095_14040,train/cracks-and-potholes-in-road__916438_RS_290_290RS294095_15640,2,0.03865659236907959
train/cracks-and-potholes-in-road__916119_RS_290_290RS294095_14045,train/cracks-and-potholes-in-road__916436_RS_290_290RS294095_15630,6,0.04953558370471001
train/cracks-and-potholes-in-road__916335_RS_290_290RS294095_15126,train/cracks-and-potholes-in-road__916336_RS_290_290RS294095_15130,3,0.04236156865954399
train/cracks-and-potholes-in-road__916335_RS_290_290RS294095_15126,train/cracks-and-potholes-in-road__916337_RS_290_290RS294095_15137,5,0.04465226083993912
train/cracks-and-potholes-in-road__916336_RS_290_290RS294095_15130,train/cracks-and-potholes-in-road__916337_RS_290_290RS294095_15137,2,0.02239799313247204
train/cracks-and-potholes-in-road__916336_RS_290_290RS294095_15130,train/cracks-and-potholes-in-road__916338_RS_290_290RS294095_15140,5,0.04338875785470009
train/cracks-and-potholes-in-road__916337_RS_290_290RS294095_15137,train/cracks-and-potholes-in-road__916338_RS_290_290RS294095_15140,3,0.03247641399502754
train/cracks-and-potholes-in-road__916337_RS_290_290RS294095_15137,val/cracks-and-potholes-in-road__919771_RS_290_290RS294095_32305,6,0.04717070609331131
train/cracks-and-potholes-in-road__916434_RS_290_290RS294095_15621,train/cracks-and-potholes-in-road__916435_RS_290_290RS294095_15626,5,0.047710150480270386
train/cracks-and-potholes-in-road__916435_RS_290_290RS294095_15626,train/cracks-and-potholes-in-road__916436_RS_290_290RS294095_15630,4,0.04870595037937164
train/cracks-and-potholes-in-road__916435_RS_290_290RS294095_15626,train/cracks-and-potholes-in-road__916437_RS_290_290RS294095_15635,4,0.04690907150506973
train/cracks-and-potholes-in-road__916436_RS_290_290RS294095_15630,train/cracks-and-potholes-in-road__916437_RS_290_290RS294095_15635,6,0.03715156018733978
train/cracks-and-potholes-in-road__916436_RS_290_290RS294095_15630,train/cracks-and-potholes-in-road__916438_RS_290_290RS294095_15640,2,0.038377415388822556
train/cracks-and-potholes-in-road__916436_RS_290_290RS294095_15630,train/cracks-and-potholes-in-road__916443_RS_290_290RS294095_15665,4,0.03216322511434555
train/cracks-and-potholes-in-road__916437_RS_290_290RS294095_15635,train/cracks-and-potholes-in-road__916438_RS_290_290RS294095_15640,6,0.02530718967318535
train/cracks-and-potholes-in-road__916437_RS_290_290RS294095_15635,train/cracks-and-potholes-in-road__916930_RS_290_290RS294095_18100,5,0.04725516214966774
train/cracks-and-potholes-in-road__916437_RS_290_290RS294095_15635,train/cracks-and-potholes-in-road__919530_RS_290_290RS294095_31101,5,0.04827280715107918
train/cracks-and-potholes-in-road__916438_RS_290_290RS294095_15640,train/cracks-and-potholes-in-road__916443_RS_290_290RS294095_15665,6,0.041282471269369125
train/cracks-and-potholes-in-road__916611_RS_290_290RS294095_16505,train/cracks-and-potholes-in-road__916636_RS_290_290RS294095_16630,5,0.03503573313355446
train/cracks-and-potholes-in-road__916611_RS_290_290RS294095_16505,train/cracks-and-potholes-in-road__916639_RS_290_290RS294095_16645,5,0.033520910888910294
train/cracks-and-potholes-in-road__916611_RS_290_290RS294095_16505,train/cracks-and-potholes-in-road__917543_RS_290_290RS294095_21165,6,0.0499851293861866
train/cracks-and-potholes-in-road__916636_RS_290_290RS294095_16630,train/cracks-and-potholes-in-road__916639_RS_290_290RS294095_16645,2,0.019635014235973358
train/cracks-and-potholes-in-road__916646_RS_290_290RS294095_16680,train/cracks-and-potholes-in-road__916647_RS_290_290RS294095_16685,3,0.043785858899354935
train/cracks-and-potholes-in-road__916652_RS_290_290RS294095_16711,train/cracks-and-potholes-in-road__916653_RS_290_290RS294095_16715,1,0.046870157122612
train/cracks-and-potholes-in-road__916673_RS_290_290RS294095_16815,train/cracks-and-potholes-in-road__916682_RS_290_290RS294095_16860,6,0.04235341027379036
train/cracks-and-potholes-in-road__916682_RS_290_290RS294095_16860,train/cracks-and-potholes-in-road__916683_RS_290_290RS294095_16865,6,0.042957935482263565
train/cracks-and-potholes-in-road__916868_RS_290_290RS294095_17790,train/cracks-and-potholes-in-road__916869_RS_290_290RS294095_17795,5,0.02208162099123001
train/cracks-and-potholes-in-road__916868_RS_290_290RS294095_17790,train/cracks-and-potholes-in-road__917204_RS_290_290RS294095_19470,5,0.04049016907811165
train/cracks-and-potholes-in-road__916868_RS_290_290RS294095_17790,train/cracks-and-potholes-in-road__917907_RS_290_290RS294095_22986,6,0.03935903683304787
train/cracks-and-potholes-in-road__916868_RS_290_290RS294095_17790,train/cracks-and-potholes-in-road__917944_RS_290_290RS294095_23170,6,0.0437297448515892
train/cracks-and-potholes-in-road__916868_RS_290_290RS294095_17790,train/cracks-and-potholes-in-road__919218_RS_290_290RS294095_29540,4,0.04800747334957123
train/cracks-and-potholes-in-road__916869_RS_290_290RS294095_17795,train/cracks-and-potholes-in-road__916872_RS_290_290RS294095_17810,6,0.03383684903383255
train/cracks-and-potholes-in-road__916869_RS_290_290RS294095_17795,train/cracks-and-potholes-in-road__917204_RS_290_290RS294095_19470,6,0.03703596815466881
train/cracks-and-potholes-in-road__916872_RS_290_290RS294095_17810,train/cracks-and-potholes-in-road__917204_RS_290_290RS294095_19470,6,0.045741986483335495
train/cracks-and-potholes-in-road__916873_RS_290_290RS294095_17815,train/cracks-and-potholes-in-road__917191_RS_290_290RS294095_19405,5,0.04196315258741379
train/cracks-and-potholes-in-road__916873_RS_290_290RS294095_17815,train/cracks-and-potholes-in-road__917198_RS_290_290RS294095_19440,5,0.03582604601979256
train/cracks-and-potholes-in-road__916873_RS_290_290RS294095_17815,train/cracks-and-potholes-in-road__917201_RS_290_290RS294095_19455,6,0.03364880383014679
train/cracks-and-potholes-in-road__916873_RS_290_290RS294095_17815,train/cracks-and-potholes-in-road__917241_RS_290_290RS294095_19655,6,0.04380900412797928
train/cracks-and-potholes-in-road__916873_RS_290_290RS294095_17815,train/cracks-and-potholes-in-road__919207_RS_290_290RS294095_29485,6,0.04853157699108124
train/cracks-and-potholes-in-road__916873_RS_290_290RS294095_17815,train/cracks-and-potholes-in-road__919209_RS_290_290RS294095_29495,4,0.04662825167179108
train/cracks-and-potholes-in-road__916873_RS_290_290RS294095_17815,train/cracks-and-potholes-in-road__919218_RS_290_290RS294095_29540,6,0.048274051398038864
train/cracks-and-potholes-in-road__916874_RS_290_290RS294095_17821,train/cracks-and-potholes-in-road__916891_RS_290_290RS294095_17905,6,0.03873130679130554
train/cracks-and-potholes-in-road__916886_RS_290_290RS294095_17880,train/cracks-and-potholes-in-road__919209_RS_290_290RS294095_29495,3,0.04376647248864174
train/cracks-and-potholes-in-road__916887_RS_290_290RS294095_17885,train/cracks-and-potholes-in-road__916888_RS_290_290RS294095_17890,5,0.037478968501091
train/cracks-and-potholes-in-road__916887_RS_290_290RS294095_17885,train/cracks-and-potholes-in-road__916893_RS_290_290RS294095_17916,4,0.02814842015504837
train/cracks-and-potholes-in-road__916887_RS_290_290RS294095_17885,train/cracks-and-potholes-in-road__917237_RS_290_290RS294095_19635,6,0.047030892223119736
train/cracks-and-potholes-in-road__916887_RS_290_290RS294095_17885,train/cracks-and-potholes-in-road__917238_RS_290_290RS294095_19640,6,0.04525246098637581
train/cracks-and-potholes-in-road__916887_RS_290_290RS294095_17885,train/cracks-and-potholes-in-road__919209_RS_290_290RS294095_29495,5,0.049345120787620544
train/cracks-and-potholes-in-road__916888_RS_290_290RS294095_17890,train/cracks-and-potholes-in-road__917236_RS_290_290RS294095_19630,4,0.028350967913866043
train/cracks-and-potholes-in-road__916888_RS_290_290RS294095_17890,train/cracks-and-potholes-in-road__917237_RS_290_290RS294095_19635,5,0.03272861987352371
train/cracks-and-potholes-in-road__916888_RS_290_290RS294095_17890,train/cracks-and-potholes-in-road__917854_RS_290_290RS294095_22720,5,0.045077722519636154
train/cracks-and-potholes-in-road__916892_RS_290_290RS294095_17910,train/cracks-and-potholes-in-road__917237_RS_290_290RS294095_19635,5,0.043796829879283905
train/cracks-and-potholes-in-road__916892_RS_290_290RS294095_17910,train/cracks-and-potholes-in-road__919159_RS_290_290RS294095_29245,6,0.04968421906232834
train/cracks-and-potholes-in-road__916892_RS_290_290RS294095_17910,val/cracks-and-potholes-in-road__919630_RS_290_290RS294095_31600,6,0.04728121683001518
train/cracks-and-potholes-in-road__916893_RS_290_290RS294095_17916,train/cracks-and-potholes-in-road__917235_RS_290_290RS294095_19625,4,0.03770728036761284
train/cracks-and-potholes-in-road__916893_RS_290_290RS294095_17916,train/cracks-and-potholes-in-road__917238_RS_290_290RS294095_19640,4,0.036222927272319794
train/cracks-and-potholes-in-road__916893_RS_290_290RS294095_17916,train/cracks-and-potholes-in-road__917239_RS_290_290RS294095_19646,5,0.049265313893556595
train/cracks-and-potholes-in-road__916893_RS_290_290RS294095_17916,train/cracks-and-potholes-in-road__917268_RS_290_290RS294095_19790,6,0.03872549161314964
train/cracks-and-potholes-in-road__916893_RS_290_290RS294095_17916,train/cracks-and-potholes-in-road__919209_RS_290_290RS294095_29495,5,0.045120012015104294
train/cracks-and-potholes-in-road__916922_RS_290_290RS294095_18061,train/cracks-and-potholes-in-road__916938_RS_290_290RS294095_18140,5,0.046589747071266174
train/cracks-and-potholes-in-road__916930_RS_290_290RS294095_18100,train/cracks-and-potholes-in-road__916939_RS_290_290RS294095_18145,6,0.041824061423540115
train/cracks-and-potholes-in-road__916938_RS_290_290RS294095_18140,train/cracks-and-potholes-in-road__916939_RS_290_290RS294095_18145,3,0.03690333664417267
train/cracks-and-potholes-in-road__916938_RS_290_290RS294095_18140,train/cracks-and-potholes-in-road__916950_RS_290_290RS294095_18200,2,0.04783746600151062
train/cracks-and-potholes-in-road__916939_RS_290_290RS294095_18145,train/cracks-and-potholes-in-road__916949_RS_290_290RS294095_18195,6,0.03627513349056244
train/cracks-and-potholes-in-road__916939_RS_290_290RS294095_18145,train/cracks-and-potholes-in-road__916950_RS_290_290RS294095_18200,5,0.033850159496068954
train/cracks-and-potholes-in-road__916949_RS_290_290RS294095_18195,train/cracks-and-potholes-in-road__916950_RS_290_290RS294095_18200,3,0.02742333896458149
train/cracks-and-potholes-in-road__916994_RS_290_290RS294095_18420,train/cracks-and-potholes-in-road__919349_RS_290_290RS294095_30195,5,0.03843333199620247
train/cracks-and-potholes-in-road__916994_RS_290_290RS294095_18420,train/cracks-and-potholes-in-road__919350_RS_290_290RS294095_30200,4,0.038491711020469666
train/cracks-and-potholes-in-road__917025_RS_290_290RS294095_18576,train/cracks-and-potholes-in-road__919399_RS_290_290RS294095_30445,6,0.0377269871532917
train/cracks-and-potholes-in-road__917025_RS_290_290RS294095_18576,train/cracks-and-potholes-in-road__919546_RS_290_290RS294095_31180,6,0.04670259356498718
train/cracks-and-potholes-in-road__917067_RS_290_290RS294095_18785,train/cracks-and-potholes-in-road__917070_RS_290_290RS294095_18800,5,0.046937234699726105
train/cracks-and-potholes-in-road__917069_RS_290_290RS294095_18795,train/cracks-and-potholes-in-road__917070_RS_290_290RS294095_18800,2,0.039882317185401917
train/cracks-and-potholes-in-road__917070_RS_290_290RS294095_18800,train/cracks-and-potholes-in-road__917071_RS_290_290RS294095_18805,5,0.042710576206445694
train/cracks-and-potholes-in-road__917104_RS_290_290RS294095_18970,train/cracks-and-potholes-in-road__917120_RS_290_290RS294095_19051,6,0.048007782548666
train/cracks-and-potholes-in-road__917113_RS_290_290RS294095_19015,train/cracks-and-potholes-in-road__917114_RS_290_290RS294095_19020,6,0.04150216281414032
train/cracks-and-potholes-in-road__917115_RS_290_290RS294095_19025,train/cracks-and-potholes-in-road__917118_RS_290_290RS294095_19040,6,0.04718885198235512
train/cracks-and-potholes-in-road__917120_RS_290_290RS294095_19051,train/cracks-and-potholes-in-road__919159_RS_290_290RS294095_29245,5,0.04413636401295662
train/cracks-and-potholes-in-road__917129_RS_290_290RS294095_19096,train/cracks-and-potholes-in-road__919203_RS_290_290RS294095_29465,5,0.041325557976961136
train/cracks-and-potholes-in-road__917161_RS_290_290RS294095_19255,train/cracks-and-potholes-in-road__917211_RS_290_290RS294095_19505,6,0.0446091890335083
train/cracks-and-potholes-in-road__917162_RS_290_290RS294095_19261,val/cracks-and-potholes-in-road__919702_RS_290_290RS294095_31960,6,0.04739447683095932
train/cracks-and-potholes-in-road__917170_RS_290_290RS294095_19300,train/cracks-and-potholes-in-road__917171_RS_290_290RS294095_19305,5,0.04246142506599426
train/cracks-and-potholes-in-road__917170_RS_290_290RS294095_19300,train/cracks-and-potholes-in-road__917958_RS_290_290RS294095_23240,6,0.03985971957445145
train/cracks-and-potholes-in-road__917170_RS_290_290RS294095_19300,train/cracks-and-potholes-in-road__917959_RS_290_290RS294095_23245,5,0.04790428653359413
train/cracks-and-potholes-in-road__917171_RS_290_290RS294095_19305,train/cracks-and-potholes-in-road__917211_RS_290_290RS294095_19505,5,0.04606213420629501
train/cracks-and-potholes-in-road__917171_RS_290_290RS294095_19305,train/cracks-and-potholes-in-road__917959_RS_290_290RS294095_23245,6,0.048019517213106155
train/cracks-and-potholes-in-road__917187_RS_290_290RS294095_19385,train/cracks-and-potholes-in-road__917190_RS_290_290RS294095_19400,4,0.03758340701460838
train/cracks-and-potholes-in-road__917190_RS_290_290RS294095_19400,train/cracks-and-potholes-in-road__917191_RS_290_290RS294095_19405,5,0.04272991046309471
train/cracks-and-potholes-in-road__917190_RS_290_290RS294095_19400,train/cracks-and-potholes-in-road__917194_RS_290_290RS294095_19420,5,0.03679165989160538
train/cracks-and-potholes-in-road__917190_RS_290_290RS294095_19400,train/cracks-and-potholes-in-road__917200_RS_290_290RS294095_19450,6,0.03497008979320526
train/cracks-and-potholes-in-road__917191_RS_290_290RS294095_19405,train/cracks-and-potholes-in-road__917194_RS_290_290RS294095_19420,6,0.043721843510866165
train/cracks-and-potholes-in-road__917191_RS_290_290RS294095_19405,train/cracks-and-potholes-in-road__917198_RS_290_290RS294095_19440,6,0.04730836674571037
train/cracks-and-potholes-in-road__917193_RS_290_290RS294095_19415,train/cracks-and-potholes-in-road__917206_RS_290_290RS294095_19480,5,0.028027312830090523
train/cracks-and-potholes-in-road__917194_RS_290_290RS294095_19420,train/cracks-and-potholes-in-road__917273_RS_290_290RS294095_19816,6,0.04399305209517479
train/cracks-and-potholes-in-road__917195_RS_290_290RS294095_19426,train/cracks-and-potholes-in-road__917242_RS_290_290RS294095_19660,6,0.032286956906318665
train/cracks-and-potholes-in-road__917197_RS_290_290RS294095_19435,train/cracks-and-potholes-in-road__917198_RS_290_290RS294095_19440,5,0.04852461814880371
train/cracks-and-potholes-in-road__917197_RS_290_290RS294095_19435,train/cracks-and-potholes-in-road__917201_RS_290_290RS294095_19455,4,0.04071745276451111
train/cracks-and-potholes-in-road__917198_RS_290_290RS294095_19440,train/cracks-and-potholes-in-road__917201_RS_290_290RS294095_19455,1,0.031908903270959854
train/cracks-and-potholes-in-road__917198_RS_290_290RS294095_19440,train/cracks-and-potholes-in-road__917202_RS_290_290RS294095_19460,5,0.04341159760951996
train/cracks-and-potholes-in-road__917198_RS_290_290RS294095_19440,train/cracks-and-potholes-in-road__919209_RS_290_290RS294095_29495,5,0.041717279702425
train/cracks-and-potholes-in-road__917199_RS_290_290RS294095_19445,train/cracks-and-potholes-in-road__917200_RS_290_290RS294095_19450,4,0.028130540624260902
train/cracks-and-potholes-in-road__917199_RS_290_290RS294095_19445,train/cracks-and-potholes-in-road__917201_RS_290_290RS294095_19455,6,0.046998150646686554
train/cracks-and-potholes-in-road__917199_RS_290_290RS294095_19445,train/cracks-and-potholes-in-road__917202_RS_290_290RS294095_19460,4,0.043092843145132065
train/cracks-and-potholes-in-road__917199_RS_290_290RS294095_19445,train/cracks-and-potholes-in-road__917229_RS_290_290RS294095_19595,6,0.032227594405412674
train/cracks-and-potholes-in-road__917199_RS_290_290RS294095_19445,train/cracks-and-potholes-in-road__917272_RS_290_290RS294095_19810,5,0.032360367476940155
train/cracks-and-potholes-in-road__917200_RS_290_290RS294095_19450,train/cracks-and-potholes-in-road__917210_RS_290_290RS294095_19500,6,0.023643387481570244
train/cracks-and-potholes-in-road__917201_RS_290_290RS294095_19455,train/cracks-and-potholes-in-road__917208_RS_290_290RS294095_19490,6,0.04084524139761925
train/cracks-and-potholes-in-road__917201_RS_290_290RS294095_19455,train/cracks-and-potholes-in-road__917211_RS_290_290RS294095_19505,6,0.03868785500526428
train/cracks-and-potholes-in-road__917201_RS_290_290RS294095_19455,train/cracks-and-potholes-in-road__917254_RS_290_290RS294095_19721,6,0.03758460655808449
train/cracks-and-potholes-in-road__917201_RS_290_290RS294095_19455,train/cracks-and-potholes-in-road__919207_RS_290_290RS294095_29485,6,0.0458587221801281
train/cracks-and-potholes-in-road__917201_RS_290_290RS294095_19455,train/cracks-and-potholes-in-road__919209_RS_290_290RS294095_29495,6,0.04629255831241608
train/cracks-and-potholes-in-road__917203_RS_290_290RS294095_19465,train/cracks-and-potholes-in-road__917229_RS_290_290RS294095_19595,5,0.03308959677815437
train/cracks-and-potholes-in-road__917203_RS_290_290RS294095_19465,train/cracks-and-potholes-in-road__917252_RS_290_290RS294095_19710,6,0.04073072969913483
train/cracks-and-potholes-in-road__917204_RS_290_290RS294095_19470,val/cracks-and-potholes-in-road__919769_RS_290_290RS294095_32295,5,0.04711129143834114
train/cracks-and-potholes-in-road__917206_RS_290_290RS294095_19480,train/cracks-and-potholes-in-road__917226_RS_290_290RS294095_19580,6,0.04661149904131889
train/cracks-and-potholes-in-road__917207_RS_290_290RS294095_19485,train/cracks-and-potholes-in-road__917220_RS_290_290RS294095_19551,4,0.042637899518013
train/cracks-and-potholes-in-road__917207_RS_290_290RS294095_19485,train/cracks-and-potholes-in-road__917223_RS_290_290RS294095_19565,6,0.03929564356803894
train/cracks-and-potholes-in-road__917208_RS_290_290RS294095_19490,train/cracks-and-potholes-in-road__917218_RS_290_290RS294095_19540,6,0.031060557812452316
train/cracks-and-potholes-in-road__917208_RS_290_290RS294095_19490,train/cracks-and-potholes-in-road__917221_RS_290_290RS294095_19555,4,0.04421982169151306
train/cracks-and-potholes-in-road__917208_RS_290_290RS294095_19490,train/cracks-and-potholes-in-road__919165_RS_290_290RS294095_29275,4,0.03863735496997833
train/cracks-and-potholes-in-road__917208_RS_290_290RS294095_19490,val/cracks-and-potholes-in-road__919755_RS_290_290RS294095_32225,4,0.048017483204603195
train/cracks-and-potholes-in-road__917209_RS_290_290RS294095_19495,train/cracks-and-potholes-in-road__917210_RS_290_290RS294095_19500,6,0.02048695646226406
train/cracks-and-potholes-in-road__917209_RS_290_290RS294095_19495,train/cracks-and-potholes-in-road__917222_RS_290_290RS294095_19560,4,0.03249259665608406
train/cracks-and-potholes-in-road__917209_RS_290_290RS294095_19495,train/cracks-and-potholes-in-road__917223_RS_290_290RS294095_19565,6,0.028802668675780296
train/cracks-and-potholes-in-road__917209_RS_290_290RS294095_19495,train/cracks-and-potholes-in-road__917249_RS_290_290RS294095_19695,5,0.04189653322100639
train/cracks-and-potholes-in-road__917209_RS_290_290RS294095_19495,train/cracks-and-potholes-in-road__919207_RS_290_290RS294095_29485,6,0.027851538732647896
train/cracks-and-potholes-in-road__917211_RS_290_290RS294095_19505,train/cracks-and-potholes-in-road__917221_RS_290_290RS294095_19555,6,0.03723474219441414
train/cracks-and-potholes-in-road__917211_RS_290_290RS294095_19505,train/cracks-and-potholes-in-road__917231_RS_290_290RS294095_19605,6,0.030818825587630272
train/cracks-and-potholes-in-road__917212_RS_290_290RS294095_19510,train/cracks-and-potholes-in-road__917218_RS_290_290RS294095_19540,6,0.048753105103969574
train/cracks-and-potholes-in-road__917212_RS_290_290RS294095_19510,train/cracks-and-potholes-in-road__917223_RS_290_290RS294095_19565,6,0.047905225306749344
train/cracks-and-potholes-in-road__917212_RS_290_290RS294095_19510,train/cracks-and-potholes-in-road__917238_RS_290_290RS294095_19640,5,0.045913707464933395
train/cracks-and-potholes-in-road__917212_RS_290_290RS294095_19510,train/cracks-and-potholes-in-road__917239_RS_290_290RS294095_19646,6,0.045909617096185684
train/cracks-and-potholes-in-road__917212_RS_290_290RS294095_19510,train/cracks-and-potholes-in-road__917242_RS_290_290RS294095_19660,5,0.033533673733472824
train/cracks-and-potholes-in-road__917212_RS_290_290RS294095_19510,train/cracks-and-potholes-in-road__917245_RS_290_290RS294095_19675,6,0.04445946216583252
train/cracks-and-potholes-in-road__917213_RS_290_290RS294095_19515,train/cracks-and-potholes-in-road__917227_RS_290_290RS294095_19585,6,0.0319688580930233
train/cracks-and-potholes-in-road__917213_RS_290_290RS294095_19515,train/cracks-and-potholes-in-road__917230_RS_290_290RS294095_19600,6,0.030161501839756966
train/cracks-and-potholes-in-road__917213_RS_290_290RS294095_19515,train/cracks-and-potholes-in-road__917232_RS_290_290RS294095_19613,6,0.03556118160486221
train/cracks-and-potholes-in-road__917213_RS_290_290RS294095_19515,train/cracks-and-potholes-in-road__917233_RS_290_290RS294095_19615,6,0.03556118160486221
train/cracks-and-potholes-in-road__917214_RS_290_290RS294095_19520,train/cracks-and-potholes-in-road__917224_RS_290_290RS294095_19570,6,0.031446900218725204
train/cracks-and-potholes-in-road__917214_RS_290_290RS294095_19520,train/cracks-and-potholes-in-road__917231_RS_290_290RS294095_19605,6,0.024711184203624725
train/cracks-and-potholes-in-road__917214_RS_290_290RS294095_19520,train/cracks-and-potholes-in-road__917234_RS_290_290RS294095_19620,5,0.049022674560546875
train/cracks-and-potholes-in-road__917214_RS_290_290RS294095_19520,train/cracks-and-potholes-in-road__917244_RS_290_290RS294095_19670,6,0.03035581484436989
train/cracks-and-potholes-in-road__917215_RS_290_290RS294095_19525,train/cracks-and-potholes-in-road__917216_RS_290_290RS294095_19530,5,0.041821546852588654
train/cracks-and-potholes-in-road__917215_RS_290_290RS294095_19525,train/cracks-and-potholes-in-road__917222_RS_290_290RS294095_19560,6,0.038379568606615067
train/cracks-and-potholes-in-road__917215_RS_290_290RS294095_19525,train/cracks-and-potholes-in-road__917223_RS_290_290RS294095_19565,6,0.04922231286764145
train/cracks-and-potholes-in-road__917215_RS_290_290RS294095_19525,train/cracks-and-potholes-in-road__917225_RS_290_290RS294095_19575,6,0.04594689607620239
train/cracks-and-potholes-in-road__917215_RS_290_290RS294095_19525,train/cracks-and-potholes-in-road__917226_RS_290_290RS294095_19580,6,0.04585430026054382
train/cracks-and-potholes-in-road__917215_RS_290_290RS294095_19525,train/cracks-and-potholes-in-road__917229_RS_290_290RS294095_19595,6,0.04443817585706711
train/cracks-and-potholes-in-road__917215_RS_290_290RS294095_19525,train/cracks-and-potholes-in-road__917907_RS_290_290RS294095_22986,6,0.04781186953186989
train/cracks-and-potholes-in-road__917215_RS_290_290RS294095_19525,val/cracks-and-potholes-in-road__919755_RS_290_290RS294095_32225,6,0.04917179420590401
train/cracks-and-potholes-in-road__917216_RS_290_290RS294095_19530,train/cracks-and-potholes-in-road__917219_RS_290_290RS294095_19545,6,0.02757434733211994
train/cracks-and-potholes-in-road__917216_RS_290_290RS294095_19530,train/cracks-and-potholes-in-road__917226_RS_290_290RS294095_19580,5,0.026083948090672493
train/cracks-and-potholes-in-road__917216_RS_290_290RS294095_19530,val/cracks-and-potholes-in-road__919737_RS_290_290RS294095_32135,6,0.02937830053269863
train/cracks-and-potholes-in-road__917216_RS_290_290RS294095_19530,val/cracks-and-potholes-in-road__919738_RS_290_290RS294095_32140,6,0.030858756974339485
train/cracks-and-potholes-in-road__917216_RS_290_290RS294095_19530,val/cracks-and-potholes-in-road__919774_RS_290_290RS294095_32320,6,0.04346311464905739
train/cracks-and-potholes-in-road__917217_RS_290_290RS294095_19535,train/cracks-and-potholes-in-road__917220_RS_290_290RS294095_19551,5,0.022717230021953583
train/cracks-and-potholes-in-road__917217_RS_290_290RS294095_19535,train/cracks-and-potholes-in-road__919215_RS_290_290RS294095_29525,6,0.030551105737686157
train/cracks-and-potholes-in-road__917217_RS_290_290RS294095_19535,val/cracks-and-potholes-in-road__919737_RS_290_290RS294095_32135,6,0.03229369968175888
train/cracks-and-potholes-in-road__917217_RS_290_290RS294095_19535,val/cracks-and-potholes-in-road__919738_RS_290_290RS294095_32140,6,0.034158214926719666
train/cracks-and-potholes-in-road__917217_RS_290_290RS294095_19535,val/cracks-and-potholes-in-road__919764_RS_290_290RS294095_32270,6,0.04044897481799126
train/cracks-and-potholes-in-road__917217_RS_290_290RS294095_19535,val/cracks-and-potholes-in-road__919775_RS_290_290RS294095_32325,4,0.038931068032979965
train/cracks-and-potholes-in-road__917218_RS_290_290RS294095_19540,train/cracks-and-potholes-in-road__917221_RS_290_290RS294095_19555,2,0.04285958409309387
train/cracks-and-potholes-in-road__917218_RS_290_290RS294095_19540,train/cracks-and-potholes-in-road__917225_RS_290_290RS294095_19575,6,0.02950429730117321
train/cracks-and-potholes-in-road__917218_RS_290_290RS294095_19540,train/cracks-and-potholes-in-road__917231_RS_290_290RS294095_19605,6,0.049695853143930435
train/cracks-and-potholes-in-road__917218_RS_290_290RS294095_19540,train/cracks-and-potholes-in-road__917241_RS_290_290RS294095_19655,6,0.04891686886548996
train/cracks-and-potholes-in-road__917218_RS_290_290RS294095_19540,train/cracks-and-potholes-in-road__917248_RS_290_290RS294095_19690,4,0.04355182498693466
train/cracks-and-potholes-in-road__917218_RS_290_290RS294095_19540,train/cracks-and-potholes-in-road__919165_RS_290_290RS294095_29275,6,0.03695112094283104
train/cracks-and-potholes-in-road__917218_RS_290_290RS294095_19540,val/cracks-and-potholes-in-road__919755_RS_290_290RS294095_32225,6,0.03812594339251518
train/cracks-and-potholes-in-road__917219_RS_290_290RS294095_19545,train/cracks-and-potholes-in-road__917220_RS_290_290RS294095_19551,5,0.018891241401433945
train/cracks-and-potholes-in-road__917220_RS_290_290RS294095_19551,train/cracks-and-potholes-in-road__917223_RS_290_290RS294095_19565,6,0.020818911492824554
train/cracks-and-potholes-in-road__917220_RS_290_290RS294095_19551,train/cracks-and-potholes-in-road__917234_RS_290_290RS294095_19620,5,0.04456304386258125
train/cracks-and-potholes-in-road__917220_RS_290_290RS294095_19551,train/cracks-and-potholes-in-road__917243_RS_290_290RS294095_19665,6,0.0276865866035223
train/cracks-and-potholes-in-road__917220_RS_290_290RS294095_19551,train/cracks-and-potholes-in-road__917958_RS_290_290RS294095_23240,6,0.0412060022354126
train/cracks-and-potholes-in-road__917221_RS_290_290RS294095_19555,train/cracks-and-potholes-in-road__917224_RS_290_290RS294095_19570,6,0.03663047403097153
train/cracks-and-potholes-in-road__917221_RS_290_290RS294095_19555,train/cracks-and-potholes-in-road__917225_RS_290_290RS294095_19575,6,0.046140156686306
train/cracks-and-potholes-in-road__917221_RS_290_290RS294095_19555,train/cracks-and-potholes-in-road__917231_RS_290_290RS294095_19605,6,0.029164349660277367
train/cracks-and-potholes-in-road__917221_RS_290_290RS294095_19555,train/cracks-and-potholes-in-road__917241_RS_290_290RS294095_19655,6,0.041710976511240005
train/cracks-and-potholes-in-road__917221_RS_290_290RS294095_19555,train/cracks-and-potholes-in-road__917244_RS_290_290RS294095_19670,6,0.036503978073596954
train/cracks-and-potholes-in-road__917221_RS_290_290RS294095_19555,train/cracks-and-potholes-in-road__917251_RS_290_290RS294095_19705,5,0.04456961527466774
train/cracks-and-potholes-in-road__917221_RS_290_290RS294095_19555,train/cracks-and-potholes-in-road__917254_RS_290_290RS294095_19721,4,0.03366620093584061
train/cracks-and-potholes-in-road__917221_RS_290_290RS294095_19555,train/cracks-and-potholes-in-road__919165_RS_290_290RS294095_29275,4,0.044060248881578445
train/cracks-and-potholes-in-road__917221_RS_290_290RS294095_19555,train/cracks-and-potholes-in-road__919218_RS_290_290RS294095_29540,6,0.04323028773069382
train/cracks-and-potholes-in-road__917221_RS_290_290RS294095_19555,val/cracks-and-potholes-in-road__919755_RS_290_290RS294095_32225,4,0.04505639523267746
train/cracks-and-potholes-in-road__917221_RS_290_290RS294095_19555,val/cracks-and-potholes-in-road__919776_RS_290_290RS294095_32330,6,0.037478771060705185
train/cracks-and-potholes-in-road__917222_RS_290_290RS294095_19560,train/cracks-and-potholes-in-road__917223_RS_290_290RS294095_19565,6,0.026558948680758476
train/cracks-and-potholes-in-road__917222_RS_290_290RS294095_19560,train/cracks-and-potholes-in-road__917226_RS_290_290RS294095_19580,6,0.024111967533826828
train/cracks-and-potholes-in-road__917222_RS_290_290RS294095_19560,train/cracks-and-potholes-in-road__917229_RS_290_290RS294095_19595,6,0.023622415959835052
train/cracks-and-potholes-in-road__917222_RS_290_290RS294095_19560,train/cracks-and-potholes-in-road__917249_RS_290_290RS294095_19695,5,0.0400729663670063
train/cracks-and-potholes-in-road__917223_RS_290_290RS294095_19565,train/cracks-and-potholes-in-road__917229_RS_290_290RS294095_19595,6,0.027692824602127075
train/cracks-and-potholes-in-road__917224_RS_290_290RS294095_19570,train/cracks-and-potholes-in-road__917231_RS_290_290RS294095_19605,6,0.02932559885084629
train/cracks-and-potholes-in-road__917224_RS_290_290RS294095_19570,train/cracks-and-potholes-in-road__917234_RS_290_290RS294095_19620,3,0.04310259968042374
train/cracks-and-potholes-in-road__917224_RS_290_290RS294095_19570,train/cracks-and-potholes-in-road__917244_RS_290_290RS294095_19670,4,0.03791263327002525
train/cracks-and-potholes-in-road__917224_RS_290_290RS294095_19570,train/cracks-and-potholes-in-road__917247_RS_290_290RS294095_19685,6,0.04055242985486984
train/cracks-and-potholes-in-road__917224_RS_290_290RS294095_19570,train/cracks-and-potholes-in-road__917944_RS_290_290RS294095_23170,6,0.043098073452711105
train/cracks-and-potholes-in-road__917224_RS_290_290RS294095_19570,train/cracks-and-potholes-in-road__919151_RS_290_290RS294095_29205,6,0.048476312309503555
train/cracks-and-potholes-in-road__917224_RS_290_290RS294095_19570,train/cracks-and-potholes-in-road__919164_RS_290_290RS294095_29271,6,0.0458415262401104
train/cracks-and-potholes-in-road__917224_RS_290_290RS294095_19570,train/cracks-and-potholes-in-road__919210_RS_290_290RS294095_29500,6,0.04767456278204918
train/cracks-and-potholes-in-road__917224_RS_290_290RS294095_19570,train/cracks-and-potholes-in-road__919218_RS_290_290RS294095_29540,6,0.04458073526620865
train/cracks-and-potholes-in-road__917224_RS_290_290RS294095_19570,val/cracks-and-potholes-in-road__919776_RS_290_290RS294095_32330,6,0.04317866638302803
train/cracks-and-potholes-in-road__917225_RS_290_290RS294095_19575,train/cracks-and-potholes-in-road__917235_RS_290_290RS294095_19625,5,0.04248935356736183
train/cracks-and-potholes-in-road__917225_RS_290_290RS294095_19575,train/cracks-and-potholes-in-road__917238_RS_290_290RS294095_19640,5,0.03306121751666069
train/cracks-and-potholes-in-road__917225_RS_290_290RS294095_19575,train/cracks-and-potholes-in-road__917248_RS_290_290RS294095_19690,6,0.03485480323433876
train/cracks-and-potholes-in-road__917225_RS_290_290RS294095_19575,train/cracks-and-potholes-in-road__919165_RS_290_290RS294095_29275,4,0.04797101393342018
train/cracks-and-potholes-in-road__917225_RS_290_290RS294095_19575,val/cracks-and-potholes-in-road__919755_RS_290_290RS294095_32225,6,0.0414876863360405
train/cracks-and-potholes-in-road__917225_RS_290_290RS294095_19575,val/cracks-and-potholes-in-road__919777_RS_290_290RS294095_32335,5,0.045054394751787186
train/cracks-and-potholes-in-road__917229_RS_290_290RS294095_19595,train/cracks-and-potholes-in-road__917252_RS_290_290RS294095_19710,5,0.03749699518084526
train/cracks-and-potholes-in-road__917229_RS_290_290RS294095_19595,train/cracks-and-potholes-in-road__917254_RS_290_290RS294095_19721,6,0.04874001070857048
train/cracks-and-potholes-in-road__917229_RS_290_290RS294095_19595,train/cracks-and-potholes-in-road__919218_RS_290_290RS294095_29540,6,0.03972025215625763
train/cracks-and-potholes-in-road__917230_RS_290_290RS294095_19600,train/cracks-and-potholes-in-road__917231_RS_290_290RS294095_19605,5,0.03945735841989517
train/cracks-and-potholes-in-road__917230_RS_290_290RS294095_19600,train/cracks-and-potholes-in-road__917243_RS_290_290RS294095_19665,5,0.036195553839206696
train/cracks-and-potholes-in-road__917230_RS_290_290RS294095_19600,train/cracks-and-potholes-in-road__919208_RS_290_290RS294095_29490,6,0.04071579501032829
train/cracks-and-potholes-in-road__917231_RS_290_290RS294095_19605,train/cracks-and-potholes-in-road__917234_RS_290_290RS294095_19620,5,0.047500669956207275
train/cracks-and-potholes-in-road__917231_RS_290_290RS294095_19605,train/cracks-and-potholes-in-road__917240_RS_290_290RS294095_19650,6,0.04143262654542923
train/cracks-and-potholes-in-road__917231_RS_290_290RS294095_19605,train/cracks-and-potholes-in-road__917241_RS_290_290RS294095_19655,4,0.04180897772312164
train/cracks-and-potholes-in-road__917231_RS_290_290RS294095_19605,train/cracks-and-potholes-in-road__917243_RS_290_290RS294095_19665,6,0.04363209754228592
train/cracks-and-potholes-in-road__917231_RS_290_290RS294095_19605,train/cracks-and-potholes-in-road__917244_RS_290_290RS294095_19670,2,0.029385967180132866
train/cracks-and-potholes-in-road__917231_RS_290_290RS294095_19605,train/cracks-and-potholes-in-road__917944_RS_290_290RS294095_23170,6,0.04638735577464104
train/cracks-and-potholes-in-road__917231_RS_290_290RS294095_19605,train/cracks-and-potholes-in-road__917959_RS_290_290RS294095_23245,5,0.04932944476604462
train/cracks-and-potholes-in-road__917231_RS_290_290RS294095_19605,train/cracks-and-potholes-in-road__919207_RS_290_290RS294095_29485,6,0.0410248301923275
train/cracks-and-potholes-in-road__917231_RS_290_290RS294095_19605,train/cracks-and-potholes-in-road__919208_RS_290_290RS294095_29490,5,0.04126464203000069
train/cracks-and-potholes-in-road__917231_RS_290_290RS294095_19605,train/cracks-and-potholes-in-road__919209_RS_290_290RS294095_29495,4,0.04945547506213188
train/cracks-and-potholes-in-road__917231_RS_290_290RS294095_19605,train/cracks-and-potholes-in-road__919210_RS_290_290RS294095_29500,2,0.048006538301706314
train/cracks-and-potholes-in-road__917231_RS_290_290RS294095_19605,train/cracks-and-potholes-in-road__919218_RS_290_290RS294095_29540,6,0.0479014627635479
train/cracks-and-potholes-in-road__917232_RS_290_290RS294095_19613,train/cracks-and-potholes-in-road__917233_RS_290_290RS294095_19615,0,0.0
train/cracks-and-potholes-in-road__917232_RS_290_290RS294095_19613,train/cracks-and-potholes-in-road__917236_RS_290_290RS294095_19630,5,0.01687220111489296
train/cracks-and-potholes-in-road__917232_RS_290_290RS294095_19613,train/cracks-and-potholes-in-road__917243_RS_290_290RS294095_19665,3,0.030035512521862984
train/cracks-and-potholes-in-road__917233_RS_290_290RS294095_19615,train/cracks-and-potholes-in-road__917236_RS_290_290RS294095_19630,5,0.01687220111489296
train/cracks-and-potholes-in-road__917233_RS_290_290RS294095_19615,train/cracks-and-potholes-in-road__917243_RS_290_290RS294095_19665,3,0.030035512521862984
train/cracks-and-potholes-in-road__917234_RS_290_290RS294095_19620,train/cracks-and-potholes-in-road__917237_RS_290_290RS294095_19635,6,0.01847403682768345
train/cracks-and-potholes-in-road__917234_RS_290_290RS294095_19620,train/cracks-and-potholes-in-road__917240_RS_290_290RS294095_19650,5,0.03053438663482666
train/cracks-and-potholes-in-road__917234_RS_290_290RS294095_19620,train/cracks-and-potholes-in-road__917244_RS_290_290RS294095_19670,5,0.04530121758580208
train/cracks-and-potholes-in-road__917234_RS_290_290RS294095_19620,train/cracks-and-potholes-in-road__917247_RS_290_290RS294095_19685,5,0.02839622274041176
train/cracks-and-potholes-in-road__917234_RS_290_290RS294095_19620,train/cracks-and-potholes-in-road__917959_RS_290_290RS294095_23245,6,0.040274277329444885
train/cracks-and-potholes-in-road__917235_RS_290_290RS294095_19625,train/cracks-and-potholes-in-road__917238_RS_290_290RS294095_19640,2,0.039895493537187576
train/cracks-and-potholes-in-road__917235_RS_290_290RS294095_19625,train/cracks-and-potholes-in-road__917242_RS_290_290RS294095_19660,6,0.04174337163567543
train/cracks-and-potholes-in-road__917235_RS_290_290RS294095_19625,train/cracks-and-potholes-in-road__917245_RS_290_290RS294095_19675,5,0.036422427743673325
train/cracks-and-potholes-in-road__917235_RS_290_290RS294095_19625,train/cracks-and-potholes-in-road__919209_RS_290_290RS294095_29495,5,0.03999418765306473
train/cracks-and-potholes-in-road__917235_RS_290_290RS294095_19625,train/cracks-and-potholes-in-road__919210_RS_290_290RS294095_29500,5,0.04816893860697746
train/cracks-and-potholes-in-road__917237_RS_290_290RS294095_19635,train/cracks-and-potholes-in-road__917240_RS_290_290RS294095_19650,5,0.031006598845124245
train/cracks-and-potholes-in-road__917238_RS_290_290RS294095_19640,train/cracks-and-potholes-in-road__917239_RS_290_290RS294095_19646,3,0.04346691071987152
train/cracks-and-potholes-in-road__917238_RS_290_290RS294095_19640,train/cracks-and-potholes-in-road__917242_RS_290_290RS294095_19660,6,0.029918281361460686
train/cracks-and-potholes-in-road__917238_RS_290_290RS294095_19640,train/cracks-and-potholes-in-road__917245_RS_290_290RS294095_19675,5,0.027445781975984573
train/cracks-and-potholes-in-road__917240_RS_290_290RS294095_19650,train/cracks-and-potholes-in-road__917243_RS_290_290RS294095_19665,6,0.025604240596294403
train/cracks-and-potholes-in-road__917240_RS_290_290RS294095_19650,train/cracks-and-potholes-in-road__917247_RS_290_290RS294095_19685,6,0.031024513766169548
train/cracks-and-potholes-in-road__917241_RS_290_290RS294095_19655,train/cracks-and-potholes-in-road__917244_RS_290_290RS294095_19670,2,0.034381937235593796
train/cracks-and-potholes-in-road__917241_RS_290_290RS294095_19655,train/cracks-and-potholes-in-road__917245_RS_290_290RS294095_19675,6,0.038686107844114304
train/cracks-and-potholes-in-road__917241_RS_290_290RS294095_19655,train/cracks-and-potholes-in-road__917247_RS_290_290RS294095_19685,6,0.049515869468450546
train/cracks-and-potholes-in-road__917241_RS_290_290RS294095_19655,train/cracks-and-potholes-in-road__917248_RS_290_290RS294095_19690,4,0.043307337909936905
train/cracks-and-potholes-in-road__917241_RS_290_290RS294095_19655,train/cracks-and-potholes-in-road__917251_RS_290_290RS294095_19705,5,0.04701300337910652
train/cracks-and-potholes-in-road__917241_RS_290_290RS294095_19655,train/cracks-and-potholes-in-road__919203_RS_290_290RS294095_29465,6,0.049182482063770294
train/cracks-and-potholes-in-road__917241_RS_290_290RS294095_19655,train/cracks-and-potholes-in-road__919207_RS_290_290RS294095_29485,6,0.045718997716903687
train/cracks-and-potholes-in-road__917241_RS_290_290RS294095_19655,train/cracks-and-potholes-in-road__919209_RS_290_290RS294095_29495,4,0.03219589218497276
train/cracks-and-potholes-in-road__917241_RS_290_290RS294095_19655,train/cracks-and-potholes-in-road__919210_RS_290_290RS294095_29500,4,0.04861413314938545
train/cracks-and-potholes-in-road__917241_RS_290_290RS294095_19655,val/cracks-and-potholes-in-road__919776_RS_290_290RS294095_32330,6,0.047198399901390076
train/cracks-and-potholes-in-road__917242_RS_290_290RS294095_19660,train/cracks-and-potholes-in-road__917245_RS_290_290RS294095_19675,5,0.025978079065680504
train/cracks-and-potholes-in-road__917243_RS_290_290RS294095_19665,train/cracks-and-potholes-in-road__917938_RS_290_290RS294095_23140,6,0.041077692061662674
train/cracks-and-potholes-in-road__917243_RS_290_290RS294095_19665,train/cracks-and-potholes-in-road__917958_RS_290_290RS294095_23240,6,0.04640240594744682
train/cracks-and-potholes-in-road__917243_RS_290_290RS294095_19665,train/cracks-and-potholes-in-road__919150_RS_290_290RS294095_29201,6,0.0455145463347435
train/cracks-and-potholes-in-road__917244_RS_290_290RS294095_19670,train/cracks-and-potholes-in-road__917245_RS_290_290RS294095_19675,6,0.04721223935484886
train/cracks-and-potholes-in-road__917244_RS_290_290RS294095_19670,train/cracks-and-potholes-in-road__917247_RS_290_290RS294095_19685,6,0.039399079978466034
train/cracks-and-potholes-in-road__917244_RS_290_290RS294095_19670,train/cracks-and-potholes-in-road__917254_RS_290_290RS294095_19721,6,0.04496513679623604
train/cracks-and-potholes-in-road__917244_RS_290_290RS294095_19670,train/cracks-and-potholes-in-road__919203_RS_290_290RS294095_29465,6,0.045883603394031525
train/cracks-and-potholes-in-road__917244_RS_290_290RS294095_19670,train/cracks-and-potholes-in-road__919207_RS_290_290RS294095_29485,6,0.04174606874585152
train/cracks-and-potholes-in-road__917244_RS_290_290RS294095_19670,train/cracks-and-potholes-in-road__919208_RS_290_290RS294095_29490,5,0.04241595044732094
train/cracks-and-potholes-in-road__917244_RS_290_290RS294095_19670,train/cracks-and-potholes-in-road__919209_RS_290_290RS294095_29495,4,0.04676798731088638
train/cracks-and-potholes-in-road__917244_RS_290_290RS294095_19670,train/cracks-and-potholes-in-road__919210_RS_290_290RS294095_29500,2,0.04698919877409935
train/cracks-and-potholes-in-road__917244_RS_290_290RS294095_19670,val/cracks-and-potholes-in-road__919776_RS_290_290RS294095_32330,6,0.045788418501615524
train/cracks-and-potholes-in-road__917245_RS_290_290RS294095_19675,train/cracks-and-potholes-in-road__917248_RS_290_290RS294095_19690,4,0.029748884961009026
train/cracks-and-potholes-in-road__917245_RS_290_290RS294095_19675,train/cracks-and-potholes-in-road__919207_RS_290_290RS294095_29485,6,0.046132177114486694
train/cracks-and-potholes-in-road__917245_RS_290_290RS294095_19675,train/cracks-and-potholes-in-road__919209_RS_290_290RS294095_29495,6,0.041032884269952774
train/cracks-and-potholes-in-road__917245_RS_290_290RS294095_19675,train/cracks-and-potholes-in-road__919210_RS_290_290RS294095_29500,6,0.0437503457069397
train/cracks-and-potholes-in-road__917247_RS_290_290RS294095_19685,train/cracks-and-potholes-in-road__917250_RS_290_290RS294095_19700,6,0.04552329331636429
train/cracks-and-potholes-in-road__917248_RS_290_290RS294095_19690,train/cracks-and-potholes-in-road__917251_RS_290_290RS294095_19705,3,0.041408516466617584
train/cracks-and-potholes-in-road__917248_RS_290_290RS294095_19690,train/cracks-and-potholes-in-road__919149_RS_290_290RS294095_29196,6,0.04901041463017464
train/cracks-and-potholes-in-road__917249_RS_290_290RS294095_19695,train/cracks-and-potholes-in-road__917250_RS_290_290RS294095_19700,5,0.030038513243198395
train/cracks-and-potholes-in-road__917250_RS_290_290RS294095_19700,train/cracks-and-potholes-in-road__917252_RS_290_290RS294095_19710,5,0.028749173507094383
train/cracks-and-potholes-in-road__917251_RS_290_290RS294095_19705,train/cracks-and-potholes-in-road__917254_RS_290_290RS294095_19721,3,0.040643803775310516
train/cracks-and-potholes-in-road__917252_RS_290_290RS294095_19710,train/cracks-and-potholes-in-road__917253_RS_290_290RS294095_19715,6,0.03298640996217728
train/cracks-and-potholes-in-road__917252_RS_290_290RS294095_19710,train/cracks-and-potholes-in-road__917255_RS_290_290RS294095_19725,4,0.04285624995827675
train/cracks-and-potholes-in-road__917252_RS_290_290RS294095_19710,val/cracks-and-potholes-in-road__919776_RS_290_290RS294095_32330,5,0.04835176467895508
train/cracks-and-potholes-in-road__917253_RS_290_290RS294095_19715,train/cracks-and-potholes-in-road__917255_RS_290_290RS294095_19725,6,0.039555624127388
train/cracks-and-potholes-in-road__917253_RS_290_290RS294095_19715,train/cracks-and-potholes-in-road__917256_RS_290_290RS294095_19730,5,0.04549986124038696
train/cracks-and-potholes-in-road__917254_RS_290_290RS294095_19721,train/cracks-and-potholes-in-road__917906_RS_290_290RS294095_22980,6,0.044332943856716156
train/cracks-and-potholes-in-road__917254_RS_290_290RS294095_19721,train/cracks-and-potholes-in-road__919165_RS_290_290RS294095_29275,6,0.04663018137216568
train/cracks-and-potholes-in-road__917255_RS_290_290RS294095_19725,train/cracks-and-potholes-in-road__917272_RS_290_290RS294095_19810,6,0.035056520253419876
train/cracks-and-potholes-in-road__917268_RS_290_290RS294095_19790,train/cracks-and-potholes-in-road__917269_RS_290_290RS294095_19795,6,0.046425219625234604
train/cracks-and-potholes-in-road__917268_RS_290_290RS294095_19790,train/cracks-and-potholes-in-road__919203_RS_290_290RS294095_29465,5,0.048756033182144165
train/cracks-and-potholes-in-road__917268_RS_290_290RS294095_19790,train/cracks-and-potholes-in-road__919204_RS_290_290RS294095_29470,6,0.04788045212626457
train/cracks-and-potholes-in-road__917269_RS_290_290RS294095_19795,train/cracks-and-potholes-in-road__917272_RS_290_290RS294095_19810,6,0.045948367565870285
train/cracks-and-potholes-in-road__917279_RS_290_290RS294095_19845,train/cracks-and-potholes-in-road__917285_RS_290_290RS294095_19875,4,0.03628754988312721
train/cracks-and-potholes-in-road__917281_RS_290_290RS294095_19855,train/cracks-and-potholes-in-road__917284_RS_290_290RS294095_19871,5,0.03311137482523918
train/cracks-and-potholes-in-road__917281_RS_290_290RS294095_19855,train/cracks-and-potholes-in-road__917285_RS_290_290RS294095_19875,5,0.04673120379447937
train/cracks-and-potholes-in-road__917282_RS_290_290RS294095_19860,train/cracks-and-potholes-in-road__917285_RS_290_290RS294095_19875,5,0.03497502580285072
train/cracks-and-potholes-in-road__917284_RS_290_290RS294095_19871,train/cracks-and-potholes-in-road__917285_RS_290_290RS294095_19875,2,0.041789036244153976
train/cracks-and-potholes-in-road__917288_RS_290_290RS294095_19891,train/cracks-and-potholes-in-road__917289_RS_290_290RS294095_19895,5,0.0410778746008873
train/cracks-and-potholes-in-road__917290_RS_290_290RS294095_19900,train/cracks-and-potholes-in-road__917297_RS_290_290RS294095_19935,6,0.04579629376530647
train/cracks-and-potholes-in-road__917292_RS_290_290RS294095_19910,train/cracks-and-potholes-in-road__917293_RS_290_290RS294095_19915,1,0.03116482123732567
train/cracks-and-potholes-in-road__917292_RS_290_290RS294095_19910,train/cracks-and-potholes-in-road__917306_RS_290_290RS294095_19980,6,0.03669314831495285
train/cracks-and-potholes-in-road__917292_RS_290_290RS294095_19910,train/cracks-and-potholes-in-road__918356_RS_290_290RS294095_25230,3,0.04670677334070206
train/cracks-and-potholes-in-road__917292_RS_290_290RS294095_19910,train/cracks-and-potholes-in-road__918374_RS_290_290RS294095_25320,6,0.04968633875250816
train/cracks-and-potholes-in-road__917294_RS_290_290RS294095_19920,train/cracks-and-potholes-in-road__917297_RS_290_290RS294095_19935,3,0.04788735508918762
train/cracks-and-potholes-in-road__917294_RS_290_290RS294095_19920,train/cracks-and-potholes-in-road__917306_RS_290_290RS294095_19980,6,0.04733121767640114
train/cracks-and-potholes-in-road__917294_RS_290_290RS294095_19920,train/cracks-and-potholes-in-road__917311_RS_290_290RS294095_20005,6,0.04779631644487381
train/cracks-and-potholes-in-road__917295_RS_290_290RS294095_19925,train/cracks-and-potholes-in-road__917296_RS_290_290RS294095_19930,3,0.038813427090644836
train/cracks-and-potholes-in-road__917297_RS_290_290RS294095_19935,train/cracks-and-potholes-in-road__917306_RS_290_290RS294095_19980,5,0.046294018626213074
train/cracks-and-potholes-in-road__917297_RS_290_290RS294095_19935,train/cracks-and-potholes-in-road__917311_RS_290_290RS294095_20005,3,0.0442047081887722
train/cracks-and-potholes-in-road__917297_RS_290_290RS294095_19935,train/cracks-and-potholes-in-road__917364_RS_290_290RS294095_20270,5,0.04856668785214424
train/cracks-and-potholes-in-road__917297_RS_290_290RS294095_19935,train/cracks-and-potholes-in-road__917490_RS_290_290RS294095_20900,3,0.04511168971657753
train/cracks-and-potholes-in-road__917297_RS_290_290RS294095_19935,train/cracks-and-potholes-in-road__919243_RS_290_290RS294095_29665,6,0.04986540600657463
train/cracks-and-potholes-in-road__917306_RS_290_290RS294095_19980,train/cracks-and-potholes-in-road__917311_RS_290_290RS294095_20005,4,0.02934633381664753
train/cracks-and-potholes-in-road__917306_RS_290_290RS294095_19980,train/cracks-and-potholes-in-road__917312_RS_290_290RS294095_20010,6,0.024910029023885727
train/cracks-and-potholes-in-road__917306_RS_290_290RS294095_19980,train/cracks-and-potholes-in-road__917324_RS_290_290RS294095_20070,6,0.03711920604109764
train/cracks-and-potholes-in-road__917306_RS_290_290RS294095_19980,train/cracks-and-potholes-in-road__917327_RS_290_290RS294095_20085,6,0.046047456562519073
train/cracks-and-potholes-in-road__917306_RS_290_290RS294095_19980,train/cracks-and-potholes-in-road__918355_RS_290_290RS294095_25225,4,0.0442812517285347
train/cracks-and-potholes-in-road__917306_RS_290_290RS294095_19980,train/cracks-and-potholes-in-road__919243_RS_290_290RS294095_29665,5,0.03905239328742027
train/cracks-and-potholes-in-road__917307_RS_290_290RS294095_19987,train/cracks-and-potholes-in-road__917308_RS_290_290RS294095_19990,5,0.04927903413772583
train/cracks-and-potholes-in-road__917307_RS_290_290RS294095_19987,train/cracks-and-potholes-in-road__918355_RS_290_290RS294095_25225,6,0.04701252654194832
train/cracks-and-potholes-in-road__917308_RS_290_290RS294095_19990,train/cracks-and-potholes-in-road__917336_RS_290_290RS294095_20131,6,0.04921041056513786
train/cracks-and-potholes-in-road__917311_RS_290_290RS294095_20005,train/cracks-and-potholes-in-road__917312_RS_290_290RS294095_20010,6,0.02883446030318737
train/cracks-and-potholes-in-road__917320_RS_290_290RS294095_20050,train/cracks-and-potholes-in-road__919533_RS_290_290RS294095_31115,6,0.04771171882748604
train/cracks-and-potholes-in-road__917320_RS_290_290RS294095_20050,train/cracks-and-potholes-in-road__919535_RS_290_290RS294095_31125,6,0.048895832151174545
train/cracks-and-potholes-in-road__917324_RS_290_290RS294095_20070,train/cracks-and-potholes-in-road__917327_RS_290_290RS294095_20085,4,0.04150523990392685
train/cracks-and-potholes-in-road__917325_RS_290_290RS294095_20075,train/cracks-and-potholes-in-road__917440_RS_290_290RS294095_20650,3,0.0491316132247448
train/cracks-and-potholes-in-road__917325_RS_290_290RS294095_20075,train/cracks-and-potholes-in-road__917441_RS_290_290RS294095_20655,5,0.04514547064900398
train/cracks-and-potholes-in-road__917325_RS_290_290RS294095_20075,train/cracks-and-potholes-in-road__918374_RS_290_290RS294095_25320,5,0.037699513137340546
train/cracks-and-potholes-in-road__917325_RS_290_290RS294095_20075,train/cracks-and-potholes-in-road__919090_RS_290_290RS294095_28900,5,0.047828830778598785
train/cracks-and-potholes-in-road__917325_RS_290_290RS294095_20075,train/cracks-and-potholes-in-road__919294_RS_290_290RS294095_29920,5,0.04942236840724945
train/cracks-and-potholes-in-road__917325_RS_290_290RS294095_20075,train/cracks-and-potholes-in-road__919547_RS_290_290RS294095_31185,4,0.04279663786292076
train/cracks-and-potholes-in-road__917325_RS_290_290RS294095_20075,train/cracks-and-potholes-in-road__919548_RS_290_290RS294095_31191,5,0.04938482120633125
train/cracks-and-potholes-in-road__917325_RS_290_290RS294095_20075,val/cracks-and-potholes-in-road__919788_RS_290_290RS294095_32390,5,0.04395941272377968
train/cracks-and-potholes-in-road__917325_RS_290_290RS294095_20075,val/cracks-and-potholes-in-road__919790_RS_290_290RS294095_32400,4,0.041208554059267044
train/cracks-and-potholes-in-road__917327_RS_290_290RS294095_20085,train/cracks-and-potholes-in-road__918356_RS_290_290RS294095_25230,5,0.0424780435860157
train/cracks-and-potholes-in-road__917336_RS_290_290RS294095_20131,train/cracks-and-potholes-in-road__917337_RS_290_290RS294095_20135,6,0.038837019354104996
train/cracks-and-potholes-in-road__917336_RS_290_290RS294095_20131,train/cracks-and-potholes-in-road__917338_RS_290_290RS294095_20140,5,0.02946660667657852
train/cracks-and-potholes-in-road__917337_RS_290_290RS294095_20135,train/cracks-and-potholes-in-road__917338_RS_290_290RS294095_20140,5,0.040188420563936234
train/cracks-and-potholes-in-road__917337_RS_290_290RS294095_20135,train/cracks-and-potholes-in-road__918213_RS_290_290RS294095_24515,6,0.04173383489251137
train/cracks-and-potholes-in-road__917337_RS_290_290RS294095_20135,train/cracks-and-potholes-in-road__918219_RS_290_290RS294095_24545,3,0.04840375855565071
train/cracks-and-potholes-in-road__917364_RS_290_290RS294095_20270,train/cracks-and-potholes-in-road__919399_RS_290_290RS294095_30445,6,0.04867834597826004
train/cracks-and-potholes-in-road__917375_RS_290_290RS294095_20325,train/cracks-and-potholes-in-road__917381_RS_290_290RS294095_20355,6,0.0410330668091774
train/cracks-and-potholes-in-road__917375_RS_290_290RS294095_20325,train/cracks-and-potholes-in-road__917390_RS_290_290RS294095_20400,6,0.04123587906360626
train/cracks-and-potholes-in-road__917375_RS_290_290RS294095_20325,train/cracks-and-potholes-in-road__917391_RS_290_290RS294095_20405,6,0.04741491377353668
train/cracks-and-potholes-in-road__917375_RS_290_290RS294095_20325,train/cracks-and-potholes-in-road__917448_RS_290_290RS294095_20691,6,0.03521658852696419
train/cracks-and-potholes-in-road__917375_RS_290_290RS294095_20325,train/cracks-and-potholes-in-road__917454_RS_290_290RS294095_20720,4,0.030651956796646118
train/cracks-and-potholes-in-road__917375_RS_290_290RS294095_20325,train/cracks-and-potholes-in-road__917455_RS_290_290RS294095_20725,4,0.03361597657203674
train/cracks-and-potholes-in-road__917375_RS_290_290RS294095_20325,train/cracks-and-potholes-in-road__917460_RS_290_290RS294095_20750,5,0.035138245671987534
train/cracks-and-potholes-in-road__917375_RS_290_290RS294095_20325,train/cracks-and-potholes-in-road__917461_RS_290_290RS294095_20755,5,0.037244219332933426
train/cracks-and-potholes-in-road__917375_RS_290_290RS294095_20325,train/cracks-and-potholes-in-road__917503_RS_290_290RS294095_20965,6,0.04616943746805191
train/cracks-and-potholes-in-road__917375_RS_290_290RS294095_20325,train/cracks-and-potholes-in-road__919526_RS_290_290RS294095_31080,6,0.04761860892176628
train/cracks-and-potholes-in-road__917375_RS_290_290RS294095_20325,train/cracks-and-potholes-in-road__919527_RS_290_290RS294095_31085,6,0.04980151727795601
train/cracks-and-potholes-in-road__917379_RS_290_290RS294095_20345,train/cracks-and-potholes-in-road__917380_RS_290_290RS294095_20350,5,0.030363235622644424
train/cracks-and-potholes-in-road__917379_RS_290_290RS294095_20345,train/cracks-and-potholes-in-road__917381_RS_290_290RS294095_20355,4,0.039168938994407654
train/cracks-and-potholes-in-road__917379_RS_290_290RS294095_20345,train/cracks-and-potholes-in-road__917399_RS_290_290RS294095_20445,6,0.03341972827911377
train/cracks-and-potholes-in-road__917379_RS_290_290RS294095_20345,train/cracks-and-potholes-in-road__917403_RS_290_290RS294095_20465,6,0.04066707566380501
train/cracks-and-potholes-in-road__917379_RS_290_290RS294095_20345,train/cracks-and-potholes-in-road__918939_RS_290_290RS294095_28145,6,0.042715851217508316
train/cracks-and-potholes-in-road__917381_RS_290_290RS294095_20355,train/cracks-and-potholes-in-road__917389_RS_290_290RS294095_20395,6,0.0428483709692955
train/cracks-and-potholes-in-road__917381_RS_290_290RS294095_20355,train/cracks-and-potholes-in-road__917482_RS_290_290RS294095_20860,6,0.03411818668246269
train/cracks-and-potholes-in-road__917381_RS_290_290RS294095_20355,train/cracks-and-potholes-in-road__918939_RS_290_290RS294095_28145,6,0.04407626762986183
train/cracks-and-potholes-in-road__917389_RS_290_290RS294095_20395,train/cracks-and-potholes-in-road__917390_RS_290_290RS294095_20400,6,0.04476328566670418
train/cracks-and-potholes-in-road__917389_RS_290_290RS294095_20395,train/cracks-and-potholes-in-road__917481_RS_290_290RS294095_20856,5,0.03731914609670639
train/cracks-and-potholes-in-road__917389_RS_290_290RS294095_20395,train/cracks-and-potholes-in-road__917482_RS_290_290RS294095_20860,6,0.046801697462797165
train/cracks-and-potholes-in-road__917390_RS_290_290RS294095_20400,train/cracks-and-potholes-in-road__917391_RS_290_290RS294095_20405,6,0.03591251000761986
train/cracks-and-potholes-in-road__917390_RS_290_290RS294095_20400,train/cracks-and-potholes-in-road__917448_RS_290_290RS294095_20691,6,0.03768417239189148
train/cracks-and-potholes-in-road__917390_RS_290_290RS294095_20400,train/cracks-and-potholes-in-road__917449_RS_290_290RS294095_20695,4,0.03330110386013985
train/cracks-and-potholes-in-road__917390_RS_290_290RS294095_20400,train/cracks-and-potholes-in-road__917503_RS_290_290RS294095_20965,6,0.04208501800894737
train/cracks-and-potholes-in-road__917390_RS_290_290RS294095_20400,train/cracks-and-potholes-in-road__919525_RS_290_290RS294095_31075,5,0.04430702328681946
train/cracks-and-potholes-in-road__917390_RS_290_290RS294095_20400,train/cracks-and-potholes-in-road__919526_RS_290_290RS294095_31080,4,0.04701013118028641
train/cracks-and-potholes-in-road__917391_RS_290_290RS294095_20405,train/cracks-and-potholes-in-road__917448_RS_290_290RS294095_20691,6,0.04627162963151932
train/cracks-and-potholes-in-road__917395_RS_290_290RS294095_20425,train/cracks-and-potholes-in-road__917396_RS_290_290RS294095_20430,3,0.02329850010573864
train/cracks-and-potholes-in-road__917395_RS_290_290RS294095_20425,train/cracks-and-potholes-in-road__917397_RS_290_290RS294095_20435,4,0.02218475751578808
train/cracks-and-potholes-in-road__917395_RS_290_290RS294095_20425,train/cracks-and-potholes-in-road__917398_RS_290_290RS294095_20441,6,0.03808751702308655
train/cracks-and-potholes-in-road__917395_RS_290_290RS294095_20425,train/cracks-and-potholes-in-road__917400_RS_290_290RS294095_20451,5,0.030463971197605133
train/cracks-and-potholes-in-road__917395_RS_290_290RS294095_20425,train/cracks-and-potholes-in-road__917401_RS_290_290RS294095_20455,6,0.0263497494161129
train/cracks-and-potholes-in-road__917395_RS_290_290RS294095_20425,train/cracks-and-potholes-in-road__917402_RS_290_290RS294095_20460,6,0.02674686908721924
train/cracks-and-potholes-in-road__917395_RS_290_290RS294095_20425,train/cracks-and-potholes-in-road__917441_RS_290_290RS294095_20655,6,0.046339251101017
train/cracks-and-potholes-in-road__917395_RS_290_290RS294095_20425,train/cracks-and-potholes-in-road__917442_RS_290_290RS294095_20660,5,0.04891287535429001
train/cracks-and-potholes-in-road__917395_RS_290_290RS294095_20425,train/cracks-and-potholes-in-road__917471_RS_290_290RS294095_20805,5,0.03814169764518738
train/cracks-and-potholes-in-road__917395_RS_290_290RS294095_20425,train/cracks-and-potholes-in-road__917489_RS_290_290RS294095_20895,6,0.04528679698705673
train/cracks-and-potholes-in-road__917395_RS_290_290RS294095_20425,train/cracks-and-potholes-in-road__917490_RS_290_290RS294095_20900,6,0.040617745369672775
train/cracks-and-potholes-in-road__917395_RS_290_290RS294095_20425,train/cracks-and-potholes-in-road__917494_RS_290_290RS294095_20920,4,0.03852739557623863
train/cracks-and-potholes-in-road__917396_RS_290_290RS294095_20430,train/cracks-and-potholes-in-road__917400_RS_290_290RS294095_20451,6,0.04002290591597557
train/cracks-and-potholes-in-road__917397_RS_290_290RS294095_20435,train/cracks-and-potholes-in-road__917398_RS_290_290RS294095_20441,4,0.03965706005692482
train/cracks-and-potholes-in-road__917397_RS_290_290RS294095_20435,train/cracks-and-potholes-in-road__917399_RS_290_290RS294095_20445,5,0.043222468346357346
train/cracks-and-potholes-in-road__917397_RS_290_290RS294095_20435,train/cracks-and-potholes-in-road__917400_RS_290_290RS294095_20451,5,0.03236686438322067
train/cracks-and-potholes-in-road__917397_RS_290_290RS294095_20435,train/cracks-and-potholes-in-road__917401_RS_290_290RS294095_20455,6,0.028354676440358162
train/cracks-and-potholes-in-road__917397_RS_290_290RS294095_20435,train/cracks-and-potholes-in-road__917402_RS_290_290RS294095_20460,6,0.029935091733932495
train/cracks-and-potholes-in-road__917397_RS_290_290RS294095_20435,train/cracks-and-potholes-in-road__917440_RS_290_290RS294095_20650,6,0.04418142884969711
train/cracks-and-potholes-in-road__917397_RS_290_290RS294095_20435,train/cracks-and-potholes-in-road__917441_RS_290_290RS294095_20655,4,0.04578973352909088
train/cracks-and-potholes-in-road__917397_RS_290_290RS294095_20435,train/cracks-and-potholes-in-road__917442_RS_290_290RS294095_20660,5,0.04796897992491722
train/cracks-and-potholes-in-road__917397_RS_290_290RS294095_20435,train/cracks-and-potholes-in-road__917471_RS_290_290RS294095_20805,5,0.0420110821723938
train/cracks-and-potholes-in-road__917397_RS_290_290RS294095_20435,train/cracks-and-potholes-in-road__917494_RS_290_290RS294095_20920,6,0.04518686607480049
train/cracks-and-potholes-in-road__917397_RS_290_290RS294095_20435,train/cracks-and-potholes-in-road__919356_RS_290_290RS294095_30230,5,0.04025357589125633
train/cracks-and-potholes-in-road__917397_RS_290_290RS294095_20435,train/cracks-and-potholes-in-road__919413_RS_290_290RS294095_30515,6,0.0496281161904335
train/cracks-and-potholes-in-road__917398_RS_290_290RS294095_20441,train/cracks-and-potholes-in-road__917399_RS_290_290RS294095_20445,3,0.02331654168665409
train/cracks-and-potholes-in-road__917398_RS_290_290RS294095_20441,train/cracks-and-potholes-in-road__917400_RS_290_290RS294095_20451,5,0.028577318415045738
train/cracks-and-potholes-in-road__917398_RS_290_290RS294095_20441,train/cracks-and-potholes-in-road__917401_RS_290_290RS294095_20455,4,0.032462771981954575
train/cracks-and-potholes-in-road__917398_RS_290_290RS294095_20441,train/cracks-and-potholes-in-road__917402_RS_290_290RS294095_20460,2,0.02649780735373497
train/cracks-and-potholes-in-road__917398_RS_290_290RS294095_20441,train/cracks-and-potholes-in-road__917440_RS_290_290RS294095_20650,4,0.03201955184340477
train/cracks-and-potholes-in-road__917398_RS_290_290RS294095_20441,train/cracks-and-potholes-in-road__917441_RS_290_290RS294095_20655,2,0.04459908977150917
train/cracks-and-potholes-in-road__917398_RS_290_290RS294095_20441,train/cracks-and-potholes-in-road__917442_RS_290_290RS294095_20660,5,0.04961056262254715
train/cracks-and-potholes-in-road__917398_RS_290_290RS294095_20441,train/cracks-and-potholes-in-road__917471_RS_290_290RS294095_20805,5,0.03817574307322502
train/cracks-and-potholes-in-road__917398_RS_290_290RS294095_20441,train/cracks-and-potholes-in-road__917494_RS_290_290RS294095_20920,6,0.038613252341747284
train/cracks-and-potholes-in-road__917398_RS_290_290RS294095_20441,train/cracks-and-potholes-in-road__917495_RS_290_290RS294095_20925,5,0.038321610540151596
train/cracks-and-potholes-in-road__917398_RS_290_290RS294095_20441,train/cracks-and-potholes-in-road__919357_RS_290_290RS294095_30235,5,0.04385046660900116
train/cracks-and-potholes-in-road__917398_RS_290_290RS294095_20441,train/cracks-and-potholes-in-road__919412_RS_290_290RS294095_30511,4,0.046901386231184006
train/cracks-and-potholes-in-road__917398_RS_290_290RS294095_20441,train/cracks-and-potholes-in-road__919548_RS_290_290RS294095_31191,4,0.04740382358431816
train/cracks-and-potholes-in-road__917398_RS_290_290RS294095_20441,val/cracks-and-potholes-in-road__919791_RS_290_290RS294095_32405,6,0.04389239847660065
train/cracks-and-potholes-in-road__917399_RS_290_290RS294095_20445,train/cracks-and-potholes-in-road__917400_RS_290_290RS294095_20451,2,0.03579690307378769
train/cracks-and-potholes-in-road__917399_RS_290_290RS294095_20445,train/cracks-and-potholes-in-road__917401_RS_290_290RS294095_20455,3,0.03351127356290817
train/cracks-and-potholes-in-road__917399_RS_290_290RS294095_20445,train/cracks-and-potholes-in-road__917402_RS_290_290RS294095_20460,1,0.03282621502876282
train/cracks-and-potholes-in-road__917399_RS_290_290RS294095_20445,train/cracks-and-potholes-in-road__917403_RS_290_290RS294095_20465,4,0.028669137507677078
train/cracks-and-potholes-in-road__917399_RS_290_290RS294095_20445,train/cracks-and-potholes-in-road__917440_RS_290_290RS294095_20650,5,0.041914451867341995
train/cracks-and-potholes-in-road__917399_RS_290_290RS294095_20445,train/cracks-and-potholes-in-road__917471_RS_290_290RS294095_20805,6,0.04385834187269211
train/cracks-and-potholes-in-road__917399_RS_290_290RS294095_20445,train/cracks-and-potholes-in-road__917495_RS_290_290RS294095_20925,4,0.04295898228883743
train/cracks-and-potholes-in-road__917399_RS_290_290RS294095_20445,train/cracks-and-potholes-in-road__919357_RS_290_290RS294095_30235,6,0.044610705226659775
train/cracks-and-potholes-in-road__917399_RS_290_290RS294095_20445,train/cracks-and-potholes-in-road__919412_RS_290_290RS294095_30511,5,0.04725484549999237
train/cracks-and-potholes-in-road__917399_RS_290_290RS294095_20445,train/cracks-and-potholes-in-road__919548_RS_290_290RS294095_31191,5,0.04628460854291916
train/cracks-and-potholes-in-road__917400_RS_290_290RS294095_20451,train/cracks-and-potholes-in-road__917401_RS_290_290RS294095_20455,5,0.024847550317645073
train/cracks-and-potholes-in-road__917400_RS_290_290RS294095_20451,train/cracks-and-potholes-in-road__917402_RS_290_290RS294095_20460,3,0.024434933438897133
train/cracks-and-potholes-in-road__917400_RS_290_290RS294095_20451,train/cracks-and-potholes-in-road__917403_RS_290_290RS294095_20465,4,0.033345043659210205
train/cracks-and-potholes-in-road__917400_RS_290_290RS294095_20451,train/cracks-and-potholes-in-road__917440_RS_290_290RS294095_20650,5,0.02935682237148285
train/cracks-and-potholes-in-road__917400_RS_290_290RS294095_20451,train/cracks-and-potholes-in-road__917442_RS_290_290RS294095_20660,6,0.0430251806974411
train/cracks-and-potholes-in-road__917400_RS_290_290RS294095_20451,train/cracks-and-potholes-in-road__917494_RS_290_290RS294095_20920,5,0.03622977063059807
train/cracks-and-potholes-in-road__917400_RS_290_290RS294095_20451,train/cracks-and-potholes-in-road__917495_RS_290_290RS294095_20925,4,0.04123587906360626
train/cracks-and-potholes-in-road__917400_RS_290_290RS294095_20451,train/cracks-and-potholes-in-road__918373_RS_290_290RS294095_25315,6,0.04870764911174774
train/cracks-and-potholes-in-road__917400_RS_290_290RS294095_20451,train/cracks-and-potholes-in-road__918374_RS_290_290RS294095_25320,5,0.04696842283010483
train/cracks-and-potholes-in-road__917400_RS_290_290RS294095_20451,train/cracks-and-potholes-in-road__919547_RS_290_290RS294095_31185,6,0.043431829661130905
train/cracks-and-potholes-in-road__917400_RS_290_290RS294095_20451,val/cracks-and-potholes-in-road__919790_RS_290_290RS294095_32400,6,0.04670179262757301
train/cracks-and-potholes-in-road__917401_RS_290_290RS294095_20455,train/cracks-and-potholes-in-road__917402_RS_290_290RS294095_20460,2,0.024863863363862038
train/cracks-and-potholes-in-road__917401_RS_290_290RS294095_20455,train/cracks-and-potholes-in-road__917403_RS_290_290RS294095_20465,5,0.021970821544528008
train/cracks-and-potholes-in-road__917401_RS_290_290RS294095_20455,train/cracks-and-potholes-in-road__917440_RS_290_290RS294095_20650,4,0.038141895085573196
train/cracks-and-potholes-in-road__917401_RS_290_290RS294095_20455,train/cracks-and-potholes-in-road__917441_RS_290_290RS294095_20655,4,0.0425868034362793
train/cracks-and-potholes-in-road__917401_RS_290_290RS294095_20455,train/cracks-and-potholes-in-road__917442_RS_290_290RS294095_20660,5,0.04867757856845856
train/cracks-and-potholes-in-road__917401_RS_290_290RS294095_20455,train/cracks-and-potholes-in-road__917470_RS_290_290RS294095_20800,6,0.049704164266586304
train/cracks-and-potholes-in-road__917401_RS_290_290RS294095_20455,train/cracks-and-potholes-in-road__917471_RS_290_290RS294095_20805,5,0.040328312665224075
train/cracks-and-potholes-in-road__917401_RS_290_290RS294095_20455,train/cracks-and-potholes-in-road__917489_RS_290_290RS294095_20895,4,0.049068450927734375
train/cracks-and-potholes-in-road__917401_RS_290_290RS294095_20455,train/cracks-and-potholes-in-road__917495_RS_290_290RS294095_20925,5,0.043453264981508255
train/cracks-and-potholes-in-road__917401_RS_290_290RS294095_20455,train/cracks-and-potholes-in-road__918976_RS_290_290RS294095_28330,5,0.048770200461149216
train/cracks-and-potholes-in-road__917401_RS_290_290RS294095_20455,train/cracks-and-potholes-in-road__919356_RS_290_290RS294095_30230,5,0.0380423404276371
train/cracks-and-potholes-in-road__917401_RS_290_290RS294095_20455,train/cracks-and-potholes-in-road__919357_RS_290_290RS294095_30235,5,0.036966558545827866
train/cracks-and-potholes-in-road__917401_RS_290_290RS294095_20455,train/cracks-and-potholes-in-road__919412_RS_290_290RS294095_30511,6,0.04110729694366455
train/cracks-and-potholes-in-road__917401_RS_290_290RS294095_20455,train/cracks-and-potholes-in-road__919546_RS_290_290RS294095_31180,6,0.04987157881259918
train/cracks-and-potholes-in-road__917401_RS_290_290RS294095_20455,train/cracks-and-potholes-in-road__919547_RS_290_290RS294095_31185,3,0.04383419454097748
train/cracks-and-potholes-in-road__917401_RS_290_290RS294095_20455,train/cracks-and-potholes-in-road__919548_RS_290_290RS294095_31191,4,0.04339377582073212
train/cracks-and-potholes-in-road__917401_RS_290_290RS294095_20455,val/cracks-and-potholes-in-road__919789_RS_290_290RS294095_32395,4,0.048638686537742615
train/cracks-and-potholes-in-road__917401_RS_290_290RS294095_20455,val/cracks-and-potholes-in-road__919790_RS_290_290RS294095_32400,5,0.04813182353973389
train/cracks-and-potholes-in-road__917401_RS_290_290RS294095_20455,val/cracks-and-potholes-in-road__919791_RS_290_290RS294095_32405,6,0.04557044431567192
train/cracks-and-potholes-in-road__917402_RS_290_290RS294095_20460,train/cracks-and-potholes-in-road__917403_RS_290_290RS294095_20465,5,0.028326060622930527
train/cracks-and-potholes-in-road__917402_RS_290_290RS294095_20460,train/cracks-and-potholes-in-road__917440_RS_290_290RS294095_20650,4,0.03186722472310066
train/cracks-and-potholes-in-road__917402_RS_290_290RS294095_20460,train/cracks-and-potholes-in-road__917441_RS_290_290RS294095_20655,4,0.037571217864751816
train/cracks-and-potholes-in-road__917402_RS_290_290RS294095_20460,train/cracks-and-potholes-in-road__917442_RS_290_290RS294095_20660,5,0.041353169828653336
train/cracks-and-potholes-in-road__917402_RS_290_290RS294095_20460,train/cracks-and-potholes-in-road__917470_RS_290_290RS294095_20800,6,0.043948136270046234
train/cracks-and-potholes-in-road__917402_RS_290_290RS294095_20460,train/cracks-and-potholes-in-road__917471_RS_290_290RS294095_20805,5,0.03418942168354988
train/cracks-and-potholes-in-road__917402_RS_290_290RS294095_20460,train/cracks-and-potholes-in-road__917494_RS_290_290RS294095_20920,6,0.03106563352048397
train/cracks-and-potholes-in-road__917402_RS_290_290RS294095_20460,train/cracks-and-potholes-in-road__917495_RS_290_290RS294095_20925,3,0.03552442416548729
train/cracks-and-potholes-in-road__917402_RS_290_290RS294095_20460,train/cracks-and-potholes-in-road__918374_RS_290_290RS294095_25320,6,0.04905330017209053
train/cracks-and-potholes-in-road__917402_RS_290_290RS294095_20460,train/cracks-and-potholes-in-road__919357_RS_290_290RS294095_30235,5,0.039043933153152466
train/cracks-and-potholes-in-road__917402_RS_290_290RS294095_20460,train/cracks-and-potholes-in-road__919412_RS_290_290RS294095_30511,6,0.04726596549153328
train/cracks-and-potholes-in-road__917402_RS_290_290RS294095_20460,train/cracks-and-potholes-in-road__919547_RS_290_290RS294095_31185,3,0.04453607276082039
train/cracks-and-potholes-in-road__917402_RS_290_290RS294095_20460,train/cracks-and-potholes-in-road__919548_RS_290_290RS294095_31191,6,0.04618651047348976
train/cracks-and-potholes-in-road__917402_RS_290_290RS294095_20460,val/cracks-and-potholes-in-road__919790_RS_290_290RS294095_32400,5,0.04712245240807533
train/cracks-and-potholes-in-road__917402_RS_290_290RS294095_20460,val/cracks-and-potholes-in-road__919791_RS_290_290RS294095_32405,6,0.04058167710900307
train/cracks-and-potholes-in-road__917403_RS_290_290RS294095_20465,train/cracks-and-potholes-in-road__919412_RS_290_290RS294095_30511,5,0.0432865247130394
train/cracks-and-potholes-in-road__917415_RS_290_290RS294095_20525,train/cracks-and-potholes-in-road__917416_RS_290_290RS294095_20530,5,0.023133542388677597
train/cracks-and-potholes-in-road__917416_RS_290_290RS294095_20530,train/cracks-and-potholes-in-road__918231_RS_290_290RS294095_24605,6,0.04573393985629082
train/cracks-and-potholes-in-road__917425_RS_290_290RS294095_20576,train/cracks-and-potholes-in-road__917426_RS_290_290RS294095_20580,6,0.04436376318335533
train/cracks-and-potholes-in-road__917425_RS_290_290RS294095_20576,train/cracks-and-potholes-in-road__917542_RS_290_290RS294095_21160,6,0.04842330515384674
train/cracks-and-potholes-in-road__917426_RS_290_290RS294095_20580,train/cracks-and-potholes-in-road__917542_RS_290_290RS294095_21160,4,0.04207288473844528
train/cracks-and-potholes-in-road__917426_RS_290_290RS294095_20580,train/cracks-and-potholes-in-road__917543_RS_290_290RS294095_21165,4,0.04169657081365585
train/cracks-and-potholes-in-road__917426_RS_290_290RS294095_20580,train/cracks-and-potholes-in-road__917570_RS_290_290RS294095_21300,6,0.04927187040448189
train/cracks-and-potholes-in-road__917426_RS_290_290RS294095_20580,train/cracks-and-potholes-in-road__917577_RS_290_290RS294095_21335,6,0.037860509008169174
train/cracks-and-potholes-in-road__917440_RS_290_290RS294095_20650,train/cracks-and-potholes-in-road__917441_RS_290_290RS294095_20655,4,0.027346011251211166
train/cracks-and-potholes-in-road__917440_RS_290_290RS294095_20650,train/cracks-and-potholes-in-road__917442_RS_290_290RS294095_20660,5,0.036292724311351776
train/cracks-and-potholes-in-road__917440_RS_290_290RS294095_20650,train/cracks-and-potholes-in-road__917495_RS_290_290RS294095_20925,5,0.04399953782558441
train/cracks-and-potholes-in-road__917440_RS_290_290RS294095_20650,train/cracks-and-potholes-in-road__918374_RS_290_290RS294095_25320,4,0.047670941799879074
train/cracks-and-potholes-in-road__917440_RS_290_290RS294095_20650,train/cracks-and-potholes-in-road__919357_RS_290_290RS294095_30235,5,0.04679832607507706
train/cracks-and-potholes-in-road__917440_RS_290_290RS294095_20650,train/cracks-and-potholes-in-road__919412_RS_290_290RS294095_30511,6,0.04466134309768677
train/cracks-and-potholes-in-road__917440_RS_290_290RS294095_20650,train/cracks-and-potholes-in-road__919547_RS_290_290RS294095_31185,3,0.0467461459338665
train/cracks-and-potholes-in-road__917440_RS_290_290RS294095_20650,train/cracks-and-potholes-in-road__919548_RS_290_290RS294095_31191,6,0.04537244141101837
train/cracks-and-potholes-in-road__917440_RS_290_290RS294095_20650,val/cracks-and-potholes-in-road__919788_RS_290_290RS294095_32390,6,0.04769251495599747
train/cracks-and-potholes-in-road__917440_RS_290_290RS294095_20650,val/cracks-and-potholes-in-road__919790_RS_290_290RS294095_32400,5,0.044332608580589294
train/cracks-and-potholes-in-road__917441_RS_290_290RS294095_20655,train/cracks-and-potholes-in-road__917442_RS_290_290RS294095_20660,3,0.029488004744052887
train/cracks-and-potholes-in-road__917441_RS_290_290RS294095_20655,train/cracks-and-potholes-in-road__917471_RS_290_290RS294095_20805,5,0.04615187272429466
train/cracks-and-potholes-in-road__917441_RS_290_290RS294095_20655,train/cracks-and-potholes-in-road__917494_RS_290_290RS294095_20920,6,0.04607386887073517
train/cracks-and-potholes-in-road__917441_RS_290_290RS294095_20655,train/cracks-and-potholes-in-road__918373_RS_290_290RS294095_25315,5,0.04372647777199745
train/cracks-and-potholes-in-road__917441_RS_290_290RS294095_20655,train/cracks-and-potholes-in-road__918374_RS_290_290RS294095_25320,4,0.043570272624492645
train/cracks-and-potholes-in-road__917441_RS_290_290RS294095_20655,train/cracks-and-potholes-in-road__919073_RS_290_290RS294095_28815,6,0.04900321736931801
train/cracks-and-potholes-in-road__917441_RS_290_290RS294095_20655,train/cracks-and-potholes-in-road__919413_RS_290_290RS294095_30515,6,0.04434496909379959
train/cracks-and-potholes-in-road__917441_RS_290_290RS294095_20655,train/cracks-and-potholes-in-road__919547_RS_290_290RS294095_31185,3,0.046180009841918945
train/cracks-and-potholes-in-road__917441_RS_290_290RS294095_20655,train/cracks-and-potholes-in-road__919548_RS_290_290RS294095_31191,4,0.04901225492358208
train/cracks-and-potholes-in-road__917441_RS_290_290RS294095_20655,val/cracks-and-potholes-in-road__919788_RS_290_290RS294095_32390,4,0.0478074736893177
train/cracks-and-potholes-in-road__917441_RS_290_290RS294095_20655,val/cracks-and-potholes-in-road__919790_RS_290_290RS294095_32400,5,0.04571374133229256
train/cracks-and-potholes-in-road__917441_RS_290_290RS294095_20655,val/cracks-and-potholes-in-road__919791_RS_290_290RS294095_32405,6,0.049912817776203156
train/cracks-and-potholes-in-road__917442_RS_290_290RS294095_20660,train/cracks-and-potholes-in-road__917471_RS_290_290RS294095_20805,6,0.04859312251210213
train/cracks-and-potholes-in-road__917442_RS_290_290RS294095_20660,train/cracks-and-potholes-in-road__917494_RS_290_290RS294095_20920,5,0.04778076335787773
train/cracks-and-potholes-in-road__917442_RS_290_290RS294095_20660,train/cracks-and-potholes-in-road__918373_RS_290_290RS294095_25315,2,0.0466451570391655
train/cracks-and-potholes-in-road__917442_RS_290_290RS294095_20660,train/cracks-and-potholes-in-road__918374_RS_290_290RS294095_25320,3,0.046548787504434586
train/cracks-and-potholes-in-road__917442_RS_290_290RS294095_20660,train/cracks-and-potholes-in-road__919073_RS_290_290RS294095_28815,5,0.049910712987184525
train/cracks-and-potholes-in-road__917448_RS_290_290RS294095_20691,train/cracks-and-potholes-in-road__917449_RS_290_290RS294095_20695,6,0.03799039497971535
train/cracks-and-potholes-in-road__917448_RS_290_290RS294095_20691,train/cracks-and-potholes-in-road__917454_RS_290_290RS294095_20720,2,0.030650978907942772
train/cracks-and-potholes-in-road__917448_RS_290_290RS294095_20691,train/cracks-and-potholes-in-road__917455_RS_290_290RS294095_20725,2,0.031205996870994568
train/cracks-and-potholes-in-road__917448_RS_290_290RS294095_20691,train/cracks-and-potholes-in-road__917460_RS_290_290RS294095_20750,3,0.03658801317214966
train/cracks-and-potholes-in-road__917448_RS_290_290RS294095_20691,train/cracks-and-potholes-in-road__917461_RS_290_290RS294095_20755,3,0.03420347347855568
train/cracks-and-potholes-in-road__917448_RS_290_290RS294095_20691,train/cracks-and-potholes-in-road__917466_RS_290_290RS294095_20780,4,0.04179784283041954
train/cracks-and-potholes-in-road__917448_RS_290_290RS294095_20691,train/cracks-and-potholes-in-road__917467_RS_290_290RS294095_20785,4,0.03756062313914299
train/cracks-and-potholes-in-road__917448_RS_290_290RS294095_20691,train/cracks-and-potholes-in-road__917468_RS_290_290RS294095_20790,6,0.04149021953344345
train/cracks-and-potholes-in-road__917448_RS_290_290RS294095_20691,train/cracks-and-potholes-in-road__917503_RS_290_290RS294095_20965,6,0.04273272305727005
train/cracks-and-potholes-in-road__917448_RS_290_290RS294095_20691,train/cracks-and-potholes-in-road__918396_RS_290_290RS294095_25430,6,0.04608055204153061
train/cracks-and-potholes-in-road__917448_RS_290_290RS294095_20691,train/cracks-and-potholes-in-road__919525_RS_290_290RS294095_31075,5,0.03732437640428543
train/cracks-and-potholes-in-road__917448_RS_290_290RS294095_20691,train/cracks-and-potholes-in-road__919526_RS_290_290RS294095_31080,4,0.04114418104290962
train/cracks-and-potholes-in-road__917448_RS_290_290RS294095_20691,train/cracks-and-potholes-in-road__919527_RS_290_290RS294095_31085,4,0.04770809784531593
train/cracks-and-potholes-in-road__917449_RS_290_290RS294095_20695,train/cracks-and-potholes-in-road__919524_RS_290_290RS294095_31070,5,0.03619970381259918
train/cracks-and-potholes-in-road__917449_RS_290_290RS294095_20695,train/cracks-and-potholes-in-road__919525_RS_290_290RS294095_31075,5,0.04156453534960747
train/cracks-and-potholes-in-road__917449_RS_290_290RS294095_20695,train/cracks-and-potholes-in-road__919526_RS_290_290RS294095_31080,4,0.04308360815048218
train/cracks-and-potholes-in-road__917454_RS_290_290RS294095_20720,train/cracks-and-potholes-in-road__917455_RS_290_290RS294095_20725,0,0.018108250573277473
train/cracks-and-potholes-in-road__917454_RS_290_290RS294095_20720,train/cracks-and-potholes-in-road__917460_RS_290_290RS294095_20750,1,0.029961418360471725
train/cracks-and-potholes-in-road__917454_RS_290_290RS294095_20720,train/cracks-and-potholes-in-road__917461_RS_290_290RS294095_20755,1,0.021767204627394676
train/cracks-and-potholes-in-road__917454_RS_290_290RS294095_20720,train/cracks-and-potholes-in-road__917466_RS_290_290RS294095_20780,6,0.045176729559898376
train/cracks-and-potholes-in-road__917454_RS_290_290RS294095_20720,train/cracks-and-potholes-in-road__917467_RS_290_290RS294095_20785,4,0.03476528078317642
train/cracks-and-potholes-in-road__917454_RS_290_290RS294095_20720,train/cracks-and-potholes-in-road__917468_RS_290_290RS294095_20790,4,0.029662178829312325
train/cracks-and-potholes-in-road__917454_RS_290_290RS294095_20720,train/cracks-and-potholes-in-road__917469_RS_290_290RS294095_20795,5,0.026013031601905823
train/cracks-and-potholes-in-road__917454_RS_290_290RS294095_20720,train/cracks-and-potholes-in-road__917470_RS_290_290RS294095_20800,3,0.04215027391910553
train/cracks-and-potholes-in-road__917454_RS_290_290RS294095_20720,train/cracks-and-potholes-in-road__917503_RS_290_290RS294095_20965,6,0.03858426213264465
train/cracks-and-potholes-in-road__917454_RS_290_290RS294095_20720,train/cracks-and-potholes-in-road__918396_RS_290_290RS294095_25430,6,0.043461039662361145
train/cracks-and-potholes-in-road__917454_RS_290_290RS294095_20720,train/cracks-and-potholes-in-road__918939_RS_290_290RS294095_28145,6,0.04388624057173729
train/cracks-and-potholes-in-road__917454_RS_290_290RS294095_20720,train/cracks-and-potholes-in-road__919374_RS_290_290RS294095_30320,6,0.04458730295300484
train/cracks-and-potholes-in-road__917454_RS_290_290RS294095_20720,train/cracks-and-potholes-in-road__919481_RS_290_290RS294095_30855,5,0.04434581473469734
train/cracks-and-potholes-in-road__917454_RS_290_290RS294095_20720,train/cracks-and-potholes-in-road__919526_RS_290_290RS294095_31080,4,0.04002590477466583
train/cracks-and-potholes-in-road__917454_RS_290_290RS294095_20720,train/cracks-and-potholes-in-road__919527_RS_290_290RS294095_31085,4,0.0368204228579998
train/cracks-and-potholes-in-road__917455_RS_290_290RS294095_20725,train/cracks-and-potholes-in-road__917460_RS_290_290RS294095_20750,1,0.022390279918909073
train/cracks-and-potholes-in-road__917455_RS_290_290RS294095_20725,train/cracks-and-potholes-in-road__917461_RS_290_290RS294095_20755,1,0.02423838898539543
train/cracks-and-potholes-in-road__917455_RS_290_290RS294095_20725,train/cracks-and-potholes-in-road__917466_RS_290_290RS294095_20780,6,0.037603385746479034
train/cracks-and-potholes-in-road__917455_RS_290_290RS294095_20725,train/cracks-and-potholes-in-road__917467_RS_290_290RS294095_20785,4,0.02841208688914776
train/cracks-and-potholes-in-road__917455_RS_290_290RS294095_20725,train/cracks-and-potholes-in-road__917468_RS_290_290RS294095_20790,4,0.030253726989030838
train/cracks-and-potholes-in-road__917455_RS_290_290RS294095_20725,train/cracks-and-potholes-in-road__917469_RS_290_290RS294095_20795,5,0.025432687252759933
train/cracks-and-potholes-in-road__917455_RS_290_290RS294095_20725,train/cracks-and-potholes-in-road__917470_RS_290_290RS294095_20800,3,0.048414621502161026
train/cracks-and-potholes-in-road__917455_RS_290_290RS294095_20725,train/cracks-and-potholes-in-road__917503_RS_290_290RS294095_20965,6,0.03796350210905075
train/cracks-and-potholes-in-road__917455_RS_290_290RS294095_20725,train/cracks-and-potholes-in-road__917504_RS_290_290RS294095_20970,5,0.04998647794127464
train/cracks-and-potholes-in-road__917455_RS_290_290RS294095_20725,train/cracks-and-potholes-in-road__918396_RS_290_290RS294095_25430,6,0.042007509618997574
train/cracks-and-potholes-in-road__917455_RS_290_290RS294095_20725,train/cracks-and-potholes-in-road__919481_RS_290_290RS294095_30855,5,0.04805140569806099
train/cracks-and-potholes-in-road__917455_RS_290_290RS294095_20725,train/cracks-and-potholes-in-road__919526_RS_290_290RS294095_31080,4,0.03341950103640556
train/cracks-and-potholes-in-road__917455_RS_290_290RS294095_20725,train/cracks-and-potholes-in-road__919527_RS_290_290RS294095_31085,4,0.03896654397249222
train/cracks-and-potholes-in-road__917460_RS_290_290RS294095_20750,train/cracks-and-potholes-in-road__917461_RS_290_290RS294095_20755,2,0.02967711165547371
train/cracks-and-potholes-in-road__917460_RS_290_290RS294095_20750,train/cracks-and-potholes-in-road__917466_RS_290_290RS294095_20780,5,0.03354308009147644
train/cracks-and-potholes-in-road__917460_RS_290_290RS294095_20750,train/cracks-and-potholes-in-road__917467_RS_290_290RS294095_20785,5,0.026402417570352554
train/cracks-and-potholes-in-road__917460_RS_290_290RS294095_20750,train/cracks-and-potholes-in-road__917468_RS_290_290RS294095_20790,5,0.0363551527261734
train/cracks-and-potholes-in-road__917460_RS_290_290RS294095_20750,train/cracks-and-potholes-in-road__917469_RS_290_290RS294095_20795,4,0.03138403594493866
train/cracks-and-potholes-in-road__917460_RS_290_290RS294095_20750,train/cracks-and-potholes-in-road__917481_RS_290_290RS294095_20856,6,0.03762694075703621
train/cracks-and-potholes-in-road__917460_RS_290_290RS294095_20750,train/cracks-and-potholes-in-road__917503_RS_290_290RS294095_20965,5,0.0406678132712841
train/cracks-and-potholes-in-road__917460_RS_290_290RS294095_20750,train/cracks-and-potholes-in-road__917504_RS_290_290RS294095_20970,4,0.04844873026013374
train/cracks-and-potholes-in-road__917460_RS_290_290RS294095_20750,train/cracks-and-potholes-in-road__919525_RS_290_290RS294095_31075,6,0.036366719752550125
train/cracks-and-potholes-in-road__917460_RS_290_290RS294095_20750,train/cracks-and-potholes-in-road__919526_RS_290_290RS294095_31080,3,0.033541738986968994
train/cracks-and-potholes-in-road__917460_RS_290_290RS294095_20750,train/cracks-and-potholes-in-road__919527_RS_290_290RS294095_31085,5,0.0433858186006546
train/cracks-and-potholes-in-road__917461_RS_290_290RS294095_20755,train/cracks-and-potholes-in-road__917467_RS_290_290RS294095_20785,5,0.030296141281723976
train/cracks-and-potholes-in-road__917461_RS_290_290RS294095_20755,train/cracks-and-potholes-in-road__917468_RS_290_290RS294095_20790,5,0.03074197843670845
train/cracks-and-potholes-in-road__917461_RS_290_290RS294095_20755,train/cracks-and-potholes-in-road__917469_RS_290_290RS294095_20795,4,0.02511746622622013
train/cracks-and-potholes-in-road__917461_RS_290_290RS294095_20755,train/cracks-and-potholes-in-road__917470_RS_290_290RS294095_20800,2,0.045129332691431046
train/cracks-and-potholes-in-road__917461_RS_290_290RS294095_20755,train/cracks-and-potholes-in-road__917481_RS_290_290RS294095_20856,6,0.02979504130780697
train/cracks-and-potholes-in-road__917461_RS_290_290RS294095_20755,train/cracks-and-potholes-in-road__917503_RS_290_290RS294095_20965,5,0.03316440060734749
train/cracks-and-potholes-in-road__917461_RS_290_290RS294095_20755,train/cracks-and-potholes-in-road__917504_RS_290_290RS294095_20970,6,0.04816550388932228
train/cracks-and-potholes-in-road__917461_RS_290_290RS294095_20755,train/cracks-and-potholes-in-road__919526_RS_290_290RS294095_31080,5,0.0418461412191391
train/cracks-and-potholes-in-road__917461_RS_290_290RS294095_20755,train/cracks-and-potholes-in-road__919527_RS_290_290RS294095_31085,5,0.041982654482126236
train/cracks-and-potholes-in-road__917466_RS_290_290RS294095_20780,train/cracks-and-potholes-in-road__917467_RS_290_290RS294095_20785,4,0.022193893790245056
train/cracks-and-potholes-in-road__917466_RS_290_290RS294095_20780,train/cracks-and-potholes-in-road__917468_RS_290_290RS294095_20790,6,0.047632649540901184
train/cracks-and-potholes-in-road__917466_RS_290_290RS294095_20780,train/cracks-and-potholes-in-road__917469_RS_290_290RS294095_20795,5,0.0431877076625824
train/cracks-and-potholes-in-road__917466_RS_290_290RS294095_20780,train/cracks-and-potholes-in-road__917481_RS_290_290RS294095_20856,5,0.044289730489254
train/cracks-and-potholes-in-road__917466_RS_290_290RS294095_20780,train/cracks-and-potholes-in-road__919526_RS_290_290RS294095_31080,6,0.0370008759200573
train/cracks-and-potholes-in-road__917467_RS_290_290RS294095_20785,train/cracks-and-potholes-in-road__917468_RS_290_290RS294095_20790,6,0.037944309413433075
train/cracks-and-potholes-in-road__917467_RS_290_290RS294095_20785,train/cracks-and-potholes-in-road__917469_RS_290_290RS294095_20795,5,0.03295406699180603
train/cracks-and-potholes-in-road__917467_RS_290_290RS294095_20785,train/cracks-and-potholes-in-road__917481_RS_290_290RS294095_20856,5,0.037516217678785324
train/cracks-and-potholes-in-road__917467_RS_290_290RS294095_20785,train/cracks-and-potholes-in-road__917482_RS_290_290RS294095_20860,6,0.04299096018075943
train/cracks-and-potholes-in-road__917467_RS_290_290RS294095_20785,train/cracks-and-potholes-in-road__919454_RS_290_290RS294095_30720,6,0.04829489067196846
train/cracks-and-potholes-in-road__917467_RS_290_290RS294095_20785,train/cracks-and-potholes-in-road__919474_RS_290_290RS294095_30820,6,0.04858322814106941
train/cracks-and-potholes-in-road__917467_RS_290_290RS294095_20785,train/cracks-and-potholes-in-road__919526_RS_290_290RS294095_31080,6,0.0355987511575222
train/cracks-and-potholes-in-road__917469_RS_290_290RS294095_20795,train/cracks-and-potholes-in-road__917470_RS_290_290RS294095_20800,6,0.03963812068104744
train/cracks-and-potholes-in-road__917469_RS_290_290RS294095_20795,train/cracks-and-potholes-in-road__917481_RS_290_290RS294095_20856,4,0.026834318414330482
train/cracks-and-potholes-in-road__917469_RS_290_290RS294095_20795,train/cracks-and-potholes-in-road__917482_RS_290_290RS294095_20860,5,0.03224949166178703
train/cracks-and-potholes-in-road__917469_RS_290_290RS294095_20795,train/cracks-and-potholes-in-road__917503_RS_290_290RS294095_20965,5,0.041993383318185806
train/cracks-and-potholes-in-road__917469_RS_290_290RS294095_20795,train/cracks-and-potholes-in-road__919481_RS_290_290RS294095_30855,4,0.046911951154470444
train/cracks-and-potholes-in-road__917470_RS_290_290RS294095_20800,train/cracks-and-potholes-in-road__918939_RS_290_290RS294095_28145,5,0.040665414184331894
train/cracks-and-potholes-in-road__917470_RS_290_290RS294095_20800,train/cracks-and-potholes-in-road__919527_RS_290_290RS294095_31085,5,0.04791055619716644
train/cracks-and-potholes-in-road__917471_RS_290_290RS294095_20805,train/cracks-and-potholes-in-road__917494_RS_290_290RS294095_20920,5,0.030263157561421394
train/cracks-and-potholes-in-road__917471_RS_290_290RS294095_20805,train/cracks-and-potholes-in-road__917495_RS_290_290RS294095_20925,6,0.03468180447816849
train/cracks-and-potholes-in-road__917471_RS_290_290RS294095_20805,train/cracks-and-potholes-in-road__919357_RS_290_290RS294095_30235,6,0.04176998510956764
train/cracks-and-potholes-in-road__917471_RS_290_290RS294095_20805,train/cracks-and-potholes-in-road__919547_RS_290_290RS294095_31185,6,0.049613285809755325
train/cracks-and-potholes-in-road__917481_RS_290_290RS294095_20856,train/cracks-and-potholes-in-road__917482_RS_290_290RS294095_20860,1,0.026666734367609024
train/cracks-and-potholes-in-road__917481_RS_290_290RS294095_20856,train/cracks-and-potholes-in-road__919481_RS_290_290RS294095_30855,4,0.048653967678546906
train/cracks-and-potholes-in-road__917482_RS_290_290RS294095_20860,train/cracks-and-potholes-in-road__919481_RS_290_290RS294095_30855,5,0.04844454303383827
train/cracks-and-potholes-in-road__917489_RS_290_290RS294095_20895,train/cracks-and-potholes-in-road__919530_RS_290_290RS294095_31101,6,0.043756868690252304
train/cracks-and-potholes-in-road__917489_RS_290_290RS294095_20895,train/cracks-and-potholes-in-road__919531_RS_290_290RS294095_31105,6,0.047898173332214355
train/cracks-and-potholes-in-road__917490_RS_290_290RS294095_20900,train/cracks-and-potholes-in-road__919488_RS_290_290RS294095_30891,3,0.04871273785829544
train/cracks-and-potholes-in-road__917490_RS_290_290RS294095_20900,train/cracks-and-potholes-in-road__919545_RS_290_290RS294095_31175,5,0.04983000457286835
train/cracks-and-potholes-in-road__917490_RS_290_290RS294095_20900,train/cracks-and-potholes-in-road__919546_RS_290_290RS294095_31180,6,0.045992959290742874
train/cracks-and-potholes-in-road__917490_RS_290_290RS294095_20900,train/cracks-and-potholes-in-road__919559_RS_290_290RS294095_31245,5,0.049928613007068634
train/cracks-and-potholes-in-road__917494_RS_290_290RS294095_20920,train/cracks-and-potholes-in-road__917495_RS_290_290RS294095_20925,5,0.01835864596068859
train/cracks-and-potholes-in-road__917495_RS_290_290RS294095_20925,train/cracks-and-potholes-in-road__919357_RS_290_290RS294095_30235,6,0.047674402594566345
train/cracks-and-potholes-in-road__917503_RS_290_290RS294095_20965,train/cracks-and-potholes-in-road__917504_RS_290_290RS294095_20970,1,0.028800586238503456
train/cracks-and-potholes-in-road__917503_RS_290_290RS294095_20965,train/cracks-and-potholes-in-road__917517_RS_290_290RS294095_21035,5,0.03829299286007881
train/cracks-and-potholes-in-road__917503_RS_290_290RS294095_20965,train/cracks-and-potholes-in-road__919526_RS_290_290RS294095_31080,6,0.04122021421790123
train/cracks-and-potholes-in-road__917503_RS_290_290RS294095_20965,train/cracks-and-potholes-in-road__919527_RS_290_290RS294095_31085,6,0.04816441610455513
train/cracks-and-potholes-in-road__917504_RS_290_290RS294095_20970,train/cracks-and-potholes-in-road__919526_RS_290_290RS294095_31080,5,0.04652749374508858
train/cracks-and-potholes-in-road__917505_RS_290_290RS294095_20975,train/cracks-and-potholes-in-road__918229_RS_290_290RS294095_24595,6,0.042874470353126526
train/cracks-and-potholes-in-road__917517_RS_290_290RS294095_21035,train/cracks-and-potholes-in-road__917518_RS_290_290RS294095_21040,3,0.020331690087914467
train/cracks-and-potholes-in-road__917517_RS_290_290RS294095_21035,train/cracks-and-potholes-in-road__917556_RS_290_290RS294095_21230,6,0.03497975319623947
train/cracks-and-potholes-in-road__917517_RS_290_290RS294095_21035,train/cracks-and-potholes-in-road__917563_RS_290_290RS294095_21265,6,0.04125790670514107
train/cracks-and-potholes-in-road__917517_RS_290_290RS294095_21035,train/cracks-and-potholes-in-road__917564_RS_290_290RS294095_21270,6,0.047232117503881454
train/cracks-and-potholes-in-road__917517_RS_290_290RS294095_21035,train/cracks-and-potholes-in-road__919553_RS_290_290RS294095_31216,6,0.04685412719845772
train/cracks-and-potholes-in-road__917518_RS_290_290RS294095_21040,train/cracks-and-potholes-in-road__917556_RS_290_290RS294095_21230,5,0.028436653316020966
train/cracks-and-potholes-in-road__917518_RS_290_290RS294095_21040,train/cracks-and-potholes-in-road__917563_RS_290_290RS294095_21265,5,0.033668212592601776
train/cracks-and-potholes-in-road__917518_RS_290_290RS294095_21040,train/cracks-and-potholes-in-road__917564_RS_290_290RS294095_21270,5,0.04244709759950638
train/cracks-and-potholes-in-road__917529_RS_290_290RS294095_21095,train/cracks-and-potholes-in-road__917543_RS_290_290RS294095_21165,2,0.04336746409535408
train/cracks-and-potholes-in-road__917529_RS_290_290RS294095_21095,train/cracks-and-potholes-in-road__917569_RS_290_290RS294095_21295,3,0.04573098570108414
train/cracks-and-potholes-in-road__917529_RS_290_290RS294095_21095,train/cracks-and-potholes-in-road__917570_RS_290_290RS294095_21300,4,0.03358715400099754
train/cracks-and-potholes-in-road__917529_RS_290_290RS294095_21095,train/cracks-and-potholes-in-road__917571_RS_290_290RS294095_21305,2,0.03505373373627663
train/cracks-and-potholes-in-road__917529_RS_290_290RS294095_21095,train/cracks-and-potholes-in-road__917572_RS_290_290RS294095_21310,1,0.036825112998485565
train/cracks-and-potholes-in-road__917529_RS_290_290RS294095_21095,train/cracks-and-potholes-in-road__917577_RS_290_290RS294095_21335,4,0.049675606191158295
train/cracks-and-potholes-in-road__917530_RS_290_290RS294095_21100,train/cracks-and-potholes-in-road__917531_RS_290_290RS294095_21105,3,0.031597454100847244
train/cracks-and-potholes-in-road__917530_RS_290_290RS294095_21100,train/cracks-and-potholes-in-road__917572_RS_290_290RS294095_21310,5,0.044729217886924744
train/cracks-and-potholes-in-road__917531_RS_290_290RS294095_21105,train/cracks-and-potholes-in-road__917572_RS_290_290RS294095_21310,4,0.04960935190320015
train/cracks-and-potholes-in-road__917531_RS_290_290RS294095_21105,train/cracks-and-potholes-in-road__919349_RS_290_290RS294095_30195,6,0.04951829835772514
train/cracks-and-potholes-in-road__917542_RS_290_290RS294095_21160,train/cracks-and-potholes-in-road__917543_RS_290_290RS294095_21165,2,0.028821434825658798
train/cracks-and-potholes-in-road__917542_RS_290_290RS294095_21160,train/cracks-and-potholes-in-road__917566_RS_290_290RS294095_21280,5,0.049564070999622345
train/cracks-and-potholes-in-road__917542_RS_290_290RS294095_21160,train/cracks-and-potholes-in-road__917567_RS_290_290RS294095_21285,4,0.04416579008102417
train/cracks-and-potholes-in-road__917542_RS_290_290RS294095_21160,train/cracks-and-potholes-in-road__917568_RS_290_290RS294095_21290,5,0.03047160990536213
train/cracks-and-potholes-in-road__917542_RS_290_290RS294095_21160,train/cracks-and-potholes-in-road__917569_RS_290_290RS294095_21295,5,0.04437408596277237
train/cracks-and-potholes-in-road__917542_RS_290_290RS294095_21160,train/cracks-and-potholes-in-road__917570_RS_290_290RS294095_21300,6,0.04974886402487755
train/cracks-and-potholes-in-road__917542_RS_290_290RS294095_21160,train/cracks-and-potholes-in-road__917577_RS_290_290RS294095_21335,4,0.03755602613091469
train/cracks-and-potholes-in-road__917542_RS_290_290RS294095_21160,train/cracks-and-potholes-in-road__917579_RS_290_290RS294095_21345,6,0.03526432067155838
train/cracks-and-potholes-in-road__917543_RS_290_290RS294095_21165,train/cracks-and-potholes-in-road__917568_RS_290_290RS294095_21290,5,0.03696046769618988
train/cracks-and-potholes-in-road__917543_RS_290_290RS294095_21165,train/cracks-and-potholes-in-road__917569_RS_290_290RS294095_21295,3,0.035037022083997726
train/cracks-and-potholes-in-road__917543_RS_290_290RS294095_21165,train/cracks-and-potholes-in-road__917570_RS_290_290RS294095_21300,4,0.03622168302536011
train/cracks-and-potholes-in-road__917543_RS_290_290RS294095_21165,train/cracks-and-potholes-in-road__917571_RS_290_290RS294095_21305,2,0.0417347326874733
train/cracks-and-potholes-in-road__917543_RS_290_290RS294095_21165,train/cracks-and-potholes-in-road__917577_RS_290_290RS294095_21335,2,0.028374532237648964
train/cracks-and-potholes-in-road__917543_RS_290_290RS294095_21165,train/cracks-and-potholes-in-road__917579_RS_290_290RS294095_21345,6,0.03250507265329361
train/cracks-and-potholes-in-road__917556_RS_290_290RS294095_21230,train/cracks-and-potholes-in-road__917558_RS_290_290RS294095_21240,5,0.03072829730808735
train/cracks-and-potholes-in-road__917556_RS_290_290RS294095_21230,train/cracks-and-potholes-in-road__917563_RS_290_290RS294095_21265,6,0.0226341113448143
train/cracks-and-potholes-in-road__917556_RS_290_290RS294095_21230,train/cracks-and-potholes-in-road__917564_RS_290_290RS294095_21270,6,0.03147602081298828
train/cracks-and-potholes-in-road__917556_RS_290_290RS294095_21230,train/cracks-and-potholes-in-road__917566_RS_290_290RS294095_21280,6,0.04468756541609764
train/cracks-and-potholes-in-road__917558_RS_290_290RS294095_21240,train/cracks-and-potholes-in-road__917563_RS_290_290RS294095_21265,3,0.03267580643296242
train/cracks-and-potholes-in-road__917558_RS_290_290RS294095_21240,train/cracks-and-potholes-in-road__917564_RS_290_290RS294095_21270,3,0.04883682355284691
train/cracks-and-potholes-in-road__917563_RS_290_290RS294095_21265,train/cracks-and-potholes-in-road__917564_RS_290_290RS294095_21270,2,0.02769092656672001
train/cracks-and-potholes-in-road__917563_RS_290_290RS294095_21265,train/cracks-and-potholes-in-road__917566_RS_290_290RS294095_21280,2,0.03452969714999199
train/cracks-and-potholes-in-road__917563_RS_290_290RS294095_21265,train/cracks-and-potholes-in-road__917567_RS_290_290RS294095_21285,3,0.04325806722044945
train/cracks-and-potholes-in-road__917564_RS_290_290RS294095_21270,train/cracks-and-potholes-in-road__917566_RS_290_290RS294095_21280,2,0.028975265100598335
train/cracks-and-potholes-in-road__917564_RS_290_290RS294095_21270,train/cracks-and-potholes-in-road__917567_RS_290_290RS294095_21285,3,0.03250253200531006
train/cracks-and-potholes-in-road__917566_RS_290_290RS294095_21280,train/cracks-and-potholes-in-road__917567_RS_290_290RS294095_21285,1,0.01939026080071926
train/cracks-and-potholes-in-road__917566_RS_290_290RS294095_21280,train/cracks-and-potholes-in-road__917568_RS_290_290RS294095_21290,2,0.04208377003669739
train/cracks-and-potholes-in-road__917566_RS_290_290RS294095_21280,train/cracks-and-potholes-in-road__917579_RS_290_290RS294095_21345,3,0.0459187775850296
train/cracks-and-potholes-in-road__917567_RS_290_290RS294095_21285,train/cracks-and-potholes-in-road__917568_RS_290_290RS294095_21290,1,0.03471210598945618
train/cracks-and-potholes-in-road__917567_RS_290_290RS294095_21285,train/cracks-and-potholes-in-road__917579_RS_290_290RS294095_21345,2,0.043088313192129135
train/cracks-and-potholes-in-road__917568_RS_290_290RS294095_21290,train/cracks-and-potholes-in-road__917569_RS_290_290RS294095_21295,6,0.039293546229600906
train/cracks-and-potholes-in-road__917568_RS_290_290RS294095_21290,train/cracks-and-potholes-in-road__917577_RS_290_290RS294095_21335,3,0.03517861291766167
train/cracks-and-potholes-in-road__917568_RS_290_290RS294095_21290,train/cracks-and-potholes-in-road__917579_RS_290_290RS294095_21345,1,0.03448835015296936
train/cracks-and-potholes-in-road__917569_RS_290_290RS294095_21295,train/cracks-and-potholes-in-road__917570_RS_290_290RS294095_21300,3,0.029729442670941353
train/cracks-and-potholes-in-road__917569_RS_290_290RS294095_21295,train/cracks-and-potholes-in-road__917571_RS_290_290RS294095_21305,3,0.040279682725667953
train/cracks-and-potholes-in-road__917569_RS_290_290RS294095_21295,train/cracks-and-potholes-in-road__917577_RS_290_290RS294095_21335,5,0.0380338579416275
train/cracks-and-potholes-in-road__917570_RS_290_290RS294095_21300,train/cracks-and-potholes-in-road__917571_RS_290_290RS294095_21305,4,0.02491123601794243
train/cracks-and-potholes-in-road__917570_RS_290_290RS294095_21300,train/cracks-and-potholes-in-road__917572_RS_290_290RS294095_21310,3,0.040426503866910934
train/cracks-and-potholes-in-road__917570_RS_290_290RS294095_21300,train/cracks-and-potholes-in-road__917577_RS_290_290RS294095_21335,6,0.04110674932599068
train/cracks-and-potholes-in-road__917571_RS_290_290RS294095_21305,train/cracks-and-potholes-in-road__917572_RS_290_290RS294095_21310,3,0.03401392325758934
train/cracks-and-potholes-in-road__917571_RS_290_290RS294095_21305,train/cracks-and-potholes-in-road__917577_RS_290_290RS294095_21335,2,0.042748887091875076
train/cracks-and-potholes-in-road__917577_RS_290_290RS294095_21335,train/cracks-and-potholes-in-road__917579_RS_290_290RS294095_21345,4,0.02570434659719467
train/cracks-and-potholes-in-road__917579_RS_290_290RS294095_21345,train/cracks-and-potholes-in-road__919546_RS_290_290RS294095_31180,5,0.047817837446928024
train/cracks-and-potholes-in-road__917620_RS_290_290RS294095_21550,train/cracks-and-potholes-in-road__917622_RS_290_290RS294095_21560,4,0.03939412906765938
train/cracks-and-potholes-in-road__917620_RS_290_290RS294095_21550,train/cracks-and-potholes-in-road__918219_RS_290_290RS294095_24545,6,0.047039832919836044
train/cracks-and-potholes-in-road__917620_RS_290_290RS294095_21550,train/cracks-and-potholes-in-road__918220_RS_290_290RS294095_24551,6,0.0495416484773159
train/cracks-and-potholes-in-road__917772_RS_290_290RS294095_22312,train/cracks-and-potholes-in-road__919204_RS_290_290RS294095_29470,6,0.04955361410975456
train/cracks-and-potholes-in-road__917802_RS_290_290RS294095_22460,train/cracks-and-potholes-in-road__917819_RS_290_290RS294095_22545,6,0.03341231122612953
train/cracks-and-potholes-in-road__917805_RS_290_290RS294095_22475,train/cracks-and-potholes-in-road__917819_RS_290_290RS294095_22545,5,0.03474864363670349
train/cracks-and-potholes-in-road__917820_RS_290_290RS294095_22550,train/cracks-and-potholes-in-road__917821_RS_290_290RS294095_22555,4,0.031936660408973694
train/cracks-and-potholes-in-road__917872_RS_290_290RS294095_22810,train/cracks-and-potholes-in-road__917873_RS_290_290RS294095_22815,3,0.04068627581000328
train/cracks-and-potholes-in-road__917892_RS_290_290RS294095_22910,train/cracks-and-potholes-in-road__917905_RS_290_290RS294095_22975,6,0.03953531011939049
train/cracks-and-potholes-in-road__917892_RS_290_290RS294095_22910,train/cracks-and-potholes-in-road__917907_RS_290_290RS294095_22986,5,0.039326779544353485
train/cracks-and-potholes-in-road__917892_RS_290_290RS294095_22910,train/cracks-and-potholes-in-road__919215_RS_290_290RS294095_29525,6,0.0496639683842659
train/cracks-and-potholes-in-road__917904_RS_290_290RS294095_22970,train/cracks-and-potholes-in-road__917906_RS_290_290RS294095_22980,4,0.03547428920865059
train/cracks-and-potholes-in-road__917904_RS_290_290RS294095_22970,train/cracks-and-potholes-in-road__917907_RS_290_290RS294095_22986,2,0.017265934497117996
train/cracks-and-potholes-in-road__917904_RS_290_290RS294095_22970,train/cracks-and-potholes-in-road__917908_RS_290_290RS294095_22990,5,0.018474850803613663
train/cracks-and-potholes-in-road__917906_RS_290_290RS294095_22980,train/cracks-and-potholes-in-road__917907_RS_290_290RS294095_22986,6,0.03733041137456894
train/cracks-and-potholes-in-road__917907_RS_290_290RS294095_22986,train/cracks-and-potholes-in-road__917944_RS_290_290RS294095_23170,6,0.027412932366132736
train/cracks-and-potholes-in-road__917907_RS_290_290RS294095_22986,train/cracks-and-potholes-in-road__919166_RS_290_290RS294095_29280,6,0.04705563187599182
train/cracks-and-potholes-in-road__917907_RS_290_290RS294095_22986,train/cracks-and-potholes-in-road__919215_RS_290_290RS294095_29525,5,0.035704273730516434
train/cracks-and-potholes-in-road__917907_RS_290_290RS294095_22986,train/cracks-and-potholes-in-road__919218_RS_290_290RS294095_29540,6,0.036643385887145996
train/cracks-and-potholes-in-road__917907_RS_290_290RS294095_22986,val/cracks-and-potholes-in-road__919773_RS_290_290RS294095_32315,6,0.04727184772491455
train/cracks-and-potholes-in-road__917938_RS_290_290RS294095_23140,train/cracks-and-potholes-in-road__917958_RS_290_290RS294095_23240,6,0.03894784301519394
train/cracks-and-potholes-in-road__917944_RS_290_290RS294095_23170,train/cracks-and-potholes-in-road__917945_RS_290_290RS294095_23175,5,0.03428022563457489
train/cracks-and-potholes-in-road__917944_RS_290_290RS294095_23170,train/cracks-and-potholes-in-road__919207_RS_290_290RS294095_29485,6,0.04094091057777405
train/cracks-and-potholes-in-road__917944_RS_290_290RS294095_23170,train/cracks-and-potholes-in-road__919208_RS_290_290RS294095_29490,5,0.04477753862738609
train/cracks-and-potholes-in-road__917944_RS_290_290RS294095_23170,train/cracks-and-potholes-in-road__919210_RS_290_290RS294095_29500,6,0.04898880794644356
train/cracks-and-potholes-in-road__917944_RS_290_290RS294095_23170,train/cracks-and-potholes-in-road__919218_RS_290_290RS294095_29540,4,0.0358639657497406
train/cracks-and-potholes-in-road__917958_RS_290_290RS294095_23240,train/cracks-and-potholes-in-road__917959_RS_290_290RS294095_23245,3,0.028545506298542023
train/cracks-and-potholes-in-road__917959_RS_290_290RS294095_23245,train/cracks-and-potholes-in-road__919208_RS_290_290RS294095_29490,6,0.04753211885690689
train/cracks-and-potholes-in-road__917959_RS_290_290RS294095_23245,train/cracks-and-potholes-in-road__919210_RS_290_290RS294095_29500,5,0.046205367892980576
train/cracks-and-potholes-in-road__917960_RS_290_290RS294095_23250,train/cracks-and-potholes-in-road__917961_RS_290_290RS294095_23255,6,0.0338880717754364
train/cracks-and-potholes-in-road__918213_RS_290_290RS294095_24515,train/cracks-and-potholes-in-road__918214_RS_290_290RS294095_24520,5,0.03534025698900223
train/cracks-and-potholes-in-road__918229_RS_290_290RS294095_24595,train/cracks-and-potholes-in-road__918230_RS_290_290RS294095_24600,3,0.030458055436611176
train/cracks-and-potholes-in-road__918229_RS_290_290RS294095_24595,train/cracks-and-potholes-in-road__918231_RS_290_290RS294095_24605,2,0.04867418482899666
train/cracks-and-potholes-in-road__918229_RS_290_290RS294095_24595,train/cracks-and-potholes-in-road__918235_RS_290_290RS294095_24625,6,0.04288830608129501
train/cracks-and-potholes-in-road__918230_RS_290_290RS294095_24600,train/cracks-and-potholes-in-road__918231_RS_290_290RS294095_24605,1,0.030211254954338074
train/cracks-and-potholes-in-road__918230_RS_290_290RS294095_24600,train/cracks-and-potholes-in-road__918234_RS_290_290RS294095_24620,4,0.03691960871219635
train/cracks-and-potholes-in-road__918231_RS_290_290RS294095_24605,train/cracks-and-potholes-in-road__918232_RS_290_290RS294095_24610,3,0.03048688732087612
train/cracks-and-potholes-in-road__918231_RS_290_290RS294095_24605,train/cracks-and-potholes-in-road__918233_RS_290_290RS294095_24615,2,0.03346351161599159
train/cracks-and-potholes-in-road__918231_RS_290_290RS294095_24605,train/cracks-and-potholes-in-road__918234_RS_290_290RS294095_24620,3,0.027110770344734192
train/cracks-and-potholes-in-road__918232_RS_290_290RS294095_24610,train/cracks-and-potholes-in-road__918233_RS_290_290RS294095_24615,5,0.020205728709697723
train/cracks-and-potholes-in-road__918232_RS_290_290RS294095_24610,train/cracks-and-potholes-in-road__918234_RS_290_290RS294095_24620,6,0.03734509274363518
train/cracks-and-potholes-in-road__918233_RS_290_290RS294095_24615,train/cracks-and-potholes-in-road__918234_RS_290_290RS294095_24620,1,0.033884529024362564
train/cracks-and-potholes-in-road__918237_RS_290_290RS294095_24635,train/cracks-and-potholes-in-road__918240_RS_290_290RS294095_24650,6,0.02651933580636978
train/cracks-and-potholes-in-road__918355_RS_290_290RS294095_25225,train/cracks-and-potholes-in-road__918356_RS_290_290RS294095_25230,5,0.042999692261219025
train/cracks-and-potholes-in-road__918355_RS_290_290RS294095_25225,val/cracks-and-potholes-in-road__919788_RS_290_290RS294095_32390,6,0.03554048389196396
train/cracks-and-potholes-in-road__918355_RS_290_290RS294095_25225,val/cracks-and-potholes-in-road__919790_RS_290_290RS294095_32400,5,0.03968772292137146
train/cracks-and-potholes-in-road__918355_RS_290_290RS294095_25225,val/cracks-and-potholes-in-road__919791_RS_290_290RS294095_32405,6,0.04437239468097687
train/cracks-and-potholes-in-road__918356_RS_290_290RS294095_25230,train/cracks-and-potholes-in-road__918373_RS_290_290RS294095_25315,6,0.04538121074438095
train/cracks-and-potholes-in-road__918356_RS_290_290RS294095_25230,train/cracks-and-potholes-in-road__918374_RS_290_290RS294095_25320,5,0.042851172387599945
train/cracks-and-potholes-in-road__918356_RS_290_290RS294095_25230,train/cracks-and-potholes-in-road__919412_RS_290_290RS294095_30511,5,0.048994019627571106
train/cracks-and-potholes-in-road__918356_RS_290_290RS294095_25230,train/cracks-and-potholes-in-road__919413_RS_290_290RS294095_30515,5,0.047286298125982285
train/cracks-and-potholes-in-road__918373_RS_290_290RS294095_25315,train/cracks-and-potholes-in-road__918374_RS_290_290RS294095_25320,3,0.04083512723445892
train/cracks-and-potholes-in-road__918373_RS_290_290RS294095_25315,train/cracks-and-potholes-in-road__919413_RS_290_290RS294095_30515,3,0.04627438634634018
train/cracks-and-potholes-in-road__918373_RS_290_290RS294095_25315,val/cracks-and-potholes-in-road__919788_RS_290_290RS294095_32390,5,0.039819758385419846
train/cracks-and-potholes-in-road__918373_RS_290_290RS294095_25315,val/cracks-and-potholes-in-road__919790_RS_290_290RS294095_32400,6,0.039063163101673126
train/cracks-and-potholes-in-road__918374_RS_290_290RS294095_25320,train/cracks-and-potholes-in-road__919412_RS_290_290RS294095_30511,4,0.0477747917175293
train/cracks-and-potholes-in-road__918374_RS_290_290RS294095_25320,train/cracks-and-potholes-in-road__919413_RS_290_290RS294095_30515,4,0.047293923795223236
train/cracks-and-potholes-in-road__918374_RS_290_290RS294095_25320,train/cracks-and-potholes-in-road__919547_RS_290_290RS294095_31185,5,0.044547874480485916
train/cracks-and-potholes-in-road__918374_RS_290_290RS294095_25320,val/cracks-and-potholes-in-road__919788_RS_290_290RS294095_32390,4,0.04640790820121765
train/cracks-and-potholes-in-road__918374_RS_290_290RS294095_25320,val/cracks-and-potholes-in-road__919789_RS_290_290RS294095_32395,6,0.047595586627721786
train/cracks-and-potholes-in-road__918374_RS_290_290RS294095_25320,val/cracks-and-potholes-in-road__919790_RS_290_290RS294095_32400,5,0.044228315353393555
train/cracks-and-potholes-in-road__918374_RS_290_290RS294095_25320,val/cracks-and-potholes-in-road__919791_RS_290_290RS294095_32405,6,0.04631347954273224
train/cracks-and-potholes-in-road__918403_RS_290_290RS294095_25465,train/cracks-and-potholes-in-road__919267_RS_290_290RS294095_29785,5,0.03763372823596001
train/cracks-and-potholes-in-road__918922_RS_290_290RS294095_28060,train/cracks-and-potholes-in-road__918923_RS_290_290RS294095_28065,3,0.03459183871746063
train/cracks-and-potholes-in-road__918922_RS_290_290RS294095_28060,train/cracks-and-potholes-in-road__919524_RS_290_290RS294095_31070,5,0.03444216400384903
train/cracks-and-potholes-in-road__918922_RS_290_290RS294095_28060,train/cracks-and-potholes-in-road__919526_RS_290_290RS294095_31080,6,0.03394430875778198
train/cracks-and-potholes-in-road__918923_RS_290_290RS294095_28065,train/cracks-and-potholes-in-road__919524_RS_290_290RS294095_31070,6,0.043717894703149796
train/cracks-and-potholes-in-road__918923_RS_290_290RS294095_28065,train/cracks-and-potholes-in-road__919526_RS_290_290RS294095_31080,5,0.04068277031183243
train/cracks-and-potholes-in-road__918923_RS_290_290RS294095_28065,val/cracks-and-potholes-in-road__919770_RS_290_290RS294095_32300,6,0.042692992836236954
train/cracks-and-potholes-in-road__918923_RS_290_290RS294095_28065,val/cracks-and-potholes-in-road__919771_RS_290_290RS294095_32305,5,0.04936155676841736
train/cracks-and-potholes-in-road__918923_RS_290_290RS294095_28065,val/cracks-and-potholes-in-road__919773_RS_290_290RS294095_32315,5,0.04978130757808685
train/cracks-and-potholes-in-road__918939_RS_290_290RS294095_28145,train/cracks-and-potholes-in-road__919106_RS_290_290RS294095_28980,6,0.04776519536972046
train/cracks-and-potholes-in-road__918939_RS_290_290RS294095_28145,train/cracks-and-potholes-in-road__919374_RS_290_290RS294095_30320,2,0.03480866923928261
train/cracks-and-potholes-in-road__918939_RS_290_290RS294095_28145,train/cracks-and-potholes-in-road__919527_RS_290_290RS294095_31085,4,0.04292802885174751
train/cracks-and-potholes-in-road__918958_RS_290_290RS294095_28240,train/cracks-and-potholes-in-road__918959_RS_290_290RS294095_28245,3,0.039208028465509415
train/cracks-and-potholes-in-road__918958_RS_290_290RS294095_28240,train/cracks-and-potholes-in-road__919127_RS_290_290RS294095_29085,5,0.04954967647790909
train/cracks-and-potholes-in-road__918958_RS_290_290RS294095_28240,train/cracks-and-potholes-in-road__919204_RS_290_290RS294095_29470,6,0.0439060814678669
train/cracks-and-potholes-in-road__918958_RS_290_290RS294095_28240,train/cracks-and-potholes-in-road__919215_RS_290_290RS294095_29525,6,0.036320850253105164
train/cracks-and-potholes-in-road__918958_RS_290_290RS294095_28240,val/cracks-and-potholes-in-road__919730_RS_290_290RS294095_32100,6,0.0414540059864521
train/cracks-and-potholes-in-road__918958_RS_290_290RS294095_28240,val/cracks-and-potholes-in-road__919764_RS_290_290RS294095_32270,4,0.04192770645022392
train/cracks-and-potholes-in-road__918958_RS_290_290RS294095_28240,val/cracks-and-potholes-in-road__919768_RS_290_290RS294095_32290,3,0.03135962039232254
train/cracks-and-potholes-in-road__918958_RS_290_290RS294095_28240,val/cracks-and-potholes-in-road__919769_RS_290_290RS294095_32295,3,0.03884630277752876
train/cracks-and-potholes-in-road__918958_RS_290_290RS294095_28240,val/cracks-and-potholes-in-road__919770_RS_290_290RS294095_32300,2,0.041038189083337784
train/cracks-and-potholes-in-road__918958_RS_290_290RS294095_28240,val/cracks-and-potholes-in-road__919771_RS_290_290RS294095_32305,5,0.035767942667007446
train/cracks-and-potholes-in-road__918959_RS_290_290RS294095_28245,val/cracks-and-potholes-in-road__919768_RS_290_290RS294095_32290,2,0.04833591729402542
train/cracks-and-potholes-in-road__918959_RS_290_290RS294095_28245,val/cracks-and-potholes-in-road__919769_RS_290_290RS294095_32295,4,0.02874395065009594
train/cracks-and-potholes-in-road__918959_RS_290_290RS294095_28245,val/cracks-and-potholes-in-road__919770_RS_290_290RS294095_32300,3,0.04567890614271164
train/cracks-and-potholes-in-road__918959_RS_290_290RS294095_28245,val/cracks-and-potholes-in-road__919771_RS_290_290RS294095_32305,4,0.0385688841342926
train/cracks-and-potholes-in-road__918976_RS_290_290RS294095_28330,train/cracks-and-potholes-in-road__918996_RS_290_290RS294095_28430,6,0.04565917328000069
train/cracks-and-potholes-in-road__918976_RS_290_290RS294095_28330,train/cracks-and-potholes-in-road__919356_RS_290_290RS294095_30230,4,0.04651215672492981
train/cracks-and-potholes-in-road__918976_RS_290_290RS294095_28330,train/cracks-and-potholes-in-road__919357_RS_290_290RS294095_30235,6,0.04669567942619324
train/cracks-and-potholes-in-road__918976_RS_290_290RS294095_28330,train/cracks-and-potholes-in-road__919547_RS_290_290RS294095_31185,6,0.04871566593647003
train/cracks-and-potholes-in-road__918976_RS_290_290RS294095_28330,val/cracks-and-potholes-in-road__919788_RS_290_290RS294095_32390,5,0.04351801797747612
train/cracks-and-potholes-in-road__918976_RS_290_290RS294095_28330,val/cracks-and-potholes-in-road__919789_RS_290_290RS294095_32395,3,0.03733081370592117
train/cracks-and-potholes-in-road__918976_RS_290_290RS294095_28330,val/cracks-and-potholes-in-road__919790_RS_290_290RS294095_32400,6,0.045048560947179794
train/cracks-and-potholes-in-road__918993_RS_290_290RS294095_28415,train/cracks-and-potholes-in-road__918994_RS_290_290RS294095_28420,4,0.04636209458112717
train/cracks-and-potholes-in-road__918994_RS_290_290RS294095_28420,train/cracks-and-potholes-in-road__918995_RS_290_290RS294095_28425,4,0.045095209032297134
train/cracks-and-potholes-in-road__918994_RS_290_290RS294095_28420,train/cracks-and-potholes-in-road__919356_RS_290_290RS294095_30230,5,0.04714810103178024
train/cracks-and-potholes-in-road__918994_RS_290_290RS294095_28420,train/cracks-and-potholes-in-road__919357_RS_290_290RS294095_30235,5,0.0490148589015007
train/cracks-and-potholes-in-road__918994_RS_290_290RS294095_28420,train/cracks-and-potholes-in-road__919547_RS_290_290RS294095_31185,3,0.04841260239481926
train/cracks-and-potholes-in-road__918996_RS_290_290RS294095_28430,train/cracks-and-potholes-in-road__919357_RS_290_290RS294095_30235,6,0.04496831074357033
train/cracks-and-potholes-in-road__918996_RS_290_290RS294095_28430,train/cracks-and-potholes-in-road__919547_RS_290_290RS294095_31185,6,0.04336383193731308
train/cracks-and-potholes-in-road__918996_RS_290_290RS294095_28430,train/cracks-and-potholes-in-road__919548_RS_290_290RS294095_31191,5,0.04441603273153305
train/cracks-and-potholes-in-road__919012_RS_290_290RS294095_28510,train/cracks-and-potholes-in-road__919242_RS_290_290RS294095_29660,3,0.04897654801607132
train/cracks-and-potholes-in-road__919012_RS_290_290RS294095_28510,train/cracks-and-potholes-in-road__919249_RS_290_290RS294095_29695,4,0.03496300056576729
train/cracks-and-potholes-in-road__919012_RS_290_290RS294095_28510,train/cracks-and-potholes-in-road__919252_RS_290_290RS294095_29711,5,0.048307012766599655
train/cracks-and-potholes-in-road__919012_RS_290_290RS294095_28510,train/cracks-and-potholes-in-road__919263_RS_290_290RS294095_29766,6,0.044521067291498184
train/cracks-and-potholes-in-road__919073_RS_290_290RS294095_28815,train/cracks-and-potholes-in-road__919090_RS_290_290RS294095_28900,6,0.043809689581394196
train/cracks-and-potholes-in-road__919073_RS_290_290RS294095_28815,train/cracks-and-potholes-in-road__919203_RS_290_290RS294095_29465,5,0.04709742218255997
train/cracks-and-potholes-in-road__919073_RS_290_290RS294095_28815,val/cracks-and-potholes-in-road__919630_RS_290_290RS294095_31600,5,0.049908000975847244
train/cracks-and-potholes-in-road__919101_RS_290_290RS294095_28955,train/cracks-and-potholes-in-road__919137_RS_290_290RS294095_29135,6,0.049398355185985565
train/cracks-and-potholes-in-road__919127_RS_290_290RS294095_29085,train/cracks-and-potholes-in-road__919203_RS_290_290RS294095_29465,4,0.036091674119234085
train/cracks-and-potholes-in-road__919127_RS_290_290RS294095_29085,train/cracks-and-potholes-in-road__919204_RS_290_290RS294095_29470,5,0.03944765403866768
train/cracks-and-potholes-in-road__919127_RS_290_290RS294095_29085,train/cracks-and-potholes-in-road__919218_RS_290_290RS294095_29540,6,0.046014994382858276
train/cracks-and-potholes-in-road__919127_RS_290_290RS294095_29085,val/cracks-and-potholes-in-road__919729_RS_290_290RS294095_32095,6,0.04866121709346771
train/cracks-and-potholes-in-road__919127_RS_290_290RS294095_29085,val/cracks-and-potholes-in-road__919768_RS_290_290RS294095_32290,6,0.04624322056770325
train/cracks-and-potholes-in-road__919127_RS_290_290RS294095_29085,val/cracks-and-potholes-in-road__919776_RS_290_290RS294095_32330,6,0.048030462116003036
train/cracks-and-potholes-in-road__919128_RS_290_290RS294095_29090,train/cracks-and-potholes-in-road__919149_RS_290_290RS294095_29196,6,0.04906768724322319
train/cracks-and-potholes-in-road__919137_RS_290_290RS294095_29135,train/cracks-and-potholes-in-road__919138_RS_290_290RS294095_29140,4,0.029651544988155365
train/cracks-and-potholes-in-road__919137_RS_290_290RS294095_29135,train/cracks-and-potholes-in-road__919140_RS_290_290RS294095_29150,6,0.030834902077913284
train/cracks-and-potholes-in-road__919137_RS_290_290RS294095_29135,train/cracks-and-potholes-in-road__919159_RS_290_290RS294095_29245,5,0.035348325967788696
train/cracks-and-potholes-in-road__919137_RS_290_290RS294095_29135,train/cracks-and-potholes-in-road__919203_RS_290_290RS294095_29465,5,0.0468255952000618
train/cracks-and-potholes-in-road__919138_RS_290_290RS294095_29140,train/cracks-and-potholes-in-road__919139_RS_290_290RS294095_29145,6,0.038721613585948944
train/cracks-and-potholes-in-road__919138_RS_290_290RS294095_29140,train/cracks-and-potholes-in-road__919140_RS_290_290RS294095_29150,4,0.026027750223875046
train/cracks-and-potholes-in-road__919138_RS_290_290RS294095_29140,train/cracks-and-potholes-in-road__919142_RS_290_290RS294095_29160,5,0.028107305988669395
train/cracks-and-potholes-in-road__919138_RS_290_290RS294095_29140,train/cracks-and-potholes-in-road__919143_RS_290_290RS294095_29165,4,0.024346886202692986
train/cracks-and-potholes-in-road__919138_RS_290_290RS294095_29140,train/cracks-and-potholes-in-road__919153_RS_290_290RS294095_29215,6,0.045862652361392975
train/cracks-and-potholes-in-road__919138_RS_290_290RS294095_29140,train/cracks-and-potholes-in-road__919154_RS_290_290RS294095_29220,4,0.03844232112169266
train/cracks-and-potholes-in-road__919138_RS_290_290RS294095_29140,train/cracks-and-potholes-in-road__919159_RS_290_290RS294095_29245,3,0.03784205764532089
train/cracks-and-potholes-in-road__919139_RS_290_290RS294095_29145,train/cracks-and-potholes-in-road__919142_RS_290_290RS294095_29160,5,0.03357887640595436
train/cracks-and-potholes-in-road__919139_RS_290_290RS294095_29145,train/cracks-and-potholes-in-road__919159_RS_290_290RS294095_29245,5,0.044089384377002716
train/cracks-and-potholes-in-road__919140_RS_290_290RS294095_29150,train/cracks-and-potholes-in-road__919142_RS_290_290RS294095_29160,5,0.022105073556303978
train/cracks-and-potholes-in-road__919140_RS_290_290RS294095_29150,train/cracks-and-potholes-in-road__919143_RS_290_290RS294095_29165,6,0.024770064279437065
train/cracks-and-potholes-in-road__919140_RS_290_290RS294095_29150,train/cracks-and-potholes-in-road__919159_RS_290_290RS294095_29245,5,0.04196082800626755
train/cracks-and-potholes-in-road__919142_RS_290_290RS294095_29160,train/cracks-and-potholes-in-road__919143_RS_290_290RS294095_29165,3,0.02995114028453827
train/cracks-and-potholes-in-road__919142_RS_290_290RS294095_29160,train/cracks-and-potholes-in-road__919154_RS_290_290RS294095_29220,5,0.04522224888205528
train/cracks-and-potholes-in-road__919142_RS_290_290RS294095_29160,train/cracks-and-potholes-in-road__919155_RS_290_290RS294095_29225,4,0.04230977222323418
train/cracks-and-potholes-in-road__919142_RS_290_290RS294095_29160,train/cracks-and-potholes-in-road__919159_RS_290_290RS294095_29245,4,0.04457686096429825
train/cracks-and-potholes-in-road__919143_RS_290_290RS294095_29165,train/cracks-and-potholes-in-road__919144_RS_290_290RS294095_29170,6,0.0249648317694664
train/cracks-and-potholes-in-road__919143_RS_290_290RS294095_29165,train/cracks-and-potholes-in-road__919153_RS_290_290RS294095_29215,6,0.04757917672395706
train/cracks-and-potholes-in-road__919143_RS_290_290RS294095_29165,train/cracks-and-potholes-in-road__919154_RS_290_290RS294095_29220,4,0.0411062017083168
train/cracks-and-potholes-in-road__919143_RS_290_290RS294095_29165,train/cracks-and-potholes-in-road__919155_RS_290_290RS294095_29225,3,0.046719957143068314
train/cracks-and-potholes-in-road__919143_RS_290_290RS294095_29165,train/cracks-and-potholes-in-road__919159_RS_290_290RS294095_29245,5,0.03858562558889389
train/cracks-and-potholes-in-road__919149_RS_290_290RS294095_29196,train/cracks-and-potholes-in-road__919151_RS_290_290RS294095_29205,6,0.037926893681287766
train/cracks-and-potholes-in-road__919149_RS_290_290RS294095_29196,train/cracks-and-potholes-in-road__919210_RS_290_290RS294095_29500,4,0.039753321558237076
train/cracks-and-potholes-in-road__919150_RS_290_290RS294095_29201,train/cracks-and-potholes-in-road__919153_RS_290_290RS294095_29215,5,0.03941318020224571
train/cracks-and-potholes-in-road__919150_RS_290_290RS294095_29201,train/cracks-and-potholes-in-road__919210_RS_290_290RS294095_29500,6,0.03631071746349335
train/cracks-and-potholes-in-road__919151_RS_290_290RS294095_29205,train/cracks-and-potholes-in-road__919159_RS_290_290RS294095_29245,6,0.04724912345409393
train/cracks-and-potholes-in-road__919153_RS_290_290RS294095_29215,train/cracks-and-potholes-in-road__919154_RS_290_290RS294095_29220,6,0.03865484520792961
train/cracks-and-potholes-in-road__919153_RS_290_290RS294095_29215,train/cracks-and-potholes-in-road__919159_RS_290_290RS294095_29245,5,0.03830534219741821
train/cracks-and-potholes-in-road__919153_RS_290_290RS294095_29215,val/cracks-and-potholes-in-road__919779_RS_290_290RS294095_32345,5,0.04750794172286987
train/cracks-and-potholes-in-road__919154_RS_290_290RS294095_29220,train/cracks-and-potholes-in-road__919159_RS_290_290RS294095_29245,3,0.03585077077150345
train/cracks-and-potholes-in-road__919155_RS_290_290RS294095_29225,train/cracks-and-potholes-in-road__919159_RS_290_290RS294095_29245,6,0.046464670449495316
train/cracks-and-potholes-in-road__919159_RS_290_290RS294095_29245,val/cracks-and-potholes-in-road__919630_RS_290_290RS294095_31600,6,0.04738655686378479
train/cracks-and-potholes-in-road__919164_RS_290_290RS294095_29271,train/cracks-and-potholes-in-road__919165_RS_290_290RS294095_29275,6,0.03622624650597572
train/cracks-and-potholes-in-road__919164_RS_290_290RS294095_29271,val/cracks-and-potholes-in-road__919730_RS_290_290RS294095_32100,5,0.0493931844830513
train/cracks-and-potholes-in-road__919164_RS_290_290RS294095_29271,val/cracks-and-potholes-in-road__919755_RS_290_290RS294095_32225,6,0.04596094787120819
train/cracks-and-potholes-in-road__919164_RS_290_290RS294095_29271,val/cracks-and-potholes-in-road__919764_RS_290_290RS294095_32270,5,0.04967424273490906
train/cracks-and-potholes-in-road__919164_RS_290_290RS294095_29271,val/cracks-and-potholes-in-road__919773_RS_290_290RS294095_32315,6,0.038225866854190826
train/cracks-and-potholes-in-road__919165_RS_290_290RS294095_29275,train/cracks-and-potholes-in-road__919218_RS_290_290RS294095_29540,4,0.049380719661712646
train/cracks-and-potholes-in-road__919165_RS_290_290RS294095_29275,val/cracks-and-potholes-in-road__919755_RS_290_290RS294095_32225,2,0.04099608212709427
train/cracks-and-potholes-in-road__919166_RS_290_290RS294095_29280,val/cracks-and-potholes-in-road__919737_RS_290_290RS294095_32135,5,0.04170359671115875
train/cracks-and-potholes-in-road__919166_RS_290_290RS294095_29280,val/cracks-and-potholes-in-road__919771_RS_290_290RS294095_32305,6,0.04017047584056854
train/cracks-and-potholes-in-road__919167_RS_290_290RS294095_29285,train/cracks-and-potholes-in-road__919215_RS_290_290RS294095_29525,6,0.04809561371803284
train/cracks-and-potholes-in-road__919167_RS_290_290RS294095_29285,val/cracks-and-potholes-in-road__919764_RS_290_290RS294095_32270,6,0.04735373705625534
train/cracks-and-potholes-in-road__919183_RS_290_290RS294095_29365,train/cracks-and-potholes-in-road__919195_RS_290_290RS294095_29425,6,0.04310556501150131
train/cracks-and-potholes-in-road__919184_RS_290_290RS294095_29370,train/cracks-and-potholes-in-road__919185_RS_290_290RS294095_29375,4,0.04707445949316025
train/cracks-and-potholes-in-road__919195_RS_290_290RS294095_29425,train/cracks-and-potholes-in-road__919196_RS_290_290RS294095_29430,4,0.02590368501842022
train/cracks-and-potholes-in-road__919203_RS_290_290RS294095_29465,train/cracks-and-potholes-in-road__919204_RS_290_290RS294095_29470,5,0.0340103879570961
train/cracks-and-potholes-in-road__919203_RS_290_290RS294095_29465,train/cracks-and-potholes-in-road__919207_RS_290_290RS294095_29485,4,0.0336177684366703
train/cracks-and-potholes-in-road__919203_RS_290_290RS294095_29465,train/cracks-and-potholes-in-road__919208_RS_290_290RS294095_29490,5,0.040149349719285965
train/cracks-and-potholes-in-road__919203_RS_290_290RS294095_29465,train/cracks-and-potholes-in-road__919210_RS_290_290RS294095_29500,6,0.03535342589020729
train/cracks-and-potholes-in-road__919203_RS_290_290RS294095_29465,train/cracks-and-potholes-in-road__919218_RS_290_290RS294095_29540,2,0.048766810446977615
train/cracks-and-potholes-in-road__919203_RS_290_290RS294095_29465,val/cracks-and-potholes-in-road__919729_RS_290_290RS294095_32095,4,0.03529326617717743
train/cracks-and-potholes-in-road__919203_RS_290_290RS294095_29465,val/cracks-and-potholes-in-road__919730_RS_290_290RS294095_32100,3,0.03956473618745804
train/cracks-and-potholes-in-road__919203_RS_290_290RS294095_29465,val/cracks-and-potholes-in-road__919756_RS_290_290RS294095_32230,5,0.044691093266010284
train/cracks-and-potholes-in-road__919203_RS_290_290RS294095_29465,val/cracks-and-potholes-in-road__919757_RS_290_290RS294095_32235,6,0.04012671113014221
train/cracks-and-potholes-in-road__919204_RS_290_290RS294095_29470,train/cracks-and-potholes-in-road__919208_RS_290_290RS294095_29490,4,0.030012251809239388
train/cracks-and-potholes-in-road__919204_RS_290_290RS294095_29470,train/cracks-and-potholes-in-road__919215_RS_290_290RS294095_29525,4,0.03390778973698616
train/cracks-and-potholes-in-road__919204_RS_290_290RS294095_29470,train/cracks-and-potholes-in-road__919218_RS_290_290RS294095_29540,5,0.0375836081802845
train/cracks-and-potholes-in-road__919204_RS_290_290RS294095_29470,val/cracks-and-potholes-in-road__919729_RS_290_290RS294095_32095,3,0.04813447222113609
train/cracks-and-potholes-in-road__919204_RS_290_290RS294095_29470,val/cracks-and-potholes-in-road__919730_RS_290_290RS294095_32100,4,0.04149347543716431
train/cracks-and-potholes-in-road__919204_RS_290_290RS294095_29470,val/cracks-and-potholes-in-road__919764_RS_290_290RS294095_32270,2,0.04716258868575096
train/cracks-and-potholes-in-road__919204_RS_290_290RS294095_29470,val/cracks-and-potholes-in-road__919768_RS_290_290RS294095_32290,5,0.03803010284900665
train/cracks-and-potholes-in-road__919207_RS_290_290RS294095_29485,train/cracks-and-potholes-in-road__919208_RS_290_290RS294095_29490,3,0.02764831855893135
train/cracks-and-potholes-in-road__919207_RS_290_290RS294095_29485,train/cracks-and-potholes-in-road__919210_RS_290_290RS294095_29500,4,0.028537612408399582
train/cracks-and-potholes-in-road__919207_RS_290_290RS294095_29485,train/cracks-and-potholes-in-road__919218_RS_290_290RS294095_29540,4,0.03315262496471405
train/cracks-and-potholes-in-road__919208_RS_290_290RS294095_29490,train/cracks-and-potholes-in-road__919210_RS_290_290RS294095_29500,3,0.034498147666454315
train/cracks-and-potholes-in-road__919208_RS_290_290RS294095_29490,train/cracks-and-potholes-in-road__919218_RS_290_290RS294095_29540,5,0.039008721709251404
train/cracks-and-potholes-in-road__919208_RS_290_290RS294095_29490,val/cracks-and-potholes-in-road__919730_RS_290_290RS294095_32100,6,0.04290703684091568
train/cracks-and-potholes-in-road__919208_RS_290_290RS294095_29490,val/cracks-and-potholes-in-road__919764_RS_290_290RS294095_32270,6,0.0474255234003067
train/cracks-and-potholes-in-road__919209_RS_290_290RS294095_29495,train/cracks-and-potholes-in-road__919210_RS_290_290RS294095_29500,4,0.04168126359581947
train/cracks-and-potholes-in-road__919209_RS_290_290RS294095_29495,val/cracks-and-potholes-in-road__919776_RS_290_290RS294095_32330,6,0.04954937472939491
train/cracks-and-potholes-in-road__919210_RS_290_290RS294095_29500,train/cracks-and-potholes-in-road__919218_RS_290_290RS294095_29540,4,0.04044581949710846
train/cracks-and-potholes-in-road__919215_RS_290_290RS294095_29525,val/cracks-and-potholes-in-road__919730_RS_290_290RS294095_32100,6,0.042360320687294006
train/cracks-and-potholes-in-road__919215_RS_290_290RS294095_29525,val/cracks-and-potholes-in-road__919738_RS_290_290RS294095_32140,6,0.03644056245684624
train/cracks-and-potholes-in-road__919215_RS_290_290RS294095_29525,val/cracks-and-potholes-in-road__919764_RS_290_290RS294095_32270,2,0.03652556985616684
train/cracks-and-potholes-in-road__919215_RS_290_290RS294095_29525,val/cracks-and-potholes-in-road__919768_RS_290_290RS294095_32290,5,0.034883227199316025
train/cracks-and-potholes-in-road__919215_RS_290_290RS294095_29525,val/cracks-and-potholes-in-road__919769_RS_290_290RS294095_32295,5,0.03982975333929062
train/cracks-and-potholes-in-road__919215_RS_290_290RS294095_29525,val/cracks-and-potholes-in-road__919770_RS_290_290RS294095_32300,6,0.04417259246110916
train/cracks-and-potholes-in-road__919215_RS_290_290RS294095_29525,val/cracks-and-potholes-in-road__919771_RS_290_290RS294095_32305,3,0.034687649458646774
train/cracks-and-potholes-in-road__919215_RS_290_290RS294095_29525,val/cracks-and-potholes-in-road__919773_RS_290_290RS294095_32315,3,0.041336823254823685
train/cracks-and-potholes-in-road__919215_RS_290_290RS294095_29525,val/cracks-and-potholes-in-road__919774_RS_290_290RS294095_32320,6,0.04445338249206543
train/cracks-and-potholes-in-road__919215_RS_290_290RS294095_29525,val/cracks-and-potholes-in-road__919775_RS_290_290RS294095_32325,6,0.04232503101229668
train/cracks-and-potholes-in-road__919218_RS_290_290RS294095_29540,val/cracks-and-potholes-in-road__919730_RS_290_290RS294095_32100,5,0.04682061821222305
train/cracks-and-potholes-in-road__919218_RS_290_290RS294095_29540,val/cracks-and-potholes-in-road__919764_RS_290_290RS294095_32270,5,0.04066208750009537
train/cracks-and-potholes-in-road__919242_RS_290_290RS294095_29660,train/cracks-and-potholes-in-road__919243_RS_290_290RS294095_29665,4,0.048585858196020126
train/cracks-and-potholes-in-road__919242_RS_290_290RS294095_29660,train/cracks-and-potholes-in-road__919249_RS_290_290RS294095_29695,5,0.0384417362511158
train/cracks-and-potholes-in-road__919249_RS_290_290RS294095_29695,train/cracks-and-potholes-in-road__919263_RS_290_290RS294095_29766,6,0.04169008880853653
train/cracks-and-potholes-in-road__919249_RS_290_290RS294095_29695,train/cracks-and-potholes-in-road__919267_RS_290_290RS294095_29785,5,0.03464085981249809
train/cracks-and-potholes-in-road__919249_RS_290_290RS294095_29695,train/cracks-and-potholes-in-road__919268_RS_290_290RS294095_29790,5,0.03740356117486954
train/cracks-and-potholes-in-road__919249_RS_290_290RS294095_29695,train/cracks-and-potholes-in-road__919356_RS_290_290RS294095_30230,5,0.049675457179546356
train/cracks-and-potholes-in-road__919249_RS_290_290RS294095_29695,train/cracks-and-potholes-in-road__919561_RS_290_290RS294095_31255,5,0.045351751148700714
train/cracks-and-potholes-in-road__919252_RS_290_290RS294095_29711,train/cracks-and-potholes-in-road__919262_RS_290_290RS294095_29760,4,0.03286096826195717
train/cracks-and-potholes-in-road__919252_RS_290_290RS294095_29711,train/cracks-and-potholes-in-road__919267_RS_290_290RS294095_29785,6,0.04460228979587555
train/cracks-and-potholes-in-road__919252_RS_290_290RS294095_29711,train/cracks-and-potholes-in-road__919268_RS_290_290RS294095_29790,6,0.04003772512078285
train/cracks-and-potholes-in-road__919252_RS_290_290RS294095_29711,train/cracks-and-potholes-in-road__919274_RS_290_290RS294095_29820,3,0.03260241448879242
train/cracks-and-potholes-in-road__919262_RS_290_290RS294095_29760,train/cracks-and-potholes-in-road__919265_RS_290_290RS294095_29776,5,0.04074474051594734
train/cracks-and-potholes-in-road__919262_RS_290_290RS294095_29760,train/cracks-and-potholes-in-road__919267_RS_290_290RS294095_29785,6,0.03988533094525337
train/cracks-and-potholes-in-road__919262_RS_290_290RS294095_29760,train/cracks-and-potholes-in-road__919268_RS_290_290RS294095_29790,6,0.028060248121619225
train/cracks-and-potholes-in-road__919262_RS_290_290RS294095_29760,train/cracks-and-potholes-in-road__919274_RS_290_290RS294095_29820,5,0.027705566957592964
train/cracks-and-potholes-in-road__919263_RS_290_290RS294095_29766,train/cracks-and-potholes-in-road__919267_RS_290_290RS294095_29785,5,0.029758978635072708
train/cracks-and-potholes-in-road__919263_RS_290_290RS294095_29766,train/cracks-and-potholes-in-road__919398_RS_290_290RS294095_30440,6,0.04958179220557213
train/cracks-and-potholes-in-road__919263_RS_290_290RS294095_29766,train/cracks-and-potholes-in-road__919399_RS_290_290RS294095_30445,6,0.0455775260925293
train/cracks-and-potholes-in-road__919263_RS_290_290RS294095_29766,train/cracks-and-potholes-in-road__919534_RS_290_290RS294095_31120,5,0.04932700842618942
train/cracks-and-potholes-in-road__919265_RS_290_290RS294095_29776,train/cracks-and-potholes-in-road__919274_RS_290_290RS294095_29820,4,0.03916395455598831
train/cracks-and-potholes-in-road__919267_RS_290_290RS294095_29785,train/cracks-and-potholes-in-road__919268_RS_290_290RS294095_29790,6,0.039146117866039276
train/cracks-and-potholes-in-road__919267_RS_290_290RS294095_29785,train/cracks-and-potholes-in-road__919534_RS_290_290RS294095_31120,6,0.04432294890284538
train/cracks-and-potholes-in-road__919267_RS_290_290RS294095_29785,train/cracks-and-potholes-in-road__919561_RS_290_290RS294095_31255,6,0.04883820563554764
train/cracks-and-potholes-in-road__919268_RS_290_290RS294095_29790,train/cracks-and-potholes-in-road__919274_RS_290_290RS294095_29820,5,0.03416261449456215
train/cracks-and-potholes-in-road__919268_RS_290_290RS294095_29790,train/cracks-and-potholes-in-road__919561_RS_290_290RS294095_31255,4,0.04877620190382004
train/cracks-and-potholes-in-road__919274_RS_290_290RS294095_29820,train/cracks-and-potholes-in-road__919277_RS_290_290RS294095_29836,4,0.029007121920585632
train/cracks-and-potholes-in-road__919289_RS_290_290RS294095_29895,train/cracks-and-potholes-in-road__919290_RS_290_290RS294095_29900,2,0.040366463363170624
train/cracks-and-potholes-in-road__919293_RS_290_290RS294095_29915,train/cracks-and-potholes-in-road__919294_RS_290_290RS294095_29920,5,0.03592965006828308
train/cracks-and-potholes-in-road__919294_RS_290_290RS294095_29920,train/cracks-and-potholes-in-road__919412_RS_290_290RS294095_30511,4,0.048511769622564316
train/cracks-and-potholes-in-road__919294_RS_290_290RS294095_29920,train/cracks-and-potholes-in-road__919547_RS_290_290RS294095_31185,5,0.048577822744846344
train/cracks-and-potholes-in-road__919294_RS_290_290RS294095_29920,val/cracks-and-potholes-in-road__919788_RS_290_290RS294095_32390,4,0.04334425553679466
train/cracks-and-potholes-in-road__919294_RS_290_290RS294095_29920,val/cracks-and-potholes-in-road__919789_RS_290_290RS294095_32395,6,0.03952315077185631
train/cracks-and-potholes-in-road__919294_RS_290_290RS294095_29920,val/cracks-and-potholes-in-road__919790_RS_290_290RS294095_32400,5,0.04609961435198784
train/cracks-and-potholes-in-road__919349_RS_290_290RS294095_30195,train/cracks-and-potholes-in-road__919350_RS_290_290RS294095_30200,3,0.02242848090827465
train/cracks-and-potholes-in-road__919356_RS_290_290RS294095_30230,train/cracks-and-potholes-in-road__919357_RS_290_290RS294095_30235,2,0.022877968847751617
train/cracks-and-potholes-in-road__919356_RS_290_290RS294095_30230,train/cracks-and-potholes-in-road__919545_RS_290_290RS294095_31175,4,0.046209268271923065
train/cracks-and-potholes-in-road__919356_RS_290_290RS294095_30230,train/cracks-and-potholes-in-road__919547_RS_290_290RS294095_31185,4,0.04268859326839447
train/cracks-and-potholes-in-road__919356_RS_290_290RS294095_30230,train/cracks-and-potholes-in-road__919548_RS_290_290RS294095_31191,3,0.045759547501802444
train/cracks-and-potholes-in-road__919356_RS_290_290RS294095_30230,train/cracks-and-potholes-in-road__919561_RS_290_290RS294095_31255,6,0.04996063560247421
train/cracks-and-potholes-in-road__919357_RS_290_290RS294095_30235,train/cracks-and-potholes-in-road__919374_RS_290_290RS294095_30320,6,0.045509763062000275
train/cracks-and-potholes-in-road__919357_RS_290_290RS294095_30235,train/cracks-and-potholes-in-road__919547_RS_290_290RS294095_31185,2,0.0402824804186821
train/cracks-and-potholes-in-road__919357_RS_290_290RS294095_30235,train/cracks-and-potholes-in-road__919548_RS_290_290RS294095_31191,5,0.041505780071020126
train/cracks-and-potholes-in-road__919374_RS_290_290RS294095_30320,train/cracks-and-potholes-in-road__919527_RS_290_290RS294095_31085,4,0.04599018394947052
train/cracks-and-potholes-in-road__919374_RS_290_290RS294095_30320,train/cracks-and-potholes-in-road__919528_RS_290_290RS294095_31091,6,0.04401148110628128
train/cracks-and-potholes-in-road__919398_RS_290_290RS294095_30440,train/cracks-and-potholes-in-road__919399_RS_290_290RS294095_30445,2,0.027349581941962242
train/cracks-and-potholes-in-road__919399_RS_290_290RS294095_30445,train/cracks-and-potholes-in-road__919541_RS_290_290RS294095_31155,6,0.04895937070250511
train/cracks-and-potholes-in-road__919399_RS_290_290RS294095_30445,train/cracks-and-potholes-in-road__919545_RS_290_290RS294095_31175,5,0.04870317503809929
train/cracks-and-potholes-in-road__919399_RS_290_290RS294095_30445,train/cracks-and-potholes-in-road__919560_RS_290_290RS294095_31250,6,0.048792365938425064
train/cracks-and-potholes-in-road__919412_RS_290_290RS294095_30511,train/cracks-and-potholes-in-road__919413_RS_290_290RS294095_30515,6,0.023322338238358498
train/cracks-and-potholes-in-road__919412_RS_290_290RS294095_30511,train/cracks-and-potholes-in-road__919547_RS_290_290RS294095_31185,5,0.04202323779463768
train/cracks-and-potholes-in-road__919412_RS_290_290RS294095_30511,train/cracks-and-potholes-in-road__919548_RS_290_290RS294095_31191,4,0.04238973930478096
train/cracks-and-potholes-in-road__919412_RS_290_290RS294095_30511,val/cracks-and-potholes-in-road__919788_RS_290_290RS294095_32390,4,0.04774821922183037
train/cracks-and-potholes-in-road__919412_RS_290_290RS294095_30511,val/cracks-and-potholes-in-road__919789_RS_290_290RS294095_32395,4,0.04641227796673775
train/cracks-and-potholes-in-road__919412_RS_290_290RS294095_30511,val/cracks-and-potholes-in-road__919790_RS_290_290RS294095_32400,5,0.044520895928144455
train/cracks-and-potholes-in-road__919412_RS_290_290RS294095_30511,val/cracks-and-potholes-in-road__919791_RS_290_290RS294095_32405,4,0.04565950110554695
train/cracks-and-potholes-in-road__919454_RS_290_290RS294095_30720,train/cracks-and-potholes-in-road__919474_RS_290_290RS294095_30820,6,0.02420707605779171
train/cracks-and-potholes-in-road__919454_RS_290_290RS294095_30720,train/cracks-and-potholes-in-road__919525_RS_290_290RS294095_31075,5,0.04621349647641182
train/cracks-and-potholes-in-road__919454_RS_290_290RS294095_30720,train/cracks-and-potholes-in-road__919526_RS_290_290RS294095_31080,6,0.04830639436841011
train/cracks-and-potholes-in-road__919470_RS_290_290RS294095_30800,train/cracks-and-potholes-in-road__919528_RS_290_290RS294095_31091,5,0.04435868188738823
train/cracks-and-potholes-in-road__919481_RS_290_290RS294095_30855,train/cracks-and-potholes-in-road__919527_RS_290_290RS294095_31085,5,0.04136950895190239
train/cracks-and-potholes-in-road__919488_RS_290_290RS294095_30891,train/cracks-and-potholes-in-road__919493_RS_290_290RS294095_30915,1,0.03330133110284805
train/cracks-and-potholes-in-road__919488_RS_290_290RS294095_30891,train/cracks-and-potholes-in-road__919529_RS_290_290RS294095_31095,6,0.04835735261440277
train/cracks-and-potholes-in-road__919488_RS_290_290RS294095_30891,train/cracks-and-potholes-in-road__919534_RS_290_290RS294095_31120,6,0.041612204164266586
train/cracks-and-potholes-in-road__919488_RS_290_290RS294095_30891,train/cracks-and-potholes-in-road__919545_RS_290_290RS294095_31175,4,0.039815984666347504
train/cracks-and-potholes-in-road__919488_RS_290_290RS294095_30891,train/cracks-and-potholes-in-road__919559_RS_290_290RS294095_31245,6,0.03507557511329651
train/cracks-and-potholes-in-road__919488_RS_290_290RS294095_30891,train/cracks-and-potholes-in-road__919560_RS_290_290RS294095_31250,5,0.04127919673919678
train/cracks-and-potholes-in-road__919488_RS_290_290RS294095_30891,train/cracks-and-potholes-in-road__919561_RS_290_290RS294095_31255,6,0.03920898213982582
train/cracks-and-potholes-in-road__919492_RS_290_290RS294095_30910,train/cracks-and-potholes-in-road__919533_RS_290_290RS294095_31115,6,0.0425686314702034
train/cracks-and-potholes-in-road__919492_RS_290_290RS294095_30910,train/cracks-and-potholes-in-road__919534_RS_290_290RS294095_31120,6,0.039716850966215134
train/cracks-and-potholes-in-road__919492_RS_290_290RS294095_30910,train/cracks-and-potholes-in-road__919535_RS_290_290RS294095_31125,6,0.041489675641059875
train/cracks-and-potholes-in-road__919493_RS_290_290RS294095_30915,train/cracks-and-potholes-in-road__919530_RS_290_290RS294095_31101,6,0.042142074555158615
train/cracks-and-potholes-in-road__919493_RS_290_290RS294095_30915,train/cracks-and-potholes-in-road__919531_RS_290_290RS294095_31105,6,0.045416444540023804
train/cracks-and-potholes-in-road__919493_RS_290_290RS294095_30915,train/cracks-and-potholes-in-road__919545_RS_290_290RS294095_31175,3,0.04908742383122444
train/cracks-and-potholes-in-road__919493_RS_290_290RS294095_30915,train/cracks-and-potholes-in-road__919546_RS_290_290RS294095_31180,6,0.047934215515851974
train/cracks-and-potholes-in-road__919493_RS_290_290RS294095_30915,train/cracks-and-potholes-in-road__919558_RS_290_290RS294095_31240,6,0.049919284880161285
train/cracks-and-potholes-in-road__919493_RS_290_290RS294095_30915,train/cracks-and-potholes-in-road__919559_RS_290_290RS294095_31245,5,0.04736705869436264
train/cracks-and-potholes-in-road__919493_RS_290_290RS294095_30915,train/cracks-and-potholes-in-road__919560_RS_290_290RS294095_31250,4,0.04917377606034279
train/cracks-and-potholes-in-road__919493_RS_290_290RS294095_30915,train/cracks-and-potholes-in-road__919561_RS_290_290RS294095_31255,5,0.045529063791036606
train/cracks-and-potholes-in-road__919493_RS_290_290RS294095_30915,train/cracks-and-potholes-in-road__919562_RS_290_290RS294095_31260,6,0.04682142287492752
train/cracks-and-potholes-in-road__919493_RS_290_290RS294095_30915,val/cracks-and-potholes-in-road__919794_RS_290_290RS294095_32420,6,0.04836868867278099
train/cracks-and-potholes-in-road__919523_RS_290_290RS294095_31066,train/cracks-and-potholes-in-road__919524_RS_290_290RS294095_31070,6,0.024934135377407074
train/cracks-and-potholes-in-road__919524_RS_290_290RS294095_31070,train/cracks-and-potholes-in-road__919525_RS_290_290RS294095_31075,4,0.023200636729598045
train/cracks-and-potholes-in-road__919524_RS_290_290RS294095_31070,train/cracks-and-potholes-in-road__919526_RS_290_290RS294095_31080,5,0.02635715715587139
train/cracks-and-potholes-in-road__919525_RS_290_290RS294095_31075,train/cracks-and-potholes-in-road__919526_RS_290_290RS294095_31080,3,0.024342568591237068
train/cracks-and-potholes-in-road__919526_RS_290_290RS294095_31080,train/cracks-and-potholes-in-road__919527_RS_290_290RS294095_31085,6,0.0384468138217926
train/cracks-and-potholes-in-road__919527_RS_290_290RS294095_31085,train/cracks-and-potholes-in-road__919528_RS_290_290RS294095_31091,6,0.04059315100312233
train/cracks-and-potholes-in-road__919529_RS_290_290RS294095_31095,train/cracks-and-potholes-in-road__919530_RS_290_290RS294095_31101,5,0.03764529526233673
train/cracks-and-potholes-in-road__919529_RS_290_290RS294095_31095,train/cracks-and-potholes-in-road__919531_RS_290_290RS294095_31105,5,0.0478212907910347
train/cracks-and-potholes-in-road__919530_RS_290_290RS294095_31101,train/cracks-and-potholes-in-road__919531_RS_290_290RS294095_31105,0,0.02339755743741989
train/cracks-and-potholes-in-road__919530_RS_290_290RS294095_31101,train/cracks-and-potholes-in-road__919532_RS_290_290RS294095_31110,5,0.04055817425251007
train/cracks-and-potholes-in-road__919530_RS_290_290RS294095_31101,train/cracks-and-potholes-in-road__919545_RS_290_290RS294095_31175,5,0.03863385692238808
train/cracks-and-potholes-in-road__919530_RS_290_290RS294095_31101,train/cracks-and-potholes-in-road__919546_RS_290_290RS294095_31180,4,0.03552738204598427
train/cracks-and-potholes-in-road__919530_RS_290_290RS294095_31101,train/cracks-and-potholes-in-road__919560_RS_290_290RS294095_31250,6,0.04125535860657692
train/cracks-and-potholes-in-road__919530_RS_290_290RS294095_31101,val/cracks-and-potholes-in-road__919794_RS_290_290RS294095_32420,4,0.041804127395153046
train/cracks-and-potholes-in-road__919531_RS_290_290RS294095_31105,train/cracks-and-potholes-in-road__919532_RS_290_290RS294095_31110,5,0.0356263741850853
train/cracks-and-potholes-in-road__919531_RS_290_290RS294095_31105,train/cracks-and-potholes-in-road__919541_RS_290_290RS294095_31155,4,0.04408835992217064
train/cracks-and-potholes-in-road__919531_RS_290_290RS294095_31105,train/cracks-and-potholes-in-road__919545_RS_290_290RS294095_31175,5,0.042582567781209946
train/cracks-and-potholes-in-road__919531_RS_290_290RS294095_31105,train/cracks-and-potholes-in-road__919546_RS_290_290RS294095_31180,4,0.043124374002218246
train/cracks-and-potholes-in-road__919531_RS_290_290RS294095_31105,train/cracks-and-potholes-in-road__919560_RS_290_290RS294095_31250,6,0.03791045770049095
train/cracks-and-potholes-in-road__919531_RS_290_290RS294095_31105,val/cracks-and-potholes-in-road__919794_RS_290_290RS294095_32420,4,0.040057223290205
train/cracks-and-potholes-in-road__919532_RS_290_290RS294095_31110,train/cracks-and-potholes-in-road__919533_RS_290_290RS294095_31115,6,0.022573981434106827
train/cracks-and-potholes-in-road__919533_RS_290_290RS294095_31115,train/cracks-and-potholes-in-road__919534_RS_290_290RS294095_31120,2,0.0216218288987875
train/cracks-and-potholes-in-road__919533_RS_290_290RS294095_31115,train/cracks-and-potholes-in-road__919535_RS_290_290RS294095_31125,2,0.024477001279592514
train/cracks-and-potholes-in-road__919533_RS_290_290RS294095_31115,train/cracks-and-potholes-in-road__919541_RS_290_290RS294095_31155,5,0.04175739735364914
train/cracks-and-potholes-in-road__919533_RS_290_290RS294095_31115,train/cracks-and-potholes-in-road__919545_RS_290_290RS294095_31175,6,0.04532657563686371
train/cracks-and-potholes-in-road__919533_RS_290_290RS294095_31115,train/cracks-and-potholes-in-road__919561_RS_290_290RS294095_31255,6,0.04775482416152954
train/cracks-and-potholes-in-road__919534_RS_290_290RS294095_31120,train/cracks-and-potholes-in-road__919535_RS_290_290RS294095_31125,2,0.017532650381326675
train/cracks-and-potholes-in-road__919534_RS_290_290RS294095_31120,train/cracks-and-potholes-in-road__919541_RS_290_290RS294095_31155,5,0.03563058748841286
train/cracks-and-potholes-in-road__919534_RS_290_290RS294095_31120,train/cracks-and-potholes-in-road__919545_RS_290_290RS294095_31175,6,0.0422939732670784
train/cracks-and-potholes-in-road__919534_RS_290_290RS294095_31120,train/cracks-and-potholes-in-road__919561_RS_290_290RS294095_31255,6,0.04321395605802536
train/cracks-and-potholes-in-road__919535_RS_290_290RS294095_31125,train/cracks-and-potholes-in-road__919541_RS_290_290RS294095_31155,3,0.03760777786374092
train/cracks-and-potholes-in-road__919535_RS_290_290RS294095_31125,train/cracks-and-potholes-in-road__919545_RS_290_290RS294095_31175,6,0.04283697530627251
train/cracks-and-potholes-in-road__919535_RS_290_290RS294095_31125,train/cracks-and-potholes-in-road__919546_RS_290_290RS294095_31180,5,0.04922734946012497
train/cracks-and-potholes-in-road__919535_RS_290_290RS294095_31125,train/cracks-and-potholes-in-road__919561_RS_290_290RS294095_31255,6,0.04403877258300781
train/cracks-and-potholes-in-road__919541_RS_290_290RS294095_31155,train/cracks-and-potholes-in-road__919545_RS_290_290RS294095_31175,5,0.04212799668312073
train/cracks-and-potholes-in-road__919541_RS_290_290RS294095_31155,train/cracks-and-potholes-in-road__919560_RS_290_290RS294095_31250,4,0.03830651938915253
train/cracks-and-potholes-in-road__919541_RS_290_290RS294095_31155,train/cracks-and-potholes-in-road__919561_RS_290_290RS294095_31255,5,0.04132101312279701
train/cracks-and-potholes-in-road__919541_RS_290_290RS294095_31155,val/cracks-and-potholes-in-road__919794_RS_290_290RS294095_32420,6,0.040584269911050797
train/cracks-and-potholes-in-road__919545_RS_290_290RS294095_31175,train/cracks-and-potholes-in-road__919546_RS_290_290RS294095_31180,5,0.035471539944410324
train/cracks-and-potholes-in-road__919545_RS_290_290RS294095_31175,train/cracks-and-potholes-in-road__919558_RS_290_290RS294095_31240,5,0.03431153669953346
train/cracks-and-potholes-in-road__919545_RS_290_290RS294095_31175,train/cracks-and-potholes-in-road__919559_RS_290_290RS294095_31245,4,0.03366665169596672
train/cracks-and-potholes-in-road__919545_RS_290_290RS294095_31175,train/cracks-and-potholes-in-road__919560_RS_290_290RS294095_31250,5,0.04187968000769615
train/cracks-and-potholes-in-road__919545_RS_290_290RS294095_31175,train/cracks-and-potholes-in-road__919561_RS_290_290RS294095_31255,6,0.03600981831550598
train/cracks-and-potholes-in-road__919545_RS_290_290RS294095_31175,val/cracks-and-potholes-in-road__919794_RS_290_290RS294095_32420,5,0.036687009036540985
train/cracks-and-potholes-in-road__919546_RS_290_290RS294095_31180,train/cracks-and-potholes-in-road__919560_RS_290_290RS294095_31250,4,0.042853448539972305
train/cracks-and-potholes-in-road__919546_RS_290_290RS294095_31180,val/cracks-and-potholes-in-road__919794_RS_290_290RS294095_32420,6,0.04445304349064827
train/cracks-and-potholes-in-road__919547_RS_290_290RS294095_31185,train/cracks-and-potholes-in-road__919548_RS_290_290RS294095_31191,3,0.03430672362446785
train/cracks-and-potholes-in-road__919547_RS_290_290RS294095_31185,val/cracks-and-potholes-in-road__919788_RS_290_290RS294095_32390,5,0.03960760682821274
train/cracks-and-potholes-in-road__919547_RS_290_290RS294095_31185,val/cracks-and-potholes-in-road__919790_RS_290_290RS294095_32400,6,0.04100377485156059
train/cracks-and-potholes-in-road__919548_RS_290_290RS294095_31191,val/cracks-and-potholes-in-road__919788_RS_290_290RS294095_32390,4,0.04343995451927185
train/cracks-and-potholes-in-road__919548_RS_290_290RS294095_31191,val/cracks-and-potholes-in-road__919789_RS_290_290RS294095_32395,4,0.043141260743141174
train/cracks-and-potholes-in-road__919548_RS_290_290RS294095_31191,val/cracks-and-potholes-in-road__919790_RS_290_290RS294095_32400,5,0.04070564731955528
train/cracks-and-potholes-in-road__919554_RS_290_290RS294095_31220,val/cracks-and-potholes-in-road__919791_RS_290_290RS294095_32405,6,0.04822097718715668
train/cracks-and-potholes-in-road__919558_RS_290_290RS294095_31240,train/cracks-and-potholes-in-road__919559_RS_290_290RS294095_31245,5,0.022089779376983643
train/cracks-and-potholes-in-road__919558_RS_290_290RS294095_31240,train/cracks-and-potholes-in-road__919560_RS_290_290RS294095_31250,6,0.04051556438207626
train/cracks-and-potholes-in-road__919558_RS_290_290RS294095_31240,train/cracks-and-potholes-in-road__919562_RS_290_290RS294095_31260,6,0.047569070011377335
train/cracks-and-potholes-in-road__919558_RS_290_290RS294095_31240,val/cracks-and-potholes-in-road__919794_RS_290_290RS294095_32420,6,0.037518419325351715
train/cracks-and-potholes-in-road__919560_RS_290_290RS294095_31250,train/cracks-and-potholes-in-road__919561_RS_290_290RS294095_31255,3,0.03210199624300003
train/cracks-and-potholes-in-road__919560_RS_290_290RS294095_31250,train/cracks-and-potholes-in-road__919562_RS_290_290RS294095_31260,4,0.044773850589990616
train/cracks-and-potholes-in-road__919560_RS_290_290RS294095_31250,val/cracks-and-potholes-in-road__919794_RS_290_290RS294095_32420,6,0.03795163333415985
train/cracks-and-potholes-in-road__919561_RS_290_290RS294095_31255,train/cracks-and-potholes-in-road__919562_RS_290_290RS294095_31260,3,0.04320144280791283
train/cracks-and-potholes-in-road__919562_RS_290_290RS294095_31260,train/cracks-and-potholes-in-road__919563_RS_290_290RS294095_31266,4,0.036008771508932114
train/edmcrack600__112,test/edmcrack600__111,5,0.04689529910683632
train/edmcrack600__121,train/edmcrack600__512,6,0.044739287346601486
train/edmcrack600__139,train/edmcrack600__515,6,0.028270071372389793
train/edmcrack600__152,val/edmcrack600__151,5,0.027626855298876762
train/edmcrack600__154,train/edmcrack600__155,6,0.024765821173787117
train/edmcrack600__154,train/edmcrack600__436,3,0.018875733017921448
train/edmcrack600__154,test/edmcrack600__521,5,0.015256247483193874
train/edmcrack600__155,train/edmcrack600__436,5,0.02330172434449196
train/edmcrack600__183,train/edmcrack600__528,3,0.028065061196684837
train/edmcrack600__198,train/edmcrack600__200,5,0.049173321574926376
train/edmcrack600__201,train/edmcrack600__202,6,0.0463152639567852
train/edmcrack600__210,train/edmcrack600__211,4,0.030642645433545113
train/edmcrack600__252,train/edmcrack600__255,4,0.04972214251756668
train/edmcrack600__286,train/edmcrack600__456,5,0.044502172619104385
train/edmcrack600__390,train/edmcrack600__391,5,0.04375206306576729
train/edmcrack600__430,train/edmcrack600__503,2,0.032015565782785416
train/edmcrack600__439,train/edmcrack600__440,5,0.04608006402850151
train/edmcrack600__476,val/edmcrack600__587,6,0.045084718614816666
train/edmcrack600__511,test/edmcrack600__115,4,0.02744961529970169
train/edmcrack600__522,train/edmcrack600__523,5,0.047804489731788635
train/edmcrack600__533,test/edmcrack600__532,6,0.027553098276257515
train/gaps384__train_0178,train/gaps384__train_0662,4,0.037341874092817307
train/gaps384__train_0417,train/gaps384__train_0418,5,0.013636572286486626
train/gaps384__train_0417,train/gaps384__train_0445,5,0.03884069249033928
train/gaps384__train_0417,train/gaps384__train_0446,5,0.036466728895902634
train/gaps384__train_0417,train/gaps384__train_0448,6,0.038986191153526306
train/gaps384__train_0417,train/gaps384__train_0451,5,0.044083934277296066
train/gaps384__train_0417,train/gaps384__train_0452,6,0.04576020687818527
train/gaps384__train_0417,train/gaps384__train_0763,2,0.041123367846012115
train/gaps384__train_0417,train/gaps384__train_0907,6,0.03870395943522453
train/gaps384__train_0417,train/gaps384__train_0908,6,0.038983304053545
train/gaps384__train_0417,test/gaps384__test_0025,6,0.04137676581740379
train/gaps384__train_0417,test/gaps384__test_0039,6,0.037812281399965286
train/gaps384__train_0418,train/gaps384__train_0446,6,0.034857604652643204
train/gaps384__train_0418,train/gaps384__train_0451,6,0.04246991500258446
train/gaps384__train_0418,train/gaps384__train_0763,5,0.03897925838828087
train/gaps384__train_0419,train/gaps384__train_0766,6,0.047779034823179245
train/gaps384__train_0435,train/gaps384__train_0436,3,0.04564453288912773
train/gaps384__train_0437,train/gaps384__train_0438,2,0.01720319502055645
train/gaps384__train_0437,train/gaps384__train_0907,2,0.03652083873748779
train/gaps384__train_0437,train/gaps384__train_0908,2,0.038786135613918304
train/gaps384__train_0437,train/gaps384__train_0917,1,0.0407475009560585
train/gaps384__train_0437,test/gaps384__test_0025,6,0.03446090593934059
train/gaps384__train_0438,train/gaps384__train_0907,2,0.04626805707812309
train/gaps384__train_0438,train/gaps384__train_0908,2,0.04904518276453018
train/gaps384__train_0438,test/gaps384__test_0025,6,0.03878013417124748
train/gaps384__train_0440,train/gaps384__train_0441,5,0.02523409016430378
train/gaps384__train_0440,train/gaps384__train_0506,6,0.0344870425760746
train/gaps384__train_0440,train/gaps384__train_0507,6,0.03816039487719536
train/gaps384__train_0440,train/gaps384__train_0534,5,0.043735068291425705
train/gaps384__train_0440,train/gaps384__train_0535,4,0.04092293605208397
train/gaps384__train_0440,train/gaps384__train_0538,6,0.048517655581235886
train/gaps384__train_0440,train/gaps384__train_0607,6,0.0375630259513855
train/gaps384__train_0440,train/gaps384__train_0608,6,0.04379546269774437
train/gaps384__train_0440,train/gaps384__train_0609,4,0.04073478654026985
train/gaps384__train_0440,train/gaps384__train_0628,5,0.04094458371400833
train/gaps384__train_0440,train/gaps384__train_0633,6,0.04141885042190552
train/gaps384__train_0440,train/gaps384__train_0649,5,0.03407413884997368
train/gaps384__train_0440,train/gaps384__train_0650,6,0.034328825771808624
train/gaps384__train_0440,train/gaps384__train_0651,5,0.045177899301052094
train/gaps384__train_0440,train/gaps384__train_0652,6,0.04786352068185806
train/gaps384__train_0440,train/gaps384__train_0653,6,0.03931112587451935
train/gaps384__train_0440,train/gaps384__train_0666,1,0.04550580307841301
train/gaps384__train_0440,train/gaps384__train_0667,5,0.04958150163292885
train/gaps384__train_0440,train/gaps384__train_0682,2,0.0432700477540493
train/gaps384__train_0440,train/gaps384__train_0683,2,0.04191427305340767
train/gaps384__train_0440,train/gaps384__train_0684,5,0.04215330258011818
train/gaps384__train_0440,train/gaps384__train_0685,4,0.04214511066675186
train/gaps384__train_0440,train/gaps384__train_0691,3,0.04663582146167755
train/gaps384__train_0440,train/gaps384__train_0693,4,0.04349195957183838
train/gaps384__train_0440,train/gaps384__train_0694,4,0.04387203976511955
train/gaps384__train_0440,train/gaps384__train_0700,5,0.04847228527069092
train/gaps384__train_0440,train/gaps384__train_0701,3,0.04765518754720688
train/gaps384__train_0440,train/gaps384__train_0766,6,0.020307673141360283
train/gaps384__train_0445,train/gaps384__train_0446,4,0.012032290920615196
train/gaps384__train_0445,train/gaps384__train_0450,6,0.027471762150526047
train/gaps384__train_0445,train/gaps384__train_0451,4,0.027620330452919006
train/gaps384__train_0445,train/gaps384__train_0452,5,0.03205471113324165
train/gaps384__train_0445,train/gaps384__train_0453,3,0.035909369587898254
train/gaps384__train_0445,train/gaps384__train_0454,5,0.048021551221609116
train/gaps384__train_0445,train/gaps384__train_0458,6,0.017229365184903145
train/gaps384__train_0445,train/gaps384__train_0763,3,0.02080736681818962
train/gaps384__train_0445,train/gaps384__train_0907,5,0.034698039293289185
train/gaps384__train_0445,train/gaps384__train_0908,5,0.03481405973434448
train/gaps384__train_0445,train/gaps384__train_0917,6,0.031662266701459885
train/gaps384__train_0445,test/gaps384__test_0025,5,0.03491808846592903
train/gaps384__train_0445,test/gaps384__test_0026,5,0.03462676703929901
train/gaps384__train_0445,test/gaps384__test_0029,5,0.02767329476773739
train/gaps384__train_0445,test/gaps384__test_0030,6,0.025847680866718292
train/gaps384__train_0445,test/gaps384__test_0032,6,0.026992520317435265
train/gaps384__train_0445,test/gaps384__test_0042,6,0.02933328039944172
train/gaps384__train_0446,train/gaps384__train_0447,6,0.015698716044425964
train/gaps384__train_0446,train/gaps384__train_0449,5,0.01112094335258007
train/gaps384__train_0446,train/gaps384__train_0450,6,0.0214548297226429
train/gaps384__train_0446,train/gaps384__train_0451,0,0.02191709727048874
train/gaps384__train_0446,train/gaps384__train_0452,1,0.025392500683665276
train/gaps384__train_0446,train/gaps384__train_0453,1,0.029645467177033424
train/gaps384__train_0446,train/gaps384__train_0454,1,0.04314091056585312
train/gaps384__train_0446,train/gaps384__train_0458,2,0.01907833106815815
train/gaps384__train_0446,train/gaps384__train_0762,5,0.0496329590678215
train/gaps384__train_0446,train/gaps384__train_0763,3,0.018278302624821663
train/gaps384__train_0446,train/gaps384__train_0907,3,0.03307370841503143
train/gaps384__train_0446,train/gaps384__train_0908,3,0.03244819492101669
train/gaps384__train_0446,train/gaps384__train_0917,2,0.028870634734630585
train/gaps384__train_0446,test/gaps384__test_0025,3,0.03730807825922966
train/gaps384__train_0446,test/gaps384__test_0026,5,0.03603504225611687
train/gaps384__train_0446,test/gaps384__test_0041,6,0.022868122905492783
train/gaps384__train_0446,test/gaps384__test_0042,6,0.026049379259347916
train/gaps384__train_0447,train/gaps384__train_0448,1,0.009326617233455181
train/gaps384__train_0447,train/gaps384__train_0449,1,0.01056270208209753
train/gaps384__train_0447,train/gaps384__train_0450,2,0.02557196281850338
train/gaps384__train_0447,train/gaps384__train_0451,6,0.025854937732219696
train/gaps384__train_0447,train/gaps384__train_0452,5,0.03113444522023201
train/gaps384__train_0447,train/gaps384__train_0453,5,0.03493120148777962
train/gaps384__train_0447,train/gaps384__train_0503,3,0.03467119485139847
train/gaps384__train_0447,train/gaps384__train_0650,6,0.04224121570587158
train/gaps384__train_0447,train/gaps384__train_0669,6,0.04488440603017807
train/gaps384__train_0447,train/gaps384__train_0763,5,0.018573354929685593
train/gaps384__train_0447,train/gaps384__train_0764,5,0.01609269715845585
train/gaps384__train_0447,train/gaps384__train_0765,5,0.016951236873865128
train/gaps384__train_0447,train/gaps384__train_0766,6,0.017765384167432785
train/gaps384__train_0447,train/gaps384__train_0767,5,0.018330812454223633
train/gaps384__train_0447,train/gaps384__train_0799,6,0.03224040940403938
train/gaps384__train_0447,test/gaps384__test_0025,3,0.03781506419181824
train/gaps384__train_0447,test/gaps384__test_0026,3,0.03785654157400131
train/gaps384__train_0447,test/gaps384__test_0028,3,0.044832680374383926
train/gaps384__train_0447,test/gaps384__test_0029,3,0.026994187384843826
train/gaps384__train_0447,test/gaps384__test_0030,4,0.025877295061945915
train/gaps384__train_0447,test/gaps384__test_0031,5,0.02990020625293255
train/gaps384__train_0447,test/gaps384__test_0032,4,0.029272034764289856
train/gaps384__train_0447,test/gaps384__test_0039,1,0.030149798840284348
train/gaps384__train_0447,test/gaps384__test_0040,3,0.02700725756585598
train/gaps384__train_0447,test/gaps384__test_0041,0,0.02466830052435398
train/gaps384__train_0447,test/gaps384__test_0042,2,0.029900705441832542
train/gaps384__train_0448,train/gaps384__train_0449,2,0.007857485674321651
train/gaps384__train_0448,train/gaps384__train_0450,3,0.023743536323308945
train/gaps384__train_0448,train/gaps384__train_0452,6,0.02907925844192505
train/gaps384__train_0448,train/gaps384__train_0453,6,0.03289454057812691
train/gaps384__train_0448,train/gaps384__train_0503,4,0.033344145864248276
train/gaps384__train_0448,train/gaps384__train_0763,4,0.017880402505397797
train/gaps384__train_0448,train/gaps384__train_0764,4,0.015333816409111023
train/gaps384__train_0448,train/gaps384__train_0765,4,0.0174101572483778
train/gaps384__train_0448,train/gaps384__train_0766,5,0.018993517383933067
train/gaps384__train_0448,train/gaps384__train_0767,4,0.020280292257666588
train/gaps384__train_0448,test/gaps384__test_0025,4,0.036553725600242615
train/gaps384__train_0448,test/gaps384__test_0026,4,0.03617563471198082
train/gaps384__train_0448,test/gaps384__test_0028,4,0.04424359276890755
train/gaps384__train_0448,test/gaps384__test_0029,4,0.024301813915371895
train/gaps384__train_0448,test/gaps384__test_0030,5,0.02524331770837307
train/gaps384__train_0448,test/gaps384__test_0031,6,0.02870866283774376
train/gaps384__train_0448,test/gaps384__test_0032,5,0.02755255438387394
train/gaps384__train_0448,test/gaps384__test_0039,0,0.028261037543416023
train/gaps384__train_0448,test/gaps384__test_0040,4,0.025455117225646973
train/gaps384__train_0448,test/gaps384__test_0041,1,0.022737054154276848
train/gaps384__train_0448,test/gaps384__test_0042,1,0.02759748324751854
train/gaps384__train_0449,train/gaps384__train_0450,1,0.02477218583226204
train/gaps384__train_0449,train/gaps384__train_0451,5,0.025233197957277298
train/gaps384__train_0449,train/gaps384__train_0452,4,0.029843641445040703
train/gaps384__train_0449,train/gaps384__train_0453,4,0.03392195701599121
train/gaps384__train_0449,train/gaps384__train_0454,6,0.0467742495238781
train/gaps384__train_0449,train/gaps384__train_0503,2,0.034708213061094284
train/gaps384__train_0449,train/gaps384__train_0650,5,0.044715624302625656
train/gaps384__train_0449,train/gaps384__train_0669,5,0.043569065630435944
train/gaps384__train_0449,train/gaps384__train_0763,6,0.018345143646001816
train/gaps384__train_0449,train/gaps384__train_0764,6,0.015093443915247917
train/gaps384__train_0449,train/gaps384__train_0765,6,0.01729287952184677
train/gaps384__train_0449,train/gaps384__train_0767,6,0.02041720040142536
train/gaps384__train_0449,train/gaps384__train_0799,5,0.02847597375512123
train/gaps384__train_0449,test/gaps384__test_0025,2,0.03551998361945152
train/gaps384__train_0449,test/gaps384__test_0026,2,0.03506101667881012
train/gaps384__train_0449,test/gaps384__test_0028,2,0.04545065388083458
train/gaps384__train_0449,test/gaps384__test_0029,2,0.02501651644706726
train/gaps384__train_0449,test/gaps384__test_0030,3,0.025403738021850586
train/gaps384__train_0449,test/gaps384__test_0031,4,0.028698984533548355
train/gaps384__train_0449,test/gaps384__test_0032,3,0.027170253917574883
train/gaps384__train_0449,test/gaps384__test_0039,2,0.028254393488168716
train/gaps384__train_0449,test/gaps384__test_0040,2,0.02583315037190914
train/gaps384__train_0449,test/gaps384__test_0041,1,0.023370584473013878
train/gaps384__train_0449,test/gaps384__test_0042,1,0.02811211533844471
train/gaps384__train_0450,train/gaps384__train_0451,6,0.007927889004349709
train/gaps384__train_0450,train/gaps384__train_0452,5,0.010952208191156387
train/gaps384__train_0450,train/gaps384__train_0453,5,0.016089430078864098
train/gaps384__train_0450,train/gaps384__train_0503,1,0.025341879576444626
train/gaps384__train_0450,train/gaps384__train_0506,6,0.03613617271184921
train/gaps384__train_0450,train/gaps384__train_0669,4,0.0474921315908432
train/gaps384__train_0450,train/gaps384__train_0799,4,0.04087115451693535
train/gaps384__train_0450,test/gaps384__test_0026,1,0.04994996637105942
train/gaps384__train_0450,test/gaps384__test_0028,1,0.03843802586197853
train/gaps384__train_0450,test/gaps384__test_0029,1,0.027736175805330276
train/gaps384__train_0450,test/gaps384__test_0030,2,0.04008908197283745
train/gaps384__train_0450,test/gaps384__test_0031,3,0.04044916108250618
train/gaps384__train_0450,test/gaps384__test_0032,2,0.03930596262216568
train/gaps384__train_0450,test/gaps384__test_0039,3,0.03842747211456299
train/gaps384__train_0450,test/gaps384__test_0040,1,0.03499820828437805
train/gaps384__train_0450,test/gaps384__test_0041,2,0.02971782349050045
train/gaps384__train_0450,test/gaps384__test_0042,2,0.02940589375793934
train/gaps384__train_0451,train/gaps384__train_0452,1,0.009849769994616508
train/gaps384__train_0451,train/gaps384__train_0453,1,0.014886552467942238
train/gaps384__train_0451,train/gaps384__train_0454,1,0.03157391771674156
train/gaps384__train_0451,train/gaps384__train_0455,3,0.04157032072544098
train/gaps384__train_0451,train/gaps384__train_0458,2,0.02540728449821472
train/gaps384__train_0451,train/gaps384__train_0763,3,0.020206471905112267
train/gaps384__train_0451,train/gaps384__train_0907,3,0.0481046661734581
train/gaps384__train_0451,train/gaps384__train_0908,3,0.04645723104476929
train/gaps384__train_0451,train/gaps384__train_0917,2,0.04276328906416893
train/gaps384__train_0451,test/gaps384__test_0041,6,0.03252747654914856
train/gaps384__train_0451,test/gaps384__test_0042,6,0.03229440003633499
train/gaps384__train_0452,train/gaps384__train_0453,2,0.012363488785922527
train/gaps384__train_0452,train/gaps384__train_0454,2,0.029120802879333496
train/gaps384__train_0452,train/gaps384__train_0455,4,0.039509087800979614
train/gaps384__train_0452,train/gaps384__train_0458,3,0.030641911551356316
train/gaps384__train_0452,train/gaps384__train_0503,6,0.026277834549546242
train/gaps384__train_0452,train/gaps384__train_0763,4,0.02334454283118248
train/gaps384__train_0452,train/gaps384__train_0907,4,0.0492669939994812
train/gaps384__train_0452,train/gaps384__train_0908,4,0.047371815890073776
train/gaps384__train_0452,train/gaps384__train_0917,3,0.04380694776773453
train/gaps384__train_0452,test/gaps384__test_0028,6,0.043642252683639526
train/gaps384__train_0452,test/gaps384__test_0029,6,0.03318183124065399
train/gaps384__train_0452,test/gaps384__test_0039,6,0.0439043752849102
train/gaps384__train_0452,test/gaps384__test_0040,6,0.04107751324772835
train/gaps384__train_0452,test/gaps384__test_0041,5,0.03518586978316307
train/gaps384__train_0452,test/gaps384__test_0042,5,0.034036874771118164
train/gaps384__train_0453,train/gaps384__train_0454,2,0.021686675027012825
train/gaps384__train_0453,train/gaps384__train_0455,4,0.033491101115942
train/gaps384__train_0453,train/gaps384__train_0458,3,0.033513739705085754
train/gaps384__train_0453,train/gaps384__train_0503,6,0.027955953031778336
train/gaps384__train_0453,train/gaps384__train_0763,2,0.02672833390533924
train/gaps384__train_0453,train/gaps384__train_0908,4,0.04973014071583748
train/gaps384__train_0453,train/gaps384__train_0917,3,0.04689818248152733
train/gaps384__train_0453,test/gaps384__test_0028,6,0.04404474049806595
train/gaps384__train_0453,test/gaps384__test_0029,6,0.03525090217590332
train/gaps384__train_0453,test/gaps384__test_0039,6,0.04701412469148636
train/gaps384__train_0453,test/gaps384__test_0040,6,0.043561309576034546
train/gaps384__train_0453,test/gaps384__test_0041,5,0.038417115807533264
train/gaps384__train_0453,test/gaps384__test_0042,5,0.03616006299853325
train/gaps384__train_0454,train/gaps384__train_0455,2,0.021350277587771416
train/gaps384__train_0454,train/gaps384__train_0458,1,0.04494475573301315
train/gaps384__train_0454,train/gaps384__train_0763,4,0.03914535045623779
train/gaps384__train_0458,train/gaps384__train_0762,3,0.04872845858335495
train/gaps384__train_0458,train/gaps384__train_0763,5,0.020272141322493553
train/gaps384__train_0458,train/gaps384__train_0907,1,0.04359232261776924
train/gaps384__train_0458,train/gaps384__train_0908,1,0.043494198471307755
train/gaps384__train_0458,train/gaps384__train_0917,0,0.0409269705414772
train/gaps384__train_0458,test/gaps384__test_0025,5,0.04114837944507599
train/gaps384__train_0472,train/gaps384__train_0507,5,0.027676822617650032
train/gaps384__train_0472,train/gaps384__train_0534,6,0.02580697275698185
train/gaps384__train_0472,train/gaps384__train_0535,5,0.024667995050549507
train/gaps384__train_0472,train/gaps384__train_0536,6,0.03969056159257889
train/gaps384__train_0472,train/gaps384__train_0572,4,0.03494173288345337
train/gaps384__train_0472,train/gaps384__train_0578,6,0.021545639261603355
train/gaps384__train_0472,train/gaps384__train_0579,4,0.020828288048505783
train/gaps384__train_0472,train/gaps384__train_0580,5,0.022709297016263008
train/gaps384__train_0472,train/gaps384__train_0581,5,0.026152662932872772
train/gaps384__train_0472,train/gaps384__train_0582,6,0.025888899341225624
train/gaps384__train_0472,train/gaps384__train_0584,4,0.023675445467233658
train/gaps384__train_0472,train/gaps384__train_0585,4,0.024054285138845444
train/gaps384__train_0472,train/gaps384__train_0666,6,0.040889158844947815
train/gaps384__train_0472,train/gaps384__train_0694,5,0.025395458564162254
train/gaps384__train_0472,train/gaps384__train_0695,5,0.028026241809129715
train/gaps384__train_0472,train/gaps384__train_0700,2,0.02153204195201397
train/gaps384__train_0472,train/gaps384__train_0701,4,0.020648328587412834
train/gaps384__train_0503,train/gaps384__train_0622,6,0.024186905473470688
train/gaps384__train_0503,train/gaps384__train_0628,6,0.04561837390065193
train/gaps384__train_0503,train/gaps384__train_0643,6,0.03373928368091583
train/gaps384__train_0503,train/gaps384__train_0645,6,0.025692077353596687
train/gaps384__train_0503,train/gaps384__train_0649,6,0.04622909426689148
train/gaps384__train_0503,train/gaps384__train_0664,6,0.03552251681685448
train/gaps384__train_0503,train/gaps384__train_0669,3,0.041468314826488495
train/gaps384__train_0503,train/gaps384__train_0682,5,0.04093156009912491
train/gaps384__train_0503,train/gaps384__train_0683,5,0.040759116411209106
train/gaps384__train_0503,train/gaps384__train_0684,6,0.04684147238731384
train/gaps384__train_0503,train/gaps384__train_0685,5,0.049221862107515335
train/gaps384__train_0503,train/gaps384__train_0691,6,0.03823176026344299
train/gaps384__train_0503,train/gaps384__train_0764,6,0.030237093567848206
train/gaps384__train_0503,train/gaps384__train_0765,6,0.033717017620801926
train/gaps384__train_0503,train/gaps384__train_0767,6,0.03901141881942749
train/gaps384__train_0503,train/gaps384__train_0797,6,0.042613591998815536
train/gaps384__train_0503,train/gaps384__train_0799,3,0.043271083384752274
train/gaps384__train_0503,test/gaps384__test_0028,2,0.04471192508935928
train/gaps384__train_0503,test/gaps384__test_0029,2,0.03384794294834137
train/gaps384__train_0503,test/gaps384__test_0030,3,0.046538304537534714
train/gaps384__train_0503,test/gaps384__test_0031,4,0.04876666143536568
train/gaps384__train_0503,test/gaps384__test_0032,3,0.04844082146883011
train/gaps384__train_0503,test/gaps384__test_0039,4,0.048149291425943375
train/gaps384__train_0503,test/gaps384__test_0040,2,0.04386553168296814
train/gaps384__train_0503,test/gaps384__test_0041,3,0.0399797260761261
train/gaps384__train_0503,test/gaps384__test_0042,3,0.0385320708155632
train/gaps384__train_0506,train/gaps384__train_0507,4,0.021603070199489594
train/gaps384__train_0506,train/gaps384__train_0650,6,0.03620510175824165
train/gaps384__train_0506,train/gaps384__train_0666,5,0.031348127871751785
train/gaps384__train_0506,train/gaps384__train_0693,6,0.0330137200653553
train/gaps384__train_0506,train/gaps384__train_0701,5,0.03196180984377861
train/gaps384__train_0506,train/gaps384__train_0799,6,0.044906649738550186
train/gaps384__train_0506,test/gaps384__test_0029,5,0.04108061641454697
train/gaps384__train_0506,test/gaps384__test_0030,4,0.0432865284383297
train/gaps384__train_0506,test/gaps384__test_0031,5,0.048157867044210434
train/gaps384__train_0506,test/gaps384__test_0032,4,0.048743557184934616
train/gaps384__train_0507,train/gaps384__train_0534,5,0.021247683092951775
train/gaps384__train_0507,train/gaps384__train_0535,4,0.02054990455508232
train/gaps384__train_0507,train/gaps384__train_0538,6,0.021441176533699036
train/gaps384__train_0507,train/gaps384__train_0551,6,0.031885597854852676
train/gaps384__train_0507,train/gaps384__train_0607,6,0.036624323576688766
train/gaps384__train_0507,train/gaps384__train_0650,6,0.03235897421836853
train/gaps384__train_0507,train/gaps384__train_0666,5,0.03577277064323425
train/gaps384__train_0507,train/gaps384__train_0700,5,0.03420764580368996
train/gaps384__train_0507,train/gaps384__train_0701,3,0.03343050926923752
train/gaps384__train_0507,test/gaps384__test_0030,6,0.04941173270344734
train/gaps384__train_0513,train/gaps384__train_0514,1,0.01743127964437008
train/gaps384__train_0513,train/gaps384__train_0515,1,0.02994387224316597
train/gaps384__train_0514,train/gaps384__train_0515,0,0.016139760613441467
train/gaps384__train_0531,train/gaps384__train_0532,6,0.026062924414873123
train/gaps384__train_0533,train/gaps384__train_0534,6,0.029145032167434692
train/gaps384__train_0533,train/gaps384__train_0536,4,0.02210541069507599
train/gaps384__train_0533,train/gaps384__train_0606,6,0.043526992201805115
train/gaps384__train_0533,train/gaps384__train_0607,5,0.04412734881043434
train/gaps384__train_0533,train/gaps384__train_0700,6,0.03782280907034874
train/gaps384__train_0534,train/gaps384__train_0535,1,0.009788592346012592
train/gaps384__train_0534,train/gaps384__train_0536,4,0.032775163650512695
train/gaps384__train_0534,train/gaps384__train_0538,1,0.013192106038331985
train/gaps384__train_0534,train/gaps384__train_0551,3,0.025110889226198196
train/gaps384__train_0534,train/gaps384__train_0579,6,0.022751253098249435
train/gaps384__train_0534,train/gaps384__train_0605,4,0.03944498673081398
train/gaps384__train_0534,train/gaps384__train_0606,6,0.03261945769190788
train/gaps384__train_0534,train/gaps384__train_0607,3,0.035652920603752136
train/gaps384__train_0534,train/gaps384__train_0666,4,0.03529071807861328
train/gaps384__train_0534,train/gaps384__train_0691,6,0.027739156037569046
train/gaps384__train_0534,train/gaps384__train_0700,4,0.022902244701981544
train/gaps384__train_0534,train/gaps384__train_0701,4,0.023386964574456215
train/gaps384__train_0535,train/gaps384__train_0536,5,0.03238518536090851
train/gaps384__train_0535,train/gaps384__train_0538,2,0.014676237478852272
train/gaps384__train_0535,train/gaps384__train_0551,2,0.02556021139025688
train/gaps384__train_0535,train/gaps384__train_0579,5,0.0206246767193079
train/gaps384__train_0535,train/gaps384__train_0580,6,0.021564101800322533
train/gaps384__train_0535,train/gaps384__train_0581,6,0.024706322699785233
train/gaps384__train_0535,train/gaps384__train_0605,5,0.038290444761514664
train/gaps384__train_0535,train/gaps384__train_0607,4,0.035220641642808914
train/gaps384__train_0535,train/gaps384__train_0609,6,0.030247274786233902
train/gaps384__train_0535,train/gaps384__train_0666,3,0.033962227404117584
train/gaps384__train_0535,train/gaps384__train_0682,6,0.020093556493520737
train/gaps384__train_0535,train/gaps384__train_0683,6,0.01982947811484337
train/gaps384__train_0535,train/gaps384__train_0685,6,0.022435510531067848
train/gaps384__train_0535,train/gaps384__train_0691,5,0.02537238411605358
train/gaps384__train_0535,train/gaps384__train_0693,6,0.023265603929758072
train/gaps384__train_0535,train/gaps384__train_0700,3,0.021022425964474678
train/gaps384__train_0535,train/gaps384__train_0701,3,0.021306972950696945
train/gaps384__train_0536,train/gaps384__train_0538,3,0.033971287310123444
train/gaps384__train_0536,train/gaps384__train_0551,5,0.039519160985946655
train/gaps384__train_0536,train/gaps384__train_0606,6,0.04648405686020851
train/gaps384__train_0536,train/gaps384__train_0607,3,0.048373810946941376
train/gaps384__train_0536,train/gaps384__train_0700,4,0.03723514452576637
train/gaps384__train_0536,train/gaps384__train_0701,6,0.037353940308094025
train/gaps384__train_0538,train/gaps384__train_0551,2,0.02238055132329464
train/gaps384__train_0538,train/gaps384__train_0580,6,0.027768917381763458
train/gaps384__train_0538,train/gaps384__train_0581,6,0.03205401077866554
train/gaps384__train_0538,train/gaps384__train_0605,3,0.04228118807077408
train/gaps384__train_0538,train/gaps384__train_0606,5,0.03620758652687073
train/gaps384__train_0538,train/gaps384__train_0607,2,0.0404030941426754
train/gaps384__train_0538,train/gaps384__train_0666,5,0.0351029708981514
train/gaps384__train_0538,train/gaps384__train_0700,5,0.025042317807674408
train/gaps384__train_0538,train/gaps384__train_0701,5,0.024666473269462585
train/gaps384__train_0540,train/gaps384__train_0544,5,0.044249020516872406
train/gaps384__train_0540,train/gaps384__train_0547,2,0.02828812599182129
train/gaps384__train_0541,train/gaps384__train_0542,1,0.015240488573908806
train/gaps384__train_0541,train/gaps384__train_0543,4,0.03818262368440628
train/gaps384__train_0541,train/gaps384__train_0545,1,0.04496747627854347
train/gaps384__train_0541,train/gaps384__train_0546,1,0.020683210343122482
train/gaps384__train_0541,train/gaps384__train_0614,6,0.04616830125451088
train/gaps384__train_0542,train/gaps384__train_0543,3,0.038857895880937576
train/gaps384__train_0542,train/gaps384__train_0546,0,0.027200087904930115
train/gaps384__train_0543,train/gaps384__train_0546,3,0.045863959938287735
train/gaps384__train_0544,train/gaps384__train_0608,6,0.03485545143485069
train/gaps384__train_0544,train/gaps384__train_0616,4,0.04263737425208092
train/gaps384__train_0544,train/gaps384__train_0623,6,0.036676570773124695
train/gaps384__train_0544,train/gaps384__train_0633,6,0.03541433438658714
train/gaps384__train_0544,train/gaps384__train_0653,6,0.04758312180638313
train/gaps384__train_0545,train/gaps384__train_0546,2,0.04654088243842125
train/gaps384__train_0549,train/gaps384__train_0550,2,0.014657805673778057
train/gaps384__train_0550,train/gaps384__train_0640,6,0.04932351037859917
train/gaps384__train_0551,train/gaps384__train_0580,6,0.02830245904624462
train/gaps384__train_0551,train/gaps384__train_0581,6,0.03256116434931755
train/gaps384__train_0551,train/gaps384__train_0607,4,0.04704685136675835
train/gaps384__train_0551,train/gaps384__train_0609,6,0.041320472955703735
train/gaps384__train_0551,train/gaps384__train_0666,3,0.044462502002716064
train/gaps384__train_0551,train/gaps384__train_0682,6,0.027538923546671867
train/gaps384__train_0551,train/gaps384__train_0683,6,0.029131632298231125
train/gaps384__train_0551,train/gaps384__train_0685,6,0.03156202286481857
train/gaps384__train_0551,train/gaps384__train_0691,5,0.03069675713777542
train/gaps384__train_0551,train/gaps384__train_0693,6,0.028994176536798477
train/gaps384__train_0551,train/gaps384__train_0700,5,0.023523347452282906
train/gaps384__train_0551,train/gaps384__train_0701,5,0.023180561140179634
train/gaps384__train_0554,train/gaps384__train_0557,0,0.04583955928683281
train/gaps384__train_0554,train/gaps384__train_0558,1,0.04660860076546669
train/gaps384__train_0556,train/gaps384__train_0557,2,0.021712975576519966
train/gaps384__train_0556,train/gaps384__train_0558,3,0.041199441999197006
train/gaps384__train_0556,train/gaps384__train_0679,4,0.04842314496636391
train/gaps384__train_0556,train/gaps384__train_0680,5,0.03619306534528732
train/gaps384__train_0556,train/gaps384__train_0688,5,0.043294161558151245
train/gaps384__train_0556,train/gaps384__train_0689,6,0.037617363035678864
train/gaps384__train_0557,train/gaps384__train_0558,1,0.024698415771126747
train/gaps384__train_0557,train/gaps384__train_0559,3,0.032407671213150024
train/gaps384__train_0557,train/gaps384__train_0560,6,0.038789618760347366
train/gaps384__train_0557,train/gaps384__train_0561,4,0.0391111858189106
train/gaps384__train_0557,train/gaps384__train_0562,4,0.04588982090353966
train/gaps384__train_0557,train/gaps384__train_0679,4,0.03649862855672836
train/gaps384__train_0557,train/gaps384__train_0680,5,0.02775593474507332
train/gaps384__train_0557,train/gaps384__train_0689,6,0.04185277968645096
train/gaps384__train_0558,train/gaps384__train_0559,2,0.019170990213751793
train/gaps384__train_0558,train/gaps384__train_0560,5,0.02828069217503071
train/gaps384__train_0558,train/gaps384__train_0561,3,0.027289384976029396
train/gaps384__train_0558,train/gaps384__train_0562,3,0.03589557111263275
train/gaps384__train_0558,train/gaps384__train_0563,2,0.041971027851104736
train/gaps384__train_0558,train/gaps384__train_0679,3,0.034211594611406326
train/gaps384__train_0558,train/gaps384__train_0680,4,0.03448987752199173
train/gaps384__train_0559,train/gaps384__train_0560,3,0.018787609413266182
train/gaps384__train_0559,train/gaps384__train_0561,1,0.019589068368077278
train/gaps384__train_0559,train/gaps384__train_0562,1,0.027076678350567818
train/gaps384__train_0559,train/gaps384__train_0563,0,0.032420411705970764
train/gaps384__train_0559,train/gaps384__train_0564,0,0.041442956775426865
train/gaps384__train_0559,train/gaps384__train_0679,1,0.036166705191135406
train/gaps384__train_0559,train/gaps384__train_0680,2,0.03853129222989082
train/gaps384__train_0560,train/gaps384__train_0561,2,0.011978501453995705
train/gaps384__train_0560,train/gaps384__train_0562,4,0.015199044719338417
train/gaps384__train_0560,train/gaps384__train_0563,3,0.020728543400764465
train/gaps384__train_0560,train/gaps384__train_0564,3,0.0304684080183506
train/gaps384__train_0560,train/gaps384__train_0565,4,0.04423527047038078
train/gaps384__train_0560,train/gaps384__train_0679,4,0.038875479251146317
train/gaps384__train_0560,train/gaps384__train_0680,3,0.04084248095750809
train/gaps384__train_0561,train/gaps384__train_0562,2,0.015540068037807941
train/gaps384__train_0561,train/gaps384__train_0563,1,0.02042418345808983
train/gaps384__train_0561,train/gaps384__train_0564,1,0.03012089431285858
train/gaps384__train_0561,train/gaps384__train_0565,2,0.04508505016565323
train/gaps384__train_0561,train/gaps384__train_0679,2,0.03407766669988632
train/gaps384__train_0561,train/gaps384__train_0680,3,0.03976522013545036
train/gaps384__train_0562,train/gaps384__train_0563,1,0.012765114195644855
train/gaps384__train_0562,train/gaps384__train_0564,1,0.02209317870438099
train/gaps384__train_0562,train/gaps384__train_0565,0,0.03808889538049698
train/gaps384__train_0562,train/gaps384__train_0679,2,0.04076685011386871
train/gaps384__train_0562,train/gaps384__train_0680,3,0.044739287346601486
train/gaps384__train_0563,train/gaps384__train_0564,0,0.016421111300587654
train/gaps384__train_0563,train/gaps384__train_0565,1,0.03161289542913437
train/gaps384__train_0563,train/gaps384__train_0679,1,0.044491708278656006
train/gaps384__train_0564,train/gaps384__train_0565,1,0.02358965203166008
train/gaps384__train_0572,train/gaps384__train_0578,4,0.024338249117136
train/gaps384__train_0572,train/gaps384__train_0579,2,0.023970790207386017
train/gaps384__train_0572,train/gaps384__train_0580,5,0.022484658285975456
train/gaps384__train_0572,train/gaps384__train_0581,5,0.021108338609337807
train/gaps384__train_0572,train/gaps384__train_0582,4,0.02070027031004429
train/gaps384__train_0572,train/gaps384__train_0584,2,0.02280827984213829
train/gaps384__train_0572,train/gaps384__train_0585,2,0.020754247903823853
train/gaps384__train_0572,train/gaps384__train_0695,3,0.02402305044233799
train/gaps384__train_0572,train/gaps384__train_0700,4,0.02906479500234127
train/gaps384__train_0574,train/gaps384__train_0575,6,0.021705713123083115
train/gaps384__train_0574,train/gaps384__train_0689,6,0.04103690758347511
train/gaps384__train_0575,train/gaps384__train_0576,1,0.04829908534884453
train/gaps384__train_0575,train/gaps384__train_0589,4,0.024731839075684547
train/gaps384__train_0575,train/gaps384__train_0696,3,0.048650722950696945
train/gaps384__train_0575,train/gaps384__train_0697,4,0.027296265587210655
train/gaps384__train_0575,train/gaps384__train_0698,4,0.031597692519426346
train/gaps384__train_0576,train/gaps384__train_0590,5,0.03451773151755333
train/gaps384__train_0576,train/gaps384__train_0699,6,0.04648308455944061
train/gaps384__train_0578,train/gaps384__train_0579,2,0.008495751768350601
train/gaps384__train_0578,train/gaps384__train_0580,3,0.009681373834609985
train/gaps384__train_0578,train/gaps384__train_0581,3,0.015708282589912415
train/gaps384__train_0578,train/gaps384__train_0582,0,0.01664232276380062
train/gaps384__train_0578,train/gaps384__train_0584,2,0.011744904331862926
train/gaps384__train_0578,train/gaps384__train_0585,2,0.013924827799201012
train/gaps384__train_0578,train/gaps384__train_0694,5,0.016111819073557854
train/gaps384__train_0578,train/gaps384__train_0695,3,0.019251903519034386
train/gaps384__train_0578,train/gaps384__train_0700,6,0.014366489835083485
train/gaps384__train_0579,train/gaps384__train_0580,3,0.009163358248770237
train/gaps384__train_0579,train/gaps384__train_0581,3,0.015012131072580814
train/gaps384__train_0579,train/gaps384__train_0582,2,0.015590241178870201
train/gaps384__train_0579,train/gaps384__train_0584,2,0.012312976643443108
train/gaps384__train_0579,train/gaps384__train_0585,2,0.01383719127625227
train/gaps384__train_0579,train/gaps384__train_0606,6,0.02946711704134941
train/gaps384__train_0579,train/gaps384__train_0695,3,0.019188610836863518
train/gaps384__train_0579,train/gaps384__train_0700,4,0.015206453390419483
train/gaps384__train_0580,train/gaps384__train_0581,0,0.011546304449439049
train/gaps384__train_0580,train/gaps384__train_0582,3,0.013181286863982677
train/gaps384__train_0580,train/gaps384__train_0584,3,0.009811579249799252
train/gaps384__train_0580,train/gaps384__train_0585,3,0.010844031348824501
train/gaps384__train_0580,train/gaps384__train_0694,6,0.014651657082140446
train/gaps384__train_0580,train/gaps384__train_0695,4,0.016816478222608566
train/gaps384__train_0580,train/gaps384__train_0700,5,0.015365127474069595
train/gaps384__train_0581,train/gaps384__train_0582,3,0.01109322626143694
train/gaps384__train_0581,train/gaps384__train_0584,3,0.01228978019207716
train/gaps384__train_0581,train/gaps384__train_0585,3,0.010433955118060112
train/gaps384__train_0581,train/gaps384__train_0694,6,0.01627412438392639
train/gaps384__train_0581,train/gaps384__train_0695,4,0.015951627865433693
train/gaps384__train_0581,train/gaps384__train_0700,5,0.02099454775452614
train/gaps384__train_0582,train/gaps384__train_0584,2,0.014861817471683025
train/gaps384__train_0582,train/gaps384__train_0585,2,0.012769232504069805
train/gaps384__train_0582,train/gaps384__train_0694,5,0.017865698784589767
train/gaps384__train_0582,train/gaps384__train_0695,3,0.01782361790537834
train/gaps384__train_0582,train/gaps384__train_0700,6,0.022482654079794884
train/gaps384__train_0584,train/gaps384__train_0585,0,0.009800858795642853
train/gaps384__train_0584,train/gaps384__train_0692,6,0.018861407414078712
train/gaps384__train_0584,train/gaps384__train_0694,5,0.01607028767466545
train/gaps384__train_0584,train/gaps384__train_0695,1,0.01743128150701523
train/gaps384__train_0584,train/gaps384__train_0700,4,0.01733105070888996
train/gaps384__train_0585,train/gaps384__train_0692,6,0.021912643685936928
train/gaps384__train_0585,train/gaps384__train_0694,5,0.0166756771504879
train/gaps384__train_0585,train/gaps384__train_0695,1,0.017100751399993896
train/gaps384__train_0585,train/gaps384__train_0700,4,0.019138848409056664
train/gaps384__train_0589,train/gaps384__train_0697,4,0.03807864710688591
train/gaps384__train_0589,train/gaps384__train_0698,6,0.04299253225326538
train/gaps384__train_0602,train/gaps384__train_0603,2,0.03131001442670822
train/gaps384__train_0603,train/gaps384__train_0604,0,0.0406498983502388
train/gaps384__train_0605,train/gaps384__train_0606,4,0.016004735603928566
train/gaps384__train_0605,train/gaps384__train_0607,3,0.02272086963057518
train/gaps384__train_0606,train/gaps384__train_0607,5,0.01653549261391163
train/gaps384__train_0606,train/gaps384__train_0700,6,0.03877897188067436
train/gaps384__train_0607,train/gaps384__train_0609,6,0.0310283862054348
train/gaps384__train_0607,train/gaps384__train_0666,5,0.04346795380115509
train/gaps384__train_0607,train/gaps384__train_0700,5,0.04271356761455536
train/gaps384__train_0607,train/gaps384__train_0701,5,0.043177276849746704
train/gaps384__train_0608,train/gaps384__train_0609,4,0.014542083255946636
train/gaps384__train_0608,train/gaps384__train_0616,4,0.04017440229654312
train/gaps384__train_0608,train/gaps384__train_0622,5,0.026614874601364136
train/gaps384__train_0608,train/gaps384__train_0623,4,0.018878916278481483
train/gaps384__train_0608,train/gaps384__train_0627,5,0.023936305195093155
train/gaps384__train_0608,train/gaps384__train_0628,3,0.02306397445499897
train/gaps384__train_0608,train/gaps384__train_0633,4,0.014535884372889996
train/gaps384__train_0608,train/gaps384__train_0643,3,0.04419519752264023
train/gaps384__train_0608,train/gaps384__train_0645,3,0.023800082504749298
train/gaps384__train_0608,train/gaps384__train_0649,5,0.024845436215400696
train/gaps384__train_0608,train/gaps384__train_0650,6,0.03215342015028
train/gaps384__train_0608,train/gaps384__train_0651,3,0.04888400807976723
train/gaps384__train_0608,train/gaps384__train_0653,4,0.031627386808395386
train/gaps384__train_0608,train/gaps384__train_0664,3,0.046740852296352386
train/gaps384__train_0608,train/gaps384__train_0665,5,0.03155108168721199
train/gaps384__train_0608,train/gaps384__train_0666,5,0.020374123007059097
train/gaps384__train_0608,train/gaps384__train_0682,4,0.031373027712106705
train/gaps384__train_0608,train/gaps384__train_0683,6,0.031908903270959854
train/gaps384__train_0608,train/gaps384__train_0684,5,0.035814519971609116
train/gaps384__train_0608,train/gaps384__train_0685,4,0.03849678114056587
train/gaps384__train_0608,train/gaps384__train_0691,3,0.03532325476408005
train/gaps384__train_0608,train/gaps384__train_0693,6,0.038583289831876755
train/gaps384__train_0608,train/gaps384__train_1159,3,0.04906876012682915
train/gaps384__train_0609,train/gaps384__train_0616,6,0.04089117422699928
train/gaps384__train_0609,train/gaps384__train_0622,3,0.03616442531347275
train/gaps384__train_0609,train/gaps384__train_0623,2,0.027668684720993042
train/gaps384__train_0609,train/gaps384__train_0627,5,0.021915726363658905
train/gaps384__train_0609,train/gaps384__train_0628,3,0.015566620044410229
train/gaps384__train_0609,train/gaps384__train_0633,2,0.017266806215047836
train/gaps384__train_0609,train/gaps384__train_0645,3,0.03382442146539688
train/gaps384__train_0609,train/gaps384__train_0649,3,0.018560413271188736
train/gaps384__train_0609,train/gaps384__train_0650,6,0.0238829143345356
train/gaps384__train_0609,train/gaps384__train_0651,3,0.03861850127577782
train/gaps384__train_0609,train/gaps384__train_0652,2,0.04165999963879585
train/gaps384__train_0609,train/gaps384__train_0653,2,0.021652717143297195
train/gaps384__train_0609,train/gaps384__train_0665,5,0.04192914813756943
train/gaps384__train_0609,train/gaps384__train_0666,3,0.028078710660338402
train/gaps384__train_0609,train/gaps384__train_0682,4,0.03066200204193592
train/gaps384__train_0609,train/gaps384__train_0683,4,0.031047498807311058
train/gaps384__train_0609,train/gaps384__train_0684,3,0.03236384689807892
train/gaps384__train_0609,train/gaps384__train_0685,4,0.03435505926609039
train/gaps384__train_0609,train/gaps384__train_0691,3,0.03726780042052269
train/gaps384__train_0609,train/gaps384__train_0693,4,0.03680941089987755
train/gaps384__train_0609,train/gaps384__train_0701,5,0.0393826887011528
train/gaps384__train_0609,train/gaps384__train_1159,1,0.04639836400747299
train/gaps384__train_0609,train/gaps384__train_1160,1,0.04912121966481209
train/gaps384__train_0614,train/gaps384__train_0615,5,0.027311114594340324
train/gaps384__train_0615,train/gaps384__train_0640,4,0.03789520636200905
train/gaps384__train_0616,train/gaps384__train_0622,5,0.04469966143369675
train/gaps384__train_0616,train/gaps384__train_0623,4,0.04340450093150139
train/gaps384__train_0616,train/gaps384__train_0627,5,0.03742463141679764
train/gaps384__train_0616,train/gaps384__train_0628,5,0.04114691540598869
train/gaps384__train_0616,train/gaps384__train_0633,4,0.03793184086680412
train/gaps384__train_0616,train/gaps384__train_0645,5,0.04560684785246849
train/gaps384__train_0616,train/gaps384__train_0649,5,0.04250967875123024
train/gaps384__train_0616,train/gaps384__train_0653,4,0.04640273377299309
train/gaps384__train_0616,train/gaps384__train_0684,5,0.045513395220041275
train/gaps384__train_0616,train/gaps384__train_0685,6,0.04711591452360153
train/gaps384__train_0619,train/gaps384__train_0620,0,0.020528333261609077
train/gaps384__train_0619,train/gaps384__train_0636,1,0.04552197456359863
train/gaps384__train_0619,train/gaps384__train_0637,1,0.029676606878638268
train/gaps384__train_0619,train/gaps384__train_0638,1,0.01850246824324131
train/gaps384__train_0620,train/gaps384__train_0636,1,0.03598812222480774
train/gaps384__train_0620,train/gaps384__train_0637,1,0.02201589196920395
train/gaps384__train_0620,train/gaps384__train_0638,1,0.015964802354574203
train/gaps384__train_0622,train/gaps384__train_0623,1,0.01575029268860817
train/gaps384__train_0622,train/gaps384__train_0627,4,0.03443605825304985
train/gaps384__train_0622,train/gaps384__train_0628,2,0.04006209969520569
train/gaps384__train_0622,train/gaps384__train_0633,1,0.02500150538980961
train/gaps384__train_0622,train/gaps384__train_0643,2,0.024633267894387245
train/gaps384__train_0622,train/gaps384__train_0645,2,0.012627309188246727
train/gaps384__train_0622,train/gaps384__train_0649,0,0.043252862989902496
train/gaps384__train_0622,train/gaps384__train_0664,2,0.02893143519759178
train/gaps384__train_0622,train/gaps384__train_0665,4,0.018412558361887932
train/gaps384__train_0622,train/gaps384__train_0666,4,0.02022021822631359
train/gaps384__train_0622,train/gaps384__train_0682,3,0.03655003011226654
train/gaps384__train_0622,train/gaps384__train_0683,3,0.037103019654750824
train/gaps384__train_0622,train/gaps384__train_0684,0,0.044144194573163986
train/gaps384__train_0622,train/gaps384__train_0685,1,0.04702850058674812
train/gaps384__train_0622,train/gaps384__train_0691,2,0.033577315509319305
train/gaps384__train_0622,train/gaps384__train_0693,5,0.0427202470600605
train/gaps384__train_0622,train/gaps384__train_0701,6,0.04218766838312149
train/gaps384__train_0622,train/gaps384__train_0797,6,0.046025440096855164
train/gaps384__train_0622,train/gaps384__train_0799,5,0.0456710122525692
train/gaps384__train_0622,test/gaps384__test_0028,6,0.04719012230634689
train/gaps384__train_0622,test/gaps384__test_0029,6,0.03975559026002884
train/gaps384__train_0623,train/gaps384__train_0627,3,0.030416855588555336
train/gaps384__train_0623,train/gaps384__train_0628,1,0.03196580335497856
train/gaps384__train_0623,train/gaps384__train_0633,0,0.018379494547843933
train/gaps384__train_0623,train/gaps384__train_0643,1,0.03110428713262081
train/gaps384__train_0623,train/gaps384__train_0645,1,0.012728000991046429
train/gaps384__train_0623,train/gaps384__train_0649,1,0.035494182258844376
train/gaps384__train_0623,train/gaps384__train_0650,4,0.04358905553817749
train/gaps384__train_0623,train/gaps384__train_0653,0,0.04285065084695816
train/gaps384__train_0623,train/gaps384__train_0664,1,0.03488064929842949
train/gaps384__train_0623,train/gaps384__train_0665,3,0.021511459723114967
train/gaps384__train_0623,train/gaps384__train_0666,5,0.01627643220126629
train/gaps384__train_0623,train/gaps384__train_0682,4,0.032599885016679764
train/gaps384__train_0623,train/gaps384__train_0683,4,0.03351709991693497
train/gaps384__train_0623,train/gaps384__train_0684,1,0.03949388489127159
train/gaps384__train_0623,train/gaps384__train_0685,2,0.04203091934323311
train/gaps384__train_0623,train/gaps384__train_0691,3,0.03239399939775467
train/gaps384__train_0623,train/gaps384__train_0693,6,0.03940137103199959
train/gaps384__train_0623,train/gaps384__train_0799,6,0.04435648396611214
train/gaps384__train_0623,train/gaps384__train_1159,1,0.04926425218582153
train/gaps384__train_0623,test/gaps384__test_0030,6,0.049697067588567734
train/gaps384__train_0626,train/gaps384__train_0630,6,0.03027903288602829
train/gaps384__train_0626,train/gaps384__train_0634,0,0.01457560807466507
train/gaps384__train_0626,train/gaps384__train_0635,2,0.017678946256637573
train/gaps384__train_0626,train/gaps384__train_0636,3,0.028113987296819687
train/gaps384__train_0626,train/gaps384__train_0637,5,0.044329725205898285
train/gaps384__train_0627,train/gaps384__train_0628,2,0.020227644592523575
train/gaps384__train_0627,train/gaps384__train_0633,3,0.01984878070652485
train/gaps384__train_0627,train/gaps384__train_0645,2,0.0358017273247242
train/gaps384__train_0627,train/gaps384__train_0649,4,0.02419249340891838
train/gaps384__train_0627,train/gaps384__train_0650,5,0.028636904433369637
train/gaps384__train_0627,train/gaps384__train_0651,2,0.042209915816783905
train/gaps384__train_0627,train/gaps384__train_0652,3,0.0452091321349144
train/gaps384__train_0627,train/gaps384__train_0653,3,0.02680240012705326
train/gaps384__train_0627,train/gaps384__train_0665,4,0.04203449562191963
train/gaps384__train_0627,train/gaps384__train_0666,6,0.029245859012007713
train/gaps384__train_0627,train/gaps384__train_0682,5,0.028117457404732704
train/gaps384__train_0627,train/gaps384__train_0683,5,0.028125468641519547
train/gaps384__train_0627,train/gaps384__train_0684,4,0.02923661284148693
train/gaps384__train_0627,train/gaps384__train_0685,3,0.031238224357366562
train/gaps384__train_0627,train/gaps384__train_0686,4,0.03530348092317581
train/gaps384__train_0627,train/gaps384__train_0691,4,0.032469481229782104
train/gaps384__train_0627,train/gaps384__train_0799,5,0.04503089189529419
train/gaps384__train_0627,train/gaps384__train_1159,4,0.04775592312216759
train/gaps384__train_0627,train/gaps384__train_1160,4,0.04762713238596916
train/gaps384__train_0627,test/gaps384__test_0031,6,0.04926867038011551
train/gaps384__train_0628,train/gaps384__train_0633,1,0.019077936187386513
train/gaps384__train_0628,train/gaps384__train_0645,0,0.039002373814582825
train/gaps384__train_0628,train/gaps384__train_0649,2,0.01777721382677555
train/gaps384__train_0628,train/gaps384__train_0650,3,0.020822158083319664
train/gaps384__train_0628,train/gaps384__train_0651,0,0.032794173806905746
train/gaps384__train_0628,train/gaps384__train_0652,1,0.03578809276223183
train/gaps384__train_0628,train/gaps384__train_0653,1,0.01559553761035204
train/gaps384__train_0628,train/gaps384__train_0665,2,0.04677265137434006
train/gaps384__train_0628,train/gaps384__train_0666,4,0.03220779076218605
train/gaps384__train_0628,train/gaps384__train_0667,2,0.045122843235731125
train/gaps384__train_0628,train/gaps384__train_0682,3,0.02622148208320141
train/gaps384__train_0628,train/gaps384__train_0683,3,0.026708941906690598
train/gaps384__train_0628,train/gaps384__train_0684,2,0.026039864867925644
train/gaps384__train_0628,train/gaps384__train_0685,1,0.027410466223955154
train/gaps384__train_0628,train/gaps384__train_0686,6,0.03189242631196976
train/gaps384__train_0628,train/gaps384__train_0691,2,0.03326365351676941
train/gaps384__train_0628,train/gaps384__train_0693,5,0.03021075949072838
train/gaps384__train_0628,train/gaps384__train_0701,6,0.03261439502239227
train/gaps384__train_0628,train/gaps384__train_0799,5,0.04944470152258873
train/gaps384__train_0628,train/gaps384__train_1150,2,0.04678677022457123
train/gaps384__train_0628,train/gaps384__train_1159,2,0.040958698838949203
train/gaps384__train_0628,train/gaps384__train_1160,2,0.041946686804294586
train/gaps384__train_0628,test/gaps384__test_0029,6,0.04924168810248375
train/gaps384__train_0628,test/gaps384__test_0030,5,0.046524591743946075
train/gaps384__train_0630,train/gaps384__train_0634,6,0.0281214639544487
train/gaps384__train_0633,train/gaps384__train_0643,1,0.04475422948598862
train/gaps384__train_0633,train/gaps384__train_0645,1,0.02390051819384098
train/gaps384__train_0633,train/gaps384__train_0649,1,0.02279609441757202
train/gaps384__train_0633,train/gaps384__train_0650,4,0.030274324119091034
train/gaps384__train_0633,train/gaps384__train_0651,1,0.04698009416460991
train/gaps384__train_0633,train/gaps384__train_0653,0,0.02897396869957447
train/gaps384__train_0633,train/gaps384__train_0664,1,0.04757444187998772
train/gaps384__train_0633,train/gaps384__train_0665,3,0.0319373719394207
train/gaps384__train_0633,train/gaps384__train_0666,5,0.018813971430063248
train/gaps384__train_0633,train/gaps384__train_0682,4,0.024453675374388695
train/gaps384__train_0633,train/gaps384__train_0683,4,0.024840600788593292
train/gaps384__train_0633,train/gaps384__train_0684,1,0.029380345717072487
train/gaps384__train_0633,train/gaps384__train_0685,2,0.03211602941155434
train/gaps384__train_0633,train/gaps384__train_0691,3,0.02753565087914467
train/gaps384__train_0633,train/gaps384__train_0693,6,0.03058893419802189
train/gaps384__train_0633,train/gaps384__train_0799,6,0.04234738647937775
train/gaps384__train_0633,train/gaps384__train_1159,1,0.04479028657078743
train/gaps384__train_0633,train/gaps384__train_1160,1,0.048075783997774124
train/gaps384__train_0633,test/gaps384__test_0030,6,0.04465058073401451
train/gaps384__train_0633,test/gaps384__test_0031,5,0.04950237274169922
train/gaps384__train_0634,train/gaps384__train_0635,2,0.01613696664571762
train/gaps384__train_0634,train/gaps384__train_0636,3,0.030221443623304367
train/gaps384__train_0634,train/gaps384__train_0637,5,0.04584987834095955
train/gaps384__train_0635,train/gaps384__train_0636,3,0.020329846069216728
train/gaps384__train_0635,train/gaps384__train_0637,3,0.034978676587343216
train/gaps384__train_0636,train/gaps384__train_0637,2,0.020209072157740593
train/gaps384__train_0636,train/gaps384__train_0638,2,0.03719498962163925
train/gaps384__train_0637,train/gaps384__train_0638,0,0.02052430994808674
train/gaps384__train_0642,train/gaps384__train_0665,6,0.04960253834724426
train/gaps384__train_0643,train/gaps384__train_0645,0,0.023518241941928864
train/gaps384__train_0643,train/gaps384__train_0662,0,0.03582541644573212
train/gaps384__train_0643,train/gaps384__train_0664,0,0.015100903809070587
train/gaps384__train_0643,train/gaps384__train_0665,2,0.021968770772218704
train/gaps384__train_0643,train/gaps384__train_0666,4,0.03521275147795677
train/gaps384__train_0645,train/gaps384__train_0649,2,0.04153743386268616
train/gaps384__train_0645,train/gaps384__train_0664,0,0.027622509747743607
train/gaps384__train_0645,train/gaps384__train_0665,2,0.016435740515589714
train/gaps384__train_0645,train/gaps384__train_0666,4,0.017734922468662262
train/gaps384__train_0645,train/gaps384__train_0682,3,0.0375790148973465
train/gaps384__train_0645,train/gaps384__train_0683,3,0.03835197165608406
train/gaps384__train_0645,train/gaps384__train_0684,2,0.045257437974214554
train/gaps384__train_0645,train/gaps384__train_0685,1,0.04801967740058899
train/gaps384__train_0645,train/gaps384__train_0691,2,0.035866059362888336
train/gaps384__train_0645,train/gaps384__train_0693,5,0.04467260465025902
train/gaps384__train_0645,train/gaps384__train_0701,6,0.04417411983013153
train/gaps384__train_0645,train/gaps384__train_0797,6,0.04616570100188255
train/gaps384__train_0645,train/gaps384__train_0799,5,0.04553714394569397
train/gaps384__train_0645,test/gaps384__test_0028,6,0.04859698563814163
train/gaps384__train_0645,test/gaps384__test_0029,6,0.0415789894759655
train/gaps384__train_0649,train/gaps384__train_0650,3,0.014663954265415668
train/gaps384__train_0649,train/gaps384__train_0651,2,0.030666900798678398
train/gaps384__train_0649,train/gaps384__train_0652,1,0.03461809456348419
train/gaps384__train_0649,train/gaps384__train_0653,1,0.019161589443683624
train/gaps384__train_0649,train/gaps384__train_0665,4,0.046565890312194824
train/gaps384__train_0649,train/gaps384__train_0666,4,0.031540367752313614
train/gaps384__train_0649,train/gaps384__train_0667,0,0.04131120443344116
train/gaps384__train_0649,train/gaps384__train_0682,3,0.03121778555214405
train/gaps384__train_0649,train/gaps384__train_0683,3,0.03052651695907116
train/gaps384__train_0649,train/gaps384__train_0684,0,0.030449673533439636
train/gaps384__train_0649,train/gaps384__train_0685,1,0.03148365393280983
train/gaps384__train_0649,train/gaps384__train_0686,6,0.034476809203624725
train/gaps384__train_0649,train/gaps384__train_0691,2,0.038225870579481125
train/gaps384__train_0649,train/gaps384__train_0693,5,0.035576172173023224
train/gaps384__train_0649,train/gaps384__train_0701,6,0.039203815162181854
train/gaps384__train_0649,train/gaps384__train_0797,6,0.04824667051434517
train/gaps384__train_0649,train/gaps384__train_0799,5,0.04001183807849884
train/gaps384__train_0649,test/gaps384__test_0029,6,0.04495595768094063
train/gaps384__train_0649,test/gaps384__test_0030,5,0.039228327572345734
train/gaps384__train_0649,test/gaps384__test_0031,6,0.0448075532913208
train/gaps384__train_0649,test/gaps384__test_0032,5,0.04615073278546333
train/gaps384__train_0650,train/gaps384__train_0651,3,0.022622495889663696
train/gaps384__train_0650,train/gaps384__train_0652,4,0.026652369648218155
train/gaps384__train_0650,train/gaps384__train_0653,4,0.016081495210528374
train/gaps384__train_0650,train/gaps384__train_0666,5,0.040130458772182465
train/gaps384__train_0650,train/gaps384__train_0667,3,0.03343635052442551
train/gaps384__train_0650,train/gaps384__train_0669,6,0.049084216356277466
train/gaps384__train_0650,train/gaps384__train_0682,4,0.034684836864471436
train/gaps384__train_0650,train/gaps384__train_0683,4,0.03380110114812851
train/gaps384__train_0650,train/gaps384__train_0684,3,0.03139432519674301
train/gaps384__train_0650,train/gaps384__train_0685,2,0.032358281314373016
train/gaps384__train_0650,train/gaps384__train_0691,3,0.04281190410256386
train/gaps384__train_0650,train/gaps384__train_0693,6,0.037791427224874496
train/gaps384__train_0650,train/gaps384__train_0799,2,0.046036697924137115
train/gaps384__train_0650,test/gaps384__test_0029,3,0.04993237927556038
train/gaps384__train_0650,test/gaps384__test_0030,2,0.04085719212889671
train/gaps384__train_0650,test/gaps384__test_0031,3,0.04673747345805168
train/gaps384__train_0650,test/gaps384__test_0032,2,0.04858199879527092
train/gaps384__train_0650,test/gaps384__test_0033,2,0.04690682888031006
train/gaps384__train_0650,test/gaps384__test_0034,5,0.04982970654964447
train/gaps384__train_0651,train/gaps384__train_0652,1,0.012579047121107578
train/gaps384__train_0651,train/gaps384__train_0653,1,0.021941067650914192
train/gaps384__train_0651,train/gaps384__train_0667,2,0.01900932751595974
train/gaps384__train_0651,train/gaps384__train_0682,3,0.04661247134208679
train/gaps384__train_0651,train/gaps384__train_0683,3,0.045974019914865494
train/gaps384__train_0651,train/gaps384__train_0684,2,0.04036683589220047
train/gaps384__train_0651,train/gaps384__train_0685,1,0.039772775024175644
train/gaps384__train_0651,train/gaps384__train_0686,6,0.03685813397169113
train/gaps384__train_0651,train/gaps384__train_0693,5,0.04739590734243393
train/gaps384__train_0651,test/gaps384__test_0033,5,0.046797044575214386
train/gaps384__train_0652,train/gaps384__train_0653,0,0.0243101567029953
train/gaps384__train_0652,train/gaps384__train_0667,1,0.01870107837021351
train/gaps384__train_0652,train/gaps384__train_0682,4,0.04927629232406616
train/gaps384__train_0652,train/gaps384__train_0683,4,0.04864007979631424
train/gaps384__train_0652,train/gaps384__train_0684,1,0.04297156631946564
train/gaps384__train_0652,train/gaps384__train_0685,2,0.042293086647987366
train/gaps384__train_0652,train/gaps384__train_0693,6,0.04974796250462532
train/gaps384__train_0652,train/gaps384__train_1145,1,0.04965700954198837
train/gaps384__train_0652,train/gaps384__train_1146,1,0.049437250941991806
train/gaps384__train_0653,train/gaps384__train_0666,5,0.04180179908871651
train/gaps384__train_0653,train/gaps384__train_0667,1,0.034554045647382736
train/gaps384__train_0653,train/gaps384__train_0682,4,0.03149080649018288
train/gaps384__train_0653,train/gaps384__train_0683,4,0.031311456114053726
train/gaps384__train_0653,train/gaps384__train_0684,1,0.02783859707415104
train/gaps384__train_0653,train/gaps384__train_0685,2,0.028491264209151268
train/gaps384__train_0653,train/gaps384__train_0691,3,0.040375396609306335
train/gaps384__train_0653,train/gaps384__train_0693,6,0.03427935391664505
train/gaps384__train_0653,train/gaps384__train_1145,1,0.0483752079308033
train/gaps384__train_0653,train/gaps384__train_1148,2,0.049824733287096024
train/gaps384__train_0653,train/gaps384__train_1150,1,0.04778799042105675
train/gaps384__train_0653,train/gaps384__train_1159,1,0.045639269053936005
train/gaps384__train_0653,train/gaps384__train_1160,1,0.044420935213565826
train/gaps384__train_0653,test/gaps384__test_0030,6,0.04809826985001564
train/gaps384__train_0661,train/gaps384__train_0662,4,0.02048475667834282
train/gaps384__train_0661,train/gaps384__train_0664,4,0.049565430730581284
train/gaps384__train_0662,train/gaps384__train_0664,0,0.03311318904161453
train/gaps384__train_0662,train/gaps384__train_0665,2,0.04973074793815613
train/gaps384__train_0664,train/gaps384__train_0665,2,0.01904996857047081
train/gaps384__train_0664,train/gaps384__train_0666,4,0.03465993329882622
train/gaps384__train_0664,train/gaps384__train_0797,6,0.04810279607772827
train/gaps384__train_0664,test/gaps384__test_0029,6,0.049959585070610046
train/gaps384__train_0665,train/gaps384__train_0666,6,0.01842642016708851
train/gaps384__train_0665,train/gaps384__train_0682,5,0.04197156801819801
train/gaps384__train_0665,train/gaps384__train_0683,5,0.04205450043082237
train/gaps384__train_0665,train/gaps384__train_0684,4,0.04944637045264244
train/gaps384__train_0665,train/gaps384__train_0691,4,0.03897502273321152
train/gaps384__train_0666,train/gaps384__train_0682,3,0.029440347105264664
train/gaps384__train_0666,train/gaps384__train_0683,3,0.02932380884885788
train/gaps384__train_0666,train/gaps384__train_0684,4,0.03580445796251297
train/gaps384__train_0666,train/gaps384__train_0685,3,0.038403045386075974
train/gaps384__train_0666,train/gaps384__train_0686,6,0.04569287970662117
train/gaps384__train_0666,train/gaps384__train_0691,2,0.02934403158724308
train/gaps384__train_0666,train/gaps384__train_0692,6,0.03116144984960556
train/gaps384__train_0666,train/gaps384__train_0693,3,0.03667595610022545
train/gaps384__train_0666,train/gaps384__train_0694,5,0.04215633124113083
train/gaps384__train_0666,train/gaps384__train_0700,4,0.038249239325523376
train/gaps384__train_0666,train/gaps384__train_0701,2,0.037741318345069885
train/gaps384__train_0667,train/gaps384__train_0684,0,0.047496721148490906
train/gaps384__train_0667,train/gaps384__train_0685,1,0.04591600224375725
train/gaps384__train_0667,train/gaps384__train_0686,6,0.04038376361131668
train/gaps384__train_0667,test/gaps384__test_0033,5,0.04964778572320938
train/gaps384__train_0669,train/gaps384__train_0682,6,0.036537908017635345
train/gaps384__train_0669,train/gaps384__train_0683,6,0.035671453922986984
train/gaps384__train_0669,train/gaps384__train_0685,6,0.04179173707962036
train/gaps384__train_0669,train/gaps384__train_0799,6,0.04314247891306877
train/gaps384__train_0669,test/gaps384__test_0029,5,0.047229889780282974
train/gaps384__train_0669,test/gaps384__test_0030,6,0.04969419538974762
train/gaps384__train_0669,test/gaps384__test_0041,6,0.048734311014413834
train/gaps384__train_0669,test/gaps384__test_0042,6,0.04901976138353348
train/gaps384__train_0679,train/gaps384__train_0680,1,0.022824734449386597
train/gaps384__train_0679,train/gaps384__train_0689,2,0.04202180728316307
train/gaps384__train_0680,train/gaps384__train_0688,2,0.04744024574756622
train/gaps384__train_0680,train/gaps384__train_0689,1,0.03302190452814102
train/gaps384__train_0681,train/gaps384__train_0690,5,0.02160549908876419
train/gaps384__train_0682,train/gaps384__train_0683,2,0.00965107697993517
train/gaps384__train_0682,train/gaps384__train_0684,3,0.013463672250509262
train/gaps384__train_0682,train/gaps384__train_0685,2,0.016352836042642593
train/gaps384__train_0682,train/gaps384__train_0686,5,0.02349811978638172
train/gaps384__train_0682,train/gaps384__train_0691,1,0.01496453583240509
train/gaps384__train_0682,train/gaps384__train_0693,4,0.014896640554070473
train/gaps384__train_0682,train/gaps384__train_0694,6,0.019321206957101822
train/gaps384__train_0682,train/gaps384__train_0701,5,0.01611647941172123
train/gaps384__train_0682,train/gaps384__train_1150,5,0.047394637018442154
train/gaps384__train_0682,train/gaps384__train_1159,3,0.038160789757966995
train/gaps384__train_0682,train/gaps384__train_1160,5,0.03882097080349922
train/gaps384__train_0682,test/gaps384__test_0029,5,0.049446217715740204
train/gaps384__train_0683,train/gaps384__train_0684,3,0.013277214020490646
train/gaps384__train_0683,train/gaps384__train_0685,2,0.01599441096186638
train/gaps384__train_0683,train/gaps384__train_0691,3,0.015799323096871376
train/gaps384__train_0683,train/gaps384__train_0693,4,0.015410997904837132
train/gaps384__train_0683,train/gaps384__train_0694,6,0.019570661708712578
train/gaps384__train_0683,train/gaps384__train_0701,5,0.017226314172148705
train/gaps384__train_0683,train/gaps384__train_0799,6,0.04993313178420067
train/gaps384__train_0683,train/gaps384__train_1150,5,0.04925708845257759
train/gaps384__train_0683,train/gaps384__train_1159,5,0.04022614285349846
train/gaps384__train_0683,train/gaps384__train_1160,3,0.04030745476484299
train/gaps384__train_0683,test/gaps384__test_0029,5,0.048371173441410065
train/gaps384__train_0683,test/gaps384__test_0030,6,0.049793072044849396
train/gaps384__train_0684,train/gaps384__train_0685,1,0.011649250984191895
train/gaps384__train_0684,train/gaps384__train_0686,6,0.016703572124242783
train/gaps384__train_0684,train/gaps384__train_0691,2,0.02191915549337864
train/gaps384__train_0684,train/gaps384__train_0693,5,0.016298560425639153
train/gaps384__train_0684,train/gaps384__train_0701,6,0.018425196409225464
train/gaps384__train_0684,train/gaps384__train_1145,0,0.049671221524477005
train/gaps384__train_0684,train/gaps384__train_1148,1,0.048093583434820175
train/gaps384__train_0684,train/gaps384__train_1150,2,0.04543710872530937
train/gaps384__train_0684,train/gaps384__train_1159,2,0.038719091564416885
train/gaps384__train_0684,train/gaps384__train_1160,2,0.03677716478705406
train/gaps384__train_0685,train/gaps384__train_0686,5,0.014283140189945698
train/gaps384__train_0685,train/gaps384__train_0691,1,0.023790614679455757
train/gaps384__train_0685,train/gaps384__train_0693,4,0.016837898641824722
train/gaps384__train_0685,train/gaps384__train_0701,5,0.020031049847602844
train/gaps384__train_0685,train/gaps384__train_1145,1,0.049501314759254456
train/gaps384__train_0685,train/gaps384__train_1148,2,0.048577047884464264
train/gaps384__train_0685,train/gaps384__train_1150,3,0.04613087698817253
train/gaps384__train_0685,train/gaps384__train_1159,3,0.039973340928554535
train/gaps384__train_0685,train/gaps384__train_1160,3,0.03745090961456299
train/gaps384__train_0686,train/gaps384__train_0691,4,0.03020106628537178
train/gaps384__train_0686,train/gaps384__train_0693,5,0.020968422293663025
train/gaps384__train_0686,train/gaps384__train_0700,6,0.02421669289469719
train/gaps384__train_0686,train/gaps384__train_1145,6,0.049149032682180405
train/gaps384__train_0686,train/gaps384__train_1148,5,0.048475224524736404
train/gaps384__train_0686,train/gaps384__train_1159,6,0.044953443109989166
train/gaps384__train_0687,train/gaps384__train_0688,4,0.04651150852441788
train/gaps384__train_0687,train/gaps384__train_0689,1,0.04849350079894066
train/gaps384__train_0688,train/gaps384__train_0689,3,0.02087870053946972
train/gaps384__train_0691,train/gaps384__train_0692,6,0.01063849963247776
train/gaps384__train_0691,train/gaps384__train_0693,3,0.015462075360119343
train/gaps384__train_0691,train/gaps384__train_0700,6,0.016701774671673775
train/gaps384__train_0691,train/gaps384__train_0701,4,0.016254272311925888
train/gaps384__train_0691,train/gaps384__train_1159,2,0.04299113526940346
train/gaps384__train_0691,train/gaps384__train_1160,4,0.04391053318977356
train/gaps384__train_0691,test/gaps384__test_0029,6,0.048885539174079895
train/gaps384__train_0692,train/gaps384__train_0693,5,0.012445216067135334
train/gaps384__train_0692,train/gaps384__train_0695,5,0.02187560498714447
train/gaps384__train_0692,train/gaps384__train_0701,6,0.013790987432003021
train/gaps384__train_0693,train/gaps384__train_0694,6,0.012144727632403374
train/gaps384__train_0693,train/gaps384__train_0695,6,0.01621866039931774
train/gaps384__train_0693,train/gaps384__train_0700,5,0.012872316874563694
train/gaps384__train_0693,train/gaps384__train_0701,5,0.01294212881475687
train/gaps384__train_0693,train/gaps384__train_1159,5,0.04108171537518501
train/gaps384__train_0693,train/gaps384__train_1160,5,0.03963793069124222
train/gaps384__train_0694,train/gaps384__train_0695,4,0.01144243124872446
train/gaps384__train_0694,train/gaps384__train_0700,5,0.01443167682737112
train/gaps384__train_0695,train/gaps384__train_0700,5,0.017662372440099716
train/gaps384__train_0696,train/gaps384__train_0697,3,0.04269404336810112
train/gaps384__train_0696,train/gaps384__train_0698,3,0.043463800102472305
train/gaps384__train_0697,train/gaps384__train_0698,6,0.01164667122066021
train/gaps384__train_0700,train/gaps384__train_0701,4,0.008864286355674267
train/gaps384__train_0701,train/gaps384__train_1159,6,0.038157835602760315
train/gaps384__train_0701,train/gaps384__train_1160,6,0.037960536777973175
train/gaps384__train_0763,train/gaps384__train_0907,4,0.04149438068270683
train/gaps384__train_0763,train/gaps384__train_0908,4,0.04085332900285721
train/gaps384__train_0763,train/gaps384__train_0917,5,0.03843587636947632
train/gaps384__train_0763,test/gaps384__test_0025,4,0.04352474957704544
train/gaps384__train_0763,test/gaps384__test_0026,6,0.04248882457613945
train/gaps384__train_0763,test/gaps384__test_0039,4,0.03379620984196663
train/gaps384__train_0763,test/gaps384__test_0041,5,0.02588570863008499
train/gaps384__train_0763,test/gaps384__test_0042,5,0.028264226391911507
train/gaps384__train_0764,train/gaps384__train_0765,0,0.009266035631299019
train/gaps384__train_0764,train/gaps384__train_0766,3,0.012555745430290699
train/gaps384__train_0764,train/gaps384__train_0767,0,0.015108860097825527
train/gaps384__train_0764,test/gaps384__test_0039,4,0.032553087919950485
train/gaps384__train_0764,test/gaps384__test_0041,5,0.027551189064979553
train/gaps384__train_0764,test/gaps384__test_0042,5,0.031098246574401855
train/gaps384__train_0765,train/gaps384__train_0766,3,0.008000491186976433
train/gaps384__train_0765,train/gaps384__train_0767,0,0.01029922440648079
train/gaps384__train_0765,test/gaps384__test_0039,4,0.03406774625182152
train/gaps384__train_0765,test/gaps384__test_0041,5,0.02960110642015934
train/gaps384__train_0765,test/gaps384__test_0042,5,0.034182608127593994
train/gaps384__train_0766,train/gaps384__train_0767,3,0.00846298597753048
train/gaps384__train_0766,test/gaps384__test_0039,5,0.03584679216146469
train/gaps384__train_0766,test/gaps384__test_0041,6,0.03164660930633545
train/gaps384__train_0766,test/gaps384__test_0042,6,0.03664932772517204
train/gaps384__train_0767,test/gaps384__test_0039,4,0.03682491183280945
train/gaps384__train_0767,test/gaps384__test_0041,5,0.03298527002334595
train/gaps384__train_0767,test/gaps384__test_0042,5,0.03862899914383888
train/gaps384__train_0775,train/gaps384__train_0776,1,0.020128654316067696
train/gaps384__train_0775,train/gaps384__train_0795,2,0.035605285316705704
train/gaps384__train_0776,train/gaps384__train_0795,1,0.033777542412281036
train/gaps384__train_0797,train/gaps384__train_0799,5,0.014281036332249641
train/gaps384__train_0797,test/gaps384__test_0026,6,0.03325597569346428
train/gaps384__train_0797,test/gaps384__test_0029,6,0.027418682351708412
train/gaps384__train_0799,test/gaps384__test_0026,5,0.030584516003727913
train/gaps384__train_0799,test/gaps384__test_0028,3,0.04702801629900932
train/gaps384__train_0799,test/gaps384__test_0029,3,0.027637997642159462
train/gaps384__train_0799,test/gaps384__test_0030,2,0.02608308754861355
train/gaps384__train_0799,test/gaps384__test_0031,3,0.027432650327682495
train/gaps384__train_0799,test/gaps384__test_0032,2,0.025164064019918442
train/gaps384__train_0799,test/gaps384__test_0040,5,0.028255723416805267
train/gaps384__train_0799,test/gaps384__test_0041,6,0.027796484529972076
train/gaps384__train_0799,test/gaps384__test_0042,6,0.02915198728442192
train/gaps384__train_0907,train/gaps384__train_0908,0,0.006885684560984373
train/gaps384__train_0907,train/gaps384__train_0917,1,0.013006371445953846
train/gaps384__train_0907,test/gaps384__test_0025,6,0.028966713696718216
train/gaps384__train_0908,train/gaps384__train_0917,1,0.012113770470023155
train/gaps384__train_0908,test/gaps384__test_0025,6,0.030797865241765976
train/gaps384__train_0917,test/gaps384__test_0025,5,0.03076298162341118
train/gaps384__train_0927,test/gaps384__test_0252,6,0.022098615765571594
train/gaps384__train_0927,test/gaps384__test_0278,6,0.04052261263132095
train/gaps384__train_0935,train/gaps384__train_0936,5,0.031539175659418106
train/gaps384__train_0950,train/gaps384__train_0951,6,0.028909625485539436
train/gaps384__train_0951,train/gaps384__train_0952,6,0.04722178727388382
train/gaps384__train_0960,train/gaps384__train_0961,0,0.027720199897885323
train/gaps384__train_0986,train/gaps384__train_0987,0,0.02600841410458088
train/gaps384__train_0995,train/gaps384__train_0996,1,0.038269057869911194
train/gaps384__train_0997,train/gaps384__train_0998,3,0.02395198866724968
train/gaps384__train_1012,train/gaps384__train_1014,6,0.009533654898405075
train/gaps384__train_1012,train/gaps384__train_1015,5,0.01080518402159214
train/gaps384__train_1013,train/gaps384__train_1015,4,0.009316950105130672
train/gaps384__train_1013,train/gaps384__train_1016,6,0.009525774978101254
train/gaps384__train_1014,train/gaps384__train_1016,5,0.011579426936805248
train/gaps384__train_1015,train/gaps384__train_1016,6,0.010182637721300125
train/gaps384__train_1026,train/gaps384__train_1030,6,0.047082435339689255
train/gaps384__train_1053,train/gaps384__train_1055,3,0.019184695556759834
train/gaps384__train_1056,train/gaps384__train_1111,5,0.02936730720102787
train/gaps384__train_1078,train/gaps384__train_1084,4,0.03762274980545044
train/gaps384__train_1078,train/gaps384__train_1085,5,0.04304298013448715
train/gaps384__train_1078,train/gaps384__train_1091,6,0.03377598524093628
train/gaps384__train_1078,train/gaps384__train_1092,4,0.03925492241978645
train/gaps384__train_1078,train/gaps384__train_1126,3,0.03729458898305893
train/gaps384__train_1078,train/gaps384__train_1140,3,0.02912028878927231
train/gaps384__train_1078,train/gaps384__train_1145,1,0.03759579360485077
train/gaps384__train_1078,train/gaps384__train_1146,1,0.04093926027417183
train/gaps384__train_1078,train/gaps384__train_1148,2,0.04806531220674515
train/gaps384__train_1078,train/gaps384__train_1150,3,0.041065625846385956
train/gaps384__train_1078,train/gaps384__train_1159,3,0.04910348355770111
train/gaps384__train_1078,train/gaps384__train_1160,3,0.048716895282268524
train/gaps384__train_1078,train/gaps384__train_1190,6,0.047734376043081284
train/gaps384__train_1078,train/gaps384__train_1201,4,0.03185355290770531
train/gaps384__train_1084,train/gaps384__train_1085,1,0.019717447459697723
train/gaps384__train_1084,train/gaps384__train_1086,3,0.017539072781801224
train/gaps384__train_1084,train/gaps384__train_1091,4,0.039924658834934235
train/gaps384__train_1084,train/gaps384__train_1092,2,0.035808857530355453
train/gaps384__train_1084,train/gaps384__train_1125,5,0.04948264732956886
train/gaps384__train_1084,train/gaps384__train_1126,1,0.026709221303462982
train/gaps384__train_1084,train/gaps384__train_1140,1,0.028856588527560234
train/gaps384__train_1084,train/gaps384__train_1145,3,0.04336659982800484
train/gaps384__train_1084,train/gaps384__train_1146,3,0.04775969684123993
train/gaps384__train_1084,train/gaps384__train_1148,4,0.048601001501083374
train/gaps384__train_1084,train/gaps384__train_1150,3,0.04003003239631653
train/gaps384__train_1084,train/gaps384__train_1159,3,0.04826347157359123
train/gaps384__train_1084,train/gaps384__train_1167,5,0.04881929233670235
train/gaps384__train_1084,train/gaps384__train_1169,6,0.0418204702436924
train/gaps384__train_1084,train/gaps384__train_1190,2,0.0389057882130146
train/gaps384__train_1084,train/gaps384__train_1201,0,0.025480473414063454
train/gaps384__train_1085,train/gaps384__train_1086,2,0.02427646331489086
train/gaps384__train_1085,train/gaps384__train_1091,5,0.042592618614435196
train/gaps384__train_1085,train/gaps384__train_1092,3,0.03615424782037735
train/gaps384__train_1085,train/gaps384__train_1125,6,0.04641810432076454
train/gaps384__train_1085,train/gaps384__train_1126,2,0.024370931088924408
train/gaps384__train_1085,train/gaps384__train_1140,2,0.03279944136738777
train/gaps384__train_1085,train/gaps384__train_1145,4,0.043854061514139175
train/gaps384__train_1085,train/gaps384__train_1148,5,0.04599034786224365
train/gaps384__train_1085,train/gaps384__train_1150,2,0.037045903503894806
train/gaps384__train_1085,train/gaps384__train_1159,4,0.04174283146858215
train/gaps384__train_1085,train/gaps384__train_1160,4,0.046510059386491776
train/gaps384__train_1085,train/gaps384__train_1167,4,0.04396863654255867
train/gaps384__train_1085,train/gaps384__train_1169,5,0.038419853895902634
train/gaps384__train_1085,train/gaps384__train_1190,3,0.03837115317583084
train/gaps384__train_1085,train/gaps384__train_1201,1,0.03361598029732704
train/gaps384__train_1086,train/gaps384__train_1092,5,0.038997940719127655
train/gaps384__train_1086,train/gaps384__train_1126,4,0.028725657612085342
train/gaps384__train_1086,train/gaps384__train_1140,4,0.027604015544056892
train/gaps384__train_1086,train/gaps384__train_1145,6,0.047763314098119736
train/gaps384__train_1086,train/gaps384__train_1150,4,0.04497665911912918
train/gaps384__train_1086,train/gaps384__train_1169,5,0.043412115424871445
train/gaps384__train_1086,train/gaps384__train_1190,5,0.04199499264359474
train/gaps384__train_1086,train/gaps384__train_1201,3,0.02468564547598362
train/gaps384__train_1091,train/gaps384__train_1092,2,0.025824135169386864
train/gaps384__train_1091,train/gaps384__train_1126,5,0.040209341794252396
train/gaps384__train_1091,train/gaps384__train_1140,5,0.03450402617454529
train/gaps384__train_1091,train/gaps384__train_1190,6,0.049108680337667465
train/gaps384__train_1091,train/gaps384__train_1201,4,0.04050222039222717
train/gaps384__train_1092,train/gaps384__train_1126,3,0.033856816589832306
train/gaps384__train_1092,train/gaps384__train_1140,3,0.034480296075344086
train/gaps384__train_1092,train/gaps384__train_1150,5,0.048722442239522934
train/gaps384__train_1092,train/gaps384__train_1190,4,0.046618424355983734
train/gaps384__train_1092,train/gaps384__train_1201,2,0.042058780789375305
train/gaps384__train_1111,train/gaps384__train_1117,6,0.022581299766898155
train/gaps384__train_1125,train/gaps384__train_1126,4,0.03984634205698967
train/gaps384__train_1125,train/gaps384__train_1140,4,0.045109864324331284
train/gaps384__train_1125,train/gaps384__train_1150,4,0.045320939272642136
train/gaps384__train_1125,train/gaps384__train_1159,4,0.04297139123082161
train/gaps384__train_1125,train/gaps384__train_1187,2,0.04773721098899841
train/gaps384__train_1126,train/gaps384__train_1140,2,0.025383038446307182
train/gaps384__train_1126,train/gaps384__train_1145,2,0.044899795204401016
train/gaps384__train_1126,train/gaps384__train_1148,3,0.0483812615275383
train/gaps384__train_1126,train/gaps384__train_1150,2,0.037631530314683914
train/gaps384__train_1126,train/gaps384__train_1159,2,0.04005066305398941
train/gaps384__train_1126,train/gaps384__train_1160,2,0.045586422085762024
train/gaps384__train_1126,train/gaps384__train_1167,6,0.04768621549010277
train/gaps384__train_1126,train/gaps384__train_1190,3,0.04176189377903938
train/gaps384__train_1126,train/gaps384__train_1201,1,0.03526304289698601
train/gaps384__train_1140,train/gaps384__train_1145,2,0.03844740241765976
train/gaps384__train_1140,train/gaps384__train_1146,2,0.042665544897317886
train/gaps384__train_1140,train/gaps384__train_1148,3,0.046545565128326416
train/gaps384__train_1140,train/gaps384__train_1150,2,0.037729378789663315
train/gaps384__train_1140,train/gaps384__train_1159,2,0.04626123979687691
train/gaps384__train_1140,train/gaps384__train_1160,2,0.04851207882165909
train/gaps384__train_1140,train/gaps384__train_1190,3,0.04158368334174156
train/gaps384__train_1140,train/gaps384__train_1201,1,0.02595292218029499
train/gaps384__train_1145,train/gaps384__train_1146,0,0.015263136476278305
train/gaps384__train_1145,train/gaps384__train_1148,1,0.02712572179734707
train/gaps384__train_1145,train/gaps384__train_1150,2,0.019937487319111824
train/gaps384__train_1145,train/gaps384__train_1159,2,0.03291371092200279
train/gaps384__train_1145,train/gaps384__train_1160,2,0.028644246980547905
train/gaps384__train_1145,train/gaps384__train_1187,4,0.049629174172878265
train/gaps384__train_1145,train/gaps384__train_1190,5,0.04344756156206131
train/gaps384__train_1145,train/gaps384__train_1201,3,0.03744629770517349
train/gaps384__train_1146,train/gaps384__train_1148,1,0.0313921719789505
train/gaps384__train_1146,train/gaps384__train_1150,2,0.02736056223511696
train/gaps384__train_1146,train/gaps384__train_1159,2,0.04220190644264221
train/gaps384__train_1146,train/gaps384__train_1160,2,0.03613700345158577
train/gaps384__train_1146,train/gaps384__train_1190,5,0.04801560938358307
train/gaps384__train_1146,train/gaps384__train_1201,3,0.03884282335639
train/gaps384__train_1147,train/gaps384__train_1166,5,0.04802514985203743
train/gaps384__train_1147,train/gaps384__train_1172,6,0.047862887382507324
train/gaps384__train_1147,train/gaps384__train_1174,5,0.04886787384748459
train/gaps384__train_1147,train/gaps384__train_1175,4,0.0479072667658329
train/gaps384__train_1147,train/gaps384__train_1177,6,0.04688185080885887
train/gaps384__train_1147,train/gaps384__train_1178,4,0.04659748449921608
train/gaps384__train_1147,train/gaps384__train_1180,5,0.04888032004237175
train/gaps384__train_1148,train/gaps384__train_1150,3,0.025072582066059113
train/gaps384__train_1148,train/gaps384__train_1159,3,0.03338038548827171
train/gaps384__train_1148,train/gaps384__train_1160,3,0.02972893975675106
train/gaps384__train_1148,train/gaps384__train_1190,6,0.048849429935216904
train/gaps384__train_1148,train/gaps384__train_1201,4,0.045685313642024994
train/gaps384__train_1150,train/gaps384__train_1159,2,0.021028855815529823
train/gaps384__train_1150,train/gaps384__train_1160,2,0.020348673686385155
train/gaps384__train_1150,train/gaps384__train_1167,6,0.04759037867188454
train/gaps384__train_1150,train/gaps384__train_1187,4,0.04756860062479973
train/gaps384__train_1150,train/gaps384__train_1190,5,0.0403871089220047
train/gaps384__train_1150,train/gaps384__train_1201,3,0.039226025342941284
train/gaps384__train_1152,train/gaps384__train_1153,1,0.037536025047302246
train/gaps384__train_1155,train/gaps384__train_1156,1,0.011250508017838001
train/gaps384__train_1155,train/gaps384__train_1157,1,0.03272862359881401
train/gaps384__train_1155,train/gaps384__train_1161,5,0.03381109610199928
train/gaps384__train_1155,train/gaps384__train_1162,4,0.028577318415045738
train/gaps384__train_1155,train/gaps384__train_1163,5,0.029833074659109116
train/gaps384__train_1155,train/gaps384__train_1164,4,0.04482128843665123
train/gaps384__train_1156,train/gaps384__train_1157,0,0.02975090593099594
train/gaps384__train_1156,train/gaps384__train_1161,4,0.03218026086688042
train/gaps384__train_1156,train/gaps384__train_1162,3,0.027444962412118912
train/gaps384__train_1156,train/gaps384__train_1163,4,0.02827405370771885
train/gaps384__train_1156,train/gaps384__train_1164,3,0.042647585272789
train/gaps384__train_1157,train/gaps384__train_1161,4,0.031149638816714287
train/gaps384__train_1157,train/gaps384__train_1162,3,0.03267902508378029
train/gaps384__train_1157,train/gaps384__train_1163,4,0.0331050269305706
train/gaps384__train_1157,train/gaps384__train_1164,3,0.04044321924448013
train/gaps384__train_1159,train/gaps384__train_1160,2,0.018253633752465248
train/gaps384__train_1159,train/gaps384__train_1190,5,0.046087559312582016
train/gaps384__train_1160,train/gaps384__train_1190,5,0.049294572323560715
train/gaps384__train_1161,train/gaps384__train_1162,3,0.015065059065818787
train/gaps384__train_1161,train/gaps384__train_1163,2,0.020069623365998268
train/gaps384__train_1161,train/gaps384__train_1164,3,0.036800432950258255
train/gaps384__train_1162,train/gaps384__train_1163,1,0.014177602715790272
train/gaps384__train_1162,train/gaps384__train_1164,0,0.03172978386282921
train/gaps384__train_1162,train/gaps384__train_1165,0,0.0443287119269371
train/gaps384__train_1163,train/gaps384__train_1164,1,0.02522278018295765
train/gaps384__train_1163,train/gaps384__train_1165,1,0.03872840106487274
train/gaps384__train_1163,train/gaps384__train_1166,2,0.04494776576757431
train/gaps384__train_1164,train/gaps384__train_1165,0,0.021547731012105942
train/gaps384__train_1164,train/gaps384__train_1166,1,0.02614404633641243
train/gaps384__train_1164,train/gaps384__train_1168,1,0.040172722190618515
train/gaps384__train_1164,train/gaps384__train_1170,2,0.04792090132832527
train/gaps384__train_1164,train/gaps384__train_1172,2,0.04978598281741142
train/gaps384__train_1164,train/gaps384__train_1173,0,0.044610537588596344
train/gaps384__train_1164,train/gaps384__train_1174,1,0.04709726572036743
train/gaps384__train_1164,train/gaps384__train_1175,0,0.04897133260965347
train/gaps384__train_1164,train/gaps384__train_1177,2,0.046543627977371216
train/gaps384__train_1164,train/gaps384__train_1178,0,0.04203324392437935
train/gaps384__train_1164,train/gaps384__train_1179,0,0.03345745429396629
train/gaps384__train_1164,train/gaps384__train_1180,1,0.041244618594646454
train/gaps384__train_1164,train/gaps384__train_1181,0,0.04890872910618782
train/gaps384__train_1165,train/gaps384__train_1166,1,0.021804774180054665
train/gaps384__train_1165,train/gaps384__train_1167,4,0.049349989742040634
train/gaps384__train_1165,train/gaps384__train_1168,1,0.0344240628182888
train/gaps384__train_1165,train/gaps384__train_1170,2,0.04135734587907791
train/gaps384__train_1165,train/gaps384__train_1171,4,0.0448639914393425
train/gaps384__train_1165,train/gaps384__train_1172,2,0.04094311222434044
train/gaps384__train_1165,train/gaps384__train_1173,0,0.03570827096700668
train/gaps384__train_1165,train/gaps384__train_1174,1,0.038416530936956406
train/gaps384__train_1165,train/gaps384__train_1175,0,0.04064657539129257
train/gaps384__train_1165,train/gaps384__train_1177,2,0.03846341371536255
train/gaps384__train_1165,train/gaps384__train_1178,0,0.034205228090286255
train/gaps384__train_1165,train/gaps384__train_1179,0,0.025353729724884033
train/gaps384__train_1165,train/gaps384__train_1180,1,0.03147292137145996
train/gaps384__train_1165,train/gaps384__train_1181,0,0.037304654717445374
train/gaps384__train_1165,train/gaps384__train_1182,0,0.04575692489743233
train/gaps384__train_1165,train/gaps384__train_1183,0,0.04850217327475548
train/gaps384__train_1166,train/gaps384__train_1168,2,0.025561094284057617
train/gaps384__train_1166,train/gaps384__train_1170,1,0.03534216806292534
train/gaps384__train_1166,train/gaps384__train_1171,3,0.04953831061720848
train/gaps384__train_1166,train/gaps384__train_1172,1,0.034316789358854294
train/gaps384__train_1166,train/gaps384__train_1173,1,0.03286919370293617
train/gaps384__train_1166,train/gaps384__train_1174,0,0.03235131874680519
train/gaps384__train_1166,train/gaps384__train_1175,1,0.035174984484910965
train/gaps384__train_1166,train/gaps384__train_1177,1,0.032618071883916855
train/gaps384__train_1166,train/gaps384__train_1178,1,0.028370827436447144
train/gaps384__train_1166,train/gaps384__train_1179,1,0.020792203024029732
train/gaps384__train_1166,train/gaps384__train_1180,2,0.026691503822803497
train/gaps384__train_1166,train/gaps384__train_1181,1,0.0330689400434494
train/gaps384__train_1166,train/gaps384__train_1182,1,0.04031583294272423
train/gaps384__train_1166,train/gaps384__train_1183,1,0.04369280859827995
train/gaps384__train_1166,train/gaps384__train_1184,1,0.048218950629234314
train/gaps384__train_1167,train/gaps384__train_1169,3,0.019481826573610306
train/gaps384__train_1167,train/gaps384__train_1171,4,0.038358431309461594
train/gaps384__train_1168,train/gaps384__train_1170,3,0.022087739780545235
train/gaps384__train_1168,train/gaps384__train_1172,1,0.0301901213824749
train/gaps384__train_1168,train/gaps384__train_1173,1,0.03237173706293106
train/gaps384__train_1168,train/gaps384__train_1174,2,0.03079323098063469
train/gaps384__train_1168,train/gaps384__train_1175,1,0.03286462277173996
train/gaps384__train_1168,train/gaps384__train_1177,1,0.031208882108330727
train/gaps384__train_1168,train/gaps384__train_1178,1,0.02949436940252781
train/gaps384__train_1168,train/gaps384__train_1179,1,0.02654622308909893
train/gaps384__train_1168,train/gaps384__train_1180,0,0.02759748511016369
train/gaps384__train_1168,train/gaps384__train_1181,1,0.028522608801722527
train/gaps384__train_1168,train/gaps384__train_1182,1,0.034711673855781555
train/gaps384__train_1168,train/gaps384__train_1183,1,0.0368986539542675
train/gaps384__train_1168,train/gaps384__train_1184,1,0.041547369211912155
train/gaps384__train_1169,train/gaps384__train_1171,3,0.035153843462467194
train/gaps384__train_1169,train/gaps384__train_1201,6,0.048682667315006256
train/gaps384__train_1170,train/gaps384__train_1171,4,0.04779066517949104
train/gaps384__train_1170,train/gaps384__train_1172,2,0.025561388581991196
train/gaps384__train_1170,train/gaps384__train_1173,2,0.03009071573615074
train/gaps384__train_1170,train/gaps384__train_1174,1,0.028147082775831223
train/gaps384__train_1170,train/gaps384__train_1175,2,0.028956079855561256
train/gaps384__train_1170,train/gaps384__train_1177,2,0.027931232005357742
train/gaps384__train_1170,train/gaps384__train_1178,2,0.028356529772281647
train/gaps384__train_1170,train/gaps384__train_1179,2,0.030431663617491722
train/gaps384__train_1170,train/gaps384__train_1180,3,0.0271738450974226
train/gaps384__train_1170,train/gaps384__train_1181,2,0.02673731930553913
train/gaps384__train_1170,train/gaps384__train_1182,2,0.028447743505239487
train/gaps384__train_1170,train/gaps384__train_1183,2,0.0303718913346529
train/gaps384__train_1170,train/gaps384__train_1184,2,0.033882975578308105
train/gaps384__train_1171,train/gaps384__train_1172,2,0.04077403247356415
train/gaps384__train_1171,train/gaps384__train_1173,4,0.032374754548072815
train/gaps384__train_1171,train/gaps384__train_1174,3,0.042424801737070084
train/gaps384__train_1171,train/gaps384__train_1175,4,0.04451803117990494
train/gaps384__train_1171,train/gaps384__train_1177,2,0.04160083457827568
train/gaps384__train_1171,train/gaps384__train_1178,4,0.042760126292705536
train/gaps384__train_1171,train/gaps384__train_1179,4,0.04307454079389572
train/gaps384__train_1171,train/gaps384__train_1180,3,0.040460482239723206
train/gaps384__train_1171,train/gaps384__train_1181,4,0.039722710847854614
train/gaps384__train_1171,train/gaps384__train_1182,4,0.04115385189652443
train/gaps384__train_1171,train/gaps384__train_1183,4,0.041535984724760056
train/gaps384__train_1171,train/gaps384__train_1184,4,0.042508792132139206
train/gaps384__train_1172,train/gaps384__train_1173,2,0.019851429387927055
train/gaps384__train_1172,train/gaps384__train_1174,1,0.013824159279465675
train/gaps384__train_1172,train/gaps384__train_1175,2,0.017621083185076714
train/gaps384__train_1172,train/gaps384__train_1177,0,0.016463128849864006
train/gaps384__train_1172,train/gaps384__train_1178,2,0.019602099433541298
train/gaps384__train_1172,train/gaps384__train_1179,2,0.02580522932112217
train/gaps384__train_1172,train/gaps384__train_1180,1,0.018839895725250244
train/gaps384__train_1172,train/gaps384__train_1181,2,0.017718825489282608
train/gaps384__train_1172,train/gaps384__train_1182,2,0.016245026141405106
train/gaps384__train_1172,train/gaps384__train_1183,2,0.01994802989065647
train/gaps384__train_1172,train/gaps384__train_1184,2,0.022951046004891396
train/gaps384__train_1173,train/gaps384__train_1174,1,0.019456755369901657
train/gaps384__train_1173,train/gaps384__train_1175,0,0.02250668779015541
train/gaps384__train_1173,train/gaps384__train_1177,2,0.01972810924053192
train/gaps384__train_1173,train/gaps384__train_1178,0,0.020007042214274406
train/gaps384__train_1173,train/gaps384__train_1179,0,0.02292158268392086
train/gaps384__train_1173,train/gaps384__train_1180,1,0.01847606897354126
train/gaps384__train_1173,train/gaps384__train_1181,0,0.0209644827991724
train/gaps384__train_1173,train/gaps384__train_1182,0,0.024071449413895607
train/gaps384__train_1173,train/gaps384__train_1183,0,0.026162423193454742
train/gaps384__train_1173,train/gaps384__train_1184,0,0.029943618923425674
train/gaps384__train_1174,train/gaps384__train_1175,1,0.01741921342909336
train/gaps384__train_1174,train/gaps384__train_1177,1,0.014691578224301338
train/gaps384__train_1174,train/gaps384__train_1178,1,0.015983136370778084
train/gaps384__train_1174,train/gaps384__train_1179,1,0.021967746317386627
train/gaps384__train_1174,train/gaps384__train_1180,2,0.01580597274005413
train/gaps384__train_1174,train/gaps384__train_1181,1,0.017675120383501053
train/gaps384__train_1174,train/gaps384__train_1182,1,0.018993517383933067
train/gaps384__train_1174,train/gaps384__train_1183,1,0.0234132781624794
train/gaps384__train_1174,train/gaps384__train_1184,1,0.02730589173734188
train/gaps384__train_1175,train/gaps384__train_1177,2,0.016970274969935417
train/gaps384__train_1175,train/gaps384__train_1178,0,0.018488256260752678
train/gaps384__train_1175,train/gaps384__train_1179,0,0.02544449456036091
train/gaps384__train_1175,train/gaps384__train_1180,1,0.01848703809082508
train/gaps384__train_1175,train/gaps384__train_1181,0,0.020721295848488808
train/gaps384__train_1175,train/gaps384__train_1182,0,0.02100384421646595
train/gaps384__train_1175,train/gaps384__train_1183,0,0.02429223246872425
train/gaps384__train_1175,train/gaps384__train_1184,0,0.028223281726241112
train/gaps384__train_1177,train/gaps384__train_1178,2,0.0123647041618824
train/gaps384__train_1177,train/gaps384__train_1179,2,0.022309646010398865
train/gaps384__train_1177,train/gaps384__train_1180,1,0.016221435740590096
train/gaps384__train_1177,train/gaps384__train_1181,2,0.02125157043337822
train/gaps384__train_1177,train/gaps384__train_1182,2,0.021160563454031944
train/gaps384__train_1177,train/gaps384__train_1183,2,0.02594597451388836
train/gaps384__train_1177,train/gaps384__train_1184,2,0.02929280512034893
train/gaps384__train_1178,train/gaps384__train_1179,0,0.018417859449982643
train/gaps384__train_1178,train/gaps384__train_1180,1,0.014215158298611641
train/gaps384__train_1178,train/gaps384__train_1181,0,0.021197084337472916
train/gaps384__train_1178,train/gaps384__train_1182,0,0.02381143532693386
train/gaps384__train_1178,train/gaps384__train_1183,0,0.028083520010113716
train/gaps384__train_1178,train/gaps384__train_1184,0,0.03272059187293053
train/gaps384__train_1179,train/gaps384__train_1180,1,0.015032126568257809
train/gaps384__train_1179,train/gaps384__train_1181,0,0.022528698667883873
train/gaps384__train_1179,train/gaps384__train_1182,0,0.030605867505073547
train/gaps384__train_1179,train/gaps384__train_1183,0,0.03458879888057709
train/gaps384__train_1179,train/gaps384__train_1184,0,0.03972441330552101
train/gaps384__train_1180,train/gaps384__train_1181,1,0.01534605398774147
train/gaps384__train_1180,train/gaps384__train_1182,1,0.021438024938106537
train/gaps384__train_1180,train/gaps384__train_1183,1,0.025711940601468086
train/gaps384__train_1180,train/gaps384__train_1184,1,0.030875058844685555
train/gaps384__train_1181,train/gaps384__train_1182,0,0.015588793903589249
train/gaps384__train_1181,train/gaps384__train_1183,0,0.018254868686199188
train/gaps384__train_1181,train/gaps384__train_1184,0,0.024076126515865326
train/gaps384__train_1182,train/gaps384__train_1183,0,0.012809744104743004
train/gaps384__train_1182,train/gaps384__train_1184,0,0.015746476128697395
train/gaps384__train_1183,train/gaps384__train_1184,0,0.01258024014532566
train/gaps384__train_1190,train/gaps384__train_1201,2,0.045250799506902695
train/gaps384__train_1218,train/gaps384__train_1219,3,0.031548935920000076
train/gaps384__train_1218,train/gaps384__train_1220,5,0.03858348727226257
train/gaps384__train_1218,train/gaps384__train_1225,0,0.04822705313563347
train/gaps384__train_1218,train/gaps384__train_1380,6,0.04940793290734291
train/gaps384__train_1219,train/gaps384__train_1220,2,0.03532857075333595
train/gaps384__train_1219,train/gaps384__train_1225,3,0.043008770793676376
train/gaps384__train_1220,train/gaps384__train_1225,5,0.041429728269577026
train/gaps384__train_1225,train/gaps384__train_1380,6,0.04863961413502693
train/gaps384__train_1226,train/gaps384__train_1227,5,0.04141758009791374
train/gaps384__train_1226,train/gaps384__train_1247,5,0.046790946274995804
train/gaps384__train_1226,train/gaps384__train_1321,5,0.04692443460226059
train/gaps384__train_1226,train/gaps384__train_1336,4,0.03886833041906357
train/gaps384__train_1226,train/gaps384__train_1340,5,0.04164629802107811
train/gaps384__train_1226,train/gaps384__train_1341,5,0.04184524342417717
train/gaps384__train_1226,train/gaps384__train_1386,6,0.045153457671403885
train/gaps384__train_1226,train/gaps384__train_1389,5,0.040586862713098526
train/gaps384__train_1226,train/gaps384__train_1412,4,0.04922948777675629
train/gaps384__train_1226,val/gaps384__valid_0010,5,0.04420776665210724
train/gaps384__train_1227,train/gaps384__train_1230,3,0.036043789237737656
train/gaps384__train_1227,train/gaps384__train_1247,4,0.02615438587963581
train/gaps384__train_1227,train/gaps384__train_1319,3,0.029946377500891685
train/gaps384__train_1227,train/gaps384__train_1320,2,0.030478019267320633
train/gaps384__train_1227,train/gaps384__train_1321,2,0.030087469145655632
train/gaps384__train_1227,train/gaps384__train_1324,4,0.034983616322278976
train/gaps384__train_1227,train/gaps384__train_1337,6,0.033320266753435135
train/gaps384__train_1227,train/gaps384__train_1340,4,0.03351239860057831
train/gaps384__train_1227,train/gaps384__train_1341,6,0.03668844699859619
train/gaps384__train_1227,train/gaps384__train_1415,6,0.04493590444326401
train/gaps384__train_1227,val/gaps384__valid_0009,3,0.04400021955370903
train/gaps384__train_1227,val/gaps384__valid_0010,4,0.04047050699591637
train/gaps384__train_1230,train/gaps384__train_1321,5,0.047260724008083344
train/gaps384__train_1230,train/gaps384__train_1336,6,0.032195426523685455
train/gaps384__train_1230,train/gaps384__train_1337,5,0.03342759236693382
train/gaps384__train_1230,train/gaps384__train_1340,5,0.0336204469203949
train/gaps384__train_1230,train/gaps384__train_1415,5,0.040761690586805344
train/gaps384__train_1236,train/gaps384__train_1238,6,0.041301384568214417
train/gaps384__train_1236,train/gaps384__train_1412,6,0.038662031292915344
train/gaps384__train_1236,train/gaps384__train_1415,5,0.04554011672735214
train/gaps384__train_1247,train/gaps384__train_1319,3,0.03482656925916672
train/gaps384__train_1247,train/gaps384__train_1320,4,0.03602232784032822
train/gaps384__train_1247,train/gaps384__train_1321,4,0.036335114389657974
train/gaps384__train_1247,train/gaps384__train_1324,6,0.04004916548728943
train/gaps384__train_1247,train/gaps384__train_1340,6,0.04086288809776306
train/gaps384__train_1247,val/gaps384__valid_0009,3,0.04831463098526001
train/gaps384__train_1247,val/gaps384__valid_0010,4,0.047653451561927795
train/gaps384__train_1302,train/gaps384__train_1319,4,0.044828325510025024
train/gaps384__train_1302,train/gaps384__train_1320,5,0.04583464562892914
train/gaps384__train_1302,val/gaps384__valid_0009,2,0.043827515095472336
train/gaps384__train_1302,val/gaps384__valid_0010,3,0.04764903709292412
train/gaps384__train_1305,train/gaps384__train_1306,5,0.04686342924833298
train/gaps384__train_1306,train/gaps384__train_1324,5,0.042949192225933075
train/gaps384__train_1319,train/gaps384__train_1320,1,0.015674302354454994
train/gaps384__train_1319,train/gaps384__train_1321,1,0.017894675955176353
train/gaps384__train_1319,train/gaps384__train_1324,3,0.02706308662891388
train/gaps384__train_1319,train/gaps384__train_1340,5,0.04980076104402542
train/gaps384__train_1319,val/gaps384__valid_0009,2,0.035064443945884705
train/gaps384__train_1319,val/gaps384__valid_0010,1,0.034947965294122696
train/gaps384__train_1320,train/gaps384__train_1321,0,0.01764918677508831
train/gaps384__train_1320,train/gaps384__train_1324,2,0.030180171132087708
train/gaps384__train_1320,val/gaps384__valid_0009,3,0.03639499470591545
train/gaps384__train_1320,val/gaps384__valid_0010,2,0.036573439836502075
train/gaps384__train_1321,train/gaps384__train_1324,2,0.023882286623120308
train/gaps384__train_1321,train/gaps384__train_1340,6,0.04813229292631149
train/gaps384__train_1321,val/gaps384__valid_0009,3,0.037267398089170456
train/gaps384__train_1321,val/gaps384__valid_0010,2,0.03466881439089775
train/gaps384__train_1324,val/gaps384__valid_0009,5,0.042087338864803314
train/gaps384__train_1324,val/gaps384__valid_0010,4,0.035276882350444794
train/gaps384__train_1336,train/gaps384__train_1337,5,0.01953955926001072
train/gaps384__train_1336,train/gaps384__train_1340,5,0.022851040586829185
train/gaps384__train_1336,train/gaps384__train_1381,6,0.04181203246116638
train/gaps384__train_1336,train/gaps384__train_1412,6,0.03683999553322792
train/gaps384__train_1337,train/gaps384__train_1340,2,0.025742005556821823
train/gaps384__train_1337,train/gaps384__train_1344,6,0.045192185789346695
train/gaps384__train_1337,train/gaps384__train_1361,6,0.04590405896306038
train/gaps384__train_1337,train/gaps384__train_1362,6,0.04706137999892235
train/gaps384__train_1337,train/gaps384__train_1415,6,0.04581956937909126
train/gaps384__train_1340,train/gaps384__train_1344,6,0.044491373002529144
train/gaps384__train_1340,train/gaps384__train_1361,6,0.04150144383311272
train/gaps384__train_1340,train/gaps384__train_1362,6,0.042183395475149155
train/gaps384__train_1340,train/gaps384__train_1415,6,0.04678500443696976
train/gaps384__train_1340,val/gaps384__valid_0010,6,0.04770998656749725
train/gaps384__train_1341,train/gaps384__train_1389,6,0.030781280249357224
train/gaps384__train_1341,train/gaps384__train_1412,5,0.03840108588337898
train/gaps384__train_1341,val/gaps384__valid_0010,6,0.04891824722290039
train/gaps384__train_1344,train/gaps384__train_1361,6,0.03994572162628174
train/gaps384__train_1345,train/gaps384__train_1348,5,0.03195100277662277
train/gaps384__train_1345,train/gaps384__train_1361,6,0.034083615988492966
train/gaps384__train_1345,train/gaps384__train_1364,6,0.03402584418654442
train/gaps384__train_1345,train/gaps384__train_1365,5,0.03802496939897537
train/gaps384__train_1347,train/gaps384__train_1348,5,0.020979521796107292
train/gaps384__train_1347,train/gaps384__train_1361,6,0.033901147544384
train/gaps384__train_1347,train/gaps384__train_1362,4,0.0311997402459383
train/gaps384__train_1347,train/gaps384__train_1364,6,0.029554395005106926
train/gaps384__train_1348,train/gaps384__train_1361,3,0.03390447050333023
train/gaps384__train_1348,train/gaps384__train_1362,5,0.0317184254527092
train/gaps384__train_1348,train/gaps384__train_1364,3,0.027228232473134995
train/gaps384__train_1348,train/gaps384__train_1365,2,0.030681587755680084
train/gaps384__train_1348,train/gaps384__train_1366,4,0.03031199984252453
train/gaps384__train_1361,train/gaps384__train_1362,2,0.017563462257385254
train/gaps384__train_1361,train/gaps384__train_1364,2,0.030907148495316505
train/gaps384__train_1361,train/gaps384__train_1365,1,0.03749039024114609
train/gaps384__train_1361,train/gaps384__train_1366,3,0.03662903979420662
train/gaps384__train_1362,train/gaps384__train_1364,2,0.02870474010705948
train/gaps384__train_1362,train/gaps384__train_1365,3,0.03449227288365364
train/gaps384__train_1362,train/gaps384__train_1366,3,0.03379577025771141
train/gaps384__train_1364,train/gaps384__train_1365,1,0.017872842028737068
train/gaps384__train_1364,train/gaps384__train_1366,1,0.02001980133354664
train/gaps384__train_1365,train/gaps384__train_1366,2,0.01814594864845276
train/gaps384__train_1369,train/gaps384__train_1370,5,0.01646176166832447
train/gaps384__train_1369,train/gaps384__train_1374,4,0.02321617119014263
train/gaps384__train_1370,train/gaps384__train_1374,5,0.0209966953843832
train/gaps384__train_1374,train/gaps384__train_1375,5,0.021849844604730606
train/gaps384__train_1381,train/gaps384__train_1386,6,0.04669149965047836
train/gaps384__train_1381,train/gaps384__train_1412,6,0.03979900851845741
train/gaps384__train_1386,train/gaps384__train_1389,3,0.0278946440666914
train/gaps384__train_1386,train/gaps384__train_1412,4,0.03816452622413635
train/gaps384__train_1386,val/gaps384__valid_0009,6,0.04654991999268532
train/gaps384__train_1389,train/gaps384__train_1412,3,0.037436872720718384
val/crack500__20160310_114505,test/crack500__20160310_114459,5,0.030036021023988724
val/crack500__20160326_141808,test/crack500__20160225_114535,4,0.04509538412094116
val/cracks-and-potholes-in-road__919633_RS_290_290RS294095_31617,val/cracks-and-potholes-in-road__919634_RS_290_290RS294095_31621,4,0.04280471056699753
val/cracks-and-potholes-in-road__919633_RS_290_290RS294095_31617,val/cracks-and-potholes-in-road__919769_RS_290_290RS294095_32295,5,0.044230688363313675
val/cracks-and-potholes-in-road__919633_RS_290_290RS294095_31617,val/cracks-and-potholes-in-road__919770_RS_290_290RS294095_32300,4,0.03932582959532738
val/cracks-and-potholes-in-road__919729_RS_290_290RS294095_32095,val/cracks-and-potholes-in-road__919730_RS_290_290RS294095_32100,1,0.023599835112690926
val/cracks-and-potholes-in-road__919729_RS_290_290RS294095_32095,val/cracks-and-potholes-in-road__919738_RS_290_290RS294095_32140,5,0.04671577364206314
val/cracks-and-potholes-in-road__919729_RS_290_290RS294095_32095,val/cracks-and-potholes-in-road__919756_RS_290_290RS294095_32230,5,0.02994387038052082
val/cracks-and-potholes-in-road__919729_RS_290_290RS294095_32095,val/cracks-and-potholes-in-road__919757_RS_290_290RS294095_32235,4,0.026618538424372673
val/cracks-and-potholes-in-road__919729_RS_290_290RS294095_32095,val/cracks-and-potholes-in-road__919764_RS_290_290RS294095_32270,3,0.04916873574256897
val/cracks-and-potholes-in-road__919729_RS_290_290RS294095_32095,val/cracks-and-potholes-in-road__919768_RS_290_290RS294095_32290,4,0.03910370171070099
val/cracks-and-potholes-in-road__919730_RS_290_290RS294095_32100,val/cracks-and-potholes-in-road__919738_RS_290_290RS294095_32140,6,0.031603630632162094
val/cracks-and-potholes-in-road__919730_RS_290_290RS294095_32100,val/cracks-and-potholes-in-road__919755_RS_290_290RS294095_32225,5,0.04602396860718727
val/cracks-and-potholes-in-road__919730_RS_290_290RS294095_32100,val/cracks-and-potholes-in-road__919756_RS_290_290RS294095_32230,4,0.031230051070451736
val/cracks-and-potholes-in-road__919730_RS_290_290RS294095_32100,val/cracks-and-potholes-in-road__919757_RS_290_290RS294095_32235,3,0.03095860965549946
val/cracks-and-potholes-in-road__919730_RS_290_290RS294095_32100,val/cracks-and-potholes-in-road__919764_RS_290_290RS294095_32270,4,0.038172394037246704
val/cracks-and-potholes-in-road__919730_RS_290_290RS294095_32100,val/cracks-and-potholes-in-road__919768_RS_290_290RS294095_32290,5,0.030253726989030838
val/cracks-and-potholes-in-road__919737_RS_290_290RS294095_32135,val/cracks-and-potholes-in-road__919738_RS_290_290RS294095_32140,4,0.016435280442237854
val/cracks-and-potholes-in-road__919737_RS_290_290RS294095_32135,val/cracks-and-potholes-in-road__919756_RS_290_290RS294095_32230,6,0.04743121936917305
val/cracks-and-potholes-in-road__919738_RS_290_290RS294095_32140,val/cracks-and-potholes-in-road__919756_RS_290_290RS294095_32230,6,0.04617041349411011
val/cracks-and-potholes-in-road__919738_RS_290_290RS294095_32140,val/cracks-and-potholes-in-road__919757_RS_290_290RS294095_32235,5,0.04999564588069916
val/cracks-and-potholes-in-road__919738_RS_290_290RS294095_32140,val/cracks-and-potholes-in-road__919771_RS_290_290RS294095_32305,5,0.027386346831917763
val/cracks-and-potholes-in-road__919755_RS_290_290RS294095_32225,val/cracks-and-potholes-in-road__919756_RS_290_290RS294095_32230,5,0.04476311430335045
val/cracks-and-potholes-in-road__919756_RS_290_290RS294095_32230,val/cracks-and-potholes-in-road__919757_RS_290_290RS294095_32235,1,0.024626560509204865
val/cracks-and-potholes-in-road__919757_RS_290_290RS294095_32235,val/cracks-and-potholes-in-road__919779_RS_290_290RS294095_32345,6,0.03835706040263176
val/cracks-and-potholes-in-road__919762_RS_290_290RS294095_32260,val/cracks-and-potholes-in-road__919776_RS_290_290RS294095_32330,5,0.03438171371817589
val/cracks-and-potholes-in-road__919764_RS_290_290RS294095_32270,val/cracks-and-potholes-in-road__919768_RS_290_290RS294095_32290,5,0.03304940462112427
val/cracks-and-potholes-in-road__919764_RS_290_290RS294095_32270,val/cracks-and-potholes-in-road__919769_RS_290_290RS294095_32295,5,0.03335697948932648
val/cracks-and-potholes-in-road__919764_RS_290_290RS294095_32270,val/cracks-and-potholes-in-road__919770_RS_290_290RS294095_32300,6,0.03873557224869728
val/cracks-and-potholes-in-road__919764_RS_290_290RS294095_32270,val/cracks-and-potholes-in-road__919771_RS_290_290RS294095_32305,5,0.027265161275863647
val/cracks-and-potholes-in-road__919764_RS_290_290RS294095_32270,val/cracks-and-potholes-in-road__919773_RS_290_290RS294095_32315,5,0.037766579538583755
val/cracks-and-potholes-in-road__919764_RS_290_290RS294095_32270,val/cracks-and-potholes-in-road__919775_RS_290_290RS294095_32325,6,0.041247349232435226
val/cracks-and-potholes-in-road__919768_RS_290_290RS294095_32290,val/cracks-and-potholes-in-road__919769_RS_290_290RS294095_32295,4,0.037623945623636246
val/cracks-and-potholes-in-road__919768_RS_290_290RS294095_32290,val/cracks-and-potholes-in-road__919770_RS_290_290RS294095_32300,3,0.039997003972530365
val/cracks-and-potholes-in-road__919768_RS_290_290RS294095_32290,val/cracks-and-potholes-in-road__919771_RS_290_290RS294095_32305,6,0.03397327661514282
val/cracks-and-potholes-in-road__919768_RS_290_290RS294095_32290,val/cracks-and-potholes-in-road__919773_RS_290_290RS294095_32315,6,0.036626171320676804
val/cracks-and-potholes-in-road__919768_RS_290_290RS294095_32290,val/cracks-and-potholes-in-road__919788_RS_290_290RS294095_32390,5,0.049575891345739365
val/cracks-and-potholes-in-road__919769_RS_290_290RS294095_32295,val/cracks-and-potholes-in-road__919770_RS_290_290RS294095_32300,1,0.03928398713469505
val/cracks-and-potholes-in-road__919769_RS_290_290RS294095_32295,val/cracks-and-potholes-in-road__919771_RS_290_290RS294095_32305,6,0.02716444991528988
val/cracks-and-potholes-in-road__919769_RS_290_290RS294095_32295,val/cracks-and-potholes-in-road__919773_RS_290_290RS294095_32315,6,0.030671793967485428
val/cracks-and-potholes-in-road__919770_RS_290_290RS294095_32300,val/cracks-and-potholes-in-road__919771_RS_290_290RS294095_32305,5,0.035052232444286346
val/cracks-and-potholes-in-road__919770_RS_290_290RS294095_32300,val/cracks-and-potholes-in-road__919773_RS_290_290RS294095_32315,5,0.040789131075143814
val/cracks-and-potholes-in-road__919771_RS_290_290RS294095_32305,val/cracks-and-potholes-in-road__919773_RS_290_290RS294095_32315,4,0.03389604762196541
val/cracks-and-potholes-in-road__919771_RS_290_290RS294095_32305,val/cracks-and-potholes-in-road__919774_RS_290_290RS294095_32320,5,0.033628933131694794
val/cracks-and-potholes-in-road__919773_RS_290_290RS294095_32315,val/cracks-and-potholes-in-road__919774_RS_290_290RS294095_32320,5,0.045714400708675385
val/cracks-and-potholes-in-road__919773_RS_290_290RS294095_32315,val/cracks-and-potholes-in-road__919809_RS_290_290RS294095_32495,6,0.04953406751155853
val/cracks-and-potholes-in-road__919777_RS_290_290RS294095_32335,val/cracks-and-potholes-in-road__919778_RS_290_290RS294095_32340,4,0.038577839732170105
val/cracks-and-potholes-in-road__919788_RS_290_290RS294095_32390,val/cracks-and-potholes-in-road__919789_RS_290_290RS294095_32395,2,0.024616802111268044
val/cracks-and-potholes-in-road__919788_RS_290_290RS294095_32390,val/cracks-and-potholes-in-road__919790_RS_290_290RS294095_32400,1,0.023946968838572502
val/cracks-and-potholes-in-road__919788_RS_290_290RS294095_32390,val/cracks-and-potholes-in-road__919791_RS_290_290RS294095_32405,4,0.03681144863367081
val/cracks-and-potholes-in-road__919789_RS_290_290RS294095_32395,val/cracks-and-potholes-in-road__919790_RS_290_290RS294095_32400,3,0.028141481801867485
val/cracks-and-potholes-in-road__919789_RS_290_290RS294095_32395,val/cracks-and-potholes-in-road__919791_RS_290_290RS294095_32405,4,0.040307823568582535
val/cracks-and-potholes-in-road__919790_RS_290_290RS294095_32400,val/cracks-and-potholes-in-road__919791_RS_290_290RS294095_32405,5,0.0357324443757534
val/cracks-and-potholes-in-road__919804_RS_290_290RS294095_32470,val/cracks-and-potholes-in-road__919806_RS_290_290RS294095_32481,3,0.03978731110692024
val/cracks-and-potholes-in-road__919804_RS_290_290RS294095_32470,val/cracks-and-potholes-in-road__919809_RS_290_290RS294095_32495,6,0.04331878572702408
val/cracks-and-potholes-in-road__941500_RS_290_290RS070691_00406,val/cracks-and-potholes-in-road__941501_RS_290_290RS070691_00410,1,0.02751300483942032
val/cracks-and-potholes-in-road__941500_RS_290_290RS070691_00406,val/cracks-and-potholes-in-road__941502_RS_290_290RS070691_00416,6,0.04964158684015274
val/cracks-and-potholes-in-road__941500_RS_290_290RS070691_00406,val/cracks-and-potholes-in-road__941505_RS_290_290RS070691_00430,3,0.046107105910778046
val/cracks-and-potholes-in-road__941500_RS_290_290RS070691_00406,val/cracks-and-potholes-in-road__941506_RS_290_290RS070691_00435,3,0.03784503415226936
val/cracks-and-potholes-in-road__941500_RS_290_290RS070691_00406,val/cracks-and-potholes-in-road__941507_RS_290_290RS070691_00440,3,0.03992446884512901
val/cracks-and-potholes-in-road__941500_RS_290_290RS070691_00406,val/cracks-and-potholes-in-road__941508_RS_290_290RS070691_00445,3,0.048254601657390594
val/cracks-and-potholes-in-road__941501_RS_290_290RS070691_00410,val/cracks-and-potholes-in-road__941502_RS_290_290RS070691_00416,5,0.04463864117860794
val/cracks-and-potholes-in-road__941501_RS_290_290RS070691_00410,val/cracks-and-potholes-in-road__941505_RS_290_290RS070691_00430,2,0.04326292872428894
val/cracks-and-potholes-in-road__941501_RS_290_290RS070691_00410,val/cracks-and-potholes-in-road__941506_RS_290_290RS070691_00435,4,0.04023529216647148
val/cracks-and-potholes-in-road__941501_RS_290_290RS070691_00410,val/cracks-and-potholes-in-road__941507_RS_290_290RS070691_00440,4,0.04340658336877823
val/cracks-and-potholes-in-road__941502_RS_290_290RS070691_00416,val/cracks-and-potholes-in-road__941882_RS_290_290RS070691_02315,4,0.0460025928914547
val/cracks-and-potholes-in-road__941502_RS_290_290RS070691_00416,val/cracks-and-potholes-in-road__941883_RS_290_290RS070691_02320,5,0.04707461968064308
val/cracks-and-potholes-in-road__941505_RS_290_290RS070691_00430,val/cracks-and-potholes-in-road__941506_RS_290_290RS070691_00435,6,0.03452077880501747
val/cracks-and-potholes-in-road__941505_RS_290_290RS070691_00430,val/cracks-and-potholes-in-road__941507_RS_290_290RS070691_00440,4,0.04248387739062309
val/cracks-and-potholes-in-road__941505_RS_290_290RS070691_00430,val/cracks-and-potholes-in-road__941508_RS_290_290RS070691_00445,2,0.04737863689661026
val/cracks-and-potholes-in-road__941505_RS_290_290RS070691_00430,val/cracks-and-potholes-in-road__941882_RS_290_290RS070691_02315,5,0.04834601655602455
val/cracks-and-potholes-in-road__941506_RS_290_290RS070691_00435,val/cracks-and-potholes-in-road__941507_RS_290_290RS070691_00440,4,0.03088916279375553
val/cracks-and-potholes-in-road__941506_RS_290_290RS070691_00435,val/cracks-and-potholes-in-road__941508_RS_290_290RS070691_00445,4,0.03988853096961975
val/cracks-and-potholes-in-road__941506_RS_290_290RS070691_00435,val/cracks-and-potholes-in-road__941511_RS_290_290RS070691_00461,5,0.04853467643260956
val/cracks-and-potholes-in-road__941506_RS_290_290RS070691_00435,val/cracks-and-potholes-in-road__941512_RS_290_290RS070691_00465,6,0.04732535034418106
val/cracks-and-potholes-in-road__941507_RS_290_290RS070691_00440,val/cracks-and-potholes-in-road__941508_RS_290_290RS070691_00445,2,0.03162572532892227
val/cracks-and-potholes-in-road__941507_RS_290_290RS070691_00440,val/cracks-and-potholes-in-road__941512_RS_290_290RS070691_00465,6,0.04371188208460808
val/cracks-and-potholes-in-road__941508_RS_290_290RS070691_00445,val/cracks-and-potholes-in-road__941512_RS_290_290RS070691_00465,6,0.03677716478705406
val/cracks-and-potholes-in-road__941508_RS_290_290RS070691_00445,val/cracks-and-potholes-in-road__942027_RS_290_290RS070691_03040,6,0.047762058675289154
val/cracks-and-potholes-in-road__941511_RS_290_290RS070691_00461,val/cracks-and-potholes-in-road__941512_RS_290_290RS070691_00465,5,0.021529950201511383
val/cracks-and-potholes-in-road__941512_RS_290_290RS070691_00465,val/cracks-and-potholes-in-road__942027_RS_290_290RS070691_03040,4,0.048755571246147156
val/cracks-and-potholes-in-road__941556_RS_290_290RS070691_00687,val/cracks-and-potholes-in-road__941557_RS_290_290RS070691_00690,2,0.04332294315099716
val/cracks-and-potholes-in-road__941557_RS_290_290RS070691_00690,val/cracks-and-potholes-in-road__941558_RS_290_290RS070691_00695,3,0.045242004096508026
val/cracks-and-potholes-in-road__941558_RS_290_290RS070691_00695,val/cracks-and-potholes-in-road__941559_RS_290_290RS070691_00700,4,0.031985294073820114
val/cracks-and-potholes-in-road__941558_RS_290_290RS070691_00695,val/cracks-and-potholes-in-road__941632_RS_290_290RS070691_01065,5,0.04848823323845863
val/cracks-and-potholes-in-road__941558_RS_290_290RS070691_00695,val/cracks-and-potholes-in-road__941633_RS_290_290RS070691_01071,5,0.04677746072411537
val/cracks-and-potholes-in-road__941558_RS_290_290RS070691_00695,val/cracks-and-potholes-in-road__941906_RS_290_290RS070691_02436,2,0.038416337221860886
val/cracks-and-potholes-in-road__941558_RS_290_290RS070691_00695,val/cracks-and-potholes-in-road__941907_RS_290_290RS070691_02440,4,0.04113541916012764
val/cracks-and-potholes-in-road__941559_RS_290_290RS070691_00700,val/cracks-and-potholes-in-road__941632_RS_290_290RS070691_01065,3,0.04266800731420517
val/cracks-and-potholes-in-road__941559_RS_290_290RS070691_00700,val/cracks-and-potholes-in-road__941633_RS_290_290RS070691_01071,5,0.04329797625541687
val/cracks-and-potholes-in-road__941559_RS_290_290RS070691_00700,val/cracks-and-potholes-in-road__941882_RS_290_290RS070691_02315,3,0.04985682666301727
val/cracks-and-potholes-in-road__941559_RS_290_290RS070691_00700,val/cracks-and-potholes-in-road__941906_RS_290_290RS070691_02436,4,0.041511572897434235
val/cracks-and-potholes-in-road__941559_RS_290_290RS070691_00700,val/cracks-and-potholes-in-road__941907_RS_290_290RS070691_02440,6,0.04292750731110573
val/cracks-and-potholes-in-road__941559_RS_290_290RS070691_00700,val/cracks-and-potholes-in-road__941908_RS_290_290RS070691_02446,5,0.0465836226940155
val/cracks-and-potholes-in-road__941559_RS_290_290RS070691_00700,val/cracks-and-potholes-in-road__941909_RS_290_290RS070691_02451,5,0.048921167850494385
val/cracks-and-potholes-in-road__941559_RS_290_290RS070691_00700,val/cracks-and-potholes-in-road__941910_RS_290_290RS070691_02455,5,0.04896259307861328
val/cracks-and-potholes-in-road__941559_RS_290_290RS070691_00700,val/cracks-and-potholes-in-road__941912_RS_290_290RS070691_02465,5,0.04998648539185524
val/cracks-and-potholes-in-road__941605_RS_290_290RS070691_00931,val/cracks-and-potholes-in-road__941606_RS_290_290RS070691_00935,4,0.03136058151721954
val/cracks-and-potholes-in-road__941607_RS_290_290RS070691_00940,val/cracks-and-potholes-in-road__941608_RS_290_290RS070691_00945,5,0.04122057929635048
val/cracks-and-potholes-in-road__941632_RS_290_290RS070691_01065,val/cracks-and-potholes-in-road__941633_RS_290_290RS070691_01071,4,0.035112809389829636
val/cracks-and-potholes-in-road__941632_RS_290_290RS070691_01065,val/cracks-and-potholes-in-road__941636_RS_290_290RS070691_01085,4,0.033654604107141495
val/cracks-and-potholes-in-road__941632_RS_290_290RS070691_01065,val/cracks-and-potholes-in-road__941637_RS_290_290RS070691_01090,4,0.03332139551639557
val/cracks-and-potholes-in-road__941632_RS_290_290RS070691_01065,val/cracks-and-potholes-in-road__941638_RS_290_290RS070691_01095,4,0.034291401505470276
val/cracks-and-potholes-in-road__941632_RS_290_290RS070691_01065,val/cracks-and-potholes-in-road__941639_RS_290_290RS070691_01100,2,0.03812594339251518
val/cracks-and-potholes-in-road__941632_RS_290_290RS070691_01065,val/cracks-and-potholes-in-road__941640_RS_290_290RS070691_01105,5,0.04266589879989624
val/cracks-and-potholes-in-road__941632_RS_290_290RS070691_01065,val/cracks-and-potholes-in-road__941641_RS_290_290RS070691_01111,2,0.03509398549795151
val/cracks-and-potholes-in-road__941632_RS_290_290RS070691_01065,val/cracks-and-potholes-in-road__941646_RS_290_290RS070691_01135,5,0.04549871012568474
val/cracks-and-potholes-in-road__941632_RS_290_290RS070691_01065,val/cracks-and-potholes-in-road__941647_RS_290_290RS070691_01140,3,0.04398127645254135
val/cracks-and-potholes-in-road__941632_RS_290_290RS070691_01065,val/cracks-and-potholes-in-road__941909_RS_290_290RS070691_02451,4,0.049822017550468445
val/cracks-and-potholes-in-road__941632_RS_290_290RS070691_01065,val/cracks-and-potholes-in-road__941910_RS_290_290RS070691_02455,4,0.049100276082754135
val/cracks-and-potholes-in-road__941633_RS_290_290RS070691_01071,val/cracks-and-potholes-in-road__941636_RS_290_290RS070691_01085,4,0.03293925151228905
val/cracks-and-potholes-in-road__941633_RS_290_290RS070691_01071,val/cracks-and-potholes-in-road__941637_RS_290_290RS070691_01090,4,0.04092642292380333
val/cracks-and-potholes-in-road__941633_RS_290_290RS070691_01071,val/cracks-and-potholes-in-road__941638_RS_290_290RS070691_01095,2,0.033312153071165085
val/cracks-and-potholes-in-road__941633_RS_290_290RS070691_01071,val/cracks-and-potholes-in-road__941639_RS_290_290RS070691_01100,4,0.03697773441672325
val/cracks-and-potholes-in-road__941633_RS_290_290RS070691_01071,val/cracks-and-potholes-in-road__941641_RS_290_290RS070691_01111,2,0.03514530137181282
val/cracks-and-potholes-in-road__941633_RS_290_290RS070691_01071,val/cracks-and-potholes-in-road__941646_RS_290_290RS070691_01135,3,0.04239930585026741
val/cracks-and-potholes-in-road__941633_RS_290_290RS070691_01071,val/cracks-and-potholes-in-road__941647_RS_290_290RS070691_01140,3,0.0470508448779583
val/cracks-and-potholes-in-road__941633_RS_290_290RS070691_01071,val/cracks-and-potholes-in-road__941910_RS_290_290RS070691_02455,4,0.049227043986320496
val/cracks-and-potholes-in-road__941636_RS_290_290RS070691_01085,val/cracks-and-potholes-in-road__941637_RS_290_290RS070691_01090,0,0.03057788498699665
val/cracks-and-potholes-in-road__941636_RS_290_290RS070691_01085,val/cracks-and-potholes-in-road__941638_RS_290_290RS070691_01095,2,0.030798353254795074
val/cracks-and-potholes-in-road__941636_RS_290_290RS070691_01085,val/cracks-and-potholes-in-road__941639_RS_290_290RS070691_01100,4,0.04063253477215767
val/cracks-and-potholes-in-road__941636_RS_290_290RS070691_01085,val/cracks-and-potholes-in-road__941640_RS_290_290RS070691_01105,5,0.04252469167113304
val/cracks-and-potholes-in-road__941636_RS_290_290RS070691_01085,val/cracks-and-potholes-in-road__941641_RS_290_290RS070691_01111,4,0.03043043240904808
val/cracks-and-potholes-in-road__941636_RS_290_290RS070691_01085,val/cracks-and-potholes-in-road__941647_RS_290_290RS070691_01140,5,0.03756742551922798
val/cracks-and-potholes-in-road__941637_RS_290_290RS070691_01090,val/cracks-and-potholes-in-road__941638_RS_290_290RS070691_01095,2,0.025149434804916382
val/cracks-and-potholes-in-road__941637_RS_290_290RS070691_01090,val/cracks-and-potholes-in-road__941639_RS_290_290RS070691_01100,4,0.038080424070358276
val/cracks-and-potholes-in-road__941637_RS_290_290RS070691_01090,val/cracks-and-potholes-in-road__941640_RS_290_290RS070691_01105,5,0.03878672048449516
val/cracks-and-potholes-in-road__941637_RS_290_290RS070691_01090,val/cracks-and-potholes-in-road__941641_RS_290_290RS070691_01111,4,0.029495134949684143
val/cracks-and-potholes-in-road__941637_RS_290_290RS070691_01090,val/cracks-and-potholes-in-road__941647_RS_290_290RS070691_01140,5,0.0342942476272583
val/cracks-and-potholes-in-road__941638_RS_290_290RS070691_01095,val/cracks-and-potholes-in-road__941639_RS_290_290RS070691_01100,4,0.03227393329143524
val/cracks-and-potholes-in-road__941638_RS_290_290RS070691_01095,val/cracks-and-potholes-in-road__941641_RS_290_290RS070691_01111,2,0.025340698659420013
val/cracks-and-potholes-in-road__941638_RS_290_290RS070691_01095,val/cracks-and-potholes-in-road__941646_RS_290_290RS070691_01135,5,0.03403577208518982
val/cracks-and-potholes-in-road__941638_RS_290_290RS070691_01095,val/cracks-and-potholes-in-road__941647_RS_290_290RS070691_01140,3,0.032932642847299576
val/cracks-and-potholes-in-road__941638_RS_290_290RS070691_01095,val/cracks-and-potholes-in-road__941801_RS_290_290RS070691_01911,5,0.04436579346656799
val/cracks-and-potholes-in-road__941639_RS_290_290RS070691_01100,val/cracks-and-potholes-in-road__941640_RS_290_290RS070691_01105,5,0.03312249109148979
val/cracks-and-potholes-in-road__941639_RS_290_290RS070691_01100,val/cracks-and-potholes-in-road__941641_RS_290_290RS070691_01111,2,0.03384217619895935
val/cracks-and-potholes-in-road__941639_RS_290_290RS070691_01100,val/cracks-and-potholes-in-road__941646_RS_290_290RS070691_01135,5,0.04169531166553497
val/cracks-and-potholes-in-road__941639_RS_290_290RS070691_01100,val/cracks-and-potholes-in-road__941647_RS_290_290RS070691_01140,3,0.041139256209135056
val/cracks-and-potholes-in-road__941640_RS_290_290RS070691_01105,val/cracks-and-potholes-in-road__941641_RS_290_290RS070691_01111,5,0.03314470127224922
val/cracks-and-potholes-in-road__941640_RS_290_290RS070691_01105,val/cracks-and-potholes-in-road__941647_RS_290_290RS070691_01140,6,0.04063697159290314
val/cracks-and-potholes-in-road__941641_RS_290_290RS070691_01111,val/cracks-and-potholes-in-road__941646_RS_290_290RS070691_01135,3,0.03231694921851158
val/cracks-and-potholes-in-road__941641_RS_290_290RS070691_01111,val/cracks-and-potholes-in-road__941647_RS_290_290RS070691_01140,1,0.03093046136200428
val/cracks-and-potholes-in-road__941646_RS_290_290RS070691_01135,val/cracks-and-potholes-in-road__941647_RS_290_290RS070691_01140,2,0.03144069388508797
val/cracks-and-potholes-in-road__941715_RS_290_290RS070691_01480,val/cracks-and-potholes-in-road__941716_RS_290_290RS070691_01485,6,0.043397411704063416
val/cracks-and-potholes-in-road__941801_RS_290_290RS070691_01911,val/cracks-and-potholes-in-road__941802_RS_290_290RS070691_01915,6,0.04941917955875397
val/cracks-and-potholes-in-road__941882_RS_290_290RS070691_02315,val/cracks-and-potholes-in-road__941883_RS_290_290RS070691_02320,5,0.03131265565752983
val/cracks-and-potholes-in-road__941882_RS_290_290RS070691_02315,val/cracks-and-potholes-in-road__941884_RS_290_290RS070691_02325,4,0.03558503836393356
val/cracks-and-potholes-in-road__941882_RS_290_290RS070691_02315,val/cracks-and-potholes-in-road__941948_RS_290_290RS070691_02645,4,0.049671828746795654
val/cracks-and-potholes-in-road__941882_RS_290_290RS070691_02315,val/cracks-and-potholes-in-road__942027_RS_290_290RS070691_03040,5,0.04756923392415047
val/cracks-and-potholes-in-road__941883_RS_290_290RS070691_02320,val/cracks-and-potholes-in-road__994110_RS_386_386RS191729_07315,6,0.04859204590320587
val/cracks-and-potholes-in-road__941906_RS_290_290RS070691_02436,val/cracks-and-potholes-in-road__941907_RS_290_290RS070691_02440,2,0.023207111284136772
val/cracks-and-potholes-in-road__941906_RS_290_290RS070691_02436,val/cracks-and-potholes-in-road__941908_RS_290_290RS070691_02446,5,0.04412752017378807
val/cracks-and-potholes-in-road__941907_RS_290_290RS070691_02440,val/cracks-and-potholes-in-road__941908_RS_290_290RS070691_02446,5,0.037849798798561096
val/cracks-and-potholes-in-road__941907_RS_290_290RS070691_02440,val/cracks-and-potholes-in-road__941911_RS_290_290RS070691_02460,6,0.048882316797971725
val/cracks-and-potholes-in-road__941907_RS_290_290RS070691_02440,val/cracks-and-potholes-in-road__941950_RS_290_290RS070691_02655,4,0.04566526412963867
val/cracks-and-potholes-in-road__941907_RS_290_290RS070691_02440,val/cracks-and-potholes-in-road__941971_RS_290_290RS070691_02760,4,0.049675002694129944
val/cracks-and-potholes-in-road__941907_RS_290_290RS070691_02440,val/cracks-and-potholes-in-road__941972_RS_290_290RS070691_02765,2,0.049596939235925674
val/cracks-and-potholes-in-road__941908_RS_290_290RS070691_02446,val/cracks-and-potholes-in-road__941909_RS_290_290RS070691_02451,4,0.0348731093108654
val/cracks-and-potholes-in-road__941908_RS_290_290RS070691_02446,val/cracks-and-potholes-in-road__941910_RS_290_290RS070691_02455,4,0.031300902366638184
val/cracks-and-potholes-in-road__941908_RS_290_290RS070691_02446,val/cracks-and-potholes-in-road__941911_RS_290_290RS070691_02460,5,0.04006659984588623
val/cracks-and-potholes-in-road__941908_RS_290_290RS070691_02446,val/cracks-and-potholes-in-road__941971_RS_290_290RS070691_02760,5,0.04893067851662636
val/cracks-and-potholes-in-road__941909_RS_290_290RS070691_02451,val/cracks-and-potholes-in-road__941910_RS_290_290RS070691_02455,0,0.027971796691417694
val/cracks-and-potholes-in-road__941909_RS_290_290RS070691_02451,val/cracks-and-potholes-in-road__941911_RS_290_290RS070691_02460,5,0.04111460596323013
val/cracks-and-potholes-in-road__941909_RS_290_290RS070691_02451,val/cracks-and-potholes-in-road__941912_RS_290_290RS070691_02465,6,0.045177560299634933
val/cracks-and-potholes-in-road__941910_RS_290_290RS070691_02455,val/cracks-and-potholes-in-road__941911_RS_290_290RS070691_02460,5,0.037942931056022644
val/cracks-and-potholes-in-road__941910_RS_290_290RS070691_02455,val/cracks-and-potholes-in-road__941912_RS_290_290RS070691_02465,6,0.047117508947849274
val/cracks-and-potholes-in-road__941911_RS_290_290RS070691_02460,val/cracks-and-potholes-in-road__941912_RS_290_290RS070691_02465,3,0.04177987203001976
val/cracks-and-potholes-in-road__941948_RS_290_290RS070691_02645,val/cracks-and-potholes-in-road__941950_RS_290_290RS070691_02655,1,0.029957661405205727
val/cracks-and-potholes-in-road__941950_RS_290_290RS070691_02655,val/cracks-and-potholes-in-road__941971_RS_290_290RS070691_02760,6,0.049822017550468445
val/cracks-and-potholes-in-road__941950_RS_290_290RS070691_02655,val/cracks-and-potholes-in-road__941972_RS_290_290RS070691_02765,4,0.04699159786105156
val/cracks-and-potholes-in-road__941971_RS_290_290RS070691_02760,val/cracks-and-potholes-in-road__941972_RS_290_290RS070691_02765,2,0.02602890320122242
val/cracks-and-potholes-in-road__941971_RS_290_290RS070691_02760,val/cracks-and-potholes-in-road__941978_RS_290_290RS070691_02795,2,0.036721792072057724
val/cracks-and-potholes-in-road__941971_RS_290_290RS070691_02760,val/cracks-and-potholes-in-road__941979_RS_290_290RS070691_02800,5,0.03320739418268204
val/cracks-and-potholes-in-road__941972_RS_290_290RS070691_02765,val/cracks-and-potholes-in-road__941978_RS_290_290RS070691_02795,4,0.0355510450899601
val/cracks-and-potholes-in-road__941978_RS_290_290RS070691_02795,val/cracks-and-potholes-in-road__941979_RS_290_290RS070691_02800,5,0.0343552827835083
val/cracks-and-potholes-in-road__942027_RS_290_290RS070691_03040,val/cracks-and-potholes-in-road__942028_RS_290_290RS070691_03045,3,0.037186916917562485
val/cracks-and-potholes-in-road__992850_RS_386_386RS191729_01015,val/cracks-and-potholes-in-road__992851_RS_386_386RS191729_01020,4,0.03263188526034355
val/cracks-and-potholes-in-road__994075_RS_386_386RS191729_07140,val/cracks-and-potholes-in-road__994076_RS_386_386RS191729_07145,3,0.01800636760890484
val/cracks-and-potholes-in-road__994075_RS_386_386RS191729_07140,val/cracks-and-potholes-in-road__994077_RS_386_386RS191729_07150,6,0.02034941129386425
val/cracks-and-potholes-in-road__994075_RS_386_386RS191729_07140,val/cracks-and-potholes-in-road__994078_RS_386_386RS191729_07156,5,0.0235223900526762
val/cracks-and-potholes-in-road__994075_RS_386_386RS191729_07140,val/cracks-and-potholes-in-road__994081_RS_386_386RS191729_07170,6,0.030419819056987762
val/cracks-and-potholes-in-road__994075_RS_386_386RS191729_07140,val/cracks-and-potholes-in-road__994084_RS_386_386RS191729_07185,6,0.03576206415891647
val/cracks-and-potholes-in-road__994076_RS_386_386RS191729_07145,val/cracks-and-potholes-in-road__994077_RS_386_386RS191729_07150,3,0.021951675415039062
val/cracks-and-potholes-in-road__994076_RS_386_386RS191729_07145,val/cracks-and-potholes-in-road__994078_RS_386_386RS191729_07156,4,0.019035378471016884
val/cracks-and-potholes-in-road__994076_RS_386_386RS191729_07145,val/cracks-and-potholes-in-road__994081_RS_386_386RS191729_07170,5,0.028952451422810555
val/cracks-and-potholes-in-road__994076_RS_386_386RS191729_07145,val/cracks-and-potholes-in-road__994084_RS_386_386RS191729_07185,5,0.03393103554844856
val/cracks-and-potholes-in-road__994076_RS_386_386RS191729_07145,val/cracks-and-potholes-in-road__994110_RS_386_386RS191729_07315,6,0.047458600252866745
val/cracks-and-potholes-in-road__994077_RS_386_386RS191729_07150,val/cracks-and-potholes-in-road__994078_RS_386_386RS191729_07156,5,0.024580474942922592
val/cracks-and-potholes-in-road__994077_RS_386_386RS191729_07150,val/cracks-and-potholes-in-road__994091_RS_386_386RS191729_07220,6,0.03219752758741379
val/cracks-and-potholes-in-road__994077_RS_386_386RS191729_07150,val/cracks-and-potholes-in-road__994110_RS_386_386RS191729_07315,5,0.04225685074925423
val/cracks-and-potholes-in-road__994077_RS_386_386RS191729_07150,val/cracks-and-potholes-in-road__994414_RS_386_386RS191729_08835,5,0.049132686108350754
val/cracks-and-potholes-in-road__994077_RS_386_386RS191729_07150,val/cracks-and-potholes-in-road__994464_RS_386_386RS191729_09085,6,0.04117957130074501
val/cracks-and-potholes-in-road__994078_RS_386_386RS191729_07156,val/cracks-and-potholes-in-road__994081_RS_386_386RS191729_07170,5,0.027545465156435966
val/cracks-and-potholes-in-road__994078_RS_386_386RS191729_07156,val/cracks-and-potholes-in-road__994084_RS_386_386RS191729_07185,5,0.031379252672195435
val/cracks-and-potholes-in-road__994079_RS_386_386RS191729_07160,val/cracks-and-potholes-in-road__994080_RS_386_386RS191729_07165,6,0.0336003415286541
val/cracks-and-potholes-in-road__994079_RS_386_386RS191729_07160,val/cracks-and-potholes-in-road__994081_RS_386_386RS191729_07170,6,0.024752171710133553
val/cracks-and-potholes-in-road__994079_RS_386_386RS191729_07160,val/cracks-and-potholes-in-road__994082_RS_386_386RS191729_07175,5,0.02882690727710724
val/cracks-and-potholes-in-road__994079_RS_386_386RS191729_07160,val/cracks-and-potholes-in-road__994083_RS_386_386RS191729_07180,4,0.037448905408382416
val/cracks-and-potholes-in-road__994079_RS_386_386RS191729_07160,val/cracks-and-potholes-in-road__994084_RS_386_386RS191729_07185,6,0.03130234032869339
val/cracks-and-potholes-in-road__994079_RS_386_386RS191729_07160,val/cracks-and-potholes-in-road__994095_RS_386_386RS191729_07240,6,0.03883257508277893
val/cracks-and-potholes-in-road__994080_RS_386_386RS191729_07165,val/cracks-and-potholes-in-road__994081_RS_386_386RS191729_07170,6,0.023698268458247185
val/cracks-and-potholes-in-road__994080_RS_386_386RS191729_07165,val/cracks-and-potholes-in-road__994082_RS_386_386RS191729_07175,3,0.025898177176713943
val/cracks-and-potholes-in-road__994080_RS_386_386RS191729_07165,val/cracks-and-potholes-in-road__994083_RS_386_386RS191729_07180,4,0.02374638244509697
val/cracks-and-potholes-in-road__994080_RS_386_386RS191729_07165,val/cracks-and-potholes-in-road__994084_RS_386_386RS191729_07185,6,0.035516176372766495
val/cracks-and-potholes-in-road__994080_RS_386_386RS191729_07165,val/cracks-and-potholes-in-road__994150_RS_386_386RS191729_07515,6,0.042610421776771545
val/cracks-and-potholes-in-road__994081_RS_386_386RS191729_07170,val/cracks-and-potholes-in-road__994082_RS_386_386RS191729_07175,5,0.017888378351926804
val/cracks-and-potholes-in-road__994081_RS_386_386RS191729_07170,val/cracks-and-potholes-in-road__994083_RS_386_386RS191729_07180,4,0.02364973910152912
val/cracks-and-potholes-in-road__994081_RS_386_386RS191729_07170,val/cracks-and-potholes-in-road__994084_RS_386_386RS191729_07185,0,0.021930454298853874
val/cracks-and-potholes-in-road__994081_RS_386_386RS191729_07170,val/cracks-and-potholes-in-road__994086_RS_386_386RS191729_07195,4,0.0288386270403862
val/cracks-and-potholes-in-road__994081_RS_386_386RS191729_07170,val/cracks-and-potholes-in-road__994087_RS_386_386RS191729_07200,6,0.03188842162489891
val/cracks-and-potholes-in-road__994082_RS_386_386RS191729_07175,val/cracks-and-potholes-in-road__994083_RS_386_386RS191729_07180,1,0.02368495799601078
val/cracks-and-potholes-in-road__994082_RS_386_386RS191729_07175,val/cracks-and-potholes-in-road__994084_RS_386_386RS191729_07185,5,0.02495400235056877
val/cracks-and-potholes-in-road__994083_RS_386_386RS191729_07180,val/cracks-and-potholes-in-road__994084_RS_386_386RS191729_07185,4,0.02687598206102848
val/cracks-and-potholes-in-road__994083_RS_386_386RS191729_07180,val/cracks-and-potholes-in-road__994092_RS_386_386RS191729_07225,6,0.03624469041824341
val/cracks-and-potholes-in-road__994083_RS_386_386RS191729_07180,val/cracks-and-potholes-in-road__994150_RS_386_386RS191729_07515,6,0.03982542082667351
val/cracks-and-potholes-in-road__994084_RS_386_386RS191729_07185,val/cracks-and-potholes-in-road__994086_RS_386_386RS191729_07195,4,0.02803802862763405
val/cracks-and-potholes-in-road__994084_RS_386_386RS191729_07185,val/cracks-and-potholes-in-road__994087_RS_386_386RS191729_07200,6,0.026315530762076378
val/cracks-and-potholes-in-road__994087_RS_386_386RS191729_07200,val/cracks-and-potholes-in-road__994095_RS_386_386RS191729_07240,6,0.042486708611249924
val/cracks-and-potholes-in-road__994089_RS_386_386RS191729_07210,val/cracks-and-potholes-in-road__994090_RS_386_386RS191729_07215,5,0.02365323156118393
val/cracks-and-potholes-in-road__994091_RS_386_386RS191729_07220,val/cracks-and-potholes-in-road__994094_RS_386_386RS191729_07236,5,0.03167981654405594
val/cracks-and-potholes-in-road__994091_RS_386_386RS191729_07220,val/cracks-and-potholes-in-road__994096_RS_386_386RS191729_07245,6,0.02274993434548378
val/cracks-and-potholes-in-road__994091_RS_386_386RS191729_07220,val/cracks-and-potholes-in-road__994110_RS_386_386RS191729_07315,5,0.037650685757398605
val/cracks-and-potholes-in-road__994099_RS_386_386RS191729_07260,val/cracks-and-potholes-in-road__994100_RS_386_386RS191729_07265,3,0.031060801818966866
val/cracks-and-potholes-in-road__994099_RS_386_386RS191729_07260,val/cracks-and-potholes-in-road__994101_RS_386_386RS191729_07270,5,0.03448203578591347
val/cracks-and-potholes-in-road__994100_RS_386_386RS191729_07265,val/cracks-and-potholes-in-road__994102_RS_386_386RS191729_07275,6,0.03444042056798935
val/cracks-and-potholes-in-road__994101_RS_386_386RS191729_07270,val/cracks-and-potholes-in-road__994102_RS_386_386RS191729_07275,6,0.024681691080331802
val/cracks-and-potholes-in-road__994102_RS_386_386RS191729_07275,val/cracks-and-potholes-in-road__994103_RS_386_386RS191729_07281,5,0.031164824962615967
val/cracks-and-potholes-in-road__994198_RS_386_386RS191729_07755,val/cracks-and-potholes-in-road__994201_RS_386_386RS191729_07770,5,0.02402648515999317
val/cracks-and-potholes-in-road__994198_RS_386_386RS191729_07755,val/cracks-and-potholes-in-road__994203_RS_386_386RS191729_07783,6,0.03199726715683937
val/cracks-and-potholes-in-road__994198_RS_386_386RS191729_07755,val/cracks-and-potholes-in-road__994204_RS_386_386RS191729_07787,6,0.028900014236569405
val/cracks-and-potholes-in-road__994201_RS_386_386RS191729_07770,val/cracks-and-potholes-in-road__994203_RS_386_386RS191729_07783,5,0.02748979814350605
val/cracks-and-potholes-in-road__994201_RS_386_386RS191729_07770,val/cracks-and-potholes-in-road__994204_RS_386_386RS191729_07787,5,0.024365076795220375
val/cracks-and-potholes-in-road__994203_RS_386_386RS191729_07783,val/cracks-and-potholes-in-road__994204_RS_386_386RS191729_07787,4,0.024908825755119324
val/cracks-and-potholes-in-road__994464_RS_386_386RS191729_09085,val/cracks-and-potholes-in-road__994465_RS_386_386RS191729_09091,6,0.032456524670124054
val/cracks-and-potholes-in-road__994465_RS_386_386RS191729_09091,val/cracks-and-potholes-in-road__994466_RS_386_386RS191729_09095,3,0.03186793252825737
val/cracks-and-potholes-in-road__994467_RS_386_386RS191729_09101,val/cracks-and-potholes-in-road__994468_RS_386_386RS191729_09105,3,0.019668258726596832
val/cracks-and-potholes-in-road__994467_RS_386_386RS191729_09101,val/cracks-and-potholes-in-road__994469_RS_386_386RS191729_09110,4,0.02955109253525734
val/cracks-and-potholes-in-road__994468_RS_386_386RS191729_09105,val/cracks-and-potholes-in-road__994469_RS_386_386RS191729_09110,5,0.031026208773255348
val/edmcrack600__214,test/edmcrack600__215,2,0.04798291251063347
val/edmcrack600__451,val/edmcrack600__556,3,0.048210542649030685
val/gaps384__valid_0009,val/gaps384__valid_0010,1,0.02780296839773655
val/pothole600__0027,val/pothole600__0049,0,0.008369299583137035
val/pothole600__0031,val/pothole600__0164,2,0.008766326121985912
val/pothole600__0042,val/pothole600__0150,2,0.00882012490183115
val/pothole600__0051,val/pothole600__0173,2,0.008172282949090004
val/pothole600__0053,val/pothole600__0066,5,0.008502817712724209
val/pothole600__0089,test/crack500__IMG_5763,6,0.03956056758761406
val/pothole600__0099,val/pothole600__0143,3,0.008552132174372673
val/pothole600__0115,test/crack500__IMG_5752,4,0.04018767550587654
val/pothole600__0115,test/crack500__IMG_5763,5,0.04760363698005676
test/crack500__IMG_5752,test/crack500__IMG_5758,2,0.032777685672044754
test/crack500__IMG_5752,test/crack500__IMG_5763,3,0.029258953407406807
test/crack500__IMG_5758,test/crack500__IMG_5763,1,0.043431662023067474
test/crack500__IMG_5758,test/crack500__IMG_6180,6,0.045665424317121506
test/crack500__IMG_5758,test/pothole600__0156,6,0.03781307861208916
test/cracks-and-potholes-in-road__994518_RS_386_386RS191729_09355,test/cracks-and-potholes-in-road__994519_RS_386_386RS191729_09361,5,0.029190344735980034
test/cracks-and-potholes-in-road__994582_RS_386_386RS191729_09675,test/cracks-and-potholes-in-road__994583_RS_386_386RS191729_09680,5,0.030084975063800812
test/cracks-and-potholes-in-road__994583_RS_386_386RS191729_09680,test/cracks-and-potholes-in-road__994584_RS_386_386RS191729_09685,5,0.019404197111725807
test/cracks-and-potholes-in-road__994593_RS_386_386RS191729_09730,test/cracks-and-potholes-in-road__994594_RS_386_386RS191729_09736,4,0.03222503885626793
test/cracks-and-potholes-in-road__994595_RS_386_386RS191729_09740,test/cracks-and-potholes-in-road__994596_RS_386_386RS191729_09745,3,0.030587954446673393
test/cracks-and-potholes-in-road__994597_RS_386_386RS191729_09750,test/cracks-and-potholes-in-road__994598_RS_386_386RS191729_09755,4,0.033804431557655334
test/cracks-and-potholes-in-road__994597_RS_386_386RS191729_09750,test/cracks-and-potholes-in-road__994599_RS_386_386RS191729_09760,6,0.040797602385282516
test/cracks-and-potholes-in-road__994597_RS_386_386RS191729_09750,test/cracks-and-potholes-in-road__994600_RS_386_386RS191729_09765,6,0.03866611048579216
test/cracks-and-potholes-in-road__994598_RS_386_386RS191729_09755,test/cracks-and-potholes-in-road__994599_RS_386_386RS191729_09760,6,0.021235311403870583
test/cracks-and-potholes-in-road__994598_RS_386_386RS191729_09755,test/cracks-and-potholes-in-road__994600_RS_386_386RS191729_09765,6,0.029904473572969437
test/cracks-and-potholes-in-road__994599_RS_386_386RS191729_09760,test/cracks-and-potholes-in-road__994600_RS_386_386RS191729_09765,6,0.03208258002996445
test/cracks-and-potholes-in-road__994602_RS_386_386RS191729_09775,test/cracks-and-potholes-in-road__994603_RS_386_386RS191729_09780,6,0.04306042194366455
test/gaps384__test_0004,test/gaps384__test_0005,4,0.02610725723206997
test/gaps384__test_0004,test/gaps384__test_0006,5,0.03612598776817322
test/gaps384__test_0005,test/gaps384__test_0006,5,0.0224789809435606
test/gaps384__test_0016,test/gaps384__test_0018,3,0.013371328823268414
test/gaps384__test_0016,test/gaps384__test_0025,4,0.03553098067641258
test/gaps384__test_0016,test/gaps384__test_0026,2,0.0379185788333416
test/gaps384__test_0016,test/gaps384__test_0030,3,0.04495612159371376
test/gaps384__test_0016,test/gaps384__test_0031,4,0.04662245884537697
test/gaps384__test_0016,test/gaps384__test_0032,3,0.047380220144987106
test/gaps384__test_0016,test/gaps384__test_0033,3,0.029153794050216675
test/gaps384__test_0016,test/gaps384__test_0034,2,0.02614835649728775
test/gaps384__test_0018,test/gaps384__test_0025,3,0.03277585282921791
test/gaps384__test_0018,test/gaps384__test_0026,3,0.03525133058428764
test/gaps384__test_0018,test/gaps384__test_0030,4,0.04241365194320679
test/gaps384__test_0018,test/gaps384__test_0031,5,0.044445108622312546
test/gaps384__test_0018,test/gaps384__test_0032,4,0.04514065012335777
test/gaps384__test_0018,test/gaps384__test_0033,4,0.027804050594568253
test/gaps384__test_0018,test/gaps384__test_0034,1,0.024366002529859543
test/gaps384__test_0018,test/gaps384__test_0039,1,0.048932988196611404
test/gaps384__test_0018,test/gaps384__test_0040,3,0.049723654985427856
test/gaps384__test_0025,test/gaps384__test_0026,2,0.01292006392031908
test/gaps384__test_0025,test/gaps384__test_0029,4,0.03690577670931816
test/gaps384__test_0025,test/gaps384__test_0030,5,0.02288617379963398
test/gaps384__test_0025,test/gaps384__test_0031,6,0.022721199318766594
test/gaps384__test_0025,test/gaps384__test_0032,5,0.021381907165050507
test/gaps384__test_0025,test/gaps384__test_0033,5,0.03930271789431572
test/gaps384__test_0025,test/gaps384__test_0034,2,0.04170774295926094
test/gaps384__test_0025,test/gaps384__test_0039,4,0.025203721597790718
test/gaps384__test_0025,test/gaps384__test_0040,4,0.026264118030667305
test/gaps384__test_0025,test/gaps384__test_0041,3,0.030154282227158546
test/gaps384__test_0025,test/gaps384__test_0042,3,0.034932490438222885
test/gaps384__test_0026,test/gaps384__test_0029,2,0.035253461450338364
test/gaps384__test_0026,test/gaps384__test_0030,3,0.02297230437397957
test/gaps384__test_0026,test/gaps384__test_0031,4,0.021438727155327797
test/gaps384__test_0026,test/gaps384__test_0032,3,0.019586769863963127
test/gaps384__test_0026,test/gaps384__test_0033,3,0.042673468589782715
test/gaps384__test_0026,test/gaps384__test_0034,2,0.04451027885079384
test/gaps384__test_0026,test/gaps384__test_0039,4,0.023404616862535477
test/gaps384__test_0026,test/gaps384__test_0040,2,0.024508578702807426
test/gaps384__test_0026,test/gaps384__test_0041,3,0.028140414506196976
test/gaps384__test_0026,test/gaps384__test_0042,3,0.031791962683200836
test/gaps384__test_0028,test/gaps384__test_0029,2,0.035808857530355453
test/gaps384__test_0028,test/gaps384__test_0030,1,0.0431370809674263
test/gaps384__test_0028,test/gaps384__test_0031,2,0.042505260556936264
test/gaps384__test_0028,test/gaps384__test_0032,1,0.043054837733507156
test/gaps384__test_0028,test/gaps384__test_0039,4,0.040591299533843994
test/gaps384__test_0028,test/gaps384__test_0040,2,0.039125971496105194
test/gaps384__test_0028,test/gaps384__test_0041,3,0.03777691721916199
test/gaps384__test_0028,test/gaps384__test_0042,3,0.03391000255942345
test/gaps384__test_0029,test/gaps384__test_0030,1,0.025172417983412743
test/gaps384__test_0029,test/gaps384__test_0031,2,0.024621378630399704
test/gaps384__test_0029,test/gaps384__test_0032,1,0.024586889892816544
test/gaps384__test_0029,test/gaps384__test_0039,4,0.027499902993440628
test/gaps384__test_0029,test/gaps384__test_0040,2,0.02391151152551174
test/gaps384__test_0029,test/gaps384__test_0041,3,0.021863585337996483
test/gaps384__test_0029,test/gaps384__test_0042,3,0.022263821214437485
test/gaps384__test_0030,test/gaps384__test_0031,1,0.014522448182106018
test/gaps384__test_0030,test/gaps384__test_0032,0,0.014802582561969757
test/gaps384__test_0030,test/gaps384__test_0033,0,0.04093192517757416
test/gaps384__test_0030,test/gaps384__test_0034,3,0.04364500939846039
test/gaps384__test_0030,test/gaps384__test_0039,5,0.020216133445501328
test/gaps384__test_0030,test/gaps384__test_0040,3,0.018084600567817688
test/gaps384__test_0030,test/gaps384__test_0041,4,0.02068103477358818
test/gaps384__test_0030,test/gaps384__test_0042,4,0.0259893536567688
test/gaps384__test_0031,test/gaps384__test_0032,1,0.010067684575915337
test/gaps384__test_0031,test/gaps384__test_0033,1,0.04430583864450455
test/gaps384__test_0031,test/gaps384__test_0034,4,0.04747173935174942
test/gaps384__test_0031,test/gaps384__test_0039,6,0.021052056923508644
test/gaps384__test_0031,test/gaps384__test_0040,2,0.017097238451242447
test/gaps384__test_0031,test/gaps384__test_0041,5,0.020855672657489777
test/gaps384__test_0031,test/gaps384__test_0042,5,0.024584447965025902
test/gaps384__test_0032,test/gaps384__test_0033,0,0.04589898884296417
test/gaps384__test_0032,test/gaps384__test_0034,3,0.04872214421629906
test/gaps384__test_0032,test/gaps384__test_0039,5,0.018228525295853615
test/gaps384__test_0032,test/gaps384__test_0040,3,0.015141129493713379
test/gaps384__test_0032,test/gaps384__test_0041,4,0.018966615200042725
test/gaps384__test_0032,test/gaps384__test_0042,4,0.02256932482123375
test/gaps384__test_0033,test/gaps384__test_0034,3,0.020607559010386467
test/gaps384__test_0033,test/gaps384__test_0039,5,0.04941477254033089
test/gaps384__test_0033,test/gaps384__test_0040,3,0.04859095811843872
test/gaps384__test_0033,test/gaps384__test_0058,4,0.04491467773914337
test/gaps384__test_0039,test/gaps384__test_0040,4,0.015692977234721184
test/gaps384__test_0039,test/gaps384__test_0041,1,0.016056260094046593
test/gaps384__test_0039,test/gaps384__test_0042,1,0.01977790892124176
test/gaps384__test_0040,test/gaps384__test_0041,3,0.01425367034971714
test/gaps384__test_0040,test/gaps384__test_0042,3,0.017122693359851837
test/gaps384__test_0041,test/gaps384__test_0042,2,0.014694645069539547
test/gaps384__test_0192,test/gaps384__test_0193,5,0.021069878712296486
test/gaps384__test_0251,test/gaps384__test_0252,1,0.011936427094042301
test/gaps384__test_0251,test/gaps384__test_0278,1,0.04322924464941025
test/gaps384__test_0252,test/gaps384__test_0278,0,0.04524068161845207
test/pothole600__0021,test/pothole600__0129,0,0.0
test/pothole600__0035,test/pothole600__0043,0,0.0
test/pothole600__0052,test/pothole600__0092,0,0.0
test/pothole600__0057,test/pothole600__0175,0,0.0
test/pothole600__0065,test/pothole600__0120,0,0.0
test/pothole600__0107,test/pothole600__0116,0,0.0
